id,fuente,comuna,region,precio,divisa,superficie_m2,fecha_publicacion,fecha_scraping,tipo_propiedad,tipo_operacion,contact_type
TT-2024-11-002741,toctoc,Ñuñoa,Metropolitana,17.3,UF,42.6,2024-10-18 00:00:00.000000,2024-11-15 00:00:00.000000,DEPARTAMENTO,ARRIENDO,agency
TT-2024-11-005101,toctoc,Lo Barnechea,Metropolitana,825000.0,CLP,44.3,2024-09-29 00:00:00.000000,2024-11-29 00:00:00.000000,departamento,arriendo,agency
TT-2024-11-002612,toctoc,Ñuñoa,Metropolitana,25.0,UF,63.1,2024-11-03 00:00:00.000000,2024-11-15 00:00:00.000000,departamento,Arriendo,agency
TT-2024-11-000851,toctoc,Estación Central,Metropolitana,450000.0,CLP,36.6,2024-09-21 00:00:00.000000,2024-11-01 00:00:00.000000,Departamento,ARRIENDO,agency
TT-2024-11-002885,toctoc,Providencia,Metropolitana,23.78,UF,41.8,2024-10-03 00:00:00.000000,2024-11-15 00:00:00.000000,DEPARTAMENTO,arriendo,owner_direct
TT-2024-11-003180,toctoc,Santiago,Metropolitana,505000.0,CLP,23.6,2024-10-21 00:00:00.000000,2024-11-15 00:00:00.000000,Departamento,ARRIENDO,agency
TT-2024-11-004108,toctoc,La Florida,Metropolitana,885000.0,CLP,102.1,2024-10-25 00:00:00.000000,2024-11-22 00:00:00.000000,DEPARTAMENTO,Arriendo,agency
TT-2024-11-004539,toctoc,Las Condes,Metropolitana,22.84,UF,34.4,2024-10-26 00:00:00.000000,2024-11-29 00:00:00.000000,DEPARTAMENTO,Arriendo,owner_direct
TT-2024-11-001398,toctoc,Puente Alto,Metropolitana,10.41,UF,39.6,2024-10-26 00:00:00.000000,2024-11-08 00:00:00.000000,DEPARTAMENTO,Arriendo,owner_direct
TT-2024-11-001361,toctoc,Lo Barnechea,Metropolitana,24.05,UF,55.4,2024-08-27 00:00:00.000000,2024-11-08 00:00:00.000000,DEPARTAMENTO,ARRIENDO,agency
TT-2024-11-003635,toctoc,La Florida,Metropolitana,15.81,UF,38.3,2024-07-08 00:00:00.000000,2024-11-22 00:00:00.000000,Departamento,arriendo,owner_direct
TT-2024-11-002076,toctoc,Puente Alto,Metropolitana,10.68,UF,39.7,2024-08-25 00:00:00.000000,2024-11-08 00:00:00.000000,departamento,arriendo,agency
TT-2024-11-004191,toctoc,Ñuñoa,Metropolitana,20.41,UF,44.6,2024-10-30 00:00:00.000000,2024-11-22 00:00:00.000000,DEPARTAMENTO,Arriendo,agency
TT-2024-11-001620,toctoc,Estación Central,Metropolitana,15.68,UF,58.0,2024-09-30 00:00:00.000000,2024-11-08 00:00:00.000000,DEPARTAMENTO,Arriendo,agency
TT-2024-11-001032,toctoc,Peñalolén,Metropolitana,720000.0,CLP,61.8,2024-10-13 00:00:00.000000,2024-11-01 00:00:00.000000,departamento,Arriendo,agency
TT-2024-11-000918,toctoc,La Reina,Metropolitana,1195000.0,CLP,117.2,2024-10-16 00:00:00.000000,2024-11-01 00:00:00.000000,Departamento,arriendo,agency
TT-2024-11-001716,toctoc,Lo Barnechea,Metropolitana,18.78,UF,32.3,2024-10-18 00:00:00.000000,2024-11-08 00:00:00.000000,departamento,ARRIENDO,agency
TT-2024-11-004915,toctoc,Recoleta,Metropolitana,440000.0,CLP,37.7,2024-11-20 00:00:00.000000,2024-11-29 00:00:00.000000,departamento,arriendo,owner_direct
TT-2024-11-004873,toctoc,Puente Alto,Metropolitana,535000.0,CLP,62.8,2024-11-05 00:00:00.000000,2024-11-29 00:00:00.000000,Departamento,Arriendo,agency
TT-2024-11-002606,toctoc,Maipú,Metropolitana,10.41,UF,35.8,2024-10-28 00:00:00.000000,2024-11-15 00:00:00.000000,departamento,Arriendo,agency
TT-2024-11-002444,toctoc,Providencia,Metropolitana,980000.0,CLP,59.2,2024-11-08 00:00:00.000000,2024-11-15 00:00:00.000000,DEPARTAMENTO,arriendo,agency
TT-2024-11-005452,toctoc,Macul,Metropolitana,470000.0,CLP,25.5,2024-10-09 00:00:00.000000,2024-11-29 00:00:00.000000,departamento,arriendo,agency
TT-2024-11-003997,toctoc,Independencia,Metropolitana,485000.0,CLP,42.7,2024-10-02 00:00:00.000000,2024-11-22 00:00:00.000000,Departamento,ARRIENDO,agency
TT-2024-11-000304,toctoc,Quinta Normal,Metropolitana,17.84,UF,65.0,2024-10-20 00:00:00.000000,2024-11-01 00:00:00.000000,departamento,ARRIENDO,agency
TT-2024-11-000567,toctoc,Providencia,Metropolitana,990000.0,CLP,50.0,2024-09-06 00:00:00.000000,2024-11-01 00:00:00.000000,DEPARTAMENTO,arriendo,owner_direct
TT-2024-11-003096,toctoc,Macul,Metropolitana,620000.0,CLP,43.2,2024-07-01 00:00:00.000000,2024-11-15 00:00:00.000000,DEPARTAMENTO,Arriendo,agency
TT-2024-11-001426,toctoc,Peñalolén,Metropolitana,11.76,UF,36.0,2024-10-22 00:00:00.000000,2024-11-08 00:00:00.000000,departamento,arriendo,agency
TT-2024-11-001334,toctoc,Renca,Metropolitana,385000.0,CLP,33.6,2024-10-07 00:00:00.000000,2024-11-08 00:00:00.000000,Departamento,arriendo,owner_direct
TT-2024-11-004677,toctoc,Estación Central,Metropolitana,13.51,UF,40.4,2024-07-20 00:00:00.000000,2024-11-29 00:00:00.000000,departamento,ARRIENDO,agency
TT-2024-11-005027,toctoc,Quilicura,Metropolitana,11.49,UF,39.7,2024-11-08 00:00:00.000000,2024-11-29 00:00:00.000000,DEPARTAMENTO,ARRIENDO,owner_direct
TT-2024-11-005392,toctoc,Estación Central,Metropolitana,16.49,UF,68.0,2024-11-02 00:00:00.000000,2024-11-29 00:00:00.000000,Departamento,ARRIENDO,agency
TT-2024-11-001739,toctoc,La Florida,Metropolitana,25.95,UF,123.7,2024-09-16 00:00:00.000000,2024-11-08 00:00:00.000000,DEPARTAMENTO,Arriendo,owner_direct
TT-2024-11-001080,toctoc,Vitacura,Metropolitana,1730000.0,CLP,101.9,2024-10-26 00:00:00.000000,2024-11-01 00:00:00.000000,Departamento,ARRIENDO,agency
TT-2024-11-004294,toctoc,Estación Central,Metropolitana,13.38,UF,45.4,2024-11-01 00:00:00.000000,2024-11-29 00:00:00.000000,departamento,Arriendo,agency
TT-2024-11-004706,toctoc, Maipú,Metropolitana,13.78,UF,38.2,2024-11-19 00:00:00.000000,2024-11-29 00:00:00.000000,departamento,arriendo,owner_direct
TT-2024-11-003020,toctoc,Las Condes,Metropolitana,810000.0,CLP,31.8,2024-10-04 00:00:00.000000,2024-11-15 00:00:00.000000,Departamento,ARRIENDO,owner_direct
TT-2024-11-003975,toctoc,La Reina,Metropolitana,44.73,UF,138.3,2024-10-20 00:00:00.000000,2024-11-22 00:00:00.000000,DEPARTAMENTO,Arriendo,owner_direct
TT-2024-11-002269,toctoc,Providencia,Metropolitana,356.08,UF,1200.0,2024-11-10 00:00:00.000000,2024-11-15 00:00:00.000000,departamento,arriendo,agency
TT-2024-11-003951,toctoc,PUDAHUEL,Metropolitana,410000.0,CLP,37.3,2024-10-06 00:00:00.000000,2024-11-22 00:00:00.000000,DEPARTAMENTO,arriendo,agency
TT-2024-11-000542,toctoc,Maipú,Metropolitana,15.41,UF,70.2,2024-10-13 00:00:00.000000,2024-11-01 00:00:00.000000,DEPARTAMENTO,ARRIENDO,agency
TT-2024-11-001724,toctoc,Cerrillos,Metropolitana,450000.0,CLP,37.2,2024-09-14 00:00:00.000000,2024-11-08 00:00:00.000000,DEPARTAMENTO,arriendo,agency
TT-2024-11-001557,toctoc,Quinta Normal,Metropolitana,15.81,UF,53.6,2024-09-30 00:00:00.000000,2024-11-08 00:00:00.000000,Departamento,Arriendo,owner_direct
TT-2024-11-001949,toctoc,Huechuraba,Metropolitana,14.59,UF,48.3,2024-10-29 00:00:00.000000,2024-11-08 00:00:00.000000,DEPARTAMENTO,arriendo,agency
TT-2024-11-002158,toctoc,La Florida,Metropolitana,21.89,UF,93.9,2024-09-28 00:00:00.000000,2024-11-08 00:00:00.000000,departamento,arriendo,agency
TT-2024-11-003547,toctoc,Las Condes,Metropolitana,35.81,UF,50.7,2024-10-25 00:00:00.000000,2024-11-22 00:00:00.000000,DEPARTAMENTO,arriendo,agency
TT-2024-11-004100,toctoc,Estación Central,Metropolitana,14.19,UF,58.4,2024-10-18 00:00:00.000000,2024-11-22 00:00:00.000000,departamento,ARRIENDO,agency
TT-2024-11-003859,toctoc,maipú,Metropolitana,14.86,UF,47.3,2024-11-13 00:00:00.000000,2024-11-22 00:00:00.000000,Departamento,ARRIENDO,agency
TT-2024-11-005374,toctoc,MAIPÚ,Metropolitana,11.35,UF,41.7,2024-11-14 00:00:00.000000,2024-11-29 00:00:00.000000,departamento,ARRIENDO,
TT-2024-11-004479,toctoc,Las Condes,Metropolitana,26.35,UF,49.2,2024-11-05 00:00:00.000000,2024-11-29 00:00:00.000000,departamento,arriendo,owner_direct
TT-2024-11-002798,toctoc,Las Condes,Metropolitana,23.92,UF,29.9,2024-10-16 00:00:00.000000,2024-11-15 00:00:00.000000,departamento,Arriendo,owner_direct
TT-2024-11-004250,toctoc,Ñuñoa,Metropolitana,23.65,UF,52.8,2024-10-31 00:00:00.000000,2024-11-22 00:00:00.000000,Departamento,ARRIENDO,owner_direct
TT-2024-11-005292,toctoc,Maipú,Metropolitana,15.68,UF,61.2,2024-11-16 00:00:00.000000,2024-11-29 00:00:00.000000,departamento,Arriendo,owner_direct
TT-2024-11-000394,toctoc,Independencia,Metropolitana,12.16,UF,28.5,2024-10-21 00:00:00.000000,2024-11-01 00:00:00.000000,departamento,arriendo,owner_direct
TT-2024-11-002534,toctoc,Estación Central,Metropolitana,500000.0,CLP,36.8,2024-11-10 00:00:00.000000,2024-11-15 00:00:00.000000,Departamento,Arriendo,agency
TT-2024-11-005330,toctoc,Las Condes,Metropolitana,25.68,UF,47.5,2024-10-30 00:00:00.000000,2024-11-29 00:00:00.000000,DEPARTAMENTO,Arriendo,owner_direct
TT-2024-11-001699,toctoc,Huechuraba,Metropolitana,15.54,UF,41.5,2024-09-17 00:00:00.000000,2024-11-08 00:00:00.000000,departamento,Arriendo,agency
TT-2024-11-002624,toctoc,La Cisterna,Metropolitana,675000.0,CLP,66.5,2024-10-26 00:00:00.000000,2024-11-15 00:00:00.000000,DEPARTAMENTO,arriendo,owner_direct
TT-2024-11-004592,toctoc,Recoleta,Metropolitana,17.3,UF,60.5,2024-11-18 00:00:00.000000,2024-11-29 00:00:00.000000,Departamento,ARRIENDO,agency
TT-2024-11-000646,toctoc,Santiago,Metropolitana,565000.0,CLP,39.0,2024-09-24 00:00:00.000000,2024-11-01 00:00:00.000000,Departamento,ARRIENDO,owner_direct
TT-2024-11-003135,toctoc,San Miguel,Metropolitana,13.51,UF,21.5,2024-10-20 00:00:00.000000,2024-11-15 00:00:00.000000,Departamento,Arriendo,owner_direct
TT-2024-11-005128,toctoc,Pudahuel,Metropolitana,365000.0,CLP,25.2,2024-11-24 00:00:00.000000,2024-11-29 00:00:00.000000,departamento,ARRIENDO,owner_direct
TT-2024-11-001514,toctoc,Estación Central,Metropolitana,435000.0,CLP,43.0,2024-10-24 00:00:00.000000,2024-11-08 00:00:00.000000,departamento,Arriendo,agency
TT-2024-11-005488,toctoc,Estación Central,Metropolitana,12.84,UF,48.3,2024-10-12 00:00:00.000000,2024-11-29 00:00:00.000000,departamento,arriendo,agency
TT-2024-11-005075,toctoc,Macul,Metropolitana,13.65,UF,40.7,2024-10-21 00:00:00.000000,2024-11-29 00:00:00.000000,departamento,arriendo,agency
TT-2024-11-002441,toctoc,Cerrillos,Metropolitana,500000.0,CLP,60.9,2024-10-07 00:00:00.000000,2024-11-15 00:00:00.000000,Departamento,arriendo,owner_direct
TT-2024-11-003328,toctoc,La Florida,Metropolitana,14.32,UF,45.5,2024-10-13 00:00:00.000000,2024-11-15 00:00:00.000000,DEPARTAMENTO,Arriendo,agency
TT-2024-11-002552,toctoc,Conchalí,Metropolitana,445000.0,CLP,43.1,2024-07-28 00:00:00.000000,2024-11-15 00:00:00.000000,departamento,ARRIENDO,owner_direct
TT-2024-11-002829,toctoc,Quinta Normal,Metropolitana,420000.0,CLP,39.7,2024-09-30 00:00:00.000000,2024-11-15 00:00:00.000000,departamento,Arriendo,agency
TT-2024-11-004006,toctoc,Peñalolén,Metropolitana,510000.0,CLP,33.6,2024-11-15 00:00:00.000000,2024-11-22 00:00:00.000000,DEPARTAMENTO,arriendo,agency
TT-2024-11-004623,toctoc,La Florida,Metropolitana,16.22,UF,55.7,2024-11-19 00:00:00.000000,2024-11-29 00:00:00.000000,DEPARTAMENTO,arriendo,agency
TT-2024-11-003054,toctoc,Santiago,Metropolitana,14.86,UF,43.7,2024-09-30 00:00:00.000000,2024-11-15 00:00:00.000000,DEPARTAMENTO,Arriendo,agency
TT-2024-11-002101,toctoc,Santiago,Metropolitana,19.73,UF,60.5,2024-10-16 00:00:00.000000,2024-11-08 00:00:00.000000,departamento,arriendo,agency
TT-2024-11-004854,toctoc,Macul,Metropolitana,12.84,UF,31.4,2024-11-08 00:00:00.000000,2024-11-29 00:00:00.000000,Departamento,ARRIENDO,owner_direct
TT-2024-11-001982,toctoc,Pudahuel,Metropolitana,14.05,UF,63.4,2024-10-08 00:00:00.000000,2024-11-08 00:00:00.000000,departamento,arriendo,agency
TT-2024-11-001642,toctoc,Estación Central,Metropolitana,420000.0,CLP,32.9,2024-10-29 00:00:00.000000,2024-11-08 00:00:00.000000,departamento,Arriendo,owner_direct
TT-2024-11-003463,toctoc,Macul,Metropolitana,535000.0,CLP,36.2,2024-09-19 00:00:00.000000,2024-11-22 00:00:00.000000,departamento,arriendo,owner_direct
TT-2024-11-002194,toctoc,Ñuñoa,Metropolitana,935000.0,CLP,72.1,2024-10-08 00:00:00.000000,2024-11-15 00:00:00.000000,DEPARTAMENTO,Arriendo,agency
TT-2024-11-001497,toctoc,Maipú,Metropolitana,10.68,UF,33.5,2024-11-05 00:00:00.000000,2024-11-08 00:00:00.000000,departamento,arriendo,agency
TT-2024-11-004201,toctoc,LA FLORIDA,Metropolitana,13.92,UF,41.0,2024-10-17 00:00:00.000000,2024-11-22 00:00:00.000000,DEPARTAMENTO,ARRIENDO,agency
TT-2024-11-004239,toctoc,Macul,Metropolitana,21.08,UF,75.1,2024-11-09 00:00:00.000000,2024-11-22 00:00:00.000000,Departamento,arriendo,owner_direct
TT-2024-11-004575,toctoc,Ñuñoa,Metropolitana,18.51,UF,65.3,2024-10-30 00:00:00.000000,2024-11-29 00:00:00.000000,Departamento,ARRIENDO,agency
TT-2024-11-001976,toctoc,Quinta Normal,Metropolitana,24.59,UF,112.4,2024-10-28 00:00:00.000000,2024-11-08 00:00:00.000000,departamento,Arriendo,agency
TT-2024-11-002610,toctoc,Las Condes,Metropolitana,845000.0,CLP,32.6,2024-09-16 00:00:00.000000,2024-11-15 00:00:00.000000,departamento,Arriendo,agency
TT-2024-11-001912,toctoc,Santiago,Metropolitana,32.43,UF,121.3,2024-10-18 00:00:00.000000,2024-11-08 00:00:00.000000,Departamento,ARRIENDO,agency
TT-2024-11-005102,toctoc,Santiago,Metropolitana,17.43,UF,53.4,2024-11-01 00:00:00.000000,2024-11-29 00:00:00.000000,Departamento,ARRIENDO,owner_direct
TT-2024-11-000188,toctoc,Las Condes,Metropolitana,94.73,UF,31.9,2024-10-18 00:00:00.000000,2024-11-01 00:00:00.000000,departamento,Arriendo,agency
TT-2024-11-002666,toctoc,Recoleta,Metropolitana,174.05,UF,58.6,2024-11-10 00:00:00.000000,2024-11-15 00:00:00.000000,departamento,ARRIENDO,owner_direct
TT-2024-11-004629,toctoc,Providencia,Metropolitana,24.73,UF,50.9,2024-11-03 00:00:00.000000,2024-11-29 00:00:00.000000,DEPARTAMENTO,ARRIENDO,agency
TT-2024-11-004899,toctoc,Santiago,Metropolitana,29.19,UF,113.3,2024-11-19 00:00:00.000000,2024-11-29 00:00:00.000000,DEPARTAMENTO,Arriendo,owner_direct
TT-2024-11-001686,toctoc,La Florida,Metropolitana,410000.0,CLP,38.3,2024-10-26 00:00:00.000000,2024-11-08 00:00:00.000000,departamento,Arriendo,owner_direct
TT-2024-11-001897,toctoc,Independencia,Metropolitana,8.38,UF,25.9,2024-10-20 00:00:00.000000,2024-11-08 00:00:00.000000,Departamento,arriendo,agency
TT-2024-11-002538,toctoc,Vitacura,Metropolitana,1525000.0,CLP,66.5,2024-11-06 00:00:00.000000,2024-11-15 00:00:00.000000,DEPARTAMENTO,arriendo,agency
TT-2024-11-000580,toctoc,Quinta Normal,Metropolitana,15.0,UF,50.4,2024-10-20 00:00:00.000000,2024-11-01 00:00:00.000000,departamento,Arriendo,agency
TT-2024-11-003791,toctoc,Independencia,Metropolitana,570000.0,CLP,60.8,2024-10-30 00:00:00.000000,2024-11-22 00:00:00.000000,DEPARTAMENTO,arriendo,owner_direct
TT-2024-11-003127,toctoc,Pudahuel,Metropolitana,555000.0,CLP,63.5,2024-10-29 00:00:00.000000,2024-11-15 00:00:00.000000,DEPARTAMENTO,Arriendo,agency
TT-2024-11-001606,toctoc,Las Condes,Metropolitana,41.08,UF,94.8,2024-05-10 00:00:00.000000,2024-11-08 00:00:00.000000,Departamento,arriendo,agency
TT-2024-11-001865,toctoc,Santiago,Metropolitana,570000.0,CLP,37.0,2024-10-27 00:00:00.000000,2024-11-08 00:00:00.000000,Departamento,ARRIENDO,agency
TT-2024-11-005072,toctoc,Huechuraba,Metropolitana,710000.0,CLP,50.1,2024-11-24 00:00:00.000000,2024-11-29 00:00:00.000000,DEPARTAMENTO,arriendo,agency
TT-2024-11-002569,toctoc,Independencia,Metropolitana,16.62,UF,49.4,2024-10-23 00:00:00.000000,2024-11-15 00:00:00.000000,Departamento,arriendo,agency
TT-2024-11-001646,toctoc,Las Condes,Metropolitana,22.57,UF,34.8,2024-10-31 00:00:00.000000,2024-11-08 00:00:00.000000,Departamento,Arriendo,owner_direct
TT-2024-11-001163,toctoc,independencia,Metropolitana,450000.0,CLP,26.9,2024-09-22 00:00:00.000000,2024-11-01 00:00:00.000000,Departamento,arriendo,owner_direct
TT-2024-11-003207,toctoc,Peñalolén,Metropolitana,580000.0,CLP,52.6,2024-11-01 00:00:00.000000,2024-11-15 00:00:00.000000,Departamento,ARRIENDO,owner_direct
TT-2024-11-003141,toctoc,Santiago,Metropolitana,695000.0,CLP,68.1,2024-11-04 00:00:00.000000,2024-11-15 00:00:00.000000,DEPARTAMENTO,ARRIENDO,agency
TT-2024-11-005208,toctoc,La Florida,Metropolitana,16.35,UF,52.7,2024-10-16 00:00:00.000000,2024-11-29 00:00:00.000000,Departamento,arriendo,agency
TT-2024-11-002371,toctoc,Recoleta,Metropolitana,540000.0,CLP,43.9,2024-11-13 00:00:00.000000,2024-11-15 00:00:00.000000,Departamento,Arriendo,agency
TT-2024-11-005408,toctoc,Santiago,Metropolitana,535000.0,CLP,34.7,2024-11-18 00:00:00.000000,2024-11-29 00:00:00.000000,Departamento,arriendo,agency
TT-2024-11-004427,toctoc,Maipú,Metropolitana,13.65,UF,53.3,2024-10-17 00:00:00.000000,2024-11-29 00:00:00.000000,DEPARTAMENTO,Arriendo,owner_direct
TT-2024-11-005134,toctoc,Ñuñoa,Metropolitana,645000.0,CLP,45.3,2024-11-19 00:00:00.000000,2024-11-29 00:00:00.000000,Departamento,arriendo,owner_direct
TT-2024-11-003598,toctoc,Huechuraba,Metropolitana,900000.0,CLP,93.3,2024-11-13 00:00:00.000000,2024-11-22 00:00:00.000000,DEPARTAMENTO,Arriendo,agency
TT-2024-11-003587,toctoc,Pudahuel,Metropolitana,13.11,UF,53.3,2024-11-14 00:00:00.000000,2024-11-22 00:00:00.000000,Departamento,Arriendo,agency
TT-2024-11-001595,toctoc,Estación Central,Metropolitana,18.11,UF,61.4,2024-10-28 00:00:00.000000,2024-11-08 00:00:00.000000,departamento,arriendo,agency
TT-2024-11-003933,toctoc,Providencia,Metropolitana,995000.0,CLP,63.1,2024-06-02 00:00:00.000000,2024-11-22 00:00:00.000000,Departamento,ARRIENDO,owner_direct
TT-2024-11-004067,toctoc,Independencia,Metropolitana,15.0,UF,48.5,2024-10-22 00:00:00.000000,2024-11-22 00:00:00.000000,DEPARTAMENTO,ARRIENDO,agency
TT-2024-11-000172,toctoc,Pudahuel,Metropolitana,515000.0,CLP,48.6,2024-10-16 00:00:00.000000,2024-11-01 00:00:00.000000,Departamento,ARRIENDO,owner_direct
TT-2024-11-000435,toctoc,Maipú,Metropolitana,22.43,UF,95.3,2024-10-06 00:00:00.000000,2024-11-01 00:00:00.000000,Departamento,arriendo,
TT-2024-11-000575,toctoc,Recoleta,Metropolitana,12.03,UF,30.7,2024-09-20 00:00:00.000000,2024-11-01 00:00:00.000000,departamento,arriendo,agency
TT-2024-11-002784,toctoc,Independencia,Metropolitana,20.41,UF,81.7,2024-10-31 00:00:00.000000,2024-11-15 00:00:00.000000,Departamento,ARRIENDO,agency
TT-2024-11-002243,toctoc,Maipú,Metropolitana,9.05,UF,34.4,2024-10-10 00:00:00.000000,2024-11-15 00:00:00.000000,Departamento,Arriendo,agency
TT-2024-11-001285,toctoc,Macul,Metropolitana,600000.0,CLP,52.8,2024-06-28 00:00:00.000000,2024-11-08 00:00:00.000000,departamento,arriendo,agency
TT-2024-11-002480,toctoc,Lo Barnechea,Metropolitana,269.59,UF,59.6,2024-10-11 00:00:00.000000,2024-11-15 00:00:00.000000,DEPARTAMENTO,Arriendo,agency
TT-2024-11-001936,toctoc,La Reina,Metropolitana,8380000.0,CLP,44.3,2024-10-02 00:00:00.000000,2024-11-08 00:00:00.000000,DEPARTAMENTO,Arriendo,agency
TT-2024-11-002222,toctoc,Santiago,Metropolitana,925000.0,CLP,83.0,2024-11-06 00:00:00.000000,2024-11-15 00:00:00.000000,DEPARTAMENTO,ARRIENDO,agency
TT-2024-11-003655,toctoc,La Reina,Metropolitana,990000.0,CLP,50.6,2024-09-27 00:00:00.000000,2024-11-22 00:00:00.000000,Departamento,ARRIENDO,agency
TT-2024-11-003509,toctoc,Providencia,Metropolitana,22.84,UF,37.0,2024-10-25 00:00:00.000000,2024-11-22 00:00:00.000000,departamento,ARRIENDO,agency
TT-2024-11-004882,toctoc,Providencia,Metropolitana,28.38,UF,47.1,2024-06-18 00:00:00.000000,2024-11-29 00:00:00.000000,departamento,Arriendo,agency
TT-2024-11-004796,toctoc,Lo Barnechea,Metropolitana,605000.0,CLP,25.3,2024-11-06 00:00:00.000000,2024-11-29 00:00:00.000000,DEPARTAMENTO,arriendo,agency
TT-2024-11-000634,toctoc,Independencia,Metropolitana,10.41,UF,29.5,2024-10-10 00:00:00.000000,2024-11-01 00:00:00.000000,departamento,Arriendo,agency
TT-2024-11-001087,toctoc,La Florida,Metropolitana,645000.0,CLP,62.2,2024-10-21 00:00:00.000000,2024-11-01 00:00:00.000000,Departamento,ARRIENDO,agency
TT-2024-11-001523,toctoc,Santiago,Metropolitana,870000.0,CLP,72.2,2024-09-29 00:00:00.000000,2024-11-08 00:00:00.000000,departamento,arriendo,agency
TT-2024-11-003170,toctoc,Conchalí,Metropolitana,565000.0,CLP,57.0,2024-11-02 00:00:00.000000,2024-11-15 00:00:00.000000,departamento,arriendo,owner_direct
TT-2024-11-004300,toctoc,Huechuraba,Metropolitana,1170000.0,CLP,114.8,2024-10-17 00:00:00.000000,2024-11-29 00:00:00.000000,departamento,arriendo,owner_direct
TT-2024-11-004768,toctoc,Santiago,Metropolitana,650000.0,CLP,48.3,2024-10-23 00:00:00.000000,2024-11-29 00:00:00.000000,Departamento,Arriendo,owner_direct
TT-2024-11-002580,toctoc,Ñuñoa,Metropolitana,840000.0,CLP,49.9,2024-10-13 00:00:00.000000,2024-11-15 00:00:00.000000,Departamento,Arriendo,agency
TT-2024-11-003555,toctoc,Huechuraba,Metropolitana,540000.0,CLP,40.6,2024-11-03 00:00:00.000000,2024-11-22 00:00:00.000000,Departamento,arriendo,owner_direct
TT-2024-11-004818,toctoc,San Joaquín,Metropolitana,660000.0,CLP,78.0,2024-10-08 00:00:00.000000,2024-11-29 00:00:00.000000,Departamento,arriendo,agency
TT-2024-11-003392,toctoc,Quinta Normal,Metropolitana,13.38,UF,36.1,2024-10-19 00:00:00.000000,2024-11-22 00:00:00.000000,Departamento,ARRIENDO,agency
TT-2024-11-000166,toctoc,La Florida,Metropolitana,19.59,UF,60.5,2024-10-19 00:00:00.000000,2024-11-01 00:00:00.000000,Departamento,ARRIENDO,agency
TT-2024-11-001515,toctoc,La Cisterna,Metropolitana,12.97,UF,37.9,2024-10-26 00:00:00.000000,2024-11-08 00:00:00.000000,Departamento,arriendo,agency
TT-2024-11-003476,toctoc,Maipú,Metropolitana,830000.0,CLP,79.3,2024-05-05 00:00:00.000000,2024-11-22 00:00:00.000000,DEPARTAMENTO,Arriendo,agency
TT-2024-11-002504,toctoc,Santiago,Metropolitana,17.57,UF,42.3,2024-10-12 00:00:00.000000,2024-11-15 00:00:00.000000,departamento,ARRIENDO,
TT-2024-11-001603,toctoc,Estación Central,Metropolitana,575000.0,CLP,53.3,2024-10-13 00:00:00.000000,2024-11-08 00:00:00.000000,DEPARTAMENTO,arriendo,agency
TT-2024-11-002615,toctoc,Recoleta,Metropolitana,14.59,UF,52.8,2024-11-12 00:00:00.000000,2024-11-15 00:00:00.000000,departamento,ARRIENDO,owner_direct
TT-2024-11-000670,toctoc,Independencia,Metropolitana,450000.0,CLP,36.3,2024-09-29 00:00:00.000000,2024-11-01 00:00:00.000000,Departamento,arriendo,owner_direct
TT-2024-11-000207,toctoc,Providencia,Metropolitana,22.03,UF,33.3,2024-07-01 00:00:00.000000,2024-11-01 00:00:00.000000,departamento,ARRIENDO,agency
TT-2024-11-004534,toctoc,Ñuñoa,Metropolitana,1090000.0,CLP,81.8,2024-10-21 00:00:00.000000,2024-11-29 00:00:00.000000,departamento,ARRIENDO,agency
TT-2024-11-002695,toctoc,San Miguel ,Metropolitana,14.19,UF,31.0,2024-10-12 00:00:00.000000,2024-11-15 00:00:00.000000,departamento,Arriendo,agency
TT-2024-11-000437,toctoc,Ñuñoa,Metropolitana,51.08,UF,41.2,2024-08-31 00:00:00.000000,2024-11-01 00:00:00.000000,DEPARTAMENTO,ARRIENDO,agency
TT-2024-11-004155,toctoc,Recoleta,Metropolitana,475000.0,CLP,34.3,2024-10-15 00:00:00.000000,2024-11-22 00:00:00.000000,departamento,arriendo,agency
TT-2024-11-000597,toctoc,Recoleta,Metropolitana,455000.0,CLP,44.0,2024-10-08 00:00:00.000000,2024-11-01 00:00:00.000000,DEPARTAMENTO,arriendo,agency
TT-2024-11-005244,toctoc,La Reina,Metropolitana,1010000.0,CLP,65.4,2024-10-01 00:00:00.000000,2024-11-29 00:00:00.000000,DEPARTAMENTO,ARRIENDO,agency
TT-2024-11-000588,toctoc,Vitacura,Metropolitana,30.0,UF,49.6,2024-10-20 00:00:00.000000,2024-11-01 00:00:00.000000,departamento,ARRIENDO,owner_direct
TT-2024-11-002213,toctoc,Renca,Metropolitana,14.19,UF,64.5,2024-06-03 00:00:00.000000,2024-11-15 00:00:00.000000,departamento,Arriendo,owner_direct
TT-2024-11-002169,toctoc,Santiago,Metropolitana,11.76,UF,30.1,2024-08-04 00:00:00.000000,2024-11-08 00:00:00.000000,DEPARTAMENTO,arriendo,agency
TT-2024-11-000703,toctoc,Peñalolén,Metropolitana,17.7,UF,56.7,2024-09-28 00:00:00.000000,2024-11-01 00:00:00.000000,Departamento,arriendo,agency
TT-2024-11-003760,toctoc,Estación Central,Metropolitana,14.46,UF,48.3,2024-10-24 00:00:00.000000,2024-11-22 00:00:00.000000,DEPARTAMENTO,ARRIENDO,agency
TT-2024-11-001345,toctoc,Las Condes,Metropolitana,895000.0,CLP,37.4,2024-10-28 00:00:00.000000,2024-11-08 00:00:00.000000,Departamento,Arriendo,owner_direct
TT-2024-11-000502,toctoc,Santiago,Metropolitana,800000.0,CLP,79.9,2024-04-06 00:00:00.000000,2024-11-01 00:00:00.000000,DEPARTAMENTO,arriendo,agency
TT-2024-11-003669,toctoc,Peñalolén,Metropolitana,595000.0,CLP,39.1,2024-10-24 00:00:00.000000,2024-11-22 00:00:00.000000,departamento,arriendo,agency
TT-2024-11-001543,toctoc,Lo Barnechea,Metropolitana,1030000.0,CLP,62.1,2024-11-01 00:00:00.000000,2024-11-08 00:00:00.000000,Departamento,Arriendo,agency
TT-2024-11-000464,toctoc,Peñalolén,Metropolitana,12.43,UF,35.6,2024-10-10 00:00:00.000000,2024-11-01 00:00:00.000000,departamento,Arriendo,owner_direct
TT-2024-11-004181,toctoc,Ñuñoa,Metropolitana,16.35,UF,28.3,2024-11-17 00:00:00.000000,2024-11-22 00:00:00.000000,Departamento,ARRIENDO,
TT-2024-11-000990,toctoc,Ñuñoa,Metropolitana,20.14,UF,46.5,2024-10-21 00:00:00.000000,2024-11-01 00:00:00.000000,Departamento,arriendo,agency
TT-2024-11-000759,toctoc,Lo Barnechea,Metropolitana,18.38,UF,34.1,2024-09-12 00:00:00.000000,2024-11-01 00:00:00.000000,DEPARTAMENTO,Arriendo,owner_direct
TT-2024-11-001602,toctoc,Santiago,Metropolitana,15.0,UF,48.5,2024-09-23 00:00:00.000000,2024-11-08 00:00:00.000000,DEPARTAMENTO,arriendo,agency
TT-2024-11-003067,toctoc,Pudahuel,Metropolitana,12.43,UF,51.6,2024-10-15 00:00:00.000000,2024-11-15 00:00:00.000000,Departamento,Arriendo,agency
TT-2024-11-003246,toctoc,Ñuñoa,Metropolitana,1440000.0,CLP,123.9,2024-09-14 00:00:00.000000,2024-11-15 00:00:00.000000,departamento,arriendo,agency
TT-2024-11-003958,toctoc,Peñalolén,Metropolitana,520000.0,CLP,48.8,2024-11-12 00:00:00.000000,2024-11-22 00:00:00.000000,Departamento,ARRIENDO,agency
TT-2024-11-000888,toctoc,Ñuñoa,Metropolitana,55.14,UF,30.9,2024-10-30 00:00:00.000000,2024-11-01 00:00:00.000000,DEPARTAMENTO,ARRIENDO,agency
TT-2024-11-002750,toctoc,Cerrillos,Metropolitana,19.05,UF,66.1,2024-10-13 00:00:00.000000,2024-11-15 00:00:00.000000,departamento,ARRIENDO,agency
TT-2024-11-003695,toctoc,Maipú,Metropolitana,520000.0,CLP,44.4,2024-09-01 00:00:00.000000,2024-11-22 00:00:00.000000,DEPARTAMENTO,Arriendo,agency
TT-2024-11-002897,toctoc,Peñalolén,Metropolitana,545000.0,CLP,38.3,2024-10-06 00:00:00.000000,2024-11-15 00:00:00.000000,departamento,arriendo,agency
TT-2024-11-004663,toctoc,Peñalolén,Metropolitana,545000.0,CLP,54.6,2024-11-25 00:00:00.000000,2024-11-29 00:00:00.000000,departamento,Arriendo,agency
TT-2024-11-003882,toctoc, Santiago,Metropolitana,995000.0,CLP,74.2,2024-10-17 00:00:00.000000,2024-11-22 00:00:00.000000,departamento,ARRIENDO,agency
TT-2024-11-002713,toctoc,Maipú,Metropolitana,13.51,UF,58.1,2024-11-11 00:00:00.000000,2024-11-15 00:00:00.000000,Departamento,ARRIENDO,agency
TT-2024-11-005272,toctoc,Huechuraba,Metropolitana,19.32,UF,53.5,2024-10-10 00:00:00.000000,2024-11-29 00:00:00.000000,departamento,Arriendo,agency
TT-2024-11-002970,toctoc,Santiago,Metropolitana,585000.0,CLP,61.2,2024-11-06 00:00:00.000000,2024-11-15 00:00:00.000000,departamento,Arriendo,
TT-2024-11-004936,toctoc,Santiago,Metropolitana,17.57,UF,79.7,2024-10-23 00:00:00.000000,2024-11-29 00:00:00.000000,DEPARTAMENTO,Arriendo,agency
TT-2024-11-003592,toctoc,Santiago,Metropolitana,34.73,UF,145.9,2024-10-10 00:00:00.000000,2024-11-22 00:00:00.000000,DEPARTAMENTO,arriendo,owner_direct
TT-2024-11-003824,toctoc,San Miguel,Metropolitana,27.16,UF,117.8,2024-10-29 00:00:00.000000,2024-11-22 00:00:00.000000,departamento,arriendo,agency
TT-2024-11-004011,toctoc,Vitacura,Metropolitana,30.95,UF,56.9,2024-08-19 00:00:00.000000,2024-11-22 00:00:00.000000,departamento,arriendo,owner_direct
TT-2024-11-002254,toctoc,La Florida,Metropolitana,16.89,UF,60.2,2024-10-10 00:00:00.000000,2024-11-15 00:00:00.000000,DEPARTAMENTO,arriendo,agency
TT-2024-11-002638,toctoc,Lo Barnechea,Metropolitana,1280000.0,CLP,67.1,2024-10-12 00:00:00.000000,2024-11-15 00:00:00.000000,DEPARTAMENTO,ARRIENDO,agency
TT-2024-11-002214,toctoc,La Florida,Metropolitana,520000.0,CLP,42.5,2024-11-03 00:00:00.000000,2024-11-15 00:00:00.000000,departamento,ARRIENDO,owner_direct
TT-2024-11-000773,toctoc,Independencia,Metropolitana,12.84,UF,36.0,2024-10-02 00:00:00.000000,2024-11-01 00:00:00.000000,DEPARTAMENTO,Arriendo,agency
TT-2024-11-000491,toctoc,Peñalolén,Metropolitana,17.03,UF,48.5,2024-10-08 00:00:00.000000,2024-11-01 00:00:00.000000,DEPARTAMENTO,Arriendo,
TT-2024-11-000196,toctoc,Santiago,Metropolitana,1080000.0,CLP,93.7,2024-10-16 00:00:00.000000,2024-11-01 00:00:00.000000,departamento,Arriendo,owner_direct
TT-2024-11-005260,toctoc,Providencia,Metropolitana,855000.0,CLP,40.1,2024-11-17 00:00:00.000000,2024-11-29 00:00:00.000000,departamento,arriendo,owner_direct
TT-2024-11-003683,toctoc,San Joaquín,Metropolitana,475000.0,CLP,42.4,2024-11-03 00:00:00.000000,2024-11-22 00:00:00.000000,DEPARTAMENTO,Arriendo,owner_direct
TT-2024-11-000656,toctoc,Maipú,Metropolitana,13.11,UF,39.1,2024-10-14 00:00:00.000000,2024-11-01 00:00:00.000000,DEPARTAMENTO,ARRIENDO,owner_direct
TT-2024-11-001006,toctoc,Lo Barnechea,Metropolitana,995000.0,CLP,52.0,2024-09-19 00:00:00.000000,2024-11-01 00:00:00.000000,Departamento,arriendo,agency
TT-2024-11-005275,toctoc,Lo Barnechea,Metropolitana,19.05,UF,27.7,2024-11-02 00:00:00.000000,2024-11-29 00:00:00.000000,departamento,ARRIENDO,agency
TT-2024-11-005388,toctoc,Estación Central,Metropolitana,420000.0,CLP,41.8,2024-10-27 00:00:00.000000,2024-11-29 00:00:00.000000,DEPARTAMENTO,ARRIENDO,owner_direct
TT-2024-11-001688,toctoc,La Florida,Metropolitana,16.49,UF,43.8,2024-07-23 00:00:00.000000,2024-11-08 00:00:00.000000,DEPARTAMENTO,arriendo,agency
TT-2024-11-002868,toctoc,Santiago,Metropolitana,24.19,UF,64.2,2024-09-29 00:00:00.000000,2024-11-15 00:00:00.000000,departamento,Arriendo,agency
TT-2024-11-001436,toctoc,Quilicura,Metropolitana,13.24,UF,39.8,2024-09-09 00:00:00.000000,2024-11-08 00:00:00.000000,departamento,ARRIENDO,owner_direct
TT-2024-11-003139,toctoc,Macul,Metropolitana,775000.0,CLP,52.2,2024-10-11 00:00:00.000000,2024-11-15 00:00:00.000000,DEPARTAMENTO,ARRIENDO,agency
TT-2024-11-002810,toctoc,Independencia,Metropolitana,685000.0,CLP,65.0,2024-11-06 00:00:00.000000,2024-11-15 00:00:00.000000,departamento,arriendo,owner_direct
TT-2024-11-005224,toctoc,Puente Alto,Metropolitana,12.97,UF,58.3,2024-11-12 00:00:00.000000,2024-11-29 00:00:00.000000,Departamento,ARRIENDO,owner_direct
TT-2024-11-003047,toctoc,Las Condes,Metropolitana,24.73,UF,44.1,2024-11-02 00:00:00.000000,2024-11-15 00:00:00.000000,departamento,ARRIENDO,agency
TT-2024-11-003857,toctoc,Maipú,Metropolitana,15.95,UF,46.7,2024-11-14 00:00:00.000000,2024-11-22 00:00:00.000000,departamento,Arriendo,agency
TT-2024-11-001843,toctoc,Providencia,Metropolitana,22.03,UF,37.0,2024-10-30 00:00:00.000000,2024-11-08 00:00:00.000000,DEPARTAMENTO,ARRIENDO,owner_direct
TT-2024-11-005309,toctoc,Lo Barnechea,Metropolitana,25.68,UF,42.9,2024-11-23 00:00:00.000000,2024-11-29 00:00:00.000000,Departamento,Arriendo,agency
TT-2024-11-003946,toctoc,Las Condes,Metropolitana,1185000.0,CLP,59.9,2024-10-11 00:00:00.000000,2024-11-22 00:00:00.000000,DEPARTAMENTO,ARRIENDO,agency
TT-2024-11-005259,toctoc,La Cisterna,Metropolitana,14.32,UF,50.7,2024-11-02 00:00:00.000000,2024-11-29 00:00:00.000000,departamento,arriendo,agency
TT-2024-11-001930,toctoc,Estación Central,Metropolitana,1205000.0,CLP,38.1,2024-09-30 00:00:00.000000,2024-11-08 00:00:00.000000,departamento,arriendo,owner_direct
TT-2024-11-002685,toctoc,Quinta Normal,Metropolitana,18.92,UF,87.4,2024-10-30 00:00:00.000000,2024-11-15 00:00:00.000000,Departamento,Arriendo,agency
TT-2024-11-004643,toctoc,Santiago,Metropolitana,525000.0,CLP,35.3,2024-10-27 00:00:00.000000,2024-11-29 00:00:00.000000,Departamento,arriendo,agency
TT-2024-11-000666,toctoc,Santiago,Metropolitana,13.38,UF,35.0,2024-10-18 00:00:00.000000,2024-11-01 00:00:00.000000,departamento,Arriendo,owner_direct
TT-2024-11-004174,toctoc,Quinta Normal,Metropolitana,15.95,UF,54.4,2024-09-24 00:00:00.000000,2024-11-22 00:00:00.000000,Departamento,arriendo,agency
TT-2024-11-000316,toctoc,Huechuraba,Metropolitana,20.68,UF,61.8,2024-10-11 00:00:00.000000,2024-11-01 00:00:00.000000,departamento,ARRIENDO,agency
TT-2024-11-004320,toctoc,Peñalolén,Metropolitana,840000.0,CLP,71.2,2024-11-14 00:00:00.000000,2024-11-29 00:00:00.000000,departamento,ARRIENDO,agency
TT-2024-11-004075,toctoc,Santiago,Metropolitana,500000.0,CLP,36.6,2024-09-14 00:00:00.000000,2024-11-22 00:00:00.000000,Departamento,ARRIENDO,agency
TT-2024-11-001154,toctoc,Recoleta,Metropolitana,595000.0,CLP,56.1,2024-09-03 00:00:00.000000,2024-11-01 00:00:00.000000,departamento,Arriendo,agency
TT-2024-11-005186,toctoc,Santiago,Metropolitana,710000.0,CLP,69.4,2024-11-17 00:00:00.000000,2024-11-29 00:00:00.000000,departamento,Arriendo,owner_direct
TT-2024-11-001098,toctoc,Santiago,Metropolitana,570000.0,CLP,39.8,2024-09-11 00:00:00.000000,2024-11-01 00:00:00.000000,DEPARTAMENTO,Arriendo,agency
TT-2024-11-005348,toctoc,LAS CONDES,Metropolitana,840000.0,CLP,38.4,2024-11-16 00:00:00.000000,2024-11-29 00:00:00.000000,departamento,Arriendo,owner_direct
TT-2024-11-003941,toctoc,Recoleta,Metropolitana,14.59,UF,45.2,2024-09-19 00:00:00.000000,2024-11-22 00:00:00.000000,departamento,arriendo,agency
TT-2024-11-003619,toctoc,Estación Central,Metropolitana,520000.0,CLP,66.1,2024-10-25 00:00:00.000000,2024-11-22 00:00:00.000000,DEPARTAMENTO,Arriendo,owner_direct
TT-2024-11-002992,toctoc,San Miguel,Metropolitana,14.19,UF,42.5,2024-11-08 00:00:00.000000,2024-11-15 00:00:00.000000,DEPARTAMENTO,ARRIENDO,agency
TT-2024-11-002803,toctoc,Puente Alto,Metropolitana,13.11,UF,48.2,2024-06-15 00:00:00.000000,2024-11-15 00:00:00.000000,departamento,Arriendo,agency
TT-2024-11-000065,toctoc,Macul,Metropolitana,605000.0,CLP,44.3,2024-09-17 00:00:00.000000,2024-11-01 00:00:00.000000,DEPARTAMENTO,ARRIENDO,owner_direct
TT-2024-11-003564,toctoc,San Miguel,Metropolitana,1295000.0,CLP,135.0,2024-10-23 00:00:00.000000,2024-11-22 00:00:00.000000,departamento,ARRIENDO,owner_direct
TT-2024-11-002634,toctoc,Las Condes,Metropolitana,1180000.0,CLP,53.2,2024-11-07 00:00:00.000000,2024-11-15 00:00:00.000000,Departamento,ARRIENDO,owner_direct
TT-2024-11-003804,toctoc,SAN JOAQUÍN,Metropolitana,15.27,UF,47.1,2024-10-23 00:00:00.000000,2024-11-22 00:00:00.000000,departamento,Arriendo,agency
TT-2024-11-001464,toctoc,Quinta Normal,Metropolitana,12.97,UF,59.9,2024-07-07 00:00:00.000000,2024-11-08 00:00:00.000000,departamento,Arriendo,
TT-2024-11-000424,toctoc,macul,Metropolitana,15.14,UF,44.3,2024-10-12 00:00:00.000000,2024-11-01 00:00:00.000000,departamento,arriendo,agency
TT-2024-11-003192,toctoc,Las Condes,Metropolitana,935000.0,CLP,34.5,2024-09-24 00:00:00.000000,2024-11-15 00:00:00.000000,Departamento,Arriendo,owner_direct
TT-2024-11-002280,toctoc,Santiago,Metropolitana,16.22,UF,41.2,2024-11-09 00:00:00.000000,2024-11-15 00:00:00.000000,DEPARTAMENTO,arriendo,owner_direct
TT-2024-11-000036,toctoc,San Joaquín,Metropolitana,14.19,UF,38.6,2024-10-20 00:00:00.000000,2024-11-01 00:00:00.000000,Departamento,arriendo,agency
TT-2024-11-000792,toctoc,Recoleta,Metropolitana,17.57,UF,51.3,2024-09-23 00:00:00.000000,2024-11-01 00:00:00.000000,Departamento,Arriendo,agency
TT-2024-11-002112,toctoc, Ñuñoa,Metropolitana,17.7,UF,39.6,2024-10-14 00:00:00.000000,2024-11-08 00:00:00.000000,departamento,ARRIENDO,agency
TT-2024-11-003321,toctoc,Las Condes,Metropolitana,27.97,UF,42.9,2024-09-25 00:00:00.000000,2024-11-15 00:00:00.000000,departamento,ARRIENDO,agency
TT-2024-11-001362,toctoc,Las Condes,Metropolitana,22.84,UF,40.7,2024-10-14 00:00:00.000000,2024-11-08 00:00:00.000000,Departamento,Arriendo,agency
TT-2024-11-004445,toctoc,Providencia,Metropolitana,31.49,UF,62.5,2024-11-23 00:00:00.000000,2024-11-29 00:00:00.000000,departamento,arriendo,owner_direct
TT-2024-11-001252,toctoc,Quilicura,Metropolitana,18.65,UF,96.2,2024-11-02 00:00:00.000000,2024-11-08 00:00:00.000000,departamento,ARRIENDO,agency
TT-2024-11-001074,toctoc,Ñuñoa,Metropolitana,29.19,UF,84.2,2024-10-28 00:00:00.000000,2024-11-01 00:00:00.000000,departamento,arriendo,owner_direct
TT-2024-11-004087,toctoc,La Reina,Metropolitana,965000.0,CLP,66.1,2024-11-20 00:00:00.000000,2024-11-22 00:00:00.000000,DEPARTAMENTO,ARRIENDO,owner_direct
TT-2024-11-004538,toctoc,Independencia,Metropolitana,15.81,UF,54.1,2024-11-13 00:00:00.000000,2024-11-29 00:00:00.000000,Departamento,ARRIENDO,agency
TT-2024-11-000256,toctoc,Las Condes,Metropolitana,27.97,UF,44.8,2024-04-19 00:00:00.000000,2024-11-01 00:00:00.000000,DEPARTAMENTO,ARRIENDO,owner_direct
TT-2024-11-005100,toctoc,Estación Central,Metropolitana,13.11,UF,35.8,2024-11-13 00:00:00.000000,2024-11-29 00:00:00.000000,departamento,ARRIENDO,owner_direct
TT-2024-11-003173,toctoc,Huechuraba,Metropolitana,18.78,UF,45.7,2024-10-14 00:00:00.000000,2024-11-15 00:00:00.000000,DEPARTAMENTO,ARRIENDO,owner_direct
TT-2024-11-003039,toctoc,Santiago,Metropolitana,17.3,UF,42.9,2024-10-22 00:00:00.000000,2024-11-15 00:00:00.000000,departamento,ARRIENDO,owner_direct
TT-2024-11-002104,toctoc,Santiago,Metropolitana,400000.0,CLP,26.9,2024-09-28 00:00:00.000000,2024-11-08 00:00:00.000000,DEPARTAMENTO,Arriendo,agency
TT-2024-11-005281,toctoc,Estación Central,Metropolitana,950000.0,CLP,91.2,2024-11-23 00:00:00.000000,2024-11-29 00:00:00.000000,DEPARTAMENTO,arriendo,agency
TT-2024-11-004355,toctoc,Providencia,Metropolitana,1070000.0,CLP,57.6,2024-10-14 00:00:00.000000,2024-11-29 00:00:00.000000,departamento,Arriendo,owner_direct
TT-2024-11-002440,toctoc,La Florida,Metropolitana,22.7,UF,97.7,2024-10-14 00:00:00.000000,2024-11-15 00:00:00.000000,Departamento,ARRIENDO,owner_direct
TT-2024-11-001458,toctoc,San Miguel,Metropolitana,15.68,UF,39.8,2024-10-02 00:00:00.000000,2024-11-08 00:00:00.000000,departamento,ARRIENDO,agency
TT-2024-11-004041,toctoc,Santiago,Metropolitana,17.97,UF,59.6,2024-11-02 00:00:00.000000,2024-11-22 00:00:00.000000,Departamento,Arriendo,agency
TT-2024-11-004656,toctoc,San Miguel,Metropolitana,17.3,UF,43.3,2024-11-14 00:00:00.000000,2024-11-29 00:00:00.000000,DEPARTAMENTO,ARRIENDO,agency
TT-2024-11-000428,toctoc,Quilicura,Metropolitana,425000.0,CLP,50.3,2024-10-27 00:00:00.000000,2024-11-01 00:00:00.000000,departamento,arriendo,agency
TT-2024-11-000900,toctoc,Cerrillos,Metropolitana,19.05,UF,68.7,2024-09-14 00:00:00.000000,2024-11-01 00:00:00.000000,DEPARTAMENTO,arriendo,owner_direct
TT-2024-11-003153,toctoc,Las Condes,Metropolitana,880000.0,CLP,32.8,2024-10-29 00:00:00.000000,2024-11-15 00:00:00.000000,Departamento,ARRIENDO,agency
TT-2024-11-004131,toctoc,Estación Central,Metropolitana,10.41,UF,29.8,2024-11-08 00:00:00.000000,2024-11-22 00:00:00.000000,departamento,arriendo,agency
TT-2024-11-001306,toctoc,Estación Central,Metropolitana,9.86,UF,31.4,2024-10-04 00:00:00.000000,2024-11-08 00:00:00.000000,Departamento,ARRIENDO,owner_direct
TT-2024-11-005212,toctoc,Macul,Metropolitana,570000.0,CLP,45.8,2024-11-17 00:00:00.000000,2024-11-29 00:00:00.000000,departamento,arriendo,agency
TT-2024-11-002388,toctoc,San Joaquín,Metropolitana,11.49,UF,36.4,2024-10-18 00:00:00.000000,2024-11-15 00:00:00.000000,Departamento,ARRIENDO,agency
TT-2024-11-001318,toctoc,Maipú,Metropolitana,325000.0,CLP,12.0,2024-10-14 00:00:00.000000,2024-11-08 00:00:00.000000,DEPARTAMENTO,ARRIENDO,owner_direct
TT-2024-11-005421,toctoc,Providencia,Metropolitana,25.68,UF,41.4,2024-10-31 00:00:00.000000,2024-11-29 00:00:00.000000,departamento,arriendo,owner_direct
TT-2024-11-004435,toctoc,Providencia,Metropolitana,23.51,UF,47.0,2024-11-06 00:00:00.000000,2024-11-29 00:00:00.000000,Departamento,ARRIENDO,agency
TT-2024-11-004269,toctoc,Macul,Metropolitana,605000.0,CLP,38.7,2024-11-04 00:00:00.000000,2024-11-22 00:00:00.000000,DEPARTAMENTO,Arriendo,agency
TT-2024-11-004536,toctoc,Santiago,Metropolitana,19.59,UF,56.3,2024-09-14 00:00:00.000000,2024-11-29 00:00:00.000000,DEPARTAMENTO,arriendo,agency
TT-2024-11-003334,toctoc,Santiago,Metropolitana,22.43,UF,75.9,2024-09-24 00:00:00.000000,2024-11-15 00:00:00.000000,DEPARTAMENTO,Arriendo,owner_direct
TT-2024-11-003221,toctoc,Estación Central,Metropolitana,15.81,UF,65.1,2024-10-02 00:00:00.000000,2024-11-15 00:00:00.000000,departamento,Arriendo,agency
TT-2024-11-003443,toctoc,Huechuraba,Metropolitana,13.51,UF,27.1,2024-09-12 00:00:00.000000,2024-11-22 00:00:00.000000,Departamento,arriendo,agency
TT-2024-11-005187,toctoc,San Miguel,Metropolitana,15.54,UF,38.8,2024-11-10 00:00:00.000000,2024-11-29 00:00:00.000000,DEPARTAMENTO,Arriendo,owner_direct
TT-2024-11-002933,toctoc,Santiago,Metropolitana,410000.0,CLP,24.3,2024-11-05 00:00:00.000000,2024-11-15 00:00:00.000000,DEPARTAMENTO,ARRIENDO,agency
TT-2024-11-005238,toctoc,Recoleta,Metropolitana,15.27,UF,48.9,2024-10-30 00:00:00.000000,2024-11-29 00:00:00.000000,departamento,ARRIENDO,agency
TT-2024-11-003535,toctoc,Conchalí,Metropolitana,400000.0,CLP,29.7,2024-11-08 00:00:00.000000,2024-11-22 00:00:00.000000,DEPARTAMENTO,arriendo,agency
TT-2024-11-003897,toctoc,Providencia,Metropolitana,1350000.0,CLP,79.9,2024-07-11 00:00:00.000000,2024-11-22 00:00:00.000000,departamento,Arriendo,agency
TT-2024-11-004628,toctoc,Santiago,Metropolitana,29.86,UF,96.7,2024-11-07 00:00:00.000000,2024-11-29 00:00:00.000000,departamento,Arriendo,agency
TT-2024-11-005235,toctoc,Providencia,Metropolitana,23.11,UF,41.1,2024-11-27 00:00:00.000000,2024-11-29 00:00:00.000000,DEPARTAMENTO,ARRIENDO,owner_direct
TT-2024-11-002162,toctoc,Santiago,Metropolitana,615000.0,CLP,45.3,2024-10-22 00:00:00.000000,2024-11-08 00:00:00.000000,Departamento,Arriendo,agency
TT-2024-11-002433,toctoc,Peñalolén,Metropolitana,14.59,UF,36.8,2024-11-08 00:00:00.000000,2024-11-15 00:00:00.000000,departamento,ARRIENDO,agency
TT-2024-11-001249,toctoc,Independencia,Metropolitana,18.65,UF,64.4,2024-09-29 00:00:00.000000,2024-11-08 00:00:00.000000,Departamento,Arriendo,agency
TT-2024-11-000991,toctoc,La Cisterna,Metropolitana,10.81,UF,36.7,2024-10-28 00:00:00.000000,2024-11-01 00:00:00.000000,DEPARTAMENTO,Arriendo,agency
TT-2024-11-001598,toctoc,Macul,Metropolitana,600000.0,CLP,42.7,2024-10-21 00:00:00.000000,2024-11-08 00:00:00.000000,Departamento,arriendo,agency
TT-2024-11-000915,toctoc,Macul,Metropolitana,22.43,UF,54.7,2024-10-09 00:00:00.000000,2024-11-01 00:00:00.000000,Departamento,ARRIENDO,owner_direct
TT-2024-11-001416,toctoc,San Miguel,Metropolitana,27.43,UF,129.8,2024-10-15 00:00:00.000000,2024-11-08 00:00:00.000000,DEPARTAMENTO,Arriendo,agency
TT-2024-11-000118,toctoc,Ñuñoa,Metropolitana,860000.0,CLP,62.7,2024-10-26 00:00:00.000000,2024-11-01 00:00:00.000000,DEPARTAMENTO,ARRIENDO,agency
TT-2024-11-003521,toctoc,Huechuraba,Metropolitana,18.78,UF,49.5,2024-11-17 00:00:00.000000,2024-11-22 00:00:00.000000,DEPARTAMENTO,ARRIENDO,owner_direct
TT-2024-11-003783,toctoc,Macul,Metropolitana,740000.0,CLP,57.2,2024-11-13 00:00:00.000000,2024-11-22 00:00:00.000000,Departamento,arriendo,agency
TT-2024-11-002478,toctoc,Huechuraba,Metropolitana,865000.0,CLP,70.0,2024-07-22 00:00:00.000000,2024-11-15 00:00:00.000000,departamento,arriendo,agency
TT-2024-11-001761,toctoc,Santiago,Metropolitana,14.73,UF,29.4,2024-11-01 00:00:00.000000,2024-11-08 00:00:00.000000,departamento,arriendo,owner_direct
TT-2024-11-001883,toctoc,Estación Central,Metropolitana,600000.0,CLP,67.0,2024-10-10 00:00:00.000000,2024-11-08 00:00:00.000000,DEPARTAMENTO,arriendo,owner_direct
TT-2024-11-004123,toctoc,Santiago,Metropolitana,1170000.0,CLP,115.9,2024-11-13 00:00:00.000000,2024-11-22 00:00:00.000000,Departamento,ARRIENDO,owner_direct
TT-2024-11-001025,toctoc,Santiago,Metropolitana,585000.0,CLP,50.6,2024-10-28 00:00:00.000000,2024-11-01 00:00:00.000000,Departamento,Arriendo,owner_direct
TT-2024-11-002230,toctoc,Macul,Metropolitana,11.49,UF,25.8,2024-10-26 00:00:00.000000,2024-11-15 00:00:00.000000,DEPARTAMENTO,ARRIENDO,agency
TT-2024-11-002616,toctoc,La Reina,Metropolitana,750000.0,CLP,62.7,2024-09-29 00:00:00.000000,2024-11-15 00:00:00.000000,departamento,Arriendo,agency
TT-2024-11-005278,toctoc,Huechuraba,Metropolitana,805000.0,CLP,59.2,2024-11-24 00:00:00.000000,2024-11-29 00:00:00.000000,DEPARTAMENTO,arriendo,agency
TT-2024-11-000268,toctoc,Estación Central,Metropolitana,500000.0,CLP,57.9,2024-09-05 00:00:00.000000,2024-11-01 00:00:00.000000,departamento,arriendo,owner_direct
TT-2024-11-001136,toctoc,Pudahuel,Metropolitana,645000.0,CLP,88.2,2024-10-06 00:00:00.000000,2024-11-01 00:00:00.000000,DEPARTAMENTO,arriendo,agency
TT-2024-11-005194,toctoc,Las Condes,Metropolitana,32.16,UF,59.5,2024-11-12 00:00:00.000000,2024-11-29 00:00:00.000000,DEPARTAMENTO,ARRIENDO,owner_direct
TT-2024-11-001127,toctoc, Santiago,Metropolitana,35.54,UF,138.8,2024-09-28 00:00:00.000000,2024-11-01 00:00:00.000000,departamento,arriendo,agency
TT-2024-11-002509,toctoc,Providencia,Metropolitana,32.57,UF,85.0,2024-09-10 00:00:00.000000,2024-11-15 00:00:00.000000,departamento,Arriendo,agency
TT-2024-11-001748,toctoc,Santiago,Metropolitana,17.57,UF,56.9,2024-10-12 00:00:00.000000,2024-11-08 00:00:00.000000,DEPARTAMENTO,arriendo,owner_direct
TT-2024-11-002527,toctoc,Providencia,Metropolitana,24.46,UF,45.5,2024-10-24 00:00:00.000000,2024-11-15 00:00:00.000000,DEPARTAMENTO,arriendo,owner_direct
TT-2024-11-002310,toctoc,San Miguel,Metropolitana,955000.0,CLP,101.9,2024-10-21 00:00:00.000000,2024-11-15 00:00:00.000000,DEPARTAMENTO,Arriendo,owner_direct
TT-2024-11-000028,toctoc,Providencia,Metropolitana,21.62,UF,30.2,2024-10-14 00:00:00.000000,2024-11-01 00:00:00.000000,Departamento,ARRIENDO,agency
TT-2024-11-004143,toctoc,Puente Alto,Metropolitana,13.38,UF,49.0,2024-11-17 00:00:00.000000,2024-11-22 00:00:00.000000,departamento,Arriendo,agency
TT-2024-11-000488,toctoc,Santiago,Metropolitana,890000.0,CLP,77.5,2024-08-01 00:00:00.000000,2024-11-01 00:00:00.000000,departamento,ARRIENDO,agency
TT-2024-11-002613,toctoc,Santiago,Metropolitana,650000.0,CLP,57.9,2024-11-08 00:00:00.000000,2024-11-15 00:00:00.000000,Departamento,arriendo,agency
TT-2024-11-003230,toctoc,La Florida,Metropolitana,475000.0,CLP,32.3,2024-10-10 00:00:00.000000,2024-11-15 00:00:00.000000,Departamento,ARRIENDO,agency
TT-2024-11-001616,toctoc,Independencia,Metropolitana,770000.0,CLP,90.8,2024-10-25 00:00:00.000000,2024-11-08 00:00:00.000000,departamento,arriendo,agency
TT-2024-11-002070,toctoc,Ñuñoa,Metropolitana,765000.0,CLP,56.6,2024-10-20 00:00:00.000000,2024-11-08 00:00:00.000000,departamento,arriendo,agency
TT-2024-11-003037,toctoc,Renca,Metropolitana,13.51,UF,58.5,2024-09-10 00:00:00.000000,2024-11-15 00:00:00.000000,DEPARTAMENTO,arriendo,agency
TT-2024-11-003838,toctoc,Providencia,Metropolitana,25.27,UF,41.3,2024-11-17 00:00:00.000000,2024-11-22 00:00:00.000000,DEPARTAMENTO,ARRIENDO,agency
TT-2024-11-002589,toctoc,Santiago,Metropolitana,16.62,UF,41.9,2024-10-16 00:00:00.000000,2024-11-15 00:00:00.000000,Departamento,Arriendo,owner_direct
TT-2024-11-002600,toctoc,independencia,Metropolitana,17.16,UF,54.4,2024-10-25 00:00:00.000000,2024-11-15 00:00:00.000000,departamento,arriendo,agency
TT-2024-11-003972,toctoc,Ñuñoa,Metropolitana,760000.0,CLP,60.8,2024-11-14 00:00:00.000000,2024-11-22 00:00:00.000000,departamento,arriendo,agency
TT-2024-11-004563,toctoc,Santiago,Metropolitana,560000.0,CLP,51.1,2024-11-22 00:00:00.000000,2024-11-29 00:00:00.000000,DEPARTAMENTO,ARRIENDO,owner_direct
TT-2024-11-002369,toctoc,Huechuraba,Metropolitana,16.49,UF,65.4,2024-06-20 00:00:00.000000,2024-11-15 00:00:00.000000,DEPARTAMENTO,ARRIENDO,owner_direct
TT-2024-11-005149,toctoc,La Florida,Metropolitana,13.92,UF,42.6,2024-10-27 00:00:00.000000,2024-11-29 00:00:00.000000,departamento,arriendo,agency
TT-2024-11-003706,toctoc,Las Condes,Metropolitana,32.84,UF,53.5,2024-10-15 00:00:00.000000,2024-11-22 00:00:00.000000,Departamento,arriendo,owner_direct
TT-2024-11-005037,toctoc,Independencia,Metropolitana,14.73,UF,50.5,2024-11-17 00:00:00.000000,2024-11-29 00:00:00.000000,Departamento,ARRIENDO,agency
TT-2024-11-003917,toctoc,Estación Central,Metropolitana,860000.0,CLP,120.9,2024-07-12 00:00:00.000000,2024-11-22 00:00:00.000000,DEPARTAMENTO,arriendo,owner_direct
TT-2024-11-001403,toctoc,Providencia,Metropolitana,32.16,UF,56.4,2024-10-07 00:00:00.000000,2024-11-08 00:00:00.000000,DEPARTAMENTO,ARRIENDO,owner_direct
TT-2024-11-005389,toctoc,Puente Alto,Metropolitana,11.76,UF,54.6,2024-11-20 00:00:00.000000,2024-11-29 00:00:00.000000,DEPARTAMENTO,ARRIENDO,agency
TT-2024-11-004254,toctoc,San Miguel,Metropolitana,20.81,UF,74.8,2024-11-07 00:00:00.000000,2024-11-22 00:00:00.000000,Departamento,Arriendo,owner_direct
TT-2024-11-005218,toctoc,Providencia,Metropolitana,27.16,UF,44.5,2024-10-20 00:00:00.000000,2024-11-29 00:00:00.000000,departamento,ARRIENDO,agency
TT-2024-11-005280,toctoc,Providencia,Metropolitana,26.35,UF,56.8,2024-10-02 00:00:00.000000,2024-11-29 00:00:00.000000,Departamento,arriendo,owner_direct
TT-2024-11-001779,toctoc,Santiago ,Metropolitana,860000.0,CLP,63.6,2024-10-28 00:00:00.000000,2024-11-08 00:00:00.000000,DEPARTAMENTO,arriendo,owner_direct
TT-2024-11-002361,toctoc, La Cisterna,Metropolitana,22.03,UF,107.9,2024-10-09 00:00:00.000000,2024-11-15 00:00:00.000000,Departamento,Arriendo,owner_direct
TT-2024-11-001562,toctoc,Recoleta,Metropolitana,21.62,UF,74.8,2024-10-27 00:00:00.000000,2024-11-08 00:00:00.000000,Departamento,Arriendo,owner_direct
TT-2024-11-005416,toctoc,Estación Central,Metropolitana,14.46,UF,49.5,2024-11-09 00:00:00.000000,2024-11-29 00:00:00.000000,DEPARTAMENTO,ARRIENDO,owner_direct
TT-2024-11-002273,toctoc,Santiago,Metropolitana,585000.0,CLP,63.3,2024-09-18 00:00:00.000000,2024-11-15 00:00:00.000000,departamento,arriendo,owner_direct
TT-2024-11-003474,toctoc,Macul,Metropolitana,21.08,UF,51.3,2024-05-02 00:00:00.000000,2024-11-22 00:00:00.000000,departamento,arriendo,agency
TT-2024-11-002221,toctoc,Santiago,Metropolitana,17.43,UF,57.4,2024-11-01 00:00:00.000000,2024-11-15 00:00:00.000000,departamento,Arriendo,owner_direct
TT-2024-11-003227,toctoc,Maipú,Metropolitana,8.51,UF,27.3,2024-10-12 00:00:00.000000,2024-11-15 00:00:00.000000,DEPARTAMENTO,Arriendo,agency
TT-2024-11-002421,toctoc,Providencia,Metropolitana,50.95,UF,128.1,2024-11-01 00:00:00.000000,2024-11-15 00:00:00.000000,departamento,Arriendo,owner_direct
TT-2024-11-003281,toctoc,Puente Alto,Metropolitana,20.14,UF,94.8,2024-10-29 00:00:00.000000,2024-11-15 00:00:00.000000,DEPARTAMENTO,ARRIENDO,agency
TT-2024-11-005079,toctoc,Santiago,Metropolitana,20.14,UF,69.3,2024-11-17 00:00:00.000000,2024-11-29 00:00:00.000000,Departamento,arriendo,agency
TT-2024-11-001628,toctoc,Estación Central,Metropolitana,17.16,UF,60.0,2024-10-10 00:00:00.000000,2024-11-08 00:00:00.000000,departamento,Arriendo,agency
TT-2024-11-001395,toctoc,Ñuñoa,Metropolitana,29.46,UF,85.5,2024-10-20 00:00:00.000000,2024-11-08 00:00:00.000000,departamento,arriendo,agency
TT-2024-11-004022,toctoc,Huechuraba,Metropolitana,22.3,UF,75.0,2024-11-08 00:00:00.000000,2024-11-22 00:00:00.000000,Departamento,ARRIENDO,agency
TT-2024-11-004929,toctoc,Recoleta,Metropolitana,465000.0,CLP,48.4,2024-11-07 00:00:00.000000,2024-11-29 00:00:00.000000,Departamento,Arriendo,agency
TT-2024-11-003689,toctoc,Puente Alto,Metropolitana,525000.0,CLP,59.9,2024-11-08 00:00:00.000000,2024-11-22 00:00:00.000000,DEPARTAMENTO,Arriendo,owner_direct
TT-2024-11-003480,toctoc,PUDAHUEL,Metropolitana,11.62,UF,35.3,2024-10-16 00:00:00.000000,2024-11-22 00:00:00.000000,DEPARTAMENTO,arriendo,owner_direct
TT-2024-11-004495,toctoc,Las Condes,Metropolitana,1060000.0,CLP,46.1,2024-10-14 00:00:00.000000,2024-11-29 00:00:00.000000,DEPARTAMENTO,Arriendo,owner_direct
TT-2024-11-004788,toctoc,Ñuñoa,Metropolitana,645000.0,CLP,34.8,2024-10-12 00:00:00.000000,2024-11-29 00:00:00.000000,Departamento,ARRIENDO,owner_direct
TT-2024-11-004896,toctoc,Macul,Metropolitana,32.97,UF,137.0,2024-10-29 00:00:00.000000,2024-11-29 00:00:00.000000,Departamento,ARRIENDO,agency
TT-2024-11-001797,toctoc,Peñalolén,Metropolitana,31.22,UF,133.8,2024-05-10 00:00:00.000000,2024-11-08 00:00:00.000000,DEPARTAMENTO,ARRIENDO,agency
TT-2024-11-004169,toctoc,Vitacura,Metropolitana,29.86,UF,37.2,2024-10-21 00:00:00.000000,2024-11-22 00:00:00.000000,DEPARTAMENTO,ARRIENDO,agency
TT-2024-11-003326,toctoc,Quinta Normal,Metropolitana,15.81,UF,48.6,2024-11-02 00:00:00.000000,2024-11-15 00:00:00.000000,departamento,ARRIENDO,agency
TT-2024-11-000989,toctoc,Macul,Metropolitana,19.19,UF,57.3,2024-10-06 00:00:00.000000,2024-11-01 00:00:00.000000,departamento,arriendo,owner_direct
TT-2024-11-000477,toctoc,San Joaquín,Metropolitana,495000.0,CLP,34.7,2024-10-21 00:00:00.000000,2024-11-01 00:00:00.000000,DEPARTAMENTO,ARRIENDO,agency
TT-2024-11-004175,toctoc,Macul,Metropolitana,12.43,UF,29.9,2024-11-10 00:00:00.000000,2024-11-22 00:00:00.000000,DEPARTAMENTO,ARRIENDO,agency
TT-2024-11-003966,toctoc,Quinta Normal ,Metropolitana,14.05,UF,50.6,2024-10-14 00:00:00.000000,2024-11-22 00:00:00.000000,departamento,Arriendo,
TT-2024-11-001188,toctoc,Peñalolén,Metropolitana,590000.0,CLP,57.3,2024-10-24 00:00:00.000000,2024-11-01 00:00:00.000000,departamento,arriendo,agency
TT-2024-11-004122,toctoc,Providencia,Metropolitana,950000.0,CLP,50.1,2024-10-12 00:00:00.000000,2024-11-22 00:00:00.000000,Departamento,Arriendo,agency
TT-2024-11-004746,toctoc,La Florida,Metropolitana,425000.0,CLP,8.0,2024-11-17 00:00:00.000000,2024-11-29 00:00:00.000000,Departamento,ARRIENDO,owner_direct
TT-2024-11-000048,toctoc,Santiago,Metropolitana,16.35,UF,56.6,2024-10-20 00:00:00.000000,2024-11-01 00:00:00.000000,departamento,Arriendo,agency
TT-2024-11-002521,toctoc,Estación Central,Metropolitana,20.27,UF,65.9,2024-10-03 00:00:00.000000,2024-11-15 00:00:00.000000,Departamento,Arriendo,agency
TT-2024-11-000463,toctoc,La Florida,Metropolitana,20.41,UF,63.0,2024-09-30 00:00:00.000000,2024-11-01 00:00:00.000000,departamento,ARRIENDO,agency
TT-2024-11-003103,toctoc,Ñuñoa,Metropolitana,16.62,UF,38.3,2024-10-03 00:00:00.000000,2024-11-15 00:00:00.000000,Departamento,arriendo,owner_direct
TT-2024-11-004331,toctoc,La Florida,Metropolitana,10.0,UF,1.0,2024-11-13 00:00:00.000000,2024-11-29 00:00:00.000000,DEPARTAMENTO,ARRIENDO,owner_direct
TT-2024-11-002551,toctoc,Santiago,Metropolitana,12.43,UF,41.3,2024-11-11 00:00:00.000000,2024-11-15 00:00:00.000000,Departamento,ARRIENDO,owner_direct
TT-2024-11-004982,toctoc,estación central,Metropolitana,19.19,UF,57.0,2024-11-05 00:00:00.000000,2024-11-29 00:00:00.000000,DEPARTAMENTO,arriendo,agency
TT-2024-11-004839,toctoc,Las Condes,Metropolitana,1315000.0,CLP,57.9,2024-10-31 00:00:00.000000,2024-11-29 00:00:00.000000,Departamento,ARRIENDO,agency
TT-2024-11-002168,toctoc,Vitacura,Metropolitana,1135000.0,CLP,50.0,2024-10-31 00:00:00.000000,2024-11-08 00:00:00.000000,Departamento,Arriendo,owner_direct
TT-2024-11-004116,toctoc,Providencia,Metropolitana,1215000.0,CLP,55.3,2024-09-06 00:00:00.000000,2024-11-22 00:00:00.000000,Departamento,arriendo,agency
TT-2024-11-001729,toctoc,Ñuñoa,Metropolitana,850000.0,CLP,51.8,2024-10-20 00:00:00.000000,2024-11-08 00:00:00.000000,departamento,ARRIENDO,agency
TT-2024-11-005185,toctoc,La Cisterna,Metropolitana,9.46,UF,35.5,2024-11-16 00:00:00.000000,2024-11-29 00:00:00.000000,Departamento,ARRIENDO,agency
TT-2024-11-003996,toctoc,Santiago,Metropolitana,760000.0,CLP,53.1,2024-10-14 00:00:00.000000,2024-11-22 00:00:00.000000,Departamento,ARRIENDO,agency
TT-2024-11-001051,toctoc,Providencia,Metropolitana,1100000.0,CLP,53.1,2024-09-22 00:00:00.000000,2024-11-01 00:00:00.000000,departamento,Arriendo,agency
TT-2024-11-003874,toctoc,Conchalí,Metropolitana,10.81,UF,36.2,2024-11-20 00:00:00.000000,2024-11-22 00:00:00.000000,Departamento,ARRIENDO,agency
TT-2024-11-000767,toctoc,Ñuñoa,Metropolitana,17.16,UF,30.2,2024-09-25 00:00:00.000000,2024-11-01 00:00:00.000000,Departamento,Arriendo,owner_direct
TT-2024-11-003992,toctoc,Maipú,Metropolitana,10.68,UF,41.8,2024-06-14 00:00:00.000000,2024-11-22 00:00:00.000000,departamento,ARRIENDO,agency
TT-2024-11-001247,toctoc,La Florida,Metropolitana,13.78,UF,35.9,2024-10-19 00:00:00.000000,2024-11-08 00:00:00.000000,Departamento,arriendo,owner_direct
TT-2024-11-004302,toctoc,La Cisterna,Metropolitana,172.97,UF,66.1,2024-10-25 00:00:00.000000,2024-11-29 00:00:00.000000,departamento,Arriendo,agency
TT-2024-11-000354,toctoc,Ñuñoa,Metropolitana,19.46,UF,49.4,2024-09-17 00:00:00.000000,2024-11-01 00:00:00.000000,departamento,ARRIENDO,agency
TT-2024-11-000478,toctoc,Santiago,Metropolitana,1175000.0,CLP,145.0,2024-09-25 00:00:00.000000,2024-11-01 00:00:00.000000,DEPARTAMENTO,Arriendo,agency
TT-2024-11-002844,toctoc,Santiago,Metropolitana,1205000.0,CLP,25.8,2024-11-03 00:00:00.000000,2024-11-15 00:00:00.000000,DEPARTAMENTO,arriendo,agency
TT-2024-11-002415,toctoc,Ñuñoa,Metropolitana,960000.0,CLP,54.9,2024-09-26 00:00:00.000000,2024-11-15 00:00:00.000000,Departamento,Arriendo,agency
TT-2024-11-005163,toctoc,Lo Barnechea,Metropolitana,1130000.0,CLP,71.3,2024-11-21 00:00:00.000000,2024-11-29 00:00:00.000000,departamento,ARRIENDO,agency
TT-2024-11-001233,toctoc,Macul,Metropolitana,505000.0,CLP,48.8,2024-10-05 00:00:00.000000,2024-11-08 00:00:00.000000,Departamento,Arriendo,owner_direct
TT-2024-11-004314,toctoc,Quilicura,Metropolitana,625000.0,CLP,64.9,2024-11-02 00:00:00.000000,2024-11-29 00:00:00.000000,DEPARTAMENTO,Arriendo,owner_direct
TT-2024-11-004836,toctoc,Recoleta,Metropolitana,18.38,UF,61.0,2024-11-09 00:00:00.000000,2024-11-29 00:00:00.000000,Departamento,Arriendo,agency
TT-2024-11-003477,toctoc,Quinta Normal,Metropolitana,10.54,UF,2.0,2024-10-28 00:00:00.000000,2024-11-22 00:00:00.000000,DEPARTAMENTO,ARRIENDO,agency
TT-2024-11-002148,toctoc,Peñalolén,Metropolitana,600000.0,CLP,39.9,2024-09-06 00:00:00.000000,2024-11-08 00:00:00.000000,departamento,ARRIENDO,agency
TT-2024-11-003062,toctoc,La Florida,Metropolitana,755000.0,CLP,71.2,2024-09-22 00:00:00.000000,2024-11-15 00:00:00.000000,DEPARTAMENTO,arriendo,owner_direct
TT-2024-11-000719,toctoc,Las Condes,Metropolitana,1355000.0,CLP,69.4,2024-10-04 00:00:00.000000,2024-11-01 00:00:00.000000,Departamento,Arriendo,owner_direct
TT-2024-11-004992,toctoc,Macul,Metropolitana,21.62,UF,68.6,2024-11-12 00:00:00.000000,2024-11-29 00:00:00.000000,departamento,ARRIENDO,agency
TT-2024-11-005025,toctoc,Cerrillos,Metropolitana,17.3,UF,67.1,2024-11-04 00:00:00.000000,2024-11-29 00:00:00.000000,departamento,Arriendo,agency
TT-2024-11-001147,toctoc,Lo Barnechea,Metropolitana,217.57,UF,41.4,2024-10-20 00:00:00.000000,2024-11-01 00:00:00.000000,departamento,Arriendo,owner_direct
TT-2024-11-001958,toctoc,Recoleta,Metropolitana,14.05,UF,57.7,2024-10-26 00:00:00.000000,2024-11-08 00:00:00.000000,departamento,arriendo,agency
TT-2024-11-001061,toctoc,Quilicura,Metropolitana,405000.0,CLP,30.2,2024-09-27 00:00:00.000000,2024-11-01 00:00:00.000000,departamento,ARRIENDO,agency
TT-2024-11-002252,toctoc,La Reina,Metropolitana,28.78,UF,68.8,2024-10-12 00:00:00.000000,2024-11-15 00:00:00.000000,Departamento,Arriendo,agency
TT-2024-11-004949,toctoc,Estación Central,Metropolitana,525000.0,CLP,55.9,2024-10-28 00:00:00.000000,2024-11-29 00:00:00.000000,DEPARTAMENTO,arriendo,agency
TT-2024-11-002969,toctoc,Recoleta,Metropolitana,12.84,UF,39.7,2024-04-27 00:00:00.000000,2024-11-15 00:00:00.000000,Departamento,Arriendo,owner_direct
TT-2024-11-001180,toctoc, Huechuraba,Metropolitana,800000.0,CLP,68.6,2024-10-16 00:00:00.000000,2024-11-01 00:00:00.000000,departamento,arriendo,agency
TT-2024-11-001476,toctoc,Huechuraba,Metropolitana,15.54,UF,42.6,2024-10-05 00:00:00.000000,2024-11-08 00:00:00.000000,DEPARTAMENTO,arriendo,agency
TT-2024-11-000300,toctoc,Macul,Metropolitana,16.22,UF,37.3,2024-09-30 00:00:00.000000,2024-11-01 00:00:00.000000,departamento,arriendo,owner_direct
TT-2024-11-005458,toctoc,Huechuraba,Metropolitana,515000.0,CLP,43.9,2024-09-16 00:00:00.000000,2024-11-29 00:00:00.000000,departamento,ARRIENDO,owner_direct
TT-2024-11-000306,toctoc,Macul,Metropolitana,465000.0,CLP,36.7,2024-10-24 00:00:00.000000,2024-11-01 00:00:00.000000,departamento,Arriendo,owner_direct
TT-2024-11-001267,toctoc,Maipú,Metropolitana,445000.0,CLP,49.1,2024-10-21 00:00:00.000000,2024-11-08 00:00:00.000000,DEPARTAMENTO,ARRIENDO,agency
TT-2024-11-003094,toctoc,Conchalí,Metropolitana,505000.0,CLP,54.0,2024-10-29 00:00:00.000000,2024-11-15 00:00:00.000000,DEPARTAMENTO,arriendo,agency
TT-2024-11-005439,toctoc,San Miguel,Metropolitana,645000.0,CLP,34.3,2024-11-05 00:00:00.000000,2024-11-29 00:00:00.000000,departamento,Arriendo,owner_direct
TT-2024-11-002722,toctoc,San Miguel,Metropolitana,680000.0,CLP,52.5,2024-10-09 00:00:00.000000,2024-11-15 00:00:00.000000,DEPARTAMENTO,ARRIENDO,agency
TT-2024-11-000779,toctoc,Santiago,Metropolitana,535000.0,CLP,31.5,2024-10-16 00:00:00.000000,2024-11-01 00:00:00.000000,departamento,arriendo,agency
TT-2024-11-001358,toctoc,La Florida,Metropolitana,15.54,UF,56.6,2024-10-17 00:00:00.000000,2024-11-08 00:00:00.000000,Departamento,ARRIENDO,agency
TT-2024-11-004449,toctoc,Santiago,Metropolitana,16.35,UF,42.5,2024-11-21 00:00:00.000000,2024-11-29 00:00:00.000000,Departamento,Arriendo,agency
TT-2024-11-000639,toctoc,Santiago,Metropolitana,680000.0,CLP,64.9,2024-10-31 00:00:00.000000,2024-11-01 00:00:00.000000,departamento,ARRIENDO,owner_direct
TT-2024-11-002937,toctoc,San Miguel,Metropolitana,5075000.0,CLP,36.2,2024-10-30 00:00:00.000000,2024-11-15 00:00:00.000000,departamento,Arriendo,agency
TT-2024-11-004388,toctoc,Maipú,Metropolitana,10.95,UF,42.3,2024-11-04 00:00:00.000000,2024-11-29 00:00:00.000000,DEPARTAMENTO,arriendo,agency
TT-2024-11-003012,toctoc,Recoleta,Metropolitana,12.3,UF,46.9,2024-10-15 00:00:00.000000,2024-11-15 00:00:00.000000,Departamento,ARRIENDO,agency
TT-2024-11-004679,toctoc,La Florida,Metropolitana,470000.0,CLP,40.4,2024-11-24 00:00:00.000000,2024-11-29 00:00:00.000000,departamento,Arriendo,agency
TT-2024-11-005383,toctoc,Santiago,Metropolitana,635000.0,CLP,44.5,2024-11-16 00:00:00.000000,2024-11-29 00:00:00.000000,Departamento,Arriendo,agency
TT-2024-11-003449,toctoc,Macul,Metropolitana,620000.0,CLP,59.8,2024-10-08 00:00:00.000000,2024-11-22 00:00:00.000000,departamento,ARRIENDO,agency
TT-2024-11-003696,toctoc,Puente Alto,Metropolitana,10.14,UF,31.4,2024-08-30 00:00:00.000000,2024-11-22 00:00:00.000000,DEPARTAMENTO,Arriendo,owner_direct
TT-2024-11-000740,toctoc,Cerrillos,Metropolitana,580000.0,CLP,85.9,2024-06-19 00:00:00.000000,2024-11-01 00:00:00.000000,departamento,ARRIENDO,owner_direct
TT-2024-11-000389,toctoc,Maipú,Metropolitana,16.08,UF,58.1,2024-10-25 00:00:00.000000,2024-11-01 00:00:00.000000,departamento,arriendo,agency
TT-2024-11-003352,toctoc,Cerrillos,Metropolitana,13.78,UF,41.1,2024-11-06 00:00:00.000000,2024-11-15 00:00:00.000000,departamento,Arriendo,owner_direct
TT-2024-11-002096,toctoc,San Miguel,Metropolitana,14.32,UF,40.1,2024-10-25 00:00:00.000000,2024-11-08 00:00:00.000000,departamento,ARRIENDO,owner_direct
TT-2024-11-000446,toctoc,Recoleta,Metropolitana,16.08,UF,74.0,2024-10-07 00:00:00.000000,2024-11-01 00:00:00.000000,DEPARTAMENTO,ARRIENDO,owner_direct
TT-2024-11-001626,toctoc,Independencia,Metropolitana,34.86,UF,142.0,2024-09-22 00:00:00.000000,2024-11-08 00:00:00.000000,Departamento,ARRIENDO,owner_direct
TT-2024-11-005017,toctoc,Quilicura,Metropolitana,10.95,UF,32.6,2024-08-27 00:00:00.000000,2024-11-29 00:00:00.000000,DEPARTAMENTO,ARRIENDO,owner_direct
TT-2024-11-001251,toctoc,Independencia,Metropolitana,17.16,UF,61.1,2024-11-03 00:00:00.000000,2024-11-08 00:00:00.000000,Departamento,arriendo,owner_direct
TT-2024-11-005446,toctoc,La Florida,Metropolitana,14.73,UF,46.9,2024-11-15 00:00:00.000000,2024-11-29 00:00:00.000000,departamento,Arriendo,agency
TT-2024-11-003707,toctoc,Independencia,Metropolitana,17.97,UF,67.9,2024-11-10 00:00:00.000000,2024-11-22 00:00:00.000000,departamento,ARRIENDO,owner_direct
TT-2024-11-005477,toctoc,Santiago,Metropolitana,525000.0,CLP,24.3,2024-11-20 00:00:00.000000,2024-11-29 00:00:00.000000,Departamento,ARRIENDO,agency
TT-2024-11-001452,toctoc,Las Condes,Metropolitana,29.46,UF,59.5,2024-10-20 00:00:00.000000,2024-11-08 00:00:00.000000,departamento,arriendo,agency
TT-2024-11-002804,toctoc,Quinta Normal,Metropolitana,545000.0,CLP,33.7,2024-11-08 00:00:00.000000,2024-11-15 00:00:00.000000,Departamento,Arriendo,owner_direct
TT-2024-11-000310,toctoc,La Florida,Metropolitana,22.43,UF,87.1,2024-09-12 00:00:00.000000,2024-11-01 00:00:00.000000,Departamento,arriendo,agency
TT-2024-11-001820,toctoc,Macul,Metropolitana,550000.0,CLP,49.6,2024-10-20 00:00:00.000000,2024-11-08 00:00:00.000000,DEPARTAMENTO,Arriendo,agency
TT-2024-11-002115,toctoc,Estación Central,Metropolitana,13.78,UF,36.7,2024-10-09 00:00:00.000000,2024-11-08 00:00:00.000000,DEPARTAMENTO,arriendo,agency
TT-2024-11-004991,toctoc,Las Condes,Metropolitana,20.54,UF,29.4,2024-11-13 00:00:00.000000,2024-11-29 00:00:00.000000,Departamento,arriendo,agency
TT-2024-11-003331,toctoc,La Florida,Metropolitana,450000.0,CLP,41.4,2024-11-11 00:00:00.000000,2024-11-15 00:00:00.000000,Departamento,Arriendo,owner_direct
TT-2024-11-001745,toctoc,Lo Barnechea,Metropolitana,25.68,UF,66.5,2024-10-23 00:00:00.000000,2024-11-08 00:00:00.000000,DEPARTAMENTO,ARRIENDO,owner_direct
TT-2024-11-001795,toctoc,Estación Central,Metropolitana,12.16,UF,29.0,2024-09-12 00:00:00.000000,2024-11-08 00:00:00.000000,DEPARTAMENTO,arriendo,agency
TT-2024-11-004016,toctoc,San Miguel,Metropolitana,620000.0,CLP,58.3,2024-10-18 00:00:00.000000,2024-11-22 00:00:00.000000,departamento,Arriendo,owner_direct
TT-2024-11-004817,toctoc,Independencia,Metropolitana,22.84,UF,115.0,2024-10-18 00:00:00.000000,2024-11-29 00:00:00.000000,DEPARTAMENTO,arriendo,agency
TT-2024-11-004114,toctoc,Macul,Metropolitana,16.89,UF,54.0,2024-10-22 00:00:00.000000,2024-11-22 00:00:00.000000,Departamento,arriendo,agency
TT-2024-11-004313,toctoc,Estación Central,Metropolitana,15.68,UF,59.2,2024-11-04 00:00:00.000000,2024-11-29 00:00:00.000000,DEPARTAMENTO,Arriendo,agency
TT-2024-11-000853,toctoc,Santiago,Metropolitana,18.92,UF,60.1,2024-10-30 00:00:00.000000,2024-11-01 00:00:00.000000,DEPARTAMENTO,ARRIENDO,
TT-2024-11-005490,toctoc,La Cisterna,Metropolitana,520000.0,CLP,47.3,2024-11-15 00:00:00.000000,2024-11-29 00:00:00.000000,DEPARTAMENTO,Arriendo,agency
TT-2024-11-004164,toctoc,Las Condes,Metropolitana,25.95,UF,41.6,2024-11-14 00:00:00.000000,2024-11-22 00:00:00.000000,Departamento,Arriendo,owner_direct
TT-2024-11-005337,toctoc,Estación Central,Metropolitana,12.03,UF,29.1,2024-11-01 00:00:00.000000,2024-11-29 00:00:00.000000,Departamento,Arriendo,agency
TT-2024-11-002967,toctoc,Ñuñoa,Metropolitana,11270000.0,CLP,1200.0,2024-10-16 00:00:00.000000,2024-11-15 00:00:00.000000,DEPARTAMENTO,ARRIENDO,agency
TT-2024-11-000659,toctoc,Peñalolén,Metropolitana,560000.0,CLP,45.7,2024-07-21 00:00:00.000000,2024-11-01 00:00:00.000000,Departamento,Arriendo,agency
TT-2024-11-000069,toctoc,Independencia,Metropolitana,1025000.0,CLP,110.7,2024-10-24 00:00:00.000000,2024-11-01 00:00:00.000000,departamento,Arriendo,agency
TT-2024-11-000589,toctoc,Independencia,Metropolitana,15.41,UF,55.7,2024-10-06 00:00:00.000000,2024-11-01 00:00:00.000000,DEPARTAMENTO,ARRIENDO,agency
TT-2024-11-004279,toctoc,Puente Alto,Metropolitana,19.59,UF,93.9,2024-11-12 00:00:00.000000,2024-11-22 00:00:00.000000,DEPARTAMENTO,Arriendo,agency
TT-2024-11-001137,toctoc,Independencia,Metropolitana,455000.0,CLP,39.2,2024-10-11 00:00:00.000000,2024-11-01 00:00:00.000000,departamento,arriendo,agency
TT-2024-11-003611,toctoc,La Florida,Metropolitana,14.32,UF,35.7,2024-10-07 00:00:00.000000,2024-11-22 00:00:00.000000,Departamento,ARRIENDO,agency
TT-2024-11-000595,toctoc,Independencia,Metropolitana,535000.0,CLP,45.0,2024-09-24 00:00:00.000000,2024-11-01 00:00:00.000000,Departamento,arriendo,agency
TT-2024-11-004749,toctoc,Estación Central,Metropolitana,15.27,UF,51.5,2024-11-18 00:00:00.000000,2024-11-29 00:00:00.000000,departamento,ARRIENDO,owner_direct
TT-2024-11-001462,toctoc,La Florida,Metropolitana,645000.0,CLP,57.7,2024-10-24 00:00:00.000000,2024-11-08 00:00:00.000000,DEPARTAMENTO,arriendo,agency
TT-2024-11-003122,toctoc,Santiago,Metropolitana,17.57,UF,40.4,2024-05-31 00:00:00.000000,2024-11-15 00:00:00.000000,Departamento,arriendo,owner_direct
TT-2024-11-003614,toctoc,Santiago,Metropolitana,590000.0,CLP,38.4,2024-11-16 00:00:00.000000,2024-11-22 00:00:00.000000,departamento,Arriendo,agency
TT-2024-11-002488,toctoc,Maipú,Metropolitana,535000.0,CLP,40.8,2024-10-24 00:00:00.000000,2024-11-15 00:00:00.000000,Departamento,arriendo,owner_direct
TT-2024-11-002947,toctoc,Independencia,Metropolitana,25.95,UF,98.0,2024-10-21 00:00:00.000000,2024-11-15 00:00:00.000000,departamento,ARRIENDO,agency
TT-2024-11-005016,toctoc,Macul,Metropolitana,585000.0,CLP,53.8,2024-11-13 00:00:00.000000,2024-11-29 00:00:00.000000,departamento,ARRIENDO,agency
TT-2024-11-000545,toctoc,Independencia,Metropolitana,600000.0,CLP,37.0,2024-09-26 00:00:00.000000,2024-11-01 00:00:00.000000,Departamento,Arriendo,agency
TT-2024-11-000615,toctoc,Providencia,Metropolitana,25.27,UF,54.7,2024-10-07 00:00:00.000000,2024-11-01 00:00:00.000000,departamento,Arriendo,agency
TT-2024-11-000457,toctoc,Puente Alto,Metropolitana,495000.0,CLP,49.2,2024-10-16 00:00:00.000000,2024-11-01 00:00:00.000000,DEPARTAMENTO,arriendo,agency
TT-2024-11-000549,toctoc,Macul,Metropolitana,445000.0,CLP,34.0,2024-10-13 00:00:00.000000,2024-11-01 00:00:00.000000,departamento,Arriendo,agency
TT-2024-11-003371,toctoc,Maipú,Metropolitana,805000.0,CLP,90.8,2024-09-18 00:00:00.000000,2024-11-15 00:00:00.000000,DEPARTAMENTO,ARRIENDO,owner_direct
TT-2024-11-005311,toctoc,Ñuñoa,Metropolitana,9460000.0,CLP,58.4,2024-10-15 00:00:00.000000,2024-11-29 00:00:00.000000,departamento,arriendo,owner_direct
TT-2024-11-001890,toctoc,Peñalolén,Metropolitana,425000.0,CLP,33.3,2024-10-24 00:00:00.000000,2024-11-08 00:00:00.000000,DEPARTAMENTO,arriendo,agency
TT-2024-11-002175,toctoc,Maipú,Metropolitana,535000.0,CLP,52.5,2024-10-16 00:00:00.000000,2024-11-15 00:00:00.000000,DEPARTAMENTO,Arriendo,agency
TT-2024-11-004216,toctoc,Maipú,Metropolitana,12.7,UF,39.0,2024-11-06 00:00:00.000000,2024-11-22 00:00:00.000000,DEPARTAMENTO,ARRIENDO,agency
TT-2024-11-004433,toctoc,La Florida,Metropolitana,17.57,UF,63.6,2024-11-01 00:00:00.000000,2024-11-29 00:00:00.000000,DEPARTAMENTO,arriendo,agency
TT-2024-11-001655,toctoc,Macul,Metropolitana,785000.0,CLP,68.2,2024-10-29 00:00:00.000000,2024-11-08 00:00:00.000000,departamento,Arriendo,agency
TT-2024-11-001018,toctoc,Independencia,Metropolitana,18.65,UF,62.8,2024-10-17 00:00:00.000000,2024-11-01 00:00:00.000000,DEPARTAMENTO,ARRIENDO,agency
TT-2024-11-000854,toctoc,Macul,Metropolitana,13.51,UF,39.4,2024-10-19 00:00:00.000000,2024-11-01 00:00:00.000000,DEPARTAMENTO,Arriendo,owner_direct
TT-2024-11-000987,toctoc,Lo Barnechea,Metropolitana,24.46,UF,42.6,2024-08-30 00:00:00.000000,2024-11-01 00:00:00.000000,Departamento,arriendo,agency
TT-2024-11-002776,toctoc,Santiago,Metropolitana,810000.0,CLP,55.7,2024-11-02 00:00:00.000000,2024-11-15 00:00:00.000000,Departamento,ARRIENDO,agency
TT-2024-11-002827,toctoc,Recoleta,Metropolitana,20.14,UF,64.1,2024-10-28 00:00:00.000000,2024-11-15 00:00:00.000000,DEPARTAMENTO,ARRIENDO,agency
TT-2024-11-001489,toctoc,Santiago,Metropolitana,18.92,UF,61.1,2024-09-23 00:00:00.000000,2024-11-08 00:00:00.000000,DEPARTAMENTO,arriendo,agency
TT-2024-11-002946,toctoc,Ñuñoa,Metropolitana,715000.0,CLP,42.1,2024-10-11 00:00:00.000000,2024-11-15 00:00:00.000000,DEPARTAMENTO,ARRIENDO,owner_direct
TT-2024-11-002241,toctoc,Recoleta,Metropolitana,22.7,UF,112.7,2024-11-10 00:00:00.000000,2024-11-15 00:00:00.000000,departamento,arriendo,owner_direct
TT-2024-11-003712,toctoc,Providencia,Metropolitana,1185000.0,CLP,74.5,2024-11-10 00:00:00.000000,2024-11-22 00:00:00.000000,Departamento,ARRIENDO,agency
TT-2024-11-002942,toctoc,Huechuraba,Metropolitana,19.59,UF,36.3,2024-10-30 00:00:00.000000,2024-11-15 00:00:00.000000,departamento,Arriendo,owner_direct
TT-2024-11-004171,toctoc,Independencia,Metropolitana,13.24,UF,42.7,2024-10-13 00:00:00.000000,2024-11-22 00:00:00.000000,Departamento,arriendo,owner_direct
TT-2024-11-000535,toctoc,La Reina,Metropolitana,14.73,UF,26.8,2024-10-11 00:00:00.000000,2024-11-01 00:00:00.000000,DEPARTAMENTO,Arriendo,agency
TT-2024-11-002594,toctoc,Macul,Metropolitana,14.73,UF,41.6,2024-10-17 00:00:00.000000,2024-11-15 00:00:00.000000,DEPARTAMENTO,ARRIENDO,agency
TT-2024-11-002177,toctoc,Santiago,Metropolitana,610000.0,CLP,54.1,2024-10-15 00:00:00.000000,2024-11-15 00:00:00.000000,DEPARTAMENTO,arriendo,agency
TT-2024-11-002495,toctoc,Ñuñoa,Metropolitana,33.65,UF,88.6,2024-10-16 00:00:00.000000,2024-11-15 00:00:00.000000,Departamento,arriendo,owner_direct
TT-2024-11-001677,toctoc,Conchalí,Metropolitana,445000.0,CLP,41.7,2024-10-05 00:00:00.000000,2024-11-08 00:00:00.000000,departamento,Arriendo,agency
TT-2024-11-004932,toctoc,Independencia,Metropolitana,14.59,UF,35.3,2024-11-02 00:00:00.000000,2024-11-29 00:00:00.000000,DEPARTAMENTO,Arriendo,agency
TT-2024-11-005300,toctoc,Quinta Normal,Metropolitana,455000.0,CLP,36.9,2024-11-18 00:00:00.000000,2024-11-29 00:00:00.000000,DEPARTAMENTO,Arriendo,agency
TT-2024-11-000592,toctoc,Las Condes,Metropolitana,22.16,UF,27.0,2024-10-18 00:00:00.000000,2024-11-01 00:00:00.000000,departamento,arriendo,owner_direct
TT-2024-11-000956,toctoc,Santiago,Metropolitana,15.95,UF,58.0,2024-10-18 00:00:00.000000,2024-11-01 00:00:00.000000,Departamento,ARRIENDO,agency
TT-2024-11-001299,toctoc,Las Condes,Metropolitana,34.86,UF,69.3,2024-10-26 00:00:00.000000,2024-11-08 00:00:00.000000,departamento,arriendo,agency
TT-2024-11-003842,toctoc,Independencia,Metropolitana,12.84,UF,39.5,2024-10-18 00:00:00.000000,2024-11-22 00:00:00.000000,departamento,arriendo,agency
TT-2024-11-004430,toctoc,Cerrillos,Metropolitana,355000.0,CLP,25.2,2024-11-19 00:00:00.000000,2024-11-29 00:00:00.000000,departamento,Arriendo,owner_direct
TT-2024-11-002001,toctoc,San Miguel,Metropolitana,18.65,UF,57.1,2024-10-25 00:00:00.000000,2024-11-08 00:00:00.000000,departamento,Arriendo,owner_direct
TT-2024-11-001989,toctoc,La Florida,Metropolitana,10.95,UF,30.5,2024-10-15 00:00:00.000000,2024-11-08 00:00:00.000000,departamento,ARRIENDO,owner_direct
TT-2024-11-000045,toctoc,Providencia,Metropolitana,1140000.0,CLP,58.0,2024-10-24 00:00:00.000000,2024-11-01 00:00:00.000000,Departamento,arriendo,owner_direct
TT-2024-11-003952,toctoc,La Florida,Metropolitana,16.35,UF,47.5,2024-10-27 00:00:00.000000,2024-11-22 00:00:00.000000,Departamento,Arriendo,agency
TT-2024-11-000006,toctoc,Providencia,Metropolitana,800000.0,CLP,34.6,2024-10-14 00:00:00.000000,2024-11-01 00:00:00.000000,Departamento,arriendo,agency
TT-2024-11-002649,toctoc,Estación Central,Metropolitana,13.51,UF,51.4,2024-09-25 00:00:00.000000,2024-11-15 00:00:00.000000,Departamento,ARRIENDO,owner_direct
TT-2024-11-003904,toctoc,Quinta Normal,Metropolitana,15.41,UF,64.4,2024-09-12 00:00:00.000000,2024-11-22 00:00:00.000000,departamento,ARRIENDO,agency
TT-2024-11-002004,toctoc,Ñuñoa,Metropolitana,37.3,UF,118.9,2024-10-14 00:00:00.000000,2024-11-08 00:00:00.000000,Departamento,arriendo,
TT-2024-11-000174,toctoc,Ñuñoa,Metropolitana,1150000.0,CLP,114.9,2024-10-28 00:00:00.000000,2024-11-01 00:00:00.000000,DEPARTAMENTO,Arriendo,agency
TT-2024-11-004458,toctoc,Quinta Normal,Metropolitana,525000.0,CLP,47.8,2024-11-02 00:00:00.000000,2024-11-29 00:00:00.000000,departamento,Arriendo,agency
TT-2024-11-001909,toctoc,Providencia,Metropolitana,12795000.0,CLP,1200.0,2024-06-20 00:00:00.000000,2024-11-08 00:00:00.000000,departamento,arriendo,agency
TT-2024-11-004612,toctoc,San Miguel,Metropolitana,18.65,UF,49.4,2024-11-18 00:00:00.000000,2024-11-29 00:00:00.000000,DEPARTAMENTO,arriendo,agency
TT-2024-11-002411,toctoc,Vitacura,Metropolitana,31.22,UF,41.9,2024-11-05 00:00:00.000000,2024-11-15 00:00:00.000000,Departamento,ARRIENDO,owner_direct
TT-2024-11-002298,toctoc,Quinta Normal,Metropolitana,15.54,UF,47.9,2024-10-27 00:00:00.000000,2024-11-15 00:00:00.000000,Departamento,arriendo,owner_direct
TT-2024-11-004417,toctoc,Santiago,Metropolitana,575000.0,CLP,38.8,2024-10-04 00:00:00.000000,2024-11-29 00:00:00.000000,Departamento,arriendo,agency
TT-2024-11-004959,toctoc,San Miguel,Metropolitana,655000.0,CLP,48.4,2024-11-09 00:00:00.000000,2024-11-29 00:00:00.000000,departamento,Arriendo,agency
TT-2024-11-002736,toctoc,La Florida,Metropolitana,13.38,UF,38.7,2024-10-31 00:00:00.000000,2024-11-15 00:00:00.000000,departamento,Arriendo,agency
TT-2024-11-002980,toctoc,Santiago,Metropolitana,26.35,UF,84.3,2024-10-23 00:00:00.000000,2024-11-15 00:00:00.000000,departamento,ARRIENDO,owner_direct
TT-2024-11-005174,toctoc,Macul,Metropolitana,17.7,UF,65.6,2024-10-14 00:00:00.000000,2024-11-29 00:00:00.000000,DEPARTAMENTO,Arriendo,agency
TT-2024-11-001635,toctoc,Ñuñoa,Metropolitana,19.19,UF,64.7,2024-10-27 00:00:00.000000,2024-11-08 00:00:00.000000,departamento,Arriendo,owner_direct
TT-2024-11-003241,toctoc,Las Condes,Metropolitana,1010000.0,CLP,47.3,2024-10-29 00:00:00.000000,2024-11-15 00:00:00.000000,Departamento,Arriendo,agency
TT-2024-11-003024,toctoc,San Joaquín,Metropolitana,11.89,UF,26.7,2024-09-27 00:00:00.000000,2024-11-15 00:00:00.000000,Departamento,ARRIENDO,owner_direct
TT-2024-11-004951,toctoc,Ñuñoa,Metropolitana,19.86,UF,50.8,2024-11-17 00:00:00.000000,2024-11-29 00:00:00.000000,Departamento,Arriendo,owner_direct
TT-2024-11-005294,toctoc,Cerrillos,Metropolitana,14.32,UF,44.5,2024-11-23 00:00:00.000000,2024-11-29 00:00:00.000000,departamento,ARRIENDO,agency
TT-2024-11-004776,toctoc,La Reina,Metropolitana,15.54,UF,29.8,2024-11-19 00:00:00.000000,2024-11-29 00:00:00.000000,Departamento,arriendo,owner_direct
TT-2024-11-004292,toctoc,Quinta Normal,Metropolitana,410000.0,CLP,32.3,2024-11-27 00:00:00.000000,2024-11-29 00:00:00.000000,DEPARTAMENTO,arriendo,agency
TT-2024-11-000227,toctoc,Peñalolén,Metropolitana,11.49,UF,32.7,2024-10-29 00:00:00.000000,2024-11-01 00:00:00.000000,departamento,Arriendo,agency
TT-2024-11-001457,toctoc,Santiago,Metropolitana,32.97,UF,115.3,2024-10-23 00:00:00.000000,2024-11-08 00:00:00.000000,DEPARTAMENTO,ARRIENDO,owner_direct
TT-2024-11-002913,toctoc,Ñuñoa,Metropolitana,625000.0,CLP,30.8,2024-11-03 00:00:00.000000,2024-11-15 00:00:00.000000,departamento,Arriendo,owner_direct
TT-2024-11-001551,toctoc,Providencia,Metropolitana,25.41,UF,49.8,2024-10-28 00:00:00.000000,2024-11-08 00:00:00.000000,departamento,Arriendo,owner_direct
TT-2024-11-002593,toctoc,Santiago,Metropolitana,1505000.0,CLP,156.3,2024-08-11 00:00:00.000000,2024-11-15 00:00:00.000000,Departamento,arriendo,agency
TT-2024-11-000312,toctoc,San Miguel,Metropolitana,1025000.0,CLP,85.4,2024-06-07 00:00:00.000000,2024-11-01 00:00:00.000000,departamento,Arriendo,agency
TT-2024-11-001305,toctoc,Santiago,Metropolitana,690000.0,CLP,64.3,2024-08-29 00:00:00.000000,2024-11-08 00:00:00.000000,departamento,Arriendo,owner_direct
TT-2024-11-001169,toctoc,Santiago,Metropolitana,18.11,UF,47.4,2024-10-07 00:00:00.000000,2024-11-01 00:00:00.000000,Departamento,arriendo,agency
TT-2024-11-002223,toctoc,Macul,Metropolitana,20.27,UF,72.0,2024-10-08 00:00:00.000000,2024-11-15 00:00:00.000000,departamento,arriendo,owner_direct
TT-2024-11-000910,toctoc,San Miguel,Metropolitana,565000.0,CLP,31.8,2024-07-20 00:00:00.000000,2024-11-01 00:00:00.000000,Departamento,arriendo,agency
TT-2024-11-001860,toctoc,Ñuñoa,Metropolitana,17.57,UF,52.9,2024-10-27 00:00:00.000000,2024-11-08 00:00:00.000000,DEPARTAMENTO,arriendo,owner_direct
TT-2024-11-001799,toctoc,Estación Central,Metropolitana,10.41,UF,28.8,2024-09-27 00:00:00.000000,2024-11-08 00:00:00.000000,Departamento,Arriendo,owner_direct
TT-2024-11-003901,toctoc,Maipú,Metropolitana,415000.0,CLP,32.5,2024-11-03 00:00:00.000000,2024-11-22 00:00:00.000000,Departamento,ARRIENDO,owner_direct
TT-2024-11-003313,toctoc,Peñalolén,Metropolitana,695000.0,CLP,52.1,2024-10-30 00:00:00.000000,2024-11-15 00:00:00.000000,DEPARTAMENTO,arriendo,agency
TT-2024-11-004528,toctoc,Santiago,Metropolitana,12.03,UF,24.8,2024-10-21 00:00:00.000000,2024-11-29 00:00:00.000000,DEPARTAMENTO,ARRIENDO,agency
TT-2024-11-000530,toctoc,Ñuñoa,Metropolitana,18.11,UF,30.5,2024-09-25 00:00:00.000000,2024-11-01 00:00:00.000000,departamento,arriendo,owner_direct
TT-2024-11-001998,toctoc,Macul,Metropolitana,1230000.0,CLP,135.9,2024-09-29 00:00:00.000000,2024-11-08 00:00:00.000000,departamento,ARRIENDO,owner_direct
TT-2024-11-003891,toctoc,Estación Central,Metropolitana,11.76,UF,30.8,2024-11-16 00:00:00.000000,2024-11-22 00:00:00.000000,DEPARTAMENTO,ARRIENDO,owner_direct
TT-2024-11-003316,toctoc,Puente Alto,Metropolitana,14.86,UF,54.8,2024-05-11 00:00:00.000000,2024-11-15 00:00:00.000000,departamento,Arriendo,agency
TT-2024-11-005241,toctoc,La Florida,Metropolitana,600000.0,CLP,51.0,2024-11-09 00:00:00.000000,2024-11-29 00:00:00.000000,Departamento,Arriendo,owner_direct
TT-2024-11-003003,toctoc,Independencia,Metropolitana,14.05,UF,38.3,2024-11-02 00:00:00.000000,2024-11-15 00:00:00.000000,Departamento,Arriendo,agency
TT-2024-11-003970,toctoc, Providencia,Metropolitana,1115000.0,CLP,63.6,2024-10-27 00:00:00.000000,2024-11-22 00:00:00.000000,Departamento,arriendo,agency
TT-2024-11-000509,toctoc,Lo Barnechea,Metropolitana,26.22,UF,57.3,2024-07-14 00:00:00.000000,2024-11-01 00:00:00.000000,Departamento,Arriendo,owner_direct
TT-2024-11-002842,toctoc,Independencia,Metropolitana,455000.0,CLP,36.2,2024-05-26 00:00:00.000000,2024-11-15 00:00:00.000000,DEPARTAMENTO,arriendo,owner_direct
TT-2024-11-001478,toctoc,Lo Barnechea,Metropolitana,27.03,UF,55.7,2024-10-16 00:00:00.000000,2024-11-08 00:00:00.000000,Departamento,ARRIENDO,agency
TT-2024-11-001762,toctoc,Santiago,Metropolitana,690000.0,CLP,63.0,2024-06-25 00:00:00.000000,2024-11-08 00:00:00.000000,Departamento,Arriendo,agency
TT-2024-11-004205,toctoc,Cerrillos,Metropolitana,15.41,UF,59.5,2024-09-10 00:00:00.000000,2024-11-22 00:00:00.000000,departamento,ARRIENDO,agency
TT-2024-11-005453,toctoc,Independencia,Metropolitana,11.35,UF,41.8,2024-11-15 00:00:00.000000,2024-11-29 00:00:00.000000,departamento,Arriendo,owner_direct
TT-2024-11-004184,toctoc,Las Condes,Metropolitana,27.03,UF,34.9,2024-10-15 00:00:00.000000,2024-11-22 00:00:00.000000,departamento,ARRIENDO,agency
TT-2024-11-001386,toctoc,La Cisterna,Metropolitana,590000.0,CLP,46.6,2024-10-11 00:00:00.000000,2024-11-08 00:00:00.000000,departamento,ARRIENDO,owner_direct
TT-2024-11-000456,toctoc,San Joaquín,Metropolitana,530000.0,CLP,48.8,2024-10-22 00:00:00.000000,2024-11-01 00:00:00.000000,DEPARTAMENTO,arriendo,
TT-2024-11-003033,toctoc,Ñuñoa,Metropolitana,850000.0,CLP,55.9,2024-10-11 00:00:00.000000,2024-11-15 00:00:00.000000,departamento,arriendo,owner_direct
TT-2024-11-004546,toctoc,Estación Central,Metropolitana,575000.0,CLP,49.7,2024-10-27 00:00:00.000000,2024-11-29 00:00:00.000000,DEPARTAMENTO,arriendo,owner_direct
TT-2024-11-004198,toctoc,Recoleta,Metropolitana,14.05,UF,43.5,2024-06-29 00:00:00.000000,2024-11-22 00:00:00.000000,DEPARTAMENTO,ARRIENDO,owner_direct
TT-2024-11-003402,toctoc,Estación Central,Metropolitana,395000.0,CLP,41.3,2024-10-09 00:00:00.000000,2024-11-22 00:00:00.000000,DEPARTAMENTO,arriendo,agency
TT-2024-11-001039,toctoc,Santiago,Metropolitana,655000.0,CLP,72.7,2024-10-11 00:00:00.000000,2024-11-01 00:00:00.000000,DEPARTAMENTO,ARRIENDO,owner_direct
TT-2024-11-002210,toctoc,Ñuñoa,Metropolitana,24.73,UF,59.9,2024-10-30 00:00:00.000000,2024-11-15 00:00:00.000000,DEPARTAMENTO,Arriendo,
TT-2024-11-001060,toctoc,Estación Central,Metropolitana,12.43,UF,35.2,2024-07-01 00:00:00.000000,2024-11-01 00:00:00.000000,DEPARTAMENTO,Arriendo,agency
TT-2024-11-000837,toctoc,San Miguel,Metropolitana,16.89,UF,66.1,2024-10-20 00:00:00.000000,2024-11-01 00:00:00.000000,Departamento,ARRIENDO,owner_direct
TT-2024-11-000027,toctoc,San Joaquín,Metropolitana,525000.0,CLP,51.0,2024-09-23 00:00:00.000000,2024-11-01 00:00:00.000000,Departamento,Arriendo,owner_direct
TT-2024-11-001585,toctoc,Conchalí,Metropolitana,545000.0,CLP,56.9,2024-09-30 00:00:00.000000,2024-11-08 00:00:00.000000,departamento,arriendo,agency
TT-2024-11-000226,toctoc,Independencia,Metropolitana,12.7,UF,39.6,2024-10-29 00:00:00.000000,2024-11-01 00:00:00.000000,Departamento,Arriendo,agency
TT-2024-11-002397,toctoc,Ñuñoa,Metropolitana,775000.0,CLP,40.1,2024-11-10 00:00:00.000000,2024-11-15 00:00:00.000000,DEPARTAMENTO,Arriendo,
TT-2024-11-003878,toctoc,Las Condes,Metropolitana,40.95,UF,77.4,2024-10-31 00:00:00.000000,2024-11-22 00:00:00.000000,DEPARTAMENTO,Arriendo,owner_direct
TT-2024-11-002313,toctoc,Ñuñoa,Metropolitana,16.76,UF,41.6,2024-11-01 00:00:00.000000,2024-11-15 00:00:00.000000,Departamento,ARRIENDO,agency
TT-2024-11-005321,toctoc,La Florida,Metropolitana,17.16,UF,48.2,2024-10-27 00:00:00.000000,2024-11-29 00:00:00.000000,departamento,Arriendo,owner_direct
TT-2024-11-004187,toctoc,Pudahuel,Metropolitana,395000.0,CLP,40.1,2024-11-01 00:00:00.000000,2024-11-22 00:00:00.000000,Departamento,Arriendo,owner_direct
TT-2024-11-000416,toctoc,Providencia,Metropolitana,1420000.0,CLP,70.6,2024-08-21 00:00:00.000000,2024-11-01 00:00:00.000000,DEPARTAMENTO,arriendo,owner_direct
TT-2024-11-002929,toctoc,Estación Central,Metropolitana,440000.0,CLP,34.4,2024-07-23 00:00:00.000000,2024-11-15 00:00:00.000000,departamento,ARRIENDO,owner_direct
TT-2024-11-003029,toctoc,Estación Central,Metropolitana,485000.0,CLP,46.2,2024-10-20 00:00:00.000000,2024-11-15 00:00:00.000000,departamento,ARRIENDO,owner_direct
TT-2024-11-004183,toctoc,San Miguel,Metropolitana,19.46,UF,52.8,2024-11-09 00:00:00.000000,2024-11-22 00:00:00.000000,Departamento,arriendo,owner_direct
TT-2024-11-000159,toctoc,Pudahuel,Metropolitana,460000.0,CLP,52.8,2024-09-05 00:00:00.000000,2024-11-01 00:00:00.000000,DEPARTAMENTO,arriendo,agency
TT-2024-11-005232,toctoc,Santiago,Metropolitana,735000.0,CLP,62.5,2024-10-13 00:00:00.000000,2024-11-29 00:00:00.000000,departamento,ARRIENDO,agency
TT-2024-11-005333,toctoc,Puente Alto,Metropolitana,13.51,UF,54.9,2024-11-12 00:00:00.000000,2024-11-29 00:00:00.000000,departamento,arriendo,agency
TT-2024-11-003709,toctoc,Ñuñoa,Metropolitana,19.46,UF,41.9,2024-08-16 00:00:00.000000,2024-11-22 00:00:00.000000,departamento,ARRIENDO,agency
TT-2024-11-003208,toctoc,Puente Alto,Metropolitana,640000.0,CLP,86.3,2024-10-13 00:00:00.000000,2024-11-15 00:00:00.000000,Departamento,ARRIENDO,owner_direct
TT-2024-11-001278,toctoc,Santiago,Metropolitana,14.86,UF,44.7,2024-10-17 00:00:00.000000,2024-11-08 00:00:00.000000,Departamento,arriendo,agency
TT-2024-11-005382,toctoc,Huechuraba,Metropolitana,13.92,UF,37.1,2024-11-26 00:00:00.000000,2024-11-29 00:00:00.000000,departamento,Arriendo,owner_direct
TT-2024-11-004369,toctoc,La Florida,Metropolitana,15.0,UF,60.8,2024-10-26 00:00:00.000000,2024-11-29 00:00:00.000000,Departamento,arriendo,owner_direct
TT-2024-11-002965,toctoc,Lo Barnechea,Metropolitana,30.68,UF,66.9,2024-11-05 00:00:00.000000,2024-11-15 00:00:00.000000,departamento,Arriendo,owner_direct
TT-2024-11-004714,toctoc,Ñuñoa,Metropolitana,20.0,UF,37.3,2024-11-19 00:00:00.000000,2024-11-29 00:00:00.000000,DEPARTAMENTO,ARRIENDO,owner_direct
TT-2024-11-003469,toctoc,Quinta Normal,Metropolitana,630000.0,CLP,60.5,2024-11-19 00:00:00.000000,2024-11-22 00:00:00.000000,DEPARTAMENTO,ARRIENDO,owner_direct
TT-2024-11-004532,toctoc,MACUL,Metropolitana,13.78,UF,38.1,2024-11-10 00:00:00.000000,2024-11-29 00:00:00.000000,Departamento,Arriendo,owner_direct
TT-2024-11-001422,toctoc,Macul,Metropolitana,15.68,UF,36.7,2024-10-23 00:00:00.000000,2024-11-08 00:00:00.000000,departamento,arriendo,agency
TT-2024-11-004889,toctoc,Santiago,Metropolitana,14.46,UF,37.2,2024-11-07 00:00:00.000000,2024-11-29 00:00:00.000000,Departamento,arriendo,agency
TT-2024-11-002092,toctoc,Quinta Normal,Metropolitana,395000.0,CLP,37.6,2024-10-22 00:00:00.000000,2024-11-08 00:00:00.000000,departamento,Arriendo,agency
TT-2024-11-000206,toctoc,Lo Barnechea,Metropolitana,13655000.0,CLP,106.2,2024-10-17 00:00:00.000000,2024-11-01 00:00:00.000000,Departamento,ARRIENDO,agency
TT-2024-11-002761,toctoc,Ñuñoa,Metropolitana,18.65,UF,53.7,2024-09-02 00:00:00.000000,2024-11-15 00:00:00.000000,Departamento,ARRIENDO,agency
TT-2024-11-005268,toctoc,Estación Central,Metropolitana,425000.0,CLP,29.1,2024-11-16 00:00:00.000000,2024-11-29 00:00:00.000000,DEPARTAMENTO,arriendo,agency
TT-2024-11-000723,toctoc,Independencia,Metropolitana,11.89,UF,34.8,2024-10-11 00:00:00.000000,2024-11-01 00:00:00.000000,departamento,ARRIENDO,agency
TT-2024-11-003983,toctoc,Peñalolén,Metropolitana,14.86,UF,40.4,2024-11-13 00:00:00.000000,2024-11-22 00:00:00.000000,Departamento,arriendo,agency
TT-2024-11-002129,toctoc,San Miguel,Metropolitana,16.62,UF,50.8,2024-10-27 00:00:00.000000,2024-11-08 00:00:00.000000,departamento,Arriendo,agency
TT-2024-11-004082,toctoc,La Florida,Metropolitana,635000.0,CLP,67.9,2024-10-13 00:00:00.000000,2024-11-22 00:00:00.000000,Departamento,Arriendo,owner_direct
TT-2024-11-000384,toctoc,Recoleta,Metropolitana,510000.0,CLP,45.7,2024-08-26 00:00:00.000000,2024-11-01 00:00:00.000000,departamento,Arriendo,agency
TT-2024-11-005391,toctoc,Santiago ,Metropolitana,15.0,UF,47.0,2024-06-14 00:00:00.000000,2024-11-29 00:00:00.000000,Departamento,arriendo,agency
TT-2024-11-005263,toctoc,Santiago,Metropolitana,12.97,UF,43.5,2024-10-28 00:00:00.000000,2024-11-29 00:00:00.000000,DEPARTAMENTO,ARRIENDO,agency
TT-2024-11-002768,toctoc,Ñuñoa,Metropolitana,765000.0,CLP,43.4,2024-10-29 00:00:00.000000,2024-11-15 00:00:00.000000,departamento,ARRIENDO,owner_direct
TT-2024-11-003217,toctoc,Ñuñoa,Metropolitana,1030000.0,CLP,65.7,2024-11-11 00:00:00.000000,2024-11-15 00:00:00.000000,DEPARTAMENTO,ARRIENDO,owner_direct
TT-2024-11-000606,toctoc,Huechuraba,Metropolitana,780000.0,CLP,53.9,2024-10-13 00:00:00.000000,2024-11-01 00:00:00.000000,departamento,Arriendo,owner_direct
TT-2024-11-000715,toctoc,Peñalolén,Metropolitana,10.41,UF,27.1,2024-10-26 00:00:00.000000,2024-11-01 00:00:00.000000,DEPARTAMENTO,Arriendo,
TT-2024-11-005500,toctoc,Independencia,Metropolitana,445000.0,CLP,33.1,2024-08-11 00:00:00.000000,2024-11-29 00:00:00.000000,DEPARTAMENTO,ARRIENDO,agency
TT-2024-11-002045,toctoc,Renca,Metropolitana,295000.0,CLP,1.0,2024-10-08 00:00:00.000000,2024-11-08 00:00:00.000000,departamento,arriendo,owner_direct
TT-2024-11-004980,toctoc,San Miguel,Metropolitana,15.68,UF,39.2,2024-11-01 00:00:00.000000,2024-11-29 00:00:00.000000,departamento,ARRIENDO,agency
TT-2024-11-002456,toctoc,Macul,Metropolitana,645000.0,CLP,41.6,2024-10-24 00:00:00.000000,2024-11-15 00:00:00.000000,DEPARTAMENTO,Arriendo,agency
TT-2024-11-002739,toctoc,Vitacura,Metropolitana,1225000.0,CLP,49.6,2024-05-27 00:00:00.000000,2024-11-15 00:00:00.000000,Departamento,arriendo,owner_direct
TT-2024-11-003976,toctoc,Quilicura,Metropolitana,11.22,UF,40.9,2024-11-10 00:00:00.000000,2024-11-22 00:00:00.000000,Departamento,ARRIENDO,
TT-2024-11-002009,toctoc,Pudahuel,Metropolitana,13.38,UF,49.1,2024-11-07 00:00:00.000000,2024-11-08 00:00:00.000000,Departamento,ARRIENDO,owner_direct
TT-2024-11-002944,toctoc,La Reina,Metropolitana,670000.0,CLP,29.1,2024-10-21 00:00:00.000000,2024-11-15 00:00:00.000000,departamento,arriendo,owner_direct
TT-2024-11-002143,toctoc,Independencia,Metropolitana,15.68,UF,48.2,2024-10-25 00:00:00.000000,2024-11-08 00:00:00.000000,Departamento,ARRIENDO,agency
TT-2024-11-002000,toctoc,La Florida,Metropolitana,445000.0,CLP,35.3,2024-09-21 00:00:00.000000,2024-11-08 00:00:00.000000,Departamento,Arriendo,agency
TT-2024-11-002014,toctoc,Las Condes,Metropolitana,39.59,UF,71.7,2024-10-03 00:00:00.000000,2024-11-08 00:00:00.000000,Departamento,arriendo,agency
TT-2024-11-005190,toctoc,Providencia,Metropolitana,900000.0,CLP,39.4,2024-11-16 00:00:00.000000,2024-11-29 00:00:00.000000,departamento,arriendo,agency
TT-2024-11-003366,toctoc,La Florida,Metropolitana,705000.0,CLP,63.7,2024-10-16 00:00:00.000000,2024-11-15 00:00:00.000000,Departamento,ARRIENDO,agency
TT-2024-11-003491,toctoc,Macul,Metropolitana,16.35,UF,52.5,2024-10-26 00:00:00.000000,2024-11-22 00:00:00.000000,DEPARTAMENTO,arriendo,agency
TT-2024-11-001338,toctoc,Quilicura,Metropolitana,410000.0,CLP,28.2,2024-10-11 00:00:00.000000,2024-11-08 00:00:00.000000,DEPARTAMENTO,ARRIENDO,owner_direct
TT-2024-11-004551,toctoc,Macul,Metropolitana,17.03,UF,48.4,2024-11-22 00:00:00.000000,2024-11-29 00:00:00.000000,Departamento,ARRIENDO,owner_direct
TT-2024-11-000556,toctoc,Independencia,Metropolitana,21.62,UF,73.7,2024-10-05 00:00:00.000000,2024-11-01 00:00:00.000000,departamento,ARRIENDO,owner_direct
TT-2024-11-003602,toctoc,Ñuñoa,Metropolitana,735000.0,CLP,64.7,2024-09-05 00:00:00.000000,2024-11-22 00:00:00.000000,Departamento,arriendo,agency
TT-2024-11-005245,toctoc,Quinta Normal,Metropolitana,10.68,UF,45.7,2024-07-12 00:00:00.000000,2024-11-29 00:00:00.000000,departamento,Arriendo,owner_direct
TT-2024-11-000822,toctoc,San Miguel,Metropolitana,15.27,UF,42.0,2024-10-27 00:00:00.000000,2024-11-01 00:00:00.000000,DEPARTAMENTO,arriendo,agency
TT-2024-11-004165,toctoc,Providencia,Metropolitana,26.35,UF,46.6,2024-09-01 00:00:00.000000,2024-11-22 00:00:00.000000,Departamento,Arriendo,agency
TT-2024-11-004111,toctoc,Santiago,Metropolitana,14.73,UF,28.6,2024-11-04 00:00:00.000000,2024-11-22 00:00:00.000000,departamento,arriendo,agency
TT-2024-11-002530,toctoc,Ñuñoa,Metropolitana,22.3,UF,48.6,2024-11-13 00:00:00.000000,2024-11-15 00:00:00.000000,departamento,arriendo,agency
TT-2024-11-000287,toctoc,Las Condes,Metropolitana,25.41,UF,57.4,2024-10-23 00:00:00.000000,2024-11-01 00:00:00.000000,DEPARTAMENTO,ARRIENDO,owner_direct
TT-2024-11-003961,toctoc,Independencia,Metropolitana,180.27,UF,61.1,2024-11-05 00:00:00.000000,2024-11-22 00:00:00.000000,departamento,Arriendo,owner_direct
TT-2024-11-002661,toctoc,Recoleta,Metropolitana,18.24,UF,91.5,2024-11-03 00:00:00.000000,2024-11-15 00:00:00.000000,departamento,Arriendo,agency
TT-2024-11-005393,toctoc,Ñuñoa,Metropolitana,18.24,UF,35.7,2024-11-15 00:00:00.000000,2024-11-29 00:00:00.000000,DEPARTAMENTO,arriendo,agency
TT-2024-11-004280,toctoc,Providencia,Metropolitana,17.43,UF,21.9,2024-11-07 00:00:00.000000,2024-11-22 00:00:00.000000,Departamento,ARRIENDO,agency
TT-2024-11-003569,toctoc,Vitacura,Metropolitana,1335000.0,CLP,58.0,2024-11-05 00:00:00.000000,2024-11-22 00:00:00.000000,departamento,Arriendo,owner_direct
TT-2024-11-001705,toctoc,Lo Barnechea,Metropolitana,40.14,UF,105.9,2024-10-30 00:00:00.000000,2024-11-08 00:00:00.000000,Departamento,Arriendo,agency
TT-2024-11-001157,toctoc,La Cisterna,Metropolitana,13.51,UF,34.4,2024-05-07 00:00:00.000000,2024-11-01 00:00:00.000000,DEPARTAMENTO,ARRIENDO,agency
TT-2024-11-005359,toctoc,Providencia,Metropolitana,940000.0,CLP,49.9,2024-11-12 00:00:00.000000,2024-11-29 00:00:00.000000,Departamento,arriendo,
TT-2024-11-003238,toctoc,Santiago,Metropolitana,10.14,UF,25.6,2024-10-23 00:00:00.000000,2024-11-15 00:00:00.000000,Departamento,arriendo,agency
TT-2024-11-000293,toctoc,Santiago,Metropolitana,680000.0,CLP,53.1,2024-07-01 00:00:00.000000,2024-11-01 00:00:00.000000,DEPARTAMENTO,ARRIENDO,agency
TT-2024-11-001270,toctoc,Quinta Normal,Metropolitana,12.57,UF,40.7,2024-11-07 00:00:00.000000,2024-11-08 00:00:00.000000,departamento,arriendo,owner_direct
TT-2024-11-000514,toctoc,Santiago,Metropolitana,20.0,UF,52.8,2024-10-18 00:00:00.000000,2024-11-01 00:00:00.000000,DEPARTAMENTO,Arriendo,owner_direct
TT-2024-11-002384,toctoc,Quilicura,Metropolitana,410000.0,CLP,29.6,2024-11-02 00:00:00.000000,2024-11-15 00:00:00.000000,Departamento,ARRIENDO,agency
TT-2024-11-002447,toctoc,Peñalolén,Metropolitana,15.41,UF,54.1,2024-10-23 00:00:00.000000,2024-11-15 00:00:00.000000,DEPARTAMENTO,Arriendo,owner_direct
TT-2024-11-001589,toctoc, Maipú,Metropolitana,450000.0,CLP,32.7,2024-10-27 00:00:00.000000,2024-11-08 00:00:00.000000,DEPARTAMENTO,Arriendo,owner_direct
TT-2024-11-003222,toctoc,Conchalí,Metropolitana,16.49,UF,77.2,2024-09-25 00:00:00.000000,2024-11-15 00:00:00.000000,departamento,ARRIENDO,owner_direct
TT-2024-11-001534,toctoc,Quinta Normal,Metropolitana,580000.0,CLP,43.3,2024-10-03 00:00:00.000000,2024-11-08 00:00:00.000000,departamento,ARRIENDO,agency
TT-2024-11-000895,toctoc,Recoleta,Metropolitana,16.62,UF,57.3,2024-10-13 00:00:00.000000,2024-11-01 00:00:00.000000,Departamento,arriendo,owner_direct
TT-2024-11-000717,toctoc,Estación Central,Metropolitana,15.68,UF,60.1,2024-03-30 00:00:00.000000,2024-11-01 00:00:00.000000,Departamento,ARRIENDO,agency
TT-2024-11-002909,toctoc,Providencia,Metropolitana,21.62,UF,27.1,2024-11-02 00:00:00.000000,2024-11-15 00:00:00.000000,DEPARTAMENTO,Arriendo,agency
TT-2024-11-004558,toctoc,Macul,Metropolitana,16.22,UF,42.4,2024-10-23 00:00:00.000000,2024-11-29 00:00:00.000000,Departamento,Arriendo,owner_direct
TT-2024-11-005015,toctoc,La Cisterna,Metropolitana,555000.0,CLP,42.1,2024-11-05 00:00:00.000000,2024-11-29 00:00:00.000000,departamento,ARRIENDO,owner_direct
TT-2024-11-004439,toctoc,Las Condes,Metropolitana,28.24,UF,51.9,2024-10-11 00:00:00.000000,2024-11-29 00:00:00.000000,departamento,arriendo,agency
TT-2024-11-003812,toctoc,Conchalí,Metropolitana,455000.0,CLP,44.3,2024-07-26 00:00:00.000000,2024-11-22 00:00:00.000000,departamento,arriendo,agency
TT-2024-11-001198,toctoc,La Cisterna,Metropolitana,12.43,UF,36.3,2024-09-26 00:00:00.000000,2024-11-01 00:00:00.000000,Departamento,ARRIENDO,owner_direct
TT-2024-11-002258,toctoc,Macul,Metropolitana,8220000.0,CLP,1200.0,2024-10-25 00:00:00.000000,2024-11-15 00:00:00.000000,Departamento,arriendo,agency
TT-2024-11-004869,toctoc,Estación Central,Metropolitana,14.59,UF,47.4,2024-11-05 00:00:00.000000,2024-11-29 00:00:00.000000,departamento,arriendo,agency
TT-2024-11-002429,toctoc,Ñuñoa,Metropolitana,880000.0,CLP,66.4,2024-11-09 00:00:00.000000,2024-11-15 00:00:00.000000,DEPARTAMENTO,Arriendo,owner_direct
TT-2024-11-001864,toctoc,La Cisterna,Metropolitana,15.41,UF,46.1,2024-10-30 00:00:00.000000,2024-11-08 00:00:00.000000,departamento,ARRIENDO,agency
TT-2024-11-005336,toctoc,Peñalolén,Metropolitana,12.43,UF,31.9,2024-11-20 00:00:00.000000,2024-11-29 00:00:00.000000,departamento,Arriendo,owner_direct
TT-2024-11-002919,toctoc,Ñuñoa,Metropolitana,840000.0,CLP,67.6,2024-09-30 00:00:00.000000,2024-11-15 00:00:00.000000,DEPARTAMENTO,arriendo,owner_direct
TT-2024-11-002754,toctoc,Independencia,Metropolitana,10.41,UF,1.0,2024-11-02 00:00:00.000000,2024-11-15 00:00:00.000000,DEPARTAMENTO,arriendo,agency
TT-2024-11-004353,toctoc,Ñuñoa,Metropolitana,625000.0,CLP,29.9,2024-10-31 00:00:00.000000,2024-11-29 00:00:00.000000,Departamento,arriendo,agency
TT-2024-11-001033,toctoc,Independencia,Metropolitana,27.97,UF,117.3,2024-09-19 00:00:00.000000,2024-11-01 00:00:00.000000,Departamento,Arriendo,agency
TT-2024-11-003093,toctoc,Estación Central,Metropolitana,6090000.0,CLP,76.7,2024-10-22 00:00:00.000000,2024-11-15 00:00:00.000000,Departamento,ARRIENDO,owner_direct
TT-2024-11-003374,toctoc, Quinta Normal,Metropolitana,11.76,UF,25.1,2024-11-13 00:00:00.000000,2024-11-22 00:00:00.000000,DEPARTAMENTO,ARRIENDO,owner_direct
TT-2024-11-000526,toctoc,Macul,Metropolitana,195.27,UF,65.6,2024-05-12 00:00:00.000000,2024-11-01 00:00:00.000000,DEPARTAMENTO,arriendo,agency
TT-2024-11-001703,toctoc,Ñuñoa,Metropolitana,20.54,UF,53.7,2024-04-28 00:00:00.000000,2024-11-08 00:00:00.000000,Departamento,arriendo,
TT-2024-11-001693,toctoc,La Florida,Metropolitana,21.76,UF,64.4,2024-10-19 00:00:00.000000,2024-11-08 00:00:00.000000,DEPARTAMENTO,arriendo,agency
TT-2024-11-005137,toctoc,Providencia,Metropolitana,20.95,UF,39.1,2024-11-23 00:00:00.000000,2024-11-29 00:00:00.000000,Departamento,arriendo,agency
TT-2024-11-003536,toctoc,Santiago,Metropolitana,82.97,UF,400.0,2024-11-18 00:00:00.000000,2024-11-22 00:00:00.000000,departamento,arriendo,owner_direct
TT-2024-11-000192,toctoc,Independencia,Metropolitana,14.73,UF,44.8,2024-10-09 00:00:00.000000,2024-11-01 00:00:00.000000,departamento,arriendo,agency
TT-2024-11-004484,toctoc,Ñuñoa,Metropolitana,635000.0,CLP,35.5,2024-05-06 00:00:00.000000,2024-11-29 00:00:00.000000,departamento,arriendo,agency
TT-2024-11-002903,toctoc,Macul,Metropolitana,15.27,UF,35.2,2024-11-10 00:00:00.000000,2024-11-15 00:00:00.000000,departamento,ARRIENDO,owner_direct
TT-2024-11-001203,toctoc,Independencia,Metropolitana,400000.0,CLP,30.9,2024-10-12 00:00:00.000000,2024-11-01 00:00:00.000000,departamento,ARRIENDO,agency
TT-2024-11-003646,toctoc,Santiago,Metropolitana,595000.0,CLP,45.9,2024-10-26 00:00:00.000000,2024-11-22 00:00:00.000000,Departamento,arriendo,agency
TT-2024-11-004248,toctoc,Ñuñoa,Metropolitana,925000.0,CLP,62.1,2024-10-16 00:00:00.000000,2024-11-22 00:00:00.000000,DEPARTAMENTO,Arriendo,agency
TT-2024-11-001057,toctoc,Santiago,Metropolitana,615000.0,CLP,35.9,2024-10-11 00:00:00.000000,2024-11-01 00:00:00.000000,DEPARTAMENTO,arriendo,agency
TT-2024-11-004496,toctoc,Conchalí,Metropolitana,635000.0,CLP,56.6,2024-10-14 00:00:00.000000,2024-11-29 00:00:00.000000,Departamento,arriendo,owner_direct
TT-2024-11-001219,toctoc,Conchalí,Metropolitana,505000.0,CLP,42.4,2024-10-09 00:00:00.000000,2024-11-08 00:00:00.000000,departamento,arriendo,agency
TT-2024-11-002932,toctoc,Maipú,Metropolitana,530000.0,CLP,61.3,2024-10-23 00:00:00.000000,2024-11-15 00:00:00.000000,DEPARTAMENTO,Arriendo,agency
TT-2024-11-004410,toctoc,La Cisterna,Metropolitana,465000.0,CLP,49.4,2024-11-20 00:00:00.000000,2024-11-29 00:00:00.000000,DEPARTAMENTO,arriendo,agency
TT-2024-11-005124,toctoc,Estación Central,Metropolitana,18.92,UF,86.6,2024-11-26 00:00:00.000000,2024-11-29 00:00:00.000000,DEPARTAMENTO,arriendo,agency
TT-2024-11-002972,toctoc,Lo Barnechea,Metropolitana,15.41,UF,26.2,2024-10-28 00:00:00.000000,2024-11-15 00:00:00.000000,DEPARTAMENTO,arriendo,agency
TT-2024-11-000222,toctoc,Las Condes,Metropolitana,21.08,UF,21.5,2024-09-15 00:00:00.000000,2024-11-01 00:00:00.000000,Departamento,ARRIENDO,agency
TT-2024-11-002826,toctoc,San Miguel,Metropolitana,17.03,UF,50.5,2024-11-06 00:00:00.000000,2024-11-15 00:00:00.000000,departamento,Arriendo,owner_direct
TT-2024-11-001063,toctoc,Santiago,Metropolitana,535000.0,CLP,32.6,2024-10-05 00:00:00.000000,2024-11-01 00:00:00.000000,DEPARTAMENTO,Arriendo,agency
TT-2024-11-000940,toctoc,Huechuraba,Metropolitana,710000.0,CLP,48.5,2024-10-09 00:00:00.000000,2024-11-01 00:00:00.000000,DEPARTAMENTO,arriendo,owner_direct
TT-2024-11-003837,toctoc,Peñalolén,Metropolitana,450000.0,CLP,44.1,2024-10-28 00:00:00.000000,2024-11-22 00:00:00.000000,Departamento,arriendo,agency
TT-2024-11-000961,toctoc,Maipú,Metropolitana,12.03,UF,35.1,2024-10-21 00:00:00.000000,2024-11-01 00:00:00.000000,Departamento,arriendo,agency
TT-2024-11-004460,toctoc,Independencia,Metropolitana,630000.0,CLP,48.8,2024-11-23 00:00:00.000000,2024-11-29 00:00:00.000000,departamento,Arriendo,agency
TT-2024-11-000871,toctoc,Renca,Metropolitana,365000.0,CLP,26.7,2024-09-29 00:00:00.000000,2024-11-01 00:00:00.000000,DEPARTAMENTO,ARRIENDO,owner_direct
TT-2024-11-003519,toctoc,Independencia,Metropolitana,750000.0,CLP,68.8,2024-11-04 00:00:00.000000,2024-11-22 00:00:00.000000,departamento,ARRIENDO,agency
TT-2024-11-003995,toctoc,La Florida,Metropolitana,15.27,UF,61.0,2024-09-06 00:00:00.000000,2024-11-22 00:00:00.000000,Departamento,Arriendo,agency
TT-2024-11-003651,toctoc,San Miguel,Metropolitana,16.35,UF,48.6,2024-11-16 00:00:00.000000,2024-11-22 00:00:00.000000,Departamento,ARRIENDO,agency
TT-2024-11-002038,toctoc,Santiago,Metropolitana,14.59,UF,40.3,2024-10-12 00:00:00.000000,2024-11-08 00:00:00.000000,DEPARTAMENTO,arriendo,agency
TT-2024-11-002387,toctoc,Maipú,Metropolitana,16.22,UF,57.5,2024-11-01 00:00:00.000000,2024-11-15 00:00:00.000000,DEPARTAMENTO,arriendo,agency
TT-2024-11-005032,toctoc,Macul,Metropolitana,450000.0,CLP,22.5,2024-11-17 00:00:00.000000,2024-11-29 00:00:00.000000,departamento,Arriendo,agency
TT-2024-11-003567,toctoc,Las Condes,Metropolitana,38.65,UF,103.4,2024-10-29 00:00:00.000000,2024-11-22 00:00:00.000000,departamento,arriendo,agency
TT-2024-11-003993,toctoc,Santiago,Metropolitana,865000.0,CLP,83.5,2024-11-15 00:00:00.000000,2024-11-22 00:00:00.000000,Departamento,ARRIENDO,agency
TT-2024-11-005470,toctoc,Independencia,Metropolitana,900000.0,CLP,91.6,2024-11-18 00:00:00.000000,2024-11-29 00:00:00.000000,Departamento,arriendo,owner_direct
TT-2024-11-004547,toctoc,San Miguel,Metropolitana,22.7,UF,75.2,2024-08-27 00:00:00.000000,2024-11-29 00:00:00.000000,DEPARTAMENTO,Arriendo,agency
TT-2024-11-002890,toctoc,Las Condes,Metropolitana,21.08,UF,34.8,2024-11-01 00:00:00.000000,2024-11-15 00:00:00.000000,DEPARTAMENTO,ARRIENDO,owner_direct
TT-2024-11-002105,toctoc,Quinta Normal,Metropolitana,515000.0,CLP,41.6,2024-10-26 00:00:00.000000,2024-11-08 00:00:00.000000,DEPARTAMENTO,ARRIENDO,agency
TT-2024-11-002532,toctoc,Santiago,Metropolitana,16.49,UF,47.2,2024-10-25 00:00:00.000000,2024-11-15 00:00:00.000000,DEPARTAMENTO,arriendo,owner_direct
TT-2024-11-004012,toctoc,Las Condes,Metropolitana,1395000.0,CLP,65.7,2024-06-01 00:00:00.000000,2024-11-22 00:00:00.000000,DEPARTAMENTO,arriendo,agency
TT-2024-11-003908,toctoc,Santiago,Metropolitana,630000.0,CLP,42.8,2024-11-09 00:00:00.000000,2024-11-22 00:00:00.000000,Departamento,ARRIENDO,agency
TT-2024-11-005173,toctoc,Providencia,Metropolitana,875000.0,CLP,49.8,2024-10-20 00:00:00.000000,2024-11-29 00:00:00.000000,DEPARTAMENTO,arriendo,agency
TT-2024-11-002291,toctoc,Independencia,Metropolitana,445000.0,CLP,39.8,2024-10-21 00:00:00.000000,2024-11-15 00:00:00.000000,departamento,arriendo,owner_direct
TT-2024-11-002253,toctoc,Recoleta,Metropolitana,14.32,UF,40.0,2024-10-25 00:00:00.000000,2024-11-15 00:00:00.000000,DEPARTAMENTO,ARRIENDO,owner_direct
TT-2024-11-001259,toctoc,Ñuñoa,Metropolitana,685000.0,CLP,39.6,2024-10-29 00:00:00.000000,2024-11-08 00:00:00.000000,Departamento,Arriendo,agency
TT-2024-11-000307,toctoc,San Miguel,Metropolitana,16.76,UF,50.1,2024-09-12 00:00:00.000000,2024-11-01 00:00:00.000000,Departamento,Arriendo,agency
TT-2024-11-000077,toctoc,la florida,Metropolitana,440000.0,CLP,37.3,2024-10-27 00:00:00.000000,2024-11-01 00:00:00.000000,DEPARTAMENTO,ARRIENDO,owner_direct
TT-2024-11-004462,toctoc,Las Condes,Metropolitana,31.35,UF,47.1,2024-11-12 00:00:00.000000,2024-11-29 00:00:00.000000,departamento,arriendo,agency
TT-2024-11-003581,toctoc,Quinta Normal,Metropolitana,385000.0,CLP,50.5,2024-10-11 00:00:00.000000,2024-11-22 00:00:00.000000,Departamento,Arriendo,agency
TT-2024-11-000274,toctoc,Providencia,Metropolitana,18.38,UF,24.7,2024-09-22 00:00:00.000000,2024-11-01 00:00:00.000000,departamento,Arriendo,agency
TT-2024-11-002893,toctoc,Ñuñoa,Metropolitana,14.46,UF,24.6,2024-10-22 00:00:00.000000,2024-11-15 00:00:00.000000,Departamento,ARRIENDO,agency
TT-2024-11-003301,toctoc,HUECHURABA,Metropolitana,765000.0,CLP,54.6,2024-05-18 00:00:00.000000,2024-11-15 00:00:00.000000,Departamento,arriendo,agency
TT-2024-11-004971,toctoc,Las Condes,Metropolitana,26.35,UF,40.1,2024-11-22 00:00:00.000000,2024-11-29 00:00:00.000000,Departamento,Arriendo,agency
TT-2024-11-001490,toctoc,Estación Central,Metropolitana,1010000.0,CLP,124.8,2024-10-20 00:00:00.000000,2024-11-08 00:00:00.000000,DEPARTAMENTO,Arriendo,agency
TT-2024-11-000906,toctoc,San Joaquín,Metropolitana,12.16,UF,40.8,2024-10-05 00:00:00.000000,2024-11-01 00:00:00.000000,Departamento,Arriendo,owner_direct
TT-2024-11-003887,toctoc,Providencia,Metropolitana,30.81,UF,59.2,2024-10-07 00:00:00.000000,2024-11-22 00:00:00.000000,Departamento,ARRIENDO,owner_direct
TT-2024-11-001153,toctoc,La Cisterna,Metropolitana,445000.0,CLP,36.3,2024-10-21 00:00:00.000000,2024-11-01 00:00:00.000000,departamento,arriendo,agency
TT-2024-11-001182,toctoc,Las Condes,Metropolitana,955000.0,CLP,44.8,2024-10-09 00:00:00.000000,2024-11-01 00:00:00.000000,DEPARTAMENTO,Arriendo,owner_direct
TT-2024-11-003929,toctoc,La Florida ,Metropolitana,14.59,UF,35.3,2024-11-12 00:00:00.000000,2024-11-22 00:00:00.000000,Departamento,ARRIENDO,agency
TT-2024-11-001707,toctoc,La Reina,Metropolitana,1255000.0,CLP,81.7,2024-10-25 00:00:00.000000,2024-11-08 00:00:00.000000,departamento,arriendo,owner_direct
TT-2024-11-004957,toctoc,Providencia,Metropolitana,26.35,UF,53.8,2024-10-28 00:00:00.000000,2024-11-29 00:00:00.000000,departamento,ARRIENDO,owner_direct
TT-2024-11-004381,toctoc,Las Condes,Metropolitana,935000.0,CLP,44.3,2024-10-26 00:00:00.000000,2024-11-29 00:00:00.000000,Departamento,arriendo,agency
TT-2024-11-003907,toctoc,Recoleta,Metropolitana,745000.0,CLP,68.1,2024-11-03 00:00:00.000000,2024-11-22 00:00:00.000000,departamento,ARRIENDO,agency
TT-2024-11-002755,toctoc,Recoleta,Metropolitana,480000.0,CLP,32.6,2024-11-03 00:00:00.000000,2024-11-15 00:00:00.000000,departamento,Arriendo,owner_direct
TT-2024-11-002912,toctoc,Santiago,Metropolitana,24.86,UF,65.7,2024-11-11 00:00:00.000000,2024-11-15 00:00:00.000000,Departamento,arriendo,agency
TT-2024-11-003855,toctoc,Las Condes,Metropolitana,985000.0,CLP,45.3,2024-10-16 00:00:00.000000,2024-11-22 00:00:00.000000,departamento,Arriendo,owner_direct
TT-2024-11-003860,toctoc,San Joaquín,Metropolitana,17.7,UF,87.8,2024-11-10 00:00:00.000000,2024-11-22 00:00:00.000000,departamento,ARRIENDO,owner_direct
TT-2024-11-005217,toctoc,Maipú,Metropolitana,360000.0,CLP,34.2,2024-10-17 00:00:00.000000,2024-11-29 00:00:00.000000,departamento,Arriendo,agency
TT-2024-11-000653,toctoc,Santiago,Metropolitana,20.54,UF,63.7,2024-09-16 00:00:00.000000,2024-11-01 00:00:00.000000,departamento,arriendo,owner_direct
TT-2024-11-004859,toctoc,La Reina,Metropolitana,645000.0,CLP,28.7,2024-11-02 00:00:00.000000,2024-11-29 00:00:00.000000,DEPARTAMENTO,arriendo,agency
TT-2024-11-004518,toctoc,San Miguel,Metropolitana,17.97,UF,55.8,2024-06-17 00:00:00.000000,2024-11-29 00:00:00.000000,Departamento,Arriendo,agency
TT-2024-11-005349,toctoc,Santiago,Metropolitana,535000.0,CLP,35.0,2024-11-15 00:00:00.000000,2024-11-29 00:00:00.000000,DEPARTAMENTO,ARRIENDO,owner_direct
TT-2024-11-002292,toctoc,Estación Central,Metropolitana,14.73,UF,51.8,2024-11-10 00:00:00.000000,2024-11-15 00:00:00.000000,departamento,ARRIENDO,agency
TT-2024-11-002570,toctoc,Vitacura,Metropolitana,41.62,UF,93.8,2024-05-19 00:00:00.000000,2024-11-15 00:00:00.000000,Departamento,ARRIENDO,agency
TT-2024-11-000636,toctoc,Santiago,Metropolitana,445000.0,CLP,26.1,2024-10-07 00:00:00.000000,2024-11-01 00:00:00.000000,DEPARTAMENTO,Arriendo,agency
TT-2024-11-000372,toctoc,Estación Central,Metropolitana,460000.0,CLP,43.0,2024-10-10 00:00:00.000000,2024-11-01 00:00:00.000000,Departamento,Arriendo,agency
TT-2024-11-003868,toctoc,Maipú,Metropolitana,520000.0,CLP,50.4,2024-10-31 00:00:00.000000,2024-11-22 00:00:00.000000,DEPARTAMENTO,arriendo,agency
TT-2024-11-005046,toctoc,Santiago,Metropolitana,535000.0,CLP,33.2,2024-10-26 00:00:00.000000,2024-11-29 00:00:00.000000,departamento,Arriendo,agency
TT-2024-11-004631,toctoc,Las Condes,Metropolitana,28.92,UF,47.8,2024-11-12 00:00:00.000000,2024-11-29 00:00:00.000000,DEPARTAMENTO,ARRIENDO,agency
TT-2024-11-001872,toctoc,Quinta Normal,Metropolitana,585000.0,CLP,55.5,2024-08-31 00:00:00.000000,2024-11-08 00:00:00.000000,Departamento,ARRIENDO,agency
TT-2024-11-002985,toctoc,Lo Barnechea,Metropolitana,35.68,UF,94.5,2024-09-23 00:00:00.000000,2024-11-15 00:00:00.000000,Departamento,ARRIENDO,agency
TT-2024-11-003342,toctoc,Macul,Metropolitana,23.24,UF,77.6,2024-10-29 00:00:00.000000,2024-11-15 00:00:00.000000,DEPARTAMENTO,ARRIENDO,agency
TT-2024-11-004610,toctoc,Huechuraba,Metropolitana,20.14,UF,54.7,2024-11-14 00:00:00.000000,2024-11-29 00:00:00.000000,DEPARTAMENTO,ARRIENDO,agency
TT-2024-11-000275,toctoc,Las Condes,Metropolitana,1130000.0,CLP,40.4,2024-10-04 00:00:00.000000,2024-11-01 00:00:00.000000,DEPARTAMENTO,Arriendo,owner_direct
TT-2024-11-002657,toctoc,La Cisterna,Metropolitana,480000.0,CLP,41.0,2024-10-18 00:00:00.000000,2024-11-15 00:00:00.000000,departamento,ARRIENDO,agency
TT-2024-11-005159,toctoc,Santiago,Metropolitana,20.54,UF,50.0,2024-11-02 00:00:00.000000,2024-11-29 00:00:00.000000,Departamento,arriendo,agency
TT-2024-11-005442,toctoc,Lo Barnechea,Metropolitana,24.32,UF,40.3,2024-10-27 00:00:00.000000,2024-11-29 00:00:00.000000,Departamento,arriendo,agency
TT-2024-11-003725,toctoc,La Florida,Metropolitana,15.68,UF,48.4,2024-11-12 00:00:00.000000,2024-11-22 00:00:00.000000,DEPARTAMENTO,Arriendo,owner_direct
TT-2024-11-002438,toctoc,Puente Alto,Metropolitana,9.19,UF,38.5,2024-11-03 00:00:00.000000,2024-11-15 00:00:00.000000,Departamento,ARRIENDO,agency
TT-2024-11-001970,toctoc,Santiago,Metropolitana,985000.0,CLP,80.7,2024-11-04 00:00:00.000000,2024-11-08 00:00:00.000000,departamento,Arriendo,agency
TT-2024-11-004008,toctoc,Independencia,Metropolitana,525000.0,CLP,51.0,2024-11-04 00:00:00.000000,2024-11-22 00:00:00.000000,departamento,arriendo,agency
TT-2024-11-003786,toctoc,Estación Central,Metropolitana,485000.0,CLP,48.3,2024-11-04 00:00:00.000000,2024-11-22 00:00:00.000000,Departamento,arriendo,agency
TT-2024-11-004120,toctoc,Recoleta,Metropolitana,12.16,UF,8.0,2024-10-15 00:00:00.000000,2024-11-22 00:00:00.000000,DEPARTAMENTO,arriendo,owner_direct
TT-2024-11-005162,toctoc,Puente Alto,Metropolitana,350000.0,CLP,24.0,2024-11-09 00:00:00.000000,2024-11-29 00:00:00.000000,Departamento,ARRIENDO,owner_direct
TT-2024-11-004334,toctoc,San Miguel,Metropolitana,700000.0,CLP,51.3,2024-10-18 00:00:00.000000,2024-11-29 00:00:00.000000,Departamento,arriendo,agency
TT-2024-11-005098,toctoc,Las Condes,Metropolitana,37.7,UF,84.6,2024-11-06 00:00:00.000000,2024-11-29 00:00:00.000000,Departamento,ARRIENDO,owner_direct
TT-2024-11-003444,toctoc,Las Condes,Metropolitana,1535000.0,CLP,85.5,2024-05-13 00:00:00.000000,2024-11-22 00:00:00.000000,Departamento,Arriendo,owner_direct
TT-2024-11-001237,toctoc,Providencia,Metropolitana,32.97,UF,54.8,2024-08-09 00:00:00.000000,2024-11-08 00:00:00.000000,Departamento,Arriendo,owner_direct
TT-2024-11-004607,toctoc,Las Condes,Metropolitana,21.35,UF,30.0,2024-11-09 00:00:00.000000,2024-11-29 00:00:00.000000,DEPARTAMENTO,Arriendo,owner_direct
TT-2024-11-003363,toctoc,Estación Central,Metropolitana,10.14,UF,45.5,2024-06-15 00:00:00.000000,2024-11-15 00:00:00.000000,departamento,ARRIENDO,agency
TT-2024-11-005086,toctoc,Santiago,Metropolitana,20.27,UF,60.2,2024-10-06 00:00:00.000000,2024-11-29 00:00:00.000000,departamento,arriendo,agency
TT-2024-11-005210,toctoc,Independencia,Metropolitana,480000.0,CLP,46.0,2024-06-20 00:00:00.000000,2024-11-29 00:00:00.000000,departamento,arriendo,agency
TT-2024-11-004442,toctoc,Pudahuel,Metropolitana,21.22,UF,84.8,2024-11-12 00:00:00.000000,2024-11-29 00:00:00.000000,DEPARTAMENTO,Arriendo,agency
TT-2024-11-003434,toctoc,La Florida,Metropolitana,18.51,UF,57.9,2024-07-21 00:00:00.000000,2024-11-22 00:00:00.000000,departamento,arriendo,owner_direct
TT-2024-11-005262,toctoc,La Florida,Metropolitana,620000.0,CLP,57.4,2024-11-06 00:00:00.000000,2024-11-29 00:00:00.000000,DEPARTAMENTO,ARRIENDO,agency
TT-2024-11-001159,toctoc,Providencia,Metropolitana,27.16,UF,65.9,2024-10-19 00:00:00.000000,2024-11-01 00:00:00.000000,DEPARTAMENTO,ARRIENDO,
TT-2024-11-004403,toctoc,Vitacura,Metropolitana,1375000.0,CLP,52.8,2024-11-06 00:00:00.000000,2024-11-29 00:00:00.000000,DEPARTAMENTO,ARRIENDO,agency
TT-2024-11-003431,toctoc,Santiago,Metropolitana,14.86,UF,57.7,2024-11-05 00:00:00.000000,2024-11-22 00:00:00.000000,DEPARTAMENTO,arriendo,agency
TT-2024-11-002398,toctoc,Vitacura,Metropolitana,1205000.0,CLP,50.4,2024-11-08 00:00:00.000000,2024-11-15 00:00:00.000000,Departamento,Arriendo,agency
TT-2024-11-003821,toctoc,Providencia,Metropolitana,29.86,UF,50.2,2024-11-16 00:00:00.000000,2024-11-22 00:00:00.000000,DEPARTAMENTO,arriendo,agency
TT-2024-11-000248,toctoc,Puente Alto,Metropolitana,9.19,UF,29.1,2024-06-03 00:00:00.000000,2024-11-01 00:00:00.000000,Departamento,Arriendo,agency
TT-2024-11-001082,toctoc,Maipú,Metropolitana,25.81,UF,112.7,2024-10-21 00:00:00.000000,2024-11-01 00:00:00.000000,DEPARTAMENTO,ARRIENDO,agency
TT-2024-11-003566,toctoc,Maipú,Metropolitana,10.0,UF,35.7,2024-10-18 00:00:00.000000,2024-11-22 00:00:00.000000,departamento,ARRIENDO,agency
TT-2024-11-003640,toctoc,Recoleta,Metropolitana,495000.0,CLP,50.1,2024-11-10 00:00:00.000000,2024-11-22 00:00:00.000000,departamento,ARRIENDO,agency
TT-2024-11-002131,toctoc,Las Condes,Metropolitana,8560000.0,CLP,31.9,2024-10-19 00:00:00.000000,2024-11-08 00:00:00.000000,Departamento,arriendo,agency
TT-2024-11-002906,toctoc,Puente Alto,Metropolitana,11.22,UF,42.5,2024-11-07 00:00:00.000000,2024-11-15 00:00:00.000000,departamento,ARRIENDO,owner_direct
TT-2024-11-003974,toctoc,San Miguel,Metropolitana,575000.0,CLP,36.4,2024-11-07 00:00:00.000000,2024-11-22 00:00:00.000000,Departamento,Arriendo,owner_direct
TT-2024-11-003415,toctoc,Providencia,Metropolitana,1315000.0,CLP,61.1,2024-10-23 00:00:00.000000,2024-11-22 00:00:00.000000,DEPARTAMENTO,arriendo,owner_direct
TT-2024-11-000845,toctoc,La Florida,Metropolitana,14.73,UF,50.0,2024-10-24 00:00:00.000000,2024-11-01 00:00:00.000000,Departamento,ARRIENDO,agency
TT-2024-11-001730,toctoc,Independencia,Metropolitana,10.95,UF,41.7,2024-08-22 00:00:00.000000,2024-11-08 00:00:00.000000,departamento,arriendo,agency
TT-2024-11-002075,toctoc,Recoleta ,Metropolitana,560000.0,CLP,54.7,2024-10-01 00:00:00.000000,2024-11-08 00:00:00.000000,departamento,arriendo,owner_direct
TT-2024-11-002454,toctoc,Peñalolén,Metropolitana,580000.0,CLP,45.9,2024-10-08 00:00:00.000000,2024-11-15 00:00:00.000000,DEPARTAMENTO,arriendo,agency
TT-2024-11-002583,toctoc,La Florida,Metropolitana,14.05,UF,40.2,2024-10-10 00:00:00.000000,2024-11-15 00:00:00.000000,DEPARTAMENTO,ARRIENDO,agency
TT-2024-11-002670,toctoc,Macul,Metropolitana,905000.0,CLP,81.3,2024-10-27 00:00:00.000000,2024-11-15 00:00:00.000000,departamento,arriendo,agency
TT-2024-11-001959,toctoc,Maipú,Metropolitana,19.32,UF,71.7,2024-09-30 00:00:00.000000,2024-11-08 00:00:00.000000,Departamento,ARRIENDO,agency
TT-2024-11-004548,toctoc,Santiago,Metropolitana,765000.0,CLP,60.1,2024-10-16 00:00:00.000000,2024-11-29 00:00:00.000000,departamento,Arriendo,owner_direct
TT-2024-11-000736,toctoc,Maipú,Metropolitana,455000.0,CLP,31.5,2024-09-01 00:00:00.000000,2024-11-01 00:00:00.000000,Departamento,ARRIENDO,owner_direct
TT-2024-11-003362,toctoc,Estación Central,Metropolitana,15.27,UF,43.2,2024-10-14 00:00:00.000000,2024-11-15 00:00:00.000000,DEPARTAMENTO,Arriendo,agency
TT-2024-11-004042,toctoc,La Reina,Metropolitana,46.08,UF,129.9,2024-11-08 00:00:00.000000,2024-11-22 00:00:00.000000,departamento,arriendo,agency
TT-2024-11-003259,toctoc,Ñuñoa,Metropolitana,13.92,UF,26.9,2024-10-15 00:00:00.000000,2024-11-15 00:00:00.000000,Departamento,arriendo,owner_direct
TT-2024-11-003129,toctoc,San Miguel,Metropolitana,815000.0,CLP,78.8,2024-10-27 00:00:00.000000,2024-11-15 00:00:00.000000,departamento,arriendo,agency
TT-2024-11-000706,toctoc,Peñalolén,Metropolitana,415000.0,CLP,28.9,2024-10-13 00:00:00.000000,2024-11-01 00:00:00.000000,departamento,ARRIENDO,agency
TT-2024-11-003766,toctoc,Santiago,Metropolitana,23.51,UF,77.7,2024-11-04 00:00:00.000000,2024-11-22 00:00:00.000000,departamento,Arriendo,owner_direct
TT-2024-11-000482,toctoc,Santiago,Metropolitana,725000.0,CLP,60.8,2024-10-12 00:00:00.000000,2024-11-01 00:00:00.000000,departamento,Arriendo,owner_direct
TT-2024-11-002430,toctoc,La Florida,Metropolitana,900000.0,CLP,94.7,2024-10-22 00:00:00.000000,2024-11-15 00:00:00.000000,Departamento,Arriendo,owner_direct
TT-2024-11-003978,toctoc,Santiago,Metropolitana,705000.0,CLP,52.8,2024-11-10 00:00:00.000000,2024-11-22 00:00:00.000000,DEPARTAMENTO,ARRIENDO,owner_direct
TT-2024-11-000195,toctoc,Independencia,Metropolitana,795000.0,CLP,92.8,2024-10-26 00:00:00.000000,2024-11-01 00:00:00.000000,departamento,Arriendo,agency
TT-2024-11-003603,toctoc,Santiago,Metropolitana,16.76,UF,43.2,2024-10-12 00:00:00.000000,2024-11-22 00:00:00.000000,Departamento,ARRIENDO,owner_direct
TT-2024-11-002710,toctoc,Macul,Metropolitana,22.7,UF,63.9,2024-08-08 00:00:00.000000,2024-11-15 00:00:00.000000,Departamento,arriendo,agency
TT-2024-11-000371,toctoc,La Cisterna,Metropolitana,14.86,UF,59.3,2024-09-26 00:00:00.000000,2024-11-01 00:00:00.000000,DEPARTAMENTO,Arriendo,agency
TT-2024-11-001492,toctoc,Estación Central,Metropolitana,515000.0,CLP,65.4,2024-10-05 00:00:00.000000,2024-11-08 00:00:00.000000,Departamento,ARRIENDO,agency
TT-2024-11-001965,toctoc,Santiago,Metropolitana,22.84,UF,63.9,2024-09-19 00:00:00.000000,2024-11-08 00:00:00.000000,Departamento,Arriendo,agency
TT-2024-11-005451,toctoc,Providencia,Metropolitana,830000.0,CLP,43.0,2024-11-14 00:00:00.000000,2024-11-29 00:00:00.000000,DEPARTAMENTO,Arriendo,agency
TT-2024-11-003426,toctoc,Maipú,Metropolitana,15.54,UF,54.2,2024-11-01 00:00:00.000000,2024-11-22 00:00:00.000000,Departamento,arriendo,agency
TT-2024-11-000380,toctoc,Pudahuel,Metropolitana,535000.0,CLP,62.2,2024-10-05 00:00:00.000000,2024-11-01 00:00:00.000000,departamento,ARRIENDO,owner_direct
TT-2024-11-003378,toctoc,Providencia,Metropolitana,35.54,UF,67.6,2024-11-04 00:00:00.000000,2024-11-22 00:00:00.000000,departamento,arriendo,agency
TT-2024-11-004537,toctoc,Independencia,Metropolitana,13.24,UF,49.8,2024-08-02 00:00:00.000000,2024-11-29 00:00:00.000000,DEPARTAMENTO,Arriendo,agency
TT-2024-11-002180,toctoc,La Cisterna,Metropolitana,13.38,UF,44.7,2024-11-04 00:00:00.000000,2024-11-15 00:00:00.000000,departamento,ARRIENDO,agency
TT-2024-11-004880,toctoc,Santiago,Metropolitana,775000.0,CLP,96.9,2024-08-17 00:00:00.000000,2024-11-29 00:00:00.000000,DEPARTAMENTO,arriendo,agency
TT-2024-11-000498,toctoc, La Florida,Metropolitana,785000.0,CLP,83.5,2024-09-16 00:00:00.000000,2024-11-01 00:00:00.000000,DEPARTAMENTO,Arriendo,owner_direct
TT-2024-11-004227,toctoc,Conchalí,Metropolitana,19.46,UF,77.3,2024-11-11 00:00:00.000000,2024-11-22 00:00:00.000000,DEPARTAMENTO,Arriendo,owner_direct
TT-2024-11-004511,toctoc,La Cisterna,Metropolitana,715000.0,CLP,92.6,2024-11-21 00:00:00.000000,2024-11-29 00:00:00.000000,Departamento,arriendo,agency
TT-2024-11-000802,toctoc,La Florida,Metropolitana,645000.0,CLP,82.2,2024-10-29 00:00:00.000000,2024-11-01 00:00:00.000000,departamento,arriendo,agency
TT-2024-11-000784,toctoc,Las Condes,Metropolitana,23.38,UF,38.5,2024-10-17 00:00:00.000000,2024-11-01 00:00:00.000000,departamento,Arriendo,owner_direct
TT-2024-11-004849,toctoc,Quilicura,Metropolitana,11.76,UF,34.0,2024-11-10 00:00:00.000000,2024-11-29 00:00:00.000000,Departamento,arriendo,owner_direct
TT-2024-11-002060,toctoc,La Florida,Metropolitana,25.14,UF,95.7,2024-10-21 00:00:00.000000,2024-11-08 00:00:00.000000,DEPARTAMENTO,arriendo,owner_direct
TT-2024-11-005172,toctoc,Quinta Normal,Metropolitana,520000.0,CLP,38.8,2024-10-13 00:00:00.000000,2024-11-29 00:00:00.000000,DEPARTAMENTO,Arriendo,owner_direct
TT-2024-11-003687,toctoc,San Miguel,Metropolitana,690000.0,CLP,47.6,2024-10-14 00:00:00.000000,2024-11-22 00:00:00.000000,departamento,Arriendo,owner_direct
TT-2024-11-003703,toctoc,Ñuñoa,Metropolitana,16.22,UF,42.8,2024-07-07 00:00:00.000000,2024-11-22 00:00:00.000000,departamento,ARRIENDO,owner_direct
TT-2024-11-003239,toctoc,La Florida,Metropolitana,435000.0,CLP,45.1,2024-10-22 00:00:00.000000,2024-11-15 00:00:00.000000,departamento,arriendo,agency
TT-2024-11-004940,toctoc,Maipú,Metropolitana,13.78,UF,41.2,2024-10-28 00:00:00.000000,2024-11-29 00:00:00.000000,Departamento,Arriendo,agency
TT-2024-11-000116,toctoc,Recoleta,Metropolitana,11.49,UF,30.4,2024-10-01 00:00:00.000000,2024-11-01 00:00:00.000000,Departamento,Arriendo,agency
TT-2024-11-003044,toctoc,La Cisterna,Metropolitana,655000.0,CLP,73.6,2024-11-01 00:00:00.000000,2024-11-15 00:00:00.000000,DEPARTAMENTO,arriendo,agency
TT-2024-11-002283,toctoc,San Miguel,Metropolitana,660000.0,CLP,63.9,2024-10-21 00:00:00.000000,2024-11-15 00:00:00.000000,DEPARTAMENTO,ARRIENDO,owner_direct
TT-2024-11-002231,toctoc,Macul,Metropolitana,32.97,UF,121.2,2024-10-20 00:00:00.000000,2024-11-15 00:00:00.000000,DEPARTAMENTO,arriendo,owner_direct
TT-2024-11-002477,toctoc,Ñuñoa,Metropolitana,605000.0,CLP,35.0,2024-10-30 00:00:00.000000,2024-11-15 00:00:00.000000,DEPARTAMENTO,arriendo,agency
TT-2024-11-004490,toctoc,Independencia,Metropolitana,670000.0,CLP,52.0,2024-11-09 00:00:00.000000,2024-11-29 00:00:00.000000,DEPARTAMENTO,ARRIENDO,owner_direct
TT-2024-11-002678,toctoc,Maipú,Metropolitana,9.86,UF,42.6,2024-10-29 00:00:00.000000,2024-11-15 00:00:00.000000,departamento,Arriendo,agency
TT-2024-11-000375,toctoc,Vitacura,Metropolitana,27.7,UF,43.4,2024-10-17 00:00:00.000000,2024-11-01 00:00:00.000000,departamento,arriendo,owner_direct
TT-2024-11-001928,toctoc,Estación Central,Metropolitana,9.59,UF,35.1,2024-10-28 00:00:00.000000,2024-11-08 00:00:00.000000,Departamento,arriendo,agency
TT-2024-11-000200,toctoc,Recoleta,Metropolitana,570000.0,CLP,47.8,2024-09-28 00:00:00.000000,2024-11-01 00:00:00.000000,DEPARTAMENTO,ARRIENDO,owner_direct
TT-2024-11-003841,toctoc,Estación Central,Metropolitana,4010000.0,CLP,43.2,2024-11-03 00:00:00.000000,2024-11-22 00:00:00.000000,DEPARTAMENTO,ARRIENDO,agency
TT-2024-11-004383,toctoc,Ñuñoa,Metropolitana,18.38,UF,31.3,2024-11-10 00:00:00.000000,2024-11-29 00:00:00.000000,Departamento,arriendo,agency
TT-2024-11-002635,toctoc,CONCHALÍ,Metropolitana,10.14,UF,33.9,2024-10-02 00:00:00.000000,2024-11-15 00:00:00.000000,departamento,Arriendo,owner_direct
TT-2024-11-002714,toctoc,Independencia,Metropolitana,620000.0,CLP,67.7,2024-11-08 00:00:00.000000,2024-11-15 00:00:00.000000,departamento,ARRIENDO,
TT-2024-11-003236,toctoc,Macul,Metropolitana,21.08,UF,88.5,2024-10-31 00:00:00.000000,2024-11-15 00:00:00.000000,Departamento,ARRIENDO,owner_direct
TT-2024-11-004397,toctoc,Estación Central,Metropolitana,760000.0,CLP,73.9,2024-11-21 00:00:00.000000,2024-11-29 00:00:00.000000,Departamento,ARRIENDO,agency
TT-2024-11-003666,toctoc,La Florida,Metropolitana,22.84,UF,65.5,2024-10-13 00:00:00.000000,2024-11-22 00:00:00.000000,Departamento,arriendo,owner_direct
TT-2024-11-002037,toctoc,Recoleta,Metropolitana,16.76,UF,76.7,2024-10-19 00:00:00.000000,2024-11-08 00:00:00.000000,Departamento,arriendo,owner_direct
TT-2024-11-001836,toctoc,Las Condes,Metropolitana,36.49,UF,77.0,2024-10-19 00:00:00.000000,2024-11-08 00:00:00.000000,Departamento,arriendo,agency
TT-2024-11-000709,toctoc,Santiago,Metropolitana,17.43,UF,49.1,2024-10-19 00:00:00.000000,2024-11-01 00:00:00.000000,DEPARTAMENTO,Arriendo,owner_direct
TT-2024-11-001696,toctoc,Maipú,Metropolitana,775000.0,CLP,80.1,2024-05-29 00:00:00.000000,2024-11-08 00:00:00.000000,departamento,Arriendo,agency
TT-2024-11-003312,toctoc,Las Condes,Metropolitana,985000.0,CLP,42.3,2024-10-17 00:00:00.000000,2024-11-15 00:00:00.000000,DEPARTAMENTO,arriendo,agency
TT-2024-11-001448,toctoc,Ñuñoa,Metropolitana,1150000.0,CLP,77.3,2024-09-06 00:00:00.000000,2024-11-08 00:00:00.000000,departamento,Arriendo,agency
TT-2024-11-005167,toctoc,Estación Central,Metropolitana,22.57,UF,103.6,2024-11-23 00:00:00.000000,2024-11-29 00:00:00.000000,DEPARTAMENTO,ARRIENDO,owner_direct
TT-2024-11-002026,toctoc,Quilicura,Metropolitana,435000.0,CLP,30.3,2024-10-24 00:00:00.000000,2024-11-08 00:00:00.000000,departamento,ARRIENDO,agency
TT-2024-11-002146,toctoc,Quilicura,Metropolitana,15.95,UF,78.5,2024-09-30 00:00:00.000000,2024-11-08 00:00:00.000000,departamento,ARRIENDO,agency
TT-2024-11-002305,toctoc,Providencia,Metropolitana,1565000.0,CLP,95.7,2024-08-11 00:00:00.000000,2024-11-15 00:00:00.000000,Departamento,Arriendo,agency
TT-2024-11-004540,toctoc,Ñuñoa,Metropolitana,670000.0,CLP,35.9,2024-11-18 00:00:00.000000,2024-11-29 00:00:00.000000,departamento,arriendo,agency
TT-2024-11-004898,toctoc,Estación Central,Metropolitana,405000.0,CLP,26.9,2024-10-16 00:00:00.000000,2024-11-29 00:00:00.000000,departamento,ARRIENDO,owner_direct
TT-2024-11-001140,toctoc,Huechuraba,Metropolitana,12.97,UF,29.0,2024-08-13 00:00:00.000000,2024-11-01 00:00:00.000000,departamento,Arriendo,agency
TT-2024-11-004278,toctoc,Santiago,Metropolitana,735000.0,CLP,52.0,2024-11-02 00:00:00.000000,2024-11-22 00:00:00.000000,Departamento,arriendo,agency
TT-2024-11-002717,toctoc,Maipú,Metropolitana,15.54,UF,55.2,2024-10-28 00:00:00.000000,2024-11-15 00:00:00.000000,Departamento,ARRIENDO,owner_direct
TT-2024-11-000582,toctoc,Quinta Normal,Metropolitana,715000.0,CLP,74.5,2024-10-20 00:00:00.000000,2024-11-01 00:00:00.000000,departamento,arriendo,owner_direct
TT-2024-11-005119,toctoc,Quinta Normal,Metropolitana,10.81,UF,30.1,2024-11-26 00:00:00.000000,2024-11-29 00:00:00.000000,Departamento,arriendo,owner_direct
TT-2024-11-003346,toctoc,Maipú,Metropolitana,11.62,UF,56.7,2024-10-15 00:00:00.000000,2024-11-15 00:00:00.000000,Departamento,arriendo,agency
TT-2024-11-002840,toctoc,La Florida,Metropolitana,9230000.0,CLP,109.3,2024-11-07 00:00:00.000000,2024-11-15 00:00:00.000000,Departamento,Arriendo,owner_direct
TT-2024-11-002192,toctoc,San Miguel,Metropolitana,15.95,UF,51.8,2024-11-09 00:00:00.000000,2024-11-15 00:00:00.000000,departamento,arriendo,agency
TT-2024-11-002401,toctoc,Independencia,Metropolitana,540000.0,CLP,45.2,2024-10-25 00:00:00.000000,2024-11-15 00:00:00.000000,departamento,arriendo,agency
TT-2024-11-000644,toctoc,Las Condes,Metropolitana,27.97,UF,37.3,2024-05-21 00:00:00.000000,2024-11-01 00:00:00.000000,Departamento,Arriendo,agency
TT-2024-11-002474,toctoc,San Miguel,Metropolitana,13.51,UF,26.9,2024-11-08 00:00:00.000000,2024-11-15 00:00:00.000000,Departamento,arriendo,agency
TT-2024-11-001371,toctoc,Huechuraba,Metropolitana,710000.0,CLP,55.2,2024-10-13 00:00:00.000000,2024-11-08 00:00:00.000000,departamento,ARRIENDO,owner_direct
TT-2024-11-003036,toctoc,Las Condes,Metropolitana,33.11,UF,55.4,2024-04-19 00:00:00.000000,2024-11-15 00:00:00.000000,Departamento,arriendo,owner_direct
TT-2024-11-001181,toctoc,Maipú,Metropolitana,525000.0,CLP,36.2,2024-10-10 00:00:00.000000,2024-11-01 00:00:00.000000,Departamento,ARRIENDO,agency
TT-2024-11-004162,toctoc,Ñuñoa,Metropolitana,19.05,UF,55.3,2024-10-22 00:00:00.000000,2024-11-22 00:00:00.000000,Departamento,Arriendo,agency
TT-2024-11-001311,toctoc,Independencia,Metropolitana,410000.0,CLP,2.0,2024-09-20 00:00:00.000000,2024-11-08 00:00:00.000000,Departamento,Arriendo,owner_direct
TT-2024-11-001875,toctoc,Recoleta,Metropolitana,560000.0,CLP,55.1,2024-06-04 00:00:00.000000,2024-11-08 00:00:00.000000,Departamento,arriendo,agency
TT-2024-11-000498,toctoc, La Florida,Metropolitana,785000.0,CLP,83.5,2024-09-16 00:00:00.000000,2024-11-01 00:00:00.000000,DEPARTAMENTO,Arriendo,owner_direct
TT-2024-11-003456,toctoc,La Reina,Metropolitana,23.38,UF,62.2,2024-10-28 00:00:00.000000,2024-11-22 00:00:00.000000,DEPARTAMENTO,arriendo,agency
TT-2024-11-002691,toctoc,Quinta Normal,Metropolitana,395000.0,CLP,32.6,2024-10-19 00:00:00.000000,2024-11-15 00:00:00.000000,departamento,Arriendo,agency
TT-2024-11-001441,toctoc,Quinta Normal,Metropolitana,13.38,UF,57.7,2024-10-24 00:00:00.000000,2024-11-08 00:00:00.000000,Departamento,ARRIENDO,
TT-2024-11-004850,toctoc,Puente Alto,Metropolitana,16.35,UF,75.2,2024-11-12 00:00:00.000000,2024-11-29 00:00:00.000000,DEPARTAMENTO,Arriendo,agency
TT-2024-11-003077,toctoc,Santiago,Metropolitana,23.65,UF,93.4,2024-05-26 00:00:00.000000,2024-11-15 00:00:00.000000,DEPARTAMENTO,ARRIENDO,owner_direct
TT-2024-11-002462,toctoc,Renca,Metropolitana,650000.0,CLP,75.2,2024-10-22 00:00:00.000000,2024-11-15 00:00:00.000000,DEPARTAMENTO,ARRIENDO,agency
TT-2024-11-004718,toctoc,San Miguel,Metropolitana,11.89,UF,38.1,2024-11-12 00:00:00.000000,2024-11-29 00:00:00.000000,DEPARTAMENTO,arriendo,agency
TT-2024-11-000401,toctoc,Santiago,Metropolitana,11.49,UF,5.0,2024-10-09 00:00:00.000000,2024-11-01 00:00:00.000000,DEPARTAMENTO,ARRIENDO,owner_direct
TT-2024-11-001135,toctoc,Maipú,Metropolitana,560000.0,CLP,62.7,2024-09-15 00:00:00.000000,2024-11-01 00:00:00.000000,departamento,Arriendo,agency
TT-2024-11-005125,toctoc,Las Condes,Metropolitana,331.35,UF,59.4,2024-11-06 00:00:00.000000,2024-11-29 00:00:00.000000,DEPARTAMENTO,ARRIENDO,owner_direct
TT-2024-11-001366,toctoc,Las Condes,Metropolitana,37.43,UF,85.4,2024-08-24 00:00:00.000000,2024-11-08 00:00:00.000000,DEPARTAMENTO,Arriendo,owner_direct
TT-2024-11-001123,toctoc,Las Condes,Metropolitana,1195000.0,CLP,50.7,2024-10-16 00:00:00.000000,2024-11-01 00:00:00.000000,DEPARTAMENTO,ARRIENDO,agency
TT-2024-11-001503,toctoc,Las Condes,Metropolitana,780000.0,CLP,23.7,2024-08-31 00:00:00.000000,2024-11-08 00:00:00.000000,Departamento,ARRIENDO,owner_direct
TT-2024-11-000586,toctoc,Ñuñoa,Metropolitana,22.84,UF,63.3,2024-10-16 00:00:00.000000,2024-11-01 00:00:00.000000,DEPARTAMENTO,arriendo,agency
TT-2024-11-000348,toctoc,Santiago,Metropolitana,725000.0,CLP,59.8,2024-10-01 00:00:00.000000,2024-11-01 00:00:00.000000,departamento,ARRIENDO,owner_direct
TT-2024-11-001459,toctoc,Las Condes,Metropolitana,1145000.0,CLP,59.3,2024-09-24 00:00:00.000000,2024-11-08 00:00:00.000000,departamento,ARRIENDO,
TT-2024-11-001818,toctoc,Recoleta,Metropolitana,625000.0,CLP,94.5,2024-10-16 00:00:00.000000,2024-11-08 00:00:00.000000,departamento,arriendo,owner_direct
TT-2024-11-000807,toctoc,Santiago,Metropolitana,550000.0,CLP,39.8,2024-08-08 00:00:00.000000,2024-11-01 00:00:00.000000,departamento,arriendo,agency
TT-2024-11-000406,toctoc,Las Condes,Metropolitana,27.3,UF,44.8,2024-09-08 00:00:00.000000,2024-11-01 00:00:00.000000,Departamento,arriendo,agency
TT-2024-11-000074,toctoc,Recoleta,Metropolitana,605000.0,CLP,59.1,2024-10-09 00:00:00.000000,2024-11-01 00:00:00.000000,Departamento,Arriendo,agency
TT-2024-11-000064,toctoc,Santiago,Metropolitana,12.84,UF,41.6,2024-10-22 00:00:00.000000,2024-11-01 00:00:00.000000,departamento,ARRIENDO,owner_direct
TT-2024-11-002265,toctoc,San Miguel,Metropolitana,605000.0,CLP,37.5,2024-09-24 00:00:00.000000,2024-11-15 00:00:00.000000,departamento,Arriendo,agency
TT-2024-11-002027,toctoc,Las Condes,Metropolitana,23.65,UF,37.4,2024-10-25 00:00:00.000000,2024-11-08 00:00:00.000000,departamento,ARRIENDO,agency
TT-2024-11-002581,toctoc,Estación Central,Metropolitana,710000.0,CLP,78.4,2024-08-17 00:00:00.000000,2024-11-15 00:00:00.000000,DEPARTAMENTO,arriendo,agency
TT-2024-11-003963,toctoc,Santiago,Metropolitana,22.43,UF,81.8,2024-10-27 00:00:00.000000,2024-11-22 00:00:00.000000,departamento,Arriendo,agency
TT-2024-11-000234,toctoc,Peñalolén,Metropolitana,18.65,UF,52.8,2024-07-14 00:00:00.000000,2024-11-01 00:00:00.000000,DEPARTAMENTO,Arriendo,agency
TT-2024-11-000742,toctoc,Maipú,Metropolitana,9.59,UF,26.9,2024-04-14 00:00:00.000000,2024-11-01 00:00:00.000000,Departamento,Arriendo,agency
TT-2024-11-001956,toctoc,Las Condes,Metropolitana,51.35,UF,100.4,2024-10-18 00:00:00.000000,2024-11-08 00:00:00.000000,Departamento,arriendo,owner_direct
TT-2024-11-001652,toctoc,Recoleta,Metropolitana,14.86,UF,53.8,2024-10-11 00:00:00.000000,2024-11-08 00:00:00.000000,Departamento,ARRIENDO,agency
TT-2024-11-001733,toctoc,Quinta Normal,Metropolitana,740000.0,CLP,87.5,2024-09-21 00:00:00.000000,2024-11-08 00:00:00.000000,Departamento,ARRIENDO,owner_direct
TT-2024-11-001264,toctoc,Ñuñoa,Metropolitana,6175000.0,CLP,38.3,2024-09-21 00:00:00.000000,2024-11-08 00:00:00.000000,DEPARTAMENTO,ARRIENDO,owner_direct
TT-2024-11-001008,toctoc,Macul,Metropolitana,1015000.0,CLP,106.1,2024-10-14 00:00:00.000000,2024-11-01 00:00:00.000000,departamento,arriendo,agency
TT-2024-11-003424,toctoc,Estación Central,Metropolitana,22.84,UF,103.3,2024-10-19 00:00:00.000000,2024-11-22 00:00:00.000000,DEPARTAMENTO,arriendo,agency
TT-2024-11-001507,toctoc,Providencia,Metropolitana,30.0,UF,55.9,2024-06-11 00:00:00.000000,2024-11-08 00:00:00.000000,Departamento,ARRIENDO,agency
TT-2024-11-002279,toctoc,Peñalolén,Metropolitana,555000.0,CLP,35.4,2024-11-13 00:00:00.000000,2024-11-15 00:00:00.000000,Departamento,Arriendo,agency
TT-2024-11-000486,toctoc,Vitacura,Metropolitana,33.51,UF,43.2,2024-10-13 00:00:00.000000,2024-11-01 00:00:00.000000,DEPARTAMENTO,Arriendo,agency
TT-2024-11-001738,toctoc,Puente Alto,Metropolitana,475000.0,CLP,52.7,2024-10-30 00:00:00.000000,2024-11-08 00:00:00.000000,Departamento,ARRIENDO,owner_direct
TT-2024-11-004998,toctoc,Peñalolén,Metropolitana,485000.0,CLP,23.5,2024-10-21 00:00:00.000000,2024-11-29 00:00:00.000000,departamento,ARRIENDO,owner_direct
TT-2024-11-000266,toctoc,Huechuraba,Metropolitana,22.03,UF,63.6,2024-10-05 00:00:00.000000,2024-11-01 00:00:00.000000,DEPARTAMENTO,arriendo,agency
TT-2024-11-002641,toctoc,La Reina,Metropolitana,955000.0,CLP,70.5,2024-10-25 00:00:00.000000,2024-11-15 00:00:00.000000,departamento,ARRIENDO,agency
TT-2024-11-000438,toctoc,Santiago,Metropolitana,690000.0,CLP,56.5,2024-10-04 00:00:00.000000,2024-11-01 00:00:00.000000,Departamento,ARRIENDO,owner_direct
TT-2024-11-002982,toctoc,Las Condes,Metropolitana,35.27,UF,69.1,2024-10-17 00:00:00.000000,2024-11-15 00:00:00.000000,Departamento,ARRIENDO,agency
TT-2024-11-002520,toctoc,Estación Central,Metropolitana,12.7,UF,33.0,2024-11-05 00:00:00.000000,2024-11-15 00:00:00.000000,departamento,arriendo,owner_direct
TT-2024-11-003541,toctoc,Peñalolén,Metropolitana,13.92,UF,39.3,2024-11-02 00:00:00.000000,2024-11-22 00:00:00.000000,departamento,arriendo,agency
TT-2024-11-001526,toctoc,La Florida,Metropolitana,510000.0,CLP,60.6,2024-10-27 00:00:00.000000,2024-11-08 00:00:00.000000,DEPARTAMENTO,arriendo,agency
TT-2024-11-004316,toctoc,San Miguel,Metropolitana,570000.0,CLP,48.4,2024-10-12 00:00:00.000000,2024-11-29 00:00:00.000000,departamento,Arriendo,agency
TT-2024-11-001090,toctoc,Maipú,Metropolitana,12.03,UF,38.1,2024-10-17 00:00:00.000000,2024-11-01 00:00:00.000000,Departamento,Arriendo,owner_direct
TT-2024-11-002535,toctoc,Macul,Metropolitana,17.43,UF,42.9,2024-09-23 00:00:00.000000,2024-11-15 00:00:00.000000,DEPARTAMENTO,arriendo,agency
TT-2024-11-000324,toctoc,San Joaquín,Metropolitana,11.08,UF,40.2,2024-09-15 00:00:00.000000,2024-11-01 00:00:00.000000,DEPARTAMENTO,ARRIENDO,owner_direct
TT-2024-11-003960,toctoc,LAS CONDES,Metropolitana,29.19,UF,48.1,2024-10-31 00:00:00.000000,2024-11-22 00:00:00.000000,DEPARTAMENTO,ARRIENDO,agency
TT-2024-11-003061,toctoc,Santiago,Metropolitana,650000.0,CLP,54.6,2024-10-21 00:00:00.000000,2024-11-15 00:00:00.000000,departamento,arriendo,agency
TT-2024-11-000534,toctoc,La Reina,Metropolitana,850000.0,CLP,52.4,2024-10-12 00:00:00.000000,2024-11-01 00:00:00.000000,Departamento,Arriendo,owner_direct
TT-2024-11-000184,toctoc,Recoleta,Metropolitana,12.97,UF,35.8,2024-10-31 00:00:00.000000,2024-11-01 00:00:00.000000,departamento,Arriendo,agency
TT-2024-11-002482,toctoc,San Miguel,Metropolitana,595000.0,CLP,45.9,2024-10-08 00:00:00.000000,2024-11-15 00:00:00.000000,DEPARTAMENTO,ARRIENDO,agency
TT-2024-11-004000,toctoc,Lo Barnechea,Metropolitana,30.41,UF,74.1,2024-10-20 00:00:00.000000,2024-11-22 00:00:00.000000,departamento,ARRIENDO,owner_direct
TT-2024-11-000055,toctoc, Renca,Metropolitana,560000.0,CLP,65.2,2024-10-22 00:00:00.000000,2024-11-01 00:00:00.000000,departamento,ARRIENDO,owner_direct
TT-2024-11-002019,toctoc,Estación Central,Metropolitana,14.05,UF,47.6,2024-10-16 00:00:00.000000,2024-11-08 00:00:00.000000,departamento,arriendo,agency
TT-2024-11-003057,toctoc,Providencia,Metropolitana,1005000.0,CLP,48.7,2024-10-30 00:00:00.000000,2024-11-15 00:00:00.000000,Departamento,Arriendo,owner_direct
TT-2024-11-002128,toctoc,Recoleta,Metropolitana,14.19,UF,45.9,2024-10-31 00:00:00.000000,2024-11-08 00:00:00.000000,DEPARTAMENTO,Arriendo,agency
TT-2024-11-000522,toctoc,La Cisterna,Metropolitana,700000.0,CLP,75.7,2024-10-31 00:00:00.000000,2024-11-01 00:00:00.000000,departamento,Arriendo,agency
TT-2024-11-005420,toctoc,Macul,Metropolitana,490000.0,CLP,49.0,2024-11-04 00:00:00.000000,2024-11-29 00:00:00.000000,Departamento,Arriendo,
TT-2024-11-005255,toctoc,Las Condes,Metropolitana,32.03,UF,81.8,2024-11-05 00:00:00.000000,2024-11-29 00:00:00.000000,DEPARTAMENTO,arriendo,agency
TT-2024-11-002390,toctoc,SANTIAGO,Metropolitana,530000.0,CLP,42.0,2024-10-06 00:00:00.000000,2024-11-15 00:00:00.000000,DEPARTAMENTO,arriendo,owner_direct
TT-2024-11-000390,toctoc,Ñuñoa,Metropolitana,860000.0,CLP,59.1,2024-10-12 00:00:00.000000,2024-11-01 00:00:00.000000,departamento,arriendo,owner_direct
TT-2024-11-004586,toctoc,Las Condes,Metropolitana,32.97,UF,49.9,2024-11-20 00:00:00.000000,2024-11-29 00:00:00.000000,Departamento,ARRIENDO,agency
TT-2024-11-002367,toctoc,La Reina,Metropolitana,1135000.0,CLP,79.4,2024-06-18 00:00:00.000000,2024-11-15 00:00:00.000000,Departamento,arriendo,owner_direct
TT-2024-11-003228,toctoc,Vitacura,Metropolitana,890000.0,CLP,30.8,2024-10-30 00:00:00.000000,2024-11-15 00:00:00.000000,DEPARTAMENTO,ARRIENDO,agency
TT-2024-11-002735,toctoc,Independencia,Metropolitana,475000.0,CLP,40.7,2024-10-22 00:00:00.000000,2024-11-15 00:00:00.000000,DEPARTAMENTO,Arriendo,agency
TT-2024-11-004856,toctoc,Estación Central,Metropolitana,10.54,UF,28.1,2024-11-08 00:00:00.000000,2024-11-29 00:00:00.000000,departamento,ARRIENDO,agency
TT-2024-11-001430,toctoc,Las Condes,Metropolitana,940000.0,CLP,42.6,2024-10-19 00:00:00.000000,2024-11-08 00:00:00.000000,departamento,arriendo,agency
TT-2024-11-000490,toctoc,Estación Central,Metropolitana,12.43,UF,37.9,2024-10-15 00:00:00.000000,2024-11-01 00:00:00.000000,DEPARTAMENTO,Arriendo,agency
TT-2024-11-003713,toctoc,Santiago,Metropolitana,660000.0,CLP,66.0,2024-11-10 00:00:00.000000,2024-11-22 00:00:00.000000,departamento,arriendo,agency
TT-2024-11-004141,toctoc,Santiago,Metropolitana,635000.0,CLP,50.5,2024-10-28 00:00:00.000000,2024-11-22 00:00:00.000000,Departamento,ARRIENDO,agency
TT-2024-11-004955,toctoc,La Cisterna,Metropolitana,670000.0,CLP,59.6,2024-05-23 00:00:00.000000,2024-11-29 00:00:00.000000,Departamento,arriendo,owner_direct
TT-2024-11-004883,toctoc,Ñuñoa,Metropolitana,26.35,UF,71.6,2024-11-16 00:00:00.000000,2024-11-29 00:00:00.000000,DEPARTAMENTO,Arriendo,agency
TT-2024-11-003787,toctoc,Santiago,Metropolitana,17.7,UF,46.2,2024-11-08 00:00:00.000000,2024-11-22 00:00:00.000000,departamento,ARRIENDO,agency
TT-2024-11-002013,toctoc,La Florida,Metropolitana,11.76,UF,34.8,2024-07-19 00:00:00.000000,2024-11-08 00:00:00.000000,DEPARTAMENTO,arriendo,agency
TT-2024-11-004194,toctoc,Puente Alto,Metropolitana,500000.0,CLP,49.3,2024-11-01 00:00:00.000000,2024-11-22 00:00:00.000000,departamento,Arriendo,agency
TT-2024-11-000402,toctoc,Santiago,Metropolitana,585000.0,CLP,40.6,2024-10-19 00:00:00.000000,2024-11-01 00:00:00.000000,Departamento,arriendo,agency
TT-2024-11-001922,toctoc,La Reina,Metropolitana,780000.0,CLP,34.6,2024-09-27 00:00:00.000000,2024-11-08 00:00:00.000000,DEPARTAMENTO,arriendo,agency
TT-2024-11-003526,toctoc,Santiago,Metropolitana,500000.0,CLP,34.5,2024-09-27 00:00:00.000000,2024-11-22 00:00:00.000000,departamento,arriendo,owner_direct
TT-2024-11-004471,toctoc,Puente Alto,Metropolitana,12.84,UF,36.9,2024-10-23 00:00:00.000000,2024-11-29 00:00:00.000000,Departamento,ARRIENDO,agency
TT-2024-11-003240,toctoc,Las Condes,Metropolitana,29.19,UF,53.7,2024-11-12 00:00:00.000000,2024-11-15 00:00:00.000000,Departamento,arriendo,owner_direct
TT-2024-11-001418,toctoc,Macul,Metropolitana,19.19,UF,60.9,2024-10-16 00:00:00.000000,2024-11-08 00:00:00.000000,Departamento,ARRIENDO,agency
TT-2024-11-005164,toctoc,La Florida,Metropolitana,15.41,UF,47.7,2024-11-01 00:00:00.000000,2024-11-29 00:00:00.000000,Departamento,Arriendo,owner_direct
TT-2024-11-002248,toctoc,Macul,Metropolitana,18.65,UF,59.2,2024-09-28 00:00:00.000000,2024-11-15 00:00:00.000000,DEPARTAMENTO,Arriendo,owner_direct
TT-2024-11-003497,toctoc,Ñuñoa,Metropolitana,26.49,UF,69.7,2024-10-20 00:00:00.000000,2024-11-22 00:00:00.000000,departamento,arriendo,agency
TT-2024-11-000577,toctoc,Ñuñoa,Metropolitana,840000.0,CLP,52.3,2024-10-31 00:00:00.000000,2024-11-01 00:00:00.000000,DEPARTAMENTO,arriendo,agency
TT-2024-11-001400,toctoc,Estación Central,Metropolitana,860000.0,CLP,107.9,2024-10-06 00:00:00.000000,2024-11-08 00:00:00.000000,departamento,Arriendo,owner_direct
TT-2024-11-002756,toctoc,Lo Barnechea,Metropolitana,1290000.0,CLP,61.8,2024-10-27 00:00:00.000000,2024-11-15 00:00:00.000000,departamento,arriendo,owner_direct
TT-2024-11-005484,toctoc,San Miguel,Metropolitana,20.14,UF,56.1,2024-11-12 00:00:00.000000,2024-11-29 00:00:00.000000,departamento,ARRIENDO,owner_direct
TT-2024-11-000801,toctoc,Estación Central,Metropolitana,10.0,UF,29.2,2024-09-26 00:00:00.000000,2024-11-01 00:00:00.000000,departamento,arriendo,agency
TT-2024-11-003925,toctoc,San Joaquín,Metropolitana,485000.0,CLP,37.0,2024-11-01 00:00:00.000000,2024-11-22 00:00:00.000000,Departamento,ARRIENDO,owner_direct
TT-2024-11-004728,toctoc,La Florida,Metropolitana,61.22,UF,54.5,2024-11-12 00:00:00.000000,2024-11-29 00:00:00.000000,Departamento,ARRIENDO,agency
TT-2024-11-004941,toctoc,Huechuraba,Metropolitana,415000.0,CLP,23.3,2024-10-28 00:00:00.000000,2024-11-29 00:00:00.000000,departamento,ARRIENDO,owner_direct
TT-2024-11-003048,toctoc,Santiago,Metropolitana,450000.0,CLP,36.7,2024-10-29 00:00:00.000000,2024-11-15 00:00:00.000000,DEPARTAMENTO,ARRIENDO,agency
TT-2024-11-001910,toctoc,Lo Barnechea,Metropolitana,30.54,UF,63.5,2024-10-17 00:00:00.000000,2024-11-08 00:00:00.000000,DEPARTAMENTO,ARRIENDO,agency
TT-2024-11-002543,toctoc,Huechuraba,Metropolitana,540000.0,CLP,31.2,2024-10-20 00:00:00.000000,2024-11-15 00:00:00.000000,DEPARTAMENTO,Arriendo,agency
TT-2024-11-001674,toctoc,Recoleta,Metropolitana,20.14,UF,75.8,2024-10-27 00:00:00.000000,2024-11-08 00:00:00.000000,Departamento,Arriendo,agency
TT-2024-11-002759,toctoc,Conchalí,Metropolitana,14.59,UF,55.4,2024-05-15 00:00:00.000000,2024-11-15 00:00:00.000000,DEPARTAMENTO,Arriendo,agency
TT-2024-11-002339,toctoc,Providencia,Metropolitana,24.32,UF,49.7,2024-11-14 00:00:00.000000,2024-11-15 00:00:00.000000,DEPARTAMENTO,arriendo,agency
TT-2024-11-002184,toctoc,Lo Barnechea,Metropolitana,33.38,UF,114.6,2024-11-02 00:00:00.000000,2024-11-15 00:00:00.000000,departamento,ARRIENDO,agency
TT-2024-11-001105,toctoc,San Joaquín,Metropolitana,340000.0,CLP,29.4,2024-10-26 00:00:00.000000,2024-11-01 00:00:00.000000,Departamento,ARRIENDO,agency
TT-2024-11-001101,toctoc,Providencia,Metropolitana,29.19,UF,61.8,2024-08-27 00:00:00.000000,2024-11-01 00:00:00.000000,departamento,arriendo,owner_direct
TT-2024-11-003046,toctoc,Macul,Metropolitana,19.86,UF,76.8,2024-06-05 00:00:00.000000,2024-11-15 00:00:00.000000,departamento,arriendo,agency
TT-2024-11-001525,toctoc,Las Condes,Metropolitana,28.38,UF,58.6,2024-10-16 00:00:00.000000,2024-11-08 00:00:00.000000,DEPARTAMENTO,arriendo,agency
TT-2024-11-002471,toctoc,Providencia,Metropolitana,35.68,UF,69.3,2024-10-27 00:00:00.000000,2024-11-15 00:00:00.000000,DEPARTAMENTO,ARRIENDO,owner_direct
TT-2024-11-000506,toctoc,San Joaquín,Metropolitana,15.41,UF,52.7,2024-10-05 00:00:00.000000,2024-11-01 00:00:00.000000,DEPARTAMENTO,Arriendo,agency
TT-2024-11-004428,toctoc,La Florida,Metropolitana,14.86,UF,50.7,2024-09-26 00:00:00.000000,2024-11-29 00:00:00.000000,departamento,Arriendo,owner_direct
TT-2024-11-004568,toctoc, La Florida,Metropolitana,485000.0,CLP,35.7,2024-10-28 00:00:00.000000,2024-11-29 00:00:00.000000,Departamento,ARRIENDO,agency
TT-2024-11-003152,toctoc,Providencia,Metropolitana,625000.0,CLP,32.4,2024-11-05 00:00:00.000000,2024-11-15 00:00:00.000000,departamento,arriendo,owner_direct
TT-2024-11-003008,toctoc,Estación Central,Metropolitana,605000.0,CLP,55.1,2024-11-04 00:00:00.000000,2024-11-15 00:00:00.000000,Departamento,arriendo,agency
TT-2024-11-001333,toctoc,San Joaquín,Metropolitana,485000.0,CLP,40.4,2024-09-05 00:00:00.000000,2024-11-08 00:00:00.000000,DEPARTAMENTO,ARRIENDO,agency
TT-2024-11-003294,toctoc,Estación Central,Metropolitana,137.57,UF,34.8,2024-10-22 00:00:00.000000,2024-11-15 00:00:00.000000,DEPARTAMENTO,arriendo,agency
TT-2024-11-000519,toctoc,Huechuraba,Metropolitana,34.86,UF,34.1,2024-09-14 00:00:00.000000,2024-11-01 00:00:00.000000,DEPARTAMENTO,ARRIENDO,agency
TT-2024-11-000258,toctoc,Maipú,Metropolitana,24.59,UF,139.4,2024-10-15 00:00:00.000000,2024-11-01 00:00:00.000000,Departamento,ARRIENDO,agency
TT-2024-11-000292,toctoc,Macul,Metropolitana,615000.0,CLP,47.0,2024-10-04 00:00:00.000000,2024-11-01 00:00:00.000000,DEPARTAMENTO,ARRIENDO,agency
TT-2024-11-005332,toctoc,Santiago,Metropolitana,15.0,UF,39.3,2024-11-14 00:00:00.000000,2024-11-29 00:00:00.000000,departamento,arriendo,owner_direct
TT-2024-11-001758,toctoc,Santiago,Metropolitana,515000.0,CLP,44.4,2024-08-23 00:00:00.000000,2024-11-08 00:00:00.000000,departamento,ARRIENDO,agency
TT-2024-11-001023,toctoc,Huechuraba,Metropolitana,17.3,UF,41.8,2024-10-25 00:00:00.000000,2024-11-01 00:00:00.000000,DEPARTAMENTO,arriendo,owner_direct
TT-2024-11-004126,toctoc,Maipú,Metropolitana,13.24,UF,40.6,2024-09-02 00:00:00.000000,2024-11-22 00:00:00.000000,departamento,ARRIENDO,owner_direct
TT-2024-11-003223,toctoc,San Miguel,Metropolitana,12.3,UF,35.2,2024-10-20 00:00:00.000000,2024-11-15 00:00:00.000000,departamento,arriendo,agency
TT-2024-11-002234,toctoc,Recoleta,Metropolitana,660000.0,CLP,60.1,2024-07-15 00:00:00.000000,2024-11-15 00:00:00.000000,DEPARTAMENTO,Arriendo,agency
TT-2024-11-000233,toctoc,Peñalolén,Metropolitana,825000.0,CLP,85.1,2024-10-19 00:00:00.000000,2024-11-01 00:00:00.000000,departamento,ARRIENDO,agency
TT-2024-11-002715,toctoc,Las Condes,Metropolitana,970000.0,CLP,38.0,2024-10-01 00:00:00.000000,2024-11-15 00:00:00.000000,Departamento,Arriendo,agency
TT-2024-11-004759,toctoc,La Florida,Metropolitana,425000.0,CLP,35.1,2024-10-18 00:00:00.000000,2024-11-29 00:00:00.000000,departamento,Arriendo,agency
TT-2024-11-001889,toctoc,Quinta Normal,Metropolitana,495000.0,CLP,41.6,2024-10-25 00:00:00.000000,2024-11-08 00:00:00.000000,departamento,Arriendo,agency
TT-2024-11-004182,toctoc,Renca,Metropolitana,480000.0,CLP,53.9,2024-10-24 00:00:00.000000,2024-11-22 00:00:00.000000,DEPARTAMENTO,ARRIENDO,owner_direct
TT-2024-11-002851,toctoc,Santiago,Metropolitana,18.24,UF,55.0,2024-09-01 00:00:00.000000,2024-11-15 00:00:00.000000,DEPARTAMENTO,ARRIENDO,owner_direct
TT-2024-11-005195,toctoc,Huechuraba,Metropolitana,570000.0,CLP,44.6,2024-10-31 00:00:00.000000,2024-11-29 00:00:00.000000,departamento,Arriendo,agency
TT-2024-11-004705,toctoc,las condes,Metropolitana,1025000.0,CLP,51.6,2024-06-13 00:00:00.000000,2024-11-29 00:00:00.000000,DEPARTAMENTO,Arriendo,owner_direct
TT-2024-11-000859,toctoc,Vitacura,Metropolitana,805000.0,CLP,33.9,2024-10-03 00:00:00.000000,2024-11-01 00:00:00.000000,Departamento,Arriendo,agency
TT-2024-11-005440,toctoc,Providencia,Metropolitana,71.62,UF,68.5,2024-10-28 00:00:00.000000,2024-11-29 00:00:00.000000,Departamento,Arriendo,owner_direct
TT-2024-11-002793,toctoc,Estación Central,Metropolitana,305000.0,CLP,20.6,2024-10-11 00:00:00.000000,2024-11-15 00:00:00.000000,departamento,ARRIENDO,owner_direct
TT-2024-11-004230,toctoc,Quinta Normal,Metropolitana,765000.0,CLP,70.2,2024-11-12 00:00:00.000000,2024-11-22 00:00:00.000000,DEPARTAMENTO,Arriendo,agency
TT-2024-11-004104,toctoc,La Florida,Metropolitana,16.49,UF,42.7,2024-10-27 00:00:00.000000,2024-11-22 00:00:00.000000,departamento,arriendo,agency
TT-2024-11-003102,toctoc,La Florida,Metropolitana,725000.0,CLP,50.8,2024-10-01 00:00:00.000000,2024-11-15 00:00:00.000000,DEPARTAMENTO,ARRIENDO,agency
TT-2024-11-000179,toctoc,SANTIAGO,Metropolitana,470000.0,CLP,29.0,2024-07-14 00:00:00.000000,2024-11-01 00:00:00.000000,DEPARTAMENTO,Arriendo,agency
TT-2024-11-002683,toctoc,Las Condes,Metropolitana,20.68,UF,5.0,2024-10-31 00:00:00.000000,2024-11-15 00:00:00.000000,Departamento,ARRIENDO,agency
TT-2024-11-004003,toctoc,Puente Alto,Metropolitana,10.54,UF,33.2,2024-10-29 00:00:00.000000,2024-11-22 00:00:00.000000,Departamento,arriendo,agency
TT-2024-11-005094,toctoc,Santiago,Metropolitana,139.46,UF,42.2,2024-11-19 00:00:00.000000,2024-11-29 00:00:00.000000,Departamento,arriendo,owner_direct
TT-2024-11-003032,toctoc,La Florida,Metropolitana,905000.0,CLP,95.2,2024-11-09 00:00:00.000000,2024-11-15 00:00:00.000000,Departamento,Arriendo,
TT-2024-11-000377,toctoc,Santiago,Metropolitana,820000.0,CLP,87.6,2024-10-08 00:00:00.000000,2024-11-01 00:00:00.000000,Departamento,ARRIENDO,agency
TT-2024-11-004376,toctoc,Independencia,Metropolitana,510000.0,CLP,38.6,2024-06-07 00:00:00.000000,2024-11-29 00:00:00.000000,Departamento,Arriendo,agency
TT-2024-11-002790,toctoc,Estación Central,Metropolitana,16.22,UF,60.6,2024-10-16 00:00:00.000000,2024-11-15 00:00:00.000000,Departamento,arriendo,agency
TT-2024-11-001814,toctoc,Estación Central,Metropolitana,22.84,UF,76.3,2024-10-17 00:00:00.000000,2024-11-08 00:00:00.000000,Departamento,Arriendo,agency
TT-2024-11-004757,toctoc,Macul,Metropolitana,12.84,UF,47.8,2024-06-30 00:00:00.000000,2024-11-29 00:00:00.000000,DEPARTAMENTO,Arriendo,agency
TT-2024-11-004434,toctoc,La Reina,Metropolitana,54.73,UF,169.8,2024-11-23 00:00:00.000000,2024-11-29 00:00:00.000000,departamento,ARRIENDO,agency
TT-2024-11-005384,toctoc,San Miguel,Metropolitana,460000.0,CLP,34.1,2024-11-04 00:00:00.000000,2024-11-29 00:00:00.000000,DEPARTAMENTO,Arriendo,agency
TT-2024-11-000299,toctoc,Macul,Metropolitana,14.46,UF,27.0,2024-10-03 00:00:00.000000,2024-11-01 00:00:00.000000,DEPARTAMENTO,ARRIENDO,owner_direct
TT-2024-11-005266,toctoc,Pudahuel,Metropolitana,395000.0,CLP,35.0,2024-11-08 00:00:00.000000,2024-11-29 00:00:00.000000,DEPARTAMENTO,arriendo,agency
TT-2024-11-002802,toctoc,Santiago,Metropolitana,705000.0,CLP,55.7,2024-11-09 00:00:00.000000,2024-11-15 00:00:00.000000,departamento,arriendo,agency
TT-2024-11-000547,toctoc,Recoleta,Metropolitana,14.86,UF,59.0,2024-10-13 00:00:00.000000,2024-11-01 00:00:00.000000,departamento,arriendo,owner_direct
TT-2024-11-000086,toctoc,Santiago,Metropolitana,14.59,UF,36.1,2024-10-27 00:00:00.000000,2024-11-01 00:00:00.000000,DEPARTAMENTO,Arriendo,owner_direct
TT-2024-11-000476,toctoc,Macul,Metropolitana,17.57,UF,64.1,2024-10-17 00:00:00.000000,2024-11-01 00:00:00.000000,Departamento,Arriendo,agency
TT-2024-11-003196,toctoc,Estación Central,Metropolitana,15.95,UF,61.8,2024-09-20 00:00:00.000000,2024-11-15 00:00:00.000000,departamento,Arriendo,owner_direct
TT-2024-11-002730,toctoc,San Miguel,Metropolitana,15.0,UF,41.2,2024-10-21 00:00:00.000000,2024-11-15 00:00:00.000000,departamento,arriendo,owner_direct
TT-2024-11-000689,toctoc,Recoleta,Metropolitana,805000.0,CLP,87.2,2024-09-20 00:00:00.000000,2024-11-01 00:00:00.000000,Departamento,arriendo,owner_direct
TT-2024-11-000504,toctoc,Las Condes,Metropolitana,1200000.0,CLP,62.5,2024-09-07 00:00:00.000000,2024-11-01 00:00:00.000000,DEPARTAMENTO,ARRIENDO,owner_direct
TT-2024-11-004261,toctoc,Conchalí,Metropolitana,14.46,UF,54.1,2024-10-01 00:00:00.000000,2024-11-22 00:00:00.000000,DEPARTAMENTO,ARRIENDO,agency
TT-2024-11-003685,toctoc,La Reina,Metropolitana,860000.0,CLP,46.6,2024-10-31 00:00:00.000000,2024-11-22 00:00:00.000000,departamento,ARRIENDO,owner_direct
TT-2024-11-004775,toctoc,Puente Alto,Metropolitana,9.05,UF,25.4,2024-10-10 00:00:00.000000,2024-11-29 00:00:00.000000,DEPARTAMENTO,arriendo,owner_direct
TT-2024-11-002307,toctoc,Puente Alto,Metropolitana,15.27,UF,63.0,2024-11-07 00:00:00.000000,2024-11-15 00:00:00.000000,Departamento,arriendo,owner_direct
TT-2024-11-001383,toctoc,Santiago,Metropolitana,18.51,UF,78.2,2024-10-22 00:00:00.000000,2024-11-08 00:00:00.000000,Departamento,Arriendo,agency
TT-2024-11-002426,toctoc,San Miguel,Metropolitana,595000.0,CLP,41.2,2024-10-30 00:00:00.000000,2024-11-15 00:00:00.000000,DEPARTAMENTO,arriendo,agency
TT-2024-11-000002,toctoc,La Cisterna,Metropolitana,14.19,UF,39.6,2024-10-23 00:00:00.000000,2024-11-01 00:00:00.000000,DEPARTAMENTO,ARRIENDO,agency
TT-2024-11-002694,toctoc,Las Condes,Metropolitana,950000.0,CLP,35.1,2024-10-09 00:00:00.000000,2024-11-15 00:00:00.000000,DEPARTAMENTO,Arriendo,agency
TT-2024-11-005279,toctoc,Ñuñoa,Metropolitana,29.46,UF,94.0,2024-11-09 00:00:00.000000,2024-11-29 00:00:00.000000,DEPARTAMENTO,Arriendo,agency
TT-2024-11-004283,toctoc,San Miguel,Metropolitana,209.59,UF,70.2,2024-10-23 00:00:00.000000,2024-11-22 00:00:00.000000,Departamento,ARRIENDO,agency
TT-2024-11-004673,toctoc,San Joaquín,Metropolitana,10.27,UF,29.4,2024-11-16 00:00:00.000000,2024-11-29 00:00:00.000000,DEPARTAMENTO,ARRIENDO,agency
TT-2024-11-003130,toctoc,Estación Central,Metropolitana,450000.0,CLP,37.0,2024-11-05 00:00:00.000000,2024-11-15 00:00:00.000000,departamento,ARRIENDO,agency
TT-2024-11-004893,toctoc,La Florida,Metropolitana,17.3,UF,49.7,2024-10-09 00:00:00.000000,2024-11-29 00:00:00.000000,departamento,arriendo,agency
TT-2024-11-005223,toctoc,Huechuraba,Metropolitana,23.65,UF,83.6,2024-10-08 00:00:00.000000,2024-11-29 00:00:00.000000,departamento,ARRIENDO,owner_direct
TT-2024-11-004790,toctoc,La Cisterna,Metropolitana,585000.0,CLP,58.9,2024-10-18 00:00:00.000000,2024-11-29 00:00:00.000000,Departamento,Arriendo,agency
TT-2024-11-004784,toctoc,Conchalí,Metropolitana,530000.0,CLP,42.0,2024-11-17 00:00:00.000000,2024-11-29 00:00:00.000000,departamento,Arriendo,agency
TT-2024-11-004868,toctoc,La Florida,Metropolitana,17.3,UF,62.1,2024-11-24 00:00:00.000000,2024-11-29 00:00:00.000000,DEPARTAMENTO,Arriendo,agency
TT-2024-11-000769,toctoc,Cerrillos,Metropolitana,14.19,UF,55.2,2024-10-19 00:00:00.000000,2024-11-01 00:00:00.000000,departamento,arriendo,agency
TT-2024-11-003019,toctoc,Macul,Metropolitana,14.32,UF,40.8,2024-06-22 00:00:00.000000,2024-11-15 00:00:00.000000,departamento,arriendo,agency
TT-2024-11-000601,toctoc,Puente Alto,Metropolitana,16.62,UF,74.7,2024-10-07 00:00:00.000000,2024-11-01 00:00:00.000000,DEPARTAMENTO,arriendo,agency
TT-2024-11-000559,toctoc,Estación Central,Metropolitana,625000.0,CLP,65.5,2024-10-06 00:00:00.000000,2024-11-01 00:00:00.000000,DEPARTAMENTO,Arriendo,owner_direct
TT-2024-11-003220,toctoc,Providencia,Metropolitana,7480000.0,CLP,38.6,2024-10-22 00:00:00.000000,2024-11-15 00:00:00.000000,departamento,ARRIENDO,agency
TT-2024-11-003487,toctoc,Ñuñoa,Metropolitana,835000.0,CLP,72.7,2024-11-07 00:00:00.000000,2024-11-22 00:00:00.000000,DEPARTAMENTO,arriendo,agency
TT-2024-11-003856,toctoc,Santiago,Metropolitana,585000.0,CLP,44.3,2024-10-13 00:00:00.000000,2024-11-22 00:00:00.000000,departamento,Arriendo,agency
TT-2024-11-003790,toctoc,La Reina,Metropolitana,685000.0,CLP,32.4,2024-10-27 00:00:00.000000,2024-11-22 00:00:00.000000,Departamento,arriendo,agency
TT-2024-11-005050,toctoc,San Miguel,Metropolitana,17.84,UF,61.3,2024-11-23 00:00:00.000000,2024-11-29 00:00:00.000000,departamento,Arriendo,owner_direct
TT-2024-11-002259,toctoc,Recoleta,Metropolitana,14.86,UF,54.1,2024-10-15 00:00:00.000000,2024-11-15 00:00:00.000000,DEPARTAMENTO,ARRIENDO,agency
TT-2024-11-001440,toctoc,Providencia,Metropolitana,42.43,UF,86.7,2024-11-04 00:00:00.000000,2024-11-08 00:00:00.000000,Departamento,Arriendo,agency
TT-2024-11-001158,toctoc,Estación Central,Metropolitana,13.65,UF,36.6,2024-09-02 00:00:00.000000,2024-11-01 00:00:00.000000,Departamento,ARRIENDO,owner_direct
TT-2024-11-003017,toctoc,Cerrillos,Metropolitana,23.24,UF,91.6,2024-10-21 00:00:00.000000,2024-11-15 00:00:00.000000,departamento,ARRIENDO,agency
TT-2024-11-000558,toctoc,Quinta Normal,Metropolitana,860000.0,CLP,100.9,2024-09-26 00:00:00.000000,2024-11-01 00:00:00.000000,Departamento,arriendo,agency
TT-2024-11-002209,toctoc,Maipú,Metropolitana,10.27,UF,34.1,2024-10-30 00:00:00.000000,2024-11-15 00:00:00.000000,departamento,arriendo,agency
TT-2024-11-002002,toctoc,Recoleta,Metropolitana,10.81,UF,38.3,2024-11-07 00:00:00.000000,2024-11-08 00:00:00.000000,Departamento,ARRIENDO,owner_direct
TT-2024-11-000856,toctoc,Las Condes,Metropolitana,895000.0,CLP,37.0,2024-10-13 00:00:00.000000,2024-11-01 00:00:00.000000,Departamento,Arriendo,owner_direct
TT-2024-11-002585,toctoc,Santiago,Metropolitana,18.78,UF,58.8,2024-09-25 00:00:00.000000,2024-11-15 00:00:00.000000,departamento,Arriendo,owner_direct
TT-2024-11-002015,toctoc,Santiago,Metropolitana,890000.0,CLP,69.7,2024-09-23 00:00:00.000000,2024-11-08 00:00:00.000000,departamento,arriendo,agency
TT-2024-11-003470,toctoc,San Miguel,Metropolitana,14.46,UF,45.1,2024-05-16 00:00:00.000000,2024-11-22 00:00:00.000000,departamento,Arriendo,agency
TT-2024-11-003911,toctoc,SANTIAGO,Metropolitana,725000.0,CLP,58.7,2024-10-06 00:00:00.000000,2024-11-22 00:00:00.000000,Departamento,Arriendo,agency
TT-2024-11-001830,toctoc,santiago,Metropolitana,485000.0,CLP,38.8,2024-09-19 00:00:00.000000,2024-11-08 00:00:00.000000,Departamento,ARRIENDO,agency
TT-2024-11-002989,toctoc,Santiago,Metropolitana,495000.0,CLP,34.1,2024-09-09 00:00:00.000000,2024-11-15 00:00:00.000000,DEPARTAMENTO,arriendo,owner_direct
TT-2024-11-005401,toctoc,Santiago,Metropolitana,13.51,UF,35.7,2024-11-05 00:00:00.000000,2024-11-29 00:00:00.000000,DEPARTAMENTO,Arriendo,
TT-2024-11-002539,toctoc,Las Condes,Metropolitana,1225000.0,CLP,80.9,2024-09-20 00:00:00.000000,2024-11-15 00:00:00.000000,DEPARTAMENTO,arriendo,owner_direct
TT-2024-11-002988,toctoc,Providencia,Metropolitana,16.62,UF,29.1,2024-09-13 00:00:00.000000,2024-11-15 00:00:00.000000,departamento,arriendo,agency
TT-2024-11-001546,toctoc,Independencia,Metropolitana,680000.0,CLP,62.1,2024-10-16 00:00:00.000000,2024-11-08 00:00:00.000000,departamento,ARRIENDO,agency
TT-2024-11-000267,toctoc,Puente Alto,Metropolitana,13.11,UF,45.5,2024-09-24 00:00:00.000000,2024-11-01 00:00:00.000000,DEPARTAMENTO,Arriendo,agency
TT-2024-11-002917,toctoc,Providencia,Metropolitana,935000.0,CLP,44.0,2024-09-29 00:00:00.000000,2024-11-15 00:00:00.000000,Departamento,Arriendo,agency
TT-2024-11-003743,toctoc,Vitacura,Metropolitana,1610000.0,CLP,82.0,2024-10-21 00:00:00.000000,2024-11-22 00:00:00.000000,DEPARTAMENTO,Arriendo,agency
TT-2024-11-001296,toctoc,Quinta Normal,Metropolitana,430000.0,CLP,25.2,2024-10-03 00:00:00.000000,2024-11-08 00:00:00.000000,DEPARTAMENTO,arriendo,agency
TT-2024-11-004083,toctoc,Santiago,Metropolitana,18.11,UF,56.5,2024-11-12 00:00:00.000000,2024-11-22 00:00:00.000000,Departamento,arriendo,owner_direct
TT-2024-11-005302,toctoc,Independencia,Metropolitana,11.62,UF,26.4,2024-11-14 00:00:00.000000,2024-11-29 00:00:00.000000,Departamento,ARRIENDO,
TT-2024-11-001591,toctoc,La Cisterna,Metropolitana,59.59,UF,48.3,2024-09-30 00:00:00.000000,2024-11-08 00:00:00.000000,departamento,Arriendo,agency
TT-2024-11-001346,toctoc,ESTACIÓN CENTRAL,Metropolitana,440000.0,CLP,25.1,2024-10-08 00:00:00.000000,2024-11-08 00:00:00.000000,departamento,Arriendo,agency
TT-2024-11-001091,toctoc,Ñuñoa,Metropolitana,18.11,UF,40.9,2024-10-11 00:00:00.000000,2024-11-01 00:00:00.000000,Departamento,ARRIENDO,owner_direct
TT-2024-11-002554,toctoc,Recoleta,Metropolitana,11.76,UF,5.0,2024-08-24 00:00:00.000000,2024-11-15 00:00:00.000000,departamento,Arriendo,agency
TT-2024-11-001186,toctoc,La Reina,Metropolitana,1000000.0,CLP,72.3,2024-10-22 00:00:00.000000,2024-11-01 00:00:00.000000,Departamento,arriendo,agency
TT-2024-11-000001,toctoc,Estación Central,Metropolitana,10.81,UF,33.1,2024-10-28 00:00:00.000000,2024-11-01 00:00:00.000000,DEPARTAMENTO,arriendo,agency
TT-2024-11-003759,toctoc,La Cisterna,Metropolitana,20.68,UF,93.4,2024-11-09 00:00:00.000000,2024-11-22 00:00:00.000000,DEPARTAMENTO,arriendo,agency
TT-2024-11-000400,toctoc,San Miguel,Metropolitana,21.35,UF,75.6,2024-10-04 00:00:00.000000,2024-11-01 00:00:00.000000,departamento,ARRIENDO,agency
TT-2024-11-002966,toctoc,Estación Central,Metropolitana,390000.0,CLP,26.9,2024-10-11 00:00:00.000000,2024-11-15 00:00:00.000000,departamento,ARRIENDO,agency
TT-2024-11-004958,toctoc,La Florida,Metropolitana,665000.0,CLP,83.1,2024-10-18 00:00:00.000000,2024-11-29 00:00:00.000000,Departamento,ARRIENDO,owner_direct
TT-2024-11-004832,toctoc,Las Condes,Metropolitana,825000.0,CLP,27.1,2024-11-19 00:00:00.000000,2024-11-29 00:00:00.000000,departamento,ARRIENDO,owner_direct
TT-2024-11-005092,toctoc,Puente Alto,Metropolitana,11.89,UF,47.4,2024-11-16 00:00:00.000000,2024-11-29 00:00:00.000000,DEPARTAMENTO,arriendo,agency
TT-2024-11-002161,toctoc,La Florida,Metropolitana,475000.0,CLP,30.0,2024-10-26 00:00:00.000000,2024-11-08 00:00:00.000000,Departamento,ARRIENDO,agency
TT-2024-11-002103,toctoc,ESTACIÓN CENTRAL,Metropolitana,935000.0,CLP,96.5,2024-10-24 00:00:00.000000,2024-11-08 00:00:00.000000,DEPARTAMENTO,Arriendo,agency
TT-2024-11-002257,toctoc,Estación Central,Metropolitana,14.86,UF,41.6,2024-08-30 00:00:00.000000,2024-11-15 00:00:00.000000,Departamento,ARRIENDO,owner_direct
TT-2024-11-002032,toctoc,Independencia,Metropolitana,16.49,UF,47.2,2024-09-18 00:00:00.000000,2024-11-08 00:00:00.000000,DEPARTAMENTO,arriendo,agency
TT-2024-11-001904,toctoc,Santiago,Metropolitana,795000.0,CLP,79.5,2024-10-18 00:00:00.000000,2024-11-08 00:00:00.000000,departamento,arriendo,agency
TT-2024-11-004151,toctoc,Macul,Metropolitana,22.84,UF,91.0,2024-08-23 00:00:00.000000,2024-11-22 00:00:00.000000,departamento,arriendo,owner_direct
TT-2024-11-002981,toctoc,Vitacura,Metropolitana,25.0,UF,25.2,2024-11-06 00:00:00.000000,2024-11-15 00:00:00.000000,Departamento,Arriendo,agency
TT-2024-11-002346,toctoc, San Miguel,Metropolitana,560000.0,CLP,51.6,2024-11-01 00:00:00.000000,2024-11-15 00:00:00.000000,DEPARTAMENTO,arriendo,agency
TT-2024-11-005109,toctoc,Ñuñoa,Metropolitana,17.84,UF,28.9,2024-11-09 00:00:00.000000,2024-11-29 00:00:00.000000,departamento,Arriendo,agency
TT-2024-11-004887,toctoc,Ñuñoa,Metropolitana,1155000.0,CLP,95.1,2024-11-18 00:00:00.000000,2024-11-29 00:00:00.000000,Departamento,ARRIENDO,agency
TT-2024-11-003337,toctoc,Puente Alto,Metropolitana,13.78,UF,55.9,2024-10-31 00:00:00.000000,2024-11-15 00:00:00.000000,departamento,ARRIENDO,agency
TT-2024-11-001269,toctoc,Ñuñoa,Metropolitana,820000.0,CLP,53.5,2024-10-08 00:00:00.000000,2024-11-08 00:00:00.000000,DEPARTAMENTO,Arriendo,agency
TT-2024-11-005110,toctoc,Providencia,Metropolitana,22.57,UF,24.7,2024-10-24 00:00:00.000000,2024-11-29 00:00:00.000000,Departamento,arriendo,owner_direct
TT-2024-11-002264,toctoc,Ñuñoa,Metropolitana,15.41,UF,36.8,2024-10-17 00:00:00.000000,2024-11-15 00:00:00.000000,departamento,arriendo,agency
TT-2024-11-001126,toctoc,Estación Central,Metropolitana,695000.0,CLP,63.2,2024-10-10 00:00:00.000000,2024-11-01 00:00:00.000000,Departamento,Arriendo,agency
TT-2024-11-000735,toctoc,Conchalí,Metropolitana,485000.0,CLP,49.6,2024-10-20 00:00:00.000000,2024-11-01 00:00:00.000000,DEPARTAMENTO,arriendo,owner_direct
TT-2024-11-003879,toctoc,San Joaquín,Metropolitana,12.03,UF,48.0,2024-10-24 00:00:00.000000,2024-11-22 00:00:00.000000,Departamento,Arriendo,agency
TT-2024-11-002861,toctoc,Providencia,Metropolitana,970000.0,CLP,43.8,2024-11-03 00:00:00.000000,2024-11-15 00:00:00.000000,DEPARTAMENTO,Arriendo,agency
TT-2024-11-000146,toctoc,Recoleta,Metropolitana,14.86,UF,36.2,2024-10-09 00:00:00.000000,2024-11-01 00:00:00.000000,departamento,Arriendo,owner_direct
TT-2024-11-002360,toctoc,Lo Barnechea,Metropolitana,21.76,UF,36.5,2024-10-30 00:00:00.000000,2024-11-15 00:00:00.000000,DEPARTAMENTO,arriendo,agency
TT-2024-11-001244,toctoc,Santiago,Metropolitana,625000.0,CLP,51.4,2024-10-16 00:00:00.000000,2024-11-08 00:00:00.000000,DEPARTAMENTO,arriendo,owner_direct
TT-2024-11-002093,toctoc,Huechuraba,Metropolitana,525000.0,CLP,27.3,2024-10-26 00:00:00.000000,2024-11-08 00:00:00.000000,Departamento,ARRIENDO,agency
TT-2024-11-001647,toctoc,La Florida,Metropolitana,465000.0,CLP,28.2,2024-10-22 00:00:00.000000,2024-11-08 00:00:00.000000,departamento,Arriendo,owner_direct
TT-2024-11-005113,toctoc,Vitacura,Metropolitana,38.92,UF,65.9,2024-11-16 00:00:00.000000,2024-11-29 00:00:00.000000,DEPARTAMENTO,ARRIENDO,agency
TT-2024-11-002267,toctoc,Estación Central,Metropolitana,15.54,UF,65.9,2024-10-19 00:00:00.000000,2024-11-15 00:00:00.000000,DEPARTAMENTO,Arriendo,agency
TT-2024-11-000948,toctoc,Maipú,Metropolitana,12.3,UF,39.9,2024-10-25 00:00:00.000000,2024-11-01 00:00:00.000000,Departamento,arriendo,agency
TT-2024-11-004343,toctoc,Ñuñoa,Metropolitana,18.92,UF,35.6,2024-10-26 00:00:00.000000,2024-11-29 00:00:00.000000,DEPARTAMENTO,Arriendo,owner_direct
TT-2024-11-000880,toctoc,Quinta Normal,Metropolitana,15.41,UF,52.3,2024-10-23 00:00:00.000000,2024-11-01 00:00:00.000000,departamento,ARRIENDO,agency
TT-2024-11-000865,toctoc,Puente Alto,Metropolitana,11.22,UF,34.5,2024-09-29 00:00:00.000000,2024-11-01 00:00:00.000000,Departamento,Arriendo,
TT-2024-11-001852,toctoc,Huechuraba,Metropolitana,740000.0,CLP,66.4,2024-10-28 00:00:00.000000,2024-11-08 00:00:00.000000,departamento,Arriendo,agency
TT-2024-11-000984,toctoc,Puente Alto,Metropolitana,445000.0,CLP,36.4,2024-09-26 00:00:00.000000,2024-11-01 00:00:00.000000,departamento,ARRIENDO,owner_direct
TT-2024-11-000493,toctoc,Providencia,Metropolitana,24.73,UF,36.0,2024-09-22 00:00:00.000000,2024-11-01 00:00:00.000000,departamento,arriendo,owner_direct
TT-2024-11-003642,toctoc,Estación Central,Metropolitana,17.57,UF,79.3,2024-11-14 00:00:00.000000,2024-11-22 00:00:00.000000,departamento,ARRIENDO,owner_direct
TT-2024-11-003717,toctoc,Estación Central,Metropolitana,19.73,UF,79.8,2024-11-20 00:00:00.000000,2024-11-22 00:00:00.000000,DEPARTAMENTO,Arriendo,owner_direct
TT-2024-11-001614,toctoc,Huechuraba,Metropolitana,19.73,UF,58.0,2024-10-30 00:00:00.000000,2024-11-08 00:00:00.000000,departamento,ARRIENDO,owner_direct
TT-2024-11-002455,toctoc,Independencia,Metropolitana,595000.0,CLP,58.7,2024-10-05 00:00:00.000000,2024-11-15 00:00:00.000000,DEPARTAMENTO,Arriendo,owner_direct
TT-2024-11-003583,toctoc,Ñuñoa,Metropolitana,33.92,UF,109.7,2024-11-05 00:00:00.000000,2024-11-22 00:00:00.000000,departamento,Arriendo,owner_direct
TT-2024-11-000044,toctoc,Estación Central,Metropolitana,425000.0,CLP,50.0,2024-10-20 00:00:00.000000,2024-11-01 00:00:00.000000,departamento,arriendo,agency
TT-2024-11-003186,toctoc,San Miguel,Metropolitana,835000.0,CLP,115.5,2024-09-06 00:00:00.000000,2024-11-15 00:00:00.000000,DEPARTAMENTO,ARRIENDO,agency
TT-2024-11-004074,toctoc,Estación Central,Metropolitana,455000.0,CLP,40.4,2024-11-11 00:00:00.000000,2024-11-22 00:00:00.000000,Departamento,Arriendo,agency
TT-2024-11-003396,toctoc,Estación Central,Metropolitana,23.78,UF,97.0,2024-10-07 00:00:00.000000,2024-11-22 00:00:00.000000,Departamento,Arriendo,agency
TT-2024-11-004769,toctoc,Providencia,Metropolitana,1020000.0,CLP,42.7,2024-11-21 00:00:00.000000,2024-11-29 00:00:00.000000,DEPARTAMENTO,Arriendo,agency
TT-2024-11-000655,toctoc,Quinta Normal,Metropolitana,565000.0,CLP,63.6,2024-09-18 00:00:00.000000,2024-11-01 00:00:00.000000,departamento,ARRIENDO,agency
TT-2024-11-002664,toctoc,Santiago,Metropolitana,595000.0,CLP,37.6,2024-08-02 00:00:00.000000,2024-11-15 00:00:00.000000,DEPARTAMENTO,ARRIENDO,owner_direct
TT-2024-11-004667,toctoc,Recoleta,Metropolitana,22.16,UF,96.8,2024-11-04 00:00:00.000000,2024-11-29 00:00:00.000000,departamento,Arriendo,agency
TT-2024-11-005456,toctoc, San Miguel,Metropolitana,14.32,UF,48.8,2024-10-25 00:00:00.000000,2024-11-29 00:00:00.000000,departamento,Arriendo,agency
TT-2024-11-001613,toctoc,la cisterna,Metropolitana,13.38,UF,41.9,2024-09-24 00:00:00.000000,2024-11-08 00:00:00.000000,Departamento,ARRIENDO,agency
TT-2024-11-003559,toctoc,San Joaquín,Metropolitana,15.68,UF,49.2,2024-11-03 00:00:00.000000,2024-11-22 00:00:00.000000,Departamento,Arriendo,agency
TT-2024-11-004781,toctoc,Ñuñoa,Metropolitana,20.95,UF,40.2,2024-08-16 00:00:00.000000,2024-11-29 00:00:00.000000,departamento,ARRIENDO,agency
TT-2024-11-000029,toctoc,Estación Central,Metropolitana,465000.0,CLP,34.5,2024-10-20 00:00:00.000000,2024-11-01 00:00:00.000000,Departamento,Arriendo,owner_direct
TT-2024-11-004919,toctoc,Macul,Metropolitana,18.78,UF,47.1,2024-11-13 00:00:00.000000,2024-11-29 00:00:00.000000,DEPARTAMENTO,ARRIENDO,agency
TT-2024-11-002630,toctoc,Macul,Metropolitana,13.38,UF,31.1,2024-10-30 00:00:00.000000,2024-11-15 00:00:00.000000,Departamento,ARRIENDO,agency
TT-2024-11-000832,toctoc,Peñalolén,Metropolitana,520000.0,CLP,58.6,2024-10-19 00:00:00.000000,2024-11-01 00:00:00.000000,Departamento,ARRIENDO,owner_direct
TT-2024-11-003205,toctoc,Santiago,Metropolitana,19.73,UF,68.8,2024-10-27 00:00:00.000000,2024-11-15 00:00:00.000000,departamento,Arriendo,agency
TT-2024-11-004062,toctoc,La Cisterna,Metropolitana,71.49,UF,400.0,2024-11-12 00:00:00.000000,2024-11-22 00:00:00.000000,DEPARTAMENTO,arriendo,agency
TT-2024-11-000167,toctoc,Maipú,Metropolitana,545000.0,CLP,57.3,2024-09-26 00:00:00.000000,2024-11-01 00:00:00.000000,departamento,Arriendo,agency
TT-2024-11-004468,toctoc,Estación Central,Metropolitana,12.97,UF,46.0,2024-10-09 00:00:00.000000,2024-11-29 00:00:00.000000,DEPARTAMENTO,arriendo,agency
TT-2024-11-004515,toctoc,Santiago,Metropolitana,715000.0,CLP,43.3,2024-11-08 00:00:00.000000,2024-11-29 00:00:00.000000,DEPARTAMENTO,Arriendo,agency
TT-2024-11-003676,toctoc,La Florida,Metropolitana,22.03,UF,80.6,2024-09-25 00:00:00.000000,2024-11-22 00:00:00.000000,DEPARTAMENTO,arriendo,owner_direct
TT-2024-11-000183,toctoc,Providencia,Metropolitana,1310000.0,CLP,65.1,2024-10-08 00:00:00.000000,2024-11-01 00:00:00.000000,Departamento,ARRIENDO,agency
TT-2024-11-000887,toctoc,La Reina,Metropolitana,1020000.0,CLP,69.2,2024-10-05 00:00:00.000000,2024-11-01 00:00:00.000000,DEPARTAMENTO,ARRIENDO,agency
TT-2024-11-001765,toctoc,Lo Barnechea,Metropolitana,695000.0,CLP,40.9,2024-10-31 00:00:00.000000,2024-11-08 00:00:00.000000,departamento,ARRIENDO,agency
TT-2024-11-002623,toctoc,Recoleta,Metropolitana,610000.0,CLP,48.5,2024-10-30 00:00:00.000000,2024-11-15 00:00:00.000000,Departamento,Arriendo,agency
TT-2024-11-001969,toctoc,Conchalí,Metropolitana,11.22,UF,31.2,2024-09-24 00:00:00.000000,2024-11-08 00:00:00.000000,departamento,ARRIENDO,owner_direct
TT-2024-11-000936,toctoc,Cerrillos,Metropolitana,16.89,UF,58.5,2024-10-07 00:00:00.000000,2024-11-01 00:00:00.000000,DEPARTAMENTO,ARRIENDO,agency
TT-2024-11-003988,toctoc,Quinta Normal,Metropolitana,16.08,UF,74.6,2024-10-27 00:00:00.000000,2024-11-22 00:00:00.000000,departamento,Arriendo,owner_direct
TT-2024-11-001053,toctoc,La Florida,Metropolitana,615000.0,CLP,55.4,2024-10-19 00:00:00.000000,2024-11-01 00:00:00.000000,Departamento,arriendo,agency
TT-2024-11-003807,toctoc,Independencia,Metropolitana,815000.0,CLP,105.0,2024-10-23 00:00:00.000000,2024-11-22 00:00:00.000000,DEPARTAMENTO,Arriendo,agency
TT-2024-11-000238,toctoc,Santiago,Metropolitana,500000.0,CLP,28.7,2024-10-14 00:00:00.000000,2024-11-01 00:00:00.000000,Departamento,arriendo,agency
TT-2024-11-001530,toctoc,Las Condes,Metropolitana,25.68,UF,41.9,2024-10-08 00:00:00.000000,2024-11-08 00:00:00.000000,departamento,Arriendo,
TT-2024-11-003596,toctoc,La Florida,Metropolitana,16.49,UF,64.3,2024-10-31 00:00:00.000000,2024-11-22 00:00:00.000000,departamento,ARRIENDO,agency
TT-2024-11-003843,toctoc,Lo Barnechea,Metropolitana,23.78,UF,49.1,2024-11-05 00:00:00.000000,2024-11-22 00:00:00.000000,DEPARTAMENTO,ARRIENDO,agency
TT-2024-11-002884,toctoc,INDEPENDENCIA,Metropolitana,475000.0,CLP,36.2,2024-11-08 00:00:00.000000,2024-11-15 00:00:00.000000,departamento,arriendo,agency
TT-2024-11-004453,toctoc,La Cisterna,Metropolitana,755000.0,CLP,77.7,2024-11-02 00:00:00.000000,2024-11-29 00:00:00.000000,Departamento,Arriendo,owner_direct
TT-2024-11-000531,toctoc,Puente Alto,Metropolitana,4235000.0,CLP,38.2,2024-10-13 00:00:00.000000,2024-11-01 00:00:00.000000,DEPARTAMENTO,arriendo,agency
TT-2024-11-002097,toctoc,Lo Barnechea,Metropolitana,50.68,UF,131.4,2024-10-31 00:00:00.000000,2024-11-08 00:00:00.000000,Departamento,Arriendo,owner_direct
TT-2024-11-003504,toctoc,Santiago,Metropolitana,16.08,UF,44.2,2024-06-19 00:00:00.000000,2024-11-22 00:00:00.000000,departamento,arriendo,agency
TT-2024-11-001349,toctoc,Estación Central,Metropolitana,595000.0,CLP,59.6,2024-09-28 00:00:00.000000,2024-11-08 00:00:00.000000,departamento,ARRIENDO,agency
TT-2024-11-003780,toctoc,Estación Central,Metropolitana,510000.0,CLP,38.9,2024-11-07 00:00:00.000000,2024-11-22 00:00:00.000000,DEPARTAMENTO,Arriendo,owner_direct
TT-2024-11-002379,toctoc,La Reina,Metropolitana,20.54,UF,39.0,2024-10-25 00:00:00.000000,2024-11-15 00:00:00.000000,Departamento,Arriendo,agency
TT-2024-11-003075,toctoc,Independencia,Metropolitana,14.73,UF,51.3,2024-07-20 00:00:00.000000,2024-11-15 00:00:00.000000,DEPARTAMENTO,Arriendo,agency
TT-2024-11-000631,toctoc,Puente Alto,Metropolitana,505000.0,CLP,49.4,2024-10-15 00:00:00.000000,2024-11-01 00:00:00.000000,DEPARTAMENTO,arriendo,owner_direct
TT-2024-11-002548,toctoc,Providencia,Metropolitana,1035000.0,CLP,51.2,2024-10-07 00:00:00.000000,2024-11-15 00:00:00.000000,departamento,Arriendo,agency
TT-2024-11-002459,toctoc,LAS CONDES,Metropolitana,895000.0,CLP,41.7,2024-09-29 00:00:00.000000,2024-11-15 00:00:00.000000,DEPARTAMENTO,arriendo,owner_direct
TT-2024-11-002114,toctoc,Lo Barnechea,Metropolitana,27.43,UF,47.2,2024-10-15 00:00:00.000000,2024-11-08 00:00:00.000000,departamento,arriendo,owner_direct
TT-2024-11-005111,toctoc, Santiago,Metropolitana,590000.0,CLP,67.6,2024-11-09 00:00:00.000000,2024-11-29 00:00:00.000000,departamento,ARRIENDO,owner_direct
TT-2024-11-003283,toctoc,Ñuñoa ,Metropolitana,455000.0,CLP,29.4,2024-11-06 00:00:00.000000,2024-11-15 00:00:00.000000,departamento,ARRIENDO,owner_direct
TT-2024-11-004303,toctoc,Ñuñoa,Metropolitana,31.89,UF,99.2,2024-11-23 00:00:00.000000,2024-11-29 00:00:00.000000,Departamento,Arriendo,agency
TT-2024-11-000952,toctoc,Ñuñoa,Metropolitana,620000.0,CLP,42.7,2024-09-01 00:00:00.000000,2024-11-01 00:00:00.000000,departamento,Arriendo,agency
TT-2024-11-000982,toctoc,San Miguel,Metropolitana,16.35,UF,52.1,2024-10-21 00:00:00.000000,2024-11-01 00:00:00.000000,departamento,arriendo,agency
TT-2024-11-001227,toctoc,San Miguel,Metropolitana,18.51,UF,57.8,2024-10-26 00:00:00.000000,2024-11-08 00:00:00.000000,departamento,ARRIENDO,agency
TT-2024-11-000694,toctoc,Santiago,Metropolitana,570000.0,CLP,52.6,2024-10-23 00:00:00.000000,2024-11-01 00:00:00.000000,departamento,Arriendo,owner_direct
TT-2024-11-001381,toctoc,Ñuñoa,Metropolitana,33.51,UF,91.1,2024-05-15 00:00:00.000000,2024-11-08 00:00:00.000000,DEPARTAMENTO,ARRIENDO,owner_direct
TT-2024-11-004274,toctoc,Las Condes,Metropolitana,1325000.0,CLP,56.1,2024-10-31 00:00:00.000000,2024-11-22 00:00:00.000000,Departamento,ARRIENDO,agency
TT-2024-11-001036,toctoc,San Miguel,Metropolitana,35.54,UF,127.2,2024-10-15 00:00:00.000000,2024-11-01 00:00:00.000000,Departamento,Arriendo,agency
TT-2024-11-004950,toctoc,Lo Barnechea,Metropolitana,920000.0,CLP,52.2,2024-10-09 00:00:00.000000,2024-11-29 00:00:00.000000,departamento,arriendo,agency
TT-2024-11-000474,toctoc,Ñuñoa,Metropolitana,24.59,UF,68.7,2024-10-10 00:00:00.000000,2024-11-01 00:00:00.000000,departamento,arriendo,owner_direct
TT-2024-11-003041,toctoc,Pudahuel,Metropolitana,625000.0,CLP,75.3,2024-11-04 00:00:00.000000,2024-11-15 00:00:00.000000,departamento,arriendo,agency
TT-2024-11-001195,toctoc,La Reina,Metropolitana,14.73,UF,27.6,2024-09-16 00:00:00.000000,2024-11-01 00:00:00.000000,Departamento,ARRIENDO,agency
TT-2024-11-002848,toctoc,Ñuñoa,Metropolitana,17.03,UF,25.3,2024-09-10 00:00:00.000000,2024-11-15 00:00:00.000000,DEPARTAMENTO,Arriendo,agency
TT-2024-11-003021,toctoc,Santiago,Metropolitana,22.16,UF,76.2,2024-10-10 00:00:00.000000,2024-11-15 00:00:00.000000,Departamento,ARRIENDO,owner_direct
TT-2024-11-001815,toctoc,Huechuraba,Metropolitana,490000.0,CLP,27.6,2024-10-02 00:00:00.000000,2024-11-08 00:00:00.000000,DEPARTAMENTO,arriendo,owner_direct
TT-2024-11-000752,toctoc,Quilicura,Metropolitana,11.35,UF,40.8,2024-10-13 00:00:00.000000,2024-11-01 00:00:00.000000,DEPARTAMENTO,ARRIENDO,agency
TT-2024-11-004943,toctoc,Las Condes,Metropolitana,20.68,UF,2.0,2024-10-27 00:00:00.000000,2024-11-29 00:00:00.000000,departamento,ARRIENDO,owner_direct
TT-2024-11-003735,toctoc,Quilicura,Metropolitana,615000.0,CLP,73.3,2024-10-23 00:00:00.000000,2024-11-22 00:00:00.000000,departamento,arriendo,agency
TT-2024-11-005144,toctoc,Macul,Metropolitana,12.57,UF,32.7,2024-10-10 00:00:00.000000,2024-11-29 00:00:00.000000,departamento,Arriendo,agency
TT-2024-11-005342,toctoc,Puente Alto,Metropolitana,10.27,UF,42.4,2024-11-14 00:00:00.000000,2024-11-29 00:00:00.000000,Departamento,arriendo,agency
TT-2024-11-003815,toctoc,Ñuñoa,Metropolitana,1305000.0,CLP,103.0,2024-05-20 00:00:00.000000,2024-11-22 00:00:00.000000,Departamento,arriendo,agency
TT-2024-11-004555,toctoc,Cerrillos,Metropolitana,32.7,UF,144.5,2024-10-29 00:00:00.000000,2024-11-29 00:00:00.000000,DEPARTAMENTO,ARRIENDO,owner_direct
TT-2024-11-004751,toctoc,Independencia,Metropolitana,475000.0,CLP,41.6,2024-10-07 00:00:00.000000,2024-11-29 00:00:00.000000,Departamento,arriendo,agency
TT-2024-11-001593,toctoc,San Miguel,Metropolitana,20.0,UF,62.3,2024-04-14 00:00:00.000000,2024-11-08 00:00:00.000000,Departamento,Arriendo,owner_direct
TT-2024-11-004765,toctoc,Lo Barnechea,Metropolitana,1495000.0,CLP,97.0,2024-10-22 00:00:00.000000,2024-11-29 00:00:00.000000,DEPARTAMENTO,ARRIENDO,agency
TT-2024-11-001656,toctoc,Santiago,Metropolitana,22.43,UF,70.7,2024-10-08 00:00:00.000000,2024-11-08 00:00:00.000000,Departamento,arriendo,owner_direct
TT-2024-11-000235,toctoc,Vitacura,Metropolitana,25.81,UF,41.8,2024-10-06 00:00:00.000000,2024-11-01 00:00:00.000000,DEPARTAMENTO,arriendo,owner_direct
TT-2024-11-001803,toctoc,Las Condes,Metropolitana,26.22,UF,39.8,2024-10-15 00:00:00.000000,2024-11-08 00:00:00.000000,DEPARTAMENTO,arriendo,owner_direct
TT-2024-11-000033,toctoc,Lo Barnechea,Metropolitana,16.35,UF,27.3,2024-10-29 00:00:00.000000,2024-11-01 00:00:00.000000,departamento,ARRIENDO,owner_direct
TT-2024-11-005314,toctoc,Huechuraba,Metropolitana,19.86,UF,41.6,2024-11-09 00:00:00.000000,2024-11-29 00:00:00.000000,departamento,arriendo,agency
TT-2024-11-001139,toctoc,Lo Barnechea,Metropolitana,800000.0,CLP,33.9,2024-09-10 00:00:00.000000,2024-11-01 00:00:00.000000,DEPARTAMENTO,arriendo,owner_direct
TT-2024-11-000775,toctoc,La Reina,Metropolitana,17.97,UF,28.6,2024-10-21 00:00:00.000000,2024-11-01 00:00:00.000000,departamento,Arriendo,agency
TT-2024-11-002533,toctoc,San Joaquín,Metropolitana,12.03,UF,30.2,2024-10-24 00:00:00.000000,2024-11-15 00:00:00.000000,Departamento,arriendo,owner_direct
TT-2024-11-001052,toctoc,Maipú,Metropolitana,455000.0,CLP,33.9,2024-10-22 00:00:00.000000,2024-11-01 00:00:00.000000,departamento,arriendo,agency
TT-2024-11-004618,toctoc,La Florida,Metropolitana,540000.0,CLP,42.1,2024-08-18 00:00:00.000000,2024-11-29 00:00:00.000000,departamento,ARRIENDO,owner_direct
TT-2024-11-000017,toctoc,La Florida,Metropolitana,575000.0,CLP,56.8,2024-10-23 00:00:00.000000,2024-11-01 00:00:00.000000,departamento,Arriendo,agency
TT-2024-11-004810,toctoc,Puente Alto,Metropolitana,14.05,UF,53.2,2024-10-29 00:00:00.000000,2024-11-29 00:00:00.000000,Departamento,ARRIENDO,owner_direct
TT-2024-11-002820,toctoc,Ñuñoa,Metropolitana,980000.0,CLP,70.5,2024-11-10 00:00:00.000000,2024-11-15 00:00:00.000000,Departamento,arriendo,agency
TT-2024-11-004535,toctoc,Lo Barnechea ,Metropolitana,1645000.0,CLP,121.0,2024-11-14 00:00:00.000000,2024-11-29 00:00:00.000000,departamento,ARRIENDO,agency
TT-2024-11-000209,toctoc,Quinta Normal,Metropolitana,455000.0,CLP,38.7,2024-09-15 00:00:00.000000,2024-11-01 00:00:00.000000,DEPARTAMENTO,Arriendo,agency
TT-2024-11-004286,toctoc,Independencia,Metropolitana,825000.0,CLP,62.6,2024-11-16 00:00:00.000000,2024-11-22 00:00:00.000000,Departamento,Arriendo,agency
TT-2024-11-000899,toctoc,LA FLORIDA,Metropolitana,680000.0,CLP,68.9,2024-10-16 00:00:00.000000,2024-11-01 00:00:00.000000,departamento,ARRIENDO,owner_direct
TT-2024-11-003534,toctoc,San Miguel,Metropolitana,18.11,UF,53.7,2024-10-15 00:00:00.000000,2024-11-22 00:00:00.000000,Departamento,arriendo,agency
TT-2024-11-003050,toctoc,San Miguel,Metropolitana,530000.0,CLP,36.7,2024-03-20 00:00:00.000000,2024-11-15 00:00:00.000000,DEPARTAMENTO,Arriendo,agency
TT-2024-11-001071,toctoc,Macul,Metropolitana,23.11,UF,84.7,2024-10-14 00:00:00.000000,2024-11-01 00:00:00.000000,departamento,arriendo,agency
TT-2024-11-002380,toctoc,Estación Central,Metropolitana,14.86,UF,50.4,2024-11-01 00:00:00.000000,2024-11-15 00:00:00.000000,Departamento,arriendo,agency
TT-2024-11-002778,toctoc,La Reina,Metropolitana,18.65,UF,30.2,2024-06-12 00:00:00.000000,2024-11-15 00:00:00.000000,departamento,Arriendo,owner_direct
TT-2024-11-003298,toctoc,Recoleta,Metropolitana,12.7,UF,25.8,2024-10-19 00:00:00.000000,2024-11-15 00:00:00.000000,DEPARTAMENTO,arriendo,agency
TT-2024-11-000228,toctoc,Puente Alto,Metropolitana,9.59,UF,33.1,2024-10-25 00:00:00.000000,2024-11-01 00:00:00.000000,DEPARTAMENTO,Arriendo,owner_direct
TT-2024-11-003710,toctoc,Santiago,Metropolitana,535000.0,CLP,44.2,2024-10-21 00:00:00.000000,2024-11-22 00:00:00.000000,DEPARTAMENTO,Arriendo,agency
TT-2024-11-002876,toctoc,Vitacura,Metropolitana,27.84,UF,42.0,2024-09-21 00:00:00.000000,2024-11-15 00:00:00.000000,Departamento,arriendo,agency
TT-2024-11-003190,toctoc,Independencia,Metropolitana,565000.0,CLP,51.0,2024-10-16 00:00:00.000000,2024-11-15 00:00:00.000000,Departamento,ARRIENDO,agency
TT-2024-11-000430,toctoc,Las Condes,Metropolitana,960000.0,CLP,33.2,2024-10-24 00:00:00.000000,2024-11-01 00:00:00.000000,departamento,arriendo,agency
TT-2024-11-000823,toctoc,Macul,Metropolitana,22.97,UF,83.1,2024-10-23 00:00:00.000000,2024-11-01 00:00:00.000000,departamento,arriendo,owner_direct
TT-2024-11-003920,toctoc,La Cisterna,Metropolitana,10.14,UF,23.8,2024-10-02 00:00:00.000000,2024-11-22 00:00:00.000000,departamento,ARRIENDO,owner_direct
TT-2024-11-000892,toctoc,La Florida,Metropolitana,12.57,UF,34.1,2024-10-02 00:00:00.000000,2024-11-01 00:00:00.000000,departamento,ARRIENDO,agency
TT-2024-11-001666,toctoc,Estación Central,Metropolitana,19.19,UF,68.9,2024-10-31 00:00:00.000000,2024-11-08 00:00:00.000000,DEPARTAMENTO,ARRIENDO,agency
TT-2024-11-001449,toctoc,Santiago,Metropolitana,750000.0,CLP,55.0,2024-10-24 00:00:00.000000,2024-11-08 00:00:00.000000,Departamento,arriendo,agency
TT-2024-11-000162,toctoc,Maipú,Metropolitana,12.97,UF,50.9,2024-09-11 00:00:00.000000,2024-11-01 00:00:00.000000,Departamento,arriendo,owner_direct
TT-2024-11-001297,toctoc,Vitacura,Metropolitana,1655000.0,CLP,84.0,2024-10-19 00:00:00.000000,2024-11-08 00:00:00.000000,Departamento,ARRIENDO,agency
TT-2024-11-002202,toctoc,Maipú,Metropolitana,10.41,UF,24.2,2024-11-02 00:00:00.000000,2024-11-15 00:00:00.000000,DEPARTAMENTO,arriendo,agency
TT-2024-11-000489,toctoc,Independencia,Metropolitana,420000.0,CLP,35.5,2024-09-26 00:00:00.000000,2024-11-01 00:00:00.000000,DEPARTAMENTO,arriendo,agency
TT-2024-11-002124,toctoc,Puente Alto,Metropolitana,445000.0,CLP,32.4,2024-09-01 00:00:00.000000,2024-11-08 00:00:00.000000,departamento,Arriendo,agency
TT-2024-11-001335,toctoc,La Reina,Metropolitana,22.57,UF,43.7,2024-10-22 00:00:00.000000,2024-11-08 00:00:00.000000,DEPARTAMENTO,ARRIENDO,agency
TT-2024-11-000929,toctoc,La Reina,Metropolitana,20.54,UF,37.4,2024-10-14 00:00:00.000000,2024-11-01 00:00:00.000000,Departamento,ARRIENDO,owner_direct
TT-2024-11-003309,toctoc,Estación Central,Metropolitana,825000.0,CLP,99.0,2024-10-09 00:00:00.000000,2024-11-15 00:00:00.000000,DEPARTAMENTO,Arriendo,agency
TT-2024-11-001639,toctoc,Vitacura,Metropolitana,1235000.0,CLP,51.4,2024-10-19 00:00:00.000000,2024-11-08 00:00:00.000000,DEPARTAMENTO,arriendo,agency
TT-2024-11-002281,toctoc,Pudahuel,Metropolitana,930000.0,CLP,120.8,2024-11-02 00:00:00.000000,2024-11-15 00:00:00.000000,departamento,Arriendo,agency
TT-2024-11-003912,toctoc,Independencia,Metropolitana,12.03,UF,27.8,2024-10-26 00:00:00.000000,2024-11-22 00:00:00.000000,DEPARTAMENTO,Arriendo,agency
TT-2024-11-003641,toctoc,Providencia,Metropolitana,31.76,UF,72.7,2024-09-28 00:00:00.000000,2024-11-22 00:00:00.000000,departamento,ARRIENDO,agency
TT-2024-11-001187,toctoc,San Miguel ,Metropolitana,960000.0,CLP,81.2,2024-10-26 00:00:00.000000,2024-11-01 00:00:00.000000,DEPARTAMENTO,arriendo,agency
TT-2024-11-000345,toctoc,Macul,Metropolitana,480000.0,CLP,12.0,2024-10-08 00:00:00.000000,2024-11-01 00:00:00.000000,Departamento,arriendo,agency
TT-2024-11-004806,toctoc,Peñalolén,Metropolitana,695000.0,CLP,54.2,2024-10-26 00:00:00.000000,2024-11-29 00:00:00.000000,departamento,arriendo,agency
TT-2024-11-002224,toctoc,La Florida,Metropolitana,14.73,UF,36.4,2024-10-03 00:00:00.000000,2024-11-15 00:00:00.000000,DEPARTAMENTO,ARRIENDO,owner_direct
TT-2024-11-005189,toctoc,Recoleta,Metropolitana,570000.0,CLP,67.6,2024-07-16 00:00:00.000000,2024-11-29 00:00:00.000000,departamento,Arriendo,agency
TT-2024-11-000540,toctoc,Ñuñoa,Metropolitana,805000.0,CLP,60.4,2024-07-15 00:00:00.000000,2024-11-01 00:00:00.000000,DEPARTAMENTO,arriendo,agency
TT-2024-11-001665,toctoc,Ñuñoa,Metropolitana,40.68,UF,114.9,2024-10-23 00:00:00.000000,2024-11-08 00:00:00.000000,Departamento,ARRIENDO,agency
TT-2024-11-000388,toctoc,La Florida,Metropolitana,15.41,UF,49.8,2024-10-21 00:00:00.000000,2024-11-01 00:00:00.000000,DEPARTAMENTO,ARRIENDO,owner_direct
TT-2024-11-002502,toctoc,Independencia,Metropolitana,510000.0,CLP,42.3,2024-11-04 00:00:00.000000,2024-11-15 00:00:00.000000,Departamento,ARRIENDO,agency
TT-2024-11-002030,toctoc,Las Condes,Metropolitana,23.78,UF,40.2,2024-10-15 00:00:00.000000,2024-11-08 00:00:00.000000,Departamento,ARRIENDO,agency
TT-2024-11-001355,toctoc,Independencia,Metropolitana,15.27,UF,44.2,2024-10-02 00:00:00.000000,2024-11-08 00:00:00.000000,Departamento,Arriendo,agency
TT-2024-11-003741,toctoc,CONCHALÍ,Metropolitana,590000.0,CLP,52.7,2024-10-24 00:00:00.000000,2024-11-22 00:00:00.000000,departamento,ARRIENDO,owner_direct
TT-2024-11-004267,toctoc,San Joaquín,Metropolitana,18.51,UF,56.1,2024-11-06 00:00:00.000000,2024-11-22 00:00:00.000000,departamento,arriendo,
TT-2024-11-000479,toctoc,Estación Central,Metropolitana,420000.0,CLP,37.3,2024-10-07 00:00:00.000000,2024-11-01 00:00:00.000000,DEPARTAMENTO,Arriendo,agency
TT-2024-11-000919,toctoc,Providencia,Metropolitana,905000.0,CLP,38.8,2024-09-17 00:00:00.000000,2024-11-01 00:00:00.000000,DEPARTAMENTO,ARRIENDO,agency
TT-2024-11-002625,toctoc,La Cisterna,Metropolitana,465000.0,CLP,47.7,2024-10-15 00:00:00.000000,2024-11-15 00:00:00.000000,Departamento,arriendo,owner_direct
TT-2024-11-003896,toctoc,Las Condes,Metropolitana,1010000.0,CLP,43.8,2024-04-03 00:00:00.000000,2024-11-22 00:00:00.000000,DEPARTAMENTO,arriendo,agency
TT-2024-11-002559,toctoc,Puente Alto,Metropolitana,570000.0,CLP,60.2,2024-10-05 00:00:00.000000,2024-11-15 00:00:00.000000,departamento,arriendo,agency
TT-2024-11-001529,toctoc,La Florida,Metropolitana,600000.0,CLP,48.7,2024-10-15 00:00:00.000000,2024-11-08 00:00:00.000000,DEPARTAMENTO,arriendo,owner_direct
TT-2024-11-004723,toctoc,independencia,Metropolitana,670000.0,CLP,51.2,2024-11-05 00:00:00.000000,2024-11-29 00:00:00.000000,DEPARTAMENTO,ARRIENDO,owner_direct
TT-2024-11-002216,toctoc,La Florida,Metropolitana,890000.0,CLP,31.4,2024-11-03 00:00:00.000000,2024-11-15 00:00:00.000000,departamento,Arriendo,agency
TT-2024-11-000783,toctoc,Ñuñoa,Metropolitana,20.41,UF,48.2,2024-10-05 00:00:00.000000,2024-11-01 00:00:00.000000,departamento,arriendo,agency
TT-2024-11-004693,toctoc,Providencia,Metropolitana,1285000.0,CLP,71.5,2024-11-09 00:00:00.000000,2024-11-29 00:00:00.000000,departamento,ARRIENDO,agency
TT-2024-11-001770,toctoc,Las Condes,Metropolitana,30.81,UF,48.8,2024-10-10 00:00:00.000000,2024-11-08 00:00:00.000000,Departamento,ARRIENDO,owner_direct
TT-2024-11-004494,toctoc,Quilicura,Metropolitana,13.51,UF,38.6,2024-11-25 00:00:00.000000,2024-11-29 00:00:00.000000,Departamento,Arriendo,agency
TT-2024-11-004050,toctoc,Huechuraba,Metropolitana,595000.0,CLP,45.0,2024-08-24 00:00:00.000000,2024-11-22 00:00:00.000000,Departamento,arriendo,agency
TT-2024-11-003376,toctoc,Ñuñoa,Metropolitana,16.49,UF,25.4,2024-10-11 00:00:00.000000,2024-11-22 00:00:00.000000,DEPARTAMENTO,arriendo,agency
TT-2024-11-004081,toctoc,Quilicura,Metropolitana,10.54,UF,44.3,2024-11-01 00:00:00.000000,2024-11-22 00:00:00.000000,Departamento,ARRIENDO,agency
TT-2024-11-000512,toctoc,La Reina,Metropolitana,24.73,UF,52.4,2024-10-12 00:00:00.000000,2024-11-01 00:00:00.000000,Departamento,arriendo,owner_direct
TT-2024-11-001026,toctoc,Peñalolén,Metropolitana,630000.0,CLP,50.8,2024-10-18 00:00:00.000000,2024-11-01 00:00:00.000000,departamento,ARRIENDO,agency
TT-2024-11-000413,toctoc,Santiago,Metropolitana,565000.0,CLP,37.4,2024-10-03 00:00:00.000000,2024-11-01 00:00:00.000000,Departamento,arriendo,owner_direct
TT-2024-11-004543,toctoc,Las Condes,Metropolitana,30.27,UF,70.4,2024-11-24 00:00:00.000000,2024-11-29 00:00:00.000000,DEPARTAMENTO,Arriendo,agency
TT-2024-11-004305,toctoc,Pudahuel,Metropolitana,15.0,UF,72.0,2024-08-20 00:00:00.000000,2024-11-29 00:00:00.000000,departamento,arriendo,owner_direct
TT-2024-11-003884,toctoc,Macul,Metropolitana,515000.0,CLP,49.8,2024-10-28 00:00:00.000000,2024-11-22 00:00:00.000000,Departamento,arriendo,owner_direct
TT-2024-11-000967,toctoc,Independencia,Metropolitana,550000.0,CLP,49.4,2024-10-22 00:00:00.000000,2024-11-01 00:00:00.000000,departamento,Arriendo,owner_direct
TT-2024-11-001881,toctoc,La Florida,Metropolitana,540000.0,CLP,52.8,2024-10-23 00:00:00.000000,2024-11-08 00:00:00.000000,departamento,ARRIENDO,owner_direct
TT-2024-11-000809,toctoc,San Joaquín,Metropolitana,535000.0,CLP,45.6,2024-10-22 00:00:00.000000,2024-11-01 00:00:00.000000,departamento,ARRIENDO,agency
TT-2024-11-001425,toctoc,Renca,Metropolitana,10.0,UF,43.7,2024-10-26 00:00:00.000000,2024-11-08 00:00:00.000000,DEPARTAMENTO,Arriendo,owner_direct
TT-2024-11-002692,toctoc,Ñuñoa,Metropolitana,27.3,UF,67.5,2024-10-18 00:00:00.000000,2024-11-15 00:00:00.000000,departamento,Arriendo,owner_direct
TT-2024-11-004604,toctoc,Providencia,Metropolitana,845000.0,CLP,37.0,2024-10-29 00:00:00.000000,2024-11-29 00:00:00.000000,departamento,ARRIENDO,agency
TT-2024-11-000917,toctoc,Quinta Normal,Metropolitana,860000.0,CLP,101.4,2024-10-08 00:00:00.000000,2024-11-01 00:00:00.000000,departamento,Arriendo,owner_direct
TT-2024-11-001920,toctoc,Quinta Normal,Metropolitana,380000.0,CLP,30.2,2024-10-22 00:00:00.000000,2024-11-08 00:00:00.000000,Departamento,Arriendo,agency
TT-2024-11-001173,toctoc,Las Condes,Metropolitana,25.0,UF,50.6,2024-10-21 00:00:00.000000,2024-11-01 00:00:00.000000,DEPARTAMENTO,Arriendo,agency
TT-2024-11-001324,toctoc,San Miguel,Metropolitana,15.41,UF,36.2,2024-10-29 00:00:00.000000,2024-11-08 00:00:00.000000,Departamento,arriendo,owner_direct
TT-2024-11-005052,toctoc,Santiago,Metropolitana,15.27,UF,41.0,2024-10-31 00:00:00.000000,2024-11-29 00:00:00.000000,Departamento,arriendo,owner_direct
TT-2024-11-002676,toctoc,Independencia,Metropolitana,11.62,UF,29.2,2024-10-10 00:00:00.000000,2024-11-15 00:00:00.000000,Departamento,arriendo,agency
TT-2024-11-001172,toctoc,Huechuraba,Metropolitana,16.89,UF,44.1,2024-10-13 00:00:00.000000,2024-11-01 00:00:00.000000,DEPARTAMENTO,arriendo,agency
TT-2024-11-004374,toctoc,La Florida,Metropolitana,730000.0,CLP,70.3,2024-11-10 00:00:00.000000,2024-11-29 00:00:00.000000,departamento,arriendo,owner_direct
TT-2024-11-002219,toctoc,Santiago,Metropolitana,16.49,UF,46.3,2024-10-23 00:00:00.000000,2024-11-15 00:00:00.000000,departamento,arriendo,agency
TT-2024-11-001938,toctoc,Estación Central,Metropolitana,560000.0,CLP,51.6,2024-10-28 00:00:00.000000,2024-11-08 00:00:00.000000,departamento,ARRIENDO,owner_direct
TT-2024-11-002494,toctoc,Estación Central,Metropolitana,540000.0,CLP,49.0,2024-10-15 00:00:00.000000,2024-11-15 00:00:00.000000,DEPARTAMENTO,Arriendo,agency
TT-2024-11-004364,toctoc,Ñuñoa,Metropolitana,500000.0,CLP,36.2,2024-09-30 00:00:00.000000,2024-11-29 00:00:00.000000,Departamento,Arriendo,owner_direct
TT-2024-11-003921,toctoc,Ñuñoa,Metropolitana,15.81,UF,28.5,2024-10-22 00:00:00.000000,2024-11-22 00:00:00.000000,departamento,ARRIENDO,owner_direct
TT-2024-11-003461,toctoc,Providencia,Metropolitana,30.54,UF,58.5,2024-10-17 00:00:00.000000,2024-11-22 00:00:00.000000,departamento,Arriendo,agency
TT-2024-11-002796,toctoc,Puente Alto,Metropolitana,10.81,UF,25.2,2024-10-09 00:00:00.000000,2024-11-15 00:00:00.000000,DEPARTAMENTO,ARRIENDO,owner_direct
TT-2024-11-000635,toctoc,Macul,Metropolitana,16.76,UF,42.7,2024-10-18 00:00:00.000000,2024-11-01 00:00:00.000000,Departamento,ARRIENDO,owner_direct
TT-2024-11-005215,toctoc,Las Condes,Metropolitana,31.49,UF,59.7,2024-11-10 00:00:00.000000,2024-11-29 00:00:00.000000,Departamento,ARRIENDO,owner_direct
TT-2024-11-003527,toctoc,La Florida,Metropolitana,505000.0,CLP,33.1,2024-10-18 00:00:00.000000,2024-11-22 00:00:00.000000,Departamento,ARRIENDO,agency
TT-2024-11-001888,toctoc,La Florida,Metropolitana,20.0,UF,87.5,2024-10-07 00:00:00.000000,2024-11-08 00:00:00.000000,DEPARTAMENTO,ARRIENDO,agency
TT-2024-11-004743,toctoc,San Miguel,Metropolitana,12.43,UF,32.0,2024-11-13 00:00:00.000000,2024-11-29 00:00:00.000000,departamento,arriendo,
TT-2024-11-005019,toctoc,Ñuñoa,Metropolitana,725000.0,CLP,48.2,2024-11-21 00:00:00.000000,2024-11-29 00:00:00.000000,departamento,Arriendo,agency
TT-2024-11-000950,toctoc,Macul,Metropolitana,30.14,UF,102.1,2024-10-01 00:00:00.000000,2024-11-01 00:00:00.000000,departamento,ARRIENDO,agency
TT-2024-11-003880,toctoc,La Florida,Metropolitana,12.43,UF,25.2,2024-10-26 00:00:00.000000,2024-11-22 00:00:00.000000,departamento,Arriendo,agency
TT-2024-11-003900,toctoc,Providencia,Metropolitana,30.0,UF,47.1,2024-11-09 00:00:00.000000,2024-11-22 00:00:00.000000,departamento,ARRIENDO,agency
TT-2024-11-000834,toctoc,Recoleta,Metropolitana,39.73,UF,42.6,2024-10-22 00:00:00.000000,2024-11-01 00:00:00.000000,departamento,ARRIENDO,owner_direct
TT-2024-11-004827,toctoc,Santiago,Metropolitana,790000.0,CLP,55.8,2024-08-28 00:00:00.000000,2024-11-29 00:00:00.000000,DEPARTAMENTO,Arriendo,owner_direct
TT-2024-11-002284,toctoc,Ñuñoa,Metropolitana,16.62,UF,41.2,2024-06-29 00:00:00.000000,2024-11-15 00:00:00.000000,departamento,Arriendo,owner_direct
TT-2024-11-001048,toctoc,Puente Alto,Metropolitana,12.16,UF,46.4,2024-10-12 00:00:00.000000,2024-11-01 00:00:00.000000,departamento,Arriendo,agency
TT-2024-11-002769,toctoc,Puente Alto,Metropolitana,11.08,UF,37.2,2024-10-30 00:00:00.000000,2024-11-15 00:00:00.000000,departamento,Arriendo,agency
TT-2024-11-002406,toctoc,Santiago,Metropolitana,560000.0,CLP,35.4,2024-10-18 00:00:00.000000,2024-11-15 00:00:00.000000,DEPARTAMENTO,arriendo,
TT-2024-11-003748,toctoc,Macul,Metropolitana,19.05,UF,65.1,2024-10-25 00:00:00.000000,2024-11-22 00:00:00.000000,departamento,arriendo,agency
TT-2024-11-003425,toctoc,Puente Alto,Metropolitana,405000.0,CLP,31.2,2024-10-29 00:00:00.000000,2024-11-22 00:00:00.000000,DEPARTAMENTO,ARRIENDO,agency
TT-2024-11-002318,toctoc,Estación Central,Metropolitana,14.05,UF,46.8,2024-11-09 00:00:00.000000,2024-11-15 00:00:00.000000,departamento,ARRIENDO,owner_direct
TT-2024-11-000403,toctoc,Vitacura,Metropolitana,1510000.0,CLP,68.0,2024-10-20 00:00:00.000000,2024-11-01 00:00:00.000000,Departamento,ARRIENDO,agency
TT-2024-11-000768,toctoc,Santiago,Metropolitana,665000.0,CLP,58.4,2024-10-10 00:00:00.000000,2024-11-01 00:00:00.000000,DEPARTAMENTO,ARRIENDO,agency
TT-2024-11-002957,toctoc,Macul,Metropolitana,715000.0,CLP,67.1,2024-10-06 00:00:00.000000,2024-11-15 00:00:00.000000,DEPARTAMENTO,arriendo,agency
TT-2024-11-001913,toctoc,Independencia,Metropolitana,12.84,UF,35.2,2024-10-15 00:00:00.000000,2024-11-08 00:00:00.000000,Departamento,ARRIENDO,agency
TT-2024-11-005154,toctoc,Macul,Metropolitana,440000.0,CLP,22.6,2024-11-07 00:00:00.000000,2024-11-29 00:00:00.000000,Departamento,Arriendo,agency
TT-2024-11-003412,toctoc,San Joaquín,Metropolitana,13.11,UF,43.0,2024-11-01 00:00:00.000000,2024-11-22 00:00:00.000000,departamento,ARRIENDO,agency
TT-2024-11-004853,toctoc,Peñalolén,Metropolitana,10.54,UF,33.9,2024-10-12 00:00:00.000000,2024-11-29 00:00:00.000000,DEPARTAMENTO,Arriendo,agency
TT-2024-11-000099,toctoc,Estación Central,Metropolitana,14.46,UF,50.8,2024-10-01 00:00:00.000000,2024-11-01 00:00:00.000000,DEPARTAMENTO,ARRIENDO,owner_direct
TT-2024-11-003060,toctoc,Santiago,Metropolitana,15.0,UF,33.9,2024-10-01 00:00:00.000000,2024-11-15 00:00:00.000000,Departamento,arriendo,owner_direct
TT-2024-11-005024,toctoc,Vitacura,Metropolitana,2490000.0,CLP,127.7,2024-11-24 00:00:00.000000,2024-11-29 00:00:00.000000,Departamento,Arriendo,owner_direct
TT-2024-11-004018,toctoc,La Florida,Metropolitana,9.86,UF,33.1,2024-10-22 00:00:00.000000,2024-11-22 00:00:00.000000,DEPARTAMENTO,Arriendo,owner_direct
TT-2024-11-000909,toctoc,Recoleta,Metropolitana,500000.0,CLP,49.9,2024-10-06 00:00:00.000000,2024-11-01 00:00:00.000000,Departamento,Arriendo,agency
TT-2024-11-005425,toctoc,La Cisterna,Metropolitana,20.0,UF,90.1,2024-07-24 00:00:00.000000,2024-11-29 00:00:00.000000,DEPARTAMENTO,Arriendo,agency
TT-2024-11-000594,toctoc,Providencia,Metropolitana,18.92,UF,26.7,2024-09-21 00:00:00.000000,2024-11-01 00:00:00.000000,DEPARTAMENTO,ARRIENDO,agency
TT-2024-11-003357,toctoc,Estación Central,Metropolitana,10.54,UF,27.0,2024-09-30 00:00:00.000000,2024-11-15 00:00:00.000000,Departamento,ARRIENDO,agency
TT-2024-11-003419,toctoc,Cerrillos,Metropolitana,13.51,UF,43.3,2024-11-15 00:00:00.000000,2024-11-22 00:00:00.000000,departamento,Arriendo,owner_direct
TT-2024-11-000425,toctoc,Estación Central,Metropolitana,13.38,UF,48.4,2024-10-11 00:00:00.000000,2024-11-01 00:00:00.000000,Departamento,Arriendo,owner_direct
TT-2024-11-002857,toctoc,Providencia,Metropolitana,31.08,UF,63.3,2024-10-27 00:00:00.000000,2024-11-15 00:00:00.000000,departamento,Arriendo,owner_direct
TT-2024-11-000131,toctoc,Las Condes,Metropolitana,36.22,UF,91.6,2024-09-14 00:00:00.000000,2024-11-01 00:00:00.000000,DEPARTAMENTO,Arriendo,owner_direct
TT-2024-11-004333,toctoc,Recoleta,Metropolitana,635000.0,CLP,62.9,2024-11-20 00:00:00.000000,2024-11-29 00:00:00.000000,Departamento,arriendo,agency
TT-2024-11-000038,toctoc,Santiago,Metropolitana,650000.0,CLP,40.1,2024-10-09 00:00:00.000000,2024-11-01 00:00:00.000000,departamento,arriendo,owner_direct
TT-2024-11-004654,toctoc,San Joaquín,Metropolitana,425000.0,CLP,42.8,2024-11-16 00:00:00.000000,2024-11-29 00:00:00.000000,Departamento,Arriendo,owner_direct
TT-2024-11-003924,toctoc,Santiago,Metropolitana,755000.0,CLP,58.2,2024-11-01 00:00:00.000000,2024-11-22 00:00:00.000000,departamento,arriendo,agency
TT-2024-11-004046,toctoc,Conchalí,Metropolitana,560000.0,CLP,71.9,2024-10-29 00:00:00.000000,2024-11-22 00:00:00.000000,departamento,arriendo,agency
TT-2024-11-004758,toctoc,Maipú,Metropolitana,9.73,UF,27.5,2024-11-09 00:00:00.000000,2024-11-29 00:00:00.000000,DEPARTAMENTO,ARRIENDO,agency
TT-2024-11-002188,toctoc,San Joaquín,Metropolitana,795000.0,CLP,84.3,2024-10-06 00:00:00.000000,2024-11-15 00:00:00.000000,Departamento,Arriendo,agency
TT-2024-11-000497,toctoc,Las Condes,Metropolitana,22.16,UF,38.1,2024-10-02 00:00:00.000000,2024-11-01 00:00:00.000000,DEPARTAMENTO,Arriendo,owner_direct
TT-2024-11-003942,toctoc, Cerrillos,Metropolitana,575000.0,CLP,58.2,2024-10-26 00:00:00.000000,2024-11-22 00:00:00.000000,Departamento,ARRIENDO,agency
TT-2024-11-004034,toctoc,La Reina,Metropolitana,27.84,UF,61.2,2024-11-09 00:00:00.000000,2024-11-22 00:00:00.000000,Departamento,Arriendo,agency
TT-2024-11-003550,toctoc,Recoleta,Metropolitana,490000.0,CLP,44.4,2024-10-22 00:00:00.000000,2024-11-22 00:00:00.000000,Departamento,arriendo,agency
TT-2024-11-005418,toctoc,Vitacura,Metropolitana,910000.0,CLP,29.8,2024-11-17 00:00:00.000000,2024-11-29 00:00:00.000000,DEPARTAMENTO,ARRIENDO,agency
TT-2024-11-003701,toctoc,Recoleta,Metropolitana,655000.0,CLP,67.9,2024-11-04 00:00:00.000000,2024-11-22 00:00:00.000000,departamento,Arriendo,owner_direct
TT-2024-11-002673,toctoc,Santiago,Metropolitana,650000.0,CLP,47.8,2024-10-24 00:00:00.000000,2024-11-15 00:00:00.000000,Departamento,ARRIENDO,agency
TT-2024-11-000039,toctoc,Ñuñoa,Metropolitana,21.89,UF,43.0,2024-10-07 00:00:00.000000,2024-11-01 00:00:00.000000,DEPARTAMENTO,ARRIENDO,owner_direct
TT-2024-11-000652,toctoc,Huechuraba,Metropolitana,500000.0,CLP,30.2,2024-08-24 00:00:00.000000,2024-11-01 00:00:00.000000,departamento,ARRIENDO,owner_direct
TT-2024-11-000412,toctoc,Puente Alto,Metropolitana,530000.0,CLP,45.6,2024-09-29 00:00:00.000000,2024-11-01 00:00:00.000000,departamento,ARRIENDO,agency
TT-2024-11-002737,toctoc,Estación Central,Metropolitana,11.08,UF,47.8,2024-07-07 00:00:00.000000,2024-11-15 00:00:00.000000,DEPARTAMENTO,Arriendo,agency
TT-2024-11-004811,toctoc,Ñuñoa,Metropolitana,930000.0,CLP,68.2,2024-11-13 00:00:00.000000,2024-11-29 00:00:00.000000,Departamento,arriendo,agency
TT-2024-11-000701,toctoc,Macul,Metropolitana,600000.0,CLP,55.1,2024-10-06 00:00:00.000000,2024-11-01 00:00:00.000000,departamento,arriendo,agency
TT-2024-11-004079,toctoc,La Florida,Metropolitana,16.08,UF,59.0,2024-10-29 00:00:00.000000,2024-11-22 00:00:00.000000,DEPARTAMENTO,ARRIENDO,agency
TT-2024-11-004524,toctoc,Independencia,Metropolitana,780000.0,CLP,80.8,2024-10-23 00:00:00.000000,2024-11-29 00:00:00.000000,DEPARTAMENTO,arriendo,agency
TT-2024-11-002584,toctoc,San Joaquín,Metropolitana,16.62,UF,56.1,2024-10-26 00:00:00.000000,2024-11-15 00:00:00.000000,DEPARTAMENTO,Arriendo,agency
TT-2024-11-000520,toctoc,Las Condes,Metropolitana,825000.0,CLP,41.7,2024-09-16 00:00:00.000000,2024-11-01 00:00:00.000000,departamento,Arriendo,agency
TT-2024-11-001698,toctoc,La Florida,Metropolitana,12.16,UF,34.1,2024-10-08 00:00:00.000000,2024-11-08 00:00:00.000000,DEPARTAMENTO,Arriendo,owner_direct
TT-2024-11-002765,toctoc,Huechuraba,Metropolitana,595000.0,CLP,43.0,2024-09-28 00:00:00.000000,2024-11-15 00:00:00.000000,Departamento,arriendo,owner_direct
TT-2024-11-002078,toctoc,Ñuñoa,Metropolitana,20.81,UF,47.7,2024-10-29 00:00:00.000000,2024-11-08 00:00:00.000000,Departamento,ARRIENDO,agency
TT-2024-11-000610,toctoc,Quinta Normal,Metropolitana,400000.0,CLP,37.1,2024-10-04 00:00:00.000000,2024-11-01 00:00:00.000000,DEPARTAMENTO,ARRIENDO,agency
TT-2024-11-004522,toctoc,Independencia,Metropolitana,525000.0,CLP,45.3,2024-11-10 00:00:00.000000,2024-11-29 00:00:00.000000,Departamento,arriendo,agency
TT-2024-11-001280,toctoc,Independencia,Metropolitana,605000.0,CLP,55.7,2024-10-12 00:00:00.000000,2024-11-08 00:00:00.000000,departamento,ARRIENDO,agency
TT-2024-11-000977,toctoc,Quinta Normal,Metropolitana,10.81,UF,27.5,2024-10-20 00:00:00.000000,2024-11-01 00:00:00.000000,Departamento,Arriendo,agency
TT-2024-11-002780,toctoc,Independencia,Metropolitana,675000.0,CLP,67.6,2024-10-20 00:00:00.000000,2024-11-15 00:00:00.000000,DEPARTAMENTO,arriendo,owner_direct
TT-2024-11-001736,toctoc,Estación Central,Metropolitana,600000.0,CLP,70.3,2024-10-01 00:00:00.000000,2024-11-08 00:00:00.000000,DEPARTAMENTO,arriendo,agency
TT-2024-11-004481,toctoc,Ñuñoa,Metropolitana,800000.0,CLP,45.9,2024-10-16 00:00:00.000000,2024-11-29 00:00:00.000000,departamento,Arriendo,agency
TT-2024-11-005056,toctoc,QUILICURA,Metropolitana,11.08,UF,38.5,2024-10-31 00:00:00.000000,2024-11-29 00:00:00.000000,DEPARTAMENTO,Arriendo,agency
TT-2024-11-003694,toctoc,Huechuraba,Metropolitana,17.03,UF,44.1,2024-11-03 00:00:00.000000,2024-11-22 00:00:00.000000,Departamento,Arriendo,owner_direct
TT-2024-11-002770,toctoc,Santiago,Metropolitana,1175000.0,CLP,97.0,2024-10-29 00:00:00.000000,2024-11-15 00:00:00.000000,Departamento,ARRIENDO,agency
TT-2024-11-002242,toctoc,la florida,Metropolitana,680000.0,CLP,81.9,2024-04-24 00:00:00.000000,2024-11-15 00:00:00.000000,departamento,ARRIENDO,agency
TT-2024-11-000810,toctoc,Recoleta,Metropolitana,520000.0,CLP,53.1,2024-09-27 00:00:00.000000,2024-11-01 00:00:00.000000,DEPARTAMENTO,arriendo,agency
TT-2024-11-001778,toctoc,Ñuñoa,Metropolitana,33.11,UF,112.8,2024-10-07 00:00:00.000000,2024-11-08 00:00:00.000000,DEPARTAMENTO,arriendo,agency
TT-2024-11-003408,toctoc,Cerrillos,Metropolitana,15.54,UF,45.7,2024-10-26 00:00:00.000000,2024-11-22 00:00:00.000000,DEPARTAMENTO,Arriendo,agency
TT-2024-11-000297,toctoc,Peñalolén,Metropolitana,14.46,UF,42.1,2023-12-26 00:00:00.000000,2024-11-01 00:00:00.000000,departamento,ARRIENDO,owner_direct
TT-2024-11-004914,toctoc,Independencia,Metropolitana,13.38,UF,37.5,2024-11-09 00:00:00.000000,2024-11-29 00:00:00.000000,departamento,ARRIENDO,owner_direct
TT-2024-11-003746,toctoc,Huechuraba,Metropolitana,515000.0,CLP,35.4,2024-11-04 00:00:00.000000,2024-11-22 00:00:00.000000,Departamento,ARRIENDO,agency
TT-2024-11-003034,toctoc,Providencia,Metropolitana,1150000.0,CLP,64.7,2024-11-08 00:00:00.000000,2024-11-15 00:00:00.000000,departamento,arriendo,owner_direct
TT-2024-11-003320,toctoc,Macul,Metropolitana,530000.0,CLP,46.5,2024-10-24 00:00:00.000000,2024-11-15 00:00:00.000000,DEPARTAMENTO,Arriendo,agency
TT-2024-11-003364,toctoc,Recoleta,Metropolitana,415000.0,CLP,39.1,2024-09-08 00:00:00.000000,2024-11-15 00:00:00.000000,DEPARTAMENTO,ARRIENDO,agency
TT-2024-11-001402,toctoc,Las Condes,Metropolitana,20.41,UF,37.8,2024-09-24 00:00:00.000000,2024-11-08 00:00:00.000000,departamento,arriendo,agency
TT-2024-11-000294,toctoc,Conchalí,Metropolitana,11.76,UF,30.7,2024-10-13 00:00:00.000000,2024-11-01 00:00:00.000000,Departamento,arriendo,agency
TT-2024-11-003744,toctoc,La Cisterna,Metropolitana,17.97,UF,66.0,2024-10-25 00:00:00.000000,2024-11-22 00:00:00.000000,Departamento,Arriendo,agency
TT-2024-11-004244,toctoc,Ñuñoa,Metropolitana,24.05,UF,71.3,2024-10-28 00:00:00.000000,2024-11-22 00:00:00.000000,Departamento,Arriendo,owner_direct
TT-2024-11-000355,toctoc,Estación Central,Metropolitana,585000.0,CLP,49.3,2024-09-30 00:00:00.000000,2024-11-01 00:00:00.000000,Departamento,Arriendo,agency
TT-2024-11-003297,toctoc,Macul,Metropolitana,17.43,UF,52.0,2024-10-04 00:00:00.000000,2024-11-15 00:00:00.000000,DEPARTAMENTO,Arriendo,agency
TT-2024-11-000024,toctoc,Santiago,Metropolitana,14.73,UF,38.9,2024-10-21 00:00:00.000000,2024-11-01 00:00:00.000000,Departamento,ARRIENDO,owner_direct
TT-2024-11-002738,toctoc,Macul,Metropolitana,17.43,UF,46.8,2024-10-16 00:00:00.000000,2024-11-15 00:00:00.000000,DEPARTAMENTO,ARRIENDO,owner_direct
TT-2024-11-005325,toctoc,Macul,Metropolitana,460000.0,CLP,29.6,2024-11-24 00:00:00.000000,2024-11-29 00:00:00.000000,DEPARTAMENTO,arriendo,owner_direct
TT-2024-11-003158,toctoc,La Reina,Metropolitana,1125000.0,CLP,80.2,2024-09-20 00:00:00.000000,2024-11-15 00:00:00.000000,DEPARTAMENTO,ARRIENDO,agency
TT-2024-11-002069,toctoc,Estación Central,Metropolitana,450000.0,CLP,42.4,2024-09-13 00:00:00.000000,2024-11-08 00:00:00.000000,Departamento,Arriendo,agency
TT-2024-11-000032,toctoc,Las Condes,Metropolitana,805000.0,CLP,40.7,2024-10-01 00:00:00.000000,2024-11-01 00:00:00.000000,DEPARTAMENTO,ARRIENDO,owner_direct
TT-2024-11-000999,toctoc,La Florida,Metropolitana,770000.0,CLP,88.5,2024-09-28 00:00:00.000000,2024-11-01 00:00:00.000000,Departamento,Arriendo,agency
TT-2024-11-001125,toctoc,San Miguel,Metropolitana,455000.0,CLP,36.8,2024-10-09 00:00:00.000000,2024-11-01 00:00:00.000000,departamento,arriendo,agency
TT-2024-11-003485,toctoc,La Florida,Metropolitana,17.57,UF,62.8,2024-10-29 00:00:00.000000,2024-11-22 00:00:00.000000,departamento,ARRIENDO,agency
TT-2024-11-000621,toctoc,Peñalolén,Metropolitana,10.68,UF,34.2,2024-09-30 00:00:00.000000,2024-11-01 00:00:00.000000,DEPARTAMENTO,Arriendo,agency
TT-2024-11-001040,toctoc,Recoleta,Metropolitana,18.51,UF,68.4,2024-09-24 00:00:00.000000,2024-11-01 00:00:00.000000,departamento,arriendo,owner_direct
TT-2024-11-000683,toctoc,Ñuñoa,Metropolitana,685000.0,CLP,45.8,2024-10-24 00:00:00.000000,2024-11-01 00:00:00.000000,departamento,Arriendo,owner_direct
TT-2024-11-004603,toctoc,Estación Central,Metropolitana,600000.0,CLP,51.5,2024-11-14 00:00:00.000000,2024-11-29 00:00:00.000000,departamento,arriendo,agency
TT-2024-11-003599,toctoc,Recoleta,Metropolitana,20.27,UF,71.9,2024-10-08 00:00:00.000000,2024-11-22 00:00:00.000000,Departamento,Arriendo,agency
TT-2024-11-002193,toctoc,Santiago,Metropolitana,11.08,UF,30.5,2024-11-11 00:00:00.000000,2024-11-15 00:00:00.000000,DEPARTAMENTO,arriendo,agency
TT-2024-11-004119,toctoc,Santiago,Metropolitana,14.32,UF,49.7,2024-09-23 00:00:00.000000,2024-11-22 00:00:00.000000,Departamento,ARRIENDO,agency
TT-2024-11-005329,toctoc,Cerrillos,Metropolitana,620000.0,CLP,61.0,2024-07-04 00:00:00.000000,2024-11-29 00:00:00.000000,Departamento,ARRIENDO,agency
TT-2024-11-003667,toctoc,Recoleta,Metropolitana,12.84,UF,44.6,2024-11-09 00:00:00.000000,2024-11-22 00:00:00.000000,Departamento,ARRIENDO,agency
TT-2024-11-002896,toctoc,Santiago,Metropolitana,36.89,UF,151.7,2024-10-25 00:00:00.000000,2024-11-15 00:00:00.000000,Departamento,arriendo,agency
TT-2024-11-005461,toctoc,Quilicura,Metropolitana,475000.0,CLP,59.9,2024-10-29 00:00:00.000000,2024-11-29 00:00:00.000000,DEPARTAMENTO,Arriendo,agency
TT-2024-11-002150,toctoc,Independencia,Metropolitana,12.97,UF,35.4,2024-10-24 00:00:00.000000,2024-11-08 00:00:00.000000,departamento,ARRIENDO,owner_direct
TT-2024-11-004066,toctoc,Pudahuel,Metropolitana,385000.0,CLP,39.1,2024-11-08 00:00:00.000000,2024-11-22 00:00:00.000000,Departamento,ARRIENDO,owner_direct
TT-2024-11-005002,toctoc,La Reina,Metropolitana,1025000.0,CLP,57.4,2024-10-17 00:00:00.000000,2024-11-29 00:00:00.000000,DEPARTAMENTO,arriendo,owner_direct
TT-2024-11-005018,toctoc,Providencia,Metropolitana,975000.0,CLP,49.5,2024-05-17 00:00:00.000000,2024-11-29 00:00:00.000000,departamento,Arriendo,agency
TT-2024-11-003339,toctoc,Santiago,Metropolitana,675000.0,CLP,57.1,2024-10-25 00:00:00.000000,2024-11-15 00:00:00.000000,Departamento,arriendo,owner_direct
TT-2024-11-000924,toctoc,Quilicura,Metropolitana,11.62,UF,53.3,2024-10-25 00:00:00.000000,2024-11-01 00:00:00.000000,departamento,arriendo,owner_direct
TT-2024-11-003736,toctoc,Santiago,Metropolitana,840000.0,CLP,58.6,2024-11-15 00:00:00.000000,2024-11-22 00:00:00.000000,DEPARTAMENTO,Arriendo,owner_direct
TT-2024-11-000682,toctoc,Conchalí,Metropolitana,485000.0,CLP,39.4,2024-10-24 00:00:00.000000,2024-11-01 00:00:00.000000,DEPARTAMENTO,Arriendo,agency
TT-2024-11-002164,toctoc,Macul,Metropolitana,680000.0,CLP,64.8,2024-10-15 00:00:00.000000,2024-11-08 00:00:00.000000,DEPARTAMENTO,Arriendo,owner_direct
TT-2024-11-005216,toctoc,Cerrillos,Metropolitana,13.78,UF,41.1,2024-09-09 00:00:00.000000,2024-11-29 00:00:00.000000,departamento,ARRIENDO,agency
TT-2024-11-000101,toctoc,Santiago,Metropolitana,540000.0,CLP,35.7,2024-09-07 00:00:00.000000,2024-11-01 00:00:00.000000,Departamento,arriendo,owner_direct
TT-2024-11-001664,toctoc,Independencia,Metropolitana,17.57,UF,58.4,2024-10-14 00:00:00.000000,2024-11-08 00:00:00.000000,DEPARTAMENTO,Arriendo,agency
TT-2024-11-000944,toctoc,Santiago,Metropolitana,20.68,UF,66.0,2024-09-27 00:00:00.000000,2024-11-01 00:00:00.000000,departamento,arriendo,owner_direct
TT-2024-11-004945,toctoc,Quinta Normal,Metropolitana,345000.0,CLP,26.3,2024-10-02 00:00:00.000000,2024-11-29 00:00:00.000000,Departamento,ARRIENDO,agency
TT-2024-11-000448,toctoc,Santiago,Metropolitana,11.22,UF,28.1,2024-10-15 00:00:00.000000,2024-11-01 00:00:00.000000,DEPARTAMENTO,Arriendo,agency
TT-2024-11-003370,toctoc,Ñuñoa,Metropolitana,21.22,UF,46.0,2024-10-11 00:00:00.000000,2024-11-15 00:00:00.000000,DEPARTAMENTO,arriendo,owner_direct
TT-2024-11-000393,toctoc,La Reina,Metropolitana,970000.0,CLP,50.5,2024-10-06 00:00:00.000000,2024-11-01 00:00:00.000000,Departamento,Arriendo,owner_direct
TT-2024-11-003613,toctoc,Las Condes,Metropolitana,35.27,UF,76.7,2024-11-03 00:00:00.000000,2024-11-22 00:00:00.000000,departamento,ARRIENDO,agency
TT-2024-11-000968,toctoc,Macul,Metropolitana,830000.0,CLP,87.0,2024-09-30 00:00:00.000000,2024-11-01 00:00:00.000000,DEPARTAMENTO,ARRIENDO,agency
TT-2024-11-004653,toctoc,Peñalolén,Metropolitana,485000.0,CLP,33.3,2024-11-08 00:00:00.000000,2024-11-29 00:00:00.000000,Departamento,arriendo,agency
TT-2024-11-000623,toctoc,La Florida,Metropolitana,550000.0,CLP,41.9,2024-09-24 00:00:00.000000,2024-11-01 00:00:00.000000,Departamento,Arriendo,agency
TT-2024-11-004870,toctoc,Santiago,Metropolitana,21.49,UF,67.7,2024-09-25 00:00:00.000000,2024-11-29 00:00:00.000000,Departamento,Arriendo,agency
TT-2024-11-005112,toctoc,Estación Central,Metropolitana,870000.0,CLP,93.6,2024-11-11 00:00:00.000000,2024-11-29 00:00:00.000000,Departamento,arriendo,agency
TT-2024-11-000212,toctoc,Recoleta,Metropolitana,27.7,UF,116.3,2024-10-01 00:00:00.000000,2024-11-01 00:00:00.000000,departamento,arriendo,agency
TT-2024-11-005462,toctoc,San Miguel,Metropolitana,610000.0,CLP,43.7,2024-10-22 00:00:00.000000,2024-11-29 00:00:00.000000,DEPARTAMENTO,Arriendo,owner_direct
TT-2024-11-000133,toctoc,San Miguel,Metropolitana,12.84,UF,45.2,2024-09-23 00:00:00.000000,2024-11-01 00:00:00.000000,DEPARTAMENTO,ARRIENDO,owner_direct
TT-2024-11-000434,toctoc,Macul,Metropolitana,11.76,UF,20.0,2024-10-20 00:00:00.000000,2024-11-01 00:00:00.000000,DEPARTAMENTO,Arriendo,owner_direct
TT-2024-11-003969,toctoc,Cerrillos,Metropolitana,780000.0,CLP,85.8,2024-10-22 00:00:00.000000,2024-11-22 00:00:00.000000,DEPARTAMENTO,Arriendo,owner_direct
TT-2024-11-002201,toctoc,Estación Central,Metropolitana,510000.0,CLP,41.3,2024-10-11 00:00:00.000000,2024-11-15 00:00:00.000000,Departamento,Arriendo,agency
TT-2024-11-005204,toctoc,Providencia,Metropolitana,19.59,UF,23.8,2024-11-12 00:00:00.000000,2024-11-29 00:00:00.000000,DEPARTAMENTO,arriendo,owner_direct
TT-2024-11-005053,toctoc,Macul,Metropolitana,16.76,UF,38.3,2024-10-17 00:00:00.000000,2024-11-29 00:00:00.000000,departamento,Arriendo,owner_direct
TT-2024-11-001477,toctoc,Puente Alto,Metropolitana,11.22,UF,37.2,2024-11-07 00:00:00.000000,2024-11-08 00:00:00.000000,Departamento,Arriendo,owner_direct
TT-2024-11-004332,toctoc,Huechuraba,Metropolitana,16.62,UF,43.3,2024-10-30 00:00:00.000000,2024-11-29 00:00:00.000000,Departamento,ARRIENDO,owner_direct
TT-2024-11-004365,toctoc,Puente Alto,Metropolitana,430000.0,CLP,45.1,2024-11-07 00:00:00.000000,2024-11-29 00:00:00.000000,DEPARTAMENTO,ARRIENDO,agency
TT-2024-11-003628,toctoc,La Florida,Metropolitana,12.43,UF,51.7,2024-08-08 00:00:00.000000,2024-11-22 00:00:00.000000,Departamento,ARRIENDO,agency
TT-2024-11-003290,toctoc,Providencia,Metropolitana,26.35,UF,46.4,2024-11-04 00:00:00.000000,2024-11-15 00:00:00.000000,Departamento,ARRIENDO,owner_direct
TT-2024-11-001200,toctoc,Huechuraba,Metropolitana,14.19,UF,32.3,2024-09-11 00:00:00.000000,2024-11-01 00:00:00.000000,Departamento,ARRIENDO,agency
TT-2024-11-003716,toctoc,Ñuñoa,Metropolitana,15.27,UF,23.9,2024-11-15 00:00:00.000000,2024-11-22 00:00:00.000000,Departamento,arriendo,owner_direct
TT-2024-11-003847,toctoc,Santiago ,Metropolitana,705000.0,CLP,71.3,2024-11-13 00:00:00.000000,2024-11-22 00:00:00.000000,DEPARTAMENTO,ARRIENDO,agency
TT-2024-11-000885,toctoc,Maipú,Metropolitana,14.46,UF,69.2,2024-10-06 00:00:00.000000,2024-11-01 00:00:00.000000,Departamento,arriendo,owner_direct
TT-2024-11-000343,toctoc,Santiago,Metropolitana,610000.0,CLP,43.3,2024-10-17 00:00:00.000000,2024-11-01 00:00:00.000000,Departamento,Arriendo,agency
TT-2024-11-002141,toctoc,Santiago,Metropolitana,10.54,UF,21.2,2024-10-27 00:00:00.000000,2024-11-08 00:00:00.000000,DEPARTAMENTO,Arriendo,owner_direct
TT-2024-11-002136,toctoc,Independencia,Metropolitana,16.35,UF,53.4,2024-10-05 00:00:00.000000,2024-11-08 00:00:00.000000,DEPARTAMENTO,ARRIENDO,agency
TT-2024-11-001446,toctoc,Quilicura,Metropolitana,1650000.0,CLP,250.0,2024-09-24 00:00:00.000000,2024-11-08 00:00:00.000000,departamento,arriendo,agency
TT-2024-11-004115,toctoc,La Reina,Metropolitana,21.35,UF,52.7,2024-10-15 00:00:00.000000,2024-11-22 00:00:00.000000,DEPARTAMENTO,arriendo,agency
TT-2024-11-005366,toctoc,Independencia,Metropolitana,14.05,UF,44.2,2024-10-19 00:00:00.000000,2024-11-29 00:00:00.000000,departamento,Arriendo,agency
TT-2024-11-004001,toctoc,La Cisterna,Metropolitana,505000.0,CLP,48.6,2024-11-07 00:00:00.000000,2024-11-22 00:00:00.000000,Departamento,ARRIENDO,agency
TT-2024-11-004871,toctoc,San Joaquín,Metropolitana,16.08,UF,62.2,2024-10-22 00:00:00.000000,2024-11-29 00:00:00.000000,Departamento,ARRIENDO,agency
TT-2024-11-003369,toctoc,Macul,Metropolitana,830000.0,CLP,62.2,2024-11-10 00:00:00.000000,2024-11-15 00:00:00.000000,departamento,ARRIENDO,owner_direct
TT-2024-11-001893,toctoc,Renca,Metropolitana,11.89,UF,45.3,2024-09-30 00:00:00.000000,2024-11-08 00:00:00.000000,DEPARTAMENTO,arriendo,agency
TT-2024-11-003263,toctoc,Maipú,Metropolitana,985000.0,CLP,131.3,2024-11-12 00:00:00.000000,2024-11-15 00:00:00.000000,departamento,arriendo,agency
TT-2024-11-000186,toctoc,Macul,Metropolitana,435000.0,CLP,42.3,2024-10-10 00:00:00.000000,2024-11-01 00:00:00.000000,Departamento,arriendo,agency
TT-2024-11-000503,toctoc,La Cisterna,Metropolitana,15.54,UF,44.2,2024-10-29 00:00:00.000000,2024-11-01 00:00:00.000000,DEPARTAMENTO,Arriendo,agency
TT-2024-11-004107,toctoc,Puente Alto,Metropolitana,9.32,UF,28.7,2024-10-25 00:00:00.000000,2024-11-22 00:00:00.000000,Departamento,ARRIENDO,agency
TT-2024-11-004738,toctoc,Recoleta,Metropolitana,11.35,UF,34.0,2024-11-14 00:00:00.000000,2024-11-29 00:00:00.000000,DEPARTAMENTO,arriendo,agency
TT-2024-11-001567,toctoc,Ñuñoa,Metropolitana,22.43,UF,47.4,2024-10-22 00:00:00.000000,2024-11-08 00:00:00.000000,Departamento,ARRIENDO,agency
TT-2024-11-002801,toctoc,Maipú,Metropolitana,425000.0,CLP,39.3,2024-10-12 00:00:00.000000,2024-11-15 00:00:00.000000,departamento,ARRIENDO,owner_direct
TT-2024-11-001809,toctoc,Macul,Metropolitana,1130000.0,CLP,99.3,2024-10-17 00:00:00.000000,2024-11-08 00:00:00.000000,Departamento,arriendo,owner_direct
TT-2024-11-003495,toctoc,La Reina,Metropolitana,19.32,UF,36.1,2024-10-22 00:00:00.000000,2024-11-22 00:00:00.000000,DEPARTAMENTO,Arriendo,agency
TT-2024-11-002567,toctoc,Independencia,Metropolitana,11.89,UF,38.5,2024-11-04 00:00:00.000000,2024-11-15 00:00:00.000000,departamento,Arriendo,owner_direct
TT-2024-11-003131,toctoc,Las Condes,Metropolitana,33.38,UF,61.5,2024-11-09 00:00:00.000000,2024-11-15 00:00:00.000000,Departamento,arriendo,owner_direct
TT-2024-11-001413,toctoc,San Miguel,Metropolitana,715000.0,CLP,63.4,2024-10-19 00:00:00.000000,2024-11-08 00:00:00.000000,departamento,Arriendo,agency
TT-2024-11-004726,toctoc,Cerrillos,Metropolitana,440000.0,CLP,43.9,2024-11-09 00:00:00.000000,2024-11-29 00:00:00.000000,DEPARTAMENTO,ARRIENDO,agency
TT-2024-11-004833,toctoc,Santiago,Metropolitana,690000.0,CLP,59.2,2024-10-28 00:00:00.000000,2024-11-29 00:00:00.000000,departamento,Arriendo,agency
TT-2024-11-001115,toctoc,Conchalí,Metropolitana,11.62,UF,38.2,2024-09-28 00:00:00.000000,2024-11-01 00:00:00.000000,DEPARTAMENTO,arriendo,agency
TT-2024-11-003181,toctoc,San Joaquín,Metropolitana,535000.0,CLP,60.6,2024-10-11 00:00:00.000000,2024-11-15 00:00:00.000000,Departamento,ARRIENDO,owner_direct
TT-2024-11-001142,toctoc,Providencia,Metropolitana,31.89,UF,52.7,2024-10-15 00:00:00.000000,2024-11-01 00:00:00.000000,departamento,ARRIENDO,agency
TT-2024-11-003846,toctoc,Macul,Metropolitana,540000.0,CLP,57.5,2024-11-01 00:00:00.000000,2024-11-22 00:00:00.000000,Departamento,Arriendo,agency
TT-2024-11-004860,toctoc,Las Condes,Metropolitana,965000.0,CLP,41.4,2024-11-28 00:00:00.000000,2024-11-29 00:00:00.000000,Departamento,Arriendo,agency
TT-2024-11-004137,toctoc,Peñalolén,Metropolitana,15.54,UF,45.3,2024-11-20 00:00:00.000000,2024-11-22 00:00:00.000000,DEPARTAMENTO,Arriendo,agency
TT-2024-11-004984,toctoc,Peñalolén,Metropolitana,740000.0,CLP,60.4,2024-11-21 00:00:00.000000,2024-11-29 00:00:00.000000,DEPARTAMENTO,Arriendo,agency
TT-2024-11-002866,toctoc,Huechuraba,Metropolitana,16.76,UF,54.3,2024-11-06 00:00:00.000000,2024-11-15 00:00:00.000000,DEPARTAMENTO,arriendo,agency
TT-2024-11-000135,toctoc,Puente Alto,Metropolitana,630000.0,CLP,92.7,2024-10-16 00:00:00.000000,2024-11-01 00:00:00.000000,DEPARTAMENTO,ARRIENDO,agency
TT-2024-11-002723,toctoc,Macul,Metropolitana,620000.0,CLP,43.8,2024-11-05 00:00:00.000000,2024-11-15 00:00:00.000000,DEPARTAMENTO,ARRIENDO,agency
TT-2024-11-001780,toctoc,Maipú,Metropolitana,12.97,UF,38.3,2024-10-27 00:00:00.000000,2024-11-08 00:00:00.000000,departamento,Arriendo,agency
TT-2024-11-005131,toctoc,Recoleta,Metropolitana,415000.0,CLP,32.3,2024-11-25 00:00:00.000000,2024-11-29 00:00:00.000000,DEPARTAMENTO,arriendo,agency
TT-2024-11-001575,toctoc, Cerrillos,Metropolitana,27.7,UF,113.7,2024-10-18 00:00:00.000000,2024-11-08 00:00:00.000000,Departamento,ARRIENDO,owner_direct
TT-2024-11-002091,toctoc,Peñalolén,Metropolitana,17.03,UF,42.2,2024-10-15 00:00:00.000000,2024-11-08 00:00:00.000000,DEPARTAMENTO,Arriendo,agency
TT-2024-11-003775,toctoc,Santiago,Metropolitana,16.62,UF,46.4,2024-10-30 00:00:00.000000,2024-11-22 00:00:00.000000,departamento,ARRIENDO,agency
TT-2024-11-003593,toctoc,Puente Alto,Metropolitana,13.11,UF,48.1,2024-10-19 00:00:00.000000,2024-11-22 00:00:00.000000,departamento,arriendo,agency
TT-2024-11-004297,toctoc,Macul,Metropolitana,695000.0,CLP,64.5,2024-10-20 00:00:00.000000,2024-11-29 00:00:00.000000,departamento,arriendo,owner_direct
TT-2024-11-004259,toctoc,Ñuñoa,Metropolitana,1045000.0,CLP,78.0,2024-11-09 00:00:00.000000,2024-11-22 00:00:00.000000,Departamento,Arriendo,agency
TT-2024-11-003179,toctoc,Santiago,Metropolitana,655000.0,CLP,34.5,2024-11-02 00:00:00.000000,2024-11-15 00:00:00.000000,DEPARTAMENTO,Arriendo,agency
TT-2024-11-005426,toctoc,Peñalolén,Metropolitana,15.0,UF,45.5,2024-10-13 00:00:00.000000,2024-11-29 00:00:00.000000,Departamento,arriendo,agency
TT-2024-11-003777,toctoc, Estación Central,Metropolitana,485000.0,CLP,43.7,2024-08-28 00:00:00.000000,2024-11-22 00:00:00.000000,Departamento,Arriendo,owner_direct
TT-2024-11-002528,toctoc,Pudahuel,Metropolitana,20.54,UF,127.2,2024-10-29 00:00:00.000000,2024-11-15 00:00:00.000000,Departamento,Arriendo,owner_direct
TT-2024-11-005096,toctoc,Las Condes,Metropolitana,885000.0,CLP,32.0,2024-10-29 00:00:00.000000,2024-11-29 00:00:00.000000,departamento,ARRIENDO,owner_direct
TT-2024-11-004096,toctoc,Providencia,Metropolitana,1200000.0,CLP,54.4,2024-11-15 00:00:00.000000,2024-11-22 00:00:00.000000,departamento,arriendo,agency
TT-2024-11-004879,toctoc,San Miguel,Metropolitana,162.03,UF,45.4,2024-11-18 00:00:00.000000,2024-11-29 00:00:00.000000,departamento,Arriendo,owner_direct
TT-2024-11-005248,toctoc,Estación Central,Metropolitana,17.43,UF,63.7,2024-11-12 00:00:00.000000,2024-11-29 00:00:00.000000,departamento,Arriendo,owner_direct
TT-2024-11-003185,toctoc,La Florida,Metropolitana,21.22,UF,66.6,2024-10-03 00:00:00.000000,2024-11-15 00:00:00.000000,DEPARTAMENTO,arriendo,owner_direct
TT-2024-11-004947,toctoc,Las Condes,Metropolitana,29.73,UF,48.8,2024-06-27 00:00:00.000000,2024-11-29 00:00:00.000000,Departamento,arriendo,agency
TT-2024-11-005394,toctoc,Cerrillos,Metropolitana,17.16,UF,54.0,2024-10-25 00:00:00.000000,2024-11-29 00:00:00.000000,Departamento,Arriendo,agency
TT-2024-11-000875,toctoc,La Florida,Metropolitana,15.27,UF,73.4,2024-09-26 00:00:00.000000,2024-11-01 00:00:00.000000,departamento,ARRIENDO,agency
TT-2024-11-003895,toctoc,Macul,Metropolitana,9.59,UF,25.1,2024-10-25 00:00:00.000000,2024-11-22 00:00:00.000000,departamento,Arriendo,agency
TT-2024-11-003092,toctoc,Ñuñoa,Metropolitana,950000.0,CLP,85.0,2024-09-26 00:00:00.000000,2024-11-15 00:00:00.000000,Departamento,Arriendo,owner_direct
TT-2024-11-002095,toctoc,La Florida,Metropolitana,560000.0,CLP,49.4,2024-10-16 00:00:00.000000,2024-11-08 00:00:00.000000,Departamento,arriendo,agency
TT-2024-11-004199,toctoc,Macul,Metropolitana,640000.0,CLP,57.0,2024-11-02 00:00:00.000000,2024-11-22 00:00:00.000000,DEPARTAMENTO,arriendo,agency
TT-2024-11-004766,toctoc,Ñuñoa,Metropolitana,29.05,UF,86.0,2024-10-10 00:00:00.000000,2024-11-29 00:00:00.000000,Departamento,Arriendo,agency
TT-2024-11-001221,toctoc,Renca,Metropolitana,475000.0,CLP,48.4,2024-11-05 00:00:00.000000,2024-11-08 00:00:00.000000,departamento,arriendo,agency
TT-2024-11-003423,toctoc,Recoleta,Metropolitana,37.43,UF,147.8,2024-11-15 00:00:00.000000,2024-11-22 00:00:00.000000,Departamento,Arriendo,owner_direct
TT-2024-11-001905,toctoc,San Miguel,Metropolitana,445000.0,CLP,45.6,2024-10-27 00:00:00.000000,2024-11-08 00:00:00.000000,Departamento,arriendo,agency
TT-2024-11-004843,toctoc,Estación Central,Metropolitana,15.81,UF,54.6,2024-10-24 00:00:00.000000,2024-11-29 00:00:00.000000,DEPARTAMENTO,arriendo,agency
TT-2024-11-003699,toctoc,Recoleta,Metropolitana,25.81,UF,125.3,2024-11-14 00:00:00.000000,2024-11-22 00:00:00.000000,DEPARTAMENTO,Arriendo,agency
TT-2024-11-000487,toctoc,La Cisterna,Metropolitana,520000.0,CLP,50.9,2024-06-09 00:00:00.000000,2024-11-01 00:00:00.000000,DEPARTAMENTO,arriendo,owner_direct
TT-2024-11-004265,toctoc,Ñuñoa,Metropolitana,815000.0,CLP,63.0,2024-10-22 00:00:00.000000,2024-11-22 00:00:00.000000,Departamento,Arriendo,agency
TT-2024-11-003801,toctoc,Santiago,Metropolitana,595000.0,CLP,42.8,2024-10-12 00:00:00.000000,2024-11-22 00:00:00.000000,departamento,arriendo,agency
TT-2024-11-003007,toctoc,Independencia,Metropolitana,12.16,UF,38.7,2024-04-13 00:00:00.000000,2024-11-15 00:00:00.000000,Departamento,arriendo,agency
TT-2024-11-000068,toctoc,Recoleta,Metropolitana,605000.0,CLP,49.8,2024-10-15 00:00:00.000000,2024-11-01 00:00:00.000000,DEPARTAMENTO,ARRIENDO,agency
TT-2024-11-004967,toctoc,Ñuñoa ,Metropolitana,800000.0,CLP,48.5,2024-10-24 00:00:00.000000,2024-11-29 00:00:00.000000,DEPARTAMENTO,ARRIENDO,agency
TT-2024-11-004683,toctoc,Ñuñoa,Metropolitana,735000.0,CLP,52.8,2024-11-16 00:00:00.000000,2024-11-29 00:00:00.000000,Departamento,arriendo,
TT-2024-11-001896,toctoc,La Florida,Metropolitana,12.97,UF,47.8,2024-07-08 00:00:00.000000,2024-11-08 00:00:00.000000,DEPARTAMENTO,ARRIENDO,owner_direct
TT-2024-11-001806,toctoc,Las Condes,Metropolitana,32.57,UF,64.8,2024-10-11 00:00:00.000000,2024-11-08 00:00:00.000000,Departamento,ARRIENDO,agency
TT-2024-11-005334,toctoc,La Cisterna,Metropolitana,13.78,UF,40.3,2024-11-15 00:00:00.000000,2024-11-29 00:00:00.000000,departamento,Arriendo,owner_direct
TT-2024-11-005465,toctoc,La Reina,Metropolitana,29.05,UF,65.6,2024-11-16 00:00:00.000000,2024-11-29 00:00:00.000000,departamento,Arriendo,owner_direct
TT-2024-11-001286,toctoc,Cerrillos,Metropolitana,13.78,UF,32.7,2024-11-03 00:00:00.000000,2024-11-08 00:00:00.000000,departamento,ARRIENDO,owner_direct
TT-2024-11-001584,toctoc,Estación Central,Metropolitana,370000.0,CLP,26.7,2024-10-12 00:00:00.000000,2024-11-08 00:00:00.000000,Departamento,ARRIENDO,owner_direct
TT-2024-11-001807,toctoc, Peñalolén,Metropolitana,450000.0,CLP,30.3,2024-09-25 00:00:00.000000,2024-11-08 00:00:00.000000,departamento,Arriendo,agency
TT-2024-11-004926,toctoc,Santiago,Metropolitana,23.24,UF,89.7,2024-10-18 00:00:00.000000,2024-11-29 00:00:00.000000,departamento,arriendo,agency
TT-2024-11-005457,toctoc,Quinta Normal,Metropolitana,12.3,UF,43.4,2024-11-02 00:00:00.000000,2024-11-29 00:00:00.000000,DEPARTAMENTO,Arriendo,agency
TT-2024-11-003071,toctoc,San Miguel,Metropolitana,625000.0,CLP,55.3,2024-10-31 00:00:00.000000,2024-11-15 00:00:00.000000,DEPARTAMENTO,ARRIENDO,owner_direct
TT-2024-11-001231,toctoc,Quinta Normal,Metropolitana,15.27,UF,45.7,2024-09-29 00:00:00.000000,2024-11-08 00:00:00.000000,Departamento,ARRIENDO,agency
TT-2024-11-001640,toctoc,Maipú,Metropolitana,14.46,UF,68.4,2024-11-07 00:00:00.000000,2024-11-08 00:00:00.000000,departamento,Arriendo,owner_direct
TT-2024-11-004767,toctoc,La Florida,Metropolitana,13.24,UF,39.7,2024-10-29 00:00:00.000000,2024-11-29 00:00:00.000000,Departamento,arriendo,agency
TT-2024-11-000648,toctoc,Quinta Normal,Metropolitana,590000.0,CLP,65.9,2024-10-24 00:00:00.000000,2024-11-01 00:00:00.000000,Departamento,arriendo,owner_direct
TT-2024-11-003800,toctoc,Lo Barnechea,Metropolitana,22.43,UF,40.3,2024-11-12 00:00:00.000000,2024-11-22 00:00:00.000000,Departamento,ARRIENDO,agency
TT-2024-11-000150,toctoc,La Reina,Metropolitana,28.92,UF,74.3,2024-10-16 00:00:00.000000,2024-11-01 00:00:00.000000,Departamento,arriendo,owner_direct
TT-2024-11-005122,toctoc,Providencia,Metropolitana,24.19,UF,50.3,2024-10-11 00:00:00.000000,2024-11-29 00:00:00.000000,DEPARTAMENTO,arriendo,owner_direct
TT-2024-11-000762,toctoc,Estación Central,Metropolitana,14.73,UF,49.2,2024-09-19 00:00:00.000000,2024-11-01 00:00:00.000000,departamento,ARRIENDO,agency
TT-2024-11-003930,toctoc,Macul,Metropolitana,10.95,UF,30.9,2024-11-15 00:00:00.000000,2024-11-22 00:00:00.000000,DEPARTAMENTO,arriendo,agency
TT-2024-11-003776,toctoc,Vitacura,Metropolitana,41.89,UF,83.0,2024-10-05 00:00:00.000000,2024-11-22 00:00:00.000000,DEPARTAMENTO,ARRIENDO,agency
TT-2024-11-001484,toctoc,Pudahuel,Metropolitana,15.54,UF,48.1,2024-09-26 00:00:00.000000,2024-11-08 00:00:00.000000,Departamento,Arriendo,owner_direct
TT-2024-11-005357,toctoc,Santiago,Metropolitana,670000.0,CLP,54.1,2024-10-22 00:00:00.000000,2024-11-29 00:00:00.000000,Departamento,ARRIENDO,owner_direct
TT-2024-11-004347,toctoc,La Florida,Metropolitana,15.0,UF,34.9,2024-11-07 00:00:00.000000,2024-11-29 00:00:00.000000,DEPARTAMENTO,Arriendo,agency
TT-2024-11-002498,toctoc,Maipú,Metropolitana,12.3,UF,32.4,2024-11-01 00:00:00.000000,2024-11-15 00:00:00.000000,Departamento,Arriendo,agency
TT-2024-11-003175,toctoc,Independencia,Metropolitana,430000.0,CLP,26.4,2024-08-12 00:00:00.000000,2024-11-15 00:00:00.000000,DEPARTAMENTO,arriendo,agency
TT-2024-11-003059,toctoc,La Florida,Metropolitana,610000.0,CLP,44.2,2024-10-11 00:00:00.000000,2024-11-15 00:00:00.000000,DEPARTAMENTO,arriendo,owner_direct
TT-2024-11-003810,toctoc,Santiago,Metropolitana,16.89,UF,38.9,2024-11-08 00:00:00.000000,2024-11-22 00:00:00.000000,departamento,ARRIENDO,agency
TT-2024-11-004990,toctoc,Independencia,Metropolitana,575000.0,CLP,60.0,2024-11-26 00:00:00.000000,2024-11-29 00:00:00.000000,departamento,Arriendo,agency
TT-2024-11-003755,toctoc,Ñuñoa,Metropolitana,23.38,UF,61.3,2024-11-05 00:00:00.000000,2024-11-22 00:00:00.000000,DEPARTAMENTO,ARRIENDO,agency
TT-2024-11-003498,toctoc,San Miguel,Metropolitana,510000.0,CLP,38.8,2024-10-02 00:00:00.000000,2024-11-22 00:00:00.000000,departamento,Arriendo,owner_direct
TT-2024-11-002812,toctoc,Las Condes,Metropolitana,790000.0,CLP,31.4,2024-10-24 00:00:00.000000,2024-11-15 00:00:00.000000,Departamento,ARRIENDO,agency
TT-2024-11-003323,toctoc,Cerrillos,Metropolitana,19.05,UF,82.5,2024-11-01 00:00:00.000000,2024-11-15 00:00:00.000000,DEPARTAMENTO,Arriendo,agency
TT-2024-11-002518,toctoc,Independencia,Metropolitana,19.73,UF,60.2,2024-10-21 00:00:00.000000,2024-11-15 00:00:00.000000,departamento,ARRIENDO,owner_direct
TT-2024-11-000618,toctoc,Independencia,Metropolitana,665000.0,CLP,63.1,2024-10-27 00:00:00.000000,2024-11-01 00:00:00.000000,DEPARTAMENTO,arriendo,agency
TT-2024-11-001196,toctoc,La Reina,Metropolitana,730000.0,CLP,45.6,2024-09-08 00:00:00.000000,2024-11-01 00:00:00.000000,departamento,arriendo,owner_direct
TT-2024-11-001443,toctoc,Las Condes,Metropolitana,26.08,UF,44.3,2024-07-30 00:00:00.000000,2024-11-08 00:00:00.000000,departamento,ARRIENDO,owner_direct
TT-2024-11-001250,toctoc,Santiago,Metropolitana,17.43,UF,51.8,2024-10-27 00:00:00.000000,2024-11-08 00:00:00.000000,departamento,arriendo,owner_direct
TT-2024-11-003421,toctoc,San Miguel,Metropolitana,15.27,UF,41.4,2024-10-15 00:00:00.000000,2024-11-22 00:00:00.000000,DEPARTAMENTO,ARRIENDO,agency
TT-2024-11-005234,toctoc,Maipú,Metropolitana,14.73,UF,59.9,2024-11-13 00:00:00.000000,2024-11-29 00:00:00.000000,Departamento,arriendo,
TT-2024-11-005397,toctoc,Estación Central,Metropolitana,22.7,UF,79.4,2024-11-20 00:00:00.000000,2024-11-29 00:00:00.000000,DEPARTAMENTO,Arriendo,agency
TT-2024-11-004650,toctoc,Santiago,Metropolitana,480000.0,CLP,33.7,2024-11-21 00:00:00.000000,2024-11-29 00:00:00.000000,DEPARTAMENTO,Arriendo,owner_direct
TT-2024-11-001488,toctoc,Estación Central,Metropolitana,25.81,UF,107.0,2024-09-26 00:00:00.000000,2024-11-08 00:00:00.000000,DEPARTAMENTO,Arriendo,agency
TT-2024-11-004807,toctoc,La Cisterna,Metropolitana,13.11,UF,37.2,2024-09-26 00:00:00.000000,2024-11-29 00:00:00.000000,DEPARTAMENTO,ARRIENDO,agency
TT-2024-11-003668,toctoc,Macul,Metropolitana,24.73,UF,85.0,2024-10-28 00:00:00.000000,2024-11-22 00:00:00.000000,DEPARTAMENTO,Arriendo,agency
TT-2024-11-001303,toctoc,San Miguel,Metropolitana,12.7,UF,34.2,2024-10-21 00:00:00.000000,2024-11-08 00:00:00.000000,Departamento,Arriendo,agency
TT-2024-11-004707,toctoc,Las Condes,Metropolitana,26.76,UF,44.1,2024-11-01 00:00:00.000000,2024-11-29 00:00:00.000000,departamento,Arriendo,owner_direct
TT-2024-11-001927,toctoc,Huechuraba,Metropolitana,1060000.0,CLP,112.3,2024-11-06 00:00:00.000000,2024-11-08 00:00:00.000000,DEPARTAMENTO,ARRIENDO,owner_direct
TT-2024-11-001390,toctoc,Recoleta,Metropolitana,13.65,UF,51.1,2024-10-09 00:00:00.000000,2024-11-08 00:00:00.000000,departamento,arriendo,agency
TT-2024-11-000803,toctoc,Estación Central,Metropolitana,11.89,UF,34.0,2024-10-06 00:00:00.000000,2024-11-01 00:00:00.000000,departamento,ARRIENDO,owner_direct
TT-2024-11-005270,toctoc,San Joaquín,Metropolitana,19.46,UF,77.6,2024-11-13 00:00:00.000000,2024-11-29 00:00:00.000000,DEPARTAMENTO,ARRIENDO,agency
TT-2024-11-003828,toctoc,Estación Central,Metropolitana,395000.0,CLP,37.3,2024-10-29 00:00:00.000000,2024-11-22 00:00:00.000000,Departamento,ARRIENDO,agency
TT-2024-11-003403,toctoc,Conchalí,Metropolitana,550000.0,CLP,62.7,2024-10-01 00:00:00.000000,2024-11-22 00:00:00.000000,Departamento,ARRIENDO,agency
TT-2024-11-002116,toctoc,Providencia,Metropolitana,945000.0,CLP,43.8,2024-10-28 00:00:00.000000,2024-11-08 00:00:00.000000,Departamento,arriendo,agency
TT-2024-11-004440,toctoc,Maipú,Metropolitana,450000.0,CLP,38.0,2024-10-30 00:00:00.000000,2024-11-29 00:00:00.000000,departamento,arriendo,agency
TT-2024-11-002515,toctoc,Independencia,Metropolitana,3440000.0,CLP,29.3,2024-07-14 00:00:00.000000,2024-11-15 00:00:00.000000,departamento,arriendo,owner_direct
TT-2024-11-001702,toctoc,Santiago,Metropolitana,21.35,UF,58.1,2024-05-15 00:00:00.000000,2024-11-08 00:00:00.000000,DEPARTAMENTO,Arriendo,owner_direct
TT-2024-11-001190,toctoc,La Florida,Metropolitana,680000.0,CLP,64.0,2024-10-24 00:00:00.000000,2024-11-01 00:00:00.000000,DEPARTAMENTO,ARRIENDO,agency
TT-2024-11-003537,toctoc,Maipú,Metropolitana,29.46,UF,135.5,2024-09-22 00:00:00.000000,2024-11-22 00:00:00.000000,departamento,Arriendo,agency
TT-2024-11-001946,toctoc,Maipú,Metropolitana,445000.0,CLP,52.2,2024-10-22 00:00:00.000000,2024-11-08 00:00:00.000000,DEPARTAMENTO,ARRIENDO,agency
TT-2024-11-004375,toctoc,Providencia,Metropolitana,1145000.0,CLP,48.0,2024-10-21 00:00:00.000000,2024-11-29 00:00:00.000000,Departamento,ARRIENDO,agency
TT-2024-11-000378,toctoc,Providencia,Metropolitana,18.51,UF,12.0,2024-10-03 00:00:00.000000,2024-11-01 00:00:00.000000,departamento,Arriendo,agency
TT-2024-11-001073,toctoc,Santiago,Metropolitana,27.3,UF,94.3,2024-10-12 00:00:00.000000,2024-11-01 00:00:00.000000,departamento,Arriendo,agency
TT-2024-11-004655,toctoc,San Miguel,Metropolitana,16.35,UF,45.2,2024-09-30 00:00:00.000000,2024-11-29 00:00:00.000000,Departamento,ARRIENDO,agency
TT-2024-11-003002,toctoc,Santiago,Metropolitana,585000.0,CLP,36.5,2024-10-03 00:00:00.000000,2024-11-15 00:00:00.000000,departamento,Arriendo,owner_direct
TT-2024-11-004358,toctoc,Las Condes,Metropolitana,23.51,UF,53.1,2024-11-21 00:00:00.000000,2024-11-29 00:00:00.000000,DEPARTAMENTO,Arriendo,agency
TT-2024-11-003473,toctoc,Ñuñoa,Metropolitana,670000.0,CLP,42.9,2024-10-14 00:00:00.000000,2024-11-22 00:00:00.000000,departamento,Arriendo,agency
TT-2024-11-000993,toctoc,Quinta Normal,Metropolitana,500000.0,CLP,44.1,2024-10-14 00:00:00.000000,2024-11-01 00:00:00.000000,Departamento,ARRIENDO,agency
TT-2024-11-003292,toctoc,Maipú,Metropolitana,505000.0,CLP,52.6,2024-11-13 00:00:00.000000,2024-11-15 00:00:00.000000,Departamento,ARRIENDO,owner_direct
TT-2024-11-001579,toctoc,Quinta Normal,Metropolitana,570000.0,CLP,54.1,2024-10-28 00:00:00.000000,2024-11-08 00:00:00.000000,Departamento,arriendo,owner_direct
TT-2024-11-003561,toctoc,San Miguel,Metropolitana,665000.0,CLP,60.1,2024-11-06 00:00:00.000000,2024-11-22 00:00:00.000000,Departamento,Arriendo,owner_direct
TT-2024-11-001596,toctoc,La Florida,Metropolitana,15.54,UF,48.2,2024-11-02 00:00:00.000000,2024-11-08 00:00:00.000000,DEPARTAMENTO,Arriendo,agency
TT-2024-11-004506,toctoc,La Florida,Metropolitana,15.68,UF,51.0,2024-11-10 00:00:00.000000,2024-11-29 00:00:00.000000,DEPARTAMENTO,ARRIENDO,agency
TT-2024-11-001887,toctoc,Vitacura,Metropolitana,1095000.0,CLP,25.3,2024-09-28 00:00:00.000000,2024-11-08 00:00:00.000000,DEPARTAMENTO,arriendo,agency
TT-2024-11-003242,toctoc,Conchalí,Metropolitana,655000.0,CLP,70.4,2024-10-23 00:00:00.000000,2024-11-15 00:00:00.000000,Departamento,ARRIENDO,agency
TT-2024-11-001404,toctoc,Quilicura,Metropolitana,505000.0,CLP,45.3,2024-02-13 00:00:00.000000,2024-11-08 00:00:00.000000,Departamento,Arriendo,agency
TT-2024-11-003797,toctoc,Independencia,Metropolitana,12.84,UF,40.6,2024-11-03 00:00:00.000000,2024-11-22 00:00:00.000000,Departamento,ARRIENDO,agency
TT-2024-11-000056,toctoc,Independencia,Metropolitana,13.78,UF,40.3,2024-10-21 00:00:00.000000,2024-11-01 00:00:00.000000,Departamento,ARRIENDO,agency
TT-2024-11-003539,toctoc,Las Condes,Metropolitana,37.97,UF,83.1,2024-11-17 00:00:00.000000,2024-11-22 00:00:00.000000,DEPARTAMENTO,ARRIENDO,owner_direct
TT-2024-11-003558,toctoc,Macul,Metropolitana,600000.0,CLP,43.5,2024-10-17 00:00:00.000000,2024-11-22 00:00:00.000000,DEPARTAMENTO,arriendo,owner_direct
TT-2024-11-001168,toctoc,Providencia,Metropolitana,45.41,UF,89.0,2024-09-14 00:00:00.000000,2024-11-01 00:00:00.000000,departamento,ARRIENDO,agency
TT-2024-11-000697,toctoc,Providencia,Metropolitana,23.51,UF,53.4,2024-09-01 00:00:00.000000,2024-11-01 00:00:00.000000,DEPARTAMENTO,ARRIENDO,agency
TT-2024-11-004918,toctoc,Providencia,Metropolitana,23.24,UF,28.8,2024-11-18 00:00:00.000000,2024-11-29 00:00:00.000000,Departamento,Arriendo,
TT-2024-11-001382,toctoc,San Miguel,Metropolitana,14.59,UF,42.6,2024-09-29 00:00:00.000000,2024-11-08 00:00:00.000000,DEPARTAMENTO,Arriendo,agency
TT-2024-11-003848,toctoc,Independencia,Metropolitana,24.32,UF,112.8,2024-11-10 00:00:00.000000,2024-11-22 00:00:00.000000,DEPARTAMENTO,Arriendo,agency
TT-2024-11-002925,toctoc,La Cisterna,Metropolitana,615000.0,CLP,59.1,2024-10-19 00:00:00.000000,2024-11-15 00:00:00.000000,departamento,ARRIENDO,owner_direct
TT-2024-11-002525,toctoc,Huechuraba,Metropolitana,16.22,UF,59.0,2024-11-03 00:00:00.000000,2024-11-15 00:00:00.000000,DEPARTAMENTO,arriendo,agency
TT-2024-11-000954,toctoc,Santiago,Metropolitana,1425000.0,CLP,134.5,2024-06-15 00:00:00.000000,2024-11-01 00:00:00.000000,departamento,Arriendo,owner_direct
TT-2024-11-001409,toctoc,Estación Central,Metropolitana,805000.0,CLP,109.5,2024-11-01 00:00:00.000000,2024-11-08 00:00:00.000000,Departamento,Arriendo,owner_direct
TT-2024-11-001885,toctoc,Quilicura,Metropolitana,18.11,UF,67.9,2024-10-10 00:00:00.000000,2024-11-08 00:00:00.000000,DEPARTAMENTO,arriendo,agency
TT-2024-11-004756,toctoc,Las Condes,Metropolitana,32.97,UF,64.5,2024-11-26 00:00:00.000000,2024-11-29 00:00:00.000000,Departamento,Arriendo,agency
TT-2024-11-001102,toctoc,Puente Alto,Metropolitana,14.73,UF,54.3,2024-07-21 00:00:00.000000,2024-11-01 00:00:00.000000,departamento,ARRIENDO,agency
TT-2024-11-004855,toctoc,Estación Central,Metropolitana,14.19,UF,42.4,2024-11-13 00:00:00.000000,2024-11-29 00:00:00.000000,Departamento,arriendo,owner_direct
TT-2024-11-001067,toctoc,Recoleta,Metropolitana,11.49,UF,31.6,2024-09-11 00:00:00.000000,2024-11-01 00:00:00.000000,departamento,Arriendo,owner_direct
TT-2024-11-004113,toctoc,Ñuñoa,Metropolitana,23.38,UF,61.0,2024-11-17 00:00:00.000000,2024-11-22 00:00:00.000000,DEPARTAMENTO,ARRIENDO,agency
TT-2024-11-000516,toctoc,Vitacura,Metropolitana,870000.0,CLP,25.7,2024-10-09 00:00:00.000000,2024-11-01 00:00:00.000000,departamento,Arriendo,agency
TT-2024-11-005090,toctoc,Recoleta,Metropolitana,530000.0,CLP,48.0,2024-11-05 00:00:00.000000,2024-11-29 00:00:00.000000,Departamento,arriendo,owner_direct
TT-2024-11-001238,toctoc,La Florida,Metropolitana,16.49,UF,63.8,2024-10-17 00:00:00.000000,2024-11-08 00:00:00.000000,departamento,arriendo,agency
TT-2024-11-002787,toctoc, Conchalí,Metropolitana,485000.0,CLP,57.9,2024-11-03 00:00:00.000000,2024-11-15 00:00:00.000000,DEPARTAMENTO,arriendo,agency
TT-2024-11-000049,toctoc,Las Condes,Metropolitana,32.03,UF,49.9,2024-10-11 00:00:00.000000,2024-11-01 00:00:00.000000,DEPARTAMENTO,ARRIENDO,agency
TT-2024-11-000620,toctoc,La Florida,Metropolitana,495000.0,CLP,35.0,2024-10-10 00:00:00.000000,2024-11-01 00:00:00.000000,departamento,Arriendo,owner_direct
TT-2024-11-005386,toctoc,maipú,Metropolitana,12.43,UF,30.6,2024-11-21 00:00:00.000000,2024-11-29 00:00:00.000000,Departamento,ARRIENDO,agency
TT-2024-11-003986,toctoc,Macul,Metropolitana,13.11,UF,28.7,2024-10-16 00:00:00.000000,2024-11-22 00:00:00.000000,DEPARTAMENTO,arriendo,owner_direct
TT-2024-11-002648,toctoc,Ñuñoa,Metropolitana,16.49,UF,30.1,2024-11-07 00:00:00.000000,2024-11-15 00:00:00.000000,Departamento,ARRIENDO,agency
TT-2024-11-001675,toctoc,Vitacura,Metropolitana,850000.0,CLP,24.5,2024-05-11 00:00:00.000000,2024-11-08 00:00:00.000000,DEPARTAMENTO,ARRIENDO,owner_direct
TT-2024-11-001336,toctoc,Huechuraba,Metropolitana,26.62,UF,107.0,2024-10-17 00:00:00.000000,2024-11-08 00:00:00.000000,Departamento,arriendo,owner_direct
TT-2024-11-005489,toctoc, Las Condes,Metropolitana,2725000.0,CLP,169.8,2024-10-05 00:00:00.000000,2024-11-29 00:00:00.000000,DEPARTAMENTO,arriendo,agency
TT-2024-11-005363,toctoc,Santiago,Metropolitana,20.81,UF,61.8,2024-11-13 00:00:00.000000,2024-11-29 00:00:00.000000,DEPARTAMENTO,arriendo,owner_direct
TT-2024-11-005039,toctoc,San Miguel,Metropolitana,580000.0,CLP,45.4,2024-11-11 00:00:00.000000,2024-11-29 00:00:00.000000,Departamento,ARRIENDO,agency
TT-2024-11-000309,toctoc,Ñuñoa,Metropolitana,20.95,UF,50.8,2024-10-06 00:00:00.000000,2024-11-01 00:00:00.000000,departamento,Arriendo,agency
TT-2024-11-004159,toctoc,Las Condes,Metropolitana,46.76,UF,93.2,2024-11-02 00:00:00.000000,2024-11-22 00:00:00.000000,Departamento,ARRIENDO,owner_direct
TT-2024-11-004392,toctoc,La Florida,Metropolitana,19.05,UF,64.6,2024-10-10 00:00:00.000000,2024-11-29 00:00:00.000000,Departamento,Arriendo,agency
TT-2024-11-004727,toctoc,Macul,Metropolitana,565000.0,CLP,35.0,2024-11-01 00:00:00.000000,2024-11-29 00:00:00.000000,Departamento,ARRIENDO,agency
TT-2024-11-001119,toctoc,Santiago,Metropolitana,31.49,UF,135.3,2024-10-15 00:00:00.000000,2024-11-01 00:00:00.000000,departamento,arriendo,agency
TT-2024-11-002083,toctoc,Santiago,Metropolitana,17.7,UF,53.5,2024-05-24 00:00:00.000000,2024-11-08 00:00:00.000000,DEPARTAMENTO,arriendo,owner_direct
TT-2024-11-000702,toctoc,Providencia,Metropolitana,1220000.0,CLP,60.9,2024-10-03 00:00:00.000000,2024-11-01 00:00:00.000000,Departamento,Arriendo,agency
TT-2024-11-004423,toctoc,La Florida,Metropolitana,560000.0,CLP,34.3,2024-11-16 00:00:00.000000,2024-11-29 00:00:00.000000,Departamento,arriendo,agency
TT-2024-11-003100,toctoc,Independencia,Metropolitana,14.32,UF,56.3,2024-09-21 00:00:00.000000,2024-11-15 00:00:00.000000,Departamento,Arriendo,agency
TT-2024-11-002468,toctoc,Santiago,Metropolitana,14.19,UF,38.0,2024-10-26 00:00:00.000000,2024-11-15 00:00:00.000000,Departamento,Arriendo,owner_direct
TT-2024-11-000901,toctoc,Macul ,Metropolitana,26.35,UF,91.6,2024-09-25 00:00:00.000000,2024-11-01 00:00:00.000000,Departamento,Arriendo,agency
TT-2024-11-005422,toctoc,Estación Central,Metropolitana,640000.0,CLP,65.9,2024-11-26 00:00:00.000000,2024-11-29 00:00:00.000000,DEPARTAMENTO,ARRIENDO,agency
TT-2024-11-003287,toctoc,Pudahuel,Metropolitana,540000.0,CLP,58.6,2024-11-07 00:00:00.000000,2024-11-15 00:00:00.000000,DEPARTAMENTO,Arriendo,
TT-2024-11-000221,toctoc,La Florida,Metropolitana,575000.0,CLP,52.6,2024-10-12 00:00:00.000000,2024-11-01 00:00:00.000000,Departamento,ARRIENDO,agency
TT-2024-11-001327,toctoc,Quilicura,Metropolitana,16.22,UF,70.2,2024-10-04 00:00:00.000000,2024-11-08 00:00:00.000000,Departamento,Arriendo,agency
TT-2024-11-001348,toctoc,Recoleta,Metropolitana,15.54,UF,56.6,2024-09-25 00:00:00.000000,2024-11-08 00:00:00.000000,Departamento,arriendo,agency
TT-2024-11-002524,toctoc,Maipú,Metropolitana,460000.0,CLP,33.7,2024-10-29 00:00:00.000000,2024-11-15 00:00:00.000000,Departamento,ARRIENDO,agency
TT-2024-11-000870,toctoc,Las Condes,Metropolitana,31.62,UF,64.9,2024-10-17 00:00:00.000000,2024-11-01 00:00:00.000000,DEPARTAMENTO,Arriendo,owner_direct
TT-2024-11-002586,toctoc,Santiago,Metropolitana,14.05,UF,33.0,2024-10-21 00:00:00.000000,2024-11-15 00:00:00.000000,DEPARTAMENTO,ARRIENDO,agency
TT-2024-11-003982,toctoc,Providencia,Metropolitana,21.35,UF,39.2,2024-10-07 00:00:00.000000,2024-11-22 00:00:00.000000,DEPARTAMENTO,ARRIENDO,agency
TT-2024-11-000361,toctoc,las condes,Metropolitana,1275000.0,CLP,87.7,2024-05-06 00:00:00.000000,2024-11-01 00:00:00.000000,departamento,Arriendo,owner_direct
TT-2024-11-003074,toctoc,Providencia,Metropolitana,20.81,UF,36.9,2024-11-14 00:00:00.000000,2024-11-15 00:00:00.000000,DEPARTAMENTO,Arriendo,agency
TT-2024-11-004505,toctoc,Cerrillos,Metropolitana,590000.0,CLP,61.9,2024-10-12 00:00:00.000000,2024-11-29 00:00:00.000000,DEPARTAMENTO,Arriendo,agency
TT-2024-11-005108,toctoc,La Florida,Metropolitana,14.86,UF,46.4,2024-11-23 00:00:00.000000,2024-11-29 00:00:00.000000,Departamento,Arriendo,owner_direct
TT-2024-11-004161,toctoc,Cerrillos,Metropolitana,815000.0,CLP,110.6,2024-11-20 00:00:00.000000,2024-11-22 00:00:00.000000,Departamento,ARRIENDO,agency
TT-2024-11-003503,toctoc,Santiago,Metropolitana,20.81,UF,80.4,2024-11-13 00:00:00.000000,2024-11-22 00:00:00.000000,departamento,Arriendo,agency
TT-2024-11-004635,toctoc,Lo Barnechea,Metropolitana,22.57,UF,35.4,2024-10-31 00:00:00.000000,2024-11-29 00:00:00.000000,DEPARTAMENTO,Arriendo,agency
TT-2024-11-003397,toctoc,Independencia,Metropolitana,640000.0,CLP,54.9,2024-10-29 00:00:00.000000,2024-11-22 00:00:00.000000,departamento,Arriendo,owner_direct
TT-2024-11-001657,toctoc,Maipú,Metropolitana,12.84,UF,40.5,2024-10-25 00:00:00.000000,2024-11-08 00:00:00.000000,departamento,Arriendo,agency
TT-2024-11-002324,toctoc,Ñuñoa,Metropolitana,725000.0,CLP,38.4,2024-10-17 00:00:00.000000,2024-11-15 00:00:00.000000,DEPARTAMENTO,ARRIENDO,agency
TT-2024-11-004200,toctoc,Las Condes,Metropolitana,28.11,UF,61.1,2024-10-29 00:00:00.000000,2024-11-22 00:00:00.000000,DEPARTAMENTO,Arriendo,agency
TT-2024-11-000566,toctoc,Conchalí,Metropolitana,12.03,UF,39.5,2024-10-12 00:00:00.000000,2024-11-01 00:00:00.000000,departamento,ARRIENDO,agency
TT-2024-11-004625,toctoc,Las Condes,Metropolitana,33.11,UF,77.6,2024-11-05 00:00:00.000000,2024-11-29 00:00:00.000000,departamento,Arriendo,agency
TT-2024-11-003730,toctoc,Independencia,Metropolitana,17.3,UF,77.7,2024-10-28 00:00:00.000000,2024-11-22 00:00:00.000000,departamento,arriendo,owner_direct
TT-2024-11-001192,toctoc,Las Condes,Metropolitana,419.86,UF,75.2,2024-10-30 00:00:00.000000,2024-11-01 00:00:00.000000,Departamento,ARRIENDO,owner_direct
TT-2024-11-003219,toctoc,Cerrillos,Metropolitana,510000.0,CLP,39.6,2024-09-27 00:00:00.000000,2024-11-15 00:00:00.000000,Departamento,Arriendo,owner_direct
TT-2024-11-000255,toctoc,Estación Central,Metropolitana,475000.0,CLP,37.2,2024-10-05 00:00:00.000000,2024-11-01 00:00:00.000000,DEPARTAMENTO,Arriendo,owner_direct
TT-2024-11-001321,toctoc,Maipú,Metropolitana,16.35,UF,73.4,2024-07-10 00:00:00.000000,2024-11-08 00:00:00.000000,DEPARTAMENTO,ARRIENDO,agency
TT-2024-11-001592,toctoc,Santiago,Metropolitana,24.19,UF,70.7,2024-10-29 00:00:00.000000,2024-11-08 00:00:00.000000,departamento,ARRIENDO,agency
TT-2024-11-004579,toctoc,Santiago,Metropolitana,1195000.0,CLP,109.2,2024-05-19 00:00:00.000000,2024-11-29 00:00:00.000000,Departamento,arriendo,agency
TT-2024-11-003533,toctoc,Lo Barnechea,Metropolitana,27.57,UF,53.7,2024-11-16 00:00:00.000000,2024-11-22 00:00:00.000000,Departamento,Arriendo,agency
TT-2024-11-004290,toctoc,Providencia,Metropolitana,1190000.0,CLP,66.6,2024-10-25 00:00:00.000000,2024-11-29 00:00:00.000000,Departamento,arriendo,owner_direct
TT-2024-11-002822,toctoc,La Florida,Metropolitana,22.43,UF,80.8,2024-10-30 00:00:00.000000,2024-11-15 00:00:00.000000,Departamento,arriendo,owner_direct
TT-2024-11-002862,toctoc,La Florida,Metropolitana,500000.0,CLP,42.4,2024-11-05 00:00:00.000000,2024-11-15 00:00:00.000000,DEPARTAMENTO,arriendo,agency
TT-2024-11-001359,toctoc,Ñuñoa,Metropolitana,855000.0,CLP,73.1,2024-05-05 00:00:00.000000,2024-11-08 00:00:00.000000,DEPARTAMENTO,arriendo,owner_direct
TT-2024-11-003839,toctoc,La Reina,Metropolitana,25.68,UF,69.8,2024-10-10 00:00:00.000000,2024-11-22 00:00:00.000000,Departamento,Arriendo,owner_direct
TT-2024-11-003570,toctoc,Independencia,Metropolitana,1085000.0,CLP,140.3,2024-11-14 00:00:00.000000,2024-11-22 00:00:00.000000,DEPARTAMENTO,Arriendo,owner_direct
TT-2024-11-002405,toctoc,Pudahuel,Metropolitana,395000.0,CLP,41.1,2024-08-29 00:00:00.000000,2024-11-15 00:00:00.000000,departamento,Arriendo,owner_direct
TT-2024-11-003718,toctoc,Pudahuel,Metropolitana,13.92,UF,50.9,2024-11-03 00:00:00.000000,2024-11-22 00:00:00.000000,departamento,ARRIENDO,agency
TT-2024-11-005240,toctoc,Renca,Metropolitana,17.03,UF,80.4,2024-11-26 00:00:00.000000,2024-11-29 00:00:00.000000,Departamento,Arriendo,agency
TT-2024-11-001468,toctoc,Santiago,Metropolitana,19.86,UF,55.3,2024-10-26 00:00:00.000000,2024-11-08 00:00:00.000000,departamento,ARRIENDO,owner_direct
TT-2024-11-000728,toctoc,Quinta Normal,Metropolitana,9.19,UF,27.1,2024-10-16 00:00:00.000000,2024-11-01 00:00:00.000000,departamento,arriendo,agency
TT-2024-11-003194,toctoc,Providencia,Metropolitana,830000.0,CLP,34.5,2024-10-23 00:00:00.000000,2024-11-15 00:00:00.000000,departamento,Arriendo,owner_direct
TT-2024-11-004048,toctoc,estación central,Metropolitana,9.86,UF,29.9,2024-09-19 00:00:00.000000,2024-11-22 00:00:00.000000,DEPARTAMENTO,Arriendo,owner_direct
TT-2024-11-002789,toctoc,Providencia,Metropolitana,25.81,UF,52.0,2024-08-17 00:00:00.000000,2024-11-15 00:00:00.000000,DEPARTAMENTO,Arriendo,agency
TT-2024-11-003063,toctoc,La Reina,Metropolitana,22.97,UF,57.2,2024-11-01 00:00:00.000000,2024-11-15 00:00:00.000000,departamento,Arriendo,owner_direct
TT-2024-11-004816,toctoc,La Cisterna,Metropolitana,14.46,UF,56.2,2024-11-03 00:00:00.000000,2024-11-29 00:00:00.000000,Departamento,ARRIENDO,agency
TT-2024-11-002783,toctoc,Santiago,Metropolitana,16.22,UF,47.8,2024-11-02 00:00:00.000000,2024-11-15 00:00:00.000000,departamento,arriendo,owner_direct
TT-2024-11-000976,toctoc,Santiago,Metropolitana,550000.0,CLP,60.7,2024-10-07 00:00:00.000000,2024-11-01 00:00:00.000000,Departamento,Arriendo,agency
TT-2024-11-002356,toctoc,Providencia,Metropolitana,24.73,UF,42.7,2024-09-16 00:00:00.000000,2024-11-15 00:00:00.000000,departamento,ARRIENDO,agency
TT-2024-11-000814,toctoc,Santiago,Metropolitana,610000.0,CLP,50.7,2024-10-05 00:00:00.000000,2024-11-01 00:00:00.000000,Departamento,Arriendo,owner_direct
TT-2024-11-003368,toctoc,Quilicura,Metropolitana,10.27,UF,42.0,2024-10-19 00:00:00.000000,2024-11-15 00:00:00.000000,DEPARTAMENTO,Arriendo,agency
TT-2024-11-002086,toctoc,La Cisterna,Metropolitana,11.08,UF,24.7,2024-10-27 00:00:00.000000,2024-11-08 00:00:00.000000,DEPARTAMENTO,ARRIENDO,agency
TT-2024-11-003022,toctoc,Providencia,Metropolitana,24.73,UF,37.9,2024-11-06 00:00:00.000000,2024-11-15 00:00:00.000000,Departamento,ARRIENDO,agency
TT-2024-11-003749,toctoc,Santiago,Metropolitana,375000.0,CLP,23.6,2024-11-01 00:00:00.000000,2024-11-22 00:00:00.000000,Departamento,arriendo,agency
TT-2024-11-003004,toctoc,Puente Alto,Metropolitana,580000.0,CLP,77.3,2024-09-23 00:00:00.000000,2024-11-15 00:00:00.000000,DEPARTAMENTO,Arriendo,agency
TT-2024-11-005123,toctoc,Lo Barnechea,Metropolitana,1090000.0,CLP,67.1,2024-11-17 00:00:00.000000,2024-11-29 00:00:00.000000,departamento,ARRIENDO,agency
TT-2024-11-005083,toctoc,Ñuñoa,Metropolitana,26.22,UF,54.9,2024-11-04 00:00:00.000000,2024-11-29 00:00:00.000000,DEPARTAMENTO,ARRIENDO,agency
TT-2024-11-003442,toctoc,San Joaquín,Metropolitana,13.38,UF,44.8,2024-11-07 00:00:00.000000,2024-11-22 00:00:00.000000,departamento,arriendo,agency
TT-2024-11-005257,toctoc,Ñuñoa,Metropolitana,640000.0,CLP,36.1,2024-11-11 00:00:00.000000,2024-11-29 00:00:00.000000,departamento,ARRIENDO,agency
TT-2024-11-000716,toctoc,Independencia,Metropolitana,425000.0,CLP,31.3,2024-09-30 00:00:00.000000,2024-11-01 00:00:00.000000,DEPARTAMENTO,arriendo,owner_direct
TT-2024-11-004634,toctoc,Providencia,Metropolitana,20.95,UF,39.0,2024-10-27 00:00:00.000000,2024-11-29 00:00:00.000000,DEPARTAMENTO,arriendo,agency
TT-2024-11-005071,toctoc,Santiago,Metropolitana,640000.0,CLP,62.4,2024-10-16 00:00:00.000000,2024-11-29 00:00:00.000000,DEPARTAMENTO,arriendo,owner_direct
TT-2024-11-005176,toctoc,Quinta Normal,Metropolitana,27.03,UF,107.2,2024-11-24 00:00:00.000000,2024-11-29 00:00:00.000000,departamento,arriendo,owner_direct
TT-2024-11-004599,toctoc,Cerrillos,Metropolitana,11.89,UF,38.2,2024-11-09 00:00:00.000000,2024-11-29 00:00:00.000000,Departamento,Arriendo,agency
TT-2024-11-003336,toctoc,la reina,Metropolitana,770000.0,CLP,44.4,2024-10-22 00:00:00.000000,2024-11-15 00:00:00.000000,DEPARTAMENTO,ARRIENDO,agency
TT-2024-11-002529,toctoc,Las Condes,Metropolitana,1045000.0,CLP,44.7,2024-10-18 00:00:00.000000,2024-11-15 00:00:00.000000,DEPARTAMENTO,arriendo,owner_direct
TT-2024-11-001012,toctoc,Las Condes,Metropolitana,855000.0,CLP,38.8,2024-09-15 00:00:00.000000,2024-11-01 00:00:00.000000,departamento,ARRIENDO,owner_direct
TT-2024-11-001354,toctoc,Quinta Normal,Metropolitana,11.08,UF,31.3,2024-09-24 00:00:00.000000,2024-11-08 00:00:00.000000,departamento,ARRIENDO,agency
TT-2024-11-000966,toctoc,ESTACIÓN CENTRAL,Metropolitana,10.41,UF,34.2,2024-10-24 00:00:00.000000,2024-11-01 00:00:00.000000,DEPARTAMENTO,ARRIENDO,agency
TT-2024-11-001218,toctoc,San Miguel,Metropolitana,16.76,UF,66.2,2024-10-17 00:00:00.000000,2024-11-08 00:00:00.000000,departamento,ARRIENDO,owner_direct
TT-2024-11-000123,toctoc,Vitacura,Metropolitana,900000.0,CLP,26.1,2024-10-20 00:00:00.000000,2024-11-01 00:00:00.000000,departamento,ARRIENDO,agency
TT-2024-11-002902,toctoc,Ñuñoa,Metropolitana,785000.0,CLP,56.5,2024-09-24 00:00:00.000000,2024-11-15 00:00:00.000000,departamento,Arriendo,agency
TT-2024-11-001432,toctoc,Macul,Metropolitana,12.57,UF,31.7,2024-11-03 00:00:00.000000,2024-11-08 00:00:00.000000,Departamento,arriendo,owner_direct
TT-2024-11-003584,toctoc,Ñuñoa,Metropolitana,19.59,UF,55.4,2024-11-16 00:00:00.000000,2024-11-22 00:00:00.000000,departamento,Arriendo,owner_direct
TT-2024-11-000102,toctoc,Estación Central,Metropolitana,430000.0,CLP,32.8,2024-10-04 00:00:00.000000,2024-11-01 00:00:00.000000,DEPARTAMENTO,Arriendo,agency
TT-2024-11-002029,toctoc,Peñalolén,Metropolitana,510000.0,CLP,45.4,2024-10-14 00:00:00.000000,2024-11-08 00:00:00.000000,departamento,ARRIENDO,agency
TT-2024-11-003945,toctoc,Santiago,Metropolitana,18.51,UF,58.2,2024-10-10 00:00:00.000000,2024-11-22 00:00:00.000000,Departamento,arriendo,agency
TT-2024-11-002047,toctoc,Lo Barnechea,Metropolitana,1070000.0,CLP,56.5,2024-10-09 00:00:00.000000,2024-11-08 00:00:00.000000,departamento,ARRIENDO,agency
TT-2024-11-003151,toctoc,Santiago,Metropolitana,14.59,UF,43.4,2024-11-01 00:00:00.000000,2024-11-15 00:00:00.000000,DEPARTAMENTO,ARRIENDO,owner_direct
TT-2024-11-003734,toctoc,Cerrillos,Metropolitana,15.68,UF,46.5,2024-06-20 00:00:00.000000,2024-11-22 00:00:00.000000,DEPARTAMENTO,ARRIENDO,agency
TT-2024-11-004831,toctoc,Ñuñoa,Metropolitana,15.68,UF,33.2,2024-05-05 00:00:00.000000,2024-11-29 00:00:00.000000,departamento,ARRIENDO,owner_direct
TT-2024-11-005264,toctoc,Santiago,Metropolitana,435000.0,CLP,31.9,2024-11-19 00:00:00.000000,2024-11-29 00:00:00.000000,Departamento,arriendo,agency
TT-2024-11-000913,toctoc,Estación Central,Metropolitana,865000.0,CLP,78.9,2024-10-25 00:00:00.000000,2024-11-01 00:00:00.000000,DEPARTAMENTO,Arriendo,owner_direct
TT-2024-11-005486,toctoc,Estación Central,Metropolitana,14.32,UF,51.0,2024-11-09 00:00:00.000000,2024-11-29 00:00:00.000000,departamento,arriendo,agency
TT-2024-11-003693,toctoc,Macul,Metropolitana,13.38,UF,26.0,2024-11-20 00:00:00.000000,2024-11-22 00:00:00.000000,DEPARTAMENTO,arriendo,agency
TT-2024-11-001853,toctoc,San Joaquín,Metropolitana,17.16,UF,56.4,2024-11-02 00:00:00.000000,2024-11-08 00:00:00.000000,Departamento,ARRIENDO,agency
TT-2024-11-000718,toctoc,Conchalí,Metropolitana,445000.0,CLP,49.3,2024-09-26 00:00:00.000000,2024-11-01 00:00:00.000000,DEPARTAMENTO,Arriendo,agency
TT-2024-11-000124,toctoc,Estación Central,Metropolitana,21.35,UF,84.8,2024-10-30 00:00:00.000000,2024-11-01 00:00:00.000000,DEPARTAMENTO,Arriendo,owner_direct
TT-2024-11-004341,toctoc, Ñuñoa,Metropolitana,50.27,UF,163.2,2024-10-28 00:00:00.000000,2024-11-29 00:00:00.000000,departamento,ARRIENDO,owner_direct
TT-2024-11-002270,toctoc,Estación Central,Metropolitana,565000.0,CLP,58.8,2024-10-28 00:00:00.000000,2024-11-15 00:00:00.000000,DEPARTAMENTO,Arriendo,agency
TT-2024-11-004619,toctoc,Santiago,Metropolitana,14.59,UF,34.2,2024-11-01 00:00:00.000000,2024-11-29 00:00:00.000000,DEPARTAMENTO,arriendo,owner_direct
TT-2024-11-002197,toctoc,San Miguel,Metropolitana,630000.0,CLP,44.2,2024-10-20 00:00:00.000000,2024-11-15 00:00:00.000000,Departamento,ARRIENDO,agency
TT-2024-11-001826,toctoc,Puente Alto,Metropolitana,385000.0,CLP,37.1,2024-10-31 00:00:00.000000,2024-11-08 00:00:00.000000,Departamento,Arriendo,agency
TT-2024-11-000296,toctoc,Peñalolén,Metropolitana,17.57,UF,54.6,2024-10-21 00:00:00.000000,2024-11-01 00:00:00.000000,Departamento,Arriendo,agency
TT-2024-11-004463,toctoc,Macul,Metropolitana,16.08,UF,53.3,2024-11-19 00:00:00.000000,2024-11-29 00:00:00.000000,DEPARTAMENTO,ARRIENDO,owner_direct
TT-2024-11-002832,toctoc,Santiago,Metropolitana,18.38,UF,54.7,2024-10-27 00:00:00.000000,2024-11-15 00:00:00.000000,DEPARTAMENTO,Arriendo,owner_direct
TT-2024-11-005088,toctoc,Huechuraba,Metropolitana,14.19,UF,40.1,2024-11-08 00:00:00.000000,2024-11-29 00:00:00.000000,DEPARTAMENTO,arriendo,owner_direct
TT-2024-11-002791,toctoc,San Miguel,Metropolitana,12.16,UF,38.3,2024-10-25 00:00:00.000000,2024-11-15 00:00:00.000000,Departamento,ARRIENDO,owner_direct
TT-2024-11-000277,toctoc,La Florida,Metropolitana,445000.0,CLP,28.0,2024-10-28 00:00:00.000000,2024-11-01 00:00:00.000000,departamento,Arriendo,agency
TT-2024-11-003154,toctoc,Huechuraba,Metropolitana,21.22,UF,86.7,2024-10-19 00:00:00.000000,2024-11-15 00:00:00.000000,Departamento,arriendo,agency
TT-2024-11-001784,toctoc,Pudahuel,Metropolitana,18.78,UF,96.6,2024-10-11 00:00:00.000000,2024-11-08 00:00:00.000000,departamento,ARRIENDO,agency
TT-2024-11-002063,toctoc,Maipú,Metropolitana,420000.0,CLP,38.8,2024-10-21 00:00:00.000000,2024-11-08 00:00:00.000000,departamento,arriendo,agency
TT-2024-11-005318,toctoc,Independencia,Metropolitana,13.78,UF,48.1,2024-10-28 00:00:00.000000,2024-11-29 00:00:00.000000,DEPARTAMENTO,ARRIENDO,owner_direct
TT-2024-11-002357,toctoc,Estación Central,Metropolitana,625000.0,CLP,63.6,2024-11-04 00:00:00.000000,2024-11-15 00:00:00.000000,Departamento,Arriendo,owner_direct
TT-2024-11-004461,toctoc,Macul,Metropolitana,22.43,UF,74.4,2024-11-08 00:00:00.000000,2024-11-29 00:00:00.000000,departamento,ARRIENDO,agency
TT-2024-11-001420,toctoc,Peñalolén,Metropolitana,17.43,UF,54.0,2024-10-20 00:00:00.000000,2024-11-08 00:00:00.000000,departamento,Arriendo,agency
TT-2024-11-000686,toctoc,San Miguel,Metropolitana,535000.0,CLP,38.1,2024-10-16 00:00:00.000000,2024-11-01 00:00:00.000000,DEPARTAMENTO,ARRIENDO,agency
TT-2024-11-000930,toctoc,San Joaquín,Metropolitana,570000.0,CLP,43.5,2024-06-08 00:00:00.000000,2024-11-01 00:00:00.000000,DEPARTAMENTO,arriendo,agency
TT-2024-11-003873,toctoc, La Reina,Metropolitana,840000.0,CLP,45.4,2024-10-19 00:00:00.000000,2024-11-22 00:00:00.000000,departamento,ARRIENDO,agency
TT-2024-11-001513,toctoc,Las Condes,Metropolitana,31.08,UF,48.7,2024-10-04 00:00:00.000000,2024-11-08 00:00:00.000000,DEPARTAMENTO,arriendo,agency
TT-2024-11-005361,toctoc,Huechuraba,Metropolitana,630000.0,CLP,56.8,2024-11-06 00:00:00.000000,2024-11-29 00:00:00.000000,DEPARTAMENTO,ARRIENDO,agency
TT-2024-11-000145,toctoc,Santiago,Metropolitana,15.27,UF,43.4,2024-10-16 00:00:00.000000,2024-11-01 00:00:00.000000,Departamento,arriendo,owner_direct
TT-2024-11-002233,toctoc,Independencia,Metropolitana,570000.0,CLP,59.1,2024-09-24 00:00:00.000000,2024-11-15 00:00:00.000000,DEPARTAMENTO,Arriendo,agency
TT-2024-11-002399,toctoc,Peñalolén,Metropolitana,111.76,UF,27.4,2024-11-12 00:00:00.000000,2024-11-15 00:00:00.000000,DEPARTAMENTO,ARRIENDO,agency
TT-2024-11-000018,toctoc,Recoleta,Metropolitana,630000.0,CLP,53.2,2024-10-27 00:00:00.000000,2024-11-01 00:00:00.000000,departamento,ARRIENDO,agency
TT-2024-11-004140,toctoc,Recoleta,Metropolitana,14.59,UF,51.0,2024-11-11 00:00:00.000000,2024-11-22 00:00:00.000000,DEPARTAMENTO,Arriendo,agency
TT-2024-11-004243,toctoc,La Cisterna,Metropolitana,21.89,UF,79.9,2024-11-17 00:00:00.000000,2024-11-22 00:00:00.000000,departamento,arriendo,agency
TT-2024-11-002492,toctoc,Santiago,Metropolitana,17.7,UF,50.8,2024-11-04 00:00:00.000000,2024-11-15 00:00:00.000000,departamento,ARRIENDO,agency
TT-2024-11-000669,toctoc,Huechuraba,Metropolitana,695000.0,CLP,56.4,2024-10-12 00:00:00.000000,2024-11-01 00:00:00.000000,Departamento,Arriendo,owner_direct
TT-2024-11-000798,toctoc,San Joaquín,Metropolitana,14.19,UF,42.0,2024-09-04 00:00:00.000000,2024-11-01 00:00:00.000000,Departamento,ARRIENDO,agency
TT-2024-11-003304,toctoc,Macul,Metropolitana,575000.0,CLP,47.7,2024-10-31 00:00:00.000000,2024-11-15 00:00:00.000000,departamento,ARRIENDO,owner_direct
TT-2024-11-001487,toctoc,Santiago,Metropolitana,525000.0,CLP,32.1,2024-06-17 00:00:00.000000,2024-11-08 00:00:00.000000,DEPARTAMENTO,ARRIENDO,owner_direct
TT-2024-11-001387,toctoc,Renca,Metropolitana,435000.0,CLP,35.2,2024-10-05 00:00:00.000000,2024-11-08 00:00:00.000000,Departamento,ARRIENDO,owner_direct
TT-2024-11-003991,toctoc,Santiago,Metropolitana,475000.0,CLP,32.9,2024-10-24 00:00:00.000000,2024-11-22 00:00:00.000000,DEPARTAMENTO,arriendo,owner_direct
TT-2024-11-001276,toctoc,Las Condes,Metropolitana,33.51,UF,63.0,2024-10-20 00:00:00.000000,2024-11-08 00:00:00.000000,Departamento,arriendo,agency
TT-2024-11-003372,toctoc,Estación Central,Metropolitana,420000.0,CLP,29.7,2024-09-16 00:00:00.000000,2024-11-15 00:00:00.000000,Departamento,ARRIENDO,agency
TT-2024-11-004125,toctoc,Estación Central,Metropolitana,605000.0,CLP,50.4,2024-11-05 00:00:00.000000,2024-11-22 00:00:00.000000,Departamento,Arriendo,owner_direct
TT-2024-11-001844,toctoc,Providencia,Metropolitana,1185000.0,CLP,64.6,2024-10-14 00:00:00.000000,2024-11-08 00:00:00.000000,Departamento,arriendo,agency
TT-2024-11-005126,toctoc,San Miguel,Metropolitana,450000.0,CLP,41.2,2024-06-16 00:00:00.000000,2024-11-29 00:00:00.000000,Departamento,Arriendo,agency
TT-2024-11-001980,toctoc,Santiago,Metropolitana,13.92,UF,42.9,2024-10-04 00:00:00.000000,2024-11-08 00:00:00.000000,DEPARTAMENTO,ARRIENDO,owner_direct
TT-2024-11-001145,toctoc,Puente Alto,Metropolitana,600000.0,CLP,83.6,2024-10-26 00:00:00.000000,2024-11-01 00:00:00.000000,DEPARTAMENTO,ARRIENDO,agency
TT-2024-11-000886,toctoc, San Joaquín,Metropolitana,15.54,UF,57.2,2024-09-05 00:00:00.000000,2024-11-01 00:00:00.000000,departamento,Arriendo,agency
TT-2024-11-003664,toctoc,Quilicura,Metropolitana,455000.0,CLP,50.1,2024-10-18 00:00:00.000000,2024-11-22 00:00:00.000000,DEPARTAMENTO,ARRIENDO,agency
TT-2024-11-002679,toctoc,Quilicura,Metropolitana,21.49,UF,76.0,2024-11-07 00:00:00.000000,2024-11-15 00:00:00.000000,Departamento,ARRIENDO,agency
TT-2024-11-002991,toctoc,La Florida,Metropolitana,12.97,UF,36.4,2024-08-17 00:00:00.000000,2024-11-15 00:00:00.000000,DEPARTAMENTO,arriendo,owner_direct
TT-2024-11-002366,toctoc,La Florida,Metropolitana,760000.0,CLP,64.1,2024-11-13 00:00:00.000000,2024-11-15 00:00:00.000000,departamento,arriendo,owner_direct
TT-2024-11-003216,toctoc,Estación Central,Metropolitana,11.22,UF,27.3,2024-11-03 00:00:00.000000,2024-11-15 00:00:00.000000,Departamento,arriendo,agency
TT-2024-11-001414,toctoc,Huechuraba,Metropolitana,17.84,UF,43.6,2024-10-15 00:00:00.000000,2024-11-08 00:00:00.000000,Departamento,ARRIENDO,owner_direct
TT-2024-11-003630,toctoc,Maipú,Metropolitana,11.22,UF,31.5,2024-11-08 00:00:00.000000,2024-11-22 00:00:00.000000,Departamento,Arriendo,agency
TT-2024-11-000835,toctoc,Santiago,Metropolitana,830000.0,CLP,55.4,2024-09-05 00:00:00.000000,2024-11-01 00:00:00.000000,Departamento,ARRIENDO,owner_direct
TT-2024-11-001439,toctoc,Pudahuel,Metropolitana,10.27,UF,24.2,2024-10-02 00:00:00.000000,2024-11-08 00:00:00.000000,Departamento,Arriendo,agency
TT-2024-11-003778,toctoc,Ñuñoa,Metropolitana,680000.0,CLP,40.2,2024-10-20 00:00:00.000000,2024-11-22 00:00:00.000000,departamento,arriendo,owner_direct
TT-2024-11-003781,toctoc,las condes,Metropolitana,945000.0,CLP,53.1,2024-11-13 00:00:00.000000,2024-11-22 00:00:00.000000,Departamento,Arriendo,agency
TT-2024-11-003543,toctoc,Maipú,Metropolitana,540000.0,CLP,61.5,2024-06-05 00:00:00.000000,2024-11-22 00:00:00.000000,departamento,arriendo,agency
TT-2024-11-000283,toctoc,Vitacura,Metropolitana,30.54,UF,55.0,2024-09-28 00:00:00.000000,2024-11-01 00:00:00.000000,DEPARTAMENTO,ARRIENDO,agency
TT-2024-11-002639,toctoc,Las Condes,Metropolitana,990000.0,CLP,40.8,2024-10-29 00:00:00.000000,2024-11-15 00:00:00.000000,DEPARTAMENTO,Arriendo,agency
TT-2024-11-002151,toctoc,Santiago,Metropolitana,24.73,UF,91.6,2024-10-16 00:00:00.000000,2024-11-08 00:00:00.000000,DEPARTAMENTO,arriendo,agency
TT-2024-11-005192,toctoc,Pudahuel,Metropolitana,540000.0,CLP,57.4,2024-11-17 00:00:00.000000,2024-11-29 00:00:00.000000,departamento,Arriendo,owner_direct
TT-2024-11-002733,toctoc,San Miguel,Metropolitana,21.62,UF,67.9,2024-11-10 00:00:00.000000,2024-11-15 00:00:00.000000,departamento,Arriendo,owner_direct
TT-2024-11-004503,toctoc,Las Condes,Metropolitana,1020000.0,CLP,53.5,2024-11-18 00:00:00.000000,2024-11-29 00:00:00.000000,departamento,arriendo,agency
TT-2024-11-002499,toctoc,La Reina,Metropolitana,645000.0,CLP,30.6,2024-10-11 00:00:00.000000,2024-11-15 00:00:00.000000,Departamento,arriendo,agency
TT-2024-11-003446,toctoc,Santiago,Metropolitana,20.54,UF,75.0,2024-11-11 00:00:00.000000,2024-11-22 00:00:00.000000,departamento,Arriendo,owner_direct
TT-2024-11-001768,toctoc,Lo Barnechea,Metropolitana,24.05,UF,54.3,2024-10-29 00:00:00.000000,2024-11-08 00:00:00.000000,departamento,arriendo,agency
TT-2024-11-002290,toctoc,Ñuñoa,Metropolitana,695000.0,CLP,43.6,2024-11-06 00:00:00.000000,2024-11-15 00:00:00.000000,departamento,Arriendo,owner_direct
TT-2024-11-001541,toctoc,Recoleta,Metropolitana,570000.0,CLP,57.1,2024-10-16 00:00:00.000000,2024-11-08 00:00:00.000000,departamento,Arriendo,owner_direct
TT-2024-11-000005,toctoc,SANTIAGO,Metropolitana,23.38,UF,82.7,2024-10-19 00:00:00.000000,2024-11-01 00:00:00.000000,departamento,arriendo,owner_direct
TT-2024-11-001691,toctoc,Peñalolén,Metropolitana,770000.0,CLP,67.3,2024-10-24 00:00:00.000000,2024-11-08 00:00:00.000000,departamento,arriendo,agency
TT-2024-11-004073,toctoc,Estación Central,Metropolitana,13.38,UF,45.1,2024-10-26 00:00:00.000000,2024-11-22 00:00:00.000000,Departamento,Arriendo,agency
TT-2024-11-000942,toctoc,Providencia,Metropolitana,30.81,UF,58.2,2024-10-28 00:00:00.000000,2024-11-01 00:00:00.000000,Departamento,Arriendo,owner_direct
TT-2024-11-002056,toctoc,Providencia,Metropolitana,31.76,UF,80.6,2024-10-29 00:00:00.000000,2024-11-08 00:00:00.000000,DEPARTAMENTO,ARRIENDO,agency
TT-2024-11-004326,toctoc,Maipú,Metropolitana,685000.0,CLP,86.8,2024-10-22 00:00:00.000000,2024-11-29 00:00:00.000000,Departamento,arriendo,owner_direct
TT-2024-11-000357,toctoc,Maipú ,Metropolitana,525000.0,CLP,50.2,2024-10-05 00:00:00.000000,2024-11-01 00:00:00.000000,DEPARTAMENTO,Arriendo,owner_direct
TT-2024-11-000231,toctoc,Providencia,Metropolitana,24.73,UF,43.7,2024-09-10 00:00:00.000000,2024-11-01 00:00:00.000000,Departamento,Arriendo,agency
TT-2024-11-001377,toctoc, Recoleta,Metropolitana,17.03,UF,59.3,2024-11-02 00:00:00.000000,2024-11-08 00:00:00.000000,DEPARTAMENTO,Arriendo,owner_direct
TT-2024-11-001954,toctoc,Providencia,Metropolitana,710000.0,CLP,31.7,2024-09-19 00:00:00.000000,2024-11-08 00:00:00.000000,departamento,ARRIENDO,agency
TT-2024-11-000433,toctoc,Pudahuel,Metropolitana,9.46,UF,38.4,2024-06-13 00:00:00.000000,2024-11-01 00:00:00.000000,departamento,arriendo,agency
TT-2024-11-001874,toctoc,Las Condes,Metropolitana,980000.0,CLP,56.1,2024-09-09 00:00:00.000000,2024-11-08 00:00:00.000000,DEPARTAMENTO,ARRIENDO,agency
TT-2024-11-005177,toctoc,Peñalolén,Metropolitana,850000.0,CLP,83.7,2024-10-13 00:00:00.000000,2024-11-29 00:00:00.000000,Departamento,Arriendo,agency
TT-2024-11-002042,toctoc,Ñuñoa,Metropolitana,16.49,UF,33.7,2024-07-10 00:00:00.000000,2024-11-08 00:00:00.000000,departamento,Arriendo,agency
TT-2024-11-004601,toctoc,Macul,Metropolitana,715000.0,CLP,57.4,2024-11-07 00:00:00.000000,2024-11-29 00:00:00.000000,departamento,ARRIENDO,agency
TT-2024-11-005106,toctoc,las condes,Metropolitana,30.27,UF,62.9,2024-11-15 00:00:00.000000,2024-11-29 00:00:00.000000,Departamento,Arriendo,agency
TT-2024-11-003420,toctoc,Recoleta,Metropolitana,16.35,UF,57.8,2024-10-09 00:00:00.000000,2024-11-22 00:00:00.000000,Departamento,ARRIENDO,agency
TT-2024-11-000214,toctoc, Santiago,Metropolitana,775000.0,CLP,76.3,2024-10-17 00:00:00.000000,2024-11-01 00:00:00.000000,Departamento,Arriendo,owner_direct
TT-2024-11-003452,toctoc,Independencia,Metropolitana,455000.0,CLP,43.8,2024-11-11 00:00:00.000000,2024-11-22 00:00:00.000000,departamento,arriendo,agency
TT-2024-11-000721,toctoc,Maipú,Metropolitana,10.54,UF,26.4,2024-10-28 00:00:00.000000,2024-11-01 00:00:00.000000,Departamento,arriendo,agency
TT-2024-11-003265,toctoc,Vitacura,Metropolitana,27.7,UF,31.4,2024-11-01 00:00:00.000000,2024-11-15 00:00:00.000000,departamento,arriendo,
TT-2024-11-003836,toctoc,Pudahuel,Metropolitana,10.68,UF,31.1,2024-10-28 00:00:00.000000,2024-11-22 00:00:00.000000,departamento,Arriendo,owner_direct
TT-2024-11-000243,toctoc,Ñuñoa,Metropolitana,1450000.0,CLP,130.0,2024-08-21 00:00:00.000000,2024-11-01 00:00:00.000000,Departamento,arriendo,owner_direct
TT-2024-11-001041,toctoc,MACUL,Metropolitana,795000.0,CLP,84.6,2024-10-17 00:00:00.000000,2024-11-01 00:00:00.000000,DEPARTAMENTO,arriendo,agency
TT-2024-11-004415,toctoc,La Florida,Metropolitana,800000.0,CLP,90.1,2024-11-09 00:00:00.000000,2024-11-29 00:00:00.000000,Departamento,ARRIENDO,agency
TT-2024-11-004720,toctoc,Peñalolén,Metropolitana,590000.0,CLP,49.8,2024-11-05 00:00:00.000000,2024-11-29 00:00:00.000000,departamento,arriendo,agency
TT-2024-11-002235,toctoc,San Miguel,Metropolitana,650000.0,CLP,57.4,2024-10-26 00:00:00.000000,2024-11-15 00:00:00.000000,departamento,arriendo,agency
TT-2024-11-002294,toctoc,Recoleta,Metropolitana,455000.0,CLP,28.4,2024-09-30 00:00:00.000000,2024-11-15 00:00:00.000000,DEPARTAMENTO,arriendo,agency
TT-2024-11-003623,toctoc,Independencia,Metropolitana,16.62,UF,60.9,2024-11-12 00:00:00.000000,2024-11-22 00:00:00.000000,DEPARTAMENTO,Arriendo,agency
TT-2024-11-004975,toctoc,Maipú,Metropolitana,695000.0,CLP,90.9,2024-11-07 00:00:00.000000,2024-11-29 00:00:00.000000,DEPARTAMENTO,Arriendo,agency
TT-2024-11-001564,toctoc,Vitacura,Metropolitana,1305000.0,CLP,60.4,2024-10-03 00:00:00.000000,2024-11-08 00:00:00.000000,Departamento,Arriendo,owner_direct
TT-2024-11-002300,toctoc,San Miguel,Metropolitana,975000.0,CLP,82.8,2024-10-25 00:00:00.000000,2024-11-15 00:00:00.000000,DEPARTAMENTO,Arriendo,agency
TT-2024-11-004747,toctoc,Recoleta,Metropolitana,65.95,UF,48.0,2024-11-21 00:00:00.000000,2024-11-29 00:00:00.000000,DEPARTAMENTO,Arriendo,agency
TT-2024-11-004345,toctoc,Santiago,Metropolitana,375000.0,CLP,28.6,2024-09-11 00:00:00.000000,2024-11-29 00:00:00.000000,DEPARTAMENTO,Arriendo,agency
TT-2024-11-001811,toctoc,Estación Central,Metropolitana,12.16,UF,46.9,2024-09-22 00:00:00.000000,2024-11-08 00:00:00.000000,Departamento,Arriendo,agency
TT-2024-11-004621,toctoc,Macul,Metropolitana,555000.0,CLP,39.0,2024-10-01 00:00:00.000000,2024-11-29 00:00:00.000000,Departamento,arriendo,owner_direct
TT-2024-11-003165,toctoc,LAS CONDES,Metropolitana,1025000.0,CLP,35.9,2024-05-27 00:00:00.000000,2024-11-15 00:00:00.000000,DEPARTAMENTO,arriendo,agency
TT-2024-11-003612,toctoc,Maipú,Metropolitana,355000.0,CLP,29.9,2024-10-28 00:00:00.000000,2024-11-22 00:00:00.000000,Departamento,ARRIENDO,owner_direct
TT-2024-11-004560,toctoc,Recoleta,Metropolitana,390000.0,CLP,30.3,2024-11-20 00:00:00.000000,2024-11-29 00:00:00.000000,Departamento,ARRIENDO,owner_direct
TT-2024-11-002541,toctoc,Quinta Normal,Metropolitana,785000.0,CLP,76.7,2024-10-23 00:00:00.000000,2024-11-15 00:00:00.000000,departamento,Arriendo,agency
TT-2024-11-001486,toctoc,Recoleta,Metropolitana,10.68,UF,42.7,2024-08-09 00:00:00.000000,2024-11-08 00:00:00.000000,DEPARTAMENTO,ARRIENDO,agency
TT-2024-11-003565,toctoc,Cerrillos,Metropolitana,14.46,UF,55.7,2024-10-27 00:00:00.000000,2024-11-22 00:00:00.000000,Departamento,arriendo,agency
TT-2024-11-001056,toctoc,San Miguel,Metropolitana,630000.0,CLP,44.6,2024-10-18 00:00:00.000000,2024-11-01 00:00:00.000000,departamento,arriendo,agency
TT-2024-11-002166,toctoc,Las Condes,Metropolitana,955000.0,CLP,29.3,2024-10-16 00:00:00.000000,2024-11-08 00:00:00.000000,departamento,arriendo,owner_direct
TT-2024-11-002355,toctoc,Providencia,Metropolitana,945000.0,CLP,51.0,2024-11-10 00:00:00.000000,2024-11-15 00:00:00.000000,Departamento,ARRIENDO,agency
TT-2024-11-003943,toctoc,Ñuñoa,Metropolitana,640000.0,CLP,34.5,2024-11-05 00:00:00.000000,2024-11-22 00:00:00.000000,Departamento,ARRIENDO,agency
TT-2024-11-001550,toctoc,La Reina,Metropolitana,625000.0,CLP,36.4,2024-10-24 00:00:00.000000,2024-11-08 00:00:00.000000,departamento,Arriendo,owner_direct
TT-2024-11-003482,toctoc,Cerrillos,Metropolitana,23.24,UF,82.6,2024-11-14 00:00:00.000000,2024-11-22 00:00:00.000000,DEPARTAMENTO,Arriendo,owner_direct
TT-2024-11-001111,toctoc,La Florida,Metropolitana,12.84,UF,25.2,2024-10-13 00:00:00.000000,2024-11-01 00:00:00.000000,departamento,Arriendo,owner_direct
TT-2024-11-001504,toctoc,Estación Central,Metropolitana,17.84,UF,69.3,2024-10-11 00:00:00.000000,2024-11-08 00:00:00.000000,Departamento,Arriendo,agency
TT-2024-11-002079,toctoc, Ñuñoa,Metropolitana,15.81,UF,38.5,2024-10-08 00:00:00.000000,2024-11-08 00:00:00.000000,departamento,arriendo,agency
TT-2024-11-000658,toctoc,San Miguel,Metropolitana,70.0,UF,400.0,2024-10-14 00:00:00.000000,2024-11-01 00:00:00.000000,departamento,arriendo,
TT-2024-11-001467,toctoc,Santiago,Metropolitana,19.73,UF,65.3,2024-10-25 00:00:00.000000,2024-11-08 00:00:00.000000,DEPARTAMENTO,arriendo,owner_direct
TT-2024-11-000698,toctoc,Macul,Metropolitana,14.86,UF,39.7,2024-10-04 00:00:00.000000,2024-11-01 00:00:00.000000,Departamento,Arriendo,agency
TT-2024-11-000365,toctoc,Las Condes,Metropolitana,845000.0,CLP,49.1,2024-10-14 00:00:00.000000,2024-11-01 00:00:00.000000,Departamento,ARRIENDO,agency
TT-2024-11-000025,toctoc,Quilicura,Metropolitana,10.41,UF,27.3,2024-10-10 00:00:00.000000,2024-11-01 00:00:00.000000,Departamento,Arriendo,owner_direct
TT-2024-11-001895,toctoc,Maipú,Metropolitana,955000.0,CLP,106.8,2024-09-26 00:00:00.000000,2024-11-08 00:00:00.000000,Departamento,Arriendo,agency
TT-2024-11-001731,toctoc,Estación Central,Metropolitana,485000.0,CLP,48.0,2024-10-27 00:00:00.000000,2024-11-08 00:00:00.000000,Departamento,Arriendo,owner_direct
TT-2024-11-003435,toctoc,Santiago,Metropolitana,950000.0,CLP,93.6,2024-11-03 00:00:00.000000,2024-11-22 00:00:00.000000,DEPARTAMENTO,arriendo,agency
TT-2024-11-001146,toctoc,SANTIAGO,Metropolitana,610000.0,CLP,38.9,2024-09-07 00:00:00.000000,2024-11-01 00:00:00.000000,Departamento,Arriendo,agency
TT-2024-11-004404,toctoc,Independencia,Metropolitana,435000.0,CLP,30.1,2024-11-11 00:00:00.000000,2024-11-29 00:00:00.000000,Departamento,ARRIENDO,agency
TT-2024-11-002751,toctoc,Pudahuel,Metropolitana,20.0,UF,116.2,2024-09-18 00:00:00.000000,2024-11-15 00:00:00.000000,DEPARTAMENTO,arriendo,agency
TT-2024-11-002039,toctoc,Recoleta,Metropolitana,585000.0,CLP,75.8,2024-09-12 00:00:00.000000,2024-11-08 00:00:00.000000,departamento,arriendo,agency
TT-2024-11-000151,toctoc,Estación Central,Metropolitana,475000.0,CLP,35.2,2024-10-31 00:00:00.000000,2024-11-01 00:00:00.000000,departamento,Arriendo,agency
TT-2024-11-001759,toctoc,La Reina,Metropolitana,770000.0,CLP,47.8,2024-10-23 00:00:00.000000,2024-11-08 00:00:00.000000,Departamento,ARRIENDO,agency
TT-2024-11-003429,toctoc,Peñalolén,Metropolitana,15.41,UF,44.5,2024-10-07 00:00:00.000000,2024-11-22 00:00:00.000000,DEPARTAMENTO,arriendo,agency
TT-2024-11-001480,toctoc, Huechuraba,Metropolitana,815000.0,CLP,70.3,2024-09-18 00:00:00.000000,2024-11-08 00:00:00.000000,departamento,arriendo,agency
TT-2024-11-003169,toctoc,La Cisterna,Metropolitana,27.43,UF,132.7,2024-10-11 00:00:00.000000,2024-11-15 00:00:00.000000,Departamento,Arriendo,agency
TT-2024-11-002684,toctoc,San Miguel,Metropolitana,17.43,UF,59.6,2024-11-06 00:00:00.000000,2024-11-15 00:00:00.000000,Departamento,arriendo,agency
TT-2024-11-003351,toctoc,Quilicura,Metropolitana,330000.0,CLP,51.2,2024-11-01 00:00:00.000000,2024-11-15 00:00:00.000000,DEPARTAMENTO,ARRIENDO,owner_direct
TT-2024-11-001862,toctoc,Santiago,Metropolitana,21.76,UF,69.0,2024-10-30 00:00:00.000000,2024-11-08 00:00:00.000000,DEPARTAMENTO,Arriendo,agency
TT-2024-11-003563,toctoc,Quinta Normal,Metropolitana,1010000.0,CLP,114.5,2024-11-16 00:00:00.000000,2024-11-22 00:00:00.000000,DEPARTAMENTO,Arriendo,agency
TT-2024-11-003148,toctoc,Las Condes,Metropolitana,26.89,UF,47.6,2024-10-13 00:00:00.000000,2024-11-15 00:00:00.000000,Departamento,Arriendo,agency
TT-2024-11-003400,toctoc,Estación Central,Metropolitana,970000.0,CLP,107.7,2024-11-04 00:00:00.000000,2024-11-22 00:00:00.000000,Departamento,ARRIENDO,owner_direct
TT-2024-11-002595,toctoc,Independencia,Metropolitana,16.22,UF,50.2,2024-10-24 00:00:00.000000,2024-11-15 00:00:00.000000,Departamento,Arriendo,owner_direct
TT-2024-11-001332,toctoc,Independencia,Metropolitana,13.24,UF,44.1,2024-11-02 00:00:00.000000,2024-11-08 00:00:00.000000,departamento,ARRIENDO,
TT-2024-11-000799,toctoc,Las Condes,Metropolitana,1045000.0,CLP,73.7,2024-10-26 00:00:00.000000,2024-11-01 00:00:00.000000,departamento,Arriendo,agency
TT-2024-11-003416,toctoc,Las Condes,Metropolitana,25.0,UF,32.2,2024-10-22 00:00:00.000000,2024-11-22 00:00:00.000000,DEPARTAMENTO,arriendo,agency
TT-2024-11-001445,toctoc,Recoleta,Metropolitana,15.14,UF,45.8,2024-10-09 00:00:00.000000,2024-11-08 00:00:00.000000,departamento,Arriendo,owner_direct
TT-2024-11-002081,toctoc,Vitacura,Metropolitana,1070000.0,CLP,57.6,2024-11-01 00:00:00.000000,2024-11-08 00:00:00.000000,Departamento,ARRIENDO,agency
TT-2024-11-001932,toctoc,Recoleta,Metropolitana,390000.0,CLP,27.9,2024-10-20 00:00:00.000000,2024-11-08 00:00:00.000000,Departamento,ARRIENDO,agency
TT-2024-11-000442,toctoc,Ñuñoa,Metropolitana,910000.0,CLP,76.5,2024-10-17 00:00:00.000000,2024-11-01 00:00:00.000000,Departamento,arriendo,agency
TT-2024-11-000313,toctoc,Providencia,Metropolitana,28.92,UF,48.7,2024-08-24 00:00:00.000000,2024-11-01 00:00:00.000000,Departamento,ARRIENDO,owner_direct
TT-2024-11-004845,toctoc,Renca,Metropolitana,470000.0,CLP,38.9,2024-11-20 00:00:00.000000,2024-11-29 00:00:00.000000,DEPARTAMENTO,arriendo,owner_direct
TT-2024-11-003751,toctoc,Puente Alto,Metropolitana,10.54,UF,41.5,2024-10-05 00:00:00.000000,2024-11-22 00:00:00.000000,DEPARTAMENTO,arriendo,owner_direct
TT-2024-11-000391,toctoc,Quilicura,Metropolitana,12.16,UF,43.9,2024-10-23 00:00:00.000000,2024-11-01 00:00:00.000000,DEPARTAMENTO,ARRIENDO,agency
TT-2024-11-002181,toctoc,Quilicura,Metropolitana,785000.0,CLP,99.3,2024-10-22 00:00:00.000000,2024-11-15 00:00:00.000000,DEPARTAMENTO,Arriendo,owner_direct
TT-2024-11-003678,toctoc,Cerrillos,Metropolitana,144.59,UF,999.0,2024-10-17 00:00:00.000000,2024-11-22 00:00:00.000000,DEPARTAMENTO,arriendo,
TT-2024-11-001298,toctoc,Huechuraba,Metropolitana,995000.0,CLP,93.8,2024-10-30 00:00:00.000000,2024-11-08 00:00:00.000000,DEPARTAMENTO,ARRIENDO,owner_direct
TT-2024-11-003115,toctoc,Santiago,Metropolitana,14.32,UF,31.0,2024-10-29 00:00:00.000000,2024-11-15 00:00:00.000000,Departamento,Arriendo,owner_direct
TT-2024-11-004719,toctoc,Santiago,Metropolitana,12.16,UF,26.1,2024-11-02 00:00:00.000000,2024-11-29 00:00:00.000000,Departamento,ARRIENDO,agency
TT-2024-11-001257,toctoc,La Cisterna,Metropolitana,13.51,UF,41.3,2024-10-10 00:00:00.000000,2024-11-08 00:00:00.000000,departamento,ARRIENDO,owner_direct
TT-2024-11-000983,toctoc,Independencia,Metropolitana,515000.0,CLP,46.5,2024-10-11 00:00:00.000000,2024-11-01 00:00:00.000000,Departamento,Arriendo,owner_direct
TT-2024-11-004611,toctoc,Macul,Metropolitana,675000.0,CLP,53.1,2024-11-08 00:00:00.000000,2024-11-29 00:00:00.000000,Departamento,arriendo,agency
TT-2024-11-004938,toctoc,Estación Central,Metropolitana,640000.0,CLP,59.7,2024-11-14 00:00:00.000000,2024-11-29 00:00:00.000000,Departamento,ARRIENDO,owner_direct
TT-2024-11-000550,toctoc,La Florida,Metropolitana,800000.0,CLP,115.4,2024-10-11 00:00:00.000000,2024-11-01 00:00:00.000000,departamento,ARRIENDO,owner_direct
TT-2024-11-003040,toctoc,Independencia,Metropolitana,645000.0,CLP,88.9,2024-08-02 00:00:00.000000,2024-11-15 00:00:00.000000,departamento,Arriendo,agency
TT-2024-11-001679,toctoc,Independencia,Metropolitana,22.97,UF,95.0,2024-11-06 00:00:00.000000,2024-11-08 00:00:00.000000,DEPARTAMENTO,Arriendo,agency
TT-2024-11-002587,toctoc,Estación Central,Metropolitana,660000.0,CLP,66.0,2024-10-02 00:00:00.000000,2024-11-15 00:00:00.000000,Departamento,arriendo,owner_direct
TT-2024-11-000552,toctoc,La Cisterna,Metropolitana,15.54,UF,52.7,2024-10-04 00:00:00.000000,2024-11-01 00:00:00.000000,DEPARTAMENTO,Arriendo,
TT-2024-11-002090,toctoc,Santiago,Metropolitana,520000.0,CLP,36.5,2024-09-23 00:00:00.000000,2024-11-08 00:00:00.000000,departamento,Arriendo,agency
TT-2024-11-003489,toctoc,Maipú,Metropolitana,405000.0,CLP,28.3,2024-11-01 00:00:00.000000,2024-11-22 00:00:00.000000,Departamento,arriendo,owner_direct
TT-2024-11-001175,toctoc,Quinta Normal,Metropolitana,49.32,UF,57.0,2024-10-20 00:00:00.000000,2024-11-01 00:00:00.000000,Departamento,arriendo,owner_direct
TT-2024-11-003560,toctoc,Ñuñoa,Metropolitana,25.68,UF,53.6,2024-10-20 00:00:00.000000,2024-11-22 00:00:00.000000,DEPARTAMENTO,arriendo,owner_direct
TT-2024-11-001825,toctoc,La Florida,Metropolitana,17.03,UF,65.3,2024-10-29 00:00:00.000000,2024-11-08 00:00:00.000000,DEPARTAMENTO,Arriendo,agency
TT-2024-11-000691,toctoc,Estación Central,Metropolitana,16.76,UF,66.1,2024-08-19 00:00:00.000000,2024-11-01 00:00:00.000000,Departamento,Arriendo,owner_direct
TT-2024-11-004258,toctoc,Ñuñoa,Metropolitana,965000.0,CLP,65.9,2024-11-02 00:00:00.000000,2024-11-22 00:00:00.000000,Departamento,arriendo,owner_direct
TT-2024-11-004872,toctoc,Providencia,Metropolitana,25.41,UF,55.6,2024-11-15 00:00:00.000000,2024-11-29 00:00:00.000000,Departamento,arriendo,agency
TT-2024-11-000992,toctoc,Independencia,Metropolitana,620000.0,CLP,54.2,2024-10-28 00:00:00.000000,2024-11-01 00:00:00.000000,departamento,ARRIENDO,agency
TT-2024-11-004908,toctoc,Estación Central ,Metropolitana,420000.0,CLP,31.3,2024-11-26 00:00:00.000000,2024-11-29 00:00:00.000000,DEPARTAMENTO,arriendo,agency
TT-2024-11-000072,toctoc,Renca,Metropolitana,11.08,UF,42.2,2024-09-16 00:00:00.000000,2024-11-01 00:00:00.000000,departamento,Arriendo,owner_direct
TT-2024-11-005303,toctoc,La Reina,Metropolitana,28.51,UF,61.6,2024-11-11 00:00:00.000000,2024-11-29 00:00:00.000000,departamento,Arriendo,owner_direct
TT-2024-11-003053,toctoc,Recoleta,Metropolitana,12.84,UF,62.7,2024-06-27 00:00:00.000000,2024-11-15 00:00:00.000000,Departamento,ARRIENDO,owner_direct
TT-2024-11-002196,toctoc,Huechuraba,Metropolitana,650000.0,CLP,47.4,2024-10-31 00:00:00.000000,2024-11-15 00:00:00.000000,DEPARTAMENTO,ARRIENDO,owner_direct
TT-2024-11-004105,toctoc,San Miguel,Metropolitana,11.49,UF,29.6,2024-10-26 00:00:00.000000,2024-11-22 00:00:00.000000,Departamento,ARRIENDO,owner_direct
TT-2024-11-000795,toctoc,Ñuñoa,Metropolitana,33.24,UF,95.8,2024-04-14 00:00:00.000000,2024-11-01 00:00:00.000000,DEPARTAMENTO,arriendo,agency
TT-2024-11-004210,toctoc,La Florida,Metropolitana,13.24,UF,33.6,2024-11-21 00:00:00.000000,2024-11-22 00:00:00.000000,DEPARTAMENTO,ARRIENDO,owner_direct
TT-2024-11-001609,toctoc,La Florida,Metropolitana,20.14,UF,101.0,2024-10-20 00:00:00.000000,2024-11-08 00:00:00.000000,departamento,Arriendo,agency
TT-2024-11-003349,toctoc,Quilicura,Metropolitana,15.54,UF,58.0,2024-10-07 00:00:00.000000,2024-11-15 00:00:00.000000,departamento,arriendo,agency
TT-2024-11-005376,toctoc,La Florida,Metropolitana,11.49,UF,32.6,2024-11-04 00:00:00.000000,2024-11-29 00:00:00.000000,departamento,Arriendo,agency
TT-2024-11-003674,toctoc,Las Condes,Metropolitana,1110000.0,CLP,60.2,2024-10-26 00:00:00.000000,2024-11-22 00:00:00.000000,Departamento,arriendo,agency
TT-2024-11-005459,toctoc,Santiago,Metropolitana,21.62,UF,79.2,2024-11-08 00:00:00.000000,2024-11-29 00:00:00.000000,DEPARTAMENTO,arriendo,agency
TT-2024-11-000169,toctoc,Quilicura,Metropolitana,445000.0,CLP,41.4,2024-04-11 00:00:00.000000,2024-11-01 00:00:00.000000,DEPARTAMENTO,Arriendo,agency
TT-2024-11-002278,toctoc,Independencia,Metropolitana,24.73,UF,131.4,2024-10-17 00:00:00.000000,2024-11-15 00:00:00.000000,departamento,ARRIENDO,agency
TT-2024-11-004255,toctoc,Renca,Metropolitana,485000.0,CLP,57.7,2024-11-12 00:00:00.000000,2024-11-22 00:00:00.000000,departamento,ARRIENDO,agency
TT-2024-11-005030,toctoc,Estación Central,Metropolitana,425000.0,CLP,25.4,2024-11-15 00:00:00.000000,2024-11-29 00:00:00.000000,DEPARTAMENTO,Arriendo,agency
TT-2024-11-004405,toctoc,Estación Central,Metropolitana,10.81,UF,34.5,2024-11-02 00:00:00.000000,2024-11-29 00:00:00.000000,DEPARTAMENTO,Arriendo,owner_direct
TT-2024-11-001170,toctoc,Independencia,Metropolitana,505000.0,CLP,39.7,2024-09-17 00:00:00.000000,2024-11-01 00:00:00.000000,departamento,Arriendo,owner_direct
TT-2024-11-001151,toctoc,La Reina,Metropolitana,20.68,UF,50.2,2024-10-22 00:00:00.000000,2024-11-01 00:00:00.000000,departamento,Arriendo,owner_direct
TT-2024-11-001045,toctoc,Pudahuel,Metropolitana,390000.0,CLP,38.1,2024-10-19 00:00:00.000000,2024-11-01 00:00:00.000000,Departamento,arriendo,agency
TT-2024-11-003404,toctoc,San Miguel,Metropolitana,600000.0,CLP,44.9,2024-10-27 00:00:00.000000,2024-11-22 00:00:00.000000,departamento,ARRIENDO,agency
TT-2024-11-004785,toctoc,San Miguel,Metropolitana,535000.0,CLP,32.5,2024-11-14 00:00:00.000000,2024-11-29 00:00:00.000000,DEPARTAMENTO,ARRIENDO,agency
TT-2024-11-001166,toctoc,Quilicura,Metropolitana,575000.0,CLP,65.2,2024-07-04 00:00:00.000000,2024-11-01 00:00:00.000000,DEPARTAMENTO,Arriendo,owner_direct
TT-2024-11-004566,toctoc,Estación Central,Metropolitana,15.27,UF,56.2,2024-11-10 00:00:00.000000,2024-11-29 00:00:00.000000,DEPARTAMENTO,Arriendo,agency
TT-2024-11-003922,toctoc,Lo Barnechea,Metropolitana,36.35,UF,72.7,2024-10-14 00:00:00.000000,2024-11-22 00:00:00.000000,Departamento,Arriendo,owner_direct
TT-2024-11-000492,toctoc,Maipú,Metropolitana,470000.0,CLP,46.7,2024-09-20 00:00:00.000000,2024-11-01 00:00:00.000000,Departamento,ARRIENDO,owner_direct
TT-2024-11-004838,toctoc,San Miguel,Metropolitana,14.59,UF,37.6,2024-11-09 00:00:00.000000,2024-11-29 00:00:00.000000,departamento,Arriendo,agency
TT-2024-11-005069,toctoc,Huechuraba,Metropolitana,20.41,UF,62.7,2024-10-16 00:00:00.000000,2024-11-29 00:00:00.000000,Departamento,Arriendo,owner_direct
TT-2024-11-000073,toctoc,Santiago,Metropolitana,17.3,UF,45.1,2024-09-04 00:00:00.000000,2024-11-01 00:00:00.000000,DEPARTAMENTO,arriendo,agency
TT-2024-11-000344,toctoc,Providencia,Metropolitana,19.46,UF,38.3,2024-10-04 00:00:00.000000,2024-11-01 00:00:00.000000,departamento,arriendo,agency
TT-2024-11-002889,toctoc,Peñalolén,Metropolitana,25.95,UF,106.0,2024-10-18 00:00:00.000000,2024-11-15 00:00:00.000000,departamento,arriendo,agency
TT-2024-11-004224,toctoc,Quinta Normal,Metropolitana,515000.0,CLP,54.3,2024-10-02 00:00:00.000000,2024-11-22 00:00:00.000000,DEPARTAMENTO,ARRIENDO,agency
TT-2024-11-001723,toctoc,Maipú,Metropolitana,17.84,UF,79.6,2024-10-09 00:00:00.000000,2024-11-08 00:00:00.000000,DEPARTAMENTO,arriendo,agency
TT-2024-11-003652,toctoc,Huechuraba,Metropolitana,84.59,UF,400.0,2024-05-26 00:00:00.000000,2024-11-22 00:00:00.000000,departamento,arriendo,owner_direct
TT-2024-11-001229,toctoc,Quinta Normal,Metropolitana,21.89,UF,98.3,2024-10-23 00:00:00.000000,2024-11-08 00:00:00.000000,departamento,arriendo,agency
TT-2024-11-004676,toctoc,Ñuñoa,Metropolitana,17.97,UF,42.7,2024-11-11 00:00:00.000000,2024-11-29 00:00:00.000000,DEPARTAMENTO,ARRIENDO,agency
TT-2024-11-004443,toctoc,Cerrillos,Metropolitana,385000.0,CLP,36.5,2024-11-16 00:00:00.000000,2024-11-29 00:00:00.000000,Departamento,arriendo,owner_direct
TT-2024-11-004059,toctoc,Peñalolén,Metropolitana,820000.0,CLP,70.0,2024-10-20 00:00:00.000000,2024-11-22 00:00:00.000000,departamento,ARRIENDO,agency
TT-2024-11-002608,toctoc,Lo Barnechea,Metropolitana,31.49,UF,84.5,2024-09-08 00:00:00.000000,2024-11-15 00:00:00.000000,Departamento,arriendo,owner_direct
TT-2024-11-002546,toctoc,Santiago,Metropolitana,550000.0,CLP,46.3,2024-10-30 00:00:00.000000,2024-11-15 00:00:00.000000,departamento,arriendo,owner_direct
TT-2024-11-002781,toctoc,Independencia,Metropolitana,10.27,UF,26.8,2024-10-02 00:00:00.000000,2024-11-15 00:00:00.000000,departamento,ARRIENDO,owner_direct
TT-2024-11-004517,toctoc,Santiago,Metropolitana,15.14,UF,28.6,2024-10-18 00:00:00.000000,2024-11-29 00:00:00.000000,DEPARTAMENTO,Arriendo,agency
TT-2024-11-004593,toctoc, Las Condes,Metropolitana,27.84,UF,54.2,2024-11-24 00:00:00.000000,2024-11-29 00:00:00.000000,DEPARTAMENTO,Arriendo,owner_direct
TT-2024-11-001971,toctoc,La Florida,Metropolitana,15.14,UF,52.3,2024-09-18 00:00:00.000000,2024-11-08 00:00:00.000000,Departamento,arriendo,agency
TT-2024-11-004504,toctoc,Las Condes,Metropolitana,27.3,UF,54.4,2024-11-07 00:00:00.000000,2024-11-29 00:00:00.000000,DEPARTAMENTO,Arriendo,agency
TT-2024-11-001000,toctoc,Ñuñoa,Metropolitana,1050000.0,CLP,61.5,2024-10-25 00:00:00.000000,2024-11-01 00:00:00.000000,DEPARTAMENTO,arriendo,agency
TT-2024-11-002574,toctoc,Estación Central,Metropolitana,710000.0,CLP,70.0,2024-10-12 00:00:00.000000,2024-11-15 00:00:00.000000,DEPARTAMENTO,Arriendo,owner_direct
TT-2024-11-002232,toctoc,Santiago,Metropolitana,18.92,UF,48.7,2024-10-19 00:00:00.000000,2024-11-15 00:00:00.000000,Departamento,ARRIENDO,agency
TT-2024-11-000782,toctoc,Estación Central,Metropolitana,995000.0,CLP,136.9,2024-10-17 00:00:00.000000,2024-11-01 00:00:00.000000,departamento,Arriendo,agency
TT-2024-11-002748,toctoc,Puente Alto,Metropolitana,11.22,UF,45.3,2024-10-08 00:00:00.000000,2024-11-15 00:00:00.000000,Departamento,ARRIENDO,agency
TT-2024-11-002663,toctoc,Maipú,Metropolitana,495000.0,CLP,47.2,2024-10-25 00:00:00.000000,2024-11-15 00:00:00.000000,DEPARTAMENTO,ARRIENDO,owner_direct
TT-2024-11-000216,toctoc,Las Condes,Metropolitana,26.89,UF,59.4,2024-10-19 00:00:00.000000,2024-11-01 00:00:00.000000,DEPARTAMENTO,ARRIENDO,owner_direct
TT-2024-11-002976,toctoc,Maipú,Metropolitana,485000.0,CLP,42.8,2024-10-11 00:00:00.000000,2024-11-15 00:00:00.000000,departamento,ARRIENDO,agency
TT-2024-11-005406,toctoc,Peñalolén,Metropolitana,14.05,UF,31.8,2024-10-28 00:00:00.000000,2024-11-29 00:00:00.000000,departamento,Arriendo,owner_direct
TT-2024-11-000712,toctoc,Santiago,Metropolitana,780000.0,CLP,73.3,2024-10-25 00:00:00.000000,2024-11-01 00:00:00.000000,DEPARTAMENTO,Arriendo,agency
TT-2024-11-002516,toctoc,Quinta Normal,Metropolitana,500000.0,CLP,44.8,2024-09-30 00:00:00.000000,2024-11-15 00:00:00.000000,departamento,Arriendo,agency
TT-2024-11-004935,toctoc,Santiago,Metropolitana,13.92,UF,30.3,2024-11-12 00:00:00.000000,2024-11-29 00:00:00.000000,DEPARTAMENTO,ARRIENDO,agency
TT-2024-11-003405,toctoc,San Miguel,Metropolitana,880000.0,CLP,88.0,2024-11-10 00:00:00.000000,2024-11-22 00:00:00.000000,Departamento,Arriendo,owner_direct
TT-2024-11-002226,toctoc,Estación Central,Metropolitana,815000.0,CLP,80.8,2024-07-23 00:00:00.000000,2024-11-15 00:00:00.000000,Departamento,ARRIENDO,agency
TT-2024-11-004270,toctoc,San Miguel,Metropolitana,1290000.0,CLP,127.5,2024-11-03 00:00:00.000000,2024-11-22 00:00:00.000000,departamento,Arriendo,agency
TT-2024-11-003871,toctoc,Las Condes,Metropolitana,33.11,UF,50.6,2024-11-13 00:00:00.000000,2024-11-22 00:00:00.000000,departamento,ARRIENDO,agency
TT-2024-11-004451,toctoc,Independencia,Metropolitana,15.54,UF,44.2,2024-10-20 00:00:00.000000,2024-11-29 00:00:00.000000,Departamento,arriendo,agency
TT-2024-11-004858,toctoc,Conchalí,Metropolitana,415000.0,CLP,30.7,2024-11-01 00:00:00.000000,2024-11-29 00:00:00.000000,Departamento,Arriendo,owner_direct
TT-2024-11-003914,toctoc,Ñuñoa,Metropolitana,755000.0,CLP,38.9,2024-11-21 00:00:00.000000,2024-11-22 00:00:00.000000,departamento,ARRIENDO,owner_direct
TT-2024-11-004946,toctoc,Huechuraba,Metropolitana,780000.0,CLP,54.1,2024-11-07 00:00:00.000000,2024-11-29 00:00:00.000000,departamento,ARRIENDO,agency
TT-2024-11-002753,toctoc,Independencia,Metropolitana,12.16,UF,35.4,2024-08-10 00:00:00.000000,2024-11-15 00:00:00.000000,departamento,ARRIENDO,owner_direct
TT-2024-11-005198,toctoc,Santiago,Metropolitana,12.57,UF,38.0,2024-11-23 00:00:00.000000,2024-11-29 00:00:00.000000,DEPARTAMENTO,arriendo,owner_direct
TT-2024-11-005405,toctoc,Cerrillos,Metropolitana,590000.0,CLP,58.7,2024-10-27 00:00:00.000000,2024-11-29 00:00:00.000000,Departamento,ARRIENDO,agency
TT-2024-11-004557,toctoc,Providencia,Metropolitana,24.46,UF,34.7,2024-11-05 00:00:00.000000,2024-11-29 00:00:00.000000,DEPARTAMENTO,ARRIENDO,
TT-2024-11-004999,toctoc,Quinta Normal,Metropolitana,15.0,UF,50.7,2024-10-13 00:00:00.000000,2024-11-29 00:00:00.000000,DEPARTAMENTO,Arriendo,agency
TT-2024-11-002652,toctoc,PROVIDENCIA,Metropolitana,27.16,UF,66.5,2024-11-12 00:00:00.000000,2024-11-15 00:00:00.000000,departamento,arriendo,owner_direct
TT-2024-11-001062,toctoc,Providencia,Metropolitana,725000.0,CLP,45.7,2024-10-26 00:00:00.000000,2024-11-01 00:00:00.000000,DEPARTAMENTO,arriendo,agency
TT-2024-11-002855,toctoc,Santiago,Metropolitana,715000.0,CLP,66.5,2024-11-01 00:00:00.000000,2024-11-15 00:00:00.000000,DEPARTAMENTO,Arriendo,agency
TT-2024-11-001776,toctoc,Ñuñoa,Metropolitana,29.59,UF,78.1,2024-10-16 00:00:00.000000,2024-11-08 00:00:00.000000,DEPARTAMENTO,Arriendo,agency
TT-2024-11-002385,toctoc,Macul,Metropolitana,635000.0,CLP,48.5,2024-10-21 00:00:00.000000,2024-11-15 00:00:00.000000,departamento,Arriendo,
TT-2024-11-004485,toctoc,La Reina,Metropolitana,30.68,UF,72.0,2024-11-26 00:00:00.000000,2024-11-29 00:00:00.000000,DEPARTAMENTO,ARRIENDO,agency
TT-2024-11-004142,toctoc,Pudahuel,Metropolitana,18.51,UF,67.1,2024-11-10 00:00:00.000000,2024-11-22 00:00:00.000000,DEPARTAMENTO,Arriendo,agency
TT-2024-11-001521,toctoc,Santiago,Metropolitana,19.05,UF,54.1,2024-11-04 00:00:00.000000,2024-11-08 00:00:00.000000,departamento,Arriendo,owner_direct
TT-2024-11-001851,toctoc,La Reina,Metropolitana,760000.0,CLP,46.2,2024-08-25 00:00:00.000000,2024-11-08 00:00:00.000000,DEPARTAMENTO,arriendo,agency
TT-2024-11-002330,toctoc,Santiago,Metropolitana,12.97,UF,27.0,2024-06-25 00:00:00.000000,2024-11-15 00:00:00.000000,departamento,ARRIENDO,owner_direct
TT-2024-11-002926,toctoc,Macul,Metropolitana,11.76,UF,33.9,2024-10-29 00:00:00.000000,2024-11-15 00:00:00.000000,DEPARTAMENTO,arriendo,agency
TT-2024-11-003410,toctoc,La Florida,Metropolitana,585000.0,CLP,41.0,2024-08-02 00:00:00.000000,2024-11-22 00:00:00.000000,departamento,arriendo,agency
TT-2024-11-003808,toctoc,Conchalí,Metropolitana,820000.0,CLP,79.4,2024-04-20 00:00:00.000000,2024-11-22 00:00:00.000000,DEPARTAMENTO,ARRIENDO,agency
TT-2024-11-000951,toctoc,Cerrillos,Metropolitana,560000.0,CLP,52.6,2024-10-05 00:00:00.000000,2024-11-01 00:00:00.000000,Departamento,arriendo,agency
TT-2024-11-002601,toctoc,Estación Central,Metropolitana,25.68,UF,152.7,2024-10-28 00:00:00.000000,2024-11-15 00:00:00.000000,Departamento,Arriendo,owner_direct
TT-2024-11-001162,toctoc, La Florida,Metropolitana,695000.0,CLP,57.3,2024-09-11 00:00:00.000000,2024-11-01 00:00:00.000000,departamento,ARRIENDO,agency
TT-2024-11-003255,toctoc,Cerrillos,Metropolitana,575000.0,CLP,65.0,2024-07-09 00:00:00.000000,2024-11-15 00:00:00.000000,Departamento,arriendo,agency
TT-2024-11-002182,toctoc,Peñalolén,Metropolitana,14.05,UF,30.3,2024-11-01 00:00:00.000000,2024-11-15 00:00:00.000000,DEPARTAMENTO,arriendo,agency
TT-2024-11-004390,toctoc,Quilicura,Metropolitana,12.16,UF,49.3,2024-09-24 00:00:00.000000,2024-11-29 00:00:00.000000,departamento,ARRIENDO,agency
TT-2024-11-004724,toctoc,San Joaquín,Metropolitana,605000.0,CLP,62.7,2024-11-06 00:00:00.000000,2024-11-29 00:00:00.000000,DEPARTAMENTO,arriendo,agency
TT-2024-11-004978,toctoc,Conchalí,Metropolitana,820000.0,CLP,78.9,2024-11-13 00:00:00.000000,2024-11-29 00:00:00.000000,DEPARTAMENTO,arriendo,agency
TT-2024-11-004220,toctoc,Estación Central,Metropolitana,495000.0,CLP,47.3,2024-10-16 00:00:00.000000,2024-11-22 00:00:00.000000,departamento,Arriendo,owner_direct
TT-2024-11-005307,toctoc,La Florida,Metropolitana,500000.0,CLP,51.7,2024-11-17 00:00:00.000000,2024-11-29 00:00:00.000000,DEPARTAMENTO,ARRIENDO,owner_direct
TT-2024-11-002198,toctoc,Estación Central,Metropolitana,20.14,UF,89.7,2024-10-20 00:00:00.000000,2024-11-15 00:00:00.000000,Departamento,arriendo,agency
TT-2024-11-000460,toctoc,Macul,Metropolitana,530000.0,CLP,35.7,2024-09-24 00:00:00.000000,2024-11-01 00:00:00.000000,departamento,arriendo,agency
TT-2024-11-001339,toctoc,Pudahuel,Metropolitana,29.46,UF,139.5,2024-10-17 00:00:00.000000,2024-11-08 00:00:00.000000,DEPARTAMENTO,ARRIENDO,owner_direct
TT-2024-11-002156,toctoc,La Reina,Metropolitana,850000.0,CLP,46.3,2024-10-18 00:00:00.000000,2024-11-08 00:00:00.000000,DEPARTAMENTO,Arriendo,
TT-2024-11-003195,toctoc,Peñalolén,Metropolitana,410000.0,CLP,32.9,2024-10-10 00:00:00.000000,2024-11-15 00:00:00.000000,DEPARTAMENTO,Arriendo,owner_direct
TT-2024-11-002466,toctoc,Providencia,Metropolitana,92.3,UF,250.0,2024-10-30 00:00:00.000000,2024-11-15 00:00:00.000000,DEPARTAMENTO,arriendo,agency
TT-2024-11-003767,toctoc,Las Condes,Metropolitana,34.32,UF,65.0,2024-11-13 00:00:00.000000,2024-11-22 00:00:00.000000,DEPARTAMENTO,Arriendo,agency
TT-2024-11-002510,toctoc,San Joaquín,Metropolitana,440000.0,CLP,35.1,2024-09-19 00:00:00.000000,2024-11-15 00:00:00.000000,Departamento,ARRIENDO,agency
TT-2024-11-003501,toctoc,Santiago,Metropolitana,26.08,UF,103.0,2024-11-17 00:00:00.000000,2024-11-22 00:00:00.000000,Departamento,ARRIENDO,owner_direct
TT-2024-11-001850,toctoc,Las Condes,Metropolitana,1305000.0,CLP,81.3,2024-10-15 00:00:00.000000,2024-11-08 00:00:00.000000,DEPARTAMENTO,ARRIENDO,
TT-2024-11-000873,toctoc,Estación Central,Metropolitana,420000.0,CLP,41.7,2024-10-10 00:00:00.000000,2024-11-01 00:00:00.000000,departamento,ARRIENDO,agency
TT-2024-11-002614,toctoc,Recoleta ,Metropolitana,21.08,UF,77.8,2024-10-19 00:00:00.000000,2024-11-15 00:00:00.000000,DEPARTAMENTO,ARRIENDO,owner_direct
TT-2024-11-002843,toctoc,Macul,Metropolitana,18.11,UF,43.3,2024-10-16 00:00:00.000000,2024-11-15 00:00:00.000000,DEPARTAMENTO,arriendo,agency
TT-2024-11-002119,toctoc,Maipú,Metropolitana,12.16,UF,44.7,2024-09-25 00:00:00.000000,2024-11-08 00:00:00.000000,DEPARTAMENTO,ARRIENDO,agency
TT-2024-11-004665,toctoc,Cerrillos,Metropolitana,10.68,UF,28.1,2024-10-23 00:00:00.000000,2024-11-29 00:00:00.000000,DEPARTAMENTO,ARRIENDO,agency
TT-2024-11-003488,toctoc,Providencia,Metropolitana,30.81,UF,56.4,2024-10-26 00:00:00.000000,2024-11-22 00:00:00.000000,Departamento,Arriendo,owner_direct
TT-2024-11-004084,toctoc,Las Condes,Metropolitana,1760000.0,CLP,95.8,2024-10-14 00:00:00.000000,2024-11-22 00:00:00.000000,departamento,Arriendo,agency
TT-2024-11-004236,toctoc,San Miguel,Metropolitana,25.95,UF,91.3,2024-07-10 00:00:00.000000,2024-11-22 00:00:00.000000,Departamento,ARRIENDO,agency
TT-2024-11-001587,toctoc,La Cisterna,Metropolitana,17.16,UF,73.1,2024-09-28 00:00:00.000000,2024-11-08 00:00:00.000000,Departamento,Arriendo,agency
TT-2024-11-002190,toctoc,Santiago,Metropolitana,470000.0,CLP,39.5,2024-10-25 00:00:00.000000,2024-11-15 00:00:00.000000,departamento,Arriendo,owner_direct
TT-2024-11-002394,toctoc,La Reina,Metropolitana,665000.0,CLP,38.1,2024-11-09 00:00:00.000000,2024-11-15 00:00:00.000000,Departamento,Arriendo,agency
TT-2024-11-002308,toctoc,Ñuñoa,Metropolitana,22.3,UF,62.2,2024-11-08 00:00:00.000000,2024-11-15 00:00:00.000000,DEPARTAMENTO,Arriendo,agency
TT-2024-11-000858,toctoc,Peñalolén,Metropolitana,745000.0,CLP,72.2,2024-08-22 00:00:00.000000,2024-11-01 00:00:00.000000,departamento,ARRIENDO,owner_direct
TT-2024-11-005371,toctoc,Ñuñoa,Metropolitana,845000.0,CLP,66.1,2024-08-31 00:00:00.000000,2024-11-29 00:00:00.000000,DEPARTAMENTO,Arriendo,agency
TT-2024-11-000749,toctoc,LAS CONDES,Metropolitana,37.97,UF,73.0,2024-09-14 00:00:00.000000,2024-11-01 00:00:00.000000,DEPARTAMENTO,ARRIENDO,owner_direct
TT-2024-11-001184,toctoc,Providencia,Metropolitana,20.41,UF,47.5,2024-10-18 00:00:00.000000,2024-11-01 00:00:00.000000,Departamento,arriendo,agency
TT-2024-11-001781,toctoc,Santiago,Metropolitana,550000.0,CLP,40.4,2024-10-12 00:00:00.000000,2024-11-08 00:00:00.000000,Departamento,Arriendo,agency
TT-2024-11-001791,toctoc,SANTIAGO,Metropolitana,23.92,UF,81.9,2024-05-13 00:00:00.000000,2024-11-08 00:00:00.000000,Departamento,arriendo,owner_direct
TT-2024-11-002846,toctoc,Ñuñoa,Metropolitana,20.81,UF,44.3,2024-09-22 00:00:00.000000,2024-11-15 00:00:00.000000,departamento,arriendo,owner_direct
TT-2024-11-002301,toctoc,La Florida,Metropolitana,12.16,UF,33.5,2024-11-02 00:00:00.000000,2024-11-15 00:00:00.000000,departamento,ARRIENDO,owner_direct
TT-2024-11-002577,toctoc,Macul,Metropolitana,22.97,UF,84.3,2024-11-10 00:00:00.000000,2024-11-15 00:00:00.000000,departamento,arriendo,
TT-2024-11-004138,toctoc,Independencia,Metropolitana,21.76,UF,89.0,2024-10-29 00:00:00.000000,2024-11-22 00:00:00.000000,departamento,arriendo,agency
TT-2024-11-000269,toctoc,Estación Central,Metropolitana,405000.0,CLP,63.0,2024-09-26 00:00:00.000000,2024-11-01 00:00:00.000000,DEPARTAMENTO,Arriendo,
TT-2024-11-002074,toctoc,Macul,Metropolitana,19.32,UF,50.1,2024-09-23 00:00:00.000000,2024-11-08 00:00:00.000000,departamento,arriendo,agency
TT-2024-11-003754,toctoc,Santiago,Metropolitana,550000.0,CLP,39.4,2024-10-26 00:00:00.000000,2024-11-22 00:00:00.000000,departamento,arriendo,agency
TT-2024-11-004385,toctoc,La Reina,Metropolitana,800000.0,CLP,41.6,2024-10-22 00:00:00.000000,2024-11-29 00:00:00.000000,Departamento,ARRIENDO,owner_direct
TT-2024-11-000725,toctoc,La Florida,Metropolitana,525000.0,CLP,38.1,2024-09-29 00:00:00.000000,2024-11-01 00:00:00.000000,DEPARTAMENTO,Arriendo,owner_direct
TT-2024-11-001782,toctoc,Macul,Metropolitana,520000.0,CLP,39.4,2024-10-05 00:00:00.000000,2024-11-08 00:00:00.000000,DEPARTAMENTO,ARRIENDO,agency
TT-2024-11-000707,toctoc,La Florida,Metropolitana,650000.0,CLP,62.8,2024-10-19 00:00:00.000000,2024-11-01 00:00:00.000000,departamento,Arriendo,agency
TT-2024-11-001766,toctoc,Providencia,Metropolitana,36.49,UF,88.2,2024-10-07 00:00:00.000000,2024-11-08 00:00:00.000000,DEPARTAMENTO,arriendo,owner_direct
TT-2024-11-002249,toctoc,Pudahuel,Metropolitana,390000.0,CLP,33.5,2024-10-22 00:00:00.000000,2024-11-15 00:00:00.000000,departamento,ARRIENDO,agency
TT-2024-11-002660,toctoc,Maipú,Metropolitana,13.65,UF,49.3,2024-05-24 00:00:00.000000,2024-11-15 00:00:00.000000,Departamento,ARRIENDO,agency
TT-2024-11-003644,toctoc,Recoleta,Metropolitana,13.51,UF,39.7,2024-11-01 00:00:00.000000,2024-11-22 00:00:00.000000,departamento,arriendo,agency
TT-2024-11-000432,toctoc,Conchalí,Metropolitana,490000.0,CLP,49.8,2024-09-25 00:00:00.000000,2024-11-01 00:00:00.000000,Departamento,arriendo,owner_direct
TT-2024-11-000914,toctoc,Santiago,Metropolitana,18.92,UF,54.7,2024-10-17 00:00:00.000000,2024-11-01 00:00:00.000000,departamento,Arriendo,owner_direct
TT-2024-11-001837,toctoc,San Miguel,Metropolitana,705000.0,CLP,67.2,2024-10-07 00:00:00.000000,2024-11-08 00:00:00.000000,Departamento,ARRIENDO,agency
TT-2024-11-001871,toctoc,Ñuñoa,Metropolitana,17.84,UF,40.1,2024-07-19 00:00:00.000000,2024-11-08 00:00:00.000000,DEPARTAMENTO,ARRIENDO,
TT-2024-11-003260,toctoc,Macul,Metropolitana,12.97,UF,35.3,2024-10-19 00:00:00.000000,2024-11-15 00:00:00.000000,departamento,Arriendo,agency
TT-2024-11-000764,toctoc,La Cisterna,Metropolitana,550000.0,CLP,47.2,2024-09-30 00:00:00.000000,2024-11-01 00:00:00.000000,departamento,arriendo,agency
TT-2024-11-003892,toctoc,Estación Central,Metropolitana,635000.0,CLP,61.9,2024-10-11 00:00:00.000000,2024-11-22 00:00:00.000000,departamento,arriendo,agency
TT-2024-11-002245,toctoc,Santiago,Metropolitana,20.54,UF,58.6,2024-10-14 00:00:00.000000,2024-11-15 00:00:00.000000,Departamento,arriendo,agency
TT-2024-11-000805,toctoc,Independencia,Metropolitana,540000.0,CLP,44.4,2024-07-01 00:00:00.000000,2024-11-01 00:00:00.000000,DEPARTAMENTO,ARRIENDO,agency
TT-2024-11-003980,toctoc,Santiago,Metropolitana,430000.0,CLP,38.7,2024-05-29 00:00:00.000000,2024-11-22 00:00:00.000000,Departamento,arriendo,agency
TT-2024-11-003656,toctoc,La Cisterna,Metropolitana,1195000.0,CLP,156.6,2024-06-15 00:00:00.000000,2024-11-22 00:00:00.000000,Departamento,ARRIENDO,agency
TT-2024-11-004812,toctoc,Peñalolén,Metropolitana,12.7,UF,38.3,2024-10-22 00:00:00.000000,2024-11-29 00:00:00.000000,departamento,arriendo,agency
TT-2024-11-001676,toctoc,La Reina,Metropolitana,940000.0,CLP,53.9,2024-11-01 00:00:00.000000,2024-11-08 00:00:00.000000,departamento,Arriendo,agency
TT-2024-11-005429,toctoc,Las Condes,Metropolitana,22.16,UF,31.7,2024-11-15 00:00:00.000000,2024-11-29 00:00:00.000000,departamento,arriendo,agency
TT-2024-11-001379,toctoc,Estación Central,Metropolitana,480000.0,CLP,36.1,2024-10-28 00:00:00.000000,2024-11-08 00:00:00.000000,Departamento,ARRIENDO,agency
TT-2024-11-000449,toctoc,Providencia,Metropolitana,27.57,UF,42.5,2024-10-18 00:00:00.000000,2024-11-01 00:00:00.000000,Departamento,arriendo,agency
TT-2024-11-005492,toctoc,La Florida,Metropolitana,600000.0,CLP,56.2,2024-11-16 00:00:00.000000,2024-11-29 00:00:00.000000,departamento,Arriendo,agency
TT-2024-11-001502,toctoc,Recoleta,Metropolitana,18.11,UF,61.8,2024-09-19 00:00:00.000000,2024-11-08 00:00:00.000000,departamento,ARRIENDO,agency
TT-2024-11-000279,toctoc,Las Condes,Metropolitana,33.78,UF,56.6,2024-10-02 00:00:00.000000,2024-11-01 00:00:00.000000,departamento,ARRIENDO,
TT-2024-11-002260,toctoc,Las Condes,Metropolitana,24.59,UF,49.3,2024-10-16 00:00:00.000000,2024-11-15 00:00:00.000000,Departamento,ARRIENDO,agency
TT-2024-11-001279,toctoc,Ñuñoa,Metropolitana,1190000.0,CLP,94.5,2024-10-12 00:00:00.000000,2024-11-08 00:00:00.000000,DEPARTAMENTO,Arriendo,owner_direct
TT-2024-11-005273,toctoc,Ñuñoa,Metropolitana,620000.0,CLP,45.5,2024-11-09 00:00:00.000000,2024-11-29 00:00:00.000000,DEPARTAMENTO,ARRIENDO,owner_direct
TT-2024-11-002806,toctoc,Lo Barnechea,Metropolitana,24.86,UF,48.3,2024-10-28 00:00:00.000000,2024-11-15 00:00:00.000000,DEPARTAMENTO,ARRIENDO,agency
TT-2024-11-004492,toctoc,Conchalí,Metropolitana,465000.0,CLP,39.0,2024-11-20 00:00:00.000000,2024-11-29 00:00:00.000000,DEPARTAMENTO,arriendo,owner_direct
TT-2024-11-002452,toctoc,La Florida,Metropolitana,11.22,UF,36.2,2024-10-01 00:00:00.000000,2024-11-15 00:00:00.000000,DEPARTAMENTO,ARRIENDO,agency
TT-2024-11-004647,toctoc,Providencia,Metropolitana,44.46,UF,93.8,2024-11-16 00:00:00.000000,2024-11-29 00:00:00.000000,DEPARTAMENTO,arriendo,agency
TT-2024-11-003247,toctoc,Estación Central,Metropolitana,15.68,UF,61.5,2024-11-03 00:00:00.000000,2024-11-15 00:00:00.000000,departamento,arriendo,owner_direct
TT-2024-11-000265,toctoc,San Miguel,Metropolitana,595000.0,CLP,42.8,2024-09-26 00:00:00.000000,2024-11-01 00:00:00.000000,DEPARTAMENTO,arriendo,agency
TT-2024-11-004487,toctoc,Conchalí,Metropolitana,10.95,UF,43.6,2024-11-08 00:00:00.000000,2024-11-29 00:00:00.000000,departamento,arriendo,owner_direct
TT-2024-11-002665,toctoc,La Reina,Metropolitana,695000.0,CLP,40.5,2024-10-22 00:00:00.000000,2024-11-15 00:00:00.000000,DEPARTAMENTO,ARRIENDO,owner_direct
TT-2024-11-000168,toctoc,Cerrillos,Metropolitana,15.68,UF,77.4,2024-05-06 00:00:00.000000,2024-11-01 00:00:00.000000,Departamento,ARRIENDO,agency
TT-2024-11-004823,toctoc,Pudahuel,Metropolitana,12.16,UF,42.3,2024-11-08 00:00:00.000000,2024-11-29 00:00:00.000000,Departamento,arriendo,agency
TT-2024-11-004973,toctoc,Recoleta,Metropolitana,1875000.0,CLP,58.1,2024-10-05 00:00:00.000000,2024-11-29 00:00:00.000000,departamento,arriendo,owner_direct
TT-2024-11-002874,toctoc,Estación Central,Metropolitana,17.84,UF,56.1,2024-07-17 00:00:00.000000,2024-11-15 00:00:00.000000,DEPARTAMENTO,ARRIENDO,owner_direct
TT-2024-11-003289,toctoc,Renca,Metropolitana,680000.0,CLP,87.9,2024-10-24 00:00:00.000000,2024-11-15 00:00:00.000000,Departamento,arriendo,agency
TT-2024-11-003517,toctoc,Santiago,Metropolitana,15.68,UF,47.2,2024-05-04 00:00:00.000000,2024-11-22 00:00:00.000000,DEPARTAMENTO,Arriendo,agency
TT-2024-11-002020,toctoc,Lo Barnechea,Metropolitana,23.51,UF,39.9,2024-10-12 00:00:00.000000,2024-11-08 00:00:00.000000,DEPARTAMENTO,ARRIENDO,agency
TT-2024-11-001134,toctoc,La Cisterna,Metropolitana,19.19,UF,80.6,2024-10-20 00:00:00.000000,2024-11-01 00:00:00.000000,Departamento,arriendo,owner_direct
TT-2024-11-001095,toctoc,Providencia,Metropolitana,19.19,UF,8.0,2024-10-17 00:00:00.000000,2024-11-01 00:00:00.000000,Departamento,Arriendo,agency
TT-2024-11-000893,toctoc,Independencia,Metropolitana,390000.0,CLP,31.6,2024-05-08 00:00:00.000000,2024-11-01 00:00:00.000000,DEPARTAMENTO,arriendo,agency
TT-2024-11-001273,toctoc,Santiago,Metropolitana,21.76,UF,65.1,2024-10-05 00:00:00.000000,2024-11-08 00:00:00.000000,departamento,Arriendo,agency
TT-2024-11-001914,toctoc,Santiago,Metropolitana,14.73,UF,41.6,2024-11-01 00:00:00.000000,2024-11-08 00:00:00.000000,Departamento,Arriendo,agency
TT-2024-11-001307,toctoc,Renca,Metropolitana,385000.0,CLP,35.2,2024-07-08 00:00:00.000000,2024-11-08 00:00:00.000000,DEPARTAMENTO,ARRIENDO,owner_direct
TT-2024-11-002332,toctoc,Ñuñoa,Metropolitana,660000.0,CLP,44.3,2024-10-21 00:00:00.000000,2024-11-15 00:00:00.000000,Departamento,ARRIENDO,agency
TT-2024-11-004512,toctoc,Estación Central,Metropolitana,545000.0,CLP,58.8,2024-11-16 00:00:00.000000,2024-11-29 00:00:00.000000,DEPARTAMENTO,ARRIENDO,agency
TT-2024-11-005243,toctoc,Quinta Normal,Metropolitana,17.43,UF,77.4,2024-11-16 00:00:00.000000,2024-11-29 00:00:00.000000,Departamento,Arriendo,agency
TT-2024-11-000988,toctoc,Macul,Metropolitana,21.22,UF,65.7,2024-10-06 00:00:00.000000,2024-11-01 00:00:00.000000,Departamento,arriendo,agency
TT-2024-11-003632,toctoc,Providencia,Metropolitana,735000.0,CLP,30.2,2024-11-17 00:00:00.000000,2024-11-22 00:00:00.000000,DEPARTAMENTO,ARRIENDO,agency
TT-2024-11-001726,toctoc,Las Condes,Metropolitana,8180000.0,CLP,650.0,2024-10-22 00:00:00.000000,2024-11-08 00:00:00.000000,DEPARTAMENTO,Arriendo,agency
TT-2024-11-004713,toctoc,Macul,Metropolitana,650000.0,CLP,53.8,2024-11-18 00:00:00.000000,2024-11-29 00:00:00.000000,Departamento,ARRIENDO,agency
TT-2024-11-002979,toctoc,Recoleta,Metropolitana,12.43,UF,43.2,2024-09-28 00:00:00.000000,2024-11-15 00:00:00.000000,departamento,arriendo,owner_direct
TT-2024-11-001330,toctoc,Peñalolén,Metropolitana,15.68,UF,58.0,2024-10-14 00:00:00.000000,2024-11-08 00:00:00.000000,DEPARTAMENTO,ARRIENDO,agency
TT-2024-11-003329,toctoc,Puente Alto,Metropolitana,475000.0,CLP,60.9,2024-10-29 00:00:00.000000,2024-11-15 00:00:00.000000,departamento,arriendo,owner_direct
TT-2024-11-002140,toctoc,Santiago,Metropolitana,26.35,UF,92.4,2024-10-24 00:00:00.000000,2024-11-08 00:00:00.000000,Departamento,arriendo,agency
TT-2024-11-000240,toctoc,Santiago,Metropolitana,22.84,UF,64.0,2024-10-13 00:00:00.000000,2024-11-01 00:00:00.000000,departamento,ARRIENDO,owner_direct
TT-2024-11-001149,toctoc,San Joaquín,Metropolitana,13.92,UF,51.6,2024-09-27 00:00:00.000000,2024-11-01 00:00:00.000000,DEPARTAMENTO,Arriendo,agency
TT-2024-11-001580,toctoc,Pudahuel,Metropolitana,19.59,UF,108.6,2024-10-15 00:00:00.000000,2024-11-08 00:00:00.000000,departamento,ARRIENDO,owner_direct
TT-2024-11-002262,toctoc,Recoleta,Metropolitana,11.62,UF,29.3,2024-09-21 00:00:00.000000,2024-11-15 00:00:00.000000,departamento,Arriendo,agency
TT-2024-11-000561,toctoc,Ñuñoa,Metropolitana,805000.0,CLP,42.3,2024-09-20 00:00:00.000000,2024-11-01 00:00:00.000000,departamento,ARRIENDO,agency
TT-2024-11-003361,toctoc,Santiago,Metropolitana,845000.0,CLP,78.7,2024-10-31 00:00:00.000000,2024-11-15 00:00:00.000000,DEPARTAMENTO,arriendo,agency
TT-2024-11-003898,toctoc,Estación Central,Metropolitana,13.51,UF,50.1,2024-11-04 00:00:00.000000,2024-11-22 00:00:00.000000,DEPARTAMENTO,Arriendo,agency
TT-2024-11-000820,toctoc,Las Condes,Metropolitana,23.51,UF,32.8,2024-05-30 00:00:00.000000,2024-11-01 00:00:00.000000,Departamento,arriendo,agency
TT-2024-11-000508,toctoc,Ñuñoa,Metropolitana,17.3,UF,42.8,2024-09-12 00:00:00.000000,2024-11-01 00:00:00.000000,departamento,arriendo,agency
TT-2024-11-001918,toctoc,Recoleta,Metropolitana,13.65,UF,44.7,2024-10-23 00:00:00.000000,2024-11-08 00:00:00.000000,Departamento,ARRIENDO,agency
TT-2024-11-003553,toctoc,Independencia,Metropolitana,14.32,UF,43.2,2024-11-19 00:00:00.000000,2024-11-22 00:00:00.000000,Departamento,Arriendo,agency
TT-2024-11-004787,toctoc,Ñuñoa,Metropolitana,720000.0,CLP,47.4,2024-10-10 00:00:00.000000,2024-11-29 00:00:00.000000,DEPARTAMENTO,arriendo,agency
TT-2024-11-001650,toctoc,Macul,Metropolitana,20.95,UF,62.3,2024-10-23 00:00:00.000000,2024-11-08 00:00:00.000000,DEPARTAMENTO,arriendo,agency
TT-2024-11-001351,toctoc,Quinta Normal,Metropolitana,810000.0,CLP,114.1,2024-10-23 00:00:00.000000,2024-11-08 00:00:00.000000,DEPARTAMENTO,Arriendo,agency
TT-2024-11-003401,toctoc,Macul,Metropolitana,875000.0,CLP,106.2,2024-08-04 00:00:00.000000,2024-11-22 00:00:00.000000,departamento,arriendo,agency
TT-2024-11-001275,toctoc,Vitacura,Metropolitana,30.27,UF,53.2,2024-11-02 00:00:00.000000,2024-11-08 00:00:00.000000,DEPARTAMENTO,ARRIENDO,agency
TT-2024-11-000318,toctoc,Santiago,Metropolitana,810000.0,CLP,70.2,2024-10-20 00:00:00.000000,2024-11-01 00:00:00.000000,DEPARTAMENTO,Arriendo,owner_direct
TT-2024-11-002998,toctoc,Las Condes,Metropolitana,1140000.0,CLP,61.8,2024-07-09 00:00:00.000000,2024-11-15 00:00:00.000000,Departamento,ARRIENDO,owner_direct
TT-2024-11-000571,toctoc,San Joaquín,Metropolitana,15.81,UF,50.6,2024-10-09 00:00:00.000000,2024-11-01 00:00:00.000000,Departamento,Arriendo,owner_direct
TT-2024-11-000321,toctoc,Santiago,Metropolitana,525000.0,CLP,37.1,2024-09-21 00:00:00.000000,2024-11-01 00:00:00.000000,departamento,Arriendo,agency
TT-2024-11-002564,toctoc,Maipú,Metropolitana,11.35,UF,57.3,2024-10-24 00:00:00.000000,2024-11-15 00:00:00.000000,departamento,Arriendo,
TT-2024-11-001611,toctoc,Santiago,Metropolitana,605000.0,CLP,34.3,2024-10-28 00:00:00.000000,2024-11-08 00:00:00.000000,Departamento,arriendo,agency
TT-2024-11-001549,toctoc,LA REINA,Metropolitana,21.22,UF,51.3,2024-10-29 00:00:00.000000,2024-11-08 00:00:00.000000,departamento,Arriendo,
TT-2024-11-003098,toctoc,Ñuñoa,Metropolitana,19.59,UF,45.7,2024-10-24 00:00:00.000000,2024-11-15 00:00:00.000000,DEPARTAMENTO,ARRIENDO,owner_direct
TT-2024-11-002904,toctoc,Santiago,Metropolitana,525000.0,CLP,29.1,2024-10-19 00:00:00.000000,2024-11-15 00:00:00.000000,Departamento,ARRIENDO,agency
TT-2024-11-005497,toctoc,Santiago,Metropolitana,485000.0,CLP,33.8,2024-11-15 00:00:00.000000,2024-11-29 00:00:00.000000,departamento,Arriendo,owner_direct
TT-2024-11-004508,toctoc,Quinta Normal,Metropolitana,435000.0,CLP,34.6,2024-09-06 00:00:00.000000,2024-11-29 00:00:00.000000,DEPARTAMENTO,Arriendo,owner_direct
TT-2024-11-004380,toctoc,Santiago,Metropolitana,13.92,UF,24.4,2024-10-17 00:00:00.000000,2024-11-29 00:00:00.000000,Departamento,Arriendo,agency
TT-2024-11-000285,toctoc,Las Condes,Metropolitana,42.84,UF,70.2,2024-08-03 00:00:00.000000,2024-11-01 00:00:00.000000,departamento,ARRIENDO,
TT-2024-11-001548,toctoc,Las Condes,Metropolitana,30.95,UF,54.6,2024-10-25 00:00:00.000000,2024-11-08 00:00:00.000000,Departamento,arriendo,owner_direct
TT-2024-11-003027,toctoc,Ñuñoa,Metropolitana,30.54,UF,87.3,2024-11-10 00:00:00.000000,2024-11-15 00:00:00.000000,Departamento,ARRIENDO,owner_direct
TT-2024-11-001886,toctoc,Macul,Metropolitana,12.7,UF,33.5,2024-10-23 00:00:00.000000,2024-11-08 00:00:00.000000,departamento,ARRIENDO,agency
TT-2024-11-002720,toctoc,Quilicura,Metropolitana,555000.0,CLP,60.5,2024-10-24 00:00:00.000000,2024-11-15 00:00:00.000000,departamento,Arriendo,owner_direct
TT-2024-11-003280,toctoc,Lo Barnechea,Metropolitana,39.59,UF,112.4,2024-10-22 00:00:00.000000,2024-11-15 00:00:00.000000,DEPARTAMENTO,arriendo,owner_direct
TT-2024-11-004891,toctoc,Quilicura,Metropolitana,495000.0,CLP,51.6,2024-10-31 00:00:00.000000,2024-11-29 00:00:00.000000,departamento,ARRIENDO,agency
TT-2024-11-001281,toctoc,Santiago,Metropolitana,22.03,UF,70.6,2024-10-26 00:00:00.000000,2024-11-08 00:00:00.000000,DEPARTAMENTO,arriendo,owner_direct
TT-2024-11-003178,toctoc,Lo Barnechea,Metropolitana,33.51,UF,62.8,2024-10-22 00:00:00.000000,2024-11-15 00:00:00.000000,Departamento,arriendo,agency
TT-2024-11-003552,toctoc,Maipú,Metropolitana,13.78,UF,44.1,2024-10-24 00:00:00.000000,2024-11-22 00:00:00.000000,departamento,Arriendo,owner_direct
TT-2024-11-003949,toctoc,Puente Alto,Metropolitana,485000.0,CLP,52.0,2024-11-08 00:00:00.000000,2024-11-22 00:00:00.000000,DEPARTAMENTO,ARRIENDO,agency
TT-2024-11-000789,toctoc,Las Condes,Metropolitana,27.84,UF,59.3,2024-09-23 00:00:00.000000,2024-11-01 00:00:00.000000,DEPARTAMENTO,arriendo,owner_direct
TT-2024-11-000399,toctoc,Providencia,Metropolitana,945000.0,CLP,33.8,2024-10-25 00:00:00.000000,2024-11-01 00:00:00.000000,departamento,arriendo,agency
TT-2024-11-004966,toctoc,Macul,Metropolitana,565000.0,CLP,43.2,2024-11-08 00:00:00.000000,2024-11-29 00:00:00.000000,Departamento,ARRIENDO,agency
TT-2024-11-003590,toctoc,Quilicura,Metropolitana,13.11,UF,64.0,2024-10-26 00:00:00.000000,2024-11-22 00:00:00.000000,Departamento,ARRIENDO,agency
TT-2024-11-005347,toctoc,Ñuñoa,Metropolitana,545000.0,CLP,23.3,2024-08-03 00:00:00.000000,2024-11-29 00:00:00.000000,Departamento,arriendo,agency
TT-2024-11-005469,toctoc,Independencia,Metropolitana,14.73,UF,48.1,2024-11-05 00:00:00.000000,2024-11-29 00:00:00.000000,Departamento,Arriendo,owner_direct
TT-2024-11-000663,toctoc,Santiago,Metropolitana,800000.0,CLP,62.8,2024-10-24 00:00:00.000000,2024-11-01 00:00:00.000000,Departamento,arriendo,agency
TT-2024-11-003049,toctoc,San Miguel,Metropolitana,20.41,UF,51.4,2024-10-27 00:00:00.000000,2024-11-15 00:00:00.000000,DEPARTAMENTO,arriendo,agency
TT-2024-11-004793,toctoc,Macul,Metropolitana,460000.0,CLP,33.2,2024-10-27 00:00:00.000000,2024-11-29 00:00:00.000000,DEPARTAMENTO,Arriendo,owner_direct
TT-2024-11-004556,toctoc,Ñuñoa,Metropolitana,750000.0,CLP,42.2,2024-11-22 00:00:00.000000,2024-11-29 00:00:00.000000,Departamento,arriendo,agency
TT-2024-11-001234,toctoc,Vitacura,Metropolitana,1130000.0,CLP,40.2,2024-05-12 00:00:00.000000,2024-11-08 00:00:00.000000,Departamento,arriendo,owner_direct
TT-2024-11-004598,toctoc,Puente Alto,Metropolitana,9.05,UF,28.9,2024-11-17 00:00:00.000000,2024-11-29 00:00:00.000000,DEPARTAMENTO,ARRIENDO,agency
TT-2024-11-004545,toctoc,Macul,Metropolitana,25.14,UF,94.8,2024-11-06 00:00:00.000000,2024-11-29 00:00:00.000000,Departamento,ARRIENDO,owner_direct
TT-2024-11-004130,toctoc,Independencia,Metropolitana,550000.0,CLP,47.4,2024-11-13 00:00:00.000000,2024-11-22 00:00:00.000000,Departamento,Arriendo,owner_direct
TT-2024-11-000772,toctoc,Quinta Normal,Metropolitana,540000.0,CLP,60.5,2024-09-12 00:00:00.000000,2024-11-01 00:00:00.000000,departamento,Arriendo,agency
TT-2024-11-004867,toctoc,Cerrillos,Metropolitana,26.62,UF,117.1,2024-11-07 00:00:00.000000,2024-11-29 00:00:00.000000,DEPARTAMENTO,arriendo,agency
TT-2024-11-003910,toctoc,Cerrillos,Metropolitana,14.59,UF,49.2,2024-10-29 00:00:00.000000,2024-11-22 00:00:00.000000,Departamento,ARRIENDO,agency
TT-2024-11-000596,toctoc,Maipú,Metropolitana,13.11,UF,37.0,2024-10-04 00:00:00.000000,2024-11-01 00:00:00.000000,departamento,arriendo,agency
TT-2024-11-002696,toctoc,Recoleta,Metropolitana,635000.0,CLP,37.8,2024-10-25 00:00:00.000000,2024-11-15 00:00:00.000000,departamento,ARRIENDO,agency
TT-2024-11-000189,toctoc,Pudahuel,Metropolitana,14.32,UF,53.6,2024-10-15 00:00:00.000000,2024-11-01 00:00:00.000000,DEPARTAMENTO,ARRIENDO,agency
TT-2024-11-003711,toctoc,Santiago,Metropolitana,14.73,UF,30.2,2024-11-03 00:00:00.000000,2024-11-22 00:00:00.000000,Departamento,arriendo,agency
TT-2024-11-001681,toctoc,Estación Central,Metropolitana,360000.0,CLP,5.0,2024-08-21 00:00:00.000000,2024-11-08 00:00:00.000000,DEPARTAMENTO,ARRIENDO,agency
TT-2024-11-001284,toctoc,Las Condes,Metropolitana,26.76,UF,44.2,2024-10-26 00:00:00.000000,2024-11-08 00:00:00.000000,DEPARTAMENTO,arriendo,agency
TT-2024-11-005209,toctoc,Santiago,Metropolitana,490000.0,CLP,26.5,2024-07-18 00:00:00.000000,2024-11-29 00:00:00.000000,Departamento,Arriendo,agency
TT-2024-11-000066,toctoc,Peñalolén,Metropolitana,15.14,UF,39.1,2024-10-15 00:00:00.000000,2024-11-01 00:00:00.000000,departamento,ARRIENDO,agency
TT-2024-11-001294,toctoc,Peñalolén,Metropolitana,21.08,UF,69.7,2024-11-04 00:00:00.000000,2024-11-08 00:00:00.000000,departamento,arriendo,agency
TT-2024-11-005091,toctoc, Las Condes,Metropolitana,1170000.0,CLP,43.0,2024-11-21 00:00:00.000000,2024-11-29 00:00:00.000000,DEPARTAMENTO,ARRIENDO,owner_direct
TT-2024-11-002704,toctoc,Vitacura,Metropolitana,33.92,UF,59.5,2024-10-31 00:00:00.000000,2024-11-15 00:00:00.000000,departamento,ARRIENDO,owner_direct
TT-2024-11-000674,toctoc,La Cisterna,Metropolitana,660000.0,CLP,69.3,2024-09-13 00:00:00.000000,2024-11-01 00:00:00.000000,Departamento,arriendo,owner_direct
TT-2024-11-001518,toctoc,San Joaquín,Metropolitana,395000.0,CLP,46.4,2024-09-30 00:00:00.000000,2024-11-08 00:00:00.000000,departamento,Arriendo,owner_direct
TT-2024-11-000695,toctoc,Quinta Normal,Metropolitana,15.41,UF,41.3,2024-10-20 00:00:00.000000,2024-11-01 00:00:00.000000,Departamento,ARRIENDO,owner_direct
TT-2024-11-004778,toctoc,Recoleta,Metropolitana,16.76,UF,66.2,2024-10-02 00:00:00.000000,2024-11-29 00:00:00.000000,departamento,Arriendo,agency
TT-2024-11-000524,toctoc,Independencia,Metropolitana,16.08,UF,59.0,2024-10-21 00:00:00.000000,2024-11-01 00:00:00.000000,Departamento,Arriendo,agency
TT-2024-11-001742,toctoc,San Miguel,Metropolitana,14.19,UF,38.2,2024-09-14 00:00:00.000000,2024-11-08 00:00:00.000000,DEPARTAMENTO,ARRIENDO,agency
TT-2024-11-002106,toctoc,Peñalolén,Metropolitana,21.76,UF,82.9,2024-10-04 00:00:00.000000,2024-11-08 00:00:00.000000,departamento,Arriendo,owner_direct
TT-2024-11-003858,toctoc,La Florida,Metropolitana,495000.0,CLP,41.8,2024-11-15 00:00:00.000000,2024-11-22 00:00:00.000000,departamento,Arriendo,agency
TT-2024-11-001923,toctoc,Recoleta,Metropolitana,720000.0,CLP,86.8,2024-10-05 00:00:00.000000,2024-11-08 00:00:00.000000,Departamento,ARRIENDO,agency
TT-2024-11-000095,toctoc,Pudahuel,Metropolitana,20.95,UF,93.1,2024-09-24 00:00:00.000000,2024-11-01 00:00:00.000000,DEPARTAMENTO,ARRIENDO,agency
TT-2024-11-002964,toctoc,Macul,Metropolitana,520000.0,CLP,56.4,2024-09-03 00:00:00.000000,2024-11-15 00:00:00.000000,Departamento,arriendo,agency
TT-2024-11-003042,toctoc,Peñalolén,Metropolitana,15.68,UF,41.6,2024-09-15 00:00:00.000000,2024-11-15 00:00:00.000000,DEPARTAMENTO,arriendo,agency
TT-2024-11-004212,toctoc,Ñuñoa,Metropolitana,23.78,UF,56.9,2024-09-13 00:00:00.000000,2024-11-22 00:00:00.000000,DEPARTAMENTO,ARRIENDO,agency
TT-2024-11-001524,toctoc,Santiago,Metropolitana,20.54,UF,53.4,2024-09-26 00:00:00.000000,2024-11-08 00:00:00.000000,DEPARTAMENTO,arriendo,agency
TT-2024-11-001143,toctoc,Lo Barnechea,Metropolitana,870000.0,CLP,44.0,2024-10-12 00:00:00.000000,2024-11-01 00:00:00.000000,Departamento,ARRIENDO,owner_direct
TT-2024-11-001662,toctoc,Macul,Metropolitana,540000.0,CLP,50.1,2024-09-21 00:00:00.000000,2024-11-08 00:00:00.000000,DEPARTAMENTO,arriendo,agency
TT-2024-11-000787,toctoc,Macul,Metropolitana,815000.0,CLP,55.6,2024-10-20 00:00:00.000000,2024-11-01 00:00:00.000000,Departamento,arriendo,agency
TT-2024-11-002017,toctoc,Santiago,Metropolitana,675000.0,CLP,56.4,2024-09-20 00:00:00.000000,2024-11-08 00:00:00.000000,DEPARTAMENTO,ARRIENDO,agency
TT-2024-11-000314,toctoc,Santiago,Metropolitana,16.76,UF,54.9,2024-09-13 00:00:00.000000,2024-11-01 00:00:00.000000,DEPARTAMENTO,Arriendo,agency
TT-2024-11-000408,toctoc,Santiago,Metropolitana,710000.0,CLP,54.8,2024-10-11 00:00:00.000000,2024-11-01 00:00:00.000000,DEPARTAMENTO,Arriendo,agency
TT-2024-11-000705,toctoc,San Joaquín,Metropolitana,30.54,UF,148.0,2024-10-19 00:00:00.000000,2024-11-01 00:00:00.000000,DEPARTAMENTO,ARRIENDO,agency
TT-2024-11-004262,toctoc,Maipú,Metropolitana,13.51,UF,44.6,2024-10-06 00:00:00.000000,2024-11-22 00:00:00.000000,DEPARTAMENTO,Arriendo,owner_direct
TT-2024-11-000896,toctoc,La Florida,Metropolitana,2990000.0,CLP,79.0,2024-09-17 00:00:00.000000,2024-11-01 00:00:00.000000,Departamento,ARRIENDO,agency
TT-2024-11-001641,toctoc,La Florida,Metropolitana,640000.0,CLP,52.2,2024-08-20 00:00:00.000000,2024-11-08 00:00:00.000000,Departamento,ARRIENDO,owner_direct
TT-2024-11-003373,toctoc,Conchalí,Metropolitana,505000.0,CLP,47.9,2024-10-29 00:00:00.000000,2024-11-15 00:00:00.000000,Departamento,Arriendo,agency
TT-2024-11-003350,toctoc,Estación Central,Metropolitana,185.54,UF,65.8,2024-10-31 00:00:00.000000,2024-11-15 00:00:00.000000,departamento,Arriendo,owner_direct
TT-2024-11-003573,toctoc,Ñuñoa,Metropolitana,715000.0,CLP,30.6,2024-10-20 00:00:00.000000,2024-11-22 00:00:00.000000,departamento,Arriendo,owner_direct
TT-2024-11-004306,toctoc,Providencia,Metropolitana,960000.0,CLP,48.9,2024-10-30 00:00:00.000000,2024-11-29 00:00:00.000000,DEPARTAMENTO,arriendo,agency
TT-2024-11-003826,toctoc,Providencia,Metropolitana,975000.0,CLP,42.3,2024-10-26 00:00:00.000000,2024-11-22 00:00:00.000000,DEPARTAMENTO,ARRIENDO,owner_direct
TT-2024-11-005150,toctoc,Independencia,Metropolitana,23.92,UF,132.0,2024-11-06 00:00:00.000000,2024-11-29 00:00:00.000000,departamento,ARRIENDO,owner_direct
TT-2024-11-003680,toctoc,Quinta Normal,Metropolitana,18.65,UF,72.9,2024-11-14 00:00:00.000000,2024-11-22 00:00:00.000000,departamento,Arriendo,agency
TT-2024-11-002402,toctoc,Las Condes,Metropolitana,34.73,UF,82.4,2024-09-22 00:00:00.000000,2024-11-15 00:00:00.000000,Departamento,arriendo,owner_direct
TT-2024-11-001013,toctoc,Recoleta,Metropolitana,555000.0,CLP,59.9,2024-10-24 00:00:00.000000,2024-11-01 00:00:00.000000,DEPARTAMENTO,arriendo,owner_direct
TT-2024-11-003344,toctoc,Recoleta,Metropolitana,19.73,UF,64.8,2024-07-12 00:00:00.000000,2024-11-15 00:00:00.000000,DEPARTAMENTO,ARRIENDO,owner_direct
TT-2024-11-000537,toctoc,San Miguel,Metropolitana,15.95,UF,40.5,2024-10-14 00:00:00.000000,2024-11-01 00:00:00.000000,departamento,Arriendo,owner_direct
TT-2024-11-004834,toctoc,Ñuñoa,Metropolitana,590000.0,CLP,27.5,2024-11-21 00:00:00.000000,2024-11-29 00:00:00.000000,DEPARTAMENTO,arriendo,agency
TT-2024-11-002187,toctoc,Recoleta,Metropolitana,17.43,UF,61.7,2024-10-18 00:00:00.000000,2024-11-15 00:00:00.000000,DEPARTAMENTO,Arriendo,owner_direct
TT-2024-11-001077,toctoc,Santiago,Metropolitana,14.86,UF,47.4,2024-10-17 00:00:00.000000,2024-11-01 00:00:00.000000,Departamento,arriendo,agency
TT-2024-11-000539,toctoc,La Cisterna,Metropolitana,515000.0,CLP,43.9,2024-09-26 00:00:00.000000,2024-11-01 00:00:00.000000,Departamento,arriendo,agency
TT-2024-11-005008,toctoc,Estación Central,Metropolitana,750000.0,CLP,73.6,2024-11-02 00:00:00.000000,2024-11-29 00:00:00.000000,DEPARTAMENTO,ARRIENDO,agency
TT-2024-11-002288,toctoc,Maipú,Metropolitana,430000.0,CLP,40.2,2024-11-01 00:00:00.000000,2024-11-15 00:00:00.000000,Departamento,arriendo,agency
TT-2024-11-005482,toctoc,Providencia,Metropolitana,925000.0,CLP,42.8,2024-11-12 00:00:00.000000,2024-11-29 00:00:00.000000,Departamento,Arriendo,agency
TT-2024-11-002853,toctoc,Cerrillos,Metropolitana,600000.0,CLP,59.9,2024-09-23 00:00:00.000000,2024-11-15 00:00:00.000000,departamento,arriendo,agency
TT-2024-11-003327,toctoc,San Miguel,Metropolitana,9420000.0,CLP,109.8,2024-09-21 00:00:00.000000,2024-11-15 00:00:00.000000,DEPARTAMENTO,arriendo,owner_direct
TT-2024-11-001037,toctoc,Maipú,Metropolitana,13.78,UF,57.5,2024-09-11 00:00:00.000000,2024-11-01 00:00:00.000000,Departamento,ARRIENDO,agency
TT-2024-11-002716,toctoc,Santiago,Metropolitana,20.68,UF,60.9,2024-09-28 00:00:00.000000,2024-11-15 00:00:00.000000,departamento,Arriendo,agency
TT-2024-11-000339,toctoc,Huechuraba,Metropolitana,17.7,UF,50.0,2024-07-20 00:00:00.000000,2024-11-01 00:00:00.000000,departamento,arriendo,agency
TT-2024-11-001817,toctoc,Ñuñoa,Metropolitana,700000.0,CLP,53.8,2024-10-12 00:00:00.000000,2024-11-08 00:00:00.000000,DEPARTAMENTO,arriendo,agency
TT-2024-11-000291,toctoc,Estación Central,Metropolitana,600000.0,CLP,72.2,2024-10-16 00:00:00.000000,2024-11-01 00:00:00.000000,Departamento,arriendo,owner_direct
TT-2024-11-005277,toctoc,Providencia,Metropolitana,1170000.0,CLP,70.2,2024-11-03 00:00:00.000000,2024-11-29 00:00:00.000000,DEPARTAMENTO,ARRIENDO,agency
TT-2024-11-005483,toctoc,Santiago,Metropolitana,24.19,UF,75.2,2024-10-25 00:00:00.000000,2024-11-29 00:00:00.000000,Departamento,Arriendo,agency
TT-2024-11-002174,toctoc,San Joaquín,Metropolitana,22.16,UF,72.7,2024-11-04 00:00:00.000000,2024-11-15 00:00:00.000000,departamento,Arriendo,owner_direct
TT-2024-11-002774,toctoc,La Reina,Metropolitana,44.86,UF,103.9,2024-10-26 00:00:00.000000,2024-11-15 00:00:00.000000,DEPARTAMENTO,Arriendo,agency
TT-2024-11-003720,toctoc,Quinta Normal,Metropolitana,12.57,UF,34.1,2024-10-31 00:00:00.000000,2024-11-22 00:00:00.000000,DEPARTAMENTO,Arriendo,agency
TT-2024-11-004179,toctoc,Independencia,Metropolitana,18.65,UF,61.7,2024-11-10 00:00:00.000000,2024-11-22 00:00:00.000000,departamento,Arriendo,owner_direct
TT-2024-11-001350,toctoc, Las Condes,Metropolitana,30.0,UF,57.1,2024-04-20 00:00:00.000000,2024-11-08 00:00:00.000000,departamento,ARRIENDO,agency
TT-2024-11-002102,toctoc,Las Condes,Metropolitana,21.49,UF,41.6,2024-09-30 00:00:00.000000,2024-11-08 00:00:00.000000,Departamento,arriendo,agency
TT-2024-11-001212,toctoc,La Florida,Metropolitana,950000.0,CLP,120.5,2024-07-05 00:00:00.000000,2024-11-01 00:00:00.000000,departamento,ARRIENDO,agency
TT-2024-11-003926,toctoc,Providencia,Metropolitana,690000.0,CLP,31.5,2024-11-04 00:00:00.000000,2024-11-22 00:00:00.000000,Departamento,Arriendo,agency
TT-2024-11-000741,toctoc,Vitacura,Metropolitana,45.27,UF,93.1,2024-06-13 00:00:00.000000,2024-11-01 00:00:00.000000,DEPARTAMENTO,ARRIENDO,agency
TT-2024-11-002487,toctoc,Providencia,Metropolitana,31.89,UF,64.8,2024-10-15 00:00:00.000000,2024-11-15 00:00:00.000000,DEPARTAMENTO,ARRIENDO,agency
TT-2024-11-002669,toctoc, Macul,Metropolitana,700000.0,CLP,64.0,2024-10-16 00:00:00.000000,2024-11-15 00:00:00.000000,DEPARTAMENTO,arriendo,agency
TT-2024-11-002811,toctoc,Independencia,Metropolitana,11.89,UF,44.0,2024-10-28 00:00:00.000000,2024-11-15 00:00:00.000000,departamento,Arriendo,agency
TT-2024-11-000744,toctoc,Las Condes,Metropolitana,27.43,UF,56.3,2024-09-20 00:00:00.000000,2024-11-01 00:00:00.000000,departamento,ARRIENDO,agency
TT-2024-11-003224,toctoc,Providencia,Metropolitana,28.78,UF,46.8,2024-11-02 00:00:00.000000,2024-11-15 00:00:00.000000,Departamento,arriendo,agency
TT-2024-11-000828,toctoc,Providencia,Metropolitana,23.24,UF,50.2,2024-10-21 00:00:00.000000,2024-11-01 00:00:00.000000,departamento,Arriendo,owner_direct
TT-2024-11-000010,toctoc,Pudahuel,Metropolitana,455000.0,CLP,47.9,2024-10-12 00:00:00.000000,2024-11-01 00:00:00.000000,DEPARTAMENTO,ARRIENDO,agency
TT-2024-11-000096,toctoc,Las Condes,Metropolitana,28.11,UF,51.8,2024-10-19 00:00:00.000000,2024-11-01 00:00:00.000000,DEPARTAMENTO,Arriendo,agency
TT-2024-11-000934,toctoc,Recoleta ,Metropolitana,450000.0,CLP,27.3,2024-10-21 00:00:00.000000,2024-11-01 00:00:00.000000,DEPARTAMENTO,ARRIENDO,agency
TT-2024-11-000405,toctoc,Providencia,Metropolitana,705000.0,CLP,45.9,2024-05-03 00:00:00.000000,2024-11-01 00:00:00.000000,DEPARTAMENTO,ARRIENDO,agency
TT-2024-11-005474,toctoc,San Joaquín,Metropolitana,540000.0,CLP,46.0,2024-06-11 00:00:00.000000,2024-11-29 00:00:00.000000,DEPARTAMENTO,ARRIENDO,agency
TT-2024-11-004414,toctoc,San Miguel,Metropolitana,750000.0,CLP,61.6,2024-11-25 00:00:00.000000,2024-11-29 00:00:00.000000,DEPARTAMENTO,arriendo,agency
TT-2024-11-004688,toctoc,Macul,Metropolitana,685000.0,CLP,55.1,2024-11-17 00:00:00.000000,2024-11-29 00:00:00.000000,Departamento,Arriendo,agency
TT-2024-11-001935,toctoc,La Cisterna,Metropolitana,14.19,UF,57.1,2024-10-03 00:00:00.000000,2024-11-08 00:00:00.000000,DEPARTAMENTO,arriendo,owner_direct
TT-2024-11-001880,toctoc,Ñuñoa,Metropolitana,18.38,UF,32.2,2024-11-07 00:00:00.000000,2024-11-08 00:00:00.000000,DEPARTAMENTO,Arriendo,agency
TT-2024-11-001007,toctoc,Independencia,Metropolitana,15.27,UF,49.8,2024-10-10 00:00:00.000000,2024-11-01 00:00:00.000000,departamento,Arriendo,owner_direct
TT-2024-11-000139,toctoc,Ñuñoa,Metropolitana,22.03,UF,63.3,2024-09-03 00:00:00.000000,2024-11-01 00:00:00.000000,DEPARTAMENTO,arriendo,
TT-2024-11-002878,toctoc,Recoleta,Metropolitana,11.76,UF,42.0,2024-09-30 00:00:00.000000,2024-11-15 00:00:00.000000,departamento,arriendo,owner_direct
TT-2024-11-002961,toctoc,Ñuñoa,Metropolitana,1215000.0,CLP,96.3,2024-11-11 00:00:00.000000,2024-11-15 00:00:00.000000,departamento,ARRIENDO,agency
TT-2024-11-004474,toctoc,Las Condes,Metropolitana,1115000.0,CLP,52.5,2024-11-11 00:00:00.000000,2024-11-29 00:00:00.000000,DEPARTAMENTO,ARRIENDO,agency
TT-2024-11-004149,toctoc,Recoleta ,Metropolitana,18.24,UF,64.9,2024-10-10 00:00:00.000000,2024-11-22 00:00:00.000000,departamento,Arriendo,agency
TT-2024-11-001208,toctoc,Providencia,Metropolitana,21.49,UF,33.2,2024-10-16 00:00:00.000000,2024-11-01 00:00:00.000000,departamento,Arriendo,agency
TT-2024-11-002138,toctoc,Santiago,Metropolitana,16.08,UF,52.5,2024-09-26 00:00:00.000000,2024-11-08 00:00:00.000000,Departamento,ARRIENDO,owner_direct
TT-2024-11-000264,toctoc,San Miguel,Metropolitana,540000.0,CLP,54.2,2024-10-13 00:00:00.000000,2024-11-01 00:00:00.000000,DEPARTAMENTO,arriendo,agency
TT-2024-11-002040,toctoc,La Cisterna,Metropolitana,17.16,UF,63.4,2024-09-05 00:00:00.000000,2024-11-08 00:00:00.000000,departamento,arriendo,owner_direct
TT-2024-11-000152,toctoc,Santiago,Metropolitana,435000.0,CLP,28.4,2024-10-26 00:00:00.000000,2024-11-01 00:00:00.000000,departamento,arriendo,owner_direct
TT-2024-11-003453,toctoc,Estación Central,Metropolitana,20.68,UF,86.0,2024-11-14 00:00:00.000000,2024-11-22 00:00:00.000000,Departamento,ARRIENDO,owner_direct
TT-2024-11-003123,toctoc,Macul,Metropolitana,545000.0,CLP,48.4,2024-10-30 00:00:00.000000,2024-11-15 00:00:00.000000,DEPARTAMENTO,ARRIENDO,agency
TT-2024-11-001128,toctoc,La Florida,Metropolitana,14.05,UF,48.7,2024-10-19 00:00:00.000000,2024-11-01 00:00:00.000000,departamento,ARRIENDO,owner_direct
TT-2024-11-003104,toctoc,Estación Central,Metropolitana,15.68,UF,63.4,2024-10-30 00:00:00.000000,2024-11-15 00:00:00.000000,Departamento,ARRIENDO,agency
TT-2024-11-005197,toctoc,La Florida,Metropolitana,13.78,UF,39.2,2024-11-23 00:00:00.000000,2024-11-29 00:00:00.000000,DEPARTAMENTO,arriendo,agency
TT-2024-11-004483,toctoc,Santiago,Metropolitana,715000.0,CLP,74.5,2024-09-19 00:00:00.000000,2024-11-29 00:00:00.000000,DEPARTAMENTO,arriendo,owner_direct
TT-2024-11-003393,toctoc,Lo Barnechea,Metropolitana,955000.0,CLP,57.8,2024-11-17 00:00:00.000000,2024-11-22 00:00:00.000000,DEPARTAMENTO,Arriendo,owner_direct
TT-2024-11-005286,toctoc,Providencia,Metropolitana,1225000.0,CLP,85.7,2024-10-24 00:00:00.000000,2024-11-29 00:00:00.000000,departamento,arriendo,agency
TT-2024-11-003528,toctoc, La Florida,Metropolitana,565000.0,CLP,50.7,2024-10-03 00:00:00.000000,2024-11-22 00:00:00.000000,departamento,Arriendo,owner_direct
TT-2024-11-003276,toctoc,Santiago,Metropolitana,14.59,UF,33.0,2024-10-31 00:00:00.000000,2024-11-15 00:00:00.000000,Departamento,ARRIENDO,owner_direct
TT-2024-11-002752,toctoc,Maipú,Metropolitana,9.05,UF,49.1,2024-11-05 00:00:00.000000,2024-11-15 00:00:00.000000,Departamento,ARRIENDO,agency
TT-2024-11-001216,toctoc,Peñalolén,Metropolitana,525000.0,CLP,43.5,2024-10-31 00:00:00.000000,2024-11-08 00:00:00.000000,DEPARTAMENTO,arriendo,agency
TT-2024-11-003478,toctoc,Providencia,Metropolitana,24.86,UF,46.0,2024-10-05 00:00:00.000000,2024-11-22 00:00:00.000000,departamento,arriendo,agency
TT-2024-11-002651,toctoc,Conchalí,Metropolitana,315000.0,CLP,28.4,2024-10-20 00:00:00.000000,2024-11-15 00:00:00.000000,Departamento,ARRIENDO,owner_direct
TT-2024-11-000745,toctoc,Macul,Metropolitana,15.54,UF,39.3,2024-10-19 00:00:00.000000,2024-11-01 00:00:00.000000,departamento,Arriendo,owner_direct
TT-2024-11-004885,toctoc,Vitacura,Metropolitana,28.51,UF,52.1,2024-06-26 00:00:00.000000,2024-11-29 00:00:00.000000,Departamento,Arriendo,owner_direct
TT-2024-11-003940,toctoc,Las Condes,Metropolitana,23.38,UF,37.6,2024-10-22 00:00:00.000000,2024-11-22 00:00:00.000000,DEPARTAMENTO,Arriendo,agency
TT-2024-11-005191,toctoc,Conchalí,Metropolitana,355000.0,CLP,33.9,2024-11-03 00:00:00.000000,2024-11-29 00:00:00.000000,departamento,Arriendo,agency
TT-2024-11-005338,toctoc,Ñuñoa,Metropolitana,18.65,UF,33.1,2024-11-14 00:00:00.000000,2024-11-29 00:00:00.000000,DEPARTAMENTO,Arriendo,agency
TT-2024-11-001393,toctoc,Puente Alto,Metropolitana,13.38,UF,44.7,2024-10-31 00:00:00.000000,2024-11-08 00:00:00.000000,departamento,Arriendo,agency
TT-2024-11-004715,toctoc,Macul,Metropolitana,730000.0,CLP,51.7,2024-11-03 00:00:00.000000,2024-11-29 00:00:00.000000,DEPARTAMENTO,ARRIENDO,owner_direct
TT-2024-11-002491,toctoc,Independencia,Metropolitana,420000.0,CLP,23.0,2024-10-22 00:00:00.000000,2024-11-15 00:00:00.000000,departamento,arriendo,owner_direct
TT-2024-11-000511,toctoc,Macul,Metropolitana,27.84,UF,109.4,2024-10-20 00:00:00.000000,2024-11-01 00:00:00.000000,Departamento,arriendo,owner_direct
TT-2024-11-002951,toctoc,Santiago,Metropolitana,645000.0,CLP,53.1,2024-11-09 00:00:00.000000,2024-11-15 00:00:00.000000,Departamento,arriendo,agency
TT-2024-11-005291,toctoc,La Florida,Metropolitana,12.7,UF,34.7,2024-11-24 00:00:00.000000,2024-11-29 00:00:00.000000,departamento,ARRIENDO,agency
TT-2024-11-002814,toctoc,Macul,Metropolitana,13.78,UF,37.6,2024-10-25 00:00:00.000000,2024-11-15 00:00:00.000000,DEPARTAMENTO,arriendo,owner_direct
TT-2024-11-002007,toctoc,Quinta Normal,Metropolitana,10.41,UF,32.0,2024-10-19 00:00:00.000000,2024-11-08 00:00:00.000000,departamento,arriendo,owner_direct
TT-2024-11-004760,toctoc,La Florida,Metropolitana,11.62,UF,25.5,2024-11-22 00:00:00.000000,2024-11-29 00:00:00.000000,DEPARTAMENTO,Arriendo,agency
TT-2024-11-000245,toctoc,Santiago,Metropolitana,715000.0,CLP,58.4,2024-10-28 00:00:00.000000,2024-11-01 00:00:00.000000,Departamento,ARRIENDO,agency
TT-2024-11-002517,toctoc,San Miguel,Metropolitana,620000.0,CLP,49.5,2024-09-26 00:00:00.000000,2024-11-15 00:00:00.000000,DEPARTAMENTO,Arriendo,agency
TT-2024-11-004493,toctoc,Vitacura,Metropolitana,30.95,UF,41.8,2024-11-16 00:00:00.000000,2024-11-29 00:00:00.000000,departamento,arriendo,agency
TT-2024-11-005479,toctoc,Santiago,Metropolitana,625000.0,CLP,37.6,2024-11-14 00:00:00.000000,2024-11-29 00:00:00.000000,departamento,ARRIENDO,owner_direct
TT-2024-11-004804,toctoc,Huechuraba,Metropolitana,495000.0,CLP,34.9,2024-11-13 00:00:00.000000,2024-11-29 00:00:00.000000,departamento,ARRIENDO,agency
TT-2024-11-004559,toctoc,Ñuñoa,Metropolitana,20.41,UF,34.7,2024-04-20 00:00:00.000000,2024-11-29 00:00:00.000000,Departamento,arriendo,
TT-2024-11-003440,toctoc,Ñuñoa,Metropolitana,750000.0,CLP,54.1,2024-11-17 00:00:00.000000,2024-11-22 00:00:00.000000,Departamento,arriendo,agency
TT-2024-11-004500,toctoc,San Miguel,Metropolitana,15.0,UF,44.1,2024-10-15 00:00:00.000000,2024-11-29 00:00:00.000000,departamento,Arriendo,owner_direct
TT-2024-11-004394,toctoc,Maipú,Metropolitana,705000.0,CLP,95.3,2024-09-12 00:00:00.000000,2024-11-29 00:00:00.000000,DEPARTAMENTO,arriendo,agency
TT-2024-11-002646,toctoc,Lo Barnechea,Metropolitana,27.84,UF,66.5,2024-06-07 00:00:00.000000,2024-11-15 00:00:00.000000,departamento,ARRIENDO,agency
TT-2024-11-004507,toctoc,Las Condes,Metropolitana,1355000.0,CLP,64.4,2024-11-18 00:00:00.000000,2024-11-29 00:00:00.000000,Departamento,ARRIENDO,agency
TT-2024-11-001901,toctoc,Las Condes,Metropolitana,1435000.0,CLP,81.9,2024-10-21 00:00:00.000000,2024-11-08 00:00:00.000000,Departamento,Arriendo,agency
TT-2024-11-005419,toctoc,Independencia,Metropolitana,570000.0,CLP,52.7,2024-10-30 00:00:00.000000,2024-11-29 00:00:00.000000,DEPARTAMENTO,arriendo,agency
TT-2024-11-003636,toctoc,San Miguel,Metropolitana,555000.0,CLP,30.4,2024-10-27 00:00:00.000000,2024-11-22 00:00:00.000000,Departamento,ARRIENDO,owner_direct
TT-2024-11-004319,toctoc,Estación Central,Metropolitana,700000.0,CLP,77.1,2024-11-01 00:00:00.000000,2024-11-29 00:00:00.000000,Departamento,ARRIENDO,agency
TT-2024-11-004361,toctoc,Quinta Normal ,Metropolitana,15.41,UF,42.8,2024-11-04 00:00:00.000000,2024-11-29 00:00:00.000000,DEPARTAMENTO,ARRIENDO,agency
TT-2024-11-001868,toctoc,Las Condes,Metropolitana,30.27,UF,52.3,2024-10-16 00:00:00.000000,2024-11-08 00:00:00.000000,DEPARTAMENTO,Arriendo,owner_direct
TT-2024-11-002046,toctoc,San Joaquín,Metropolitana,515000.0,CLP,59.0,2024-10-19 00:00:00.000000,2024-11-08 00:00:00.000000,Departamento,ARRIENDO,owner_direct
TT-2024-11-002930,toctoc,Estación Central,Metropolitana,535000.0,CLP,45.0,2024-11-04 00:00:00.000000,2024-11-15 00:00:00.000000,Departamento,ARRIENDO,owner_direct
TT-2024-11-003233,toctoc,La Florida,Metropolitana,780000.0,CLP,87.9,2024-11-05 00:00:00.000000,2024-11-15 00:00:00.000000,Departamento,ARRIENDO,agency
TT-2024-11-004256,toctoc,Huechuraba,Metropolitana,19.05,UF,51.1,2024-11-06 00:00:00.000000,2024-11-22 00:00:00.000000,DEPARTAMENTO,arriendo,owner_direct
TT-2024-11-004962,toctoc,La Cisterna,Metropolitana,690000.0,CLP,63.8,2024-11-25 00:00:00.000000,2024-11-29 00:00:00.000000,departamento,arriendo,agency
TT-2024-11-005220,toctoc,San Miguel,Metropolitana,595000.0,CLP,46.6,2024-11-21 00:00:00.000000,2024-11-29 00:00:00.000000,departamento,arriendo,agency
TT-2024-11-004031,toctoc,Santiago,Metropolitana,13.11,UF,35.8,2024-10-22 00:00:00.000000,2024-11-22 00:00:00.000000,Departamento,arriendo,agency
TT-2024-11-002978,toctoc,Recoleta,Metropolitana,14.32,UF,48.3,2024-10-26 00:00:00.000000,2024-11-15 00:00:00.000000,departamento,arriendo,agency
TT-2024-11-004923,toctoc,Estación Central,Metropolitana,21.89,UF,86.9,2024-10-31 00:00:00.000000,2024-11-29 00:00:00.000000,Departamento,Arriendo,owner_direct
TT-2024-11-000075,toctoc,Quinta Normal,Metropolitana,515000.0,CLP,50.2,2024-09-28 00:00:00.000000,2024-11-01 00:00:00.000000,departamento,ARRIENDO,agency
TT-2024-11-001588,toctoc,Santiago,Metropolitana,19.59,UF,61.9,2024-11-05 00:00:00.000000,2024-11-08 00:00:00.000000,Departamento,ARRIENDO,agency
TT-2024-11-001966,toctoc,Conchalí,Metropolitana,565000.0,CLP,49.7,2024-10-12 00:00:00.000000,2024-11-08 00:00:00.000000,departamento,ARRIENDO,agency
TT-2024-11-004466,toctoc,San Miguel,Metropolitana,20.27,UF,71.3,2024-11-03 00:00:00.000000,2024-11-29 00:00:00.000000,Departamento,arriendo,agency
TT-2024-11-004803,toctoc,Peñalolén,Metropolitana,19.05,UF,59.0,2024-11-13 00:00:00.000000,2024-11-29 00:00:00.000000,Departamento,ARRIENDO,owner_direct
TT-2024-11-002928,toctoc,Santiago,Metropolitana,750000.0,CLP,63.7,2024-10-11 00:00:00.000000,2024-11-15 00:00:00.000000,DEPARTAMENTO,Arriendo,agency
TT-2024-11-002686,toctoc,Las Condes,Metropolitana,26.35,UF,38.9,2024-07-20 00:00:00.000000,2024-11-15 00:00:00.000000,departamento,Arriendo,agency
TT-2024-11-000043,toctoc,Pudahuel,Metropolitana,600000.0,CLP,66.1,2024-09-12 00:00:00.000000,2024-11-01 00:00:00.000000,departamento,arriendo,
TT-2024-11-003578,toctoc,Santiago,Metropolitana,635000.0,CLP,51.6,2024-11-09 00:00:00.000000,2024-11-22 00:00:00.000000,departamento,Arriendo,agency
TT-2024-11-000418,toctoc,Santiago,Metropolitana,15.54,UF,49.9,2024-10-09 00:00:00.000000,2024-11-01 00:00:00.000000,Departamento,ARRIENDO,agency
TT-2024-11-004640,toctoc,Huechuraba,Metropolitana,14.73,UF,38.1,2024-09-18 00:00:00.000000,2024-11-29 00:00:00.000000,departamento,arriendo,agency
TT-2024-11-000289,toctoc,Vitacura,Metropolitana,970000.0,CLP,46.3,2024-10-25 00:00:00.000000,2024-11-01 00:00:00.000000,Departamento,ARRIENDO,agency
TT-2024-11-000280,toctoc,Macul,Metropolitana,12.03,UF,35.8,2024-10-23 00:00:00.000000,2024-11-01 00:00:00.000000,DEPARTAMENTO,Arriendo,agency
TT-2024-11-003247,toctoc,Estación Central,Metropolitana,15.68,UF,61.5,2024-11-03 00:00:00.000000,2024-11-15 00:00:00.000000,departamento,arriendo,owner_direct
TT-2024-11-001955,toctoc,Santiago,Metropolitana,820000.0,CLP,78.8,2024-09-21 00:00:00.000000,2024-11-08 00:00:00.000000,DEPARTAMENTO,arriendo,agency
TT-2024-11-001661,toctoc,Recoleta,Metropolitana,13.65,UF,49.1,2024-10-14 00:00:00.000000,2024-11-08 00:00:00.000000,departamento,Arriendo,agency
TT-2024-11-003621,toctoc,la florida,Metropolitana,470000.0,CLP,37.1,2024-11-18 00:00:00.000000,2024-11-22 00:00:00.000000,departamento,ARRIENDO,agency
TT-2024-11-001093,toctoc,Las Condes,Metropolitana,32.43,UF,67.0,2024-10-18 00:00:00.000000,2024-11-01 00:00:00.000000,Departamento,Arriendo,agency
TT-2024-11-003615,toctoc,Estación Central,Metropolitana,365000.0,CLP,23.5,2024-11-08 00:00:00.000000,2024-11-22 00:00:00.000000,DEPARTAMENTO,arriendo,agency
TT-2024-11-001522,toctoc, Ñuñoa,Metropolitana,970000.0,CLP,65.7,2024-10-08 00:00:00.000000,2024-11-08 00:00:00.000000,Departamento,ARRIENDO,agency
TT-2024-11-003338,toctoc,Quinta Normal,Metropolitana,590000.0,CLP,68.1,2024-10-24 00:00:00.000000,2024-11-15 00:00:00.000000,Departamento,arriendo,agency
TT-2024-11-001728,toctoc,Recoleta,Metropolitana,11.76,UF,31.5,2024-10-27 00:00:00.000000,2024-11-08 00:00:00.000000,departamento,Arriendo,owner_direct
TT-2024-11-001986,toctoc,Las Condes,Metropolitana,26.49,UF,38.0,2024-09-30 00:00:00.000000,2024-11-08 00:00:00.000000,Departamento,arriendo,agency
TT-2024-11-005352,toctoc,Ñuñoa,Metropolitana,28.24,UF,74.3,2024-11-14 00:00:00.000000,2024-11-29 00:00:00.000000,DEPARTAMENTO,ARRIENDO,agency
TT-2024-11-002849,toctoc,Santiago,Metropolitana,1145000.0,CLP,111.4,2024-06-09 00:00:00.000000,2024-11-15 00:00:00.000000,DEPARTAMENTO,Arriendo,owner_direct
TT-2024-11-000447,toctoc,Macul,Metropolitana,820000.0,CLP,81.5,2024-09-19 00:00:00.000000,2024-11-01 00:00:00.000000,DEPARTAMENTO,Arriendo,agency
TT-2024-11-002629,toctoc,La Florida,Metropolitana,29.86,UF,94.1,2024-10-13 00:00:00.000000,2024-11-15 00:00:00.000000,DEPARTAMENTO,arriendo,agency
TT-2024-11-000747,toctoc,independencia,Metropolitana,705000.0,CLP,66.1,2024-10-04 00:00:00.000000,2024-11-01 00:00:00.000000,Departamento,arriendo,owner_direct
TT-2024-11-004645,toctoc,La Reina,Metropolitana,775000.0,CLP,47.1,2024-09-05 00:00:00.000000,2024-11-29 00:00:00.000000,DEPARTAMENTO,Arriendo,owner_direct
TT-2024-11-000746,toctoc,Providencia,Metropolitana,1045000.0,CLP,51.1,2024-09-06 00:00:00.000000,2024-11-01 00:00:00.000000,DEPARTAMENTO,Arriendo,agency
TT-2024-11-002018,toctoc,Independencia,Metropolitana,575000.0,CLP,56.5,2024-10-21 00:00:00.000000,2024-11-08 00:00:00.000000,Departamento,arriendo,owner_direct
TT-2024-11-001226,toctoc,Estación Central,Metropolitana,16.89,UF,62.0,2024-10-28 00:00:00.000000,2024-11-08 00:00:00.000000,departamento,ARRIENDO,agency
TT-2024-11-003866,toctoc,Maipú,Metropolitana,16.35,UF,64.5,2024-11-18 00:00:00.000000,2024-11-22 00:00:00.000000,DEPARTAMENTO,arriendo,owner_direct
TT-2024-11-003303,toctoc,Macul,Metropolitana,905000.0,CLP,80.1,2024-11-03 00:00:00.000000,2024-11-15 00:00:00.000000,DEPARTAMENTO,ARRIENDO,owner_direct
TT-2024-11-002672,toctoc,providencia,Metropolitana,1490000.0,CLP,101.5,2024-10-31 00:00:00.000000,2024-11-15 00:00:00.000000,departamento,Arriendo,agency
TT-2024-11-005261,toctoc,Conchalí,Metropolitana,13.65,UF,47.5,2024-11-19 00:00:00.000000,2024-11-29 00:00:00.000000,DEPARTAMENTO,arriendo,owner_direct
TT-2024-11-004327,toctoc,La Florida,Metropolitana,19.05,UF,58.6,2024-11-07 00:00:00.000000,2024-11-29 00:00:00.000000,Departamento,Arriendo,agency
TT-2024-11-000507,toctoc,Vitacura,Metropolitana,33.38,UF,46.9,2024-10-07 00:00:00.000000,2024-11-01 00:00:00.000000,departamento,arriendo,agency
TT-2024-11-001943,toctoc,Ñuñoa,Metropolitana,8120000.0,CLP,60.1,2024-09-25 00:00:00.000000,2024-11-08 00:00:00.000000,DEPARTAMENTO,arriendo,agency
TT-2024-11-000363,toctoc,Recoleta,Metropolitana,32.43,UF,124.6,2024-10-09 00:00:00.000000,2024-11-01 00:00:00.000000,departamento,ARRIENDO,agency
TT-2024-11-001183,toctoc,Lo Barnechea,Metropolitana,37.84,UF,86.0,2024-10-15 00:00:00.000000,2024-11-01 00:00:00.000000,departamento,ARRIENDO,owner_direct
TT-2024-11-004499,toctoc,Ñuñoa,Metropolitana,23.65,UF,65.2,2024-11-21 00:00:00.000000,2024-11-29 00:00:00.000000,DEPARTAMENTO,arriendo,agency
TT-2024-11-004033,toctoc,Estación Central,Metropolitana,13.38,UF,40.9,2024-10-25 00:00:00.000000,2024-11-22 00:00:00.000000,DEPARTAMENTO,Arriendo,agency
TT-2024-11-003737,toctoc,Maipú,Metropolitana,11.22,UF,32.9,2024-10-23 00:00:00.000000,2024-11-22 00:00:00.000000,Departamento,Arriendo,agency
TT-2024-11-002667,toctoc,La Florida,Metropolitana,735000.0,CLP,66.3,2024-11-08 00:00:00.000000,2024-11-15 00:00:00.000000,DEPARTAMENTO,arriendo,agency
TT-2024-11-001866,toctoc,Maipú,Metropolitana,620000.0,CLP,63.1,2024-09-21 00:00:00.000000,2024-11-08 00:00:00.000000,Departamento,arriendo,owner_direct
TT-2024-11-000868,toctoc,Estación Central,Metropolitana,15.0,UF,55.0,2024-10-10 00:00:00.000000,2024-11-01 00:00:00.000000,Departamento,arriendo,agency
TT-2024-11-001690,toctoc,Quinta Normal,Metropolitana,16.08,UF,60.0,2024-09-03 00:00:00.000000,2024-11-08 00:00:00.000000,Departamento,Arriendo,owner_direct
TT-2024-11-001399,toctoc,Ñuñoa,Metropolitana,19.19,UF,33.9,2024-10-15 00:00:00.000000,2024-11-08 00:00:00.000000,Departamento,arriendo,agency
TT-2024-11-005151,toctoc,La Reina,Metropolitana,855000.0,CLP,47.8,2024-10-17 00:00:00.000000,2024-11-29 00:00:00.000000,departamento,Arriendo,owner_direct
TT-2024-11-000100,toctoc,Las Condes,Metropolitana,17.57,UF,29.1,2024-10-05 00:00:00.000000,2024-11-01 00:00:00.000000,departamento,Arriendo,owner_direct
TT-2024-11-001764,toctoc,San Miguel,Metropolitana,570000.0,CLP,38.2,2024-11-02 00:00:00.000000,2024-11-08 00:00:00.000000,departamento,Arriendo,owner_direct
TT-2024-11-002229,toctoc,Lo Barnechea,Metropolitana,725000.0,CLP,30.6,2024-10-25 00:00:00.000000,2024-11-15 00:00:00.000000,Departamento,ARRIENDO,owner_direct
TT-2024-11-001835,toctoc,Estación Central,Metropolitana,12.97,UF,41.3,2024-05-15 00:00:00.000000,2024-11-08 00:00:00.000000,Departamento,Arriendo,agency
TT-2024-11-004798,toctoc,Huechuraba,Metropolitana,18.65,UF,51.9,2024-11-05 00:00:00.000000,2024-11-29 00:00:00.000000,DEPARTAMENTO,ARRIENDO,owner_direct
TT-2024-11-000137,toctoc,Independencia,Metropolitana,14.86,UF,51.6,2024-04-09 00:00:00.000000,2024-11-01 00:00:00.000000,departamento,ARRIENDO,agency
TT-2024-11-000890,toctoc,Estación Central,Metropolitana,12.3,UF,33.0,2024-10-18 00:00:00.000000,2024-11-01 00:00:00.000000,Departamento,Arriendo,agency
TT-2024-11-000765,toctoc,Las Condes,Metropolitana,22.3,UF,24.3,2024-03-30 00:00:00.000000,2024-11-01 00:00:00.000000,departamento,ARRIENDO,owner_direct
TT-2024-11-005082,toctoc,Santiago,Metropolitana,575000.0,CLP,43.3,2024-11-09 00:00:00.000000,2024-11-29 00:00:00.000000,Departamento,Arriendo,agency
TT-2024-11-003888,toctoc,Lo Barnechea,Metropolitana,695000.0,CLP,32.8,2024-10-11 00:00:00.000000,2024-11-22 00:00:00.000000,departamento,Arriendo,agency
TT-2024-11-004921,toctoc,Santiago,Metropolitana,25.81,UF,88.0,2024-11-24 00:00:00.000000,2024-11-29 00:00:00.000000,departamento,Arriendo,agency
TT-2024-11-002317,toctoc,San Miguel,Metropolitana,645000.0,CLP,69.1,2024-10-12 00:00:00.000000,2024-11-15 00:00:00.000000,Departamento,arriendo,agency
TT-2024-11-002997,toctoc,Santiago,Metropolitana,530000.0,CLP,29.3,2024-11-01 00:00:00.000000,2024-11-15 00:00:00.000000,Departamento,arriendo,owner_direct
TT-2024-11-002239,toctoc,Las Condes,Metropolitana,945000.0,CLP,42.0,2024-10-03 00:00:00.000000,2024-11-15 00:00:00.000000,DEPARTAMENTO,ARRIENDO,owner_direct
TT-2024-11-001942,toctoc,La Reina,Metropolitana,25.81,UF,56.3,2024-03-22 00:00:00.000000,2024-11-08 00:00:00.000000,departamento,arriendo,agency
TT-2024-11-000760,toctoc,Maipú,Metropolitana,22.3,UF,124.2,2024-10-16 00:00:00.000000,2024-11-01 00:00:00.000000,departamento,arriendo,agency
TT-2024-11-001962,toctoc,Vitacura,Metropolitana,46.89,UF,58.9,2024-11-03 00:00:00.000000,2024-11-08 00:00:00.000000,departamento,ARRIENDO,agency
TT-2024-11-002621,toctoc,santiago,Metropolitana,590000.0,CLP,40.6,2024-10-15 00:00:00.000000,2024-11-15 00:00:00.000000,DEPARTAMENTO,Arriendo,
TT-2024-11-001461,toctoc,Quinta Normal,Metropolitana,465000.0,CLP,48.3,2024-10-19 00:00:00.000000,2024-11-08 00:00:00.000000,Departamento,arriendo,agency
TT-2024-11-002984,toctoc,Santiago,Metropolitana,18.92,UF,45.7,2024-05-16 00:00:00.000000,2024-11-15 00:00:00.000000,Departamento,Arriendo,agency
TT-2024-11-004128,toctoc,Quilicura,Metropolitana,325000.0,CLP,26.2,2024-10-09 00:00:00.000000,2024-11-22 00:00:00.000000,departamento,ARRIENDO,agency
TT-2024-11-003889,toctoc,Santiago,Metropolitana,12.57,UF,38.6,2024-10-27 00:00:00.000000,2024-11-22 00:00:00.000000,Departamento,Arriendo,agency
TT-2024-11-003160,toctoc,Estación Central,Metropolitana,14.05,UF,47.0,2024-10-03 00:00:00.000000,2024-11-15 00:00:00.000000,DEPARTAMENTO,arriendo,owner_direct
TT-2024-11-005494,toctoc,San Joaquín,Metropolitana,11.76,UF,45.6,2024-10-31 00:00:00.000000,2024-11-29 00:00:00.000000,DEPARTAMENTO,ARRIENDO,agency
TT-2024-11-000367,toctoc,Providencia,Metropolitana,770000.0,CLP,35.7,2024-09-30 00:00:00.000000,2024-11-01 00:00:00.000000,departamento,arriendo,agency
TT-2024-11-002553,toctoc,Ñuñoa,Metropolitana,555000.0,CLP,25.3,2024-10-31 00:00:00.000000,2024-11-15 00:00:00.000000,DEPARTAMENTO,ARRIENDO,agency
TT-2024-11-005193,toctoc,Independencia,Metropolitana,540000.0,CLP,62.1,2024-10-16 00:00:00.000000,2024-11-29 00:00:00.000000,DEPARTAMENTO,Arriendo,agency
TT-2024-11-004670,toctoc,Peñalolén,Metropolitana,620000.0,CLP,56.6,2024-11-18 00:00:00.000000,2024-11-29 00:00:00.000000,Departamento,Arriendo,agency
TT-2024-11-003661,toctoc,La Florida,Metropolitana,15.68,UF,54.8,2024-11-15 00:00:00.000000,2024-11-22 00:00:00.000000,departamento,arriendo,agency
TT-2024-11-002374,toctoc,Santiago,Metropolitana,670000.0,CLP,49.1,2024-11-03 00:00:00.000000,2024-11-15 00:00:00.000000,departamento,arriendo,agency
TT-2024-11-001985,toctoc,Ñuñoa,Metropolitana,29.46,UF,77.9,2024-10-15 00:00:00.000000,2024-11-08 00:00:00.000000,departamento,ARRIENDO,owner_direct
TT-2024-11-001802,toctoc,Estación Central,Metropolitana,11.89,UF,35.6,2024-10-28 00:00:00.000000,2024-11-08 00:00:00.000000,DEPARTAMENTO,ARRIENDO,owner_direct
TT-2024-11-003845,toctoc,La Florida,Metropolitana,19.32,UF,62.8,2024-11-16 00:00:00.000000,2024-11-22 00:00:00.000000,Departamento,arriendo,owner_direct
TT-2024-11-001014,toctoc,Recoleta,Metropolitana,410000.0,CLP,34.7,2024-10-09 00:00:00.000000,2024-11-01 00:00:00.000000,DEPARTAMENTO,ARRIENDO,owner_direct
TT-2024-11-000328,toctoc,Maipú,Metropolitana,425000.0,CLP,41.5,2024-10-22 00:00:00.000000,2024-11-01 00:00:00.000000,departamento,Arriendo,agency
TT-2024-11-001282,toctoc,Ñuñoa,Metropolitana,22.43,UF,66.1,2024-10-26 00:00:00.000000,2024-11-08 00:00:00.000000,Departamento,ARRIENDO,agency
TT-2024-11-003249,toctoc,Macul,Metropolitana,17.16,UF,38.8,2024-10-20 00:00:00.000000,2024-11-15 00:00:00.000000,departamento,ARRIENDO,owner_direct
TT-2024-11-004438,toctoc,Independencia,Metropolitana,465000.0,CLP,40.1,2024-11-08 00:00:00.000000,2024-11-29 00:00:00.000000,DEPARTAMENTO,Arriendo,agency
TT-2024-11-001197,toctoc,La Cisterna,Metropolitana,600000.0,CLP,60.2,2024-10-28 00:00:00.000000,2024-11-01 00:00:00.000000,Departamento,arriendo,owner_direct
TT-2024-11-003544,toctoc,Providencia,Metropolitana,25.95,UF,46.2,2024-11-03 00:00:00.000000,2024-11-22 00:00:00.000000,Departamento,arriendo,agency
TT-2024-11-002949,toctoc,Santiago,Metropolitana,615000.0,CLP,48.6,2024-06-26 00:00:00.000000,2024-11-15 00:00:00.000000,departamento,Arriendo,agency
TT-2024-11-004897,toctoc,Puente Alto,Metropolitana,12.97,UF,43.8,2024-11-23 00:00:00.000000,2024-11-29 00:00:00.000000,Departamento,arriendo,owner_direct
TT-2024-11-001230,toctoc,La Florida,Metropolitana,13.92,UF,55.8,2024-10-22 00:00:00.000000,2024-11-08 00:00:00.000000,Departamento,arriendo,owner_direct
TT-2024-11-001947,toctoc,San Miguel,Metropolitana,17.84,UF,51.3,2024-10-05 00:00:00.000000,2024-11-08 00:00:00.000000,DEPARTAMENTO,ARRIENDO,owner_direct
TT-2024-11-002165,toctoc,Ñuñoa,Metropolitana,695000.0,CLP,44.9,2024-10-20 00:00:00.000000,2024-11-08 00:00:00.000000,Departamento,arriendo,owner_direct
TT-2024-11-000218,toctoc,Providencia,Metropolitana,22.7,UF,36.1,2024-10-01 00:00:00.000000,2024-11-01 00:00:00.000000,Departamento,ARRIENDO,agency
TT-2024-11-003772,toctoc,Santiago,Metropolitana,720000.0,CLP,54.7,2024-11-05 00:00:00.000000,2024-11-22 00:00:00.000000,DEPARTAMENTO,ARRIENDO,agency
TT-2024-11-001510,toctoc,Ñuñoa,Metropolitana,19.32,UF,56.9,2024-09-30 00:00:00.000000,2024-11-08 00:00:00.000000,DEPARTAMENTO,Arriendo,agency
TT-2024-11-001561,toctoc,Las Condes,Metropolitana,965000.0,CLP,52.5,2024-10-10 00:00:00.000000,2024-11-08 00:00:00.000000,DEPARTAMENTO,ARRIENDO,owner_direct
TT-2024-11-004851,toctoc,Independencia,Metropolitana,585000.0,CLP,64.1,2024-07-26 00:00:00.000000,2024-11-29 00:00:00.000000,departamento,arriendo,agency
TT-2024-11-001451,toctoc,Huechuraba,Metropolitana,560000.0,CLP,44.2,2024-11-04 00:00:00.000000,2024-11-08 00:00:00.000000,Departamento,ARRIENDO,owner_direct
TT-2024-11-000387,toctoc,La Cisterna,Metropolitana,15.41,UF,45.1,2024-09-04 00:00:00.000000,2024-11-01 00:00:00.000000,Departamento,Arriendo,agency
TT-2024-11-000022,toctoc,Santiago,Metropolitana,12.57,UF,29.1,2024-06-20 00:00:00.000000,2024-11-01 00:00:00.000000,Departamento,ARRIENDO,agency
TT-2024-11-004426,toctoc,San Joaquín,Metropolitana,590000.0,CLP,63.1,2024-11-16 00:00:00.000000,2024-11-29 00:00:00.000000,Departamento,Arriendo,agency
TT-2024-11-001911,toctoc, Maipú,Metropolitana,540000.0,CLP,57.1,2024-10-24 00:00:00.000000,2024-11-08 00:00:00.000000,departamento,arriendo,agency
TT-2024-11-002479,toctoc,Macul,Metropolitana,43.38,UF,36.6,2024-10-17 00:00:00.000000,2024-11-15 00:00:00.000000,departamento,arriendo,owner_direct
TT-2024-11-001634,toctoc,Ñuñoa,Metropolitana,21.89,UF,48.8,2024-05-02 00:00:00.000000,2024-11-08 00:00:00.000000,Departamento,Arriendo,owner_direct
TT-2024-11-003407,toctoc,Estación Central,Metropolitana,20.27,UF,82.4,2024-11-17 00:00:00.000000,2024-11-22 00:00:00.000000,departamento,ARRIENDO,owner_direct
TT-2024-11-002147,toctoc,Renca,Metropolitana,14.46,UF,52.9,2024-05-12 00:00:00.000000,2024-11-08 00:00:00.000000,DEPARTAMENTO,Arriendo,
TT-2024-11-000879,toctoc,Lo Barnechea ,Metropolitana,27.03,UF,55.3,2024-10-06 00:00:00.000000,2024-11-01 00:00:00.000000,Departamento,Arriendo,owner_direct
TT-2024-11-000505,toctoc,LAS CONDES,Metropolitana,28.11,UF,52.8,2024-10-10 00:00:00.000000,2024-11-01 00:00:00.000000,Departamento,Arriendo,agency
TT-2024-11-002031,toctoc,Santiago,Metropolitana,820000.0,CLP,74.2,2024-10-26 00:00:00.000000,2024-11-08 00:00:00.000000,DEPARTAMENTO,ARRIENDO,
TT-2024-11-005449,toctoc, Independencia,Metropolitana,550000.0,CLP,45.5,2024-11-11 00:00:00.000000,2024-11-29 00:00:00.000000,DEPARTAMENTO,ARRIENDO,
TT-2024-11-000329,toctoc,Independencia,Metropolitana,535000.0,CLP,34.9,2024-10-28 00:00:00.000000,2024-11-01 00:00:00.000000,Departamento,arriendo,agency
TT-2024-11-003745,toctoc,Conchalí,Metropolitana,560000.0,CLP,54.1,2024-10-29 00:00:00.000000,2024-11-22 00:00:00.000000,Departamento,Arriendo,agency
TT-2024-11-000013,toctoc,Ñuñoa,Metropolitana,730000.0,CLP,41.8,2024-09-24 00:00:00.000000,2024-11-01 00:00:00.000000,DEPARTAMENTO,Arriendo,agency
TT-2024-11-002437,toctoc,Las Condes,Metropolitana,930000.0,CLP,52.3,2024-08-04 00:00:00.000000,2024-11-15 00:00:00.000000,Departamento,arriendo,agency
TT-2024-11-000654,toctoc,La Florida,Metropolitana,12.84,UF,50.4,2024-08-30 00:00:00.000000,2024-11-01 00:00:00.000000,Departamento,ARRIENDO,agency
TT-2024-11-002705,toctoc,San Miguel,Metropolitana,13.24,UF,29.8,2024-11-01 00:00:00.000000,2024-11-15 00:00:00.000000,departamento,arriendo,agency
TT-2024-11-000070,toctoc,Lo Barnechea,Metropolitana,875000.0,CLP,56.5,2024-10-11 00:00:00.000000,2024-11-01 00:00:00.000000,Departamento,Arriendo,agency
TT-2024-11-003365,toctoc,San Miguel,Metropolitana,625000.0,CLP,56.4,2024-10-23 00:00:00.000000,2024-11-15 00:00:00.000000,DEPARTAMENTO,ARRIENDO,agency
TT-2024-11-001940,toctoc,San Miguel,Metropolitana,13.38,UF,10.0,2024-10-08 00:00:00.000000,2024-11-08 00:00:00.000000,departamento,ARRIENDO,agency
TT-2024-11-002238,toctoc,La Florida,Metropolitana,895000.0,CLP,94.0,2024-10-19 00:00:00.000000,2024-11-15 00:00:00.000000,departamento,Arriendo,agency
TT-2024-11-005476,toctoc,INDEPENDENCIA,Metropolitana,11.22,UF,27.8,2024-11-01 00:00:00.000000,2024-11-29 00:00:00.000000,Departamento,arriendo,agency
TT-2024-11-003663,toctoc,Estación Central,Metropolitana,10.81,UF,27.8,2024-11-06 00:00:00.000000,2024-11-22 00:00:00.000000,Departamento,ARRIENDO,agency
TT-2024-11-000679,toctoc,La Florida,Metropolitana,17.16,UF,69.6,2024-10-29 00:00:00.000000,2024-11-01 00:00:00.000000,departamento,Arriendo,agency
TT-2024-11-003184,toctoc,Puente Alto,Metropolitana,390000.0,CLP,36.6,2024-07-11 00:00:00.000000,2024-11-15 00:00:00.000000,departamento,ARRIENDO,agency
TT-2024-11-000441,toctoc,La Reina,Metropolitana,30.27,UF,62.9,2024-10-16 00:00:00.000000,2024-11-01 00:00:00.000000,Departamento,ARRIENDO,owner_direct
TT-2024-11-001011,toctoc,Lo Barnechea,Metropolitana,840000.0,CLP,33.2,2024-10-27 00:00:00.000000,2024-11-01 00:00:00.000000,DEPARTAMENTO,ARRIENDO,agency
TT-2024-11-001863,toctoc,Maipú,Metropolitana,17.3,UF,72.7,2024-06-21 00:00:00.000000,2024-11-08 00:00:00.000000,Departamento,arriendo,agency
TT-2024-11-005308,toctoc,San Miguel,Metropolitana,17.03,UF,50.0,2024-10-21 00:00:00.000000,2024-11-29 00:00:00.000000,Departamento,Arriendo,agency
TT-2024-11-002707,toctoc,Las Condes,Metropolitana,22.16,UF,38.2,2024-10-28 00:00:00.000000,2024-11-15 00:00:00.000000,Departamento,Arriendo,owner_direct
TT-2024-11-005005,toctoc,La Florida,Metropolitana,19.86,UF,86.7,2024-11-12 00:00:00.000000,2024-11-29 00:00:00.000000,Departamento,arriendo,owner_direct
TT-2024-11-001320,toctoc,Estación Central,Metropolitana,10.41,UF,21.2,2024-10-18 00:00:00.000000,2024-11-08 00:00:00.000000,departamento,arriendo,agency
TT-2024-11-001984,toctoc,Ñuñoa,Metropolitana,25.14,UF,56.6,2024-08-24 00:00:00.000000,2024-11-08 00:00:00.000000,Departamento,Arriendo,owner_direct
TT-2024-11-001427,toctoc,Lo Barnechea,Metropolitana,263.11,UF,47.1,2024-10-31 00:00:00.000000,2024-11-08 00:00:00.000000,DEPARTAMENTO,ARRIENDO,agency
TT-2024-11-003112,toctoc,La Florida,Metropolitana,19.59,UF,54.7,2024-10-07 00:00:00.000000,2024-11-15 00:00:00.000000,departamento,Arriendo,owner_direct
TT-2024-11-002794,toctoc,La Florida,Metropolitana,19.32,UF,77.5,2024-10-28 00:00:00.000000,2024-11-15 00:00:00.000000,Departamento,Arriendo,agency
TT-2024-11-003087,toctoc,Santiago,Metropolitana,425000.0,CLP,27.2,2024-11-01 00:00:00.000000,2024-11-15 00:00:00.000000,departamento,Arriendo,owner_direct
TT-2024-11-000089,toctoc,Ñuñoa,Metropolitana,660000.0,CLP,45.4,2024-10-04 00:00:00.000000,2024-11-01 00:00:00.000000,DEPARTAMENTO,ARRIENDO,agency
TT-2024-11-005323,toctoc,San Miguel,Metropolitana,560000.0,CLP,39.8,2024-11-20 00:00:00.000000,2024-11-29 00:00:00.000000,DEPARTAMENTO,arriendo,agency
TT-2024-11-001978,toctoc,Maipú,Metropolitana,590000.0,CLP,54.7,2024-11-07 00:00:00.000000,2024-11-08 00:00:00.000000,Departamento,Arriendo,agency
TT-2024-11-000156,toctoc,Las Condes,Metropolitana,32.3,UF,54.5,2024-10-13 00:00:00.000000,2024-11-01 00:00:00.000000,departamento,Arriendo,agency
TT-2024-11-003954,toctoc,La Reina,Metropolitana,945000.0,CLP,55.6,2024-11-09 00:00:00.000000,2024-11-22 00:00:00.000000,departamento,Arriendo,agency
TT-2024-11-004939,toctoc,Ñuñoa,Metropolitana,26.35,UF,65.5,2024-09-29 00:00:00.000000,2024-11-29 00:00:00.000000,Departamento,ARRIENDO,agency
TT-2024-11-000466,toctoc,La Florida,Metropolitana,645000.0,CLP,66.6,2024-10-18 00:00:00.000000,2024-11-01 00:00:00.000000,departamento,Arriendo,owner_direct
TT-2024-11-003379,toctoc,Santiago,Metropolitana,32.43,UF,118.7,2024-09-30 00:00:00.000000,2024-11-22 00:00:00.000000,departamento,Arriendo,
TT-2024-11-001563,toctoc,Pudahuel,Metropolitana,510000.0,CLP,38.5,2024-07-15 00:00:00.000000,2024-11-08 00:00:00.000000,departamento,arriendo,agency
TT-2024-11-000148,toctoc,Ñuñoa,Metropolitana,21.08,UF,64.2,2024-10-29 00:00:00.000000,2024-11-01 00:00:00.000000,departamento,arriendo,owner_direct
TT-2024-11-002834,toctoc,Providencia,Metropolitana,21.49,UF,26.2,2024-10-18 00:00:00.000000,2024-11-15 00:00:00.000000,DEPARTAMENTO,Arriendo,owner_direct
TT-2024-11-003199,toctoc,Providencia,Metropolitana,1400000.0,CLP,92.0,2024-09-15 00:00:00.000000,2024-11-15 00:00:00.000000,Departamento,arriendo,agency
TT-2024-11-000973,toctoc,Providencia,Metropolitana,790000.0,CLP,43.5,2024-09-27 00:00:00.000000,2024-11-01 00:00:00.000000,DEPARTAMENTO,arriendo,owner_direct
TT-2024-11-002434,toctoc,Macul,Metropolitana,615000.0,CLP,45.6,2024-10-09 00:00:00.000000,2024-11-15 00:00:00.000000,DEPARTAMENTO,Arriendo,agency
TT-2024-11-001223,toctoc,Conchalí,Metropolitana,865000.0,CLP,97.6,2024-11-07 00:00:00.000000,2024-11-08 00:00:00.000000,DEPARTAMENTO,arriendo,agency
TT-2024-11-001617,toctoc,Ñuñoa,Metropolitana,595000.0,CLP,41.0,2024-10-19 00:00:00.000000,2024-11-08 00:00:00.000000,Departamento,Arriendo,owner_direct
TT-2024-11-004953,toctoc,Santiago,Metropolitana,685000.0,CLP,64.8,2024-10-12 00:00:00.000000,2024-11-29 00:00:00.000000,Departamento,arriendo,owner_direct
TT-2024-11-003631,toctoc,Santiago,Metropolitana,17.43,UF,42.6,2024-11-12 00:00:00.000000,2024-11-22 00:00:00.000000,DEPARTAMENTO,ARRIENDO,agency
TT-2024-11-001926,toctoc,Conchalí,Metropolitana,430000.0,CLP,41.3,2024-04-27 00:00:00.000000,2024-11-08 00:00:00.000000,departamento,ARRIENDO,owner_direct
TT-2024-11-000661,toctoc,La Reina,Metropolitana,880000.0,CLP,47.9,2024-10-11 00:00:00.000000,2024-11-01 00:00:00.000000,departamento,Arriendo,owner_direct
TT-2024-11-002412,toctoc,La Florida,Metropolitana,710000.0,CLP,66.4,2024-11-08 00:00:00.000000,2024-11-15 00:00:00.000000,departamento,arriendo,agency
TT-2024-11-000439,toctoc,Maipú,Metropolitana,14.05,UF,46.1,2024-10-21 00:00:00.000000,2024-11-01 00:00:00.000000,Departamento,ARRIENDO,owner_direct
TT-2024-11-004711,toctoc,Lo Barnechea,Metropolitana,29.05,UF,52.0,2024-10-30 00:00:00.000000,2024-11-29 00:00:00.000000,departamento,ARRIENDO,owner_direct
TT-2024-11-001055,toctoc,Recoleta,Metropolitana,11.08,UF,30.7,2024-09-25 00:00:00.000000,2024-11-01 00:00:00.000000,DEPARTAMENTO,Arriendo,owner_direct
TT-2024-11-001608,toctoc,Lo Barnechea,Metropolitana,24.46,UF,56.5,2024-10-25 00:00:00.000000,2024-11-08 00:00:00.000000,Departamento,Arriendo,agency
TT-2024-11-001528,toctoc,Santiago,Metropolitana,620000.0,CLP,51.9,2024-10-17 00:00:00.000000,2024-11-08 00:00:00.000000,DEPARTAMENTO,arriendo,owner_direct
TT-2024-11-000898,toctoc,Ñuñoa,Metropolitana,17.7,UF,46.7,2024-10-26 00:00:00.000000,2024-11-01 00:00:00.000000,departamento,arriendo,agency
TT-2024-11-001624,toctoc,La Reina,Metropolitana,270.27,UF,66.1,2024-09-28 00:00:00.000000,2024-11-08 00:00:00.000000,departamento,Arriendo,owner_direct
TT-2024-11-004180,toctoc,La Florida,Metropolitana,19.73,UF,83.9,2024-10-19 00:00:00.000000,2024-11-22 00:00:00.000000,Departamento,Arriendo,agency
TT-2024-11-003601,toctoc,La Florida,Metropolitana,25.95,UF,115.5,2024-10-31 00:00:00.000000,2024-11-22 00:00:00.000000,DEPARTAMENTO,arriendo,agency
TT-2024-11-003066,toctoc,La Florida,Metropolitana,14.19,UF,40.6,2024-09-21 00:00:00.000000,2024-11-15 00:00:00.000000,DEPARTAMENTO,arriendo,owner_direct
TT-2024-11-004352,toctoc,Lo Barnechea,Metropolitana,875000.0,CLP,42.9,2024-11-17 00:00:00.000000,2024-11-29 00:00:00.000000,departamento,ARRIENDO,agency
TT-2024-11-001217,toctoc,Huechuraba,Metropolitana,11.76,UF,35.4,2024-10-23 00:00:00.000000,2024-11-08 00:00:00.000000,departamento,ARRIENDO,agency
TT-2024-11-005293,toctoc,Ñuñoa,Metropolitana,20.27,UF,69.3,2024-11-19 00:00:00.000000,2024-11-29 00:00:00.000000,Departamento,Arriendo,agency
TT-2024-11-001001,toctoc,Macul,Metropolitana,16.49,UF,44.0,2024-09-28 00:00:00.000000,2024-11-01 00:00:00.000000,Departamento,ARRIENDO,owner_direct
TT-2024-11-001470,toctoc,Providencia,Metropolitana,1095000.0,CLP,85.8,2024-11-03 00:00:00.000000,2024-11-08 00:00:00.000000,Departamento,ARRIENDO,owner_direct
TT-2024-11-003523,toctoc,Recoleta,Metropolitana,10.41,UF,30.0,2024-10-26 00:00:00.000000,2024-11-22 00:00:00.000000,DEPARTAMENTO,arriendo,agency
TT-2024-11-000083,toctoc,Estación Central,Metropolitana,420000.0,CLP,33.6,2024-09-24 00:00:00.000000,2024-11-01 00:00:00.000000,departamento,Arriendo,agency
TT-2024-11-000472,toctoc,Estación Central,Metropolitana,13.78,UF,48.9,2024-10-22 00:00:00.000000,2024-11-01 00:00:00.000000,DEPARTAMENTO,arriendo,agency
TT-2024-11-005297,toctoc,Vitacura,Metropolitana,31.08,UF,46.4,2024-11-17 00:00:00.000000,2024-11-29 00:00:00.000000,departamento,arriendo,agency
TT-2024-11-000533,toctoc,Estación Central,Metropolitana,485000.0,CLP,48.4,2024-10-07 00:00:00.000000,2024-11-01 00:00:00.000000,departamento,arriendo,agency
TT-2024-11-002742,toctoc,Recoleta,Metropolitana,490000.0,CLP,33.0,2024-10-23 00:00:00.000000,2024-11-15 00:00:00.000000,departamento,ARRIENDO,agency
TT-2024-11-003117,toctoc,La Florida,Metropolitana,15.14,UF,42.2,2024-10-19 00:00:00.000000,2024-11-15 00:00:00.000000,DEPARTAMENTO,ARRIENDO,owner_direct
TT-2024-11-004608,toctoc,Ñuñoa,Metropolitana,950000.0,CLP,63.5,2024-10-26 00:00:00.000000,2024-11-29 00:00:00.000000,departamento,Arriendo,agency
TT-2024-11-001873,toctoc,Estación Central,Metropolitana,13.51,UF,36.3,2024-10-26 00:00:00.000000,2024-11-08 00:00:00.000000,DEPARTAMENTO,Arriendo,agency
TT-2024-11-001644,toctoc,Santiago,Metropolitana,655000.0,CLP,71.4,2024-11-05 00:00:00.000000,2024-11-08 00:00:00.000000,Departamento,Arriendo,agency
TT-2024-11-000290,toctoc,Providencia,Metropolitana,1090000.0,CLP,55.8,2024-10-27 00:00:00.000000,2024-11-01 00:00:00.000000,DEPARTAMENTO,ARRIENDO,agency
TT-2024-11-004542,toctoc,Estación Central,Metropolitana,825000.0,CLP,84.5,2024-10-29 00:00:00.000000,2024-11-29 00:00:00.000000,Departamento,Arriendo,owner_direct
TT-2024-11-002171,toctoc,Independencia,Metropolitana,16.62,UF,52.8,2024-10-27 00:00:00.000000,2024-11-08 00:00:00.000000,Departamento,ARRIENDO,owner_direct
TT-2024-11-000619,toctoc,Santiago,Metropolitana,20.14,UF,70.7,2024-10-29 00:00:00.000000,2024-11-01 00:00:00.000000,DEPARTAMENTO,Arriendo,agency
TT-2024-11-004346,toctoc,Santiago,Metropolitana,560000.0,CLP,34.0,2024-10-30 00:00:00.000000,2024-11-29 00:00:00.000000,DEPARTAMENTO,arriendo,owner_direct
TT-2024-11-005228,toctoc,San Miguel,Metropolitana,20.54,UF,71.0,2024-10-31 00:00:00.000000,2024-11-29 00:00:00.000000,DEPARTAMENTO,ARRIENDO,agency
TT-2024-11-001406,toctoc,Peñalolén,Metropolitana,15.41,UF,53.9,2024-08-18 00:00:00.000000,2024-11-08 00:00:00.000000,departamento,Arriendo,agency
TT-2024-11-003106,toctoc,Estación Central,Metropolitana,14.73,UF,57.0,2024-10-18 00:00:00.000000,2024-11-15 00:00:00.000000,Departamento,arriendo,agency
TT-2024-11-002918,toctoc,Ñuñoa,Metropolitana,660000.0,CLP,35.6,2024-10-26 00:00:00.000000,2024-11-15 00:00:00.000000,DEPARTAMENTO,ARRIENDO,owner_direct
TT-2024-11-003840,toctoc,Santiago,Metropolitana,16.89,UF,39.0,2024-11-19 00:00:00.000000,2024-11-22 00:00:00.000000,departamento,ARRIENDO,owner_direct
TT-2024-11-002682,toctoc,Recoleta,Metropolitana,12.3,UF,48.7,2024-10-24 00:00:00.000000,2024-11-15 00:00:00.000000,Departamento,arriendo,agency
TT-2024-11-004770,toctoc,La Florida,Metropolitana,745000.0,CLP,77.3,2024-11-14 00:00:00.000000,2024-11-29 00:00:00.000000,departamento,ARRIENDO,agency
TT-2024-11-003068,toctoc,Providencia,Metropolitana,1255000.0,CLP,69.9,2024-10-30 00:00:00.000000,2024-11-15 00:00:00.000000,Departamento,Arriendo,owner_direct
TT-2024-11-003572,toctoc,Estación Central,Metropolitana,13.24,UF,55.0,2024-10-23 00:00:00.000000,2024-11-22 00:00:00.000000,DEPARTAMENTO,ARRIENDO,agency
TT-2024-11-000263,toctoc,Las Condes,Metropolitana,27.43,UF,54.0,2024-10-24 00:00:00.000000,2024-11-01 00:00:00.000000,DEPARTAMENTO,Arriendo,agency
TT-2024-11-001879,toctoc,Providencia,Metropolitana,54.59,UF,131.0,2024-05-25 00:00:00.000000,2024-11-08 00:00:00.000000,departamento,Arriendo,agency
TT-2024-11-002680,toctoc,Estación Central,Metropolitana,27.7,UF,121.4,2024-11-05 00:00:00.000000,2024-11-15 00:00:00.000000,departamento,Arriendo,agency
TT-2024-11-000604,toctoc,San Joaquín,Metropolitana,505000.0,CLP,36.3,2024-10-11 00:00:00.000000,2024-11-01 00:00:00.000000,Departamento,arriendo,agency
TT-2024-11-003580,toctoc,Las Condes,Metropolitana,27.16,UF,43.6,2024-11-13 00:00:00.000000,2024-11-22 00:00:00.000000,departamento,Arriendo,agency
TT-2024-11-003427,toctoc,Santiago,Metropolitana,23.11,UF,65.9,2024-08-13 00:00:00.000000,2024-11-22 00:00:00.000000,Departamento,ARRIENDO,agency
TT-2024-11-001824,toctoc,Providencia,Metropolitana,1005000.0,CLP,56.0,2024-05-23 00:00:00.000000,2024-11-08 00:00:00.000000,departamento,Arriendo,owner_direct
TT-2024-11-000750,toctoc, Las Condes,Metropolitana,1020000.0,CLP,47.3,2024-09-25 00:00:00.000000,2024-11-01 00:00:00.000000,departamento,arriendo,
TT-2024-11-000826,toctoc,Las Condes,Metropolitana,1095000.0,CLP,61.9,2024-09-05 00:00:00.000000,2024-11-01 00:00:00.000000,departamento,ARRIENDO,owner_direct
TT-2024-11-000790,toctoc,Santiago,Metropolitana,20.0,UF,57.6,2024-10-12 00:00:00.000000,2024-11-01 00:00:00.000000,DEPARTAMENTO,ARRIENDO,agency
TT-2024-11-004630,toctoc,La Reina,Metropolitana,17.97,UF,35.2,2024-11-10 00:00:00.000000,2024-11-29 00:00:00.000000,DEPARTAMENTO,Arriendo,agency
TT-2024-11-000106,toctoc,Santiago,Metropolitana,530000.0,CLP,33.7,2024-10-22 00:00:00.000000,2024-11-01 00:00:00.000000,DEPARTAMENTO,Arriendo,owner_direct
TT-2024-11-000849,toctoc,Estación Central,Metropolitana,15.14,UF,46.9,2024-08-03 00:00:00.000000,2024-11-01 00:00:00.000000,Departamento,ARRIENDO,agency
TT-2024-11-000054,toctoc,Independencia,Metropolitana,475000.0,CLP,29.0,2024-10-11 00:00:00.000000,2024-11-01 00:00:00.000000,Departamento,Arriendo,agency
TT-2024-11-004994,toctoc,Estación Central,Metropolitana,515000.0,CLP,49.8,2024-11-28 00:00:00.000000,2024-11-29 00:00:00.000000,DEPARTAMENTO,Arriendo,owner_direct
TT-2024-11-005434,toctoc,Independencia,Metropolitana,10.54,UF,32.7,2024-09-21 00:00:00.000000,2024-11-29 00:00:00.000000,departamento,ARRIENDO,owner_direct
TT-2024-11-005485,toctoc,San Joaquín,Metropolitana,560000.0,CLP,51.1,2024-11-11 00:00:00.000000,2024-11-29 00:00:00.000000,Departamento,ARRIENDO,agency
TT-2024-11-003607,toctoc,La Florida,Metropolitana,18.65,UF,62.2,2024-10-12 00:00:00.000000,2024-11-22 00:00:00.000000,departamento,ARRIENDO,agency
TT-2024-11-001933,toctoc,Ñuñoa,Metropolitana,585000.0,CLP,26.4,2024-11-04 00:00:00.000000,2024-11-08 00:00:00.000000,DEPARTAMENTO,Arriendo,agency
TT-2024-11-002786,toctoc,Pudahuel,Metropolitana,560000.0,CLP,57.0,2024-11-01 00:00:00.000000,2024-11-15 00:00:00.000000,departamento,arriendo,agency
TT-2024-11-002123,toctoc,Recoleta,Metropolitana,20.27,UF,89.6,2024-08-25 00:00:00.000000,2024-11-08 00:00:00.000000,DEPARTAMENTO,Arriendo,owner_direct
TT-2024-11-000708,toctoc,Vitacura,Metropolitana,36.49,UF,61.7,2024-09-13 00:00:00.000000,2024-11-01 00:00:00.000000,departamento,arriendo,agency
TT-2024-11-000053,toctoc,San Joaquín,Metropolitana,420000.0,CLP,30.6,2024-10-27 00:00:00.000000,2024-11-01 00:00:00.000000,DEPARTAMENTO,ARRIENDO,agency
TT-2024-11-002767,toctoc,Peñalolén,Metropolitana,11.08,UF,28.9,2024-10-31 00:00:00.000000,2024-11-15 00:00:00.000000,departamento,Arriendo,owner_direct
TT-2024-11-004708,toctoc,La Florida,Metropolitana,27.16,UF,128.9,2024-11-22 00:00:00.000000,2024-11-29 00:00:00.000000,departamento,Arriendo,owner_direct
TT-2024-11-000941,toctoc,Renca,Metropolitana,12.3,UF,51.3,2024-09-25 00:00:00.000000,2024-11-01 00:00:00.000000,DEPARTAMENTO,ARRIENDO,owner_direct
TT-2024-11-004636,toctoc,San Miguel,Metropolitana,32.57,UF,140.8,2024-11-21 00:00:00.000000,2024-11-29 00:00:00.000000,Departamento,ARRIENDO,owner_direct
TT-2024-11-002709,toctoc,Macul,Metropolitana,16.49,UF,53.6,2024-10-20 00:00:00.000000,2024-11-15 00:00:00.000000,departamento,arriendo,agency
TT-2024-11-003762,toctoc,Maipú,Metropolitana,11.49,UF,30.3,2024-10-24 00:00:00.000000,2024-11-22 00:00:00.000000,departamento,ARRIENDO,agency
TT-2024-11-002365,toctoc,Huechuraba,Metropolitana,189.86,UF,76.3,2024-11-02 00:00:00.000000,2024-11-15 00:00:00.000000,Departamento,Arriendo,agency
TT-2024-11-002481,toctoc,Maipú,Metropolitana,550000.0,CLP,60.1,2024-10-08 00:00:00.000000,2024-11-15 00:00:00.000000,Departamento,arriendo,owner_direct
TT-2024-11-004638,toctoc,Huechuraba,Metropolitana,670000.0,CLP,96.8,2024-11-10 00:00:00.000000,2024-11-29 00:00:00.000000,DEPARTAMENTO,arriendo,agency
TT-2024-11-003977,toctoc,San Miguel,Metropolitana,15.14,UF,44.2,2024-06-19 00:00:00.000000,2024-11-22 00:00:00.000000,departamento,ARRIENDO,owner_direct
TT-2024-11-000003,toctoc,Santiago,Metropolitana,12.84,UF,39.6,2024-09-10 00:00:00.000000,2024-11-01 00:00:00.000000,departamento,ARRIENDO,owner_direct
TT-2024-11-001319,toctoc,Providencia,Metropolitana,26.35,UF,49.5,2024-10-04 00:00:00.000000,2024-11-08 00:00:00.000000,Departamento,Arriendo,agency
TT-2024-11-005060,toctoc,Quilicura,Metropolitana,11.22,UF,37.8,2024-10-01 00:00:00.000000,2024-11-29 00:00:00.000000,Departamento,Arriendo,agency
TT-2024-11-002702,toctoc,Puente Alto,Metropolitana,12.03,UF,39.9,2024-11-03 00:00:00.000000,2024-11-15 00:00:00.000000,Departamento,ARRIENDO,agency
TT-2024-11-004102,toctoc,Independencia,Metropolitana,435000.0,CLP,28.9,2024-11-18 00:00:00.000000,2024-11-22 00:00:00.000000,Departamento,ARRIENDO,agency
TT-2024-11-001590,toctoc,Lo Barnechea,Metropolitana,1175000.0,CLP,64.8,2024-09-12 00:00:00.000000,2024-11-08 00:00:00.000000,DEPARTAMENTO,ARRIENDO,agency
TT-2024-11-001498,toctoc,Santiago,Metropolitana,14.19,UF,35.1,2024-10-15 00:00:00.000000,2024-11-08 00:00:00.000000,DEPARTAMENTO,Arriendo,agency
TT-2024-11-002417,toctoc,Santiago,Metropolitana,19.05,UF,49.2,2024-10-14 00:00:00.000000,2024-11-15 00:00:00.000000,departamento,ARRIENDO,agency
TT-2024-11-001734,toctoc,Quinta Normal,Metropolitana,640000.0,CLP,65.3,2024-10-18 00:00:00.000000,2024-11-08 00:00:00.000000,departamento,Arriendo,agency
TT-2024-11-000386,toctoc,Huechuraba,Metropolitana,535000.0,CLP,32.6,2024-10-21 00:00:00.000000,2024-11-01 00:00:00.000000,Departamento,Arriendo,agency
TT-2024-11-002084,toctoc,La Florida,Metropolitana,18.78,UF,65.4,2024-05-30 00:00:00.000000,2024-11-08 00:00:00.000000,departamento,Arriendo,agency
TT-2024-11-005247,toctoc,Ñuñoa,Metropolitana,14.32,UF,30.7,2024-08-17 00:00:00.000000,2024-11-29 00:00:00.000000,departamento,arriendo,owner_direct
TT-2024-11-004025,toctoc,Macul,Metropolitana,14.86,UF,40.7,2024-11-07 00:00:00.000000,2024-11-22 00:00:00.000000,DEPARTAMENTO,arriendo,owner_direct
TT-2024-11-004293,toctoc,Providencia,Metropolitana,1445000.0,CLP,93.3,2024-11-01 00:00:00.000000,2024-11-29 00:00:00.000000,DEPARTAMENTO,ARRIENDO,owner_direct
TT-2024-11-003508,toctoc,San Miguel,Metropolitana,565000.0,CLP,30.7,2024-04-27 00:00:00.000000,2024-11-22 00:00:00.000000,Departamento,Arriendo,agency
TT-2024-11-002419,toctoc,Cerrillos,Metropolitana,830000.0,CLP,87.4,2024-10-22 00:00:00.000000,2024-11-15 00:00:00.000000,departamento,Arriendo,agency
TT-2024-11-003202,toctoc,Lo Barnechea,Metropolitana,28.11,UF,60.8,2024-11-03 00:00:00.000000,2024-11-15 00:00:00.000000,DEPARTAMENTO,arriendo,agency
TT-2024-11-002341,toctoc,Santiago,Metropolitana,575000.0,CLP,42.6,2024-04-13 00:00:00.000000,2024-11-15 00:00:00.000000,departamento,arriendo,agency
TT-2024-11-001925,toctoc,Providencia,Metropolitana,820000.0,CLP,42.2,2024-10-25 00:00:00.000000,2024-11-08 00:00:00.000000,DEPARTAMENTO,ARRIENDO,owner_direct
TT-2024-11-001133,toctoc,Maipú,Metropolitana,545000.0,CLP,51.2,2024-10-08 00:00:00.000000,2024-11-01 00:00:00.000000,Departamento,Arriendo,agency
TT-2024-11-000824,toctoc,San Miguel,Metropolitana,13.11,UF,30.7,2024-10-26 00:00:00.000000,2024-11-01 00:00:00.000000,departamento,Arriendo,
TT-2024-11-001831,toctoc,Peñalolén,Metropolitana,855000.0,CLP,71.8,2024-09-04 00:00:00.000000,2024-11-08 00:00:00.000000,DEPARTAMENTO,arriendo,agency
TT-2024-11-004964,toctoc,Vitacura,Metropolitana,37.7,UF,55.7,2024-11-13 00:00:00.000000,2024-11-29 00:00:00.000000,Departamento,arriendo,owner_direct
TT-2024-11-002349,toctoc,Las Condes,Metropolitana,29.59,UF,44.2,2024-10-22 00:00:00.000000,2024-11-15 00:00:00.000000,departamento,ARRIENDO,agency
TT-2024-11-002911,toctoc,estación central,Metropolitana,14.05,UF,51.2,2024-10-03 00:00:00.000000,2024-11-15 00:00:00.000000,departamento,ARRIENDO,agency
TT-2024-11-001777,toctoc,Ñuñoa,Metropolitana,730000.0,CLP,56.1,2024-10-30 00:00:00.000000,2024-11-08 00:00:00.000000,Departamento,arriendo,agency
TT-2024-11-000469,toctoc,Santiago,Metropolitana,16.89,UF,51.9,2024-10-14 00:00:00.000000,2024-11-01 00:00:00.000000,DEPARTAMENTO,arriendo,agency
TT-2024-11-003466,toctoc,San Miguel,Metropolitana,16.35,UF,54.5,2024-11-04 00:00:00.000000,2024-11-22 00:00:00.000000,DEPARTAMENTO,ARRIENDO,agency
TT-2024-11-003056,toctoc,Recoleta,Metropolitana,13.65,UF,41.6,2024-08-11 00:00:00.000000,2024-11-15 00:00:00.000000,departamento,Arriendo,owner_direct
TT-2024-11-004698,toctoc,Quinta Normal,Metropolitana,450000.0,CLP,27.8,2024-11-10 00:00:00.000000,2024-11-29 00:00:00.000000,departamento,Arriendo,owner_direct
TT-2024-11-004671,toctoc,Las Condes,Metropolitana,24.46,UF,30.6,2024-10-30 00:00:00.000000,2024-11-29 00:00:00.000000,departamento,arriendo,owner_direct
TT-2024-11-001801,toctoc,Santiago,Metropolitana,13.38,UF,37.3,2024-10-04 00:00:00.000000,2024-11-08 00:00:00.000000,Departamento,arriendo,agency
TT-2024-11-003413,toctoc,Maipú,Metropolitana,12.7,UF,43.2,2024-11-16 00:00:00.000000,2024-11-22 00:00:00.000000,DEPARTAMENTO,ARRIENDO,agency
TT-2024-11-004589,toctoc,Las Condes,Metropolitana,23.51,UF,30.0,2024-10-18 00:00:00.000000,2024-11-29 00:00:00.000000,Departamento,ARRIENDO,agency
TT-2024-11-001337,toctoc,Estación Central,Metropolitana,850000.0,CLP,89.7,2024-10-13 00:00:00.000000,2024-11-08 00:00:00.000000,Departamento,arriendo,agency
TT-2024-11-003950,toctoc,Santiago,Metropolitana,12.97,UF,21.0,2024-11-11 00:00:00.000000,2024-11-22 00:00:00.000000,Departamento,arriendo,agency
TT-2024-11-004447,toctoc, Maipú,Metropolitana,23.92,UF,98.5,2024-11-10 00:00:00.000000,2024-11-29 00:00:00.000000,Departamento,Arriendo,owner_direct
TT-2024-11-002605,toctoc,San Miguel,Metropolitana,11080000.0,CLP,89.9,2024-10-18 00:00:00.000000,2024-11-15 00:00:00.000000,DEPARTAMENTO,arriendo,owner_direct
TT-2024-11-000677,toctoc,Estación Central,Metropolitana,13.78,UF,39.9,2024-09-27 00:00:00.000000,2024-11-01 00:00:00.000000,DEPARTAMENTO,ARRIENDO,agency
TT-2024-11-002473,toctoc,Santiago,Metropolitana,650000.0,CLP,50.8,2024-09-19 00:00:00.000000,2024-11-15 00:00:00.000000,DEPARTAMENTO,Arriendo,agency
TT-2024-11-001941,toctoc,Santiago,Metropolitana,13.24,UF,33.1,2024-10-31 00:00:00.000000,2024-11-08 00:00:00.000000,departamento,ARRIENDO,agency
TT-2024-11-001829,toctoc,Ñuñoa,Metropolitana,840000.0,CLP,43.4,2024-10-30 00:00:00.000000,2024-11-08 00:00:00.000000,DEPARTAMENTO,arriendo,agency
TT-2024-11-005139,toctoc,Las Condes,Metropolitana,1185000.0,CLP,66.4,2024-09-25 00:00:00.000000,2024-11-29 00:00:00.000000,Departamento,arriendo,agency
TT-2024-11-003356,toctoc,Puente Alto,Metropolitana,470000.0,CLP,46.2,2024-09-20 00:00:00.000000,2024-11-15 00:00:00.000000,DEPARTAMENTO,Arriendo,agency
TT-2024-11-003458,toctoc,Estación Central,Metropolitana,17.3,UF,71.6,2024-10-20 00:00:00.000000,2024-11-22 00:00:00.000000,Departamento,arriendo,agency
TT-2024-11-000979,toctoc,San Joaquín,Metropolitana,780000.0,CLP,96.8,2024-10-26 00:00:00.000000,2024-11-01 00:00:00.000000,Departamento,Arriendo,owner_direct
TT-2024-11-001466,toctoc,Independencia,Metropolitana,19.32,UF,76.5,2024-09-11 00:00:00.000000,2024-11-08 00:00:00.000000,DEPARTAMENTO,arriendo,agency
TT-2024-11-003994,toctoc,Las Condes,Metropolitana,835000.0,CLP,24.2,2024-10-20 00:00:00.000000,2024-11-22 00:00:00.000000,DEPARTAMENTO,Arriendo,agency
TT-2024-11-001152,toctoc,Estación Central,Metropolitana,555000.0,CLP,45.5,2024-09-21 00:00:00.000000,2024-11-01 00:00:00.000000,Departamento,Arriendo,agency
TT-2024-11-002183,toctoc,Recoleta,Metropolitana,12.03,UF,34.7,2024-10-09 00:00:00.000000,2024-11-15 00:00:00.000000,Departamento,arriendo,owner_direct
TT-2024-11-001877,toctoc,Lo Barnechea,Metropolitana,26.22,UF,58.5,2024-10-26 00:00:00.000000,2024-11-08 00:00:00.000000,departamento,arriendo,owner_direct
TT-2024-11-004649,toctoc,Conchalí,Metropolitana,13.65,UF,79.2,2024-11-09 00:00:00.000000,2024-11-29 00:00:00.000000,departamento,ARRIENDO,agency
TT-2024-11-001565,toctoc,La Florida,Metropolitana,770000.0,CLP,67.5,2024-10-28 00:00:00.000000,2024-11-08 00:00:00.000000,DEPARTAMENTO,ARRIENDO,owner_direct
TT-2024-11-004685,toctoc,Santiago,Metropolitana,16.22,UF,44.7,2024-11-20 00:00:00.000000,2024-11-29 00:00:00.000000,Departamento,Arriendo,agency
TT-2024-11-004795,toctoc,San Miguel,Metropolitana,11.89,UF,28.5,2024-10-13 00:00:00.000000,2024-11-29 00:00:00.000000,departamento,Arriendo,agency
TT-2024-11-004247,toctoc,Macul,Metropolitana,530000.0,CLP,37.8,2024-11-12 00:00:00.000000,2024-11-22 00:00:00.000000,Departamento,ARRIENDO,agency
TT-2024-11-001573,toctoc,Estación Central,Metropolitana,13.78,UF,40.8,2024-10-18 00:00:00.000000,2024-11-08 00:00:00.000000,Departamento,ARRIENDO,owner_direct
TT-2024-11-004282,toctoc,Estación Central,Metropolitana,495000.0,CLP,32.4,2024-11-07 00:00:00.000000,2024-11-22 00:00:00.000000,DEPARTAMENTO,ARRIENDO,owner_direct
TT-2024-11-002835,toctoc,Puente Alto,Metropolitana,915000.0,CLP,139.9,2024-10-10 00:00:00.000000,2024-11-15 00:00:00.000000,DEPARTAMENTO,Arriendo,agency
TT-2024-11-003955,toctoc,Independencia,Metropolitana,2500000.0,CLP,400.0,2024-10-12 00:00:00.000000,2024-11-22 00:00:00.000000,DEPARTAMENTO,ARRIENDO,owner_direct
TT-2024-11-001708,toctoc,San Joaquín,Metropolitana,14.05,UF,35.3,2024-10-20 00:00:00.000000,2024-11-08 00:00:00.000000,departamento,arriendo,owner_direct
TT-2024-11-005081,toctoc,Cerrillos,Metropolitana,11.49,UF,38.5,2024-11-26 00:00:00.000000,2024-11-29 00:00:00.000000,DEPARTAMENTO,ARRIENDO,owner_direct
TT-2024-11-000515,toctoc,Estación Central,Metropolitana,580000.0,CLP,56.7,2024-10-09 00:00:00.000000,2024-11-01 00:00:00.000000,departamento,Arriendo,owner_direct
TT-2024-11-000878,toctoc,Ñuñoa,Metropolitana,38.65,UF,114.8,2024-10-15 00:00:00.000000,2024-11-01 00:00:00.000000,Departamento,ARRIENDO,owner_direct
TT-2024-11-001454,toctoc,La Cisterna,Metropolitana,10.41,UF,8.0,2024-10-24 00:00:00.000000,2024-11-08 00:00:00.000000,departamento,Arriendo,agency
TT-2024-11-005417,toctoc,Independencia,Metropolitana,19.46,UF,62.7,2024-11-08 00:00:00.000000,2024-11-29 00:00:00.000000,DEPARTAMENTO,arriendo,owner_direct
TT-2024-11-004363,toctoc,Recoleta,Metropolitana,750000.0,CLP,93.4,2024-11-04 00:00:00.000000,2024-11-29 00:00:00.000000,Departamento,arriendo,agency
TT-2024-11-003214,toctoc,Independencia,Metropolitana,455000.0,CLP,39.5,2024-10-31 00:00:00.000000,2024-11-15 00:00:00.000000,Departamento,arriendo,owner_direct
TT-2024-11-000687,toctoc,Providencia,Metropolitana,33.51,UF,63.8,2024-10-21 00:00:00.000000,2024-11-01 00:00:00.000000,Departamento,arriendo,agency
TT-2024-11-000364,toctoc,Macul,Metropolitana,17.84,UF,48.4,2024-10-10 00:00:00.000000,2024-11-01 00:00:00.000000,DEPARTAMENTO,arriendo,agency
TT-2024-11-003355,toctoc,Las Condes,Metropolitana,32.3,UF,66.2,2024-10-22 00:00:00.000000,2024-11-15 00:00:00.000000,Departamento,Arriendo,agency
TT-2024-11-001253,toctoc,Santiago,Metropolitana,20.14,UF,68.5,2024-10-13 00:00:00.000000,2024-11-08 00:00:00.000000,DEPARTAMENTO,Arriendo,owner_direct
TT-2024-11-000298,toctoc,Maipú,Metropolitana,370000.0,CLP,31.0,2024-10-31 00:00:00.000000,2024-11-01 00:00:00.000000,departamento,Arriendo,agency
TT-2024-11-002953,toctoc,Macul,Metropolitana,655000.0,CLP,51.0,2024-09-05 00:00:00.000000,2024-11-15 00:00:00.000000,departamento,arriendo,owner_direct
TT-2024-11-000201,toctoc,Ñuñoa,Metropolitana,15.27,UF,26.5,2024-09-30 00:00:00.000000,2024-11-01 00:00:00.000000,DEPARTAMENTO,ARRIENDO,owner_direct
TT-2024-11-003890,toctoc,Las Condes,Metropolitana,39.19,UF,86.0,2024-08-21 00:00:00.000000,2024-11-22 00:00:00.000000,Departamento,arriendo,agency
TT-2024-11-004576,toctoc,Ñuñoa,Metropolitana,8775000.0,CLP,999.0,2024-10-06 00:00:00.000000,2024-11-29 00:00:00.000000,departamento,arriendo,agency
TT-2024-11-000411,toctoc,Providencia,Metropolitana,22.84,UF,40.6,2024-04-02 00:00:00.000000,2024-11-01 00:00:00.000000,DEPARTAMENTO,arriendo,owner_direct
TT-2024-11-000395,toctoc,Macul,Metropolitana,14.46,UF,40.2,2024-10-14 00:00:00.000000,2024-11-01 00:00:00.000000,departamento,Arriendo,agency
TT-2024-11-004562,toctoc,Ñuñoa,Metropolitana,1000000.0,CLP,70.1,2024-07-02 00:00:00.000000,2024-11-29 00:00:00.000000,Departamento,arriendo,owner_direct
TT-2024-11-002321,toctoc,San Joaquín,Metropolitana,475000.0,CLP,50.7,2024-10-30 00:00:00.000000,2024-11-15 00:00:00.000000,Departamento,ARRIENDO,owner_direct
TT-2024-11-005166,toctoc,Estación Central,Metropolitana,18.24,UF,81.6,2024-10-27 00:00:00.000000,2024-11-29 00:00:00.000000,departamento,ARRIENDO,agency
TT-2024-11-002345,toctoc,Providencia,Metropolitana,915000.0,CLP,42.4,2024-11-01 00:00:00.000000,2024-11-15 00:00:00.000000,Departamento,Arriendo,owner_direct
TT-2024-11-001131,toctoc,La Florida,Metropolitana,485000.0,CLP,27.2,2024-10-23 00:00:00.000000,2024-11-01 00:00:00.000000,departamento,ARRIENDO,agency
TT-2024-11-000860,toctoc,Lo Barnechea,Metropolitana,21.76,UF,33.4,2024-09-13 00:00:00.000000,2024-11-01 00:00:00.000000,DEPARTAMENTO,ARRIENDO,agency
TT-2024-11-004802,toctoc,Maipú,Metropolitana,740000.0,CLP,71.4,2024-11-06 00:00:00.000000,2024-11-29 00:00:00.000000,Departamento,Arriendo,agency
TT-2024-11-001034,toctoc,Providencia,Metropolitana,26.35,UF,47.5,2024-10-09 00:00:00.000000,2024-11-01 00:00:00.000000,Departamento,arriendo,agency
TT-2024-11-003916,toctoc,Providencia,Metropolitana,30.14,UF,54.4,2024-10-10 00:00:00.000000,2024-11-22 00:00:00.000000,Departamento,arriendo,owner_direct
TT-2024-11-000548,toctoc,La Florida,Metropolitana,12.3,UF,38.0,2024-10-12 00:00:00.000000,2024-11-01 00:00:00.000000,departamento,ARRIENDO,owner_direct
TT-2024-11-002993,toctoc,Ñuñoa,Metropolitana,24.73,UF,61.6,2024-10-07 00:00:00.000000,2024-11-15 00:00:00.000000,DEPARTAMENTO,Arriendo,owner_direct
TT-2024-11-005226,toctoc,La Florida,Metropolitana,605000.0,CLP,61.1,2024-09-29 00:00:00.000000,2024-11-29 00:00:00.000000,DEPARTAMENTO,ARRIENDO,agency
TT-2024-11-003340,toctoc,Ñuñoa,Metropolitana,31.49,UF,102.9,2024-10-23 00:00:00.000000,2024-11-15 00:00:00.000000,DEPARTAMENTO,Arriendo,owner_direct
TT-2024-11-003850,toctoc,Santiago,Metropolitana,10.14,UF,28.2,2024-10-01 00:00:00.000000,2024-11-22 00:00:00.000000,departamento,Arriendo,agency
TT-2024-11-002873,toctoc,Estación Central,Metropolitana,510000.0,CLP,41.0,2024-11-10 00:00:00.000000,2024-11-15 00:00:00.000000,DEPARTAMENTO,arriendo,agency
TT-2024-11-005001,toctoc,San Joaquín,Metropolitana,190.68,UF,66.9,2024-10-13 00:00:00.000000,2024-11-29 00:00:00.000000,DEPARTAMENTO,arriendo,agency
TT-2024-11-004053,toctoc,Santiago,Metropolitana,515000.0,CLP,35.5,2024-10-17 00:00:00.000000,2024-11-22 00:00:00.000000,DEPARTAMENTO,arriendo,owner_direct
TT-2024-11-001569,toctoc,Renca,Metropolitana,580000.0,CLP,87.8,2024-10-08 00:00:00.000000,2024-11-08 00:00:00.000000,DEPARTAMENTO,ARRIENDO,agency
TT-2024-11-005161,toctoc,Conchalí,Metropolitana,10.14,UF,25.9,2024-10-17 00:00:00.000000,2024-11-29 00:00:00.000000,DEPARTAMENTO,Arriendo,owner_direct
TT-2024-11-002167,toctoc,Las Condes,Metropolitana,26.08,UF,42.0,2024-10-23 00:00:00.000000,2024-11-08 00:00:00.000000,departamento,Arriendo,agency
TT-2024-11-005168,toctoc,Renca,Metropolitana,450000.0,CLP,33.8,2024-11-19 00:00:00.000000,2024-11-29 00:00:00.000000,DEPARTAMENTO,ARRIENDO,agency
TT-2024-11-000198,toctoc,Ñuñoa,Metropolitana,16.89,UF,41.5,2024-06-28 00:00:00.000000,2024-11-01 00:00:00.000000,departamento,Arriendo,agency
TT-2024-11-004754,toctoc,Quinta Normal,Metropolitana,15.54,UF,53.3,2024-11-06 00:00:00.000000,2024-11-29 00:00:00.000000,DEPARTAMENTO,arriendo,owner_direct
TT-2024-11-004509,toctoc,Ñuñoa,Metropolitana,785000.0,CLP,58.4,2024-11-28 00:00:00.000000,2024-11-29 00:00:00.000000,Departamento,ARRIENDO,agency
TT-2024-11-001493,toctoc,Ñuñoa,Metropolitana,20.68,UF,43.6,2024-11-01 00:00:00.000000,2024-11-08 00:00:00.000000,departamento,ARRIENDO,agency
TT-2024-11-004717,toctoc,Recoleta,Metropolitana,23.11,UF,91.0,2024-10-27 00:00:00.000000,2024-11-29 00:00:00.000000,DEPARTAMENTO,Arriendo,agency
TT-2024-11-000084,toctoc,Maipú,Metropolitana,10.41,UF,29.0,2024-10-24 00:00:00.000000,2024-11-01 00:00:00.000000,DEPARTAMENTO,Arriendo,agency
TT-2024-11-002572,toctoc,Santiago,Metropolitana,665000.0,CLP,52.3,2024-11-01 00:00:00.000000,2024-11-15 00:00:00.000000,Departamento,ARRIENDO,owner_direct
TT-2024-11-003531,toctoc,Macul,Metropolitana,620000.0,CLP,53.1,2024-11-12 00:00:00.000000,2024-11-22 00:00:00.000000,Departamento,arriendo,agency
TT-2024-11-003382,toctoc,Las Condes,Metropolitana,33.11,UF,70.8,2024-11-04 00:00:00.000000,2024-11-22 00:00:00.000000,Departamento,arriendo,agency
TT-2024-11-004733,toctoc,Peñalolén,Metropolitana,600000.0,CLP,54.2,2024-07-26 00:00:00.000000,2024-11-29 00:00:00.000000,departamento,Arriendo,agency
TT-2024-11-003714,toctoc,Maipú,Metropolitana,375000.0,CLP,25.4,2024-11-01 00:00:00.000000,2024-11-22 00:00:00.000000,Departamento,Arriendo,agency
TT-2024-11-002389,toctoc,Conchalí,Metropolitana,17.16,UF,82.1,2024-11-02 00:00:00.000000,2024-11-15 00:00:00.000000,DEPARTAMENTO,ARRIENDO,agency
TT-2024-11-005158,toctoc,Macul,Metropolitana,18.65,UF,49.0,2024-10-16 00:00:00.000000,2024-11-29 00:00:00.000000,departamento,arriendo,agency
TT-2024-11-004614,toctoc,Quilicura,Metropolitana,12.03,UF,52.1,2024-11-19 00:00:00.000000,2024-11-29 00:00:00.000000,Departamento,ARRIENDO,owner_direct
TT-2024-11-003101,toctoc,Ñuñoa,Metropolitana,31.62,UF,94.9,2024-10-15 00:00:00.000000,2024-11-15 00:00:00.000000,DEPARTAMENTO,arriendo,agency
TT-2024-11-000842,toctoc,Providencia,Metropolitana,25.0,UF,33.2,2024-10-06 00:00:00.000000,2024-11-01 00:00:00.000000,DEPARTAMENTO,arriendo,agency
TT-2024-11-000338,toctoc,Huechuraba,Metropolitana,15.0,UF,30.9,2024-10-27 00:00:00.000000,2024-11-01 00:00:00.000000,DEPARTAMENTO,Arriendo,agency
TT-2024-11-005447,toctoc,Independencia,Metropolitana,495000.0,CLP,35.8,2024-09-22 00:00:00.000000,2024-11-29 00:00:00.000000,Departamento,arriendo,agency
TT-2024-11-004498,toctoc,Estación Central,Metropolitana,460000.0,CLP,34.7,2024-09-15 00:00:00.000000,2024-11-29 00:00:00.000000,DEPARTAMENTO,arriendo,agency
TT-2024-11-004979,toctoc,Ñuñoa,Metropolitana,675000.0,CLP,53.2,2024-11-16 00:00:00.000000,2024-11-29 00:00:00.000000,Departamento,Arriendo,owner_direct
TT-2024-11-005074,toctoc,Santiago,Metropolitana,670000.0,CLP,39.7,2024-10-17 00:00:00.000000,2024-11-29 00:00:00.000000,Departamento,Arriendo,agency
TT-2024-11-000081,toctoc,Estación Central,Metropolitana,895000.0,CLP,96.6,2024-10-01 00:00:00.000000,2024-11-01 00:00:00.000000,departamento,ARRIENDO,owner_direct
TT-2024-11-002089,toctoc,Recoleta,Metropolitana,495000.0,CLP,45.7,2024-09-05 00:00:00.000000,2024-11-08 00:00:00.000000,DEPARTAMENTO,Arriendo,owner_direct
TT-2024-11-000404,toctoc,Macul,Metropolitana,14.73,UF,35.3,2024-09-29 00:00:00.000000,2024-11-01 00:00:00.000000,DEPARTAMENTO,Arriendo,owner_direct
TT-2024-11-003831,toctoc,Macul,Metropolitana,635000.0,CLP,52.2,2024-11-15 00:00:00.000000,2024-11-22 00:00:00.000000,departamento,ARRIENDO,agency
TT-2024-11-003245,toctoc,Santiago,Metropolitana,19.46,UF,46.5,2024-10-15 00:00:00.000000,2024-11-15 00:00:00.000000,Departamento,Arriendo,owner_direct
TT-2024-11-004934,toctoc,Las Condes,Metropolitana,1005000.0,CLP,50.7,2024-11-03 00:00:00.000000,2024-11-29 00:00:00.000000,Departamento,ARRIENDO,agency
TT-2024-11-001882,toctoc,Conchalí,Metropolitana,15.54,UF,65.2,2024-11-03 00:00:00.000000,2024-11-08 00:00:00.000000,Departamento,ARRIENDO,agency
TT-2024-11-004160,toctoc,Ñuñoa,Metropolitana,770000.0,CLP,61.4,2024-11-13 00:00:00.000000,2024-11-22 00:00:00.000000,DEPARTAMENTO,arriendo,agency
TT-2024-11-000305,toctoc,Las Condes,Metropolitana,880000.0,CLP,37.8,2024-05-01 00:00:00.000000,2024-11-01 00:00:00.000000,Departamento,ARRIENDO,agency
TT-2024-11-002035,toctoc,Macul,Metropolitana,20.27,UF,64.9,2024-10-02 00:00:00.000000,2024-11-08 00:00:00.000000,DEPARTAMENTO,ARRIENDO,agency
TT-2024-11-003256,toctoc,Las Condes,Metropolitana,1345000.0,CLP,79.1,2024-09-29 00:00:00.000000,2024-11-15 00:00:00.000000,DEPARTAMENTO,ARRIENDO,owner_direct
TT-2024-11-001750,toctoc,Independencia,Metropolitana,595000.0,CLP,58.6,2024-10-12 00:00:00.000000,2024-11-08 00:00:00.000000,DEPARTAMENTO,Arriendo,agency
TT-2024-11-000840,toctoc,Maipú,Metropolitana,670000.0,CLP,79.7,2024-10-11 00:00:00.000000,2024-11-01 00:00:00.000000,departamento,ARRIENDO,owner_direct
TT-2024-11-002256,toctoc,Macul,Metropolitana,23.78,UF,88.8,2024-11-04 00:00:00.000000,2024-11-15 00:00:00.000000,departamento,ARRIENDO,agency
TT-2024-11-002808,toctoc,Estación Central,Metropolitana,390000.0,CLP,44.2,2024-10-09 00:00:00.000000,2024-11-15 00:00:00.000000,departamento,arriendo,owner_direct
TT-2024-11-000867,toctoc,La Reina,Metropolitana,17.3,UF,29.8,2024-10-28 00:00:00.000000,2024-11-01 00:00:00.000000,Departamento,arriendo,agency
TT-2024-11-000527,toctoc,Santiago,Metropolitana,575000.0,CLP,29.6,2024-10-13 00:00:00.000000,2024-11-01 00:00:00.000000,Departamento,Arriendo,owner_direct
TT-2024-11-003394,toctoc,Estación Central,Metropolitana,590000.0,CLP,60.1,2024-09-24 00:00:00.000000,2024-11-22 00:00:00.000000,Departamento,Arriendo,owner_direct
TT-2024-11-000861,toctoc,Santiago,Metropolitana,15.68,UF,41.0,2024-09-13 00:00:00.000000,2024-11-01 00:00:00.000000,DEPARTAMENTO,arriendo,agency
TT-2024-11-003672,toctoc,San Miguel,Metropolitana,19.32,UF,58.3,2024-11-08 00:00:00.000000,2024-11-22 00:00:00.000000,DEPARTAMENTO,arriendo,owner_direct
TT-2024-11-003439,toctoc,Cerrillos,Metropolitana,455000.0,CLP,43.3,2024-11-06 00:00:00.000000,2024-11-22 00:00:00.000000,DEPARTAMENTO,arriendo,agency
TT-2024-11-003209,toctoc,Independencia,Metropolitana,10.41,UF,28.1,2024-10-16 00:00:00.000000,2024-11-15 00:00:00.000000,departamento,Arriendo,agency
TT-2024-11-004424,toctoc,Macul,Metropolitana,13.65,UF,37.7,2024-11-09 00:00:00.000000,2024-11-29 00:00:00.000000,Departamento,Arriendo,owner_direct
TT-2024-11-001408,toctoc,La Reina,Metropolitana,28.24,UF,59.4,2024-09-28 00:00:00.000000,2024-11-08 00:00:00.000000,departamento,arriendo,agency
TT-2024-11-000693,toctoc,Vitacura,Metropolitana,30.95,UF,56.8,2024-04-16 00:00:00.000000,2024-11-01 00:00:00.000000,Departamento,arriendo,agency
TT-2024-11-002497,toctoc,San Miguel,Metropolitana,18.24,UF,53.7,2024-11-09 00:00:00.000000,2024-11-15 00:00:00.000000,departamento,arriendo,agency
TT-2024-11-000376,toctoc,Independencia,Metropolitana,22.3,UF,107.1,2024-09-09 00:00:00.000000,2024-11-01 00:00:00.000000,departamento,arriendo,agency
TT-2024-11-001113,toctoc,Vitacura,Metropolitana,1475000.0,CLP,71.4,2024-10-05 00:00:00.000000,2024-11-01 00:00:00.000000,departamento,Arriendo,agency
TT-2024-11-000244,toctoc,La Cisterna,Metropolitana,560000.0,CLP,73.9,2024-10-05 00:00:00.000000,2024-11-01 00:00:00.000000,Departamento,arriendo,owner_direct
TT-2024-11-002340,toctoc,La Cisterna,Metropolitana,13.11,UF,32.0,2024-10-16 00:00:00.000000,2024-11-15 00:00:00.000000,DEPARTAMENTO,ARRIENDO,agency
TT-2024-11-001673,toctoc,Providencia,Metropolitana,1000000.0,CLP,42.5,2024-10-18 00:00:00.000000,2024-11-08 00:00:00.000000,Departamento,arriendo,agency
TT-2024-11-000480,toctoc,Cerrillos,Metropolitana,425000.0,CLP,32.0,2024-10-13 00:00:00.000000,2024-11-01 00:00:00.000000,departamento,Arriendo,agency
TT-2024-11-000052,toctoc,Independencia,Metropolitana,640000.0,CLP,75.6,2024-09-15 00:00:00.000000,2024-11-01 00:00:00.000000,departamento,Arriendo,agency
TT-2024-11-003319,toctoc,Providencia,Metropolitana,23.78,UF,48.4,2024-10-11 00:00:00.000000,2024-11-15 00:00:00.000000,Departamento,Arriendo,owner_direct
TT-2024-11-004844,toctoc,San Joaquín,Metropolitana,495000.0,CLP,48.8,2024-10-24 00:00:00.000000,2024-11-29 00:00:00.000000,departamento,Arriendo,agency
TT-2024-11-003794,toctoc,Ñuñoa,Metropolitana,30.0,UF,70.6,2024-11-02 00:00:00.000000,2024-11-22 00:00:00.000000,departamento,Arriendo,owner_direct
TT-2024-11-003795,toctoc,Providencia,Metropolitana,935000.0,CLP,45.0,2024-08-30 00:00:00.000000,2024-11-22 00:00:00.000000,DEPARTAMENTO,Arriendo,agency
TT-2024-11-001035,toctoc,Recoleta,Metropolitana,23.78,UF,83.2,2024-10-23 00:00:00.000000,2024-11-01 00:00:00.000000,DEPARTAMENTO,ARRIENDO,agency
TT-2024-11-002006,toctoc,La Florida,Metropolitana,13.65,UF,38.4,2024-10-11 00:00:00.000000,2024-11-08 00:00:00.000000,DEPARTAMENTO,ARRIENDO,owner_direct
TT-2024-11-004178,toctoc,Maipú,Metropolitana,12.16,UF,46.9,2024-10-17 00:00:00.000000,2024-11-22 00:00:00.000000,DEPARTAMENTO,arriendo,agency
TT-2024-11-000121,toctoc, Puente Alto,Metropolitana,12.3,UF,49.0,2024-09-19 00:00:00.000000,2024-11-01 00:00:00.000000,Departamento,Arriendo,owner_direct
TT-2024-11-000213,toctoc,Estación Central,Metropolitana,13.51,UF,48.4,2024-09-28 00:00:00.000000,2024-11-01 00:00:00.000000,departamento,arriendo,owner_direct
TT-2024-11-000177,toctoc,La Cisterna,Metropolitana,720000.0,CLP,93.6,2024-10-10 00:00:00.000000,2024-11-01 00:00:00.000000,departamento,Arriendo,agency
TT-2024-11-001178,toctoc,Estación Central,Metropolitana,25.95,UF,102.0,2024-10-04 00:00:00.000000,2024-11-01 00:00:00.000000,Departamento,ARRIENDO,owner_direct
TT-2024-11-000938,toctoc,Maipú,Metropolitana,760000.0,CLP,101.4,2024-09-24 00:00:00.000000,2024-11-01 00:00:00.000000,Departamento,arriendo,
TT-2024-11-003137,toctoc,Recoleta,Metropolitana,12.57,UF,47.1,2024-10-31 00:00:00.000000,2024-11-15 00:00:00.000000,departamento,Arriendo,owner_direct
TT-2024-11-004055,toctoc,Recoleta,Metropolitana,570000.0,CLP,51.8,2024-06-23 00:00:00.000000,2024-11-22 00:00:00.000000,departamento,Arriendo,agency
TT-2024-11-002364,toctoc,Las Condes,Metropolitana,51.22,UF,121.8,2024-11-04 00:00:00.000000,2024-11-15 00:00:00.000000,Departamento,Arriendo,agency
TT-2024-11-002800,toctoc,Independencia,Metropolitana,515000.0,CLP,43.4,2024-10-24 00:00:00.000000,2024-11-15 00:00:00.000000,Departamento,ARRIENDO,agency
TT-2024-11-003475,toctoc,Las Condes,Metropolitana,825000.0,CLP,27.0,2024-11-10 00:00:00.000000,2024-11-22 00:00:00.000000,DEPARTAMENTO,ARRIENDO,owner_direct
TT-2024-11-005339,toctoc,Conchalí,Metropolitana,12.16,UF,41.2,2024-11-16 00:00:00.000000,2024-11-29 00:00:00.000000,Departamento,Arriendo,agency
TT-2024-11-002034,toctoc,Santiago,Metropolitana,36.76,UF,143.9,2024-10-17 00:00:00.000000,2024-11-08 00:00:00.000000,departamento,ARRIENDO,agency
TT-2024-11-000158,toctoc,Recoleta,Metropolitana,405000.0,CLP,38.3,2024-08-28 00:00:00.000000,2024-11-01 00:00:00.000000,departamento,ARRIENDO,agency
TT-2024-11-003938,toctoc,Estación Central,Metropolitana,540000.0,CLP,36.3,2024-11-02 00:00:00.000000,2024-11-22 00:00:00.000000,departamento,arriendo,agency
TT-2024-11-003648,toctoc,Peñalolén,Metropolitana,19.59,UF,69.8,2024-10-27 00:00:00.000000,2024-11-22 00:00:00.000000,Departamento,ARRIENDO,agency
TT-2024-11-001407,toctoc,La Florida,Metropolitana,14.32,UF,48.1,2024-08-29 00:00:00.000000,2024-11-08 00:00:00.000000,Departamento,arriendo,owner_direct
TT-2024-11-002698,toctoc,Providencia,Metropolitana,910000.0,CLP,44.3,2024-10-26 00:00:00.000000,2024-11-15 00:00:00.000000,departamento,ARRIENDO,owner_direct
TT-2024-11-002240,toctoc,Santiago,Metropolitana,18.78,UF,61.5,2024-11-03 00:00:00.000000,2024-11-15 00:00:00.000000,departamento,arriendo,owner_direct
TT-2024-11-004742,toctoc,Santiago,Metropolitana,13.92,UF,49.3,2024-11-15 00:00:00.000000,2024-11-29 00:00:00.000000,DEPARTAMENTO,Arriendo,agency
TT-2024-11-001725,toctoc,San Joaquín,Metropolitana,12.57,UF,54.2,2024-10-10 00:00:00.000000,2024-11-08 00:00:00.000000,departamento,arriendo,agency
TT-2024-11-001397,toctoc,Santiago,Metropolitana,770000.0,CLP,60.8,2024-06-27 00:00:00.000000,2024-11-08 00:00:00.000000,departamento,arriendo,agency
TT-2024-11-005411,toctoc,Independencia,Metropolitana,15.14,UF,58.2,2024-10-21 00:00:00.000000,2024-11-29 00:00:00.000000,departamento,ARRIENDO,agency
TT-2024-11-003085,toctoc,San Miguel,Metropolitana,1065000.0,CLP,101.0,2024-10-29 00:00:00.000000,2024-11-15 00:00:00.000000,DEPARTAMENTO,Arriendo,agency
TT-2024-11-005423,toctoc,Puente Alto,Metropolitana,495000.0,CLP,60.4,2024-11-12 00:00:00.000000,2024-11-29 00:00:00.000000,DEPARTAMENTO,Arriendo,agency
TT-2024-11-004432,toctoc,Providencia,Metropolitana,21.89,UF,31.7,2024-10-26 00:00:00.000000,2024-11-29 00:00:00.000000,Departamento,arriendo,owner_direct
TT-2024-11-001435,toctoc,Macul,Metropolitana,17.57,UF,93.5,2024-10-24 00:00:00.000000,2024-11-08 00:00:00.000000,Departamento,arriendo,owner_direct
TT-2024-11-003302,toctoc,Peñalolén,Metropolitana,20.41,UF,73.6,2024-10-02 00:00:00.000000,2024-11-15 00:00:00.000000,Departamento,ARRIENDO,agency
TT-2024-11-000327,toctoc,Independencia,Metropolitana,450000.0,CLP,33.9,2024-10-20 00:00:00.000000,2024-11-01 00:00:00.000000,Departamento,arriendo,owner_direct
TT-2024-11-001559,toctoc,Independencia,Metropolitana,15.41,UF,51.5,2024-07-28 00:00:00.000000,2024-11-08 00:00:00.000000,DEPARTAMENTO,arriendo,agency
TT-2024-11-004564,toctoc,Macul,Metropolitana,13.65,UF,28.5,2024-10-31 00:00:00.000000,2024-11-29 00:00:00.000000,Departamento,ARRIENDO,agency
TT-2024-11-004907,toctoc,Estación Central,Metropolitana,465000.0,CLP,30.1,2024-10-23 00:00:00.000000,2024-11-29 00:00:00.000000,DEPARTAMENTO,arriendo,agency
TT-2024-11-003876,toctoc,Ñuñoa,Metropolitana,19.05,UF,35.9,2024-11-19 00:00:00.000000,2024-11-22 00:00:00.000000,departamento,ARRIENDO,agency
TT-2024-11-001185,toctoc,Santiago,Metropolitana,21.22,UF,64.3,2024-09-25 00:00:00.000000,2024-11-01 00:00:00.000000,Departamento,arriendo,agency
TT-2024-11-005014,toctoc,Las Condes,Metropolitana,33.92,UF,92.8,2024-10-14 00:00:00.000000,2024-11-29 00:00:00.000000,DEPARTAMENTO,ARRIENDO,owner_direct
TT-2024-11-003990,toctoc,Santiago,Metropolitana,14.86,UF,43.3,2024-11-03 00:00:00.000000,2024-11-22 00:00:00.000000,departamento,arriendo,owner_direct
TT-2024-11-003296,toctoc,Independencia,Metropolitana,12.57,UF,28.7,2024-05-21 00:00:00.000000,2024-11-15 00:00:00.000000,DEPARTAMENTO,ARRIENDO,agency
TT-2024-11-004019,toctoc,Maipú,Metropolitana,13.24,UF,42.8,2024-10-01 00:00:00.000000,2024-11-22 00:00:00.000000,departamento,arriendo,owner_direct
TT-2024-11-005041,toctoc,Santiago,Metropolitana,13.78,UF,49.2,2024-11-08 00:00:00.000000,2024-11-29 00:00:00.000000,departamento,Arriendo,agency
TT-2024-11-000475,toctoc,Ñuñoa,Metropolitana,840000.0,CLP,71.9,2024-09-07 00:00:00.000000,2024-11-01 00:00:00.000000,departamento,ARRIENDO,owner_direct
TT-2024-11-005282,toctoc,Cerrillos,Metropolitana,17.43,UF,60.2,2024-11-07 00:00:00.000000,2024-11-29 00:00:00.000000,DEPARTAMENTO,arriendo,agency
TT-2024-11-001790,toctoc,Recoleta,Metropolitana,12.03,UF,36.8,2024-10-22 00:00:00.000000,2024-11-08 00:00:00.000000,DEPARTAMENTO,ARRIENDO,agency
TT-2024-11-001957,toctoc,Recoleta,Metropolitana,16.22,UF,53.5,2024-10-02 00:00:00.000000,2024-11-08 00:00:00.000000,DEPARTAMENTO,arriendo,owner_direct
TT-2024-11-005006,toctoc,Estación Central,Metropolitana,15.81,UF,51.3,2024-11-20 00:00:00.000000,2024-11-29 00:00:00.000000,DEPARTAMENTO,ARRIENDO,agency
TT-2024-11-000362,toctoc,Pudahuel,Metropolitana,485000.0,CLP,45.5,2024-04-18 00:00:00.000000,2024-11-01 00:00:00.000000,DEPARTAMENTO,Arriendo,owner_direct
TT-2024-11-000097,toctoc,Santiago,Metropolitana,870000.0,CLP,66.3,2024-09-09 00:00:00.000000,2024-11-01 00:00:00.000000,DEPARTAMENTO,Arriendo,agency
TT-2024-11-004658,toctoc,Estación Central,Metropolitana,12.57,UF,42.5,2024-11-02 00:00:00.000000,2024-11-29 00:00:00.000000,departamento,ARRIENDO,agency
TT-2024-11-000667,toctoc,Las Condes,Metropolitana,25.95,UF,36.1,2024-10-06 00:00:00.000000,2024-11-01 00:00:00.000000,DEPARTAMENTO,arriendo,owner_direct
TT-2024-11-003782,toctoc,La Florida,Metropolitana,500000.0,CLP,42.9,2024-09-28 00:00:00.000000,2024-11-22 00:00:00.000000,departamento,Arriendo,agency
TT-2024-11-001506,toctoc,Ñuñoa,Metropolitana,905000.0,CLP,55.3,2024-10-08 00:00:00.000000,2024-11-08 00:00:00.000000,DEPARTAMENTO,Arriendo,agency
TT-2024-11-000672,toctoc,Quilicura,Metropolitana,580000.0,CLP,80.5,2024-10-17 00:00:00.000000,2024-11-01 00:00:00.000000,Departamento,ARRIENDO,agency
TT-2024-11-002453,toctoc,Santiago,Metropolitana,830000.0,CLP,75.7,2024-09-30 00:00:00.000000,2024-11-15 00:00:00.000000,departamento,ARRIENDO,agency
TT-2024-11-000203,toctoc,Independencia,Metropolitana,17.3,UF,58.8,2024-10-18 00:00:00.000000,2024-11-01 00:00:00.000000,DEPARTAMENTO,Arriendo,agency
TT-2024-11-003266,toctoc,Las Condes,Metropolitana,895000.0,CLP,31.7,2024-11-04 00:00:00.000000,2024-11-15 00:00:00.000000,Departamento,Arriendo,agency
TT-2024-11-002094,toctoc,Pudahuel,Metropolitana,14.46,UF,55.7,2024-10-11 00:00:00.000000,2024-11-08 00:00:00.000000,DEPARTAMENTO,Arriendo,agency
TT-2024-11-001009,toctoc,San Joaquín,Metropolitana,620000.0,CLP,56.5,2024-09-29 00:00:00.000000,2024-11-01 00:00:00.000000,departamento,Arriendo,agency
TT-2024-11-004473,toctoc,Providencia,Metropolitana,585000.0,CLP,34.0,2024-04-27 00:00:00.000000,2024-11-29 00:00:00.000000,departamento,arriendo,agency
TT-2024-11-000415,toctoc,Recoleta,Metropolitana,16.49,UF,53.1,2024-10-24 00:00:00.000000,2024-11-01 00:00:00.000000,Departamento,arriendo,owner_direct
TT-2024-11-003171,toctoc,Huechuraba,Metropolitana,620000.0,CLP,51.5,2024-11-07 00:00:00.000000,2024-11-15 00:00:00.000000,Departamento,Arriendo,agency
TT-2024-11-005468,toctoc,Recoleta,Metropolitana,14.86,UF,48.7,2024-08-10 00:00:00.000000,2024-11-29 00:00:00.000000,departamento,arriendo,agency
TT-2024-11-000611,toctoc,La Cisterna,Metropolitana,13.65,UF,53.6,2024-09-23 00:00:00.000000,2024-11-01 00:00:00.000000,departamento,arriendo,agency
TT-2024-11-000855,toctoc,Santiago,Metropolitana,17.84,UF,51.5,2024-09-21 00:00:00.000000,2024-11-01 00:00:00.000000,Departamento,arriendo,agency
TT-2024-11-003549,toctoc,Santiago,Metropolitana,20.27,UF,68.5,2024-10-21 00:00:00.000000,2024-11-22 00:00:00.000000,Departamento,ARRIENDO,agency
TT-2024-11-001786,toctoc,Santiago,Metropolitana,2180000.0,CLP,250.0,2024-07-07 00:00:00.000000,2024-11-08 00:00:00.000000,departamento,ARRIENDO,agency
TT-2024-11-003386,toctoc,Santiago,Metropolitana,605000.0,CLP,44.4,2024-09-29 00:00:00.000000,2024-11-22 00:00:00.000000,Departamento,arriendo,owner_direct
TT-2024-11-001858,toctoc,Peñalolén,Metropolitana,475000.0,CLP,34.6,2024-10-26 00:00:00.000000,2024-11-08 00:00:00.000000,departamento,arriendo,agency
TT-2024-11-001065,toctoc,Pudahuel,Metropolitana,1160000.0,CLP,133.1,2024-10-15 00:00:00.000000,2024-11-01 00:00:00.000000,Departamento,ARRIENDO,agency
TT-2024-11-003018,toctoc,Las Condes,Metropolitana,32.03,UF,80.3,2024-10-20 00:00:00.000000,2024-11-15 00:00:00.000000,DEPARTAMENTO,arriendo,owner_direct
TT-2024-11-000731,toctoc,La Reina,Metropolitana,19.59,UF,36.2,2024-07-14 00:00:00.000000,2024-11-01 00:00:00.000000,DEPARTAMENTO,Arriendo,agency
TT-2024-11-004981,toctoc,Estación Central,Metropolitana,10.54,UF,27.5,2024-11-21 00:00:00.000000,2024-11-29 00:00:00.000000,DEPARTAMENTO,arriendo,agency
TT-2024-11-003987,toctoc,Ñuñoa,Metropolitana,19.46,UF,42.9,2024-11-18 00:00:00.000000,2024-11-22 00:00:00.000000,Departamento,Arriendo,owner_direct
TT-2024-11-002204,toctoc,Ñuñoa,Metropolitana,985000.0,CLP,86.1,2024-10-13 00:00:00.000000,2024-11-15 00:00:00.000000,DEPARTAMENTO,Arriendo,agency
TT-2024-11-005132,toctoc,Cerrillos,Metropolitana,23.24,UF,125.2,2024-10-19 00:00:00.000000,2024-11-29 00:00:00.000000,Departamento,ARRIENDO,agency
TT-2024-11-001604,toctoc,La Reina,Metropolitana,920000.0,CLP,43.4,2024-10-18 00:00:00.000000,2024-11-08 00:00:00.000000,DEPARTAMENTO,arriendo,owner_direct
TT-2024-11-002328,toctoc,Santiago,Metropolitana,430000.0,CLP,35.9,2024-11-11 00:00:00.000000,2024-11-15 00:00:00.000000,Departamento,Arriendo,owner_direct
TT-2024-11-001058,toctoc,Santiago,Metropolitana,1130000.0,CLP,95.6,2024-10-18 00:00:00.000000,2024-11-01 00:00:00.000000,Departamento,Arriendo,agency
TT-2024-11-004127,toctoc,Ñuñoa,Metropolitana,25.54,UF,66.6,2024-08-17 00:00:00.000000,2024-11-22 00:00:00.000000,departamento,arriendo,owner_direct
TT-2024-11-004389,toctoc,Huechuraba,Metropolitana,22.97,UF,87.6,2024-11-12 00:00:00.000000,2024-11-29 00:00:00.000000,DEPARTAMENTO,arriendo,agency
TT-2024-11-000335,toctoc,Ñuñoa,Metropolitana,18.78,UF,36.9,2024-10-09 00:00:00.000000,2024-11-01 00:00:00.000000,DEPARTAMENTO,ARRIENDO,agency
TT-2024-11-002545,toctoc,estación central,Metropolitana,10.68,UF,38.6,2024-09-14 00:00:00.000000,2024-11-15 00:00:00.000000,DEPARTAMENTO,ARRIENDO,owner_direct
TT-2024-11-002011,toctoc,San Miguel,Metropolitana,605000.0,CLP,35.7,2024-10-04 00:00:00.000000,2024-11-08 00:00:00.000000,Departamento,arriendo,owner_direct
TT-2024-11-004954,toctoc,Providencia,Metropolitana,1590000.0,CLP,93.9,2024-11-11 00:00:00.000000,2024-11-29 00:00:00.000000,DEPARTAMENTO,Arriendo,agency
TT-2024-11-001485,toctoc,Estación Central,Metropolitana,10.54,UF,33.4,2024-10-11 00:00:00.000000,2024-11-08 00:00:00.000000,departamento,Arriendo,agency
TT-2024-11-000138,toctoc,La Florida,Metropolitana,660000.0,CLP,74.9,2024-10-24 00:00:00.000000,2024-11-01 00:00:00.000000,departamento,arriendo,owner_direct
TT-2024-11-005205,toctoc,La Cisterna,Metropolitana,20.68,UF,76.7,2024-11-04 00:00:00.000000,2024-11-29 00:00:00.000000,DEPARTAMENTO,Arriendo,owner_direct
TT-2024-11-002152,toctoc,Ñuñoa,Metropolitana,960000.0,CLP,68.0,2024-10-07 00:00:00.000000,2024-11-08 00:00:00.000000,DEPARTAMENTO,Arriendo,agency
TT-2024-11-002701,toctoc,Macul,Metropolitana,24.46,UF,77.4,2024-11-01 00:00:00.000000,2024-11-15 00:00:00.000000,departamento,ARRIENDO,agency
TT-2024-11-003118,toctoc,La Florida,Metropolitana,12.43,UF,34.7,2024-08-05 00:00:00.000000,2024-11-15 00:00:00.000000,DEPARTAMENTO,Arriendo,agency
TT-2024-11-002458,toctoc,Las Condes,Metropolitana,33.24,UF,78.4,2024-10-02 00:00:00.000000,2024-11-15 00:00:00.000000,Departamento,arriendo,agency
TT-2024-11-002435,toctoc,Maipú,Metropolitana,420000.0,CLP,26.9,2024-10-07 00:00:00.000000,2024-11-15 00:00:00.000000,Departamento,ARRIENDO,agency
TT-2024-11-004421,toctoc,La Cisterna,Metropolitana,15.0,UF,51.7,2024-11-13 00:00:00.000000,2024-11-29 00:00:00.000000,Departamento,Arriendo,agency
TT-2024-11-001022,toctoc,La Reina,Metropolitana,20.0,UF,50.6,2024-08-26 00:00:00.000000,2024-11-01 00:00:00.000000,departamento,ARRIENDO,owner_direct
TT-2024-11-002282,toctoc,Santiago,Metropolitana,660000.0,CLP,49.2,2024-11-09 00:00:00.000000,2024-11-15 00:00:00.000000,DEPARTAMENTO,arriendo,owner_direct
TT-2024-11-000974,toctoc,Independencia,Metropolitana,10.54,UF,25.2,2024-10-11 00:00:00.000000,2024-11-01 00:00:00.000000,departamento,ARRIENDO,agency
TT-2024-11-003072,toctoc,Santiago,Metropolitana,550000.0,CLP,33.9,2024-10-19 00:00:00.000000,2024-11-15 00:00:00.000000,DEPARTAMENTO,arriendo,agency
TT-2024-11-003318,toctoc,Santiago,Metropolitana,15.27,UF,43.1,2024-10-21 00:00:00.000000,2024-11-15 00:00:00.000000,Departamento,Arriendo,agency
TT-2024-11-000699,toctoc,Santiago,Metropolitana,900000.0,CLP,94.1,2024-09-21 00:00:00.000000,2024-11-01 00:00:00.000000,departamento,ARRIENDO,agency
TT-2024-11-004739,toctoc,San Joaquín,Metropolitana,445000.0,CLP,32.8,2024-11-19 00:00:00.000000,2024-11-29 00:00:00.000000,departamento,Arriendo,agency
TT-2024-11-004139,toctoc,San Miguel,Metropolitana,20.41,UF,64.2,2024-11-09 00:00:00.000000,2024-11-22 00:00:00.000000,DEPARTAMENTO,Arriendo,owner_direct
TT-2024-11-003538,toctoc,Estación Central,Metropolitana,12.57,UF,31.2,2024-11-02 00:00:00.000000,2024-11-22 00:00:00.000000,DEPARTAMENTO,arriendo,agency
TT-2024-11-005369,toctoc,San Miguel,Metropolitana,755000.0,CLP,59.2,2024-10-06 00:00:00.000000,2024-11-29 00:00:00.000000,DEPARTAMENTO,ARRIENDO,owner_direct
TT-2024-11-000085,toctoc,Ñuñoa,Metropolitana,830000.0,CLP,59.0,2024-09-22 00:00:00.000000,2024-11-01 00:00:00.000000,Departamento,arriendo,agency
TT-2024-11-001841,toctoc,Estación Central,Metropolitana,410000.0,CLP,35.7,2024-09-12 00:00:00.000000,2024-11-08 00:00:00.000000,departamento,arriendo,agency
TT-2024-11-004296,toctoc,San Miguel,Metropolitana,2040000.0,CLP,60.6,2024-11-09 00:00:00.000000,2024-11-29 00:00:00.000000,Departamento,Arriendo,agency
TT-2024-11-002841,toctoc,Independencia,Metropolitana,23.78,UF,88.2,2024-09-29 00:00:00.000000,2024-11-15 00:00:00.000000,departamento,arriendo,agency
TT-2024-11-004206,toctoc,Macul,Metropolitana,595000.0,CLP,48.2,2024-10-25 00:00:00.000000,2024-11-22 00:00:00.000000,departamento,Arriendo,agency
TT-2024-11-000891,toctoc,Santiago,Metropolitana,620000.0,CLP,40.1,2024-09-30 00:00:00.000000,2024-11-01 00:00:00.000000,departamento,arriendo,owner_direct
TT-2024-11-004335,toctoc,Santiago,Metropolitana,610000.0,CLP,49.9,2024-10-29 00:00:00.000000,2024-11-29 00:00:00.000000,Departamento,Arriendo,owner_direct
TT-2024-11-000071,toctoc,Estación Central,Metropolitana,535000.0,CLP,59.9,2024-10-10 00:00:00.000000,2024-11-01 00:00:00.000000,Departamento,ARRIENDO,owner_direct
TT-2024-11-000012,toctoc,San Miguel,Metropolitana,16.89,UF,55.9,2024-10-24 00:00:00.000000,2024-11-01 00:00:00.000000,Departamento,ARRIENDO,agency
TT-2024-11-004805,toctoc,Huechuraba,Metropolitana,610000.0,CLP,42.2,2024-11-18 00:00:00.000000,2024-11-29 00:00:00.000000,Departamento,Arriendo,owner_direct
TT-2024-11-003177,toctoc,Las Condes,Metropolitana,890000.0,CLP,32.3,2024-11-01 00:00:00.000000,2024-11-15 00:00:00.000000,departamento,ARRIENDO,
TT-2024-11-000115,toctoc,Ñuñoa,Metropolitana,650000.0,CLP,40.0,2024-10-11 00:00:00.000000,2024-11-01 00:00:00.000000,DEPARTAMENTO,arriendo,owner_direct
TT-2024-11-002338,toctoc,Recoleta,Metropolitana,11.22,UF,49.6,2024-09-16 00:00:00.000000,2024-11-15 00:00:00.000000,DEPARTAMENTO,arriendo,owner_direct
TT-2024-11-000931,toctoc,Las Condes,Metropolitana,1115000.0,CLP,56.5,2024-09-30 00:00:00.000000,2024-11-01 00:00:00.000000,Departamento,arriendo,agency
TT-2024-11-004177,toctoc,Las Condes,Metropolitana,1130000.0,CLP,51.2,2024-10-25 00:00:00.000000,2024-11-22 00:00:00.000000,DEPARTAMENTO,Arriendo,owner_direct
TT-2024-11-002319,toctoc,San Joaquín,Metropolitana,12.03,UF,43.9,2024-10-25 00:00:00.000000,2024-11-15 00:00:00.000000,departamento,ARRIENDO,agency
TT-2024-11-004820,toctoc,Maipú,Metropolitana,450000.0,CLP,30.5,2024-10-06 00:00:00.000000,2024-11-29 00:00:00.000000,Departamento,ARRIENDO,agency
TT-2024-11-000864,toctoc,Maipú,Metropolitana,435000.0,CLP,32.5,2024-09-24 00:00:00.000000,2024-11-01 00:00:00.000000,DEPARTAMENTO,arriendo,agency
TT-2024-11-003211,toctoc,Ñuñoa,Metropolitana,750000.0,CLP,42.6,2024-09-21 00:00:00.000000,2024-11-15 00:00:00.000000,DEPARTAMENTO,ARRIENDO,owner_direct
TT-2024-11-002475,toctoc,Conchalí,Metropolitana,520000.0,CLP,57.1,2024-11-13 00:00:00.000000,2024-11-15 00:00:00.000000,departamento,Arriendo,agency
TT-2024-11-000766,toctoc,San Miguel,Metropolitana,950000.0,CLP,99.8,2024-10-26 00:00:00.000000,2024-11-01 00:00:00.000000,departamento,ARRIENDO,agency
TT-2024-11-004968,toctoc, Santiago,Metropolitana,820000.0,CLP,59.9,2024-11-15 00:00:00.000000,2024-11-29 00:00:00.000000,Departamento,Arriendo,owner_direct
TT-2024-11-005049,toctoc,Providencia ,Metropolitana,1225000.0,CLP,56.3,2024-11-10 00:00:00.000000,2024-11-29 00:00:00.000000,DEPARTAMENTO,Arriendo,agency
TT-2024-11-001987,toctoc,Huechuraba,Metropolitana,15.81,UF,43.7,2024-10-16 00:00:00.000000,2024-11-08 00:00:00.000000,Departamento,Arriendo,owner_direct
TT-2024-11-000443,toctoc,La Cisterna,Metropolitana,16.22,UF,58.9,2024-09-20 00:00:00.000000,2024-11-01 00:00:00.000000,departamento,Arriendo,agency
TT-2024-11-002655,toctoc,Recoleta,Metropolitana,14.32,UF,48.0,2024-10-05 00:00:00.000000,2024-11-15 00:00:00.000000,Departamento,ARRIENDO,owner_direct
TT-2024-11-003213,toctoc,La Reina,Metropolitana,940000.0,CLP,57.7,2024-09-30 00:00:00.000000,2024-11-15 00:00:00.000000,Departamento,ARRIENDO,owner_direct
TT-2024-11-003985,toctoc,La Reina,Metropolitana,20.81,UF,39.0,2024-10-21 00:00:00.000000,2024-11-22 00:00:00.000000,DEPARTAMENTO,Arriendo,owner_direct
TT-2024-11-005107,toctoc,Las Condes,Metropolitana,25.68,UF,42.6,2024-10-30 00:00:00.000000,2024-11-29 00:00:00.000000,Departamento,arriendo,owner_direct
TT-2024-11-004847,toctoc,San Joaquín,Metropolitana,735000.0,CLP,77.9,2024-11-21 00:00:00.000000,2024-11-29 00:00:00.000000,Departamento,ARRIENDO,agency
TT-2024-11-004354,toctoc,La Cisterna,Metropolitana,680000.0,CLP,61.6,2024-11-26 00:00:00.000000,2024-11-29 00:00:00.000000,Departamento,ARRIENDO,owner_direct
TT-2024-11-004514,toctoc,San Miguel,Metropolitana,17.97,UF,63.9,2024-11-23 00:00:00.000000,2024-11-29 00:00:00.000000,DEPARTAMENTO,ARRIENDO,agency
TT-2024-11-004257,toctoc,Huechuraba,Metropolitana,750000.0,CLP,58.7,2024-09-23 00:00:00.000000,2024-11-22 00:00:00.000000,departamento,ARRIENDO,agency
TT-2024-11-002681,toctoc,Santiago,Metropolitana,525000.0,CLP,31.2,2024-09-23 00:00:00.000000,2024-11-15 00:00:00.000000,Departamento,arriendo,owner_direct
TT-2024-11-001839,toctoc,San Miguel,Metropolitana,570000.0,CLP,37.9,2024-10-10 00:00:00.000000,2024-11-08 00:00:00.000000,DEPARTAMENTO,arriendo,agency
TT-2024-11-002818,toctoc,Ñuñoa,Metropolitana,21.35,UF,62.9,2024-10-10 00:00:00.000000,2024-11-15 00:00:00.000000,departamento,ARRIENDO,owner_direct
TT-2024-11-001205,toctoc,quinta normal,Metropolitana,20.14,UF,82.3,2024-10-10 00:00:00.000000,2024-11-01 00:00:00.000000,Departamento,ARRIENDO,owner_direct
TT-2024-11-002881,toctoc,Santiago,Metropolitana,550000.0,CLP,37.0,2024-05-16 00:00:00.000000,2024-11-15 00:00:00.000000,departamento,arriendo,
TT-2024-11-003414,toctoc,Providencia,Metropolitana,192.03,UF,650.0,2024-11-03 00:00:00.000000,2024-11-22 00:00:00.000000,DEPARTAMENTO,ARRIENDO,agency
TT-2024-11-004830,toctoc,Estación Central,Metropolitana,15.54,UF,51.8,2024-11-09 00:00:00.000000,2024-11-29 00:00:00.000000,departamento,Arriendo,agency
TT-2024-11-000678,toctoc,Santiago,Metropolitana,15.14,UF,44.1,2024-10-16 00:00:00.000000,2024-11-01 00:00:00.000000,departamento,arriendo,agency
TT-2024-11-003870,toctoc,La Reina,Metropolitana,53.92,UF,35.5,2024-05-30 00:00:00.000000,2024-11-22 00:00:00.000000,departamento,arriendo,agency
TT-2024-11-005206,toctoc,Las Condes,Metropolitana,21.89,UF,31.2,2024-10-24 00:00:00.000000,2024-11-29 00:00:00.000000,Departamento,ARRIENDO,owner_direct
TT-2024-11-000573,toctoc,Ñuñoa,Metropolitana,21.76,UF,48.0,2024-10-24 00:00:00.000000,2024-11-01 00:00:00.000000,Departamento,ARRIENDO,agency
TT-2024-11-002905,toctoc,La Florida,Metropolitana,22.43,UF,61.8,2024-11-06 00:00:00.000000,2024-11-15 00:00:00.000000,Departamento,ARRIENDO,agency
TT-2024-11-002392,toctoc,Puente Alto,Metropolitana,13.92,UF,57.9,2024-10-04 00:00:00.000000,2024-11-15 00:00:00.000000,DEPARTAMENTO,Arriendo,owner_direct
TT-2024-11-001266,toctoc,Recoleta,Metropolitana,420000.0,CLP,42.2,2024-10-30 00:00:00.000000,2024-11-08 00:00:00.000000,Departamento,Arriendo,agency
TT-2024-11-004988,toctoc,Santiago,Metropolitana,745000.0,CLP,55.3,2024-09-25 00:00:00.000000,2024-11-29 00:00:00.000000,departamento,Arriendo,owner_direct
TT-2024-11-003496,toctoc,Providencia,Metropolitana,955000.0,CLP,34.9,2024-10-30 00:00:00.000000,2024-11-22 00:00:00.000000,Departamento,Arriendo,owner_direct
TT-2024-11-003013,toctoc,Macul,Metropolitana,12.03,UF,26.6,2024-10-26 00:00:00.000000,2024-11-15 00:00:00.000000,departamento,Arriendo,agency
TT-2024-11-000711,toctoc,Las Condes,Metropolitana,13115000.0,CLP,999.0,2024-10-18 00:00:00.000000,2024-11-01 00:00:00.000000,Departamento,ARRIENDO,owner_direct
TT-2024-11-000359,toctoc,Maipú,Metropolitana,14.46,UF,48.1,2024-10-17 00:00:00.000000,2024-11-01 00:00:00.000000,DEPARTAMENTO,ARRIENDO,agency
TT-2024-11-003125,toctoc,Macul,Metropolitana,645000.0,CLP,73.0,2024-10-27 00:00:00.000000,2024-11-15 00:00:00.000000,Departamento,arriendo,owner_direct
TT-2024-11-002028,toctoc,Independencia,Metropolitana,425000.0,CLP,33.6,2024-10-18 00:00:00.000000,2024-11-08 00:00:00.000000,departamento,arriendo,owner_direct
TT-2024-11-000272,toctoc,Independencia,Metropolitana,17.7,UF,58.8,2024-10-22 00:00:00.000000,2024-11-01 00:00:00.000000,DEPARTAMENTO,Arriendo,agency
TT-2024-11-004644,toctoc,Quinta Normal,Metropolitana,11.08,UF,38.1,2024-11-28 00:00:00.000000,2024-11-29 00:00:00.000000,DEPARTAMENTO,arriendo,agency
TT-2024-11-003307,toctoc,Las Condes,Metropolitana,755000.0,CLP,20.7,2024-10-24 00:00:00.000000,2024-11-15 00:00:00.000000,departamento,Arriendo,agency
TT-2024-11-001038,toctoc,Providencia,Metropolitana,18.78,UF,22.9,2024-10-14 00:00:00.000000,2024-11-01 00:00:00.000000,DEPARTAMENTO,arriendo,owner_direct
TT-2024-11-000754,toctoc,Renca,Metropolitana,12.7,UF,60.9,2024-10-14 00:00:00.000000,2024-11-01 00:00:00.000000,departamento,ARRIENDO,agency
TT-2024-11-002036,toctoc,Recoleta,Metropolitana,11.62,UF,29.6,2024-10-30 00:00:00.000000,2024-11-08 00:00:00.000000,DEPARTAMENTO,ARRIENDO,owner_direct
TT-2024-11-004842,toctoc,Pudahuel,Metropolitana,11.35,UF,33.5,2024-11-17 00:00:00.000000,2024-11-29 00:00:00.000000,departamento,Arriendo,agency
TT-2024-11-001917,toctoc,San Miguel,Metropolitana,16.35,UF,49.2,2024-10-20 00:00:00.000000,2024-11-08 00:00:00.000000,DEPARTAMENTO,arriendo,agency
TT-2024-11-002729,toctoc,La Cisterna,Metropolitana,445000.0,CLP,33.1,2024-09-30 00:00:00.000000,2024-11-15 00:00:00.000000,departamento,ARRIENDO,agency
TT-2024-11-002271,toctoc,Recoleta,Metropolitana,480000.0,CLP,47.0,2024-11-04 00:00:00.000000,2024-11-15 00:00:00.000000,Departamento,Arriendo,agency
TT-2024-11-002620,toctoc,San Miguel,Metropolitana,595000.0,CLP,46.7,2024-10-13 00:00:00.000000,2024-11-15 00:00:00.000000,DEPARTAMENTO,ARRIENDO,agency
TT-2024-11-004362,toctoc,Estación Central,Metropolitana,735000.0,CLP,108.3,2024-10-27 00:00:00.000000,2024-11-29 00:00:00.000000,Departamento,ARRIENDO,agency
TT-2024-11-002500,toctoc,Conchalí,Metropolitana,380000.0,CLP,34.1,2024-10-11 00:00:00.000000,2024-11-15 00:00:00.000000,DEPARTAMENTO,arriendo,agency
TT-2024-11-002061,toctoc,San Joaquín,Metropolitana,540000.0,CLP,56.7,2024-09-30 00:00:00.000000,2024-11-08 00:00:00.000000,departamento,Arriendo,owner_direct
TT-2024-11-001828,toctoc,Las Condes,Metropolitana,935000.0,CLP,45.8,2024-10-25 00:00:00.000000,2024-11-08 00:00:00.000000,DEPARTAMENTO,ARRIENDO,agency
TT-2024-11-002220,toctoc,Lo Barnechea,Metropolitana,35.95,UF,76.1,2024-11-09 00:00:00.000000,2024-11-15 00:00:00.000000,departamento,ARRIENDO,agency
TT-2024-11-005207,toctoc,Las Condes,Metropolitana,31.49,UF,68.4,2024-10-08 00:00:00.000000,2024-11-29 00:00:00.000000,Departamento,arriendo,agency
TT-2024-11-001347,toctoc,Maipú,Metropolitana,16.49,UF,69.2,2024-10-10 00:00:00.000000,2024-11-08 00:00:00.000000,DEPARTAMENTO,ARRIENDO,agency
TT-2024-11-000120,toctoc,ESTACIÓN CENTRAL,Metropolitana,17.43,UF,61.4,2024-10-27 00:00:00.000000,2024-11-01 00:00:00.000000,DEPARTAMENTO,Arriendo,owner_direct
TT-2024-11-002163,toctoc,Las Condes,Metropolitana,40.27,UF,73.1,2024-10-20 00:00:00.000000,2024-11-08 00:00:00.000000,Departamento,ARRIENDO,agency
TT-2024-11-003275,toctoc,Ñuñoa,Metropolitana,18.11,UF,47.8,2024-10-30 00:00:00.000000,2024-11-15 00:00:00.000000,departamento,Arriendo,agency
TT-2024-11-000889,toctoc,Providencia,Metropolitana,1105000.0,CLP,60.8,2024-10-25 00:00:00.000000,2024-11-01 00:00:00.000000,departamento,Arriendo,agency
TT-2024-11-002255,toctoc,Las Condes,Metropolitana,30.41,UF,55.9,2024-11-02 00:00:00.000000,2024-11-15 00:00:00.000000,departamento,arriendo,agency
TT-2024-11-005390,toctoc,Puente Alto,Metropolitana,8.78,UF,40.8,2024-11-17 00:00:00.000000,2024-11-29 00:00:00.000000,DEPARTAMENTO,arriendo,agency
TT-2024-11-003015,toctoc,La Reina,Metropolitana,935000.0,CLP,58.0,2024-10-27 00:00:00.000000,2024-11-15 00:00:00.000000,Departamento,Arriendo,agency
TT-2024-11-004668,toctoc,San Joaquín,Metropolitana,16.35,UF,66.0,2024-11-19 00:00:00.000000,2024-11-29 00:00:00.000000,departamento,ARRIENDO,agency
TT-2024-11-001992,toctoc,Estación Central,Metropolitana,585000.0,CLP,59.8,2024-09-30 00:00:00.000000,2024-11-08 00:00:00.000000,DEPARTAMENTO,Arriendo,agency
TT-2024-11-001450,toctoc,Las Condes,Metropolitana,1325000.0,CLP,63.9,2024-05-11 00:00:00.000000,2024-11-08 00:00:00.000000,departamento,arriendo,agency
TT-2024-11-000061,toctoc,Santiago,Metropolitana,645000.0,CLP,56.5,2024-10-11 00:00:00.000000,2024-11-01 00:00:00.000000,Departamento,arriendo,agency
TT-2024-11-004895,toctoc,Estación Central,Metropolitana,13.24,UF,51.0,2024-10-28 00:00:00.000000,2024-11-29 00:00:00.000000,DEPARTAMENTO,Arriendo,agency
TT-2024-11-002817,toctoc,La Florida,Metropolitana,10.95,UF,35.6,2024-11-03 00:00:00.000000,2024-11-15 00:00:00.000000,Departamento,Arriendo,owner_direct
TT-2024-11-000288,toctoc,Macul,Metropolitana,575000.0,CLP,33.2,2024-10-28 00:00:00.000000,2024-11-01 00:00:00.000000,DEPARTAMENTO,Arriendo,owner_direct
TT-2024-11-002632,toctoc,Ñuñoa,Metropolitana,34.86,UF,105.3,2024-10-12 00:00:00.000000,2024-11-15 00:00:00.000000,Departamento,ARRIENDO,agency
TT-2024-11-004351,toctoc,Estación Central,Metropolitana,445000.0,CLP,22.4,2024-08-06 00:00:00.000000,2024-11-29 00:00:00.000000,departamento,Arriendo,owner_direct
TT-2024-11-001301,toctoc,Ñuñoa,Metropolitana,18.24,UF,43.1,2024-10-04 00:00:00.000000,2024-11-08 00:00:00.000000,Departamento,arriendo,owner_direct
TT-2024-11-004996,toctoc,Santiago,Metropolitana,13.65,UF,41.7,2024-10-20 00:00:00.000000,2024-11-29 00:00:00.000000,Departamento,arriendo,owner_direct
TT-2024-11-000331,toctoc,Santiago,Metropolitana,475000.0,CLP,30.7,2024-10-17 00:00:00.000000,2024-11-01 00:00:00.000000,DEPARTAMENTO,Arriendo,agency
TT-2024-11-002617,toctoc,Independencia,Metropolitana,20.81,UF,67.4,2024-09-20 00:00:00.000000,2024-11-15 00:00:00.000000,DEPARTAMENTO,Arriendo,agency
TT-2024-11-004145,toctoc,La Reina,Metropolitana,710000.0,CLP,28.6,2024-11-02 00:00:00.000000,2024-11-22 00:00:00.000000,departamento,Arriendo,owner_direct
TT-2024-11-004993,toctoc,Quilicura,Metropolitana,535000.0,CLP,43.2,2024-11-11 00:00:00.000000,2024-11-29 00:00:00.000000,departamento,ARRIENDO,agency
TT-2024-11-005288,toctoc,Santiago,Metropolitana,16.62,UF,39.2,2024-11-11 00:00:00.000000,2024-11-29 00:00:00.000000,departamento,arriendo,agency
TT-2024-11-002335,toctoc,Santiago,Metropolitana,480000.0,CLP,29.9,2024-10-20 00:00:00.000000,2024-11-15 00:00:00.000000,departamento,ARRIENDO,agency
TT-2024-11-001643,toctoc,Santiago,Metropolitana,540000.0,CLP,31.0,2024-10-22 00:00:00.000000,2024-11-08 00:00:00.000000,departamento,ARRIENDO,agency
TT-2024-11-001774,toctoc,Ñuñoa,Metropolitana,17.84,UF,46.2,2024-11-03 00:00:00.000000,2024-11-08 00:00:00.000000,DEPARTAMENTO,arriendo,agency
TT-2024-11-005009,toctoc,Peñalolén,Metropolitana,16.35,UF,52.7,2024-10-21 00:00:00.000000,2024-11-29 00:00:00.000000,Departamento,Arriendo,owner_direct
TT-2024-11-004761,toctoc,Huechuraba,Metropolitana,590000.0,CLP,42.2,2024-11-05 00:00:00.000000,2024-11-29 00:00:00.000000,departamento,arriendo,agency
TT-2024-11-000673,toctoc,Lo Barnechea,Metropolitana,865000.0,CLP,56.1,2024-03-02 00:00:00.000000,2024-11-01 00:00:00.000000,DEPARTAMENTO,ARRIENDO,agency
TT-2024-11-000829,toctoc,Las Condes,Metropolitana,35.54,UF,87.8,2024-09-22 00:00:00.000000,2024-11-01 00:00:00.000000,departamento,ARRIENDO,agency
TT-2024-11-004970,toctoc,San Joaquín,Metropolitana,745000.0,CLP,88.4,2024-11-08 00:00:00.000000,2024-11-29 00:00:00.000000,departamento,Arriendo,owner_direct
TT-2024-11-003191,toctoc,Peñalolén,Metropolitana,455000.0,CLP,41.7,2024-10-17 00:00:00.000000,2024-11-15 00:00:00.000000,Departamento,ARRIENDO,agency
TT-2024-11-004801,toctoc,Macul,Metropolitana,475000.0,CLP,36.4,2024-11-12 00:00:00.000000,2024-11-29 00:00:00.000000,Departamento,arriendo,agency
TT-2024-11-004063,toctoc,Puente Alto,Metropolitana,445000.0,CLP,64.2,2024-11-15 00:00:00.000000,2024-11-22 00:00:00.000000,DEPARTAMENTO,Arriendo,agency
TT-2024-11-001974,toctoc,Puente Alto,Metropolitana,12.84,UF,68.2,2024-10-07 00:00:00.000000,2024-11-08 00:00:00.000000,DEPARTAMENTO,ARRIENDO,owner_direct
TT-2024-11-000455,toctoc,La Reina,Metropolitana,23.38,UF,47.3,2024-10-18 00:00:00.000000,2024-11-01 00:00:00.000000,Departamento,ARRIENDO,owner_direct
TT-2024-11-003086,toctoc,La Florida,Metropolitana,17.3,UF,82.4,2024-11-01 00:00:00.000000,2024-11-15 00:00:00.000000,departamento,arriendo,agency
TT-2024-11-001265,toctoc,San Miguel,Metropolitana,775000.0,CLP,60.7,2024-10-30 00:00:00.000000,2024-11-08 00:00:00.000000,DEPARTAMENTO,arriendo,owner_direct
TT-2024-11-001453,toctoc,Estación Central,Metropolitana,10.14,UF,20.0,2024-09-24 00:00:00.000000,2024-11-08 00:00:00.000000,Departamento,arriendo,owner_direct
TT-2024-11-000444,toctoc,Ñuñoa,Metropolitana,22.57,UF,65.1,2024-10-22 00:00:00.000000,2024-11-01 00:00:00.000000,DEPARTAMENTO,arriendo,agency
TT-2024-11-001214,toctoc,Huechuraba,Metropolitana,17.03,UF,63.7,2024-10-20 00:00:00.000000,2024-11-08 00:00:00.000000,Departamento,ARRIENDO,agency
TT-2024-11-005313,toctoc,Quinta Normal,Metropolitana,12.57,UF,46.6,2024-08-04 00:00:00.000000,2024-11-29 00:00:00.000000,DEPARTAMENTO,Arriendo,agency
TT-2024-11-001967,toctoc,Santiago,Metropolitana,785000.0,CLP,74.8,2024-10-19 00:00:00.000000,2024-11-08 00:00:00.000000,departamento,arriendo,
TT-2024-11-005062,toctoc,Recoleta,Metropolitana,14.19,UF,36.2,2024-10-30 00:00:00.000000,2024-11-29 00:00:00.000000,DEPARTAMENTO,Arriendo,agency
TT-2024-11-003835,toctoc,Cerrillos,Metropolitana,12.7,UF,44.7,2024-11-02 00:00:00.000000,2024-11-22 00:00:00.000000,departamento,ARRIENDO,agency
TT-2024-11-003624,toctoc,Santiago,Metropolitana,735000.0,CLP,72.3,2024-11-08 00:00:00.000000,2024-11-22 00:00:00.000000,Departamento,ARRIENDO,agency
TT-2024-11-005256,toctoc,Conchalí,Metropolitana,11.35,UF,34.1,2024-11-16 00:00:00.000000,2024-11-29 00:00:00.000000,Departamento,arriendo,agency
TT-2024-11-001678,toctoc,Quinta Normal,Metropolitana,470000.0,CLP,44.1,2024-10-16 00:00:00.000000,2024-11-08 00:00:00.000000,Departamento,Arriendo,agency
TT-2024-11-004284,toctoc,Santiago,Metropolitana,545000.0,CLP,39.3,2024-11-17 00:00:00.000000,2024-11-22 00:00:00.000000,departamento,Arriendo,owner_direct
TT-2024-11-000786,toctoc,Independencia,Metropolitana,675000.0,CLP,84.0,2024-10-28 00:00:00.000000,2024-11-01 00:00:00.000000,departamento,Arriendo,
TT-2024-11-000660,toctoc,Santiago,Metropolitana,17.84,UF,53.6,2024-10-15 00:00:00.000000,2024-11-01 00:00:00.000000,Departamento,arriendo,agency
TT-2024-11-000761,toctoc,Providencia,Metropolitana,24.73,UF,42.0,2024-10-23 00:00:00.000000,2024-11-01 00:00:00.000000,DEPARTAMENTO,arriendo,agency
TT-2024-11-001193,toctoc,Santiago,Metropolitana,870000.0,CLP,75.9,2024-09-15 00:00:00.000000,2024-11-01 00:00:00.000000,DEPARTAMENTO,ARRIENDO,agency
TT-2024-11-004304,toctoc,Ñuñoa,Metropolitana,31.89,UF,84.7,2024-11-22 00:00:00.000000,2024-11-29 00:00:00.000000,DEPARTAMENTO,ARRIENDO,agency
TT-2024-11-000176,toctoc,Ñuñoa,Metropolitana,17.7,UF,39.5,2024-10-17 00:00:00.000000,2024-11-01 00:00:00.000000,DEPARTAMENTO,ARRIENDO,agency
TT-2024-11-004513,toctoc,Conchalí,Metropolitana,390000.0,CLP,38.8,2024-11-12 00:00:00.000000,2024-11-29 00:00:00.000000,DEPARTAMENTO,ARRIENDO,owner_direct
TT-2024-11-003811,toctoc,Macul,Metropolitana,13.78,UF,40.4,2024-11-17 00:00:00.000000,2024-11-22 00:00:00.000000,Departamento,arriendo,owner_direct
TT-2024-11-001869,toctoc,La Florida,Metropolitana,15.27,UF,42.8,2024-09-30 00:00:00.000000,2024-11-08 00:00:00.000000,Departamento,Arriendo,agency
TT-2024-11-002987,toctoc,La Cisterna,Metropolitana,495000.0,CLP,40.0,2024-11-09 00:00:00.000000,2024-11-15 00:00:00.000000,DEPARTAMENTO,Arriendo,owner_direct
TT-2024-11-003979,toctoc,Estación Central,Metropolitana,365000.0,CLP,34.9,2024-10-13 00:00:00.000000,2024-11-22 00:00:00.000000,Departamento,ARRIENDO,agency
TT-2024-11-005372,toctoc,Santiago,Metropolitana,1055000.0,CLP,80.6,2024-11-05 00:00:00.000000,2024-11-29 00:00:00.000000,Departamento,Arriendo,owner_direct
TT-2024-11-004249,toctoc,Vitacura,Metropolitana,39.05,UF,69.0,2024-11-06 00:00:00.000000,2024-11-22 00:00:00.000000,departamento,arriendo,agency
TT-2024-11-000286,toctoc,Quinta Normal,Metropolitana,465000.0,CLP,39.5,2024-10-11 00:00:00.000000,2024-11-01 00:00:00.000000,departamento,arriendo,agency
TT-2024-11-002299,toctoc,La Florida,Metropolitana,600000.0,CLP,65.8,2024-11-01 00:00:00.000000,2024-11-15 00:00:00.000000,departamento,Arriendo,agency
TT-2024-11-001328,toctoc,Santiago,Metropolitana,16.89,UF,41.2,2024-10-30 00:00:00.000000,2024-11-08 00:00:00.000000,departamento,Arriendo,agency
TT-2024-11-000127,toctoc,Santiago,Metropolitana,20.68,UF,77.3,2024-08-31 00:00:00.000000,2024-11-01 00:00:00.000000,departamento,Arriendo,agency
TT-2024-11-001539,toctoc,Independencia,Metropolitana,20.68,UF,96.8,2024-11-07 00:00:00.000000,2024-11-08 00:00:00.000000,departamento,ARRIENDO,owner_direct
TT-2024-11-001884,toctoc,Lo Barnechea,Metropolitana,910000.0,CLP,60.4,2024-08-30 00:00:00.000000,2024-11-08 00:00:00.000000,departamento,ARRIENDO,agency
TT-2024-11-002370,toctoc,Maipú,Metropolitana,980000.0,CLP,115.3,2024-10-08 00:00:00.000000,2024-11-15 00:00:00.000000,departamento,ARRIENDO,owner_direct
TT-2024-11-000565,toctoc,Independencia,Metropolitana,955000.0,CLP,101.6,2024-10-16 00:00:00.000000,2024-11-01 00:00:00.000000,departamento,Arriendo,agency
TT-2024-11-003662,toctoc,Santiago,Metropolitana,16.76,UF,48.0,2024-10-24 00:00:00.000000,2024-11-22 00:00:00.000000,Departamento,ARRIENDO,owner_direct
TT-2024-11-003770,toctoc,Peñalolén,Metropolitana,16.22,UF,46.9,2024-07-10 00:00:00.000000,2024-11-22 00:00:00.000000,DEPARTAMENTO,arriendo,agency
TT-2024-11-001367,toctoc,Quilicura,Metropolitana,11.08,UF,38.6,2024-09-12 00:00:00.000000,2024-11-08 00:00:00.000000,DEPARTAMENTO,arriendo,owner_direct
TT-2024-11-000518,toctoc,Maipú,Metropolitana,460000.0,CLP,40.6,2024-10-08 00:00:00.000000,2024-11-01 00:00:00.000000,departamento,ARRIENDO,owner_direct
TT-2024-11-003944,toctoc,Quinta Normal,Metropolitana,13.51,UF,49.3,2024-11-17 00:00:00.000000,2024-11-22 00:00:00.000000,departamento,arriendo,agency
TT-2024-11-003546,toctoc,Estación Central,Metropolitana,13.92,UF,41.9,2024-11-09 00:00:00.000000,2024-11-22 00:00:00.000000,Departamento,arriendo,agency
TT-2024-11-000091,toctoc,Lo Barnechea,Metropolitana,19.46,UF,30.5,2024-09-15 00:00:00.000000,2024-11-01 00:00:00.000000,Departamento,ARRIENDO,owner_direct
TT-2024-11-002785,toctoc,Peñalolén,Metropolitana,635000.0,CLP,58.8,2024-10-06 00:00:00.000000,2024-11-15 00:00:00.000000,departamento,arriendo,agency
TT-2024-11-003600,toctoc,Santiago,Metropolitana,470000.0,CLP,34.8,2024-11-14 00:00:00.000000,2024-11-22 00:00:00.000000,departamento,arriendo,owner_direct
TT-2024-11-003149,toctoc,La Florida,Metropolitana,735000.0,CLP,72.5,2024-04-23 00:00:00.000000,2024-11-15 00:00:00.000000,Departamento,Arriendo,agency
TT-2024-11-001353,toctoc,Vitacura,Metropolitana,34.19,UF,60.7,2024-10-12 00:00:00.000000,2024-11-08 00:00:00.000000,DEPARTAMENTO,Arriendo,owner_direct
TT-2024-11-001558,toctoc,La Florida,Metropolitana,675000.0,CLP,58.3,2024-10-27 00:00:00.000000,2024-11-08 00:00:00.000000,departamento,Arriendo,agency
TT-2024-11-003166,toctoc,Recoleta,Metropolitana,625000.0,CLP,61.7,2024-10-14 00:00:00.000000,2024-11-15 00:00:00.000000,Departamento,Arriendo,agency
TT-2024-11-001902,toctoc,Santiago,Metropolitana,665000.0,CLP,63.8,2024-10-28 00:00:00.000000,2024-11-08 00:00:00.000000,Departamento,Arriendo,agency
TT-2024-11-000622,toctoc,San Miguel,Metropolitana,860000.0,CLP,89.3,2024-08-04 00:00:00.000000,2024-11-01 00:00:00.000000,departamento,ARRIENDO,agency
TT-2024-11-001235,toctoc,Providencia,Metropolitana,27.7,UF,64.6,2024-10-13 00:00:00.000000,2024-11-08 00:00:00.000000,Departamento,Arriendo,owner_direct
TT-2024-11-005156,toctoc,La Florida,Metropolitana,14.86,UF,49.2,2024-10-09 00:00:00.000000,2024-11-29 00:00:00.000000,Departamento,arriendo,agency
TT-2024-11-004821,toctoc,San Joaquín,Metropolitana,12.57,UF,44.5,2024-11-28 00:00:00.000000,2024-11-29 00:00:00.000000,departamento,Arriendo,agency
TT-2024-11-002012,toctoc,Santiago,Metropolitana,20.68,UF,57.4,2024-11-06 00:00:00.000000,2024-11-08 00:00:00.000000,departamento,Arriendo,owner_direct
TT-2024-11-003515,toctoc,La Cisterna,Metropolitana,480000.0,CLP,40.8,2024-11-13 00:00:00.000000,2024-11-22 00:00:00.000000,DEPARTAMENTO,Arriendo,owner_direct
TT-2024-11-003113,toctoc,San Miguel,Metropolitana,19.59,UF,65.6,2024-11-07 00:00:00.000000,2024-11-15 00:00:00.000000,departamento,Arriendo,owner_direct
TT-2024-11-004877,toctoc,Las Condes,Metropolitana,8705000.0,CLP,37.5,2024-11-18 00:00:00.000000,2024-11-29 00:00:00.000000,DEPARTAMENTO,Arriendo,agency
TT-2024-11-002915,toctoc,Santiago,Metropolitana,700000.0,CLP,45.5,2024-10-31 00:00:00.000000,2024-11-15 00:00:00.000000,Departamento,arriendo,agency
TT-2024-11-005466,toctoc,Santiago,Metropolitana,16.35,UF,43.4,2024-08-02 00:00:00.000000,2024-11-29 00:00:00.000000,Departamento,ARRIENDO,owner_direct
TT-2024-11-000427,toctoc,Santiago,Metropolitana,20.41,UF,61.1,2024-10-03 00:00:00.000000,2024-11-01 00:00:00.000000,departamento,arriendo,agency
TT-2024-11-001960,toctoc,Estación Central,Metropolitana,11.76,UF,48.5,2024-08-08 00:00:00.000000,2024-11-08 00:00:00.000000,DEPARTAMENTO,arriendo,agency
TT-2024-11-000737,toctoc,Independencia,Metropolitana,14.73,UF,48.8,2024-09-17 00:00:00.000000,2024-11-01 00:00:00.000000,DEPARTAMENTO,Arriendo,owner_direct
TT-2024-11-003576,toctoc,Pudahuel,Metropolitana,360000.0,CLP,37.0,2024-11-15 00:00:00.000000,2024-11-22 00:00:00.000000,DEPARTAMENTO,ARRIENDO,owner_direct
TT-2024-11-003886,toctoc,Santiago,Metropolitana,580000.0,CLP,43.0,2024-11-19 00:00:00.000000,2024-11-22 00:00:00.000000,Departamento,Arriendo,agency
TT-2024-11-001094,toctoc,Santiago,Metropolitana,815000.0,CLP,88.5,2024-10-23 00:00:00.000000,2024-11-01 00:00:00.000000,departamento,Arriendo,agency
TT-2024-11-002711,toctoc,Macul,Metropolitana,17.97,UF,56.2,2024-09-20 00:00:00.000000,2024-11-15 00:00:00.000000,departamento,Arriendo,agency
TT-2024-11-001973,toctoc,Estación Central,Metropolitana,17.3,UF,71.0,2024-11-07 00:00:00.000000,2024-11-08 00:00:00.000000,departamento,arriendo,owner_direct
TT-2024-11-004865,toctoc,Maipú,Metropolitana,12.97,UF,48.9,2024-11-22 00:00:00.000000,2024-11-29 00:00:00.000000,DEPARTAMENTO,ARRIENDO,agency
TT-2024-11-003000,toctoc,Ñuñoa ,Metropolitana,600000.0,CLP,26.8,2024-10-30 00:00:00.000000,2024-11-15 00:00:00.000000,Departamento,ARRIENDO,agency
TT-2024-11-001601,toctoc,Recoleta,Metropolitana,13.11,UF,43.2,2024-10-10 00:00:00.000000,2024-11-08 00:00:00.000000,departamento,Arriendo,owner_direct
TT-2024-11-003585,toctoc, Estación Central,Metropolitana,3955000.0,CLP,650.0,2024-10-02 00:00:00.000000,2024-11-22 00:00:00.000000,DEPARTAMENTO,ARRIENDO,agency
TT-2024-11-004826,toctoc,Santiago,Metropolitana,11.89,UF,32.7,2024-11-08 00:00:00.000000,2024-11-29 00:00:00.000000,Departamento,Arriendo,owner_direct
TT-2024-11-003465,toctoc,Santiago,Metropolitana,680000.0,CLP,48.6,2024-09-21 00:00:00.000000,2024-11-22 00:00:00.000000,departamento,ARRIENDO,agency
TT-2024-11-000436,toctoc,La Florida,Metropolitana,19.05,UF,71.8,2024-09-26 00:00:00.000000,2024-11-01 00:00:00.000000,departamento,ARRIENDO,agency
TT-2024-11-003311,toctoc,San Miguel ,Metropolitana,19.46,UF,76.8,2024-10-11 00:00:00.000000,2024-11-15 00:00:00.000000,Departamento,Arriendo,agency
TT-2024-11-003206,toctoc,La Cisterna,Metropolitana,12.3,UF,48.9,2024-09-29 00:00:00.000000,2024-11-15 00:00:00.000000,DEPARTAMENTO,Arriendo,agency
TT-2024-11-001899,toctoc,Recoleta,Metropolitana,15.54,UF,50.0,2024-10-25 00:00:00.000000,2024-11-08 00:00:00.000000,DEPARTAMENTO,arriendo,agency
TT-2024-11-004737,toctoc,Providencia,Metropolitana,835000.0,CLP,28.8,2024-09-16 00:00:00.000000,2024-11-29 00:00:00.000000,departamento,arriendo,agency
TT-2024-11-004221,toctoc,Las Condes,Metropolitana,980000.0,CLP,43.5,2024-11-08 00:00:00.000000,2024-11-22 00:00:00.000000,DEPARTAMENTO,ARRIENDO,owner_direct
TT-2024-11-001020,toctoc,Santiago,Metropolitana,465000.0,CLP,24.5,2024-10-24 00:00:00.000000,2024-11-01 00:00:00.000000,Departamento,ARRIENDO,agency
TT-2024-11-004061,toctoc,Santiago,Metropolitana,1145000.0,CLP,104.4,2024-11-05 00:00:00.000000,2024-11-22 00:00:00.000000,DEPARTAMENTO,arriendo,agency
TT-2024-11-000650,toctoc,San Joaquín,Metropolitana,15.14,UF,55.3,2024-10-08 00:00:00.000000,2024-11-01 00:00:00.000000,DEPARTAMENTO,arriendo,agency
TT-2024-11-003010,toctoc,Lo Barnechea,Metropolitana,26.62,UF,57.1,2024-10-22 00:00:00.000000,2024-11-15 00:00:00.000000,departamento,arriendo,owner_direct
TT-2024-11-001164,toctoc,Maipú,Metropolitana,500000.0,CLP,48.1,2024-10-05 00:00:00.000000,2024-11-01 00:00:00.000000,departamento,ARRIENDO,agency
TT-2024-11-002109,toctoc,La Reina,Metropolitana,21.62,UF,36.7,2024-10-20 00:00:00.000000,2024-11-08 00:00:00.000000,departamento,Arriendo,agency
TT-2024-11-002994,toctoc,La Florida,Metropolitana,645000.0,CLP,72.4,2024-09-22 00:00:00.000000,2024-11-15 00:00:00.000000,Departamento,Arriendo,agency
TT-2024-11-000374,toctoc,Santiago,Metropolitana,14.86,UF,30.9,2024-07-27 00:00:00.000000,2024-11-01 00:00:00.000000,Departamento,ARRIENDO,
TT-2024-11-003070,toctoc,Providencia,Metropolitana,28.38,UF,56.1,2024-11-04 00:00:00.000000,2024-11-15 00:00:00.000000,Departamento,ARRIENDO,agency
TT-2024-11-004791,toctoc,Las Condes,Metropolitana,1160000.0,CLP,72.6,2024-11-16 00:00:00.000000,2024-11-29 00:00:00.000000,departamento,Arriendo,
TT-2024-11-000349,toctoc,Santiago,Metropolitana,635000.0,CLP,51.6,2024-10-27 00:00:00.000000,2024-11-01 00:00:00.000000,DEPARTAMENTO,ARRIENDO,agency
TT-2024-11-003432,toctoc,Cerrillos,Metropolitana,13.38,UF,33.8,2024-09-21 00:00:00.000000,2024-11-22 00:00:00.000000,Departamento,ARRIENDO,agency
TT-2024-11-001783,toctoc,Santiago,Metropolitana,16.76,UF,48.2,2024-10-30 00:00:00.000000,2024-11-08 00:00:00.000000,DEPARTAMENTO,arriendo,owner_direct
TT-2024-11-002731,toctoc,Maipú,Metropolitana,15.41,UF,56.7,2024-11-03 00:00:00.000000,2024-11-15 00:00:00.000000,DEPARTAMENTO,arriendo,agency
TT-2024-11-003665,toctoc,Santiago,Metropolitana,605000.0,CLP,33.4,2024-10-11 00:00:00.000000,2024-11-22 00:00:00.000000,Departamento,arriendo,owner_direct
TT-2024-11-002051,toctoc,Providencia,Metropolitana,890000.0,CLP,37.7,2024-10-05 00:00:00.000000,2024-11-08 00:00:00.000000,Departamento,arriendo,agency
TT-2024-11-004086,toctoc,Recoleta,Metropolitana,775000.0,CLP,69.2,2024-11-06 00:00:00.000000,2024-11-22 00:00:00.000000,DEPARTAMENTO,ARRIENDO,owner_direct
TT-2024-11-002373,toctoc,Santiago,Metropolitana,725000.0,CLP,60.6,2024-10-07 00:00:00.000000,2024-11-15 00:00:00.000000,Departamento,ARRIENDO,agency
TT-2024-11-002671,toctoc,San Miguel,Metropolitana,520000.0,CLP,44.1,2024-10-17 00:00:00.000000,2024-11-15 00:00:00.000000,departamento,ARRIENDO,owner_direct
TT-2024-11-001463,toctoc,Quinta Normal,Metropolitana,11.62,UF,44.0,2024-08-13 00:00:00.000000,2024-11-08 00:00:00.000000,Departamento,Arriendo,owner_direct
TT-2024-11-003163,toctoc,Estación Central,Metropolitana,565000.0,CLP,57.2,2024-10-27 00:00:00.000000,2024-11-15 00:00:00.000000,departamento,arriendo,agency
TT-2024-11-001375,toctoc,Santiago,Metropolitana,18.38,UF,43.4,2024-09-28 00:00:00.000000,2024-11-08 00:00:00.000000,departamento,arriendo,owner_direct
TT-2024-11-001645,toctoc,Estación Central,Metropolitana,17.84,UF,72.6,2024-11-01 00:00:00.000000,2024-11-08 00:00:00.000000,Departamento,ARRIENDO,owner_direct
TT-2024-11-003347,toctoc,Puente Alto,Metropolitana,445000.0,CLP,54.1,2024-11-09 00:00:00.000000,2024-11-15 00:00:00.000000,DEPARTAMENTO,ARRIENDO,agency
TT-2024-11-003684,toctoc,La Florida,Metropolitana,15.14,UF,41.5,2024-11-06 00:00:00.000000,2024-11-22 00:00:00.000000,DEPARTAMENTO,arriendo,agency
TT-2024-11-000141,toctoc,Estación Central,Metropolitana,8615000.0,CLP,1200.0,2024-10-01 00:00:00.000000,2024-11-01 00:00:00.000000,DEPARTAMENTO,Arriendo,owner_direct
TT-2024-11-000676,toctoc,Providencia,Metropolitana,27.03,UF,52.1,2024-09-15 00:00:00.000000,2024-11-01 00:00:00.000000,departamento,Arriendo,agency
TT-2024-11-001046,toctoc,Macul,Metropolitana,23.11,UF,73.6,2024-10-02 00:00:00.000000,2024-11-01 00:00:00.000000,Departamento,Arriendo,owner_direct
TT-2024-11-001076,toctoc,Independencia,Metropolitana,435000.0,CLP,39.7,2024-10-11 00:00:00.000000,2024-11-01 00:00:00.000000,DEPARTAMENTO,Arriendo,owner_direct
TT-2024-11-002886,toctoc,Las Condes,Metropolitana,22.43,UF,31.4,2024-10-26 00:00:00.000000,2024-11-15 00:00:00.000000,departamento,Arriendo,
TT-2024-11-002772,toctoc,Recoleta,Metropolitana,13.38,UF,41.8,2024-10-19 00:00:00.000000,2024-11-15 00:00:00.000000,DEPARTAMENTO,arriendo,agency
TT-2024-11-005054,toctoc,Conchalí,Metropolitana,9.46,UF,24.8,2024-11-23 00:00:00.000000,2024-11-29 00:00:00.000000,DEPARTAMENTO,arriendo,agency
TT-2024-11-001376,toctoc,Las Condes,Metropolitana,24.19,UF,41.9,2024-09-22 00:00:00.000000,2024-11-08 00:00:00.000000,Departamento,Arriendo,agency
TT-2024-11-002087,toctoc,San Miguel,Metropolitana,580000.0,CLP,49.0,2024-10-30 00:00:00.000000,2024-11-08 00:00:00.000000,Departamento,arriendo,agency
TT-2024-11-002924,toctoc,Las Condes,Metropolitana,895000.0,CLP,27.4,2024-10-24 00:00:00.000000,2024-11-15 00:00:00.000000,Departamento,ARRIENDO,agency
TT-2024-11-004275,toctoc,Providencia,Metropolitana,970000.0,CLP,54.7,2024-11-09 00:00:00.000000,2024-11-22 00:00:00.000000,departamento,arriendo,owner_direct
TT-2024-11-002839,toctoc,Quinta Normal,Metropolitana,11.35,UF,41.3,2024-10-01 00:00:00.000000,2024-11-15 00:00:00.000000,Departamento,ARRIENDO,agency
TT-2024-11-000385,toctoc,Lo Barnechea,Metropolitana,21.62,UF,42.6,2024-10-16 00:00:00.000000,2024-11-01 00:00:00.000000,Departamento,Arriendo,owner_direct
TT-2024-11-003763,toctoc,San Miguel,Metropolitana,745000.0,CLP,71.8,2024-11-05 00:00:00.000000,2024-11-22 00:00:00.000000,Departamento,Arriendo,agency
TT-2024-11-005295,toctoc,Santiago,Metropolitana,630000.0,CLP,44.1,2024-11-09 00:00:00.000000,2024-11-29 00:00:00.000000,departamento,Arriendo,owner_direct
TT-2024-11-002996,toctoc,Puente Alto,Metropolitana,18.51,UF,104.8,2024-10-17 00:00:00.000000,2024-11-15 00:00:00.000000,DEPARTAMENTO,ARRIENDO,agency
TT-2024-11-003830,toctoc,Las Condes,Metropolitana,143.65,UF,100.3,2024-10-27 00:00:00.000000,2024-11-22 00:00:00.000000,departamento,arriendo,agency
TT-2024-11-000626,toctoc,Ñuñoa,Metropolitana,615000.0,CLP,38.5,2024-09-24 00:00:00.000000,2024-11-01 00:00:00.000000,DEPARTAMENTO,Arriendo,agency
TT-2024-11-005170,toctoc,Renca,Metropolitana,12.43,UF,42.3,2024-10-25 00:00:00.000000,2024-11-29 00:00:00.000000,Departamento,ARRIENDO,agency
TT-2024-11-005306,toctoc,Maipú,Metropolitana,360000.0,CLP,30.2,2024-11-05 00:00:00.000000,2024-11-29 00:00:00.000000,DEPARTAMENTO,Arriendo,owner_direct
TT-2024-11-003450,toctoc,Santiago,Metropolitana,25.54,UF,75.4,2024-11-14 00:00:00.000000,2024-11-22 00:00:00.000000,departamento,ARRIENDO,agency
TT-2024-11-001924,toctoc,Estación Central,Metropolitana,575000.0,CLP,54.4,2024-11-02 00:00:00.000000,2024-11-08 00:00:00.000000,Departamento,Arriendo,owner_direct
TT-2024-11-004697,toctoc,Estación Central,Metropolitana,12.97,UF,37.4,2024-11-27 00:00:00.000000,2024-11-29 00:00:00.000000,departamento,ARRIENDO,agency
TT-2024-11-002409,toctoc,Santiago,Metropolitana,410000.0,CLP,29.0,2024-10-12 00:00:00.000000,2024-11-15 00:00:00.000000,Departamento,Arriendo,agency
TT-2024-11-001861,toctoc,Las Condes,Metropolitana,317.97,UF,56.5,2024-09-01 00:00:00.000000,2024-11-08 00:00:00.000000,DEPARTAMENTO,Arriendo,agency
TT-2024-11-002144,toctoc,Vitacura,Metropolitana,1290000.0,CLP,55.9,2024-08-22 00:00:00.000000,2024-11-08 00:00:00.000000,departamento,ARRIENDO,owner_direct
TT-2024-11-004024,toctoc,Ñuñoa,Metropolitana,955000.0,CLP,64.6,2024-10-08 00:00:00.000000,2024-11-22 00:00:00.000000,Departamento,Arriendo,owner_direct
TT-2024-11-001100,toctoc,Peñalolén,Metropolitana,685000.0,CLP,57.6,2024-10-02 00:00:00.000000,2024-11-01 00:00:00.000000,departamento,Arriendo,agency
TT-2024-11-003001,toctoc,Macul,Metropolitana,775000.0,CLP,64.7,2024-10-30 00:00:00.000000,2024-11-15 00:00:00.000000,DEPARTAMENTO,Arriendo,owner_direct
TT-2024-11-004176,toctoc,Ñuñoa,Metropolitana,720000.0,CLP,35.8,2024-11-06 00:00:00.000000,2024-11-22 00:00:00.000000,DEPARTAMENTO,ARRIENDO,owner_direct
TT-2024-11-004271,toctoc,Providencia,Metropolitana,19.46,UF,24.7,2024-11-01 00:00:00.000000,2024-11-22 00:00:00.000000,Departamento,arriendo,owner_direct
TT-2024-11-003551,toctoc,La Cisterna,Metropolitana,520000.0,CLP,48.8,2024-10-31 00:00:00.000000,2024-11-22 00:00:00.000000,departamento,Arriendo,agency
TT-2024-11-003758,toctoc,Recoleta,Metropolitana,14.59,UF,48.9,2024-10-28 00:00:00.000000,2024-11-22 00:00:00.000000,Departamento,ARRIENDO,agency
TT-2024-11-003645,toctoc,Santiago,Metropolitana,1025000.0,CLP,91.2,2024-11-04 00:00:00.000000,2024-11-22 00:00:00.000000,DEPARTAMENTO,Arriendo,agency
TT-2024-11-002642,toctoc,Lo Barnechea,Metropolitana,20.27,UF,36.2,2024-06-25 00:00:00.000000,2024-11-15 00:00:00.000000,departamento,arriendo,agency
TT-2024-11-004475,toctoc,Santiago,Metropolitana,1150000.0,CLP,104.7,2024-11-14 00:00:00.000000,2024-11-29 00:00:00.000000,Departamento,Arriendo,agency
TT-2024-11-002443,toctoc,Maipú,Metropolitana,500000.0,CLP,62.7,2024-10-20 00:00:00.000000,2024-11-15 00:00:00.000000,DEPARTAMENTO,Arriendo,agency
TT-2024-11-004312,toctoc,Las Condes,Metropolitana,28.51,UF,42.9,2024-11-13 00:00:00.000000,2024-11-29 00:00:00.000000,departamento,arriendo,agency
TT-2024-11-003174,toctoc,Estación Central,Metropolitana,440000.0,CLP,31.9,2024-10-04 00:00:00.000000,2024-11-15 00:00:00.000000,Departamento,ARRIENDO,agency
TT-2024-11-005070,toctoc,La Florida,Metropolitana,14.19,UF,37.0,2024-10-28 00:00:00.000000,2024-11-29 00:00:00.000000,DEPARTAMENTO,ARRIENDO,owner_direct
TT-2024-11-003494,toctoc,Vitacura,Metropolitana,30.14,UF,36.3,2024-11-06 00:00:00.000000,2024-11-22 00:00:00.000000,DEPARTAMENTO,Arriendo,owner_direct
TT-2024-11-000943,toctoc,La Florida,Metropolitana,14.19,UF,40.7,2024-10-21 00:00:00.000000,2024-11-01 00:00:00.000000,Departamento,Arriendo,owner_direct
TT-2024-11-002408,toctoc,Maipú,Metropolitana,19.73,UF,76.1,2024-09-09 00:00:00.000000,2024-11-15 00:00:00.000000,DEPARTAMENTO,Arriendo,agency
TT-2024-11-003226,toctoc,Lo Barnechea,Metropolitana,24.19,UF,39.9,2024-10-29 00:00:00.000000,2024-11-15 00:00:00.000000,departamento,Arriendo,agency
TT-2024-11-000090,toctoc,Las Condes,Metropolitana,30.14,UF,42.7,2024-09-19 00:00:00.000000,2024-11-01 00:00:00.000000,Departamento,Arriendo,agency
TT-2024-11-004173,toctoc,Santiago,Metropolitana,29.59,UF,96.0,2024-08-30 00:00:00.000000,2024-11-22 00:00:00.000000,Departamento,ARRIENDO,agency
TT-2024-11-001636,toctoc,San Miguel,Metropolitana,545000.0,CLP,44.1,2024-10-10 00:00:00.000000,2024-11-08 00:00:00.000000,DEPARTAMENTO,Arriendo,agency
TT-2024-11-003881,toctoc,Pudahuel,Metropolitana,460000.0,CLP,34.0,2024-10-24 00:00:00.000000,2024-11-22 00:00:00.000000,Departamento,Arriendo,
TT-2024-11-002329,toctoc,La Florida,Metropolitana,15.81,UF,48.4,2024-10-23 00:00:00.000000,2024-11-15 00:00:00.000000,departamento,Arriendo,owner_direct
TT-2024-11-000671,toctoc,Recoleta,Metropolitana,12.16,UF,39.1,2024-10-26 00:00:00.000000,2024-11-01 00:00:00.000000,DEPARTAMENTO,ARRIENDO,agency
TT-2024-11-005000,toctoc,Quinta Normal,Metropolitana,460000.0,CLP,42.4,2024-10-22 00:00:00.000000,2024-11-29 00:00:00.000000,Departamento,Arriendo,owner_direct
TT-2024-11-005304,toctoc,Independencia,Metropolitana,585000.0,CLP,60.3,2024-11-09 00:00:00.000000,2024-11-29 00:00:00.000000,DEPARTAMENTO,arriendo,agency
TT-2024-11-000796,toctoc,San Miguel,Metropolitana,13.11,UF,40.1,2024-10-25 00:00:00.000000,2024-11-01 00:00:00.000000,Departamento,Arriendo,agency
TT-2024-11-001211,toctoc,Santiago,Metropolitana,20.41,UF,59.4,2024-04-25 00:00:00.000000,2024-11-01 00:00:00.000000,DEPARTAMENTO,arriendo,owner_direct
TT-2024-11-000633,toctoc, Estación Central,Metropolitana,960000.0,CLP,112.8,2024-10-14 00:00:00.000000,2024-11-01 00:00:00.000000,Departamento,ARRIENDO,agency
TT-2024-11-003147,toctoc,La Cisterna,Metropolitana,15.41,UF,45.9,2024-10-12 00:00:00.000000,2024-11-15 00:00:00.000000,Departamento,ARRIENDO,owner_direct
TT-2024-11-004420,toctoc,Las Condes,Metropolitana,34.73,UF,66.7,2024-11-11 00:00:00.000000,2024-11-29 00:00:00.000000,Departamento,Arriendo,owner_direct
TT-2024-11-002959,toctoc,Estación Central,Metropolitana,455000.0,CLP,39.3,2024-10-28 00:00:00.000000,2024-11-15 00:00:00.000000,DEPARTAMENTO,arriendo,agency
TT-2024-11-001597,toctoc,La Reina,Metropolitana,18.38,UF,29.5,2024-09-20 00:00:00.000000,2024-11-08 00:00:00.000000,DEPARTAMENTO,Arriendo,owner_direct
TT-2024-11-000922,toctoc,Huechuraba,Metropolitana,630000.0,CLP,42.5,2024-09-28 00:00:00.000000,2024-11-01 00:00:00.000000,Departamento,ARRIENDO,owner_direct
TT-2024-11-000894,toctoc,La Reina,Metropolitana,885000.0,CLP,50.5,2024-10-19 00:00:00.000000,2024-11-01 00:00:00.000000,Departamento,arriendo,agency
TT-2024-11-000797,toctoc,Las Condes,Metropolitana,31.22,UF,55.6,2024-09-11 00:00:00.000000,2024-11-01 00:00:00.000000,DEPARTAMENTO,arriendo,agency
TT-2024-11-003081,toctoc,Huechuraba,Metropolitana,860000.0,CLP,76.3,2024-10-14 00:00:00.000000,2024-11-15 00:00:00.000000,departamento,arriendo,agency
TT-2024-11-001391,toctoc,Santiago,Metropolitana,470000.0,CLP,29.4,2024-10-28 00:00:00.000000,2024-11-08 00:00:00.000000,Departamento,Arriendo,agency
TT-2024-11-003406,toctoc,La Florida,Metropolitana,21.08,UF,73.4,2024-10-28 00:00:00.000000,2024-11-22 00:00:00.000000,Departamento,arriendo,owner_direct
TT-2024-11-005258,toctoc,Santiago,Metropolitana,475000.0,CLP,25.2,2024-11-07 00:00:00.000000,2024-11-29 00:00:00.000000,departamento,Arriendo,owner_direct
TT-2024-11-002286,toctoc,San Miguel,Metropolitana,15.41,UF,39.6,2024-11-04 00:00:00.000000,2024-11-15 00:00:00.000000,Departamento,arriendo,agency
TT-2024-11-005290,toctoc,San Joaquín,Metropolitana,760000.0,CLP,72.6,2024-10-17 00:00:00.000000,2024-11-29 00:00:00.000000,DEPARTAMENTO,arriendo,owner_direct
TT-2024-11-002854,toctoc,Estación Central,Metropolitana,16.62,UF,77.1,2024-11-13 00:00:00.000000,2024-11-15 00:00:00.000000,departamento,arriendo,agency
TT-2024-11-005048,toctoc,Cerrillos,Metropolitana,14.05,UF,50.6,2024-11-12 00:00:00.000000,2024-11-29 00:00:00.000000,Departamento,arriendo,agency
TT-2024-11-002758,toctoc,Ñuñoa,Metropolitana,19.32,UF,37.8,2024-10-25 00:00:00.000000,2024-11-15 00:00:00.000000,Departamento,ARRIENDO,owner_direct
TT-2024-11-002675,toctoc,INDEPENDENCIA,Metropolitana,17.84,UF,74.5,2024-10-02 00:00:00.000000,2024-11-15 00:00:00.000000,DEPARTAMENTO,Arriendo,owner_direct
TT-2024-11-004516,toctoc,Providencia,Metropolitana,27.03,UF,46.5,2024-11-08 00:00:00.000000,2024-11-29 00:00:00.000000,DEPARTAMENTO,arriendo,agency
TT-2024-11-000720,toctoc,Cerrillos,Metropolitana,485000.0,CLP,41.5,2024-09-07 00:00:00.000000,2024-11-01 00:00:00.000000,departamento,ARRIENDO,agency
TT-2024-11-001999,toctoc,Las Condes,Metropolitana,780000.0,CLP,36.2,2024-09-30 00:00:00.000000,2024-11-08 00:00:00.000000,Departamento,Arriendo,agency
TT-2024-11-002100,toctoc,la florida,Metropolitana,590000.0,CLP,50.3,2024-11-05 00:00:00.000000,2024-11-08 00:00:00.000000,Departamento,ARRIENDO,agency
TT-2024-11-004510,toctoc,Santiago,Metropolitana,16.22,UF,41.6,2024-11-09 00:00:00.000000,2024-11-29 00:00:00.000000,Departamento,Arriendo,agency
TT-2024-11-002693,toctoc,Santiago,Metropolitana,635000.0,CLP,34.8,2024-11-01 00:00:00.000000,2024-11-15 00:00:00.000000,Departamento,arriendo,owner_direct
TT-2024-11-003183,toctoc,Providencia,Metropolitana,21.76,UF,30.6,2024-09-26 00:00:00.000000,2024-11-15 00:00:00.000000,Departamento,Arriendo,owner_direct
TT-2024-11-005312,toctoc,Maipú,Metropolitana,10.95,UF,32.1,2024-09-25 00:00:00.000000,2024-11-29 00:00:00.000000,departamento,Arriendo,owner_direct
TT-2024-11-004581,toctoc,La Florida,Metropolitana,21.62,UF,88.8,2024-11-06 00:00:00.000000,2024-11-29 00:00:00.000000,Departamento,arriendo,agency
TT-2024-11-003132,toctoc,Santiago,Metropolitana,17.7,UF,64.4,2024-10-21 00:00:00.000000,2024-11-15 00:00:00.000000,DEPARTAMENTO,Arriendo,owner_direct
TT-2024-11-002173,toctoc,Cerrillos,Metropolitana,11.89,UF,29.1,2024-10-31 00:00:00.000000,2024-11-15 00:00:00.000000,Departamento,arriendo,owner_direct
TT-2024-11-002938,toctoc,Las Condes,Metropolitana,35.54,UF,73.8,2024-11-02 00:00:00.000000,2024-11-15 00:00:00.000000,departamento,arriendo,agency
TT-2024-11-002082,toctoc,Macul,Metropolitana,12.7,UF,8.0,2024-10-03 00:00:00.000000,2024-11-08 00:00:00.000000,DEPARTAMENTO,ARRIENDO,agency
TT-2024-11-003571,toctoc,Providencia,Metropolitana,27.3,UF,57.3,2024-10-17 00:00:00.000000,2024-11-22 00:00:00.000000,Departamento,Arriendo,agency
TT-2024-11-001903,toctoc,Estación Central,Metropolitana,12.16,UF,34.6,2024-10-27 00:00:00.000000,2024-11-08 00:00:00.000000,departamento,arriendo,agency
TT-2024-11-005191,toctoc,Conchalí,Metropolitana,355000.0,CLP,33.9,2024-11-03 00:00:00.000000,2024-11-29 00:00:00.000000,departamento,Arriendo,agency
TT-2024-11-001574,toctoc,Pudahuel,Metropolitana,11.76,UF,32.8,2024-10-11 00:00:00.000000,2024-11-08 00:00:00.000000,departamento,arriendo,owner_direct
TT-2024-11-003814,toctoc,Las Condes,Metropolitana,27.97,UF,47.3,2024-10-23 00:00:00.000000,2024-11-22 00:00:00.000000,Departamento,arriendo,owner_direct
TT-2024-11-000260,toctoc,Recoleta,Metropolitana,375000.0,CLP,29.5,2024-10-14 00:00:00.000000,2024-11-01 00:00:00.000000,DEPARTAMENTO,ARRIENDO,agency
TT-2024-11-000454,toctoc,Puente Alto,Metropolitana,11.08,UF,30.9,2024-07-08 00:00:00.000000,2024-11-01 00:00:00.000000,departamento,Arriendo,agency
TT-2024-11-002237,toctoc,Lo Barnechea,Metropolitana,28.51,UF,44.0,2024-09-24 00:00:00.000000,2024-11-15 00:00:00.000000,DEPARTAMENTO,Arriendo,agency
TT-2024-11-003637,toctoc,Santiago,Metropolitana,610000.0,CLP,31.7,2024-11-14 00:00:00.000000,2024-11-22 00:00:00.000000,DEPARTAMENTO,arriendo,owner_direct
TT-2024-11-003234,toctoc,San Joaquín,Metropolitana,16.62,UF,58.6,2024-11-08 00:00:00.000000,2024-11-15 00:00:00.000000,DEPARTAMENTO,ARRIENDO,owner_direct
TT-2024-11-002882,toctoc,Estación Central,Metropolitana,710000.0,CLP,82.5,2024-08-28 00:00:00.000000,2024-11-15 00:00:00.000000,departamento,Arriendo,agency
TT-2024-11-003262,toctoc,Santiago,Metropolitana,15.27,UF,43.7,2024-11-11 00:00:00.000000,2024-11-15 00:00:00.000000,Departamento,ARRIENDO,agency
TT-2024-11-000946,toctoc,Santiago,Metropolitana,10.95,UF,25.2,2024-10-26 00:00:00.000000,2024-11-01 00:00:00.000000,departamento,arriendo,agency
TT-2024-11-003058,toctoc,Las Condes,Metropolitana,1120000.0,CLP,59.6,2024-10-22 00:00:00.000000,2024-11-15 00:00:00.000000,Departamento,Arriendo,owner_direct
TT-2024-11-001747,toctoc,Quinta Normal,Metropolitana,470000.0,CLP,37.4,2024-10-18 00:00:00.000000,2024-11-08 00:00:00.000000,Departamento,arriendo,owner_direct
TT-2024-11-002033,toctoc,Maipú,Metropolitana,14.05,UF,58.8,2024-10-24 00:00:00.000000,2024-11-08 00:00:00.000000,departamento,Arriendo,agency
TT-2024-11-003554,toctoc,Peñalolén,Metropolitana,13.92,UF,49.7,2024-11-09 00:00:00.000000,2024-11-22 00:00:00.000000,Departamento,ARRIENDO,agency
TT-2024-11-004983,toctoc,Estación Central,Metropolitana,22.16,UF,82.0,2024-08-10 00:00:00.000000,2024-11-29 00:00:00.000000,Departamento,Arriendo,agency
TT-2024-11-002927,toctoc,Santiago,Metropolitana,860000.0,CLP,78.0,2024-10-20 00:00:00.000000,2024-11-15 00:00:00.000000,Departamento,arriendo,agency
TT-2024-11-000223,toctoc,Maipú,Metropolitana,9.73,UF,30.6,2024-10-20 00:00:00.000000,2024-11-01 00:00:00.000000,departamento,ARRIENDO,agency
TT-2024-11-004217,toctoc,Ñuñoa,Metropolitana,17.16,UF,31.9,2024-08-12 00:00:00.000000,2024-11-22 00:00:00.000000,DEPARTAMENTO,arriendo,owner_direct
TT-2024-11-004710,toctoc,Macul,Metropolitana,535000.0,CLP,44.5,2024-10-30 00:00:00.000000,2024-11-29 00:00:00.000000,departamento,arriendo,agency
TT-2024-11-001202,toctoc,San Miguel,Metropolitana,730000.0,CLP,49.7,2024-10-10 00:00:00.000000,2024-11-01 00:00:00.000000,DEPARTAMENTO,ARRIENDO,owner_direct
TT-2024-11-005116,toctoc,Las Condes,Metropolitana,915000.0,CLP,44.4,2024-11-25 00:00:00.000000,2024-11-29 00:00:00.000000,DEPARTAMENTO,arriendo,agency
TT-2024-11-001114,toctoc,Ñuñoa,Metropolitana,21.22,UF,53.6,2024-10-25 00:00:00.000000,2024-11-01 00:00:00.000000,departamento,arriendo,agency
TT-2024-11-000863,toctoc,Peñalolén,Metropolitana,505000.0,CLP,37.6,2024-10-31 00:00:00.000000,2024-11-01 00:00:00.000000,departamento,arriendo,agency
TT-2024-11-001832,toctoc,Lo Barnechea,Metropolitana,22.3,UF,38.7,2024-11-02 00:00:00.000000,2024-11-08 00:00:00.000000,departamento,Arriendo,agency
TT-2024-11-005199,toctoc,Providencia,Metropolitana,1330000.0,CLP,73.3,2024-11-17 00:00:00.000000,2024-11-29 00:00:00.000000,DEPARTAMENTO,Arriendo,owner_direct
TT-2024-11-003548,toctoc,San Joaquín,Metropolitana,14.73,UF,54.9,2024-11-15 00:00:00.000000,2024-11-22 00:00:00.000000,DEPARTAMENTO,Arriendo,agency
TT-2024-11-004525,toctoc,Santiago,Metropolitana,17.84,UF,39.5,2024-10-28 00:00:00.000000,2024-11-29 00:00:00.000000,departamento,arriendo,agency
TT-2024-11-004734,toctoc,Santiago,Metropolitana,17.97,UF,46.1,2024-11-24 00:00:00.000000,2024-11-29 00:00:00.000000,Departamento,Arriendo,agency
TT-2024-11-001171,toctoc,Las Condes,Metropolitana,850000.0,CLP,36.8,2024-09-30 00:00:00.000000,2024-11-01 00:00:00.000000,departamento,ARRIENDO,owner_direct
TT-2024-11-004170,toctoc,Independencia,Metropolitana,730000.0,CLP,66.8,2024-10-24 00:00:00.000000,2024-11-22 00:00:00.000000,departamento,Arriendo,owner_direct
TT-2024-11-005051,toctoc,Ñuñoa,Metropolitana,17.16,UF,35.5,2024-10-26 00:00:00.000000,2024-11-29 00:00:00.000000,departamento,Arriendo,agency
TT-2024-11-005169,toctoc,La Florida,Metropolitana,27.57,UF,115.2,2024-08-19 00:00:00.000000,2024-11-29 00:00:00.000000,departamento,ARRIENDO,agency
TT-2024-11-000777,toctoc,Estación Central,Metropolitana,585000.0,CLP,53.6,2024-08-27 00:00:00.000000,2024-11-01 00:00:00.000000,DEPARTAMENTO,ARRIENDO,agency
TT-2024-11-001649,toctoc,Estación Central,Metropolitana,450000.0,CLP,31.7,2024-11-01 00:00:00.000000,2024-11-08 00:00:00.000000,departamento,ARRIENDO,agency
TT-2024-11-002386,toctoc,Santiago,Metropolitana,16.62,UF,63.6,2024-10-05 00:00:00.000000,2024-11-15 00:00:00.000000,DEPARTAMENTO,arriendo,agency
TT-2024-11-004070,toctoc,Recoleta,Metropolitana,15.41,UF,44.1,2024-11-02 00:00:00.000000,2024-11-22 00:00:00.000000,Departamento,Arriendo,owner_direct
TT-2024-11-003264,toctoc,Ñuñoa,Metropolitana,945000.0,CLP,55.0,2024-11-03 00:00:00.000000,2024-11-15 00:00:00.000000,DEPARTAMENTO,Arriendo,agency
TT-2024-11-004109,toctoc,Independencia,Metropolitana,30.27,UF,134.7,2024-11-08 00:00:00.000000,2024-11-22 00:00:00.000000,Departamento,arriendo,agency
TT-2024-11-002205,toctoc,Ñuñoa,Metropolitana,21.22,UF,70.6,2024-10-24 00:00:00.000000,2024-11-15 00:00:00.000000,DEPARTAMENTO,ARRIENDO,owner_direct
TT-2024-11-000067,toctoc,San Joaquín,Metropolitana,11.76,UF,57.3,2024-10-15 00:00:00.000000,2024-11-01 00:00:00.000000,DEPARTAMENTO,arriendo,agency
TT-2024-11-005138,toctoc,Quilicura,Metropolitana,635000.0,CLP,78.8,2024-11-15 00:00:00.000000,2024-11-29 00:00:00.000000,departamento,Arriendo,agency
TT-2024-11-001689,toctoc,Independencia,Metropolitana,535000.0,CLP,55.6,2024-10-13 00:00:00.000000,2024-11-08 00:00:00.000000,Departamento,Arriendo,owner_direct
TT-2024-11-003747,toctoc,Maipú,Metropolitana,12.43,UF,52.0,2024-09-02 00:00:00.000000,2024-11-22 00:00:00.000000,departamento,arriendo,owner_direct
TT-2024-11-003688,toctoc,Providencia,Metropolitana,1180000.0,CLP,54.1,2024-05-16 00:00:00.000000,2024-11-22 00:00:00.000000,departamento,arriendo,owner_direct
TT-2024-11-004687,toctoc,Macul,Metropolitana,445000.0,CLP,31.2,2024-11-14 00:00:00.000000,2024-11-29 00:00:00.000000,Departamento,Arriendo,agency
TT-2024-11-000830,toctoc,ÑUÑOA,Metropolitana,1660000.0,CLP,141.6,2024-09-14 00:00:00.000000,2024-11-01 00:00:00.000000,Departamento,arriendo,agency
TT-2024-11-003172,toctoc,Peñalolén,Metropolitana,15.81,UF,63.4,2024-10-26 00:00:00.000000,2024-11-15 00:00:00.000000,departamento,Arriendo,agency
TT-2024-11-004321,toctoc,Estación Central,Metropolitana,13.51,UF,51.7,2024-11-15 00:00:00.000000,2024-11-29 00:00:00.000000,Departamento,arriendo,agency
TT-2024-11-005481,toctoc,Estación Central,Metropolitana,18.51,UF,69.7,2024-07-21 00:00:00.000000,2024-11-29 00:00:00.000000,DEPARTAMENTO,arriendo,owner_direct
TT-2024-11-002703,toctoc,Maipú,Metropolitana,515000.0,CLP,43.6,2024-10-03 00:00:00.000000,2024-11-15 00:00:00.000000,DEPARTAMENTO,arriendo,agency
TT-2024-11-003146,toctoc,San Miguel,Metropolitana,17.3,UF,55.3,2024-10-31 00:00:00.000000,2024-11-15 00:00:00.000000,Departamento,Arriendo,owner_direct
TT-2024-11-002531,toctoc,Estación Central,Metropolitana,6390000.0,CLP,55.6,2024-10-25 00:00:00.000000,2024-11-15 00:00:00.000000,departamento,Arriendo,agency
TT-2024-11-000971,toctoc,Macul,Metropolitana,770000.0,CLP,58.0,2024-10-19 00:00:00.000000,2024-11-01 00:00:00.000000,departamento,arriendo,agency
TT-2024-11-005034,toctoc,Ñuñoa,Metropolitana,800000.0,CLP,73.2,2024-10-05 00:00:00.000000,2024-11-29 00:00:00.000000,Departamento,arriendo,agency
TT-2024-11-003343,toctoc,Ñuñoa,Metropolitana,1125000.0,CLP,77.9,2024-10-22 00:00:00.000000,2024-11-15 00:00:00.000000,departamento,arriendo,owner_direct
TT-2024-11-001629,toctoc,RECOLETA,Metropolitana,12.84,UF,46.7,2024-10-29 00:00:00.000000,2024-11-08 00:00:00.000000,Departamento,arriendo,agency
TT-2024-11-004054,toctoc,La Florida,Metropolitana,465000.0,CLP,31.7,2024-09-30 00:00:00.000000,2024-11-22 00:00:00.000000,departamento,Arriendo,owner_direct
TT-2024-11-003389,toctoc,Ñuñoa,Metropolitana,35.14,UF,115.9,2024-10-26 00:00:00.000000,2024-11-22 00:00:00.000000,Departamento,ARRIENDO,agency
TT-2024-11-001787,toctoc,Santiago,Metropolitana,15.81,UF,39.4,2024-07-31 00:00:00.000000,2024-11-08 00:00:00.000000,Departamento,ARRIENDO,owner_direct
TT-2024-11-004052,toctoc,Conchalí,Metropolitana,12.03,UF,42.4,2024-11-01 00:00:00.000000,2024-11-22 00:00:00.000000,DEPARTAMENTO,Arriendo,owner_direct
TT-2024-11-005141,toctoc,Pudahuel,Metropolitana,530000.0,CLP,55.8,2024-11-17 00:00:00.000000,2024-11-29 00:00:00.000000,departamento,arriendo,owner_direct
TT-2024-11-005011,toctoc,Las Condes,Metropolitana,31.35,UF,56.8,2024-10-28 00:00:00.000000,2024-11-29 00:00:00.000000,Departamento,ARRIENDO,agency
TT-2024-11-002337,toctoc, Recoleta,Metropolitana,415000.0,CLP,27.9,2024-11-01 00:00:00.000000,2024-11-15 00:00:00.000000,departamento,arriendo,agency
TT-2024-11-000546,toctoc,Santiago,Metropolitana,825000.0,CLP,66.8,2024-10-14 00:00:00.000000,2024-11-01 00:00:00.000000,departamento,ARRIENDO,agency
TT-2024-11-001245,toctoc,La Florida,Metropolitana,19.86,UF,61.1,2024-09-13 00:00:00.000000,2024-11-08 00:00:00.000000,Departamento,arriendo,owner_direct
TT-2024-11-003270,toctoc,Providencia,Metropolitana,1090000.0,CLP,61.0,2024-10-21 00:00:00.000000,2024-11-15 00:00:00.000000,Departamento,arriendo,owner_direct
TT-2024-11-005066,toctoc,La Reina,Metropolitana,760000.0,CLP,44.4,2024-11-08 00:00:00.000000,2024-11-29 00:00:00.000000,Departamento,ARRIENDO,agency
TT-2024-11-000483,toctoc,Las Condes,Metropolitana,1045000.0,CLP,44.0,2024-10-27 00:00:00.000000,2024-11-01 00:00:00.000000,DEPARTAMENTO,Arriendo,owner_direct
TT-2024-11-000640,toctoc,Santiago,Metropolitana,535000.0,CLP,34.6,2024-10-19 00:00:00.000000,2024-11-01 00:00:00.000000,DEPARTAMENTO,arriendo,agency
TT-2024-11-000323,toctoc,Renca,Metropolitana,485000.0,CLP,43.7,2024-10-23 00:00:00.000000,2024-11-01 00:00:00.000000,departamento,ARRIENDO,agency
TT-2024-11-000202,toctoc,Recoleta,Metropolitana,495000.0,CLP,32.1,2024-10-14 00:00:00.000000,2024-11-01 00:00:00.000000,DEPARTAMENTO,ARRIENDO,agency
TT-2024-11-003673,toctoc,Santiago,Metropolitana,1110000.0,CLP,97.4,2024-10-28 00:00:00.000000,2024-11-22 00:00:00.000000,DEPARTAMENTO,Arriendo,agency
TT-2024-11-000758,toctoc,La Florida,Metropolitana,12.16,UF,30.6,2024-10-10 00:00:00.000000,2024-11-01 00:00:00.000000,DEPARTAMENTO,Arriendo,owner_direct
TT-2024-11-001701,toctoc,Recoleta,Metropolitana,12.03,UF,40.5,2024-09-21 00:00:00.000000,2024-11-08 00:00:00.000000,Departamento,ARRIENDO,agency
TT-2024-11-001271,toctoc,San Joaquín,Metropolitana,12.84,UF,34.3,2024-10-31 00:00:00.000000,2024-11-08 00:00:00.000000,DEPARTAMENTO,arriendo,agency
TT-2024-11-002734,toctoc,SAN MIGUEL,Metropolitana,375000.0,CLP,27.8,2024-05-29 00:00:00.000000,2024-11-15 00:00:00.000000,departamento,arriendo,owner_direct
TT-2024-11-003849,toctoc,MACUL,Metropolitana,655000.0,CLP,59.2,2024-10-14 00:00:00.000000,2024-11-22 00:00:00.000000,departamento,arriendo,agency
TT-2024-11-002560,toctoc,Macul,Metropolitana,13.24,UF,30.2,2024-09-30 00:00:00.000000,2024-11-15 00:00:00.000000,Departamento,ARRIENDO,agency
TT-2024-11-000778,toctoc,Independencia,Metropolitana,620000.0,CLP,67.6,2024-10-24 00:00:00.000000,2024-11-01 00:00:00.000000,DEPARTAMENTO,arriendo,owner_direct
TT-2024-11-003218,toctoc,Ñuñoa,Metropolitana,600000.0,CLP,34.5,2024-10-14 00:00:00.000000,2024-11-15 00:00:00.000000,DEPARTAMENTO,ARRIENDO,agency
TT-2024-11-001029,toctoc,Ñuñoa,Metropolitana,720000.0,CLP,45.4,2024-09-22 00:00:00.000000,2024-11-01 00:00:00.000000,Departamento,Arriendo,owner_direct
TT-2024-11-004040,toctoc,La Reina,Metropolitana,22.97,UF,46.9,2024-06-25 00:00:00.000000,2024-11-22 00:00:00.000000,Departamento,ARRIENDO,agency
TT-2024-11-001444,toctoc,Las Condes,Metropolitana,1220000.0,CLP,55.7,2024-11-04 00:00:00.000000,2024-11-08 00:00:00.000000,DEPARTAMENTO,ARRIENDO,agency
TT-2024-11-002877,toctoc,La Cisterna,Metropolitana,16.49,UF,56.0,2024-10-01 00:00:00.000000,2024-11-15 00:00:00.000000,Departamento,arriendo,owner_direct
TT-2024-11-001372,toctoc,La Cisterna,Metropolitana,15.41,UF,38.4,2024-10-15 00:00:00.000000,2024-11-08 00:00:00.000000,Departamento,Arriendo,agency
TT-2024-11-002963,toctoc,CONCHALÍ,Metropolitana,415000.0,CLP,39.0,2024-10-11 00:00:00.000000,2024-11-15 00:00:00.000000,departamento,Arriendo,owner_direct
TT-2024-11-000484,toctoc,Santiago,Metropolitana,15.27,UF,43.1,2024-09-28 00:00:00.000000,2024-11-01 00:00:00.000000,DEPARTAMENTO,ARRIENDO,agency
TT-2024-11-004753,toctoc,Quinta Normal,Metropolitana,500000.0,CLP,63.9,2024-08-07 00:00:00.000000,2024-11-29 00:00:00.000000,DEPARTAMENTO,arriendo,owner_direct
TT-2024-11-004350,toctoc,Las Condes,Metropolitana,30.27,UF,53.7,2024-11-10 00:00:00.000000,2024-11-29 00:00:00.000000,DEPARTAMENTO,ARRIENDO,agency
TT-2024-11-004862,toctoc,La Florida,Metropolitana,14.59,UF,45.7,2024-10-28 00:00:00.000000,2024-11-29 00:00:00.000000,Departamento,arriendo,agency
TT-2024-11-002797,toctoc,Independencia,Metropolitana,530000.0,CLP,49.4,2024-10-12 00:00:00.000000,2024-11-15 00:00:00.000000,departamento,ARRIENDO,agency
TT-2024-11-004905,toctoc,Ñuñoa,Metropolitana,735000.0,CLP,51.3,2024-11-14 00:00:00.000000,2024-11-29 00:00:00.000000,departamento,ARRIENDO,agency
TT-2024-11-000836,toctoc,Cerrillos,Metropolitana,13.24,UF,53.4,2024-10-25 00:00:00.000000,2024-11-01 00:00:00.000000,Departamento,arriendo,owner_direct
TT-2024-11-003108,toctoc,Huechuraba,Metropolitana,5365000.0,CLP,32.9,2024-10-20 00:00:00.000000,2024-11-15 00:00:00.000000,Departamento,Arriendo,agency
TT-2024-11-003069,toctoc,Recoleta,Metropolitana,525000.0,CLP,39.8,2024-10-19 00:00:00.000000,2024-11-15 00:00:00.000000,Departamento,Arriendo,owner_direct
TT-2024-11-002931,toctoc,Quilicura,Metropolitana,515000.0,CLP,44.1,2024-10-31 00:00:00.000000,2024-11-15 00:00:00.000000,Departamento,arriendo,agency
TT-2024-11-003822,toctoc,Quinta Normal,Metropolitana,18.51,UF,64.5,2024-10-30 00:00:00.000000,2024-11-22 00:00:00.000000,DEPARTAMENTO,arriendo,
TT-2024-11-000445,toctoc,Providencia,Metropolitana,30.54,UF,53.0,2024-10-18 00:00:00.000000,2024-11-01 00:00:00.000000,Departamento,arriendo,owner_direct
TT-2024-11-004093,toctoc,Santiago,Metropolitana,21.35,UF,69.3,2024-10-14 00:00:00.000000,2024-11-22 00:00:00.000000,DEPARTAMENTO,ARRIENDO,owner_direct
TT-2024-11-003785,toctoc,La Cisterna,Metropolitana,13.11,UF,50.1,2024-09-25 00:00:00.000000,2024-11-22 00:00:00.000000,Departamento,ARRIENDO,agency
TT-2024-11-003006,toctoc,Estación Central,Metropolitana,420000.0,CLP,31.4,2024-10-19 00:00:00.000000,2024-11-15 00:00:00.000000,DEPARTAMENTO,arriendo,owner_direct
TT-2024-11-004900,toctoc,Pudahuel,Metropolitana,785000.0,CLP,87.7,2024-11-10 00:00:00.000000,2024-11-29 00:00:00.000000,DEPARTAMENTO,Arriendo,owner_direct
TT-2024-11-004526,toctoc,Santiago,Metropolitana,39.05,UF,138.2,2024-10-23 00:00:00.000000,2024-11-29 00:00:00.000000,Departamento,ARRIENDO,agency
TT-2024-11-000333,toctoc,Recoleta,Metropolitana,615000.0,CLP,62.0,2024-09-21 00:00:00.000000,2024-11-01 00:00:00.000000,DEPARTAMENTO,arriendo,owner_direct
TT-2024-11-005377,toctoc,Santiago,Metropolitana,14.59,UF,40.2,2024-10-28 00:00:00.000000,2024-11-29 00:00:00.000000,departamento,arriendo,owner_direct
TT-2024-11-000422,toctoc,Santiago,Metropolitana,15.54,UF,44.8,2024-07-07 00:00:00.000000,2024-11-01 00:00:00.000000,DEPARTAMENTO,ARRIENDO,owner_direct
TT-2024-11-004933,toctoc,Recoleta,Metropolitana,785000.0,CLP,87.3,2024-11-08 00:00:00.000000,2024-11-29 00:00:00.000000,DEPARTAMENTO,Arriendo,agency
TT-2024-11-002382,toctoc,Independencia,Metropolitana,680000.0,CLP,53.4,2024-09-28 00:00:00.000000,2024-11-15 00:00:00.000000,DEPARTAMENTO,arriendo,owner_direct
TT-2024-11-000839,toctoc,La Florida,Metropolitana,26.89,UF,101.1,2024-05-26 00:00:00.000000,2024-11-01 00:00:00.000000,departamento,ARRIENDO,agency
TT-2024-11-002565,toctoc,Ñuñoa,Metropolitana,735000.0,CLP,61.0,2024-11-01 00:00:00.000000,2024-11-15 00:00:00.000000,DEPARTAMENTO,arriendo,owner_direct
TT-2024-11-002354,toctoc,Recoleta,Metropolitana,460000.0,CLP,38.7,2024-05-02 00:00:00.000000,2024-11-15 00:00:00.000000,departamento,arriendo,agency
TT-2024-11-003927,toctoc,Macul,Metropolitana,13.38,UF,44.2,2024-10-27 00:00:00.000000,2024-11-22 00:00:00.000000,departamento,arriendo,agency
TT-2024-11-005380,toctoc,Santiago,Metropolitana,650000.0,CLP,54.5,2024-11-20 00:00:00.000000,2024-11-29 00:00:00.000000,departamento,ARRIENDO,owner_direct
TT-2024-11-004148,toctoc,La Reina,Metropolitana,33.38,UF,86.4,2024-10-16 00:00:00.000000,2024-11-22 00:00:00.000000,DEPARTAMENTO,ARRIENDO,agency
TT-2024-11-003134,toctoc,La Florida,Metropolitana,14.73,UF,44.6,2024-09-18 00:00:00.000000,2024-11-15 00:00:00.000000,Departamento,ARRIENDO,agency
TT-2024-11-000157,toctoc,Quinta Normal,Metropolitana,20.95,UF,79.7,2024-09-28 00:00:00.000000,2024-11-01 00:00:00.000000,Departamento,arriendo,agency
TT-2024-11-004373,toctoc,La Cisterna,Metropolitana,23.78,UF,90.9,2024-06-02 00:00:00.000000,2024-11-29 00:00:00.000000,DEPARTAMENTO,ARRIENDO,agency
TT-2024-11-005249,toctoc,Maipú,Metropolitana,640000.0,CLP,53.1,2024-11-16 00:00:00.000000,2024-11-29 00:00:00.000000,Departamento,ARRIENDO,agency
TT-2024-11-001621,toctoc,Independencia,Metropolitana,490000.0,CLP,41.4,2024-10-30 00:00:00.000000,2024-11-08 00:00:00.000000,DEPARTAMENTO,Arriendo,agency
TT-2024-11-002847,toctoc,Las Condes,Metropolitana,1425000.0,CLP,71.5,2024-09-20 00:00:00.000000,2024-11-15 00:00:00.000000,DEPARTAMENTO,arriendo,
TT-2024-11-005331,toctoc,La Cisterna,Metropolitana,9.59,UF,28.8,2024-10-29 00:00:00.000000,2024-11-29 00:00:00.000000,Departamento,Arriendo,agency
TT-2024-11-001907,toctoc,San Miguel,Metropolitana,12.97,UF,48.5,2024-10-26 00:00:00.000000,2024-11-08 00:00:00.000000,departamento,arriendo,owner_direct
TT-2024-11-004030,toctoc, San Miguel,Metropolitana,515000.0,CLP,28.2,2024-11-10 00:00:00.000000,2024-11-22 00:00:00.000000,Departamento,arriendo,owner_direct
TT-2024-11-000876,toctoc,Las Condes,Metropolitana,1035000.0,CLP,41.4,2024-10-06 00:00:00.000000,2024-11-01 00:00:00.000000,DEPARTAMENTO,ARRIENDO,agency
TT-2024-11-000846,toctoc,Santiago,Metropolitana,15.81,UF,43.9,2024-10-26 00:00:00.000000,2024-11-01 00:00:00.000000,DEPARTAMENTO,ARRIENDO,agency
TT-2024-11-000964,toctoc,Maipú,Metropolitana,14.46,UF,52.3,2024-10-07 00:00:00.000000,2024-11-01 00:00:00.000000,Departamento,Arriendo,agency
TT-2024-11-002393,toctoc,Las Condes,Metropolitana,24.86,UF,45.7,2024-10-15 00:00:00.000000,2024-11-15 00:00:00.000000,departamento,Arriendo,agency
TT-2024-11-004431,toctoc,Providencia,Metropolitana,22.84,UF,34.7,2024-11-13 00:00:00.000000,2024-11-29 00:00:00.000000,DEPARTAMENTO,arriendo,agency
TT-2024-11-004032,toctoc,Ñuñoa,Metropolitana,25.54,UF,75.6,2024-10-24 00:00:00.000000,2024-11-22 00:00:00.000000,DEPARTAMENTO,arriendo,agency
TT-2024-11-003109,toctoc,Providencia,Metropolitana,1060000.0,CLP,42.1,2024-11-07 00:00:00.000000,2024-11-15 00:00:00.000000,DEPARTAMENTO,Arriendo,owner_direct
TT-2024-11-002910,toctoc,Independencia,Metropolitana,17.7,UF,61.1,2024-06-16 00:00:00.000000,2024-11-15 00:00:00.000000,DEPARTAMENTO,ARRIENDO,agency
TT-2024-11-004861,toctoc,Puente Alto,Metropolitana,11.08,UF,34.5,2024-11-11 00:00:00.000000,2024-11-29 00:00:00.000000,Departamento,Arriendo,agency
TT-2024-11-004399,toctoc,Macul,Metropolitana,38.11,UF,169.5,2024-10-16 00:00:00.000000,2024-11-29 00:00:00.000000,Departamento,ARRIENDO,agency
TT-2024-11-003159,toctoc,Huechuraba,Metropolitana,550000.0,CLP,37.9,2024-10-28 00:00:00.000000,2024-11-15 00:00:00.000000,Departamento,arriendo,owner_direct
TT-2024-11-002496,toctoc,Maipú,Metropolitana,13.92,UF,38.9,2024-11-11 00:00:00.000000,2024-11-15 00:00:00.000000,departamento,ARRIENDO,agency
TT-2024-11-003568,toctoc,Independencia,Metropolitana,15.95,UF,59.6,2024-10-27 00:00:00.000000,2024-11-22 00:00:00.000000,DEPARTAMENTO,Arriendo,agency
TT-2024-11-000047,toctoc,Santiago,Metropolitana,19.73,UF,69.1,2024-06-01 00:00:00.000000,2024-11-01 00:00:00.000000,DEPARTAMENTO,arriendo,owner_direct
TT-2024-11-001380,toctoc,Ñuñoa,Metropolitana,23.11,UF,55.1,2024-10-08 00:00:00.000000,2024-11-08 00:00:00.000000,Departamento,arriendo,agency
TT-2024-11-003353,toctoc,Santiago,Metropolitana,765000.0,CLP,65.6,2024-10-29 00:00:00.000000,2024-11-15 00:00:00.000000,Departamento,ARRIENDO,agency
TT-2024-11-000079,toctoc,Santiago,Metropolitana,600000.0,CLP,47.2,2024-09-18 00:00:00.000000,2024-11-01 00:00:00.000000,DEPARTAMENTO,Arriendo,agency
TT-2024-11-002668,toctoc,La Florida,Metropolitana,680000.0,CLP,67.3,2024-06-12 00:00:00.000000,2024-11-15 00:00:00.000000,DEPARTAMENTO,Arriendo,agency
TT-2024-11-000161,toctoc,Puente Alto,Metropolitana,10.54,UF,31.5,2024-10-02 00:00:00.000000,2024-11-01 00:00:00.000000,departamento,arriendo,agency
TT-2024-11-000311,toctoc,Ñuñoa,Metropolitana,32.3,UF,104.2,2024-10-16 00:00:00.000000,2024-11-01 00:00:00.000000,Departamento,arriendo,owner_direct
TT-2024-11-002962,toctoc,Macul,Metropolitana,19.73,UF,65.3,2024-07-13 00:00:00.000000,2024-11-15 00:00:00.000000,Departamento,arriendo,agency
TT-2024-11-004864,toctoc,Santiago,Metropolitana,630000.0,CLP,40.7,2024-05-15 00:00:00.000000,2024-11-29 00:00:00.000000,departamento,arriendo,owner_direct
TT-2024-11-000771,toctoc,Estación Central,Metropolitana,15.0,UF,45.6,2024-07-27 00:00:00.000000,2024-11-01 00:00:00.000000,Departamento,ARRIENDO,owner_direct
TT-2024-11-000142,toctoc,Santiago,Metropolitana,985000.0,CLP,104.9,2024-10-21 00:00:00.000000,2024-11-01 00:00:00.000000,Departamento,ARRIENDO,owner_direct
TT-2024-11-003690,toctoc,Santiago,Metropolitana,495000.0,CLP,31.0,2024-10-30 00:00:00.000000,2024-11-22 00:00:00.000000,Departamento,Arriendo,owner_direct
TT-2024-11-001174,toctoc,Renca,Metropolitana,455000.0,CLP,44.1,2024-10-21 00:00:00.000000,2024-11-01 00:00:00.000000,departamento,arriendo,agency
TT-2024-11-000874,toctoc,santiago,Metropolitana,645000.0,CLP,54.2,2024-10-16 00:00:00.000000,2024-11-01 00:00:00.000000,departamento,arriendo,agency
TT-2024-11-000692,toctoc,Renca,Metropolitana,670000.0,CLP,63.7,2024-10-07 00:00:00.000000,2024-11-01 00:00:00.000000,Departamento,ARRIENDO,owner_direct
TT-2024-11-002619,toctoc,La Cisterna,Metropolitana,405000.0,CLP,42.9,2024-11-04 00:00:00.000000,2024-11-15 00:00:00.000000,Departamento,Arriendo,agency
TT-2024-11-000407,toctoc,Huechuraba,Metropolitana,21.62,UF,50.1,2024-09-14 00:00:00.000000,2024-11-01 00:00:00.000000,departamento,Arriendo,
TT-2024-11-000129,toctoc,La Florida,Metropolitana,730000.0,CLP,72.1,2024-10-10 00:00:00.000000,2024-11-01 00:00:00.000000,Departamento,ARRIENDO,owner_direct
TT-2024-11-001374,toctoc,Huechuraba,Metropolitana,15.81,UF,41.4,2024-10-30 00:00:00.000000,2024-11-08 00:00:00.000000,DEPARTAMENTO,arriendo,agency
TT-2024-11-003111,toctoc,Estación Central,Metropolitana,485000.0,CLP,47.4,2024-10-24 00:00:00.000000,2024-11-15 00:00:00.000000,Departamento,Arriendo,agency
TT-2024-11-001552,toctoc,Peñalolén,Metropolitana,17.3,UF,58.5,2024-10-27 00:00:00.000000,2024-11-08 00:00:00.000000,Departamento,arriendo,agency
TT-2024-11-000662,toctoc,La Cisterna,Metropolitana,790000.0,CLP,86.3,2024-10-12 00:00:00.000000,2024-11-01 00:00:00.000000,departamento,Arriendo,agency
TT-2024-11-002107,toctoc,Providencia,Metropolitana,715000.0,CLP,27.3,2024-10-12 00:00:00.000000,2024-11-08 00:00:00.000000,Departamento,ARRIENDO,owner_direct
TT-2024-11-002428,toctoc,Ñuñoa,Metropolitana,19.32,UF,44.8,2024-10-21 00:00:00.000000,2024-11-15 00:00:00.000000,Departamento,ARRIENDO,owner_direct
TT-2024-11-001849,toctoc,Providencia,Metropolitana,29.05,UF,46.3,2024-10-12 00:00:00.000000,2024-11-08 00:00:00.000000,departamento,arriendo,owner_direct
TT-2024-11-004144,toctoc,La Cisterna,Metropolitana,17.97,UF,49.7,2024-10-18 00:00:00.000000,2024-11-22 00:00:00.000000,Departamento,Arriendo,agency
TT-2024-11-004454,toctoc,Estación Central,Metropolitana,15.14,UF,59.1,2024-11-22 00:00:00.000000,2024-11-29 00:00:00.000000,departamento,Arriendo,owner_direct
TT-2024-11-000149,toctoc,Macul,Metropolitana,620000.0,CLP,50.7,2024-08-27 00:00:00.000000,2024-11-01 00:00:00.000000,Departamento,Arriendo,agency
TT-2024-11-004669,toctoc,Las Condes,Metropolitana,27.7,UF,56.5,2024-11-12 00:00:00.000000,2024-11-29 00:00:00.000000,departamento,Arriendo,agency
TT-2024-11-002788,toctoc,San Joaquín,Metropolitana,490000.0,CLP,39.8,2024-10-31 00:00:00.000000,2024-11-15 00:00:00.000000,Departamento,ARRIENDO,owner_direct
TT-2024-11-004338,toctoc,Independencia,Metropolitana,17.16,UF,65.6,2024-11-27 00:00:00.000000,2024-11-29 00:00:00.000000,Departamento,ARRIENDO,agency
TT-2024-11-003899,toctoc,Providencia,Metropolitana,1765000.0,CLP,95.8,2024-11-09 00:00:00.000000,2024-11-22 00:00:00.000000,Departamento,Arriendo,agency
TT-2024-11-005289,toctoc,La Florida,Metropolitana,12.16,UF,26.8,2024-10-18 00:00:00.000000,2024-11-29 00:00:00.000000,departamento,ARRIENDO,agency
TT-2024-11-003626,toctoc,Cerrillos,Metropolitana,415000.0,CLP,27.7,2024-10-26 00:00:00.000000,2024-11-22 00:00:00.000000,Departamento,ARRIENDO,owner_direct
TT-2024-11-004615,toctoc,Recoleta,Metropolitana,495000.0,CLP,52.8,2024-09-08 00:00:00.000000,2024-11-29 00:00:00.000000,DEPARTAMENTO,ARRIENDO,agency
TT-2024-11-004402,toctoc,Estación Central,Metropolitana,380000.0,CLP,24.9,2024-11-20 00:00:00.000000,2024-11-29 00:00:00.000000,DEPARTAMENTO,ARRIENDO,agency
TT-2024-11-005400,toctoc,La Cisterna,Metropolitana,1045000.0,CLP,128.5,2024-11-05 00:00:00.000000,2024-11-29 00:00:00.000000,departamento,ARRIENDO,agency
TT-2024-11-005227,toctoc,Santiago,Metropolitana,18.11,UF,48.6,2024-10-14 00:00:00.000000,2024-11-29 00:00:00.000000,DEPARTAMENTO,arriendo,owner_direct
TT-2024-11-003168,toctoc,Estación Central,Metropolitana,13.11,UF,32.9,2024-11-02 00:00:00.000000,2024-11-15 00:00:00.000000,DEPARTAMENTO,ARRIENDO,agency
TT-2024-11-003282,toctoc,Estación Central,Metropolitana,19.73,UF,67.4,2024-10-16 00:00:00.000000,2024-11-15 00:00:00.000000,DEPARTAMENTO,arriendo,agency
TT-2024-11-000939,toctoc,La Florida,Metropolitana,455000.0,CLP,48.4,2024-10-17 00:00:00.000000,2024-11-01 00:00:00.000000,departamento,Arriendo,owner_direct
TT-2024-11-004886,toctoc,Peñalolén,Metropolitana,13.51,UF,39.9,2024-09-30 00:00:00.000000,2024-11-29 00:00:00.000000,DEPARTAMENTO,ARRIENDO,owner_direct
TT-2024-11-002228,toctoc,Quinta Normal,Metropolitana,13.65,UF,61.4,2024-10-11 00:00:00.000000,2024-11-15 00:00:00.000000,DEPARTAMENTO,Arriendo,agency
TT-2024-11-005455,toctoc,Ñuñoa,Metropolitana,23.51,UF,63.4,2024-11-22 00:00:00.000000,2024-11-29 00:00:00.000000,DEPARTAMENTO,Arriendo,agency
TT-2024-11-001050,toctoc,Ñuñoa,Metropolitana,21.08,UF,43.5,2024-10-28 00:00:00.000000,2024-11-01 00:00:00.000000,Departamento,ARRIENDO,agency
TT-2024-11-002999,toctoc,Independencia,Metropolitana,14.46,UF,40.6,2024-10-19 00:00:00.000000,2024-11-15 00:00:00.000000,Departamento,Arriendo,agency
TT-2024-11-004664,toctoc,Recoleta,Metropolitana,720000.0,CLP,73.9,2024-09-07 00:00:00.000000,2024-11-29 00:00:00.000000,DEPARTAMENTO,arriendo,owner_direct
TT-2024-11-002057,toctoc,Conchalí,Metropolitana,12.43,UF,48.0,2024-11-07 00:00:00.000000,2024-11-08 00:00:00.000000,Departamento,ARRIENDO,agency
TT-2024-11-003715,toctoc,Quilicura,Metropolitana,13.38,UF,57.7,2024-11-02 00:00:00.000000,2024-11-22 00:00:00.000000,departamento,ARRIENDO,agency
TT-2024-11-003315,toctoc,Ñuñoa,Metropolitana,850000.0,CLP,58.7,2024-07-12 00:00:00.000000,2024-11-15 00:00:00.000000,departamento,Arriendo,agency
TT-2024-11-004633,toctoc,Estación Central,Metropolitana,21.62,UF,99.1,2024-11-17 00:00:00.000000,2024-11-29 00:00:00.000000,departamento,arriendo,agency
TT-2024-11-005487,toctoc,San Miguel,Metropolitana,555000.0,CLP,38.0,2024-10-26 00:00:00.000000,2024-11-29 00:00:00.000000,departamento,ARRIENDO,agency
TT-2024-11-004328,toctoc,La Florida,Metropolitana,450000.0,CLP,44.7,2024-11-17 00:00:00.000000,2024-11-29 00:00:00.000000,DEPARTAMENTO,arriendo,agency
TT-2024-11-000270,toctoc,Santiago,Metropolitana,18.24,UF,57.1,2024-10-23 00:00:00.000000,2024-11-01 00:00:00.000000,Departamento,ARRIENDO,agency
TT-2024-11-002727,toctoc,Providencia,Metropolitana,1430000.0,CLP,97.3,2024-10-07 00:00:00.000000,2024-11-15 00:00:00.000000,departamento,Arriendo,agency
TT-2024-11-005084,toctoc,Lo Barnechea,Metropolitana,26.22,UF,48.4,2024-11-25 00:00:00.000000,2024-11-29 00:00:00.000000,Departamento,Arriendo,owner_direct
TT-2024-11-001648,toctoc,Huechuraba,Metropolitana,31.62,UF,93.8,2024-10-11 00:00:00.000000,2024-11-08 00:00:00.000000,DEPARTAMENTO,Arriendo,agency
TT-2024-11-003679,toctoc,Estación Central,Metropolitana,12.43,UF,34.1,2024-09-14 00:00:00.000000,2024-11-22 00:00:00.000000,Departamento,arriendo,agency
TT-2024-11-002449,toctoc,Las Condes,Metropolitana,47.57,UF,105.3,2024-11-10 00:00:00.000000,2024-11-15 00:00:00.000000,DEPARTAMENTO,arriendo,owner_direct
TT-2024-11-003542,toctoc,Independencia,Metropolitana,1015000.0,CLP,93.5,2024-10-07 00:00:00.000000,2024-11-22 00:00:00.000000,departamento,ARRIENDO,owner_direct
TT-2024-11-002400,toctoc,Las Condes,Metropolitana,1045000.0,CLP,46.2,2024-11-03 00:00:00.000000,2024-11-15 00:00:00.000000,Departamento,Arriendo,
TT-2024-11-000459,toctoc,Las Condes,Metropolitana,30.95,UF,53.6,2024-10-16 00:00:00.000000,2024-11-01 00:00:00.000000,Departamento,ARRIENDO,agency
TT-2024-11-001706,toctoc,Estación Central,Metropolitana,13.38,UF,53.2,2024-11-06 00:00:00.000000,2024-11-08 00:00:00.000000,DEPARTAMENTO,Arriendo,agency
TT-2024-11-004541,toctoc,Las Condes,Metropolitana,1405000.0,CLP,59.2,2024-10-19 00:00:00.000000,2024-11-29 00:00:00.000000,Departamento,Arriendo,agency
TT-2024-11-000087,toctoc,La Florida,Metropolitana,22.43,UF,95.6,2024-09-07 00:00:00.000000,2024-11-01 00:00:00.000000,DEPARTAMENTO,Arriendo,owner_direct
TT-2024-11-000590,toctoc,Conchalí,Metropolitana,485000.0,CLP,46.8,2024-10-03 00:00:00.000000,2024-11-01 00:00:00.000000,departamento,arriendo,owner_direct
TT-2024-11-001532,toctoc,Ñuñoa,Metropolitana,645000.0,CLP,33.5,2024-10-20 00:00:00.000000,2024-11-08 00:00:00.000000,DEPARTAMENTO,arriendo,owner_direct
TT-2024-11-002883,toctoc,Recoleta,Metropolitana,13.78,UF,33.4,2024-10-04 00:00:00.000000,2024-11-15 00:00:00.000000,departamento,ARRIENDO,agency
TT-2024-11-002867,toctoc,Independencia,Metropolitana,475000.0,CLP,42.7,2024-11-05 00:00:00.000000,2024-11-15 00:00:00.000000,DEPARTAMENTO,ARRIENDO,agency
TT-2024-11-001108,toctoc,Estación Central,Metropolitana,17.7,UF,44.9,2024-10-07 00:00:00.000000,2024-11-01 00:00:00.000000,DEPARTAMENTO,Arriendo,
TT-2024-11-004913,toctoc,Las Condes,Metropolitana,22.03,UF,31.1,2024-09-29 00:00:00.000000,2024-11-29 00:00:00.000000,Departamento,Arriendo,agency
TT-2024-11-002954,toctoc,la reina,Metropolitana,25.14,UF,62.8,2024-10-31 00:00:00.000000,2024-11-15 00:00:00.000000,departamento,Arriendo,agency
TT-2024-11-001740,toctoc,Santiago,Metropolitana,29.05,UF,111.6,2024-10-22 00:00:00.000000,2024-11-08 00:00:00.000000,Departamento,Arriendo,agency
TT-2024-11-001704,toctoc,Ñuñoa,Metropolitana,790000.0,CLP,70.3,2024-10-16 00:00:00.000000,2024-11-08 00:00:00.000000,DEPARTAMENTO,Arriendo,agency
TT-2024-11-002558,toctoc,San Miguel,Metropolitana,21.08,UF,76.2,2024-09-02 00:00:00.000000,2024-11-15 00:00:00.000000,DEPARTAMENTO,Arriendo,owner_direct
TT-2024-11-004317,toctoc,Providencia,Metropolitana,23.24,UF,38.1,2024-11-13 00:00:00.000000,2024-11-29 00:00:00.000000,Departamento,arriendo,owner_direct
TT-2024-11-002344,toctoc,Quinta Normal,Metropolitana,14.32,UF,59.3,2024-09-11 00:00:00.000000,2024-11-15 00:00:00.000000,DEPARTAMENTO,Arriendo,agency
TT-2024-11-001709,toctoc,Puente Alto,Metropolitana,795000.0,CLP,116.4,2024-10-21 00:00:00.000000,2024-11-08 00:00:00.000000,departamento,arriendo,agency
TT-2024-11-003395,toctoc,Ñuñoa,Metropolitana,845000.0,CLP,79.9,2024-10-07 00:00:00.000000,2024-11-22 00:00:00.000000,departamento,ARRIENDO,owner_direct
TT-2024-11-000254,toctoc,Maipú,Metropolitana,570000.0,CLP,58.9,2024-10-03 00:00:00.000000,2024-11-01 00:00:00.000000,Departamento,ARRIENDO,agency
TT-2024-11-005057,toctoc,San Joaquín,Metropolitana,12.43,UF,41.6,2024-11-15 00:00:00.000000,2024-11-29 00:00:00.000000,DEPARTAMENTO,ARRIENDO,owner_direct
TT-2024-11-002513,toctoc,Ñuñoa,Metropolitana,24.32,UF,66.2,2024-10-07 00:00:00.000000,2024-11-15 00:00:00.000000,DEPARTAMENTO,arriendo,agency
TT-2024-11-004163,toctoc,Ñuñoa,Metropolitana,570000.0,CLP,12.0,2024-08-03 00:00:00.000000,2024-11-22 00:00:00.000000,DEPARTAMENTO,arriendo,owner_direct
TT-2024-11-001243,toctoc,Conchalí,Metropolitana,465000.0,CLP,40.6,2024-10-27 00:00:00.000000,2024-11-08 00:00:00.000000,DEPARTAMENTO,ARRIENDO,owner_direct
TT-2024-11-005475,toctoc,Providencia,Metropolitana,880000.0,CLP,44.8,2024-11-06 00:00:00.000000,2024-11-29 00:00:00.000000,DEPARTAMENTO,ARRIENDO,agency
TT-2024-11-004425,toctoc,Santiago,Metropolitana,645000.0,CLP,45.2,2024-11-08 00:00:00.000000,2024-11-29 00:00:00.000000,departamento,ARRIENDO,owner_direct
TT-2024-11-005360,toctoc,Estación Central,Metropolitana,540000.0,CLP,51.5,2024-06-12 00:00:00.000000,2024-11-29 00:00:00.000000,departamento,arriendo,agency
TT-2024-11-003789,toctoc,Huechuraba,Metropolitana,17.3,UF,54.5,2024-10-20 00:00:00.000000,2024-11-22 00:00:00.000000,Departamento,ARRIENDO,agency
TT-2024-11-002821,toctoc,Recoleta,Metropolitana,24.32,UF,78.5,2024-09-16 00:00:00.000000,2024-11-15 00:00:00.000000,Departamento,Arriendo,agency
TT-2024-11-000793,toctoc,Vitacura,Metropolitana,1220000.0,CLP,43.4,2024-10-07 00:00:00.000000,2024-11-01 00:00:00.000000,Departamento,arriendo,agency
TT-2024-11-004884,toctoc,Las Condes,Metropolitana,21.89,UF,30.4,2024-10-21 00:00:00.000000,2024-11-29 00:00:00.000000,Departamento,Arriendo,owner_direct
TT-2024-11-003653,toctoc,Ñuñoa,Metropolitana,800000.0,CLP,72.0,2024-10-17 00:00:00.000000,2024-11-22 00:00:00.000000,DEPARTAMENTO,Arriendo,agency
TT-2024-11-003906,toctoc,Cerrillos,Metropolitana,15.54,UF,54.0,2024-10-15 00:00:00.000000,2024-11-22 00:00:00.000000,DEPARTAMENTO,Arriendo,agency
TT-2024-11-004544,toctoc,Independencia,Metropolitana,395000.0,CLP,31.9,2024-11-10 00:00:00.000000,2024-11-29 00:00:00.000000,DEPARTAMENTO,Arriendo,agency
TT-2024-11-000532,toctoc,La Reina,Metropolitana,755000.0,CLP,46.6,2024-10-16 00:00:00.000000,2024-11-01 00:00:00.000000,DEPARTAMENTO,Arriendo,agency
TT-2024-11-003506,toctoc,Lo Barnechea,Metropolitana,23.78,UF,47.0,2024-11-07 00:00:00.000000,2024-11-22 00:00:00.000000,DEPARTAMENTO,ARRIENDO,agency
TT-2024-11-004577,toctoc,Maipú,Metropolitana,11.35,UF,37.5,2024-11-02 00:00:00.000000,2024-11-29 00:00:00.000000,departamento,arriendo,agency
TT-2024-11-001834,toctoc,Maipú,Metropolitana,13.38,UF,42.4,2024-06-19 00:00:00.000000,2024-11-08 00:00:00.000000,DEPARTAMENTO,arriendo,owner_direct
TT-2024-11-003176,toctoc,Independencia,Metropolitana,10.68,UF,31.2,2024-10-23 00:00:00.000000,2024-11-15 00:00:00.000000,Departamento,Arriendo,agency
TT-2024-11-004167,toctoc,Ñuñoa,Metropolitana,21.89,UF,50.9,2024-11-09 00:00:00.000000,2024-11-22 00:00:00.000000,Departamento,Arriendo,agency
TT-2024-11-001821,toctoc,Quilicura,Metropolitana,485000.0,CLP,32.7,2024-10-07 00:00:00.000000,2024-11-08 00:00:00.000000,departamento,arriendo,owner_direct
TT-2024-11-001785,toctoc,Ñuñoa,Metropolitana,30.14,UF,84.6,2024-10-26 00:00:00.000000,2024-11-08 00:00:00.000000,DEPARTAMENTO,Arriendo,owner_direct
TT-2024-11-000998,toctoc,San Miguel,Metropolitana,510000.0,CLP,39.5,2024-10-07 00:00:00.000000,2024-11-01 00:00:00.000000,DEPARTAMENTO,Arriendo,agency
TT-2024-11-004840,toctoc,La Florida,Metropolitana,700000.0,CLP,73.2,2024-11-11 00:00:00.000000,2024-11-29 00:00:00.000000,departamento,arriendo,owner_direct
TT-2024-11-000197,toctoc,Santiago,Metropolitana,690000.0,CLP,53.0,2024-10-15 00:00:00.000000,2024-11-01 00:00:00.000000,Departamento,Arriendo,owner_direct
TT-2024-11-001547,toctoc,Puente Alto,Metropolitana,10.95,UF,38.2,2024-11-01 00:00:00.000000,2024-11-08 00:00:00.000000,Departamento,ARRIENDO,owner_direct
TT-2024-11-005180,toctoc,Estación Central,Metropolitana,17.57,UF,69.2,2024-11-23 00:00:00.000000,2024-11-29 00:00:00.000000,Departamento,arriendo,agency
TT-2024-11-002485,toctoc,La Florida,Metropolitana,740000.0,CLP,82.8,2024-10-31 00:00:00.000000,2024-11-15 00:00:00.000000,departamento,ARRIENDO,owner_direct
TT-2024-11-004750,toctoc,Estación Central,Metropolitana,14.05,UF,51.7,2024-11-26 00:00:00.000000,2024-11-29 00:00:00.000000,departamento,ARRIENDO,agency
TT-2024-11-000680,toctoc,Estación Central,Metropolitana,600000.0,CLP,73.2,2024-10-28 00:00:00.000000,2024-11-01 00:00:00.000000,DEPARTAMENTO,arriendo,agency
TT-2024-11-004755,toctoc,San Joaquín,Metropolitana,16.22,UF,60.4,2024-11-01 00:00:00.000000,2024-11-29 00:00:00.000000,DEPARTAMENTO,Arriendo,agency
TT-2024-11-005022,toctoc,Santiago,Metropolitana,16.89,UF,42.1,2024-10-17 00:00:00.000000,2024-11-29 00:00:00.000000,Departamento,Arriendo,agency
TT-2024-11-004642,toctoc,Santiago,Metropolitana,815000.0,CLP,69.0,2024-10-15 00:00:00.000000,2024-11-29 00:00:00.000000,Departamento,ARRIENDO,agency
TT-2024-11-005341,toctoc,La Cisterna,Metropolitana,470000.0,CLP,38.2,2024-11-18 00:00:00.000000,2024-11-29 00:00:00.000000,DEPARTAMENTO,arriendo,agency
TT-2024-11-005080,toctoc,Quilicura,Metropolitana,15.0,UF,50.4,2024-06-21 00:00:00.000000,2024-11-29 00:00:00.000000,Departamento,ARRIENDO,owner_direct
TT-2024-11-002561,toctoc,La Florida,Metropolitana,15.68,UF,48.1,2024-11-12 00:00:00.000000,2024-11-15 00:00:00.000000,Departamento,Arriendo,agency
TT-2024-11-002718,toctoc,Lo Barnechea,Metropolitana,980000.0,CLP,56.7,2024-10-09 00:00:00.000000,2024-11-15 00:00:00.000000,Departamento,ARRIENDO,agency
TT-2024-11-000458,toctoc,Huechuraba,Metropolitana,20.0,UF,52.7,2024-09-29 00:00:00.000000,2024-11-01 00:00:00.000000,departamento,Arriendo,owner_direct
TT-2024-11-000738,toctoc,Ñuñoa,Metropolitana,14.59,UF,20.0,2024-09-24 00:00:00.000000,2024-11-01 00:00:00.000000,Departamento,ARRIENDO,agency
TT-2024-11-001384,toctoc,Independencia,Metropolitana,520000.0,CLP,33.8,2024-11-03 00:00:00.000000,2024-11-08 00:00:00.000000,departamento,ARRIENDO,agency
TT-2024-11-004409,toctoc,La Florida,Metropolitana,14.05,UF,41.2,2024-05-23 00:00:00.000000,2024-11-29 00:00:00.000000,departamento,Arriendo,agency
TT-2024-11-001084,toctoc,Independencia,Metropolitana,14.46,UF,33.2,2024-09-11 00:00:00.000000,2024-11-01 00:00:00.000000,departamento,arriendo,agency
TT-2024-11-002852,toctoc,Puente Alto,Metropolitana,13.78,UF,59.1,2024-10-13 00:00:00.000000,2024-11-15 00:00:00.000000,Departamento,arriendo,
TT-2024-11-005471,toctoc,San Miguel,Metropolitana,610000.0,CLP,53.4,2024-11-25 00:00:00.000000,2024-11-29 00:00:00.000000,Departamento,arriendo,agency
TT-2024-11-005305,toctoc,Quinta Normal,Metropolitana,445000.0,CLP,36.8,2024-10-23 00:00:00.000000,2024-11-29 00:00:00.000000,Departamento,arriendo,agency
TT-2024-11-004186,toctoc,Las Condes,Metropolitana,785000.0,CLP,34.7,2024-11-14 00:00:00.000000,2024-11-22 00:00:00.000000,departamento,Arriendo,agency
TT-2024-11-005346,toctoc,La Cisterna,Metropolitana,615000.0,CLP,58.1,2024-11-14 00:00:00.000000,2024-11-29 00:00:00.000000,departamento,Arriendo,owner_direct
TT-2024-11-001827,toctoc,Santiago,Metropolitana,27.7,UF,94.6,2024-10-19 00:00:00.000000,2024-11-08 00:00:00.000000,Departamento,Arriendo,agency
TT-2024-11-004605,toctoc,Huechuraba,Metropolitana,23.11,UF,60.1,2024-11-19 00:00:00.000000,2024-11-29 00:00:00.000000,Departamento,ARRIENDO,owner_direct
TT-2024-11-004912,toctoc,Lo Barnechea,Metropolitana,20.41,UF,32.6,2024-09-13 00:00:00.000000,2024-11-29 00:00:00.000000,departamento,arriendo,agency
TT-2024-11-004340,toctoc,Huechuraba,Metropolitana,252.03,UF,89.6,2024-11-14 00:00:00.000000,2024-11-29 00:00:00.000000,departamento,arriendo,agency
TT-2024-11-003894,toctoc,Recoleta,Metropolitana,485000.0,CLP,29.8,2024-10-20 00:00:00.000000,2024-11-22 00:00:00.000000,Departamento,Arriendo,agency
TT-2024-11-001194,toctoc,Recoleta,Metropolitana,440000.0,CLP,28.4,2024-10-20 00:00:00.000000,2024-11-01 00:00:00.000000,Departamento,ARRIENDO,agency
TT-2024-11-003252,toctoc,Providencia,Metropolitana,1190000.0,CLP,53.8,2024-10-15 00:00:00.000000,2024-11-15 00:00:00.000000,Departamento,arriendo,owner_direct
TT-2024-11-003038,toctoc,Estación Central,Metropolitana,27.97,UF,134.5,2024-11-13 00:00:00.000000,2024-11-15 00:00:00.000000,DEPARTAMENTO,Arriendo,owner_direct
TT-2024-11-005436,toctoc,Santiago,Metropolitana,22.84,UF,82.0,2024-07-15 00:00:00.000000,2024-11-29 00:00:00.000000,DEPARTAMENTO,ARRIENDO,agency
TT-2024-11-005480,toctoc,Santiago,Metropolitana,805000.0,CLP,70.3,2024-11-01 00:00:00.000000,2024-11-29 00:00:00.000000,Departamento,ARRIENDO,agency
TT-2024-11-000278,toctoc,Ñuñoa,Metropolitana,1000000.0,CLP,84.8,2024-10-18 00:00:00.000000,2024-11-01 00:00:00.000000,DEPARTAMENTO,Arriendo,agency
TT-2024-11-000770,toctoc,Las Condes,Metropolitana,41.89,UF,96.4,2024-10-21 00:00:00.000000,2024-11-01 00:00:00.000000,departamento,Arriendo,owner_direct
TT-2024-11-003798,toctoc,Estación Central,Metropolitana,11.62,UF,40.3,2024-10-12 00:00:00.000000,2024-11-22 00:00:00.000000,DEPARTAMENTO,Arriendo,agency
TT-2024-11-001483,toctoc,Renca,Metropolitana,380000.0,CLP,32.7,2024-09-22 00:00:00.000000,2024-11-08 00:00:00.000000,departamento,Arriendo,owner_direct
TT-2024-11-001401,toctoc,Peñalolén,Metropolitana,15.81,UF,66.5,2024-10-24 00:00:00.000000,2024-11-08 00:00:00.000000,Departamento,Arriendo,owner_direct
TT-2024-11-000690,toctoc,Estación Central,Metropolitana,13.24,UF,49.3,2024-10-28 00:00:00.000000,2024-11-01 00:00:00.000000,Departamento,arriendo,agency
TT-2024-11-004099,toctoc,San Joaquín,Metropolitana,530000.0,CLP,56.7,2024-11-06 00:00:00.000000,2024-11-22 00:00:00.000000,DEPARTAMENTO,arriendo,owner_direct
TT-2024-11-004110,toctoc,Santiago,Metropolitana,795000.0,CLP,61.9,2024-08-27 00:00:00.000000,2024-11-22 00:00:00.000000,DEPARTAMENTO,ARRIENDO,agency
TT-2024-11-002489,toctoc,RECOLETA,Metropolitana,14.59,UF,58.8,2024-05-15 00:00:00.000000,2024-11-15 00:00:00.000000,DEPARTAMENTO,arriendo,agency
TT-2024-11-000481,toctoc,Macul,Metropolitana,16.22,UF,37.3,2024-10-29 00:00:00.000000,2024-11-01 00:00:00.000000,departamento,arriendo,agency
TT-2024-11-004476,toctoc,Macul,Metropolitana,10.54,UF,26.5,2024-11-09 00:00:00.000000,2024-11-29 00:00:00.000000,departamento,Arriendo,agency
TT-2024-11-002824,toctoc,Santiago,Metropolitana,705000.0,CLP,46.0,2024-10-20 00:00:00.000000,2024-11-15 00:00:00.000000,DEPARTAMENTO,Arriendo,agency
TT-2024-11-001857,toctoc,San Joaquín,Metropolitana,14.73,UF,34.0,2024-10-20 00:00:00.000000,2024-11-08 00:00:00.000000,DEPARTAMENTO,ARRIENDO,agency
TT-2024-11-004680,toctoc, Las Condes,Metropolitana,23.51,UF,28.2,2024-10-12 00:00:00.000000,2024-11-29 00:00:00.000000,Departamento,ARRIENDO,agency
TT-2024-11-004395,toctoc,Estación Central,Metropolitana,530000.0,CLP,51.8,2024-10-22 00:00:00.000000,2024-11-29 00:00:00.000000,Departamento,Arriendo,agency
TT-2024-11-000827,toctoc,Puente Alto,Metropolitana,10.81,UF,36.1,2024-09-17 00:00:00.000000,2024-11-01 00:00:00.000000,DEPARTAMENTO,ARRIENDO,agency
TT-2024-11-003905,toctoc,Lo Barnechea,Metropolitana,19.59,UF,29.9,2024-05-05 00:00:00.000000,2024-11-22 00:00:00.000000,DEPARTAMENTO,ARRIENDO,owner_direct
TT-2024-11-003610,toctoc,Estación Central,Metropolitana,16.22,UF,57.1,2024-10-21 00:00:00.000000,2024-11-22 00:00:00.000000,Departamento,ARRIENDO,owner_direct
TT-2024-11-001964,toctoc,Huechuraba,Metropolitana,865000.0,CLP,67.8,2024-08-23 00:00:00.000000,2024-11-08 00:00:00.000000,departamento,ARRIENDO,owner_direct
TT-2024-11-002690,toctoc,Providencia,Metropolitana,1195000.0,CLP,55.6,2024-11-05 00:00:00.000000,2024-11-15 00:00:00.000000,Departamento,arriendo,owner_direct
TT-2024-11-001323,toctoc,Providencia ,Metropolitana,1145000.0,CLP,68.2,2024-10-16 00:00:00.000000,2024-11-08 00:00:00.000000,Departamento,arriendo,agency
TT-2024-11-004456,toctoc,Ñuñoa,Metropolitana,17.84,UF,36.9,2024-11-22 00:00:00.000000,2024-11-29 00:00:00.000000,DEPARTAMENTO,arriendo,owner_direct
TT-2024-11-003107,toctoc,Macul,Metropolitana,640000.0,CLP,46.0,2024-11-07 00:00:00.000000,2024-11-15 00:00:00.000000,departamento,ARRIENDO,agency
TT-2024-11-001845,toctoc,Renca,Metropolitana,14.59,UF,59.3,2024-10-24 00:00:00.000000,2024-11-08 00:00:00.000000,departamento,arriendo,agency
TT-2024-11-002025,toctoc,Ñuñoa,Metropolitana,21.49,UF,58.5,2024-09-21 00:00:00.000000,2024-11-08 00:00:00.000000,DEPARTAMENTO,arriendo,owner_direct
TT-2024-11-005231,toctoc,Quinta Normal,Metropolitana,15.68,UF,56.5,2024-09-18 00:00:00.000000,2024-11-29 00:00:00.000000,departamento,ARRIENDO,agency
TT-2024-11-000600,toctoc,Ñuñoa,Metropolitana,15.14,UF,32.0,2024-10-12 00:00:00.000000,2024-11-01 00:00:00.000000,departamento,Arriendo,agency
TT-2024-11-000997,toctoc,Puente Alto,Metropolitana,12.16,UF,43.0,2024-10-17 00:00:00.000000,2024-11-01 00:00:00.000000,departamento,Arriendo,owner_direct
TT-2024-11-002658,toctoc,La Cisterna,Metropolitana,12.84,UF,48.1,2024-10-23 00:00:00.000000,2024-11-15 00:00:00.000000,departamento,Arriendo,owner_direct
TT-2024-11-005381,toctoc,Las Condes,Metropolitana,805000.0,CLP,33.8,2024-11-02 00:00:00.000000,2024-11-29 00:00:00.000000,DEPARTAMENTO,arriendo,agency
TT-2024-11-005239,toctoc,Maipú,Metropolitana,1030000.0,CLP,136.8,2024-10-05 00:00:00.000000,2024-11-29 00:00:00.000000,DEPARTAMENTO,ARRIENDO,owner_direct
TT-2024-11-004080,toctoc,Puente Alto,Metropolitana,630000.0,CLP,63.2,2024-11-03 00:00:00.000000,2024-11-22 00:00:00.000000,departamento,arriendo,owner_direct
TT-2024-11-004229,toctoc,Quilicura,Metropolitana,370000.0,CLP,26.1,2024-11-01 00:00:00.000000,2024-11-22 00:00:00.000000,DEPARTAMENTO,ARRIENDO,agency
TT-2024-11-001798,toctoc,Providencia,Metropolitana,800000.0,CLP,32.3,2024-10-31 00:00:00.000000,2024-11-08 00:00:00.000000,DEPARTAMENTO,Arriendo,owner_direct
TT-2024-11-002055,toctoc,La Cisterna,Metropolitana,600000.0,CLP,54.7,2024-05-03 00:00:00.000000,2024-11-08 00:00:00.000000,DEPARTAMENTO,Arriendo,agency
TT-2024-11-005045,toctoc,Estación Central,Metropolitana,670000.0,CLP,90.6,2024-11-07 00:00:00.000000,2024-11-29 00:00:00.000000,DEPARTAMENTO,arriendo,agency
TT-2024-11-000173,toctoc,La Reina,Metropolitana,19.46,UF,28.4,2024-09-17 00:00:00.000000,2024-11-01 00:00:00.000000,departamento,ARRIENDO,agency
TT-2024-11-003529,toctoc,Santiago,Metropolitana,600000.0,CLP,43.7,2024-11-05 00:00:00.000000,2024-11-22 00:00:00.000000,Departamento,arriendo,agency
TT-2024-11-001744,toctoc,Independencia,Metropolitana,555000.0,CLP,35.5,2024-09-29 00:00:00.000000,2024-11-08 00:00:00.000000,departamento,arriendo,agency
TT-2024-11-004129,toctoc,Quinta Normal,Metropolitana,560000.0,CLP,43.4,2024-11-05 00:00:00.000000,2024-11-22 00:00:00.000000,DEPARTAMENTO,Arriendo,agency
TT-2024-11-000844,toctoc,Las Condes,Metropolitana,1455000.0,CLP,86.2,2024-07-15 00:00:00.000000,2024-11-01 00:00:00.000000,departamento,arriendo,agency
TT-2024-11-000544,toctoc,Maipú,Metropolitana,31.35,UF,139.3,2024-10-04 00:00:00.000000,2024-11-01 00:00:00.000000,departamento,ARRIENDO,agency
TT-2024-11-000962,toctoc,Santiago,Metropolitana,925000.0,CLP,78.8,2024-07-27 00:00:00.000000,2024-11-01 00:00:00.000000,DEPARTAMENTO,Arriendo,agency
TT-2024-11-004529,toctoc,San Miguel,Metropolitana,16.08,UF,51.6,2024-11-14 00:00:00.000000,2024-11-29 00:00:00.000000,DEPARTAMENTO,arriendo,agency
TT-2024-11-000060,toctoc,Santiago,Metropolitana,465000.0,CLP,43.4,2024-09-13 00:00:00.000000,2024-11-01 00:00:00.000000,Departamento,Arriendo,agency
TT-2024-11-003248,toctoc,Lo Barnechea,Metropolitana,930000.0,CLP,51.2,2024-09-26 00:00:00.000000,2024-11-15 00:00:00.000000,departamento,ARRIENDO,agency
TT-2024-11-002493,toctoc,Huechuraba,Metropolitana,655000.0,CLP,65.3,2024-11-09 00:00:00.000000,2024-11-15 00:00:00.000000,Departamento,Arriendo,agency
TT-2024-11-004696,toctoc,Las Condes,Metropolitana,1220000.0,CLP,73.5,2024-11-17 00:00:00.000000,2024-11-29 00:00:00.000000,departamento,Arriendo,owner_direct
TT-2024-11-002476,toctoc,Providencia,Metropolitana,18.38,UF,29.8,2024-11-07 00:00:00.000000,2024-11-15 00:00:00.000000,Departamento,ARRIENDO,owner_direct
TT-2024-11-000920,toctoc,Macul,Metropolitana,12.57,UF,35.7,2024-10-05 00:00:00.000000,2024-11-01 00:00:00.000000,DEPARTAMENTO,ARRIENDO,agency
TT-2024-11-005373,toctoc,Cerrillos,Metropolitana,520000.0,CLP,55.5,2024-11-25 00:00:00.000000,2024-11-29 00:00:00.000000,DEPARTAMENTO,arriendo,owner_direct
TT-2024-11-003869,toctoc,San Miguel,Metropolitana,21.89,UF,73.9,2024-07-25 00:00:00.000000,2024-11-22 00:00:00.000000,DEPARTAMENTO,ARRIENDO,owner_direct
TT-2024-11-000368,toctoc,Providencia,Metropolitana,24.86,UF,40.6,2024-09-18 00:00:00.000000,2024-11-01 00:00:00.000000,Departamento,ARRIENDO,agency
TT-2024-11-001396,toctoc,Macul,Metropolitana,525000.0,CLP,35.0,2024-10-12 00:00:00.000000,2024-11-08 00:00:00.000000,DEPARTAMENTO,arriendo,owner_direct
TT-2024-11-000126,toctoc,Estación Central,Metropolitana,13.38,UF,42.6,2024-10-08 00:00:00.000000,2024-11-01 00:00:00.000000,Departamento,arriendo,owner_direct
TT-2024-11-005378,toctoc,Independencia,Metropolitana,425000.0,CLP,38.0,2024-11-17 00:00:00.000000,2024-11-29 00:00:00.000000,Departamento,ARRIENDO,agency
TT-2024-11-000381,toctoc,San Miguel,Metropolitana,940000.0,CLP,102.2,2024-10-03 00:00:00.000000,2024-11-01 00:00:00.000000,Departamento,Arriendo,agency
TT-2024-11-000816,toctoc,Ñuñoa,Metropolitana,22.97,UF,55.3,2024-09-02 00:00:00.000000,2024-11-01 00:00:00.000000,DEPARTAMENTO,arriendo,owner_direct
TT-2024-11-002041,toctoc,Huechuraba,Metropolitana,22.97,UF,68.9,2024-11-05 00:00:00.000000,2024-11-08 00:00:00.000000,Departamento,Arriendo,agency
TT-2024-11-004497,toctoc,Santiago,Metropolitana,590000.0,CLP,54.7,2024-09-18 00:00:00.000000,2024-11-29 00:00:00.000000,departamento,arriendo,agency
TT-2024-11-003161,toctoc,Independencia,Metropolitana,640000.0,CLP,58.0,2024-10-18 00:00:00.000000,2024-11-15 00:00:00.000000,Departamento,ARRIENDO,agency
TT-2024-11-003398,toctoc,Vitacura,Metropolitana,32.57,UF,43.5,2024-11-01 00:00:00.000000,2024-11-22 00:00:00.000000,DEPARTAMENTO,arriendo,agency
TT-2024-11-002186,toctoc,Providencia,Metropolitana,34.86,UF,71.3,2024-11-06 00:00:00.000000,2024-11-15 00:00:00.000000,Departamento,Arriendo,owner_direct
TT-2024-11-004014,toctoc,Peñalolén,Metropolitana,15.81,UF,45.6,2024-10-15 00:00:00.000000,2024-11-22 00:00:00.000000,Departamento,Arriendo,agency
TT-2024-11-002744,toctoc,Ñuñoa,Metropolitana,640000.0,CLP,30.6,2024-09-27 00:00:00.000000,2024-11-15 00:00:00.000000,departamento,Arriendo,agency
TT-2024-11-000009,toctoc,Macul,Metropolitana,1120000.0,CLP,105.6,2024-09-11 00:00:00.000000,2024-11-01 00:00:00.000000,DEPARTAMENTO,ARRIENDO,owner_direct
TT-2024-11-004072,toctoc,La Reina,Metropolitana,19.19,UF,51.8,2024-10-25 00:00:00.000000,2024-11-22 00:00:00.000000,DEPARTAMENTO,arriendo,owner_direct
TT-2024-11-004023,toctoc,Independencia,Metropolitana,15.54,UF,62.4,2024-11-03 00:00:00.000000,2024-11-22 00:00:00.000000,departamento,ARRIENDO,owner_direct
TT-2024-11-003035,toctoc,Providencia,Metropolitana,18.65,UF,32.9,2024-11-10 00:00:00.000000,2024-11-15 00:00:00.000000,departamento,ARRIENDO,agency
TT-2024-11-000191,toctoc,Lo Barnechea,Metropolitana,20.68,UF,25.5,2024-09-08 00:00:00.000000,2024-11-01 00:00:00.000000,departamento,arriendo,owner_direct
TT-2024-11-004600,toctoc,Santiago,Metropolitana,520000.0,CLP,28.0,2024-11-27 00:00:00.000000,2024-11-29 00:00:00.000000,departamento,arriendo,owner_direct
TT-2024-11-004779,toctoc,Puente Alto,Metropolitana,455000.0,CLP,55.4,2024-11-01 00:00:00.000000,2024-11-29 00:00:00.000000,Departamento,arriendo,agency
TT-2024-11-004782,toctoc,Quinta Normal,Metropolitana,470000.0,CLP,30.7,2024-11-12 00:00:00.000000,2024-11-29 00:00:00.000000,Departamento,ARRIENDO,agency
TT-2024-11-003918,toctoc,Estación Central,Metropolitana,15.54,UF,60.1,2024-10-31 00:00:00.000000,2024-11-22 00:00:00.000000,DEPARTAMENTO,arriendo,owner_direct
TT-2024-11-000347,toctoc,Macul,Metropolitana,835000.0,CLP,78.6,2024-10-26 00:00:00.000000,2024-11-01 00:00:00.000000,departamento,ARRIENDO,agency
TT-2024-11-000023,toctoc,Ñuñoa,Metropolitana,775000.0,CLP,49.6,2024-10-15 00:00:00.000000,2024-11-01 00:00:00.000000,departamento,Arriendo,agency
TT-2024-11-003732,toctoc,San Miguel,Metropolitana,470000.0,CLP,39.4,2024-10-30 00:00:00.000000,2024-11-22 00:00:00.000000,Departamento,ARRIENDO,agency
TT-2024-11-003043,toctoc,Las Condes ,Metropolitana,25.14,UF,50.9,2024-10-07 00:00:00.000000,2024-11-15 00:00:00.000000,DEPARTAMENTO,Arriendo,agency
TT-2024-11-002010,toctoc,Ñuñoa,Metropolitana,31.62,UF,77.1,2024-10-14 00:00:00.000000,2024-11-08 00:00:00.000000,DEPARTAMENTO,arriendo,agency
TT-2024-11-000042,toctoc,Conchalí,Metropolitana,630000.0,CLP,67.5,2024-10-10 00:00:00.000000,2024-11-01 00:00:00.000000,DEPARTAMENTO,ARRIENDO,agency
TT-2024-11-002368,toctoc,Independencia,Metropolitana,535000.0,CLP,50.9,2024-11-12 00:00:00.000000,2024-11-15 00:00:00.000000,departamento,arriendo,agency
TT-2024-11-000756,toctoc,Santiago,Metropolitana,17.57,UF,45.7,2024-10-16 00:00:00.000000,2024-11-01 00:00:00.000000,DEPARTAMENTO,Arriendo,agency
TT-2024-11-005214,toctoc,Santiago ,Metropolitana,15.41,UF,47.4,2024-10-20 00:00:00.000000,2024-11-29 00:00:00.000000,departamento,ARRIENDO,owner_direct
TT-2024-11-005351,toctoc,Las Condes,Metropolitana,21.35,UF,35.8,2024-10-24 00:00:00.000000,2024-11-29 00:00:00.000000,Departamento,ARRIENDO,owner_direct
TT-2024-11-004225,toctoc,Recoleta,Metropolitana,450000.0,CLP,42.3,2024-10-12 00:00:00.000000,2024-11-22 00:00:00.000000,Departamento,ARRIENDO,agency
TT-2024-11-000785,toctoc,Ñuñoa,Metropolitana,36.08,UF,108.0,2024-10-15 00:00:00.000000,2024-11-01 00:00:00.000000,DEPARTAMENTO,ARRIENDO,owner_direct
TT-2024-11-002003,toctoc,Cerrillos,Metropolitana,605000.0,CLP,56.6,2024-10-09 00:00:00.000000,2024-11-08 00:00:00.000000,Departamento,ARRIENDO,agency
TT-2024-11-000675,toctoc,San Miguel,Metropolitana,690000.0,CLP,70.8,2024-10-07 00:00:00.000000,2024-11-01 00:00:00.000000,Departamento,Arriendo,owner_direct
TT-2024-11-002306,toctoc,Puente Alto,Metropolitana,14.73,UF,58.5,2024-10-18 00:00:00.000000,2024-11-15 00:00:00.000000,departamento,Arriendo,owner_direct
TT-2024-11-000237,toctoc,Recoleta,Metropolitana,18.78,UF,60.8,2024-09-28 00:00:00.000000,2024-11-01 00:00:00.000000,Departamento,ARRIENDO,agency
TT-2024-11-005454,toctoc,Las Condes,Metropolitana,27.7,UF,50.5,2024-09-26 00:00:00.000000,2024-11-29 00:00:00.000000,Departamento,arriendo,agency
TT-2024-11-002556,toctoc,Quilicura,Metropolitana,385000.0,CLP,44.4,2024-10-23 00:00:00.000000,2024-11-15 00:00:00.000000,departamento,ARRIENDO,agency
TT-2024-11-002544,toctoc,Macul,Metropolitana,12.7,UF,29.3,2024-10-08 00:00:00.000000,2024-11-15 00:00:00.000000,DEPARTAMENTO,Arriendo,agency
TT-2024-11-002973,toctoc,Las Condes,Metropolitana,29.32,UF,45.7,2024-10-22 00:00:00.000000,2024-11-15 00:00:00.000000,Departamento,Arriendo,agency
TT-2024-11-005326,toctoc,Macul,Metropolitana,1105000.0,CLP,114.3,2024-10-25 00:00:00.000000,2024-11-29 00:00:00.000000,departamento,arriendo,agency
TT-2024-11-001537,toctoc,Quilicura,Metropolitana,13.92,UF,63.9,2024-09-28 00:00:00.000000,2024-11-08 00:00:00.000000,DEPARTAMENTO,arriendo,agency
TT-2024-11-003609,toctoc,Pudahuel,Metropolitana,13.38,UF,54.0,2024-11-16 00:00:00.000000,2024-11-22 00:00:00.000000,DEPARTAMENTO,arriendo,agency
TT-2024-11-004930,toctoc,Santiago,Metropolitana,665000.0,CLP,54.8,2024-11-05 00:00:00.000000,2024-11-29 00:00:00.000000,Departamento,ARRIENDO,agency
TT-2024-11-004407,toctoc,Ñuñoa,Metropolitana,19.86,UF,51.4,2024-11-25 00:00:00.000000,2024-11-29 00:00:00.000000,Departamento,arriendo,agency
TT-2024-11-002179,toctoc,San Joaquín,Metropolitana,475000.0,CLP,34.0,2024-11-09 00:00:00.000000,2024-11-15 00:00:00.000000,Departamento,arriendo,agency
TT-2024-11-004246,toctoc,Estación Central,Metropolitana,15.68,UF,55.0,2024-10-29 00:00:00.000000,2024-11-22 00:00:00.000000,Departamento,ARRIENDO,agency
TT-2024-11-001206,toctoc,Huechuraba,Metropolitana,16.49,UF,56.4,2024-10-30 00:00:00.000000,2024-11-01 00:00:00.000000,DEPARTAMENTO,ARRIENDO,owner_direct
TT-2024-11-003932,toctoc,Ñuñoa,Metropolitana,900000.0,CLP,71.4,2024-10-28 00:00:00.000000,2024-11-22 00:00:00.000000,DEPARTAMENTO,arriendo,agency
TT-2024-11-004412,toctoc,San Miguel,Metropolitana,815000.0,CLP,71.2,2024-11-12 00:00:00.000000,2024-11-29 00:00:00.000000,departamento,ARRIENDO,agency
TT-2024-11-005432,toctoc,La Florida,Metropolitana,540000.0,CLP,43.9,2024-11-15 00:00:00.000000,2024-11-29 00:00:00.000000,departamento,Arriendo,agency
TT-2024-11-004237,toctoc,San Joaquín,Metropolitana,460000.0,CLP,31.5,2024-09-27 00:00:00.000000,2024-11-22 00:00:00.000000,departamento,Arriendo,owner_direct
TT-2024-11-000353,toctoc,Maipú,Metropolitana,13.51,UF,53.5,2024-10-10 00:00:00.000000,2024-11-01 00:00:00.000000,DEPARTAMENTO,Arriendo,agency
TT-2024-11-002745,toctoc,Cerrillos,Metropolitana,720000.0,CLP,73.3,2024-10-02 00:00:00.000000,2024-11-15 00:00:00.000000,departamento,ARRIENDO,agency
TT-2024-11-001117,toctoc,Las Condes,Metropolitana,36.35,UF,85.9,2024-10-22 00:00:00.000000,2024-11-01 00:00:00.000000,DEPARTAMENTO,arriendo,owner_direct
TT-2024-11-001224,toctoc,Santiago,Metropolitana,585000.0,CLP,53.8,2024-10-16 00:00:00.000000,2024-11-08 00:00:00.000000,DEPARTAMENTO,Arriendo,agency
TT-2024-11-001225,toctoc,Independencia,Metropolitana,15.68,UF,45.5,2024-11-03 00:00:00.000000,2024-11-08 00:00:00.000000,Departamento,ARRIENDO,owner_direct
TT-2024-11-001769,toctoc,estación central,Metropolitana,495000.0,CLP,47.3,2024-11-04 00:00:00.000000,2024-11-08 00:00:00.000000,Departamento,Arriendo,agency
TT-2024-11-004590,toctoc,Providencia,Metropolitana,775000.0,CLP,37.8,2024-11-17 00:00:00.000000,2024-11-29 00:00:00.000000,Departamento,arriendo,agency
TT-2024-11-002568,toctoc,Estación Central,Metropolitana,485000.0,CLP,44.1,2024-10-31 00:00:00.000000,2024-11-15 00:00:00.000000,Departamento,ARRIENDO,owner_direct
TT-2024-11-005403,toctoc,La Cisterna,Metropolitana,420000.0,CLP,40.2,2024-10-13 00:00:00.000000,2024-11-29 00:00:00.000000,DEPARTAMENTO,Arriendo,agency
TT-2024-11-003956,toctoc,Peñalolén,Metropolitana,16.76,UF,50.3,2024-10-31 00:00:00.000000,2024-11-22 00:00:00.000000,DEPARTAMENTO,ARRIENDO,owner_direct
TT-2024-11-004336,toctoc,Conchalí,Metropolitana,12.3,UF,39.0,2024-10-22 00:00:00.000000,2024-11-29 00:00:00.000000,Departamento,ARRIENDO,owner_direct
TT-2024-11-002423,toctoc,estación central,Metropolitana,420000.0,CLP,44.2,2024-11-06 00:00:00.000000,2024-11-15 00:00:00.000000,DEPARTAMENTO,Arriendo,agency
TT-2024-11-004222,toctoc,Las Condes,Metropolitana,1200000.0,CLP,63.7,2024-11-11 00:00:00.000000,2024-11-22 00:00:00.000000,Departamento,ARRIENDO,agency
TT-2024-11-004911,toctoc,La Florida,Metropolitana,575000.0,CLP,51.5,2024-11-24 00:00:00.000000,2024-11-29 00:00:00.000000,departamento,Arriendo,agency
TT-2024-11-002872,toctoc,Pudahuel,Metropolitana,11.22,UF,38.0,2024-10-27 00:00:00.000000,2024-11-15 00:00:00.000000,departamento,arriendo,agency
TT-2024-11-005430,toctoc,Quilicura,Metropolitana,11.22,UF,43.6,2024-11-02 00:00:00.000000,2024-11-29 00:00:00.000000,departamento,ARRIENDO,agency
TT-2024-11-004624,toctoc,Huechuraba,Metropolitana,15.41,UF,50.9,2024-11-03 00:00:00.000000,2024-11-29 00:00:00.000000,departamento,ARRIENDO,
TT-2024-11-002266,toctoc,Peñalolén,Metropolitana,645000.0,CLP,50.4,2024-10-30 00:00:00.000000,2024-11-15 00:00:00.000000,DEPARTAMENTO,Arriendo,owner_direct
TT-2024-11-005127,toctoc,Santiago,Metropolitana,550000.0,CLP,35.2,2024-11-21 00:00:00.000000,2024-11-29 00:00:00.000000,Departamento,arriendo,agency
TT-2024-11-002207,toctoc,Ñuñoa,Metropolitana,875000.0,CLP,51.8,2024-06-28 00:00:00.000000,2024-11-15 00:00:00.000000,departamento,arriendo,agency
TT-2024-11-001952,toctoc,Estación Central,Metropolitana,20.68,UF,81.8,2024-10-23 00:00:00.000000,2024-11-08 00:00:00.000000,DEPARTAMENTO,ARRIENDO,agency
TT-2024-11-001994,toctoc,Santiago,Metropolitana,16.35,UF,41.6,2024-10-09 00:00:00.000000,2024-11-08 00:00:00.000000,departamento,ARRIENDO,agency
TT-2024-11-000170,toctoc,Lo Barnechea,Metropolitana,1045000.0,CLP,54.2,2024-10-21 00:00:00.000000,2024-11-01 00:00:00.000000,Departamento,ARRIENDO,owner_direct
TT-2024-11-001291,toctoc,Providencia,Metropolitana,26.49,UF,45.4,2024-11-01 00:00:00.000000,2024-11-08 00:00:00.000000,Departamento,arriendo,owner_direct
TT-2024-11-000665,toctoc,La Reina,Metropolitana,1010000.0,CLP,69.8,2024-10-26 00:00:00.000000,2024-11-01 00:00:00.000000,Departamento,Arriendo,owner_direct
TT-2024-11-003525,toctoc,Renca,Metropolitana,305000.0,CLP,27.5,2024-10-15 00:00:00.000000,2024-11-22 00:00:00.000000,departamento,Arriendo,agency
TT-2024-11-004368,toctoc,San Miguel,Metropolitana,16.08,UF,46.6,2024-11-13 00:00:00.000000,2024-11-29 00:00:00.000000,Departamento,arriendo,owner_direct
TT-2024-11-000050,toctoc,Ñuñoa,Metropolitana,14.59,UF,24.8,2024-10-27 00:00:00.000000,2024-11-01 00:00:00.000000,departamento,Arriendo,owner_direct
TT-2024-11-004298,toctoc,Santiago,Metropolitana,14.59,UF,42.7,2024-11-25 00:00:00.000000,2024-11-29 00:00:00.000000,Departamento,ARRIENDO,owner_direct
TT-2024-11-001568,toctoc,Santiago,Metropolitana,865000.0,CLP,78.4,2024-09-26 00:00:00.000000,2024-11-08 00:00:00.000000,DEPARTAMENTO,ARRIENDO,agency
TT-2024-11-001360,toctoc,Lo Barnechea,Metropolitana,1075000.0,CLP,56.8,2024-09-23 00:00:00.000000,2024-11-08 00:00:00.000000,departamento,Arriendo,owner_direct
TT-2024-11-005428,toctoc,Recoleta,Metropolitana,470000.0,CLP,34.6,2024-11-25 00:00:00.000000,2024-11-29 00:00:00.000000,DEPARTAMENTO,Arriendo,owner_direct
TT-2024-11-000732,toctoc,Quinta Normal,Metropolitana,1240000.0,CLP,30.9,2024-10-04 00:00:00.000000,2024-11-01 00:00:00.000000,departamento,arriendo,owner_direct
TT-2024-11-002519,toctoc,Cerrillos,Metropolitana,470000.0,CLP,37.6,2024-06-11 00:00:00.000000,2024-11-15 00:00:00.000000,DEPARTAMENTO,arriendo,
TT-2024-11-002212,toctoc,Independencia,Metropolitana,19.32,UF,73.7,2024-07-07 00:00:00.000000,2024-11-15 00:00:00.000000,Departamento,ARRIENDO,agency
TT-2024-11-004986,toctoc,Huechuraba,Metropolitana,685000.0,CLP,62.4,2024-10-27 00:00:00.000000,2024-11-29 00:00:00.000000,Departamento,arriendo,agency
TT-2024-11-002845,toctoc,La Florida,Metropolitana,16.49,UF,52.4,2024-05-17 00:00:00.000000,2024-11-15 00:00:00.000000,DEPARTAMENTO,ARRIENDO,owner_direct
TT-2024-11-003084,toctoc,La Florida,Metropolitana,17.7,UF,77.8,2024-10-04 00:00:00.000000,2024-11-15 00:00:00.000000,departamento,arriendo,owner_direct
TT-2024-11-002464,toctoc,Santiago,Metropolitana,14.05,UF,39.7,2024-05-17 00:00:00.000000,2024-11-15 00:00:00.000000,DEPARTAMENTO,ARRIENDO,agency
TT-2024-11-004089,toctoc,Estación Central,Metropolitana,610000.0,CLP,62.7,2024-11-11 00:00:00.000000,2024-11-22 00:00:00.000000,Departamento,ARRIENDO,owner_direct
TT-2024-11-001104,toctoc,Recoleta,Metropolitana,540000.0,CLP,48.3,2024-10-14 00:00:00.000000,2024-11-01 00:00:00.000000,DEPARTAMENTO,arriendo,owner_direct
TT-2024-11-004489,toctoc,San Miguel,Metropolitana,720000.0,CLP,69.6,2024-10-26 00:00:00.000000,2024-11-29 00:00:00.000000,departamento,Arriendo,agency
TT-2024-11-004582,toctoc,Independencia,Metropolitana,17.84,UF,79.5,2024-10-25 00:00:00.000000,2024-11-29 00:00:00.000000,departamento,arriendo,agency
TT-2024-11-001179,toctoc,Estación Central,Metropolitana,565000.0,CLP,54.5,2024-10-15 00:00:00.000000,2024-11-01 00:00:00.000000,departamento,Arriendo,agency
TT-2024-11-001315,toctoc,Maipú,Metropolitana,15.27,UF,54.6,2024-10-15 00:00:00.000000,2024-11-08 00:00:00.000000,Departamento,Arriendo,agency
TT-2024-11-001210,toctoc,Huechuraba,Metropolitana,15.68,UF,26.8,2024-10-17 00:00:00.000000,2024-11-01 00:00:00.000000,Departamento,Arriendo,owner_direct
TT-2024-11-005147,toctoc,Maipú,Metropolitana,960000.0,CLP,147.1,2024-09-21 00:00:00.000000,2024-11-29 00:00:00.000000,departamento,ARRIENDO,agency
TT-2024-11-003520,toctoc,Peñalolén,Metropolitana,820000.0,CLP,90.0,2024-10-03 00:00:00.000000,2024-11-22 00:00:00.000000,DEPARTAMENTO,arriendo,agency
TT-2024-11-000092,toctoc,Ñuñoa,Metropolitana,18.92,UF,30.3,2024-10-10 00:00:00.000000,2024-11-01 00:00:00.000000,departamento,Arriendo,agency
TT-2024-11-004189,toctoc,Ñuñoa,Metropolitana,740000.0,CLP,44.3,2024-10-27 00:00:00.000000,2024-11-22 00:00:00.000000,Departamento,arriendo,agency
TT-2024-11-002831,toctoc,Cerrillos,Metropolitana,12.57,UF,48.9,2024-09-28 00:00:00.000000,2024-11-15 00:00:00.000000,departamento,Arriendo,agency
TT-2024-11-005222,toctoc,Santiago,Metropolitana,18.11,UF,48.4,2024-10-29 00:00:00.000000,2024-11-29 00:00:00.000000,DEPARTAMENTO,arriendo,agency
TT-2024-11-000473,toctoc,Quilicura,Metropolitana,17.57,UF,74.6,2024-10-30 00:00:00.000000,2024-11-01 00:00:00.000000,DEPARTAMENTO,arriendo,agency
TT-2024-11-004777,toctoc,Puente Alto,Metropolitana,10.68,UF,38.2,2024-10-14 00:00:00.000000,2024-11-29 00:00:00.000000,DEPARTAMENTO,ARRIENDO,owner_direct
TT-2024-11-003457,toctoc,Conchalí,Metropolitana,10.54,UF,22.4,2024-11-14 00:00:00.000000,2024-11-22 00:00:00.000000,DEPARTAMENTO,arriendo,agency
TT-2024-11-003833,toctoc,Providencia,Metropolitana,1170000.0,CLP,58.4,2024-05-12 00:00:00.000000,2024-11-22 00:00:00.000000,departamento,ARRIENDO,owner_direct
TT-2024-11-000642,toctoc,La Reina,Metropolitana,675000.0,CLP,30.0,2024-08-31 00:00:00.000000,2024-11-01 00:00:00.000000,DEPARTAMENTO,ARRIENDO,agency
TT-2024-11-002869,toctoc,Maipú,Metropolitana,12.97,UF,53.6,2024-10-25 00:00:00.000000,2024-11-15 00:00:00.000000,DEPARTAMENTO,arriendo,agency
TT-2024-11-002887,toctoc,Puente Alto,Metropolitana,8.78,UF,2.0,2024-11-08 00:00:00.000000,2024-11-15 00:00:00.000000,departamento,arriendo,agency
TT-2024-11-004689,toctoc,Las Condes,Metropolitana,40.0,UF,99.9,2024-10-24 00:00:00.000000,2024-11-29 00:00:00.000000,departamento,Arriendo,agency
TT-2024-11-000130,toctoc,Vitacura,Metropolitana,1380000.0,CLP,66.0,2024-10-16 00:00:00.000000,2024-11-01 00:00:00.000000,DEPARTAMENTO,ARRIENDO,owner_direct
TT-2024-11-000609,toctoc,La Cisterna,Metropolitana,12.84,UF,43.3,2024-10-18 00:00:00.000000,2024-11-01 00:00:00.000000,departamento,ARRIENDO,agency
TT-2024-11-002955,toctoc,Macul,Metropolitana,505000.0,CLP,34.7,2024-10-17 00:00:00.000000,2024-11-15 00:00:00.000000,departamento,arriendo,owner_direct
TT-2024-11-002592,toctoc,Estación Central,Metropolitana,25.0,UF,91.6,2024-10-15 00:00:00.000000,2024-11-15 00:00:00.000000,Departamento,arriendo,agency
TT-2024-11-005143,toctoc,Peñalolén,Metropolitana,645000.0,CLP,57.1,2024-11-04 00:00:00.000000,2024-11-29 00:00:00.000000,departamento,ARRIENDO,owner_direct
TT-2024-11-005364,toctoc,Estación Central,Metropolitana,390000.0,CLP,35.2,2024-10-30 00:00:00.000000,2024-11-29 00:00:00.000000,DEPARTAMENTO,ARRIENDO,owner_direct
TT-2024-11-002816,toctoc,peñalolén,Metropolitana,640000.0,CLP,45.8,2024-09-23 00:00:00.000000,2024-11-15 00:00:00.000000,Departamento,arriendo,owner_direct
TT-2024-11-002809,toctoc,La Florida,Metropolitana,370000.0,CLP,25.4,2024-10-25 00:00:00.000000,2024-11-15 00:00:00.000000,departamento,arriendo,agency
TT-2024-11-001638,toctoc,Maipú,Metropolitana,15.14,UF,71.2,2024-10-07 00:00:00.000000,2024-11-08 00:00:00.000000,DEPARTAMENTO,arriendo,agency
TT-2024-11-003724,toctoc,Quinta Normal,Metropolitana,475000.0,CLP,65.1,2024-11-02 00:00:00.000000,2024-11-22 00:00:00.000000,departamento,Arriendo,owner_direct
TT-2024-11-003367,toctoc,Peñalolén,Metropolitana,30.68,UF,110.3,2024-08-12 00:00:00.000000,2024-11-15 00:00:00.000000,Departamento,arriendo,agency
TT-2024-11-003516,toctoc,Macul,Metropolitana,590000.0,CLP,48.6,2024-05-28 00:00:00.000000,2024-11-22 00:00:00.000000,Departamento,ARRIENDO,agency
TT-2024-11-000605,toctoc,La Reina,Metropolitana,24.46,UF,47.1,2024-08-24 00:00:00.000000,2024-11-01 00:00:00.000000,Departamento,ARRIENDO,agency
TT-2024-11-002626,toctoc,La Florida,Metropolitana,17.97,UF,78.8,2024-11-01 00:00:00.000000,2024-11-15 00:00:00.000000,DEPARTAMENTO,arriendo,owner_direct
TT-2024-11-004587,toctoc,Puente Alto,Metropolitana,515000.0,CLP,52.5,2024-11-22 00:00:00.000000,2024-11-29 00:00:00.000000,departamento,arriendo,owner_direct
TT-2024-11-004069,toctoc,Santiago,Metropolitana,27.43,UF,135.4,2024-09-20 00:00:00.000000,2024-11-22 00:00:00.000000,departamento,Arriendo,agency
TT-2024-11-000301,toctoc,Pudahuel,Metropolitana,13.38,UF,68.0,2024-09-20 00:00:00.000000,2024-11-01 00:00:00.000000,departamento,ARRIENDO,agency
TT-2024-11-000808,toctoc,providencia,Metropolitana,17.97,UF,30.7,2024-10-15 00:00:00.000000,2024-11-01 00:00:00.000000,departamento,Arriendo,owner_direct
TT-2024-11-003399,toctoc,Lo Barnechea,Metropolitana,1130000.0,CLP,87.7,2024-11-05 00:00:00.000000,2024-11-22 00:00:00.000000,departamento,arriendo,agency
TT-2024-11-001437,toctoc,Santiago,Metropolitana,20.0,UF,61.8,2024-10-02 00:00:00.000000,2024-11-08 00:00:00.000000,DEPARTAMENTO,arriendo,agency
TT-2024-11-004567,toctoc,San Joaquín,Metropolitana,14.46,UF,42.0,2024-09-27 00:00:00.000000,2024-11-29 00:00:00.000000,departamento,arriendo,agency
TT-2024-11-000794,toctoc,Macul ,Metropolitana,18.78,UF,55.8,2024-10-27 00:00:00.000000,2024-11-01 00:00:00.000000,departamento,arriendo,owner_direct
TT-2024-11-000528,toctoc,Estación Central,Metropolitana,580000.0,CLP,59.2,2024-10-20 00:00:00.000000,2024-11-01 00:00:00.000000,Departamento,Arriendo,owner_direct
TT-2024-11-000122,toctoc,Independencia,Metropolitana,16.89,UF,52.5,2024-09-29 00:00:00.000000,2024-11-01 00:00:00.000000,DEPARTAMENTO,ARRIENDO,agency
TT-2024-11-001369,toctoc,Quinta Normal,Metropolitana,590000.0,CLP,75.3,2024-10-27 00:00:00.000000,2024-11-08 00:00:00.000000,DEPARTAMENTO,ARRIENDO,agency
TT-2024-11-003719,toctoc,Huechuraba,Metropolitana,12.84,UF,28.6,2024-10-22 00:00:00.000000,2024-11-22 00:00:00.000000,departamento,ARRIENDO,owner_direct
TT-2024-11-000724,toctoc,Independencia,Metropolitana,20.41,UF,80.8,2024-10-16 00:00:00.000000,2024-11-01 00:00:00.000000,departamento,ARRIENDO,owner_direct
TT-2024-11-003073,toctoc,Estación Central,Metropolitana,13.92,UF,57.6,2024-10-18 00:00:00.000000,2024-11-15 00:00:00.000000,Departamento,ARRIENDO,agency
TT-2024-11-002830,toctoc,Recoleta,Metropolitana,32.3,UF,127.5,2024-10-03 00:00:00.000000,2024-11-15 00:00:00.000000,DEPARTAMENTO,arriendo,owner_direct
TT-2024-11-002547,toctoc,Estación Central,Metropolitana,395000.0,CLP,38.0,2024-10-17 00:00:00.000000,2024-11-15 00:00:00.000000,Departamento,Arriendo,owner_direct
TT-2024-11-004702,toctoc,Lo Barnechea,Metropolitana,18.92,UF,32.2,2024-10-12 00:00:00.000000,2024-11-29 00:00:00.000000,Departamento,Arriendo,agency
TT-2024-11-002120,toctoc,Recoleta,Metropolitana,655000.0,CLP,95.8,2024-10-20 00:00:00.000000,2024-11-08 00:00:00.000000,DEPARTAMENTO,arriendo,owner_direct
TT-2024-11-004324,toctoc,Puente Alto,Metropolitana,13.38,UF,53.5,2024-11-07 00:00:00.000000,2024-11-29 00:00:00.000000,Departamento,arriendo,owner_direct
TT-2024-11-002149,toctoc,La Reina,Metropolitana,965000.0,CLP,50.1,2024-09-28 00:00:00.000000,2024-11-08 00:00:00.000000,departamento,ARRIENDO,owner_direct
TT-2024-11-001692,toctoc,Ñuñoa,Metropolitana,23.51,UF,38.9,2024-11-02 00:00:00.000000,2024-11-08 00:00:00.000000,Departamento,ARRIENDO,agency
TT-2024-11-003681,toctoc,Recoleta,Metropolitana,12.7,UF,31.1,2024-10-14 00:00:00.000000,2024-11-22 00:00:00.000000,DEPARTAMENTO,Arriendo,agency
TT-2024-11-000113,toctoc,San Miguel,Metropolitana,655000.0,CLP,59.9,2024-10-13 00:00:00.000000,2024-11-01 00:00:00.000000,Departamento,ARRIENDO,agency
TT-2024-11-005121,toctoc,Las Condes,Metropolitana,29.59,UF,63.2,2024-05-20 00:00:00.000000,2024-11-29 00:00:00.000000,Departamento,arriendo,agency
TT-2024-11-000011,toctoc,San Miguel,Metropolitana,23.38,UF,83.9,2024-10-24 00:00:00.000000,2024-11-01 00:00:00.000000,DEPARTAMENTO,ARRIENDO,owner_direct
TT-2024-11-005391,toctoc,Santiago ,Metropolitana,15.0,UF,47.0,2024-06-14 00:00:00.000000,2024-11-29 00:00:00.000000,Departamento,arriendo,agency
TT-2024-11-004396,toctoc,Recoleta,Metropolitana,460000.0,CLP,33.6,2024-11-02 00:00:00.000000,2024-11-29 00:00:00.000000,departamento,Arriendo,agency
TT-2024-11-001594,toctoc,La Reina,Metropolitana,28.78,UF,58.4,2024-10-28 00:00:00.000000,2024-11-08 00:00:00.000000,departamento,Arriendo,owner_direct
TT-2024-11-001669,toctoc,Independencia,Metropolitana,705000.0,CLP,55.6,2024-11-02 00:00:00.000000,2024-11-08 00:00:00.000000,DEPARTAMENTO,arriendo,agency
TT-2024-11-003377,toctoc,Macul,Metropolitana,405000.0,CLP,26.7,2024-07-16 00:00:00.000000,2024-11-22 00:00:00.000000,DEPARTAMENTO,arriendo,agency
TT-2024-11-001509,toctoc,Las Condes,Metropolitana,25.41,UF,38.7,2024-10-04 00:00:00.000000,2024-11-08 00:00:00.000000,DEPARTAMENTO,Arriendo,agency
TT-2024-11-001088,toctoc,Santiago,Metropolitana,17.43,UF,42.6,2024-10-12 00:00:00.000000,2024-11-01 00:00:00.000000,departamento,ARRIENDO,agency
TT-2024-11-000613,toctoc,Huechuraba,Metropolitana,740000.0,CLP,56.4,2024-08-02 00:00:00.000000,2024-11-01 00:00:00.000000,DEPARTAMENTO,Arriendo,agency
TT-2024-11-000230,toctoc,Lo Barnechea,Metropolitana,19.86,UF,38.9,2024-08-10 00:00:00.000000,2024-11-01 00:00:00.000000,departamento,arriendo,agency
TT-2024-11-005130,toctoc,Providencia,Metropolitana,1405000.0,CLP,71.7,2024-11-01 00:00:00.000000,2024-11-29 00:00:00.000000,DEPARTAMENTO,ARRIENDO,agency
TT-2024-11-004064,toctoc,Providencia,Metropolitana,27.03,UF,49.7,2024-10-22 00:00:00.000000,2024-11-22 00:00:00.000000,DEPARTAMENTO,ARRIENDO,agency
TT-2024-11-005250,toctoc,Peñalolén,Metropolitana,14.73,UF,42.1,2024-10-30 00:00:00.000000,2024-11-29 00:00:00.000000,departamento,arriendo,agency
TT-2024-11-005043,toctoc,Recoleta,Metropolitana,625000.0,CLP,76.4,2024-11-14 00:00:00.000000,2024-11-29 00:00:00.000000,Departamento,Arriendo,agency
TT-2024-11-005010,toctoc,Santiago,Metropolitana,19.59,UF,62.9,2024-11-24 00:00:00.000000,2024-11-29 00:00:00.000000,departamento,Arriendo,agency
TT-2024-11-005237,toctoc,La Cisterna,Metropolitana,595000.0,CLP,51.5,2024-07-31 00:00:00.000000,2024-11-29 00:00:00.000000,DEPARTAMENTO,arriendo,owner_direct
TT-2024-11-000788,toctoc,Estación Central,Metropolitana,605000.0,CLP,71.5,2024-10-01 00:00:00.000000,2024-11-01 00:00:00.000000,departamento,Arriendo,agency
TT-2024-11-005165,toctoc,La Cisterna,Metropolitana,545000.0,CLP,42.1,2024-10-09 00:00:00.000000,2024-11-29 00:00:00.000000,departamento,Arriendo,agency
TT-2024-11-003383,toctoc,San Miguel,Metropolitana,21.49,UF,64.8,2024-10-22 00:00:00.000000,2024-11-22 00:00:00.000000,DEPARTAMENTO,ARRIENDO,agency
TT-2024-11-005354,toctoc,Las Condes,Metropolitana,890000.0,CLP,29.5,2024-10-19 00:00:00.000000,2024-11-29 00:00:00.000000,Departamento,ARRIENDO,owner_direct
TT-2024-11-000128,toctoc,Estación Central,Metropolitana,11.76,UF,30.5,2024-10-12 00:00:00.000000,2024-11-01 00:00:00.000000,DEPARTAMENTO,Arriendo,agency
TT-2024-11-000271,toctoc,Ñuñoa,Metropolitana,21.22,UF,39.7,2024-10-03 00:00:00.000000,2024-11-01 00:00:00.000000,DEPARTAMENTO,Arriendo,agency
TT-2024-11-002334,toctoc,Santiago,Metropolitana,700000.0,CLP,61.9,2024-10-24 00:00:00.000000,2024-11-15 00:00:00.000000,Departamento,arriendo,agency
TT-2024-11-002505,toctoc,Las Condes,Metropolitana,1020000.0,CLP,46.2,2024-10-29 00:00:00.000000,2024-11-15 00:00:00.000000,Departamento,ARRIENDO,agency
TT-2024-11-001891,toctoc,La Reina,Metropolitana,515000.0,CLP,2.0,2024-11-01 00:00:00.000000,2024-11-08 00:00:00.000000,Departamento,ARRIENDO,agency
TT-2024-11-003934,toctoc,La Florida,Metropolitana,21.76,UF,63.9,2024-10-11 00:00:00.000000,2024-11-22 00:00:00.000000,DEPARTAMENTO,Arriendo,agency
TT-2024-11-001116,toctoc,Recoleta,Metropolitana,490000.0,CLP,34.7,2024-10-29 00:00:00.000000,2024-11-01 00:00:00.000000,Departamento,arriendo,agency
TT-2024-11-002372,toctoc,Estación Central,Metropolitana,14.59,UF,38.3,2024-10-16 00:00:00.000000,2024-11-15 00:00:00.000000,Departamento,Arriendo,agency
TT-2024-11-002236,toctoc,Ñuñoa,Metropolitana,12.43,UF,10.0,2024-09-26 00:00:00.000000,2024-11-15 00:00:00.000000,DEPARTAMENTO,Arriendo,agency
TT-2024-11-004952,toctoc,Santiago,Metropolitana,465000.0,CLP,32.6,2024-10-21 00:00:00.000000,2024-11-29 00:00:00.000000,Departamento,ARRIENDO,owner_direct
TT-2024-11-002908,toctoc,Peñalolén,Metropolitana,17.03,UF,48.1,2024-10-08 00:00:00.000000,2024-11-15 00:00:00.000000,Departamento,Arriendo,owner_direct
TT-2024-11-000884,toctoc,Macul,Metropolitana,470000.0,CLP,36.4,2024-09-29 00:00:00.000000,2024-11-01 00:00:00.000000,Departamento,Arriendo,agency
TT-2024-11-001950,toctoc,San Miguel,Metropolitana,19.73,UF,63.6,2024-10-22 00:00:00.000000,2024-11-08 00:00:00.000000,Departamento,arriendo,
TT-2024-11-001481,toctoc,San Joaquín,Metropolitana,565000.0,CLP,46.8,2024-10-26 00:00:00.000000,2024-11-08 00:00:00.000000,departamento,Arriendo,owner_direct
TT-2024-11-005350,toctoc,Recoleta ,Metropolitana,21.35,UF,77.0,2024-11-21 00:00:00.000000,2024-11-29 00:00:00.000000,Departamento,ARRIENDO,agency
TT-2024-11-000688,toctoc,Estación Central,Metropolitana,565000.0,CLP,66.6,2024-10-19 00:00:00.000000,2024-11-01 00:00:00.000000,Departamento,ARRIENDO,agency
TT-2024-11-004841,toctoc,Independencia,Metropolitana,14.73,UF,44.5,2024-10-16 00:00:00.000000,2024-11-29 00:00:00.000000,Departamento,ARRIENDO,owner_direct
TT-2024-11-001668,toctoc,Estación Central,Metropolitana,870000.0,CLP,87.8,2024-10-01 00:00:00.000000,2024-11-08 00:00:00.000000,DEPARTAMENTO,Arriendo,agency
TT-2024-11-004786,toctoc,Recoleta,Metropolitana,17.3,UF,58.9,2024-11-15 00:00:00.000000,2024-11-29 00:00:00.000000,departamento,ARRIENDO,owner_direct
TT-2024-11-002725,toctoc,Quinta Normal,Metropolitana,11.76,UF,46.6,2024-11-05 00:00:00.000000,2024-11-15 00:00:00.000000,DEPARTAMENTO,ARRIENDO,agency
TT-2024-11-003314,toctoc,Recoleta,Metropolitana,12.7,UF,40.6,2024-09-29 00:00:00.000000,2024-11-15 00:00:00.000000,Departamento,arriendo,owner_direct
TT-2024-11-000882,toctoc,Las Condes,Metropolitana,27.03,UF,44.3,2024-10-21 00:00:00.000000,2024-11-01 00:00:00.000000,Departamento,ARRIENDO,owner_direct
TT-2024-11-003823,toctoc,Cerrillos,Metropolitana,395000.0,CLP,33.8,2024-11-10 00:00:00.000000,2024-11-22 00:00:00.000000,DEPARTAMENTO,Arriendo,agency
TT-2024-11-000869,toctoc,La Reina,Metropolitana,18.78,UF,44.3,2024-10-22 00:00:00.000000,2024-11-01 00:00:00.000000,Departamento,Arriendo,agency
TT-2024-11-004690,toctoc,Peñalolén,Metropolitana,12.43,UF,37.6,2024-11-20 00:00:00.000000,2024-11-29 00:00:00.000000,Departamento,Arriendo,agency
TT-2024-11-000397,toctoc,Ñuñoa,Metropolitana,18.92,UF,45.7,2024-10-03 00:00:00.000000,2024-11-01 00:00:00.000000,departamento,Arriendo,agency
TT-2024-11-004044,toctoc,Lo Barnechea,Metropolitana,20.54,UF,37.0,2024-11-09 00:00:00.000000,2024-11-22 00:00:00.000000,departamento,Arriendo,owner_direct
TT-2024-11-000205,toctoc,San Miguel,Metropolitana,520000.0,CLP,34.7,2024-09-24 00:00:00.000000,2024-11-01 00:00:00.000000,departamento,Arriendo,owner_direct
TT-2024-11-001066,toctoc,Santiago,Metropolitana,13.11,UF,28.4,2024-10-25 00:00:00.000000,2024-11-01 00:00:00.000000,Departamento,Arriendo,owner_direct
TT-2024-11-002127,toctoc,Providencia,Metropolitana,825000.0,CLP,33.7,2024-10-21 00:00:00.000000,2024-11-08 00:00:00.000000,DEPARTAMENTO,Arriendo,owner_direct
TT-2024-11-005031,toctoc,Puente Alto,Metropolitana,10.68,UF,30.6,2024-11-03 00:00:00.000000,2024-11-29 00:00:00.000000,DEPARTAMENTO,Arriendo,agency
TT-2024-11-005317,toctoc,Pudahuel,Metropolitana,24.59,UF,125.0,2024-11-07 00:00:00.000000,2024-11-29 00:00:00.000000,DEPARTAMENTO,ARRIENDO,owner_direct
TT-2024-11-003422,toctoc,Quilicura,Metropolitana,12.16,UF,50.2,2024-10-21 00:00:00.000000,2024-11-22 00:00:00.000000,departamento,ARRIENDO,owner_direct
TT-2024-11-001749,toctoc,Cerrillos,Metropolitana,9.73,UF,25.8,2024-10-13 00:00:00.000000,2024-11-08 00:00:00.000000,Departamento,arriendo,agency
TT-2024-11-003279,toctoc,Huechuraba,Metropolitana,16.76,UF,49.3,2024-09-25 00:00:00.000000,2024-11-15 00:00:00.000000,departamento,arriendo,agency
TT-2024-11-000818,toctoc,Santiago,Metropolitana,680000.0,CLP,58.0,2024-09-24 00:00:00.000000,2024-11-01 00:00:00.000000,departamento,Arriendo,agency
TT-2024-11-000763,toctoc,Peñalolén,Metropolitana,635000.0,CLP,47.8,2024-04-20 00:00:00.000000,2024-11-01 00:00:00.000000,Departamento,arriendo,agency
TT-2024-11-001605,toctoc,Independencia,Metropolitana,14.59,UF,40.6,2024-10-09 00:00:00.000000,2024-11-08 00:00:00.000000,departamento,ARRIENDO,agency
TT-2024-11-002246,toctoc,San Joaquín,Metropolitana,465000.0,CLP,29.7,2024-07-28 00:00:00.000000,2024-11-15 00:00:00.000000,DEPARTAMENTO,arriendo,owner_direct
TT-2024-11-000825,toctoc, Quilicura,Metropolitana,16.35,UF,65.9,2024-10-20 00:00:00.000000,2024-11-01 00:00:00.000000,departamento,Arriendo,agency
TT-2024-11-005283,toctoc,Providencia,Metropolitana,25.95,UF,46.5,2024-11-17 00:00:00.000000,2024-11-29 00:00:00.000000,DEPARTAMENTO,arriendo,owner_direct
TT-2024-11-003809,toctoc,Independencia,Metropolitana,555000.0,CLP,45.5,2024-11-15 00:00:00.000000,2024-11-22 00:00:00.000000,departamento,arriendo,owner_direct
TT-2024-11-000419,toctoc,Huechuraba,Metropolitana,19.86,UF,76.7,2024-10-21 00:00:00.000000,2024-11-01 00:00:00.000000,departamento,ARRIENDO,agency
TT-2024-11-003271,toctoc,La Reina,Metropolitana,1010000.0,CLP,57.0,2024-10-05 00:00:00.000000,2024-11-15 00:00:00.000000,departamento,ARRIENDO,owner_direct
TT-2024-11-000881,toctoc,Recoleta,Metropolitana,14.19,UF,60.2,2024-09-22 00:00:00.000000,2024-11-01 00:00:00.000000,DEPARTAMENTO,ARRIENDO,agency
TT-2024-11-001304,toctoc,Cerrillos,Metropolitana,17.84,UF,62.6,2024-10-28 00:00:00.000000,2024-11-08 00:00:00.000000,DEPARTAMENTO,arriendo,agency
TT-2024-11-000250,toctoc,Providencia,Metropolitana,27.16,UF,59.5,2024-09-15 00:00:00.000000,2024-11-01 00:00:00.000000,departamento,arriendo,owner_direct
TT-2024-11-004106,toctoc,la florida,Metropolitana,12.84,UF,27.4,2024-08-06 00:00:00.000000,2024-11-22 00:00:00.000000,Departamento,arriendo,owner_direct
TT-2024-11-004007,toctoc,Recoleta,Metropolitana,31.22,UF,148.6,2024-09-07 00:00:00.000000,2024-11-22 00:00:00.000000,DEPARTAMENTO,arriendo,agency
TT-2024-11-004594,toctoc,La Florida,Metropolitana,935000.0,CLP,126.3,2024-10-09 00:00:00.000000,2024-11-29 00:00:00.000000,departamento,ARRIENDO,agency
TT-2024-11-004446,toctoc,Maipú,Metropolitana,11.08,UF,49.1,2024-11-23 00:00:00.000000,2024-11-29 00:00:00.000000,DEPARTAMENTO,arriendo,agency
TT-2024-11-001120,toctoc,Pudahuel,Metropolitana,19.86,UF,71.0,2024-07-02 00:00:00.000000,2024-11-01 00:00:00.000000,Departamento,arriendo,owner_direct
TT-2024-11-001687,toctoc,La Florida,Metropolitana,16.35,UF,48.3,2024-10-12 00:00:00.000000,2024-11-08 00:00:00.000000,DEPARTAMENTO,ARRIENDO,agency
TT-2024-11-004731,toctoc,Puente Alto,Metropolitana,12.3,UF,39.0,2024-10-02 00:00:00.000000,2024-11-29 00:00:00.000000,Departamento,Arriendo,owner_direct
TT-2024-11-003436,toctoc,Peñalolén,Metropolitana,730000.0,CLP,57.6,2024-10-05 00:00:00.000000,2024-11-22 00:00:00.000000,DEPARTAMENTO,ARRIENDO,agency
TT-2024-11-001027,toctoc,Santiago,Metropolitana,15.68,UF,42.7,2024-10-17 00:00:00.000000,2024-11-01 00:00:00.000000,departamento,ARRIENDO,agency
TT-2024-11-002894,toctoc,La Florida,Metropolitana,12.7,UF,33.0,2024-10-30 00:00:00.000000,2024-11-15 00:00:00.000000,Departamento,Arriendo,agency
TT-2024-11-001571,toctoc,San Miguel,Metropolitana,470000.0,CLP,1.0,2024-09-07 00:00:00.000000,2024-11-08 00:00:00.000000,DEPARTAMENTO,arriendo,agency
TT-2024-11-003080,toctoc,Estación Central,Metropolitana,16.35,UF,70.8,2024-10-18 00:00:00.000000,2024-11-15 00:00:00.000000,departamento,ARRIENDO,agency
TT-2024-11-005182,toctoc,Conchalí,Metropolitana,15.14,UF,63.3,2024-11-16 00:00:00.000000,2024-11-29 00:00:00.000000,departamento,ARRIENDO,agency
TT-2024-11-001434,toctoc,La Florida,Metropolitana,455000.0,CLP,39.7,2024-10-04 00:00:00.000000,2024-11-08 00:00:00.000000,DEPARTAMENTO,Arriendo,owner_direct
TT-2024-11-003016,toctoc,Peñalolén,Metropolitana,595000.0,CLP,54.9,2024-10-31 00:00:00.000000,2024-11-15 00:00:00.000000,DEPARTAMENTO,ARRIENDO,agency
TT-2024-11-000980,toctoc,Macul,Metropolitana,14.05,UF,34.5,2024-10-25 00:00:00.000000,2024-11-01 00:00:00.000000,DEPARTAMENTO,ARRIENDO,owner_direct
TT-2024-11-002199,toctoc,La Florida,Metropolitana,11.49,UF,33.4,2024-11-11 00:00:00.000000,2024-11-15 00:00:00.000000,DEPARTAMENTO,ARRIENDO,owner_direct
TT-2024-11-001389,toctoc,Santiago,Metropolitana,615000.0,CLP,52.9,2024-10-10 00:00:00.000000,2024-11-08 00:00:00.000000,DEPARTAMENTO,Arriendo,agency
TT-2024-11-002640,toctoc,san joaquín,Metropolitana,405000.0,CLP,28.4,2024-10-02 00:00:00.000000,2024-11-15 00:00:00.000000,departamento,ARRIENDO,agency
TT-2024-11-004666,toctoc,Santiago,Metropolitana,1270000.0,CLP,127.1,2024-11-20 00:00:00.000000,2024-11-29 00:00:00.000000,Departamento,Arriendo,agency
TT-2024-11-003083,toctoc,Independencia,Metropolitana,700000.0,CLP,57.5,2024-10-15 00:00:00.000000,2024-11-15 00:00:00.000000,DEPARTAMENTO,arriendo,agency
TT-2024-11-003936,toctoc,La Cisterna,Metropolitana,17.3,UF,67.1,2024-11-18 00:00:00.000000,2024-11-22 00:00:00.000000,departamento,ARRIENDO,agency
TT-2024-11-003471,toctoc,Lo Barnechea,Metropolitana,24.46,UF,44.8,2024-10-19 00:00:00.000000,2024-11-22 00:00:00.000000,departamento,Arriendo,agency
TT-2024-11-000326,toctoc,Estación Central,Metropolitana,660000.0,CLP,65.9,2024-09-19 00:00:00.000000,2024-11-01 00:00:00.000000,DEPARTAMENTO,Arriendo,owner_direct
TT-2024-11-004366,toctoc,Huechuraba,Metropolitana,27.43,UF,122.2,2024-11-16 00:00:00.000000,2024-11-29 00:00:00.000000,Departamento,ARRIENDO,agency
TT-2024-11-002795,toctoc,Santiago,Metropolitana,545000.0,CLP,34.9,2024-10-21 00:00:00.000000,2024-11-15 00:00:00.000000,Departamento,ARRIENDO,owner_direct
TT-2024-11-000199,toctoc,San Miguel,Metropolitana,14.73,UF,51.4,2024-10-04 00:00:00.000000,2024-11-01 00:00:00.000000,departamento,arriendo,agency
TT-2024-11-003633,toctoc,Huechuraba,Metropolitana,15.54,UF,33.5,2024-08-07 00:00:00.000000,2024-11-22 00:00:00.000000,departamento,arriendo,agency
TT-2024-11-000935,toctoc,Estación Central,Metropolitana,17.3,UF,75.9,2024-08-22 00:00:00.000000,2024-11-01 00:00:00.000000,departamento,ARRIENDO,owner_direct
TT-2024-11-000147,toctoc,Santiago,Metropolitana,20.27,UF,84.0,2024-10-28 00:00:00.000000,2024-11-01 00:00:00.000000,DEPARTAMENTO,ARRIENDO,agency
TT-2024-11-003232,toctoc,San Miguel,Metropolitana,15.41,UF,47.8,2024-07-15 00:00:00.000000,2024-11-15 00:00:00.000000,Departamento,ARRIENDO,agency
TT-2024-11-000431,toctoc,La Reina,Metropolitana,24.32,UF,51.2,2024-10-06 00:00:00.000000,2024-11-01 00:00:00.000000,departamento,Arriendo,owner_direct
TT-2024-11-003654,toctoc,Independencia,Metropolitana,20.0,UF,70.9,2024-10-09 00:00:00.000000,2024-11-22 00:00:00.000000,DEPARTAMENTO,arriendo,agency
TT-2024-11-000160,toctoc,Providencia,Metropolitana,1060000.0,CLP,65.9,2024-07-16 00:00:00.000000,2024-11-01 00:00:00.000000,Departamento,arriendo,owner_direct
TT-2024-11-001727,toctoc,Quilicura,Metropolitana,18.24,UF,72.5,2024-09-24 00:00:00.000000,2024-11-08 00:00:00.000000,departamento,Arriendo,agency
TT-2024-11-004554,toctoc,Independencia,Metropolitana,17.84,UF,62.3,2024-10-13 00:00:00.000000,2024-11-29 00:00:00.000000,DEPARTAMENTO,ARRIENDO,agency
TT-2024-11-003299,toctoc,Peñalolén,Metropolitana,15.41,UF,48.0,2024-10-07 00:00:00.000000,2024-11-15 00:00:00.000000,DEPARTAMENTO,Arriendo,owner_direct
TT-2024-11-001373,toctoc,Macul,Metropolitana,11.89,UF,25.2,2024-10-27 00:00:00.000000,2024-11-08 00:00:00.000000,DEPARTAMENTO,arriendo,agency
TT-2024-11-004662,toctoc,Providencia,Metropolitana,740000.0,CLP,39.2,2024-11-10 00:00:00.000000,2024-11-29 00:00:00.000000,departamento,arriendo,owner_direct
TT-2024-11-001472,toctoc,Santiago,Metropolitana,16.62,UF,37.3,2024-09-20 00:00:00.000000,2024-11-08 00:00:00.000000,Departamento,ARRIENDO,agency
TT-2024-11-005133,toctoc,Providencia,Metropolitana,700000.0,CLP,33.7,2024-11-21 00:00:00.000000,2024-11-29 00:00:00.000000,Departamento,ARRIENDO,owner_direct
TT-2024-11-000862,toctoc,San Miguel,Metropolitana,445000.0,CLP,37.1,2024-10-24 00:00:00.000000,2024-11-01 00:00:00.000000,DEPARTAMENTO,ARRIENDO,agency
TT-2024-11-000872,toctoc,Recoleta,Metropolitana,11.89,UF,35.3,2024-09-12 00:00:00.000000,2024-11-01 00:00:00.000000,Departamento,ARRIENDO,agency
TT-2024-11-004675,toctoc,Macul,Metropolitana,19.19,UF,65.0,2024-10-19 00:00:00.000000,2024-11-29 00:00:00.000000,Departamento,ARRIENDO,agency
TT-2024-11-003757,toctoc,Santiago,Metropolitana,620000.0,CLP,55.0,2024-06-04 00:00:00.000000,2024-11-22 00:00:00.000000,Departamento,arriendo,owner_direct
TT-2024-11-004531,toctoc,La Florida,Metropolitana,15.27,UF,36.6,2024-10-04 00:00:00.000000,2024-11-29 00:00:00.000000,DEPARTAMENTO,Arriendo,agency
TT-2024-11-001535,toctoc,San Joaquín,Metropolitana,470000.0,CLP,51.6,2024-11-06 00:00:00.000000,2024-11-08 00:00:00.000000,departamento,ARRIENDO,owner_direct
TT-2024-11-004045,toctoc,Santiago,Metropolitana,23.65,UF,65.4,2024-10-28 00:00:00.000000,2024-11-22 00:00:00.000000,departamento,arriendo,agency
TT-2024-11-001520,toctoc,Independencia,Metropolitana,625000.0,CLP,65.4,2024-10-06 00:00:00.000000,2024-11-08 00:00:00.000000,departamento,ARRIENDO,owner_direct
TT-2024-11-003643,toctoc,San Joaquín,Metropolitana,15.0,UF,52.2,2024-09-21 00:00:00.000000,2024-11-22 00:00:00.000000,DEPARTAMENTO,arriendo,owner_direct
TT-2024-11-003028,toctoc,Macul ,Metropolitana,20.0,UF,57.8,2024-11-08 00:00:00.000000,2024-11-15 00:00:00.000000,departamento,arriendo,agency
TT-2024-11-002049,toctoc,Recoleta ,Metropolitana,16.62,UF,60.3,2024-10-23 00:00:00.000000,2024-11-08 00:00:00.000000,DEPARTAMENTO,Arriendo,agency
TT-2024-11-002484,toctoc,Santiago,Metropolitana,18.24,UF,57.2,2024-10-22 00:00:00.000000,2024-11-15 00:00:00.000000,departamento,ARRIENDO,agency
TT-2024-11-004892,toctoc,Quinta Normal,Metropolitana,17.16,UF,49.1,2024-11-24 00:00:00.000000,2024-11-29 00:00:00.000000,departamento,arriendo,agency
TT-2024-11-000035,toctoc,Lo Barnechea,Metropolitana,1040000.0,CLP,62.6,2024-10-05 00:00:00.000000,2024-11-01 00:00:00.000000,Departamento,ARRIENDO,agency
TT-2024-11-004202,toctoc,Estación Central,Metropolitana,15.27,UF,53.5,2024-11-12 00:00:00.000000,2024-11-22 00:00:00.000000,DEPARTAMENTO,ARRIENDO,agency
TT-2024-11-000937,toctoc,Puente Alto,Metropolitana,14.59,UF,54.7,2024-08-28 00:00:00.000000,2024-11-01 00:00:00.000000,DEPARTAMENTO,arriendo,owner_direct
TT-2024-11-004920,toctoc, San Miguel,Metropolitana,13.38,UF,45.9,2024-11-08 00:00:00.000000,2024-11-29 00:00:00.000000,Departamento,ARRIENDO,agency
TT-2024-11-004223,toctoc,Ñuñoa,Metropolitana,860000.0,CLP,55.0,2024-10-24 00:00:00.000000,2024-11-22 00:00:00.000000,Departamento,arriendo,agency
TT-2024-11-000030,toctoc,Macul,Metropolitana,14.32,UF,45.1,2024-10-03 00:00:00.000000,2024-11-01 00:00:00.000000,departamento,arriendo,agency
TT-2024-11-004626,toctoc,Santiago,Metropolitana,615000.0,CLP,39.6,2024-11-15 00:00:00.000000,2024-11-29 00:00:00.000000,DEPARTAMENTO,arriendo,agency
TT-2024-11-002053,toctoc,Las Condes,Metropolitana,24.73,UF,60.2,2024-10-20 00:00:00.000000,2024-11-08 00:00:00.000000,Departamento,arriendo,owner_direct
TT-2024-11-003155,toctoc,San Miguel,Metropolitana,16.08,UF,38.4,2024-10-12 00:00:00.000000,2024-11-15 00:00:00.000000,departamento,ARRIENDO,owner_direct
TT-2024-11-001519,toctoc,Providencia,Metropolitana,1270000.0,CLP,61.9,2024-10-14 00:00:00.000000,2024-11-08 00:00:00.000000,Departamento,arriendo,owner_direct
TT-2024-11-001089,toctoc,Huechuraba,Metropolitana,805000.0,CLP,76.7,2024-08-07 00:00:00.000000,2024-11-01 00:00:00.000000,Departamento,Arriendo,agency
TT-2024-11-005409,toctoc,Las Condes,Metropolitana,845000.0,CLP,46.1,2024-10-21 00:00:00.000000,2024-11-29 00:00:00.000000,Departamento,ARRIENDO,agency
TT-2024-11-000978,toctoc,Providencia,Metropolitana,1190000.0,CLP,40.5,2024-09-20 00:00:00.000000,2024-11-01 00:00:00.000000,DEPARTAMENTO,ARRIENDO,agency
TT-2024-11-004617,toctoc,Lo Barnechea,Metropolitana,1000000.0,CLP,59.5,2024-11-22 00:00:00.000000,2024-11-29 00:00:00.000000,DEPARTAMENTO,Arriendo,owner_direct
TT-2024-11-002448,toctoc,La Reina,Metropolitana,800000.0,CLP,40.1,2024-10-14 00:00:00.000000,2024-11-15 00:00:00.000000,DEPARTAMENTO,arriendo,owner_direct
TT-2024-11-004637,toctoc,Independencia,Metropolitana,18.65,UF,79.4,2024-11-03 00:00:00.000000,2024-11-29 00:00:00.000000,departamento,Arriendo,agency
TT-2024-11-000583,toctoc,Macul,Metropolitana,8360000.0,CLP,1200.0,2024-09-21 00:00:00.000000,2024-11-01 00:00:00.000000,departamento,ARRIENDO,agency
TT-2024-11-001975,toctoc,La Reina,Metropolitana,21.22,UF,53.9,2024-10-29 00:00:00.000000,2024-11-08 00:00:00.000000,Departamento,arriendo,owner_direct
TT-2024-11-000916,toctoc,Puente Alto,Metropolitana,13.24,UF,43.9,2024-08-16 00:00:00.000000,2024-11-01 00:00:00.000000,Departamento,arriendo,agency
TT-2024-11-002450,toctoc,Las Condes,Metropolitana,1010000.0,CLP,43.1,2024-10-27 00:00:00.000000,2024-11-15 00:00:00.000000,DEPARTAMENTO,arriendo,agency
TT-2024-11-000883,toctoc,Ñuñoa,Metropolitana,810000.0,CLP,54.1,2024-10-20 00:00:00.000000,2024-11-01 00:00:00.000000,departamento,ARRIENDO,agency
TT-2024-11-002261,toctoc,Santiago,Metropolitana,15.0,UF,46.5,2024-11-10 00:00:00.000000,2024-11-15 00:00:00.000000,departamento,Arriendo,agency
TT-2024-11-005023,toctoc,Santiago,Metropolitana,14.46,UF,33.0,2024-11-06 00:00:00.000000,2024-11-29 00:00:00.000000,Departamento,arriendo,agency
TT-2024-11-005356,toctoc,Ñuñoa,Metropolitana,17.3,UF,58.8,2024-11-17 00:00:00.000000,2024-11-29 00:00:00.000000,DEPARTAMENTO,ARRIENDO,owner_direct
TT-2024-11-005320,toctoc,Las Condes,Metropolitana,31.35,UF,52.2,2024-11-08 00:00:00.000000,2024-11-29 00:00:00.000000,departamento,ARRIENDO,agency
TT-2024-11-001191,toctoc,santiago,Metropolitana,15.41,UF,35.6,2024-10-02 00:00:00.000000,2024-11-01 00:00:00.000000,Departamento,ARRIENDO,agency
TT-2024-11-002276,toctoc,Ñuñoa,Metropolitana,14.32,UF,31.5,2024-11-01 00:00:00.000000,2024-11-15 00:00:00.000000,departamento,arriendo,agency
TT-2024-11-000912,toctoc,Providencia,Metropolitana,760000.0,CLP,32.1,2024-10-03 00:00:00.000000,2024-11-01 00:00:00.000000,Departamento,Arriendo,owner_direct
TT-2024-11-000295,toctoc,Maipú,Metropolitana,540000.0,CLP,44.7,2024-09-05 00:00:00.000000,2024-11-01 00:00:00.000000,DEPARTAMENTO,ARRIENDO,agency
TT-2024-11-001501,toctoc,Maipú,Metropolitana,12.57,UF,49.4,2024-09-12 00:00:00.000000,2024-11-08 00:00:00.000000,DEPARTAMENTO,arriendo,agency
TT-2024-11-001516,toctoc,Cerrillos,Metropolitana,20.81,UF,90.4,2024-10-19 00:00:00.000000,2024-11-08 00:00:00.000000,departamento,arriendo,agency
TT-2024-11-001341,toctoc,Peñalolén,Metropolitana,750000.0,CLP,81.8,2024-11-04 00:00:00.000000,2024-11-08 00:00:00.000000,departamento,ARRIENDO,owner_direct
TT-2024-11-001511,toctoc,Maipú,Metropolitana,17.84,UF,77.3,2024-10-24 00:00:00.000000,2024-11-08 00:00:00.000000,departamento,Arriendo,owner_direct
TT-2024-11-002815,toctoc,Maipú,Metropolitana,12.7,UF,35.5,2024-10-30 00:00:00.000000,2024-11-15 00:00:00.000000,DEPARTAMENTO,ARRIENDO,agency
TT-2024-11-004266,toctoc,Quilicura,Metropolitana,430000.0,CLP,44.2,2024-11-09 00:00:00.000000,2024-11-22 00:00:00.000000,Departamento,ARRIENDO,owner_direct
TT-2024-11-003829,toctoc,Maipú,Metropolitana,15.0,UF,66.9,2024-10-29 00:00:00.000000,2024-11-22 00:00:00.000000,Departamento,arriendo,agency
TT-2024-11-004890,toctoc,Huechuraba,Metropolitana,17.57,UF,56.1,2024-10-31 00:00:00.000000,2024-11-29 00:00:00.000000,departamento,Arriendo,agency
TT-2024-11-004287,toctoc,Providencia,Metropolitana,35.27,UF,64.6,2024-09-18 00:00:00.000000,2024-11-22 00:00:00.000000,departamento,arriendo,owner_direct
TT-2024-11-004704,toctoc,La Florida,Metropolitana,18.11,UF,64.1,2024-11-16 00:00:00.000000,2024-11-29 00:00:00.000000,DEPARTAMENTO,Arriendo,owner_direct
TT-2024-11-000562,toctoc,Estación Central,Metropolitana,410000.0,CLP,28.9,2024-10-15 00:00:00.000000,2024-11-01 00:00:00.000000,DEPARTAMENTO,Arriendo,owner_direct
TT-2024-11-000485,toctoc,Ñuñoa,Metropolitana,27.84,UF,75.3,2024-09-18 00:00:00.000000,2024-11-01 00:00:00.000000,DEPARTAMENTO,arriendo,owner_direct
TT-2024-11-002990,toctoc,Peñalolén,Metropolitana,500000.0,CLP,45.2,2024-10-21 00:00:00.000000,2024-11-15 00:00:00.000000,departamento,Arriendo,owner_direct
TT-2024-11-001473,toctoc,Puente Alto,Metropolitana,440000.0,CLP,57.1,2024-10-29 00:00:00.000000,2024-11-08 00:00:00.000000,departamento,arriendo,agency
TT-2024-11-000904,toctoc,Puente Alto,Metropolitana,167.16,UF,1200.0,2024-10-18 00:00:00.000000,2024-11-01 00:00:00.000000,DEPARTAMENTO,arriendo,owner_direct
TT-2024-11-001670,toctoc,Santiago,Metropolitana,735000.0,CLP,70.8,2024-10-23 00:00:00.000000,2024-11-08 00:00:00.000000,DEPARTAMENTO,arriendo,owner_direct
TT-2024-11-004809,toctoc,Las Condes,Metropolitana,1080000.0,CLP,53.9,2024-11-07 00:00:00.000000,2024-11-29 00:00:00.000000,departamento,Arriendo,agency
TT-2024-11-005424,toctoc, Puente Alto,Metropolitana,460000.0,CLP,44.5,2024-11-19 00:00:00.000000,2024-11-29 00:00:00.000000,DEPARTAMENTO,ARRIENDO,agency
TT-2024-11-004874,toctoc,San Miguel,Metropolitana,600000.0,CLP,67.8,2024-05-26 00:00:00.000000,2024-11-29 00:00:00.000000,departamento,arriendo,agency
TT-2024-11-004260,toctoc,Estación Central,Metropolitana,20.68,UF,70.9,2024-11-06 00:00:00.000000,2024-11-22 00:00:00.000000,DEPARTAMENTO,arriendo,owner_direct
TT-2024-11-001633,toctoc,Santiago,Metropolitana,470000.0,CLP,37.3,2024-10-28 00:00:00.000000,2024-11-08 00:00:00.000000,Departamento,ARRIENDO,agency
TT-2024-11-000627,toctoc,ESTACIÓN CENTRAL,Metropolitana,7215000.0,CLP,74.6,2024-10-02 00:00:00.000000,2024-11-01 00:00:00.000000,departamento,Arriendo,agency
TT-2024-11-004168,toctoc,Santiago,Metropolitana,27.7,UF,136.9,2024-10-26 00:00:00.000000,2024-11-22 00:00:00.000000,Departamento,ARRIENDO,agency
TT-2024-11-000806,toctoc, Recoleta,Metropolitana,520000.0,CLP,46.3,2024-10-06 00:00:00.000000,2024-11-01 00:00:00.000000,Departamento,arriendo,agency
TT-2024-11-002562,toctoc,Las Condes,Metropolitana,1335000.0,CLP,73.9,2024-10-21 00:00:00.000000,2024-11-15 00:00:00.000000,departamento,Arriendo,agency
TT-2024-11-002425,toctoc,Providencia,Metropolitana,1270000.0,CLP,101.7,2024-09-06 00:00:00.000000,2024-11-15 00:00:00.000000,departamento,arriendo,agency
TT-2024-11-001130,toctoc,Quilicura,Metropolitana,520000.0,CLP,63.5,2024-09-30 00:00:00.000000,2024-11-01 00:00:00.000000,DEPARTAMENTO,arriendo,agency
TT-2024-11-004195,toctoc,Las Condes,Metropolitana,1920000.0,CLP,111.3,2024-09-25 00:00:00.000000,2024-11-22 00:00:00.000000,Departamento,ARRIENDO,owner_direct
TT-2024-11-004469,toctoc,Independencia,Metropolitana,19.59,UF,85.1,2024-05-28 00:00:00.000000,2024-11-29 00:00:00.000000,departamento,ARRIENDO,agency
TT-2024-11-002327,toctoc,La Cisterna,Metropolitana,570000.0,CLP,44.0,2024-10-19 00:00:00.000000,2024-11-15 00:00:00.000000,departamento,Arriendo,agency
TT-2024-11-003588,toctoc,Macul,Metropolitana,17.3,UF,61.2,2024-11-02 00:00:00.000000,2024-11-22 00:00:00.000000,Departamento,ARRIENDO,agency
TT-2024-11-000317,toctoc, La Cisterna,Metropolitana,14.19,UF,53.0,2024-09-26 00:00:00.000000,2024-11-01 00:00:00.000000,departamento,arriendo,agency
TT-2024-11-001988,toctoc,Puente Alto,Metropolitana,875000.0,CLP,125.5,2024-10-10 00:00:00.000000,2024-11-08 00:00:00.000000,departamento,arriendo,agency
TT-2024-11-002247,toctoc,La Florida,Metropolitana,19.19,UF,65.5,2024-10-16 00:00:00.000000,2024-11-15 00:00:00.000000,DEPARTAMENTO,ARRIENDO,agency
TT-2024-11-002511,toctoc,Lo Barnechea,Metropolitana,28.78,UF,53.0,2024-09-29 00:00:00.000000,2024-11-15 00:00:00.000000,Departamento,Arriendo,agency
TT-2024-11-003817,toctoc,Cerrillos,Metropolitana,500000.0,CLP,51.3,2024-11-14 00:00:00.000000,2024-11-22 00:00:00.000000,DEPARTAMENTO,Arriendo,agency
TT-2024-11-002799,toctoc,Ñuñoa,Metropolitana,635000.0,CLP,43.5,2024-10-27 00:00:00.000000,2024-11-15 00:00:00.000000,Departamento,ARRIENDO,agency
TT-2024-11-003677,toctoc,Vitacura,Metropolitana,53.24,UF,99.7,2024-10-06 00:00:00.000000,2024-11-22 00:00:00.000000,DEPARTAMENTO,Arriendo,agency
TT-2024-11-003167,toctoc,La Cisterna,Metropolitana,540000.0,CLP,46.8,2024-03-26 00:00:00.000000,2024-11-15 00:00:00.000000,DEPARTAMENTO,Arriendo,owner_direct
TT-2024-11-002859,toctoc,Puente Alto,Metropolitana,9.46,UF,41.3,2024-11-08 00:00:00.000000,2024-11-15 00:00:00.000000,DEPARTAMENTO,ARRIENDO,agency
TT-2024-11-002936,toctoc,Recoleta,Metropolitana,870000.0,CLP,82.8,2024-10-20 00:00:00.000000,2024-11-15 00:00:00.000000,departamento,Arriendo,agency
TT-2024-11-000602,toctoc,Providencia,Metropolitana,29.46,UF,62.6,2024-10-15 00:00:00.000000,2024-11-01 00:00:00.000000,DEPARTAMENTO,Arriendo,owner_direct
TT-2024-11-000664,toctoc,La Cisterna,Metropolitana,10.81,UF,37.0,2024-10-07 00:00:00.000000,2024-11-01 00:00:00.000000,departamento,Arriendo,owner_direct
TT-2024-11-003269,toctoc,Lo Barnechea,Metropolitana,23.11,UF,42.7,2024-10-28 00:00:00.000000,2024-11-15 00:00:00.000000,Departamento,Arriendo,agency
TT-2024-11-001109,toctoc,Huechuraba,Metropolitana,770000.0,CLP,67.2,2024-10-06 00:00:00.000000,2024-11-01 00:00:00.000000,Departamento,ARRIENDO,owner_direct
TT-2024-11-004092,toctoc,Santiago,Metropolitana,15.41,UF,40.3,2024-11-02 00:00:00.000000,2024-11-22 00:00:00.000000,DEPARTAMENTO,ARRIENDO,owner_direct
TT-2024-11-005003,toctoc,Santiago,Metropolitana,21.89,UF,65.7,2024-11-27 00:00:00.000000,2024-11-29 00:00:00.000000,DEPARTAMENTO,ARRIENDO,agency
TT-2024-11-004591,toctoc,Providencia,Metropolitana,40.27,UF,95.9,2024-11-15 00:00:00.000000,2024-11-29 00:00:00.000000,DEPARTAMENTO,Arriendo,agency
TT-2024-11-002422,toctoc,Independencia,Metropolitana,18.24,UF,66.4,2024-10-17 00:00:00.000000,2024-11-15 00:00:00.000000,DEPARTAMENTO,Arriendo,agency
TT-2024-11-002469,toctoc,Macul,Metropolitana,380000.0,CLP,10.0,2024-10-20 00:00:00.000000,2024-11-15 00:00:00.000000,DEPARTAMENTO,Arriendo,agency
TT-2024-11-000247,toctoc,PUDAHUEL,Metropolitana,380000.0,CLP,35.2,2024-10-05 00:00:00.000000,2024-11-01 00:00:00.000000,DEPARTAMENTO,Arriendo,agency
TT-2024-11-003300,toctoc,Ñuñoa,Metropolitana,24.73,UF,70.5,2024-10-24 00:00:00.000000,2024-11-15 00:00:00.000000,DEPARTAMENTO,ARRIENDO,owner_direct
TT-2024-11-003285,toctoc,Macul,Metropolitana,755000.0,CLP,58.5,2024-08-29 00:00:00.000000,2024-11-15 00:00:00.000000,departamento,ARRIENDO,agency
TT-2024-11-000165,toctoc,Ñuñoa,Metropolitana,17.57,UF,38.3,2024-08-14 00:00:00.000000,2024-11-01 00:00:00.000000,Departamento,arriendo,agency
TT-2024-11-004004,toctoc,La Florida,Metropolitana,11.76,UF,26.4,2024-10-30 00:00:00.000000,2024-11-22 00:00:00.000000,Departamento,ARRIENDO,agency
TT-2024-11-000342,toctoc,Recoleta,Metropolitana,19.73,UF,61.8,2024-09-15 00:00:00.000000,2024-11-01 00:00:00.000000,Departamento,Arriendo,owner_direct
TT-2024-11-000500,toctoc,Puente Alto,Metropolitana,425000.0,CLP,36.4,2024-09-21 00:00:00.000000,2024-11-01 00:00:00.000000,DEPARTAMENTO,arriendo,agency
TT-2024-11-004147,toctoc,Providencia,Metropolitana,1345000.0,CLP,67.3,2024-10-20 00:00:00.000000,2024-11-22 00:00:00.000000,departamento,ARRIENDO,agency
TT-2024-11-005414,toctoc,LA REINA,Metropolitana,1000000.0,CLP,50.6,2024-11-26 00:00:00.000000,2024-11-29 00:00:00.000000,departamento,ARRIENDO,owner_direct
TT-2024-11-000753,toctoc,CERRILLOS,Metropolitana,540000.0,CLP,47.5,2024-10-26 00:00:00.000000,2024-11-01 00:00:00.000000,departamento,Arriendo,owner_direct
TT-2024-11-003330,toctoc,Ñuñoa,Metropolitana,18.92,UF,41.9,2024-11-04 00:00:00.000000,2024-11-15 00:00:00.000000,departamento,ARRIENDO,owner_direct
TT-2024-11-003738,toctoc,Ñuñoa,Metropolitana,18.11,UF,32.7,2024-11-21 00:00:00.000000,2024-11-22 00:00:00.000000,departamento,Arriendo,owner_direct
TT-2024-11-004789,toctoc,Providencia,Metropolitana,35.95,UF,60.4,2024-10-31 00:00:00.000000,2024-11-29 00:00:00.000000,Departamento,Arriendo,agency
TT-2024-11-002659,toctoc,Independencia,Metropolitana,455000.0,CLP,35.8,2024-11-09 00:00:00.000000,2024-11-15 00:00:00.000000,Departamento,arriendo,agency
TT-2024-11-003723,toctoc,Independencia,Metropolitana,500000.0,CLP,42.0,2024-10-04 00:00:00.000000,2024-11-22 00:00:00.000000,Departamento,arriendo,owner_direct
TT-2024-11-004325,toctoc,Puente Alto,Metropolitana,920000.0,CLP,116.5,2024-11-12 00:00:00.000000,2024-11-29 00:00:00.000000,DEPARTAMENTO,Arriendo,agency
TT-2024-11-001248,toctoc,Pudahuel,Metropolitana,19.46,UF,88.9,2024-10-06 00:00:00.000000,2024-11-08 00:00:00.000000,Departamento,ARRIENDO,owner_direct
TT-2024-11-003774,toctoc,La Florida,Metropolitana,21.49,UF,99.9,2024-07-20 00:00:00.000000,2024-11-22 00:00:00.000000,departamento,arriendo,agency
TT-2024-11-000453,toctoc,Independencia,Metropolitana,18.92,UF,69.1,2024-10-16 00:00:00.000000,2024-11-01 00:00:00.000000,Departamento,Arriendo,agency
TT-2024-11-001295,toctoc,Estación Central,Metropolitana,14.32,UF,58.8,2024-09-16 00:00:00.000000,2024-11-08 00:00:00.000000,DEPARTAMENTO,arriendo,agency
TT-2024-11-003045,toctoc,Conchalí,Metropolitana,12.57,UF,39.9,2024-10-22 00:00:00.000000,2024-11-15 00:00:00.000000,Departamento,arriendo,agency
TT-2024-11-004694,toctoc,Ñuñoa,Metropolitana,720000.0,CLP,38.4,2024-08-02 00:00:00.000000,2024-11-29 00:00:00.000000,Departamento,arriendo,agency
TT-2024-11-002971,toctoc,Maipú,Metropolitana,19.05,UF,79.0,2024-10-06 00:00:00.000000,2024-11-15 00:00:00.000000,departamento,arriendo,agency
TT-2024-11-000059,toctoc,Ñuñoa,Metropolitana,26.89,UF,70.0,2024-05-18 00:00:00.000000,2024-11-01 00:00:00.000000,Departamento,Arriendo,owner_direct
TT-2024-11-003530,toctoc,Santiago,Metropolitana,13.92,UF,24.6,2024-11-02 00:00:00.000000,2024-11-22 00:00:00.000000,Departamento,arriendo,owner_direct
TT-2024-11-000838,toctoc,Maipú,Metropolitana,16.22,UF,55.4,2024-06-19 00:00:00.000000,2024-11-01 00:00:00.000000,departamento,Arriendo,agency
TT-2024-11-004329,toctoc,Pudahuel,Metropolitana,505000.0,CLP,44.3,2024-10-05 00:00:00.000000,2024-11-29 00:00:00.000000,Departamento,Arriendo,agency
TT-2024-11-000726,toctoc,Providencia,Metropolitana,865000.0,CLP,38.8,2024-10-11 00:00:00.000000,2024-11-01 00:00:00.000000,Departamento,arriendo,
TT-2024-11-002977,toctoc,Santiago,Metropolitana,21.35,UF,69.4,2024-10-15 00:00:00.000000,2024-11-15 00:00:00.000000,Departamento,Arriendo,agency
TT-2024-11-004301,toctoc,Las Condes,Metropolitana,29.32,UF,51.4,2024-11-17 00:00:00.000000,2024-11-29 00:00:00.000000,DEPARTAMENTO,arriendo,owner_direct
TT-2024-11-004606,toctoc,Las Condes,Metropolitana,1675000.0,CLP,98.4,2024-11-01 00:00:00.000000,2024-11-29 00:00:00.000000,DEPARTAMENTO,ARRIENDO,agency
TT-2024-11-001132,toctoc,Macul,Metropolitana,14.19,UF,45.0,2024-10-10 00:00:00.000000,2024-11-01 00:00:00.000000,Departamento,Arriendo,
TT-2024-11-004772,toctoc,Huechuraba,Metropolitana,605000.0,CLP,41.3,2024-11-03 00:00:00.000000,2024-11-29 00:00:00.000000,Departamento,Arriendo,agency
TT-2024-11-003052,toctoc,Providencia,Metropolitana,20.95,UF,43.1,2024-10-26 00:00:00.000000,2024-11-15 00:00:00.000000,DEPARTAMENTO,Arriendo,agency
TT-2024-11-001308,toctoc,Las Condes,Metropolitana,30.14,UF,53.4,2024-10-08 00:00:00.000000,2024-11-08 00:00:00.000000,departamento,Arriendo,agency
TT-2024-11-002628,toctoc,Independencia,Metropolitana,14.46,UF,40.0,2024-10-26 00:00:00.000000,2024-11-15 00:00:00.000000,departamento,ARRIENDO,agency
TT-2024-11-004533,toctoc,Conchalí,Metropolitana,645000.0,CLP,72.8,2024-06-15 00:00:00.000000,2024-11-29 00:00:00.000000,DEPARTAMENTO,Arriendo,owner_direct
TT-2024-11-003627,toctoc, Independencia,Metropolitana,850000.0,CLP,62.9,2024-11-09 00:00:00.000000,2024-11-22 00:00:00.000000,DEPARTAMENTO,Arriendo,owner_direct
TT-2024-11-002208,toctoc,Estación Central,Metropolitana,14.32,UF,53.2,2024-10-10 00:00:00.000000,2024-11-15 00:00:00.000000,Departamento,ARRIENDO,owner_direct
TT-2024-11-002907,toctoc,La Florida,Metropolitana,22.3,UF,81.5,2024-09-25 00:00:00.000000,2024-11-15 00:00:00.000000,departamento,Arriendo,agency
TT-2024-11-004660,toctoc,Las Condes,Metropolitana,1150000.0,CLP,53.4,2024-11-04 00:00:00.000000,2024-11-29 00:00:00.000000,Departamento,Arriendo,owner_direct
TT-2024-11-002311,toctoc,San Miguel,Metropolitana,10.41,UF,25.2,2024-11-01 00:00:00.000000,2024-11-15 00:00:00.000000,DEPARTAMENTO,ARRIENDO,owner_direct
TT-2024-11-003157,toctoc,Macul,Metropolitana,16.62,UF,53.3,2024-10-10 00:00:00.000000,2024-11-15 00:00:00.000000,Departamento,ARRIENDO,agency
TT-2024-11-002133,toctoc,Estación Central,Metropolitana,13.51,UF,42.5,2024-10-18 00:00:00.000000,2024-11-08 00:00:00.000000,Departamento,arriendo,agency
TT-2024-11-003142,toctoc,Huechuraba,Metropolitana,23.92,UF,82.9,2024-10-19 00:00:00.000000,2024-11-15 00:00:00.000000,departamento,arriendo,owner_direct
TT-2024-11-001915,toctoc,Maipú,Metropolitana,17.03,UF,56.4,2024-10-18 00:00:00.000000,2024-11-08 00:00:00.000000,Departamento,arriendo,agency
TT-2024-11-004273,toctoc,Conchalí,Metropolitana,785000.0,CLP,88.1,2024-11-19 00:00:00.000000,2024-11-22 00:00:00.000000,Departamento,ARRIENDO,owner_direct
TT-2024-11-000755,toctoc,Ñuñoa,Metropolitana,24.05,UF,57.3,2024-09-10 00:00:00.000000,2024-11-01 00:00:00.000000,DEPARTAMENTO,arriendo,agency
TT-2024-11-002080,toctoc,Puente Alto,Metropolitana,12.84,UF,43.6,2024-08-28 00:00:00.000000,2024-11-08 00:00:00.000000,Departamento,ARRIENDO,agency
TT-2024-11-000751,toctoc,Providencia,Metropolitana,28.11,UF,59.5,2024-10-20 00:00:00.000000,2024-11-01 00:00:00.000000,departamento,arriendo,agency
TT-2024-11-004799,toctoc,Macul,Metropolitana,675000.0,CLP,55.2,2024-08-18 00:00:00.000000,2024-11-29 00:00:00.000000,Departamento,ARRIENDO,agency
TT-2024-11-000420,toctoc,Providencia,Metropolitana,31.89,UF,56.7,2024-10-23 00:00:00.000000,2024-11-01 00:00:00.000000,Departamento,ARRIENDO,agency
TT-2024-11-004157,toctoc,Recoleta,Metropolitana,13.38,UF,49.4,2024-10-05 00:00:00.000000,2024-11-22 00:00:00.000000,Departamento,Arriendo,agency
TT-2024-11-003082,toctoc,Santiago,Metropolitana,17.3,UF,41.6,2024-11-04 00:00:00.000000,2024-11-15 00:00:00.000000,Departamento,ARRIENDO,agency
TT-2024-11-005089,toctoc,Maipú,Metropolitana,470000.0,CLP,45.1,2024-11-15 00:00:00.000000,2024-11-29 00:00:00.000000,departamento,arriendo,agency
TT-2024-11-002807,toctoc,Pudahuel,Metropolitana,385000.0,CLP,30.3,2024-10-22 00:00:00.000000,2024-11-15 00:00:00.000000,DEPARTAMENTO,Arriendo,agency
TT-2024-11-005065,toctoc,San Miguel,Metropolitana,21.89,UF,59.5,2024-11-12 00:00:00.000000,2024-11-29 00:00:00.000000,departamento,Arriendo,agency
TT-2024-11-001042,toctoc,Maipú,Metropolitana,17.03,UF,50.9,2024-10-28 00:00:00.000000,2024-11-01 00:00:00.000000,Departamento,Arriendo,
TT-2024-11-003459,toctoc, Quinta Normal,Metropolitana,450000.0,CLP,32.6,2024-10-05 00:00:00.000000,2024-11-22 00:00:00.000000,Departamento,arriendo,owner_direct
TT-2024-11-003411,toctoc,Ñuñoa,Metropolitana,930000.0,CLP,41.8,2024-10-15 00:00:00.000000,2024-11-22 00:00:00.000000,Departamento,arriendo,agency
TT-2024-11-002343,toctoc,Huechuraba,Metropolitana,17.16,UF,43.8,2024-10-18 00:00:00.000000,2024-11-15 00:00:00.000000,departamento,Arriendo,owner_direct
TT-2024-11-001944,toctoc,LAS CONDES,Metropolitana,1185000.0,CLP,65.2,2024-10-13 00:00:00.000000,2024-11-08 00:00:00.000000,DEPARTAMENTO,arriendo,owner_direct
TT-2024-11-000246,toctoc,Vitacura,Metropolitana,45.41,UF,81.8,2024-09-16 00:00:00.000000,2024-11-01 00:00:00.000000,departamento,Arriendo,agency
TT-2024-11-001083,toctoc,Providencia,Metropolitana,1225000.0,CLP,67.9,2024-10-03 00:00:00.000000,2024-11-01 00:00:00.000000,departamento,arriendo,agency
TT-2024-11-005153,toctoc,Recoleta,Metropolitana,16.08,UF,47.9,2024-10-01 00:00:00.000000,2024-11-29 00:00:00.000000,DEPARTAMENTO,ARRIENDO,agency
TT-2024-11-004367,toctoc,Estación Central,Metropolitana,625000.0,CLP,63.4,2024-11-18 00:00:00.000000,2024-11-29 00:00:00.000000,DEPARTAMENTO,ARRIENDO,agency
TT-2024-11-004616,toctoc,Recoleta,Metropolitana,460000.0,CLP,39.9,2024-10-09 00:00:00.000000,2024-11-29 00:00:00.000000,departamento,Arriendo,agency
TT-2024-11-004659,toctoc,Peñalolén,Metropolitana,575000.0,CLP,52.0,2024-10-23 00:00:00.000000,2024-11-29 00:00:00.000000,Departamento,Arriendo,owner_direct
TT-2024-11-001951,toctoc,Quilicura,Metropolitana,15.81,UF,70.7,2024-10-24 00:00:00.000000,2024-11-08 00:00:00.000000,departamento,arriendo,agency
TT-2024-11-003825,toctoc,Providencia,Metropolitana,965000.0,CLP,38.3,2024-09-28 00:00:00.000000,2024-11-22 00:00:00.000000,departamento,ARRIENDO,agency
TT-2024-11-002323,toctoc,Independencia,Metropolitana,540000.0,CLP,31.0,2024-06-29 00:00:00.000000,2024-11-15 00:00:00.000000,DEPARTAMENTO,arriendo,agency
TT-2024-11-000866,toctoc,Santiago,Metropolitana,690000.0,CLP,51.3,2024-10-18 00:00:00.000000,2024-11-01 00:00:00.000000,DEPARTAMENTO,Arriendo,owner_direct
TT-2024-11-000110,toctoc,Huechuraba,Metropolitana,21.22,UF,69.5,2024-10-04 00:00:00.000000,2024-11-01 00:00:00.000000,Departamento,Arriendo,agency
TT-2024-11-004597,toctoc,Las Condes,Metropolitana,40.95,UF,82.9,2024-10-28 00:00:00.000000,2024-11-29 00:00:00.000000,Departamento,Arriendo,owner_direct
TT-2024-11-004491,toctoc,Las Condes,Metropolitana,25.81,UF,46.5,2024-11-22 00:00:00.000000,2024-11-29 00:00:00.000000,DEPARTAMENTO,ARRIENDO,agency
TT-2024-11-001494,toctoc,La Florida,Metropolitana,15.95,UF,52.5,2024-10-25 00:00:00.000000,2024-11-08 00:00:00.000000,DEPARTAMENTO,ARRIENDO,agency
TT-2024-11-002575,toctoc,La Reina,Metropolitana,1495000.0,CLP,131.3,2024-10-21 00:00:00.000000,2024-11-15 00:00:00.000000,DEPARTAMENTO,ARRIENDO,agency
TT-2024-11-002523,toctoc,Huechuraba,Metropolitana,560000.0,CLP,41.6,2024-05-05 00:00:00.000000,2024-11-15 00:00:00.000000,DEPARTAMENTO,arriendo,agency
TT-2024-11-002956,toctoc,Santiago,Metropolitana,435000.0,CLP,36.4,2024-11-01 00:00:00.000000,2024-11-15 00:00:00.000000,departamento,ARRIENDO,owner_direct
TT-2024-11-001848,toctoc,Recoleta,Metropolitana,905000.0,CLP,131.1,2024-10-25 00:00:00.000000,2024-11-08 00:00:00.000000,DEPARTAMENTO,Arriendo,owner_direct
TT-2024-11-000337,toctoc,Santiago,Metropolitana,26.89,UF,91.8,2024-10-04 00:00:00.000000,2024-11-01 00:00:00.000000,departamento,ARRIENDO,owner_direct
TT-2024-11-001471,toctoc,Estación Central,Metropolitana,10.68,UF,37.1,2024-09-29 00:00:00.000000,2024-11-08 00:00:00.000000,DEPARTAMENTO,arriendo,agency
TT-2024-11-002578,toctoc,Santiago,Metropolitana,16.89,UF,53.7,2024-07-17 00:00:00.000000,2024-11-15 00:00:00.000000,Departamento,ARRIENDO,agency
TT-2024-11-004578,toctoc,La Reina,Metropolitana,21.89,UF,54.8,2024-11-09 00:00:00.000000,2024-11-29 00:00:00.000000,departamento,ARRIENDO,owner_direct
TT-2024-11-002414,toctoc,Las Condes,Metropolitana,810000.0,CLP,45.4,2024-10-23 00:00:00.000000,2024-11-15 00:00:00.000000,departamento,arriendo,agency
TT-2024-11-003126,toctoc,San Miguel,Metropolitana,11.62,UF,24.1,2024-09-29 00:00:00.000000,2024-11-15 00:00:00.000000,Departamento,arriendo,owner_direct
TT-2024-11-005148,toctoc,Recoleta,Metropolitana,15.54,UF,47.1,2024-11-16 00:00:00.000000,2024-11-29 00:00:00.000000,DEPARTAMENTO,arriendo,agency
TT-2024-11-003164,toctoc,Providencia,Metropolitana,27.57,UF,43.8,2024-11-09 00:00:00.000000,2024-11-15 00:00:00.000000,Departamento,arriendo,
TT-2024-11-000908,toctoc,Recoleta,Metropolitana,10.54,UF,30.9,2024-10-22 00:00:00.000000,2024-11-01 00:00:00.000000,departamento,ARRIENDO,agency
TT-2024-11-003973,toctoc,Santiago,Metropolitana,128.92,UF,37.6,2024-10-24 00:00:00.000000,2024-11-22 00:00:00.000000,DEPARTAMENTO,arriendo,agency
TT-2024-11-002044,toctoc,Lo Barnechea,Metropolitana,23.11,UF,43.4,2024-10-22 00:00:00.000000,2024-11-08 00:00:00.000000,DEPARTAMENTO,Arriendo,agency
TT-2024-11-003752,toctoc,Puente Alto,Metropolitana,470000.0,CLP,45.1,2024-11-18 00:00:00.000000,2024-11-22 00:00:00.000000,departamento,ARRIENDO,agency
TT-2024-11-002923,toctoc,Providencia,Metropolitana,43.11,UF,110.1,2024-10-14 00:00:00.000000,2024-11-15 00:00:00.000000,Departamento,ARRIENDO,agency
TT-2024-11-004602,toctoc,Providencia,Metropolitana,26.89,UF,47.1,2024-11-08 00:00:00.000000,2024-11-29 00:00:00.000000,DEPARTAMENTO,arriendo,owner_direct
TT-2024-11-003237,toctoc,Las Condes,Metropolitana,1040000.0,CLP,56.7,2024-11-06 00:00:00.000000,2024-11-15 00:00:00.000000,departamento,Arriendo,owner_direct
TT-2024-11-003418,toctoc,Estación Central,Metropolitana,480000.0,CLP,45.0,2024-09-23 00:00:00.000000,2024-11-22 00:00:00.000000,departamento,ARRIENDO,agency
TT-2024-11-000960,toctoc,Santiago,Metropolitana,645000.0,CLP,50.2,2024-10-10 00:00:00.000000,2024-11-01 00:00:00.000000,DEPARTAMENTO,Arriendo,agency
TT-2024-11-000078,toctoc,Santiago,Metropolitana,16.35,UF,42.8,2024-09-04 00:00:00.000000,2024-11-01 00:00:00.000000,Departamento,ARRIENDO,agency
TT-2024-11-003286,toctoc,Quinta Normal,Metropolitana,605000.0,CLP,41.6,2024-10-07 00:00:00.000000,2024-11-15 00:00:00.000000,departamento,ARRIENDO,agency
TT-2024-11-003594,toctoc,Ñuñoa,Metropolitana,16.35,UF,20.2,2024-10-22 00:00:00.000000,2024-11-22 00:00:00.000000,Departamento,arriendo,owner_direct
TT-2024-11-005012,toctoc,La Cisterna,Metropolitana,16.89,UF,60.8,2024-10-31 00:00:00.000000,2024-11-29 00:00:00.000000,Departamento,Arriendo,
TT-2024-11-000457,toctoc,Puente Alto,Metropolitana,495000.0,CLP,49.2,2024-10-16 00:00:00.000000,2024-11-01 00:00:00.000000,DEPARTAMENTO,arriendo,agency
TT-2024-11-002250,toctoc,INDEPENDENCIA,Metropolitana,735000.0,CLP,74.2,2024-09-13 00:00:00.000000,2024-11-15 00:00:00.000000,Departamento,ARRIENDO,agency
TT-2024-11-004972,toctoc,Puente Alto,Metropolitana,12.57,UF,37.8,2024-10-29 00:00:00.000000,2024-11-29 00:00:00.000000,Departamento,arriendo,agency
TT-2024-11-005410,toctoc,Lo Barnechea,Metropolitana,840000.0,CLP,46.0,2024-11-10 00:00:00.000000,2024-11-29 00:00:00.000000,Departamento,ARRIENDO,agency
TT-2024-11-004002,toctoc,Recoleta,Metropolitana,13.78,UF,35.8,2024-10-01 00:00:00.000000,2024-11-22 00:00:00.000000,Departamento,ARRIENDO,owner_direct
TT-2024-11-001996,toctoc,Peñalolén,Metropolitana,15.27,UF,45.1,2024-10-31 00:00:00.000000,2024-11-08 00:00:00.000000,Departamento,ARRIENDO,agency
TT-2024-11-004091,toctoc,Conchalí,Metropolitana,12.7,UF,45.9,2024-08-01 00:00:00.000000,2024-11-22 00:00:00.000000,DEPARTAMENTO,ARRIENDO,owner_direct
TT-2024-11-002571,toctoc,santiago,Metropolitana,15.0,UF,46.8,2024-11-06 00:00:00.000000,2024-11-15 00:00:00.000000,Departamento,Arriendo,agency
TT-2024-11-005183,toctoc,Providencia,Metropolitana,885000.0,CLP,35.9,2024-11-24 00:00:00.000000,2024-11-29 00:00:00.000000,Departamento,arriendo,owner_direct
TT-2024-11-000925,toctoc,Ñuñoa,Metropolitana,20.14,UF,51.3,2024-06-21 00:00:00.000000,2024-11-01 00:00:00.000000,departamento,ARRIENDO,agency
TT-2024-11-005285,toctoc,Recoleta,Metropolitana,450000.0,CLP,35.2,2024-11-17 00:00:00.000000,2024-11-29 00:00:00.000000,departamento,arriendo,owner_direct
TT-2024-11-000616,toctoc,La Florida,Metropolitana,14.32,UF,46.1,2024-09-30 00:00:00.000000,2024-11-01 00:00:00.000000,departamento,Arriendo,agency
TT-2024-11-002888,toctoc,Santiago,Metropolitana,20.81,UF,67.1,2024-10-13 00:00:00.000000,2024-11-15 00:00:00.000000,departamento,arriendo,agency
TT-2024-11-001894,toctoc,Recoleta,Metropolitana,425000.0,CLP,34.9,2024-10-10 00:00:00.000000,2024-11-08 00:00:00.000000,Departamento,Arriendo,owner_direct
TT-2024-11-000014,toctoc,Providencia,Metropolitana,1170000.0,CLP,63.1,2024-09-22 00:00:00.000000,2024-11-01 00:00:00.000000,departamento,ARRIENDO,agency
TT-2024-11-002274,toctoc,Providencia,Metropolitana,2020000.0,CLP,121.3,2024-09-23 00:00:00.000000,2024-11-15 00:00:00.000000,departamento,Arriendo,agency
TT-2024-11-004010,toctoc,Conchalí,Metropolitana,10.81,UF,34.8,2024-11-07 00:00:00.000000,2024-11-22 00:00:00.000000,departamento,ARRIENDO,agency
TT-2024-11-004561,toctoc,Providencia,Metropolitana,1345000.0,CLP,52.7,2024-07-15 00:00:00.000000,2024-11-29 00:00:00.000000,departamento,arriendo,agency
TT-2024-11-000953,toctoc,Puente Alto,Metropolitana,585000.0,CLP,70.3,2024-10-28 00:00:00.000000,2024-11-01 00:00:00.000000,Departamento,arriendo,agency
TT-2024-11-004386,toctoc,Providencia,Metropolitana,20.68,UF,29.2,2024-11-20 00:00:00.000000,2024-11-29 00:00:00.000000,DEPARTAMENTO,Arriendo,agency
TT-2024-11-004904,toctoc,San Miguel,Metropolitana,16.49,UF,43.2,2024-10-31 00:00:00.000000,2024-11-29 00:00:00.000000,DEPARTAMENTO,ARRIENDO,owner_direct
TT-2024-11-001672,toctoc,Recoleta,Metropolitana,1610000.0,CLP,250.0,2024-10-21 00:00:00.000000,2024-11-08 00:00:00.000000,departamento,ARRIENDO,owner_direct
TT-2024-11-005202,toctoc,Macul,Metropolitana,645000.0,CLP,41.9,2024-11-15 00:00:00.000000,2024-11-29 00:00:00.000000,DEPARTAMENTO,arriendo,
TT-2024-11-000734,toctoc,La Reina,Metropolitana,22.43,UF,56.2,2024-10-17 00:00:00.000000,2024-11-01 00:00:00.000000,Departamento,arriendo,owner_direct
TT-2024-11-002677,toctoc,Las Condes,Metropolitana,30.14,UF,45.2,2024-11-03 00:00:00.000000,2024-11-15 00:00:00.000000,Departamento,Arriendo,agency
TT-2024-11-004942,toctoc,Providencia,Metropolitana,735000.0,CLP,31.2,2024-10-28 00:00:00.000000,2024-11-29 00:00:00.000000,DEPARTAMENTO,arriendo,agency
TT-2024-11-003953,toctoc,Las Condes,Metropolitana,1330000.0,CLP,68.6,2024-10-27 00:00:00.000000,2024-11-22 00:00:00.000000,departamento,Arriendo,owner_direct
TT-2024-11-000928,toctoc,Maipú,Metropolitana,11.76,UF,35.6,2024-10-28 00:00:00.000000,2024-11-01 00:00:00.000000,departamento,Arriendo,agency
TT-2024-11-001735,toctoc,La Florida,Metropolitana,820000.0,CLP,76.8,2024-09-20 00:00:00.000000,2024-11-08 00:00:00.000000,departamento,ARRIENDO,agency
TT-2024-11-004550,toctoc,San Joaquín,Metropolitana,268.38,UF,135.6,2024-11-10 00:00:00.000000,2024-11-29 00:00:00.000000,departamento,arriendo,agency
TT-2024-11-001043,toctoc,Recoleta,Metropolitana,580000.0,CLP,51.5,2024-10-06 00:00:00.000000,2024-11-01 00:00:00.000000,departamento,ARRIENDO,agency
TT-2024-11-004732,toctoc,Huechuraba,Metropolitana,930000.0,CLP,71.4,2024-10-22 00:00:00.000000,2024-11-29 00:00:00.000000,departamento,ARRIENDO,agency
TT-2024-11-001623,toctoc,Macul,Metropolitana,675000.0,CLP,66.9,2024-05-14 00:00:00.000000,2024-11-08 00:00:00.000000,Departamento,arriendo,agency
TT-2024-11-004709,toctoc,Puente Alto,Metropolitana,500000.0,CLP,43.5,2024-11-01 00:00:00.000000,2024-11-29 00:00:00.000000,DEPARTAMENTO,Arriendo,owner_direct
TT-2024-11-004029,toctoc,La Florida,Metropolitana,19.73,UF,80.6,2024-11-13 00:00:00.000000,2024-11-22 00:00:00.000000,departamento,Arriendo,agency
TT-2024-11-004043,toctoc,Santiago,Metropolitana,580000.0,CLP,37.2,2024-07-23 00:00:00.000000,2024-11-22 00:00:00.000000,departamento,arriendo,owner_direct
TT-2024-11-002362,toctoc,Estación Central,Metropolitana,565000.0,CLP,60.7,2024-05-30 00:00:00.000000,2024-11-15 00:00:00.000000,DEPARTAMENTO,Arriendo,owner_direct
TT-2024-11-002189,toctoc,Independencia,Metropolitana,385000.0,CLP,22.3,2024-09-13 00:00:00.000000,2024-11-15 00:00:00.000000,Departamento,ARRIENDO,owner_direct
TT-2024-11-000163,toctoc,Maipú,Metropolitana,435000.0,CLP,47.5,2024-10-10 00:00:00.000000,2024-11-01 00:00:00.000000,departamento,Arriendo,
TT-2024-11-002654,toctoc,Recoleta,Metropolitana,585000.0,CLP,62.6,2024-09-10 00:00:00.000000,2024-11-15 00:00:00.000000,departamento,ARRIENDO,owner_direct
TT-2024-11-001124,toctoc,Lo Barnechea,Metropolitana,22.03,UF,41.5,2024-10-09 00:00:00.000000,2024-11-01 00:00:00.000000,Departamento,Arriendo,owner_direct
TT-2024-11-001813,toctoc,Independencia,Metropolitana,560000.0,CLP,53.3,2024-11-04 00:00:00.000000,2024-11-08 00:00:00.000000,departamento,Arriendo,agency
TT-2024-11-001405,toctoc,Estación Central,Metropolitana,12.7,UF,36.7,2024-10-06 00:00:00.000000,2024-11-08 00:00:00.000000,Departamento,ARRIENDO,agency
TT-2024-11-001107,toctoc,Quilicura,Metropolitana,16.62,UF,61.0,2024-10-08 00:00:00.000000,2024-11-01 00:00:00.000000,departamento,ARRIENDO,agency
TT-2024-11-001794,toctoc,La Florida,Metropolitana,11.35,UF,29.4,2024-10-20 00:00:00.000000,2024-11-08 00:00:00.000000,Departamento,arriendo,owner_direct
TT-2024-11-004906,toctoc,Providencia,Metropolitana,26.62,UF,54.3,2024-11-17 00:00:00.000000,2024-11-29 00:00:00.000000,DEPARTAMENTO,arriendo,agency
TT-2024-11-003638,toctoc,san joaquín,Metropolitana,10.68,UF,32.0,2024-05-22 00:00:00.000000,2024-11-22 00:00:00.000000,DEPARTAMENTO,ARRIENDO,agency
TT-2024-11-001078,toctoc,Conchalí,Metropolitana,12.3,UF,45.2,2024-10-13 00:00:00.000000,2024-11-01 00:00:00.000000,Departamento,Arriendo,agency
TT-2024-11-004060,toctoc,Las Condes,Metropolitana,46.62,UF,139.4,2024-11-08 00:00:00.000000,2024-11-22 00:00:00.000000,departamento,ARRIENDO,agency
TT-2024-11-003659,toctoc,Peñalolén,Metropolitana,13.51,UF,34.3,2024-11-11 00:00:00.000000,2024-11-22 00:00:00.000000,departamento,arriendo,agency
TT-2024-11-003025,toctoc,Maipú,Metropolitana,480000.0,CLP,45.7,2024-08-10 00:00:00.000000,2024-11-15 00:00:00.000000,departamento,Arriendo,agency
TT-2024-11-002021,toctoc,Lo Barnechea,Metropolitana,28.92,UF,45.0,2024-10-29 00:00:00.000000,2024-11-08 00:00:00.000000,departamento,ARRIENDO,agency
TT-2024-11-001560,toctoc,Providencia,Metropolitana,33.65,UF,75.9,2024-09-30 00:00:00.000000,2024-11-08 00:00:00.000000,departamento,Arriendo,agency
TT-2024-11-005402,toctoc,Renca,Metropolitana,11.35,UF,43.6,2024-10-31 00:00:00.000000,2024-11-29 00:00:00.000000,DEPARTAMENTO,Arriendo,owner_direct
TT-2024-11-005104,toctoc,Macul,Metropolitana,20.0,UF,60.4,2024-10-22 00:00:00.000000,2024-11-29 00:00:00.000000,Departamento,ARRIENDO,agency
TT-2024-11-001419,toctoc,Cerrillos,Metropolitana,17.3,UF,74.0,2024-10-05 00:00:00.000000,2024-11-08 00:00:00.000000,DEPARTAMENTO,arriendo,agency
TT-2024-11-002432,toctoc,Lo Barnechea,Metropolitana,885000.0,CLP,48.1,2024-10-17 00:00:00.000000,2024-11-15 00:00:00.000000,DEPARTAMENTO,ARRIENDO,agency
TT-2024-11-002760,toctoc,La Florida,Metropolitana,475000.0,CLP,29.9,2024-09-22 00:00:00.000000,2024-11-15 00:00:00.000000,departamento,arriendo,agency
TT-2024-11-000046,toctoc,San Joaquín,Metropolitana,350000.0,CLP,22.8,2024-10-20 00:00:00.000000,2024-11-01 00:00:00.000000,Departamento,ARRIENDO,owner_direct
TT-2024-11-002501,toctoc,Independencia,Metropolitana,555000.0,CLP,55.6,2024-10-18 00:00:00.000000,2024-11-15 00:00:00.000000,DEPARTAMENTO,ARRIENDO,agency
TT-2024-11-002833,toctoc,Santiago,Metropolitana,15.14,UF,58.1,2024-11-06 00:00:00.000000,2024-11-15 00:00:00.000000,Departamento,ARRIENDO,owner_direct
TT-2024-11-004699,toctoc,Maipú,Metropolitana,510000.0,CLP,57.4,2024-10-09 00:00:00.000000,2024-11-29 00:00:00.000000,DEPARTAMENTO,arriendo,agency
TT-2024-11-002537,toctoc,San Miguel,Metropolitana,18.38,UF,63.7,2024-10-28 00:00:00.000000,2024-11-15 00:00:00.000000,DEPARTAMENTO,ARRIENDO,agency
TT-2024-11-000249,toctoc,Providencia,Metropolitana,905000.0,CLP,39.8,2024-10-18 00:00:00.000000,2024-11-01 00:00:00.000000,Departamento,Arriendo,owner_direct
TT-2024-11-005375,toctoc,Estación Central,Metropolitana,13.92,UF,35.5,2024-10-18 00:00:00.000000,2024-11-29 00:00:00.000000,departamento,arriendo,agency
TT-2024-11-001110,toctoc,Providencia,Metropolitana,1175000.0,CLP,71.4,2024-10-18 00:00:00.000000,2024-11-01 00:00:00.000000,Departamento,Arriendo,agency
TT-2024-11-002922,toctoc,Santiago,Metropolitana,197.7,UF,49.5,2024-10-10 00:00:00.000000,2024-11-15 00:00:00.000000,DEPARTAMENTO,Arriendo,agency
TT-2024-11-001625,toctoc,Ñuñoa,Metropolitana,720000.0,CLP,39.3,2024-06-03 00:00:00.000000,2024-11-08 00:00:00.000000,departamento,Arriendo,agency
TT-2024-11-002603,toctoc,San Miguel,Metropolitana,650000.0,CLP,52.4,2024-07-25 00:00:00.000000,2024-11-15 00:00:00.000000,departamento,arriendo,owner_direct
TT-2024-11-002008,toctoc,La Florida,Metropolitana,12.84,UF,36.9,2024-09-30 00:00:00.000000,2024-11-08 00:00:00.000000,departamento,arriendo,agency
TT-2024-11-000315,toctoc,San Joaquín,Metropolitana,14.86,UF,50.6,2024-09-13 00:00:00.000000,2024-11-01 00:00:00.000000,departamento,ARRIENDO,agency
TT-2024-11-003089,toctoc,Huechuraba,Metropolitana,12.16,UF,35.4,2024-11-12 00:00:00.000000,2024-11-15 00:00:00.000000,departamento,arriendo,agency
TT-2024-11-005365,toctoc,Vitacura,Metropolitana,46.49,UF,79.1,2024-10-22 00:00:00.000000,2024-11-29 00:00:00.000000,DEPARTAMENTO,arriendo,owner_direct
TT-2024-11-000521,toctoc,Macul,Metropolitana,720000.0,CLP,69.8,2024-09-20 00:00:00.000000,2024-11-01 00:00:00.000000,departamento,arriendo,owner_direct
TT-2024-11-004960,toctoc,Vitacura,Metropolitana,27.84,UF,41.8,2024-11-03 00:00:00.000000,2024-11-29 00:00:00.000000,DEPARTAMENTO,Arriendo,agency
TT-2024-11-001919,toctoc,Puente Alto,Metropolitana,600000.0,CLP,49.9,2024-08-31 00:00:00.000000,2024-11-08 00:00:00.000000,departamento,ARRIENDO,agency
TT-2024-11-003385,toctoc,Las Condes,Metropolitana,26.62,UF,59.1,2024-09-09 00:00:00.000000,2024-11-22 00:00:00.000000,Departamento,ARRIENDO,agency
TT-2024-11-000612,toctoc,Estación Central,Metropolitana,12.43,UF,39.3,2024-10-01 00:00:00.000000,2024-11-01 00:00:00.000000,Departamento,arriendo,agency
TT-2024-11-001421,toctoc,Las Condes,Metropolitana,1070000.0,CLP,41.3,2024-10-30 00:00:00.000000,2024-11-08 00:00:00.000000,Departamento,arriendo,agency
TT-2024-11-003928,toctoc,Quinta Normal,Metropolitana,17.97,UF,71.5,2024-11-03 00:00:00.000000,2024-11-22 00:00:00.000000,departamento,ARRIENDO,owner_direct
TT-2024-11-005059,toctoc,Puente Alto,Metropolitana,9.46,UF,23.7,2024-10-19 00:00:00.000000,2024-11-29 00:00:00.000000,Departamento,Arriendo,owner_direct
TT-2024-11-001805,toctoc,Recoleta,Metropolitana,13.92,UF,41.9,2024-10-05 00:00:00.000000,2024-11-08 00:00:00.000000,DEPARTAMENTO,ARRIENDO,agency
TT-2024-11-004848,toctoc,Providencia,Metropolitana,35.27,UF,75.7,2024-10-24 00:00:00.000000,2024-11-29 00:00:00.000000,Departamento,Arriendo,agency
TT-2024-11-005004,toctoc,Maipú,Metropolitana,415000.0,CLP,35.4,2024-06-06 00:00:00.000000,2024-11-29 00:00:00.000000,Departamento,Arriendo,agency
TT-2024-11-000185,toctoc,Providencia,Metropolitana,26.89,UF,53.3,2024-09-19 00:00:00.000000,2024-11-01 00:00:00.000000,departamento,Arriendo,owner_direct
TT-2024-11-002289,toctoc,Santiago,Metropolitana,20.27,UF,59.5,2024-10-17 00:00:00.000000,2024-11-15 00:00:00.000000,DEPARTAMENTO,ARRIENDO,owner_direct
TT-2024-11-002506,toctoc,La Reina,Metropolitana,27.03,UF,73.2,2024-11-09 00:00:00.000000,2024-11-15 00:00:00.000000,departamento,arriendo,owner_direct
TT-2024-11-000320,toctoc,Recoleta,Metropolitana,10.27,UF,10.0,2024-10-06 00:00:00.000000,2024-11-01 00:00:00.000000,Departamento,arriendo,agency
TT-2024-11-004482,toctoc,Ñuñoa,Metropolitana,25.14,UF,70.8,2024-11-12 00:00:00.000000,2024-11-29 00:00:00.000000,Departamento,ARRIENDO,agency
TT-2024-11-003545,toctoc,Estación Central,Metropolitana,1055000.0,CLP,118.6,2024-11-07 00:00:00.000000,2024-11-22 00:00:00.000000,DEPARTAMENTO,ARRIENDO,agency
TT-2024-11-001554,toctoc,Estación Central,Metropolitana,420000.0,CLP,44.0,2024-09-01 00:00:00.000000,2024-11-08 00:00:00.000000,Departamento,arriendo,agency
TT-2024-11-000651,toctoc,Las Condes,Metropolitana,1060000.0,CLP,53.5,2024-10-21 00:00:00.000000,2024-11-01 00:00:00.000000,DEPARTAMENTO,ARRIENDO,owner_direct
TT-2024-11-003731,toctoc,Recoleta,Metropolitana,14.59,UF,51.2,2024-10-31 00:00:00.000000,2024-11-22 00:00:00.000000,DEPARTAMENTO,arriendo,agency
TT-2024-11-001370,toctoc,Independencia,Metropolitana,11.62,UF,25.9,2024-10-29 00:00:00.000000,2024-11-08 00:00:00.000000,departamento,arriendo,owner_direct
TT-2024-11-001618,toctoc,Peñalolén,Metropolitana,18.38,UF,63.1,2024-06-20 00:00:00.000000,2024-11-08 00:00:00.000000,DEPARTAMENTO,ARRIENDO,agency
TT-2024-11-002526,toctoc,Ñuñoa,Metropolitana,690000.0,CLP,48.2,2024-10-13 00:00:00.000000,2024-11-15 00:00:00.000000,DEPARTAMENTO,arriendo,agency
TT-2024-11-004156,toctoc,Estación Central,Metropolitana,11.62,UF,52.4,2024-10-16 00:00:00.000000,2024-11-22 00:00:00.000000,Departamento,Arriendo,agency
TT-2024-11-005301,toctoc,Conchalí,Metropolitana,20.41,UF,90.3,2024-11-17 00:00:00.000000,2024-11-29 00:00:00.000000,Departamento,Arriendo,agency
TT-2024-11-004741,toctoc,Quinta Normal,Metropolitana,17.84,UF,66.5,2024-11-06 00:00:00.000000,2024-11-29 00:00:00.000000,Departamento,arriendo,agency
TT-2024-11-003511,toctoc,Ñuñoa,Metropolitana,1210000.0,CLP,83.2,2024-11-08 00:00:00.000000,2024-11-22 00:00:00.000000,DEPARTAMENTO,arriendo,owner_direct
TT-2024-11-004729,toctoc,San Miguel,Metropolitana,605000.0,CLP,37.4,2024-09-14 00:00:00.000000,2024-11-29 00:00:00.000000,Departamento,Arriendo,agency
TT-2024-11-001474,toctoc,La Reina,Metropolitana,20.14,UF,41.7,2024-10-21 00:00:00.000000,2024-11-08 00:00:00.000000,Departamento,arriendo,owner_direct
TT-2024-11-002662,toctoc,Ñuñoa,Metropolitana,6480000.0,CLP,41.2,2024-10-28 00:00:00.000000,2024-11-15 00:00:00.000000,Departamento,ARRIENDO,agency
TT-2024-11-004455,toctoc,Las Condes,Metropolitana,48.38,UF,95.4,2024-11-11 00:00:00.000000,2024-11-29 00:00:00.000000,DEPARTAMENTO,ARRIENDO,agency
TT-2024-11-001710,toctoc,Ñuñoa,Metropolitana,19.46,UF,44.0,2024-09-28 00:00:00.000000,2024-11-08 00:00:00.000000,departamento,Arriendo,agency
TT-2024-11-000815,toctoc,Providencia,Metropolitana,19.46,UF,29.7,2024-10-23 00:00:00.000000,2024-11-01 00:00:00.000000,Departamento,Arriendo,owner_direct
TT-2024-11-001010,toctoc,Maipú,Metropolitana,12.97,UF,41.1,2024-10-12 00:00:00.000000,2024-11-01 00:00:00.000000,Departamento,Arriendo,agency
TT-2024-11-001326,toctoc,Estación Central,Metropolitana,10.95,UF,34.9,2024-10-03 00:00:00.000000,2024-11-08 00:00:00.000000,departamento,ARRIENDO,owner_direct
TT-2024-11-001189,toctoc,Independencia,Metropolitana,25.68,UF,87.1,2024-09-18 00:00:00.000000,2024-11-01 00:00:00.000000,departamento,ARRIENDO,owner_direct
TT-2024-11-001343,toctoc,Estación Central,Metropolitana,19.73,UF,68.7,2024-07-10 00:00:00.000000,2024-11-08 00:00:00.000000,departamento,arriendo,agency
TT-2024-11-002486,toctoc,Macul,Metropolitana,18.24,UF,42.3,2024-10-24 00:00:00.000000,2024-11-15 00:00:00.000000,departamento,ARRIENDO,agency
TT-2024-11-002396,toctoc,La Florida,Metropolitana,16.49,UF,71.9,2024-09-27 00:00:00.000000,2024-11-15 00:00:00.000000,departamento,Arriendo,agency
TT-2024-11-004824,toctoc,Puente Alto,Metropolitana,17.57,UF,80.5,2024-11-14 00:00:00.000000,2024-11-29 00:00:00.000000,DEPARTAMENTO,arriendo,owner_direct
TT-2024-11-000114,toctoc,Ñuñoa,Metropolitana,16.89,UF,34.1,2024-10-17 00:00:00.000000,2024-11-01 00:00:00.000000,DEPARTAMENTO,ARRIENDO,agency
TT-2024-11-001600,toctoc,Maipú,Metropolitana,360000.0,CLP,22.7,2024-10-14 00:00:00.000000,2024-11-08 00:00:00.000000,DEPARTAMENTO,Arriendo,agency
TT-2024-11-004572,toctoc,San Miguel ,Metropolitana,610000.0,CLP,43.2,2024-11-22 00:00:00.000000,2024-11-29 00:00:00.000000,departamento,ARRIENDO,owner_direct
TT-2024-11-001929,toctoc,Santiago,Metropolitana,22.03,UF,61.7,2024-10-14 00:00:00.000000,2024-11-08 00:00:00.000000,Departamento,arriendo,
TT-2024-11-005460,toctoc,Ñuñoa,Metropolitana,21.76,UF,53.4,2024-10-24 00:00:00.000000,2024-11-29 00:00:00.000000,DEPARTAMENTO,arriendo,owner_direct
TT-2024-11-001106,toctoc, San Joaquín,Metropolitana,520000.0,CLP,38.4,2024-10-23 00:00:00.000000,2024-11-01 00:00:00.000000,departamento,Arriendo,agency
TT-2024-11-001583,toctoc,Conchalí,Metropolitana,480000.0,CLP,50.2,2024-10-21 00:00:00.000000,2024-11-08 00:00:00.000000,Departamento,arriendo,agency
TT-2024-11-002320,toctoc,Conchalí,Metropolitana,12.7,UF,47.9,2024-11-06 00:00:00.000000,2024-11-15 00:00:00.000000,departamento,Arriendo,agency
TT-2024-11-001260,toctoc,Macul,Metropolitana,17.16,UF,69.4,2024-10-27 00:00:00.000000,2024-11-08 00:00:00.000000,DEPARTAMENTO,ARRIENDO,owner_direct
TT-2024-11-005038,toctoc,Estación Central,Metropolitana,11.22,UF,41.3,2024-11-24 00:00:00.000000,2024-11-29 00:00:00.000000,departamento,arriendo,agency
TT-2024-11-001979,toctoc, Estación Central,Metropolitana,15.27,UF,48.6,2024-10-30 00:00:00.000000,2024-11-08 00:00:00.000000,Departamento,Arriendo,owner_direct
TT-2024-11-001713,toctoc,Macul,Metropolitana,18.24,UF,55.1,2024-11-01 00:00:00.000000,2024-11-08 00:00:00.000000,DEPARTAMENTO,Arriendo,agency
TT-2024-11-002825,toctoc,CERRILLOS,Metropolitana,11.08,UF,29.2,2024-10-23 00:00:00.000000,2024-11-15 00:00:00.000000,Departamento,ARRIENDO,agency
TT-2024-11-003957,toctoc,Lo Barnechea,Metropolitana,26.62,UF,58.4,2024-11-02 00:00:00.000000,2024-11-22 00:00:00.000000,Departamento,ARRIENDO,agency
TT-2024-11-002712,toctoc,Santiago,Metropolitana,675000.0,CLP,58.8,2024-10-20 00:00:00.000000,2024-11-15 00:00:00.000000,departamento,ARRIENDO,agency
TT-2024-11-004584,toctoc,Las Condes,Metropolitana,1055000.0,CLP,53.2,2024-11-08 00:00:00.000000,2024-11-29 00:00:00.000000,Departamento,Arriendo,agency
TT-2024-11-002352,toctoc,Santiago,Metropolitana,35.54,UF,121.1,2024-10-17 00:00:00.000000,2024-11-15 00:00:00.000000,departamento,Arriendo,owner_direct
TT-2024-11-001261,toctoc,Providencia,Metropolitana,42.3,UF,92.4,2024-10-03 00:00:00.000000,2024-11-08 00:00:00.000000,departamento,arriendo,agency
TT-2024-11-001545,toctoc,Quinta Normal,Metropolitana,21.89,UF,99.5,2024-10-22 00:00:00.000000,2024-11-08 00:00:00.000000,DEPARTAMENTO,Arriendo,owner_direct
TT-2024-11-003360,toctoc,Macul,Metropolitana,22.57,UF,88.2,2024-10-23 00:00:00.000000,2024-11-15 00:00:00.000000,Departamento,Arriendo,agency
TT-2024-11-004097,toctoc,Santiago,Metropolitana,17.43,UF,54.3,2024-10-26 00:00:00.000000,2024-11-22 00:00:00.000000,departamento,ARRIENDO,agency
TT-2024-11-001310,toctoc,MACUL,Metropolitana,12.43,UF,27.9,2024-10-13 00:00:00.000000,2024-11-08 00:00:00.000000,Departamento,arriendo,agency
TT-2024-11-005284,toctoc,Santiago,Metropolitana,25.41,UF,88.6,2024-11-10 00:00:00.000000,2024-11-29 00:00:00.000000,DEPARTAMENTO,ARRIENDO,
TT-2024-11-003005,toctoc,Estación Central,Metropolitana,740000.0,CLP,76.6,2024-11-08 00:00:00.000000,2024-11-15 00:00:00.000000,departamento,ARRIENDO,agency
TT-2024-11-004289,toctoc,Santiago,Metropolitana,12.43,UF,33.2,2024-11-24 00:00:00.000000,2024-11-29 00:00:00.000000,Departamento,arriendo,agency
TT-2024-11-004356,toctoc,San Miguel,Metropolitana,12.57,UF,30.5,2024-11-10 00:00:00.000000,2024-11-29 00:00:00.000000,DEPARTAMENTO,ARRIENDO,owner_direct
TT-2024-11-003026,toctoc,Peñalolén,Metropolitana,510000.0,CLP,32.9,2024-10-08 00:00:00.000000,2024-11-15 00:00:00.000000,DEPARTAMENTO,arriendo,agency
TT-2024-11-004330,toctoc,Ñuñoa,Metropolitana,680000.0,CLP,36.6,2024-10-22 00:00:00.000000,2024-11-29 00:00:00.000000,DEPARTAMENTO,Arriendo,owner_direct
TT-2024-11-003441,toctoc,Macul,Metropolitana,1040000.0,CLP,93.0,2024-11-07 00:00:00.000000,2024-11-22 00:00:00.000000,departamento,ARRIENDO,agency
TT-2024-11-002823,toctoc,Peñalolén,Metropolitana,13.38,UF,40.3,2024-04-25 00:00:00.000000,2024-11-15 00:00:00.000000,Departamento,arriendo,owner_direct
TT-2024-11-002921,toctoc,La Cisterna,Metropolitana,505000.0,CLP,43.1,2024-05-30 00:00:00.000000,2024-11-15 00:00:00.000000,DEPARTAMENTO,ARRIENDO,owner_direct
TT-2024-11-003210,toctoc,Santiago,Metropolitana,20.14,UF,69.3,2024-11-08 00:00:00.000000,2024-11-15 00:00:00.000000,Departamento,arriendo,agency
TT-2024-11-004377,toctoc,Cerrillos,Metropolitana,16.62,UF,47.5,2024-10-31 00:00:00.000000,2024-11-29 00:00:00.000000,Departamento,ARRIENDO,agency
TT-2024-11-004641,toctoc,Peñalolén,Metropolitana,13.78,UF,42.1,2024-10-27 00:00:00.000000,2024-11-29 00:00:00.000000,departamento,ARRIENDO,agency
TT-2024-11-003913,toctoc,Las Condes,Metropolitana,1830000.0,CLP,105.1,2024-11-02 00:00:00.000000,2024-11-22 00:00:00.000000,departamento,Arriendo,agency
TT-2024-11-001122,toctoc,Ñuñoa,Metropolitana,26.08,UF,80.8,2024-10-11 00:00:00.000000,2024-11-01 00:00:00.000000,DEPARTAMENTO,Arriendo,agency
TT-2024-11-001263,toctoc,Macul,Metropolitana,16.35,UF,40.2,2024-11-06 00:00:00.000000,2024-11-08 00:00:00.000000,DEPARTAMENTO,Arriendo,owner_direct
TT-2024-11-002137,toctoc,Estación Central,Metropolitana,770000.0,CLP,77.6,2024-10-14 00:00:00.000000,2024-11-08 00:00:00.000000,departamento,ARRIENDO,agency
TT-2024-11-005362,toctoc,La Cisterna,Metropolitana,20.14,UF,76.9,2024-10-29 00:00:00.000000,2024-11-29 00:00:00.000000,departamento,arriendo,agency
TT-2024-11-003803,toctoc,Quilicura,Metropolitana,470000.0,CLP,47.9,2024-10-18 00:00:00.000000,2024-11-22 00:00:00.000000,Departamento,ARRIENDO,agency
TT-2024-11-001415,toctoc,Ñuñoa,Metropolitana,23.65,UF,47.8,2024-05-29 00:00:00.000000,2024-11-08 00:00:00.000000,Departamento,Arriendo,agency
TT-2024-11-002377,toctoc,Macul,Metropolitana,595000.0,CLP,49.1,2024-11-14 00:00:00.000000,2024-11-15 00:00:00.000000,DEPARTAMENTO,arriendo,owner_direct
TT-2024-11-004682,toctoc,La Florida,Metropolitana,400000.0,CLP,26.9,2024-10-27 00:00:00.000000,2024-11-29 00:00:00.000000,departamento,Arriendo,owner_direct
TT-2024-11-004712,toctoc,Quinta Normal,Metropolitana,17.03,UF,78.5,2024-11-15 00:00:00.000000,2024-11-29 00:00:00.000000,Departamento,arriendo,owner_direct
TT-2024-11-000132,toctoc,Providencia,Metropolitana,28.51,UF,49.0,2024-10-04 00:00:00.000000,2024-11-01 00:00:00.000000,DEPARTAMENTO,ARRIENDO,agency
TT-2024-11-002724,toctoc,Huechuraba,Metropolitana,16.89,UF,50.8,2024-09-09 00:00:00.000000,2024-11-15 00:00:00.000000,departamento,arriendo,agency
TT-2024-11-004974,toctoc,Santiago,Metropolitana,19.05,UF,61.2,2024-10-16 00:00:00.000000,2024-11-29 00:00:00.000000,Departamento,arriendo,agency
TT-2024-11-005028,toctoc,Ñuñoa,Metropolitana,830000.0,CLP,61.3,2024-05-12 00:00:00.000000,2024-11-29 00:00:00.000000,Departamento,ARRIENDO,agency
TT-2024-11-004465,toctoc,San Miguel,Metropolitana,16.62,UF,43.9,2024-10-30 00:00:00.000000,2024-11-29 00:00:00.000000,departamento,arriendo,owner_direct
TT-2024-11-004234,toctoc,Macul,Metropolitana,13.78,UF,45.8,2024-10-14 00:00:00.000000,2024-11-22 00:00:00.000000,departamento,ARRIENDO,owner_direct
TT-2024-11-003486,toctoc,Santiago,Metropolitana,14.73,UF,44.6,2024-08-28 00:00:00.000000,2024-11-22 00:00:00.000000,DEPARTAMENTO,arriendo,agency
TT-2024-11-000360,toctoc,Providencia,Metropolitana,35.68,UF,95.0,2024-10-08 00:00:00.000000,2024-11-01 00:00:00.000000,DEPARTAMENTO,ARRIENDO,agency
TT-2024-11-004153,toctoc,San Miguel,Metropolitana,13.92,UF,34.8,2024-10-02 00:00:00.000000,2024-11-22 00:00:00.000000,departamento,ARRIENDO,agency
TT-2024-11-003284,toctoc,La Florida,Metropolitana,15.14,UF,44.5,2024-10-14 00:00:00.000000,2024-11-15 00:00:00.000000,DEPARTAMENTO,Arriendo,agency
TT-2024-11-002699,toctoc,PEÑALOLÉN,Metropolitana,480000.0,CLP,36.0,2024-11-12 00:00:00.000000,2024-11-15 00:00:00.000000,Departamento,ARRIENDO,agency
TT-2024-11-001788,toctoc,Cerrillos,Metropolitana,570000.0,CLP,61.2,2024-10-25 00:00:00.000000,2024-11-08 00:00:00.000000,Departamento,Arriendo,agency
TT-2024-11-003819,toctoc,Providencia,Metropolitana,27.3,UF,62.5,2024-10-05 00:00:00.000000,2024-11-22 00:00:00.000000,Departamento,arriendo,agency
TT-2024-11-001819,toctoc,Puente Alto,Metropolitana,375000.0,CLP,23.5,2024-11-04 00:00:00.000000,2024-11-08 00:00:00.000000,DEPARTAMENTO,Arriendo,agency
TT-2024-11-004652,toctoc,Las Condes,Metropolitana,810000.0,CLP,29.5,2024-11-05 00:00:00.000000,2024-11-29 00:00:00.000000,departamento,arriendo,agency
TT-2024-11-000007,toctoc,Providencia,Metropolitana,870000.0,CLP,41.0,2024-10-23 00:00:00.000000,2024-11-01 00:00:00.000000,departamento,arriendo,agency
TT-2024-11-003650,toctoc,Santiago,Metropolitana,520000.0,CLP,46.4,2024-11-12 00:00:00.000000,2024-11-22 00:00:00.000000,departamento,Arriendo,agency
TT-2024-11-004937,toctoc,Maipú,Metropolitana,505000.0,CLP,40.7,2024-09-10 00:00:00.000000,2024-11-29 00:00:00.000000,DEPARTAMENTO,arriendo,agency
TT-2024-11-003187,toctoc,Macul,Metropolitana,615000.0,CLP,44.8,2024-10-27 00:00:00.000000,2024-11-15 00:00:00.000000,DEPARTAMENTO,Arriendo,agency
TT-2024-11-000450,toctoc,Quilicura,Metropolitana,15.41,UF,52.7,2024-10-10 00:00:00.000000,2024-11-01 00:00:00.000000,departamento,Arriendo,owner_direct
TT-2024-11-003947,toctoc,Independencia,Metropolitana,22.3,UF,94.8,2024-11-09 00:00:00.000000,2024-11-22 00:00:00.000000,DEPARTAMENTO,arriendo,owner_direct
TT-2024-11-002314,toctoc,San Miguel,Metropolitana,15.68,UF,49.2,2024-10-14 00:00:00.000000,2024-11-15 00:00:00.000000,DEPARTAMENTO,Arriendo,owner_direct
TT-2024-11-001442,toctoc,Cerrillos,Metropolitana,570000.0,CLP,60.7,2024-11-01 00:00:00.000000,2024-11-08 00:00:00.000000,Departamento,ARRIENDO,agency
TT-2024-11-004146,toctoc,La Reina,Metropolitana,740000.0,CLP,33.4,2024-07-15 00:00:00.000000,2024-11-22 00:00:00.000000,DEPARTAMENTO,ARRIENDO,agency
TT-2024-11-002176,toctoc,Independencia,Metropolitana,17.03,UF,60.4,2024-09-27 00:00:00.000000,2024-11-15 00:00:00.000000,departamento,ARRIENDO,agency
TT-2024-11-001287,toctoc,Santiago,Metropolitana,23.24,UF,72.7,2024-10-06 00:00:00.000000,2024-11-08 00:00:00.000000,Departamento,arriendo,
TT-2024-11-004740,toctoc,Peñalolén,Metropolitana,10.27,UF,27.7,2024-11-25 00:00:00.000000,2024-11-29 00:00:00.000000,DEPARTAMENTO,arriendo,agency
TT-2024-11-002436,toctoc,San Miguel,Metropolitana,685000.0,CLP,68.5,2024-11-01 00:00:00.000000,2024-11-15 00:00:00.000000,DEPARTAMENTO,ARRIENDO,owner_direct
TT-2024-11-000232,toctoc,Estación Central,Metropolitana,12.57,UF,48.0,2024-09-15 00:00:00.000000,2024-11-01 00:00:00.000000,Departamento,Arriendo,agency
TT-2024-11-004049,toctoc,Estación Central,Metropolitana,16.22,UF,52.6,2024-11-20 00:00:00.000000,2024-11-22 00:00:00.000000,Departamento,ARRIENDO,
TT-2024-11-002865,toctoc,Ñuñoa,Metropolitana,19.59,UF,34.3,2024-10-24 00:00:00.000000,2024-11-15 00:00:00.000000,departamento,ARRIENDO,owner_direct
TT-2024-11-005324,toctoc,Macul,Metropolitana,18.51,UF,52.1,2024-11-19 00:00:00.000000,2024-11-29 00:00:00.000000,DEPARTAMENTO,Arriendo,agency
TT-2024-11-001482,toctoc,Estación Central,Metropolitana,445000.0,CLP,38.2,2024-11-03 00:00:00.000000,2024-11-08 00:00:00.000000,departamento,Arriendo,owner_direct
TT-2024-11-004057,toctoc,La Cisterna,Metropolitana,560000.0,CLP,47.0,2024-11-19 00:00:00.000000,2024-11-22 00:00:00.000000,departamento,arriendo,owner_direct
TT-2024-11-000541,toctoc,Ñuñoa,Metropolitana,24.05,UF,63.3,2024-10-17 00:00:00.000000,2024-11-01 00:00:00.000000,departamento,arriendo,owner_direct
TT-2024-11-001680,toctoc,maipú,Metropolitana,13.65,UF,44.8,2024-10-29 00:00:00.000000,2024-11-08 00:00:00.000000,departamento,Arriendo,agency
TT-2024-11-001423,toctoc,Ñuñoa,Metropolitana,17.84,UF,51.9,2024-10-23 00:00:00.000000,2024-11-08 00:00:00.000000,DEPARTAMENTO,Arriendo,agency
TT-2024-11-004058,toctoc,Macul,Metropolitana,12.03,UF,30.3,2024-05-14 00:00:00.000000,2024-11-22 00:00:00.000000,departamento,ARRIENDO,agency
TT-2024-11-004977,toctoc,Santiago,Metropolitana,15.54,UF,37.9,2024-10-24 00:00:00.000000,2024-11-29 00:00:00.000000,DEPARTAMENTO,Arriendo,owner_direct
TT-2024-11-003865,toctoc,Estación Central,Metropolitana,12.84,UF,48.5,2024-11-14 00:00:00.000000,2024-11-22 00:00:00.000000,DEPARTAMENTO,Arriendo,owner_direct
TT-2024-11-002719,toctoc,Macul,Metropolitana,725000.0,CLP,68.9,2024-11-12 00:00:00.000000,2024-11-15 00:00:00.000000,departamento,arriendo,owner_direct
TT-2024-11-001028,toctoc,La Florida,Metropolitana,12.7,UF,43.7,2024-10-21 00:00:00.000000,2024-11-01 00:00:00.000000,Departamento,ARRIENDO,owner_direct
TT-2024-11-002178,toctoc,Santiago,Metropolitana,15.81,UF,47.3,2024-11-03 00:00:00.000000,2024-11-15 00:00:00.000000,DEPARTAMENTO,Arriendo,owner_direct
TT-2024-11-005203,toctoc,Macul,Metropolitana,660000.0,CLP,59.8,2024-11-04 00:00:00.000000,2024-11-29 00:00:00.000000,Departamento,arriendo,owner_direct
TT-2024-11-003483,toctoc,Santiago ,Metropolitana,885000.0,CLP,100.0,2024-11-16 00:00:00.000000,2024-11-22 00:00:00.000000,DEPARTAMENTO,Arriendo,agency
TT-2024-11-004987,toctoc,La Florida,Metropolitana,18.65,UF,62.3,2024-10-19 00:00:00.000000,2024-11-29 00:00:00.000000,Departamento,arriendo,agency
TT-2024-11-001856,toctoc,Ñuñoa,Metropolitana,560000.0,CLP,29.6,2024-05-24 00:00:00.000000,2024-11-08 00:00:00.000000,Departamento,arriendo,agency
TT-2024-11-005287,toctoc,San Miguel,Metropolitana,550000.0,CLP,55.8,2024-10-18 00:00:00.000000,2024-11-29 00:00:00.000000,DEPARTAMENTO,Arriendo,agency
TT-2024-11-004288,toctoc,Puente Alto,Metropolitana,141.89,UF,58.6,2024-09-24 00:00:00.000000,2024-11-22 00:00:00.000000,DEPARTAMENTO,ARRIENDO,agency
TT-2024-11-005299,toctoc,La Cisterna,Metropolitana,735000.0,CLP,91.9,2024-10-05 00:00:00.000000,2024-11-29 00:00:00.000000,departamento,Arriendo,agency
TT-2024-11-000501,toctoc,La Florida,Metropolitana,24.05,UF,78.7,2024-10-19 00:00:00.000000,2024-11-01 00:00:00.000000,Departamento,ARRIENDO,agency
TT-2024-11-003341,toctoc,Las Condes,Metropolitana,1325000.0,CLP,65.2,2024-11-09 00:00:00.000000,2024-11-15 00:00:00.000000,DEPARTAMENTO,ARRIENDO,
TT-2024-11-002470,toctoc,Macul,Metropolitana,12.97,UF,27.3,2024-10-25 00:00:00.000000,2024-11-15 00:00:00.000000,Departamento,Arriendo,owner_direct
TT-2024-11-005433,toctoc,Santiago,Metropolitana,745000.0,CLP,47.8,2024-11-17 00:00:00.000000,2024-11-29 00:00:00.000000,DEPARTAMENTO,Arriendo,agency
TT-2024-11-004627,toctoc,Estación Central,Metropolitana,785000.0,CLP,56.5,2024-10-23 00:00:00.000000,2024-11-29 00:00:00.000000,departamento,ARRIENDO,owner_direct
TT-2024-11-000440,toctoc,Quinta Normal,Metropolitana,12.97,UF,49.2,2024-10-08 00:00:00.000000,2024-11-01 00:00:00.000000,departamento,arriendo,agency
TT-2024-11-003935,toctoc,Puente Alto,Metropolitana,10.27,UF,31.9,2024-10-17 00:00:00.000000,2024-11-22 00:00:00.000000,Departamento,Arriendo,owner_direct
TT-2024-11-005129,toctoc,Santiago,Metropolitana,20.27,UF,62.8,2024-11-16 00:00:00.000000,2024-11-29 00:00:00.000000,DEPARTAMENTO,arriendo,owner_direct
TT-2024-11-003030,toctoc,Lo Barnechea,Metropolitana,880000.0,CLP,57.9,2024-09-27 00:00:00.000000,2024-11-15 00:00:00.000000,departamento,arriendo,owner_direct
TT-2024-11-002200,toctoc,La Florida,Metropolitana,27.97,UF,129.0,2024-11-03 00:00:00.000000,2024-11-15 00:00:00.000000,DEPARTAMENTO,Arriendo,agency
TT-2024-11-004085,toctoc,La Florida,Metropolitana,14.86,UF,33.5,2024-10-12 00:00:00.000000,2024-11-22 00:00:00.000000,departamento,ARRIENDO,agency
TT-2024-11-003721,toctoc,Santiago,Metropolitana,690000.0,CLP,64.1,2024-10-31 00:00:00.000000,2024-11-22 00:00:00.000000,Departamento,Arriendo,agency
TT-2024-11-003682,toctoc,San Miguel,Metropolitana,605000.0,CLP,63.5,2024-11-12 00:00:00.000000,2024-11-22 00:00:00.000000,DEPARTAMENTO,ARRIENDO,agency
TT-2024-11-001155,toctoc,Independencia,Metropolitana,12.57,UF,40.4,2024-10-03 00:00:00.000000,2024-11-01 00:00:00.000000,departamento,ARRIENDO,agency
TT-2024-11-003740,toctoc,Maipú,Metropolitana,905000.0,CLP,104.5,2024-11-09 00:00:00.000000,2024-11-22 00:00:00.000000,departamento,ARRIENDO,owner_direct
TT-2024-11-002145,toctoc,Santiago,Metropolitana,1665000.0,CLP,55.8,2024-11-03 00:00:00.000000,2024-11-08 00:00:00.000000,DEPARTAMENTO,arriendo,agency
TT-2024-11-000153,toctoc,Pudahuel,Metropolitana,16.49,UF,61.7,2024-09-23 00:00:00.000000,2024-11-01 00:00:00.000000,Departamento,arriendo,agency
TT-2024-11-002563,toctoc,Santiago,Metropolitana,30.27,UF,119.5,2024-10-29 00:00:00.000000,2024-11-15 00:00:00.000000,Departamento,ARRIENDO,owner_direct
TT-2024-11-005353,toctoc,Maipú,Metropolitana,12.7,UF,41.4,2024-11-10 00:00:00.000000,2024-11-29 00:00:00.000000,departamento,Arriendo,agency
TT-2024-11-000379,toctoc,Ñuñoa,Metropolitana,30.81,UF,77.5,2024-09-27 00:00:00.000000,2024-11-01 00:00:00.000000,DEPARTAMENTO,Arriendo,agency
TT-2024-11-005055,toctoc,San Miguel,Metropolitana,15.41,UF,41.0,2024-10-11 00:00:00.000000,2024-11-29 00:00:00.000000,departamento,Arriendo,owner_direct
TT-2024-11-004888,toctoc,Santiago,Metropolitana,16.49,UF,35.3,2024-11-14 00:00:00.000000,2024-11-29 00:00:00.000000,departamento,arriendo,owner_direct
TT-2024-11-003031,toctoc,Macul,Metropolitana,17.57,UF,53.4,2024-10-07 00:00:00.000000,2024-11-15 00:00:00.000000,Departamento,arriendo,owner_direct
TT-2024-11-004311,toctoc,Maipú,Metropolitana,16.62,UF,61.4,2024-10-28 00:00:00.000000,2024-11-29 00:00:00.000000,departamento,Arriendo,owner_direct
TT-2024-11-000134,toctoc,Recoleta,Metropolitana,12.57,UF,33.4,2024-10-01 00:00:00.000000,2024-11-01 00:00:00.000000,Departamento,arriendo,agency
TT-2024-11-004580,toctoc,Maipú,Metropolitana,10.54,UF,24.8,2024-08-24 00:00:00.000000,2024-11-29 00:00:00.000000,Departamento,Arriendo,owner_direct
TT-2024-11-003188,toctoc,Ñuñoa,Metropolitana,22.3,UF,47.4,2024-11-08 00:00:00.000000,2024-11-15 00:00:00.000000,departamento,Arriendo,owner_direct
TT-2024-11-002418,toctoc,San Miguel,Metropolitana,14.46,UF,33.0,2024-10-24 00:00:00.000000,2024-11-15 00:00:00.000000,Departamento,arriendo,agency
TT-2024-11-004264,toctoc,La Reina,Metropolitana,785000.0,CLP,40.7,2024-10-09 00:00:00.000000,2024-11-22 00:00:00.000000,departamento,ARRIENDO,agency
TT-2024-11-000140,toctoc,Vitacura,Metropolitana,930000.0,CLP,34.5,2024-09-18 00:00:00.000000,2024-11-01 00:00:00.000000,departamento,arriendo,agency
TT-2024-11-003437,toctoc,Huechuraba,Metropolitana,570000.0,CLP,33.6,2024-11-10 00:00:00.000000,2024-11-22 00:00:00.000000,departamento,ARRIENDO,owner_direct
TT-2024-11-001653,toctoc,San Miguel,Metropolitana,20.41,UF,96.4,2024-10-24 00:00:00.000000,2024-11-08 00:00:00.000000,Departamento,arriendo,owner_direct
TT-2024-11-005064,toctoc,Las Condes,Metropolitana,1225000.0,CLP,59.4,2024-10-18 00:00:00.000000,2024-11-29 00:00:00.000000,departamento,Arriendo,agency
TT-2024-11-004595,toctoc,Providencia,Metropolitana,22.7,UF,43.2,2024-11-23 00:00:00.000000,2024-11-29 00:00:00.000000,Departamento,ARRIENDO,owner_direct
TT-2024-11-004245,toctoc,Puente Alto,Metropolitana,26.22,UF,144.9,2024-09-14 00:00:00.000000,2024-11-22 00:00:00.000000,Departamento,arriendo,owner_direct
TT-2024-11-000958,toctoc,Providencia,Metropolitana,925000.0,CLP,55.7,2024-09-26 00:00:00.000000,2024-11-01 00:00:00.000000,departamento,arriendo,owner_direct
TT-2024-11-002118,toctoc,Huechuraba,Metropolitana,20.54,UF,55.0,2024-10-17 00:00:00.000000,2024-11-08 00:00:00.000000,DEPARTAMENTO,ARRIENDO,agency
TT-2024-11-001756,toctoc,Estación Central,Metropolitana,595000.0,CLP,58.0,2024-08-28 00:00:00.000000,2024-11-08 00:00:00.000000,DEPARTAMENTO,arriendo,owner_direct
TT-2024-11-003429,toctoc,Peñalolén,Metropolitana,15.41,UF,44.5,2024-10-07 00:00:00.000000,2024-11-22 00:00:00.000000,DEPARTAMENTO,arriendo,agency
TT-2024-11-004371,toctoc,Providencia,Metropolitana,1235000.0,CLP,66.8,2024-11-17 00:00:00.000000,2024-11-29 00:00:00.000000,departamento,Arriendo,agency
TT-2024-11-002309,toctoc,San Joaquín,Metropolitana,18.51,UF,95.8,2024-07-13 00:00:00.000000,2024-11-15 00:00:00.000000,Departamento,arriendo,owner_direct
TT-2024-11-000996,toctoc,Pudahuel,Metropolitana,13.78,UF,48.0,2024-09-24 00:00:00.000000,2024-11-01 00:00:00.000000,Departamento,ARRIENDO,agency
TT-2024-11-003863,toctoc,San Miguel,Metropolitana,14.32,UF,42.4,2024-10-31 00:00:00.000000,2024-11-22 00:00:00.000000,departamento,Arriendo,agency
TT-2024-11-003065,toctoc,San Miguel,Metropolitana,910000.0,CLP,90.5,2024-11-04 00:00:00.000000,2024-11-15 00:00:00.000000,DEPARTAMENTO,Arriendo,owner_direct
TT-2024-11-004038,toctoc,Huechuraba,Metropolitana,15.41,UF,34.6,2024-10-22 00:00:00.000000,2024-11-22 00:00:00.000000,Departamento,arriendo,agency
TT-2024-11-000704,toctoc,La Florida,Metropolitana,18.92,UF,64.5,2024-09-18 00:00:00.000000,2024-11-01 00:00:00.000000,Departamento,ARRIENDO,owner_direct
TT-2024-11-004797,toctoc,Las Condes,Metropolitana,1040000.0,CLP,46.2,2024-10-20 00:00:00.000000,2024-11-29 00:00:00.000000,DEPARTAMENTO,Arriendo,owner_direct
TT-2024-11-000034,toctoc,Santiago,Metropolitana,19.59,UF,53.3,2024-10-27 00:00:00.000000,2024-11-01 00:00:00.000000,Departamento,arriendo,agency
TT-2024-11-001059,toctoc,Maipú,Metropolitana,19.46,UF,74.9,2024-09-24 00:00:00.000000,2024-11-01 00:00:00.000000,Departamento,arriendo,owner_direct
TT-2024-11-003250,toctoc,Santiago,Metropolitana,725000.0,CLP,42.7,2024-10-21 00:00:00.000000,2024-11-15 00:00:00.000000,Departamento,arriendo,
TT-2024-11-004263,toctoc,La Florida,Metropolitana,15.0,UF,40.6,2024-11-18 00:00:00.000000,2024-11-22 00:00:00.000000,Departamento,Arriendo,agency
TT-2024-11-001429,toctoc,Macul,Metropolitana,410000.0,CLP,5.0,2024-10-04 00:00:00.000000,2024-11-08 00:00:00.000000,Departamento,ARRIENDO,agency
TT-2024-11-000462,toctoc,Pudahuel,Metropolitana,13.11,UF,47.0,2024-10-18 00:00:00.000000,2024-11-01 00:00:00.000000,departamento,arriendo,agency
TT-2024-11-001517,toctoc,Estación Central,Metropolitana,10.27,UF,25.1,2024-09-21 00:00:00.000000,2024-11-08 00:00:00.000000,departamento,arriendo,agency
TT-2024-11-004309,toctoc,Peñalolén,Metropolitana,775000.0,CLP,64.9,2024-10-23 00:00:00.000000,2024-11-29 00:00:00.000000,Departamento,Arriendo,agency
TT-2024-11-001721,toctoc,Recoleta,Metropolitana,450000.0,CLP,39.9,2024-10-10 00:00:00.000000,2024-11-08 00:00:00.000000,DEPARTAMENTO,ARRIENDO,agency
TT-2024-11-004285,toctoc,Santiago,Metropolitana,635000.0,CLP,49.4,2024-11-09 00:00:00.000000,2024-11-22 00:00:00.000000,departamento,arriendo,agency
TT-2024-11-001424,toctoc,Puente Alto,Metropolitana,540000.0,CLP,49.7,2024-10-22 00:00:00.000000,2024-11-08 00:00:00.000000,departamento,ARRIENDO,owner_direct
TT-2024-11-003779,toctoc,Independencia,Metropolitana,530000.0,CLP,43.2,2024-10-13 00:00:00.000000,2024-11-22 00:00:00.000000,departamento,Arriendo,owner_direct
TT-2024-11-004398,toctoc,Providencia,Metropolitana,38.92,UF,89.3,2024-11-07 00:00:00.000000,2024-11-29 00:00:00.000000,Departamento,ARRIENDO,owner_direct
TT-2024-11-001342,toctoc,Cerrillos,Metropolitana,505000.0,CLP,35.5,2024-11-02 00:00:00.000000,2024-11-08 00:00:00.000000,DEPARTAMENTO,Arriendo,agency
TT-2024-11-001500,toctoc,San Miguel,Metropolitana,860000.0,CLP,97.6,2024-10-26 00:00:00.000000,2024-11-08 00:00:00.000000,departamento,arriendo,
TT-2024-11-002122,toctoc,Recoleta,Metropolitana,20.0,UF,75.4,2024-10-26 00:00:00.000000,2024-11-08 00:00:00.000000,Departamento,arriendo,owner_direct
TT-2024-11-002295,toctoc,Puente Alto,Metropolitana,11.62,UF,42.6,2024-10-18 00:00:00.000000,2024-11-15 00:00:00.000000,DEPARTAMENTO,arriendo,agency
TT-2024-11-001246,toctoc,Quinta Normal,Metropolitana,680000.0,CLP,93.3,2024-10-27 00:00:00.000000,2024-11-08 00:00:00.000000,departamento,ARRIENDO,agency
TT-2024-11-005327,toctoc,Independencia ,Metropolitana,465000.0,CLP,31.9,2024-11-19 00:00:00.000000,2024-11-29 00:00:00.000000,DEPARTAMENTO,ARRIENDO,agency
TT-2024-11-003335,toctoc,Independencia,Metropolitana,465000.0,CLP,42.3,2024-11-01 00:00:00.000000,2024-11-15 00:00:00.000000,Departamento,arriendo,agency
TT-2024-11-003606,toctoc,Santiago,Metropolitana,17.97,UF,46.4,2024-10-22 00:00:00.000000,2024-11-22 00:00:00.000000,departamento,ARRIENDO,agency
TT-2024-11-004486,toctoc,Santiago,Metropolitana,19.59,UF,49.6,2024-10-02 00:00:00.000000,2024-11-29 00:00:00.000000,departamento,ARRIENDO,owner_direct
TT-2024-11-005033,toctoc,Huechuraba,Metropolitana,16.76,UF,54.7,2024-10-25 00:00:00.000000,2024-11-29 00:00:00.000000,Departamento,arriendo,agency
TT-2024-11-003524,toctoc,Quilicura,Metropolitana,365000.0,CLP,29.6,2024-07-27 00:00:00.000000,2024-11-22 00:00:00.000000,Departamento,ARRIENDO,owner_direct
TT-2024-11-002427,toctoc,Santiago,Metropolitana,18.65,UF,55.6,2024-09-28 00:00:00.000000,2024-11-15 00:00:00.000000,Departamento,Arriendo,agency
TT-2024-11-000599,toctoc,Puente Alto,Metropolitana,370000.0,CLP,34.2,2024-10-05 00:00:00.000000,2024-11-01 00:00:00.000000,Departamento,arriendo,agency
TT-2024-11-005103,toctoc,Quinta Normal,Metropolitana,415000.0,CLP,33.0,2024-11-19 00:00:00.000000,2024-11-29 00:00:00.000000,Departamento,ARRIENDO,owner_direct
TT-2024-11-004242,toctoc,Santiago,Metropolitana,13.38,UF,37.4,2024-11-14 00:00:00.000000,2024-11-22 00:00:00.000000,Departamento,Arriendo,agency
TT-2024-11-004963,toctoc,Santiago,Metropolitana,615000.0,CLP,47.7,2024-11-16 00:00:00.000000,2024-11-29 00:00:00.000000,DEPARTAMENTO,Arriendo,owner_direct
TT-2024-11-005368,toctoc,La Florida,Metropolitana,550000.0,CLP,40.3,2024-10-23 00:00:00.000000,2024-11-29 00:00:00.000000,DEPARTAMENTO,ARRIENDO,agency
TT-2024-11-002974,toctoc,Las Condes,Metropolitana,1095000.0,CLP,54.3,2024-11-05 00:00:00.000000,2024-11-15 00:00:00.000000,departamento,arriendo,owner_direct
TT-2024-11-001070,toctoc,Conchalí,Metropolitana,460000.0,CLP,46.0,2024-10-06 00:00:00.000000,2024-11-01 00:00:00.000000,DEPARTAMENTO,arriendo,agency
TT-2024-11-002304,toctoc,La Florida,Metropolitana,16.49,UF,46.5,2024-11-05 00:00:00.000000,2024-11-15 00:00:00.000000,DEPARTAMENTO,arriendo,agency
TT-2024-11-005441,toctoc,La Reina,Metropolitana,21.49,UF,42.1,2024-11-18 00:00:00.000000,2024-11-29 00:00:00.000000,departamento,Arriendo,agency
TT-2024-11-002359,toctoc,Estación Central,Metropolitana,11.76,UF,41.4,2024-09-27 00:00:00.000000,2024-11-15 00:00:00.000000,Departamento,arriendo,agency
TT-2024-11-003333,toctoc,Santiago,Metropolitana,565000.0,CLP,41.0,2024-09-15 00:00:00.000000,2024-11-15 00:00:00.000000,departamento,Arriendo,agency
TT-2024-11-004825,toctoc,Las Condes,Metropolitana,955000.0,CLP,39.6,2024-10-08 00:00:00.000000,2024-11-29 00:00:00.000000,DEPARTAMENTO,arriendo,owner_direct
TT-2024-11-000117,toctoc,Las Condes,Metropolitana,25.81,UF,39.8,2024-10-04 00:00:00.000000,2024-11-01 00:00:00.000000,Departamento,ARRIENDO,owner_direct
TT-2024-11-000714,toctoc,Pudahuel,Metropolitana,570000.0,CLP,42.7,2024-07-01 00:00:00.000000,2024-11-01 00:00:00.000000,Departamento,ARRIENDO,owner_direct
TT-2024-11-003143,toctoc,Recoleta,Metropolitana,545000.0,CLP,46.8,2024-11-04 00:00:00.000000,2024-11-15 00:00:00.000000,departamento,Arriendo,agency
TT-2024-11-002766,toctoc,Cerrillos,Metropolitana,13.38,UF,39.9,2024-11-10 00:00:00.000000,2024-11-15 00:00:00.000000,DEPARTAMENTO,Arriendo,agency
TT-2024-11-004852,toctoc,Recoleta,Metropolitana,530000.0,CLP,55.9,2024-10-25 00:00:00.000000,2024-11-29 00:00:00.000000,DEPARTAMENTO,Arriendo,agency
TT-2024-11-005042,toctoc,Santiago,Metropolitana,81.35,UF,400.0,2024-11-24 00:00:00.000000,2024-11-29 00:00:00.000000,DEPARTAMENTO,Arriendo,owner_direct
TT-2024-11-000194,toctoc,Santiago,Metropolitana,555000.0,CLP,51.8,2024-10-23 00:00:00.000000,2024-11-01 00:00:00.000000,departamento,arriendo,agency
TT-2024-11-002916,toctoc,Santiago,Metropolitana,655000.0,CLP,47.3,2024-10-28 00:00:00.000000,2024-11-15 00:00:00.000000,departamento,arriendo,agency
TT-2024-11-002375,toctoc,Providencia,Metropolitana,24.32,UF,37.2,2024-10-21 00:00:00.000000,2024-11-15 00:00:00.000000,DEPARTAMENTO,ARRIENDO,agency
TT-2024-11-002536,toctoc,Vitacura,Metropolitana,45.54,UF,87.4,2024-11-01 00:00:00.000000,2024-11-15 00:00:00.000000,DEPARTAMENTO,ARRIENDO,agency
TT-2024-11-002439,toctoc,Las Condes,Metropolitana,25.95,UF,50.3,2024-10-14 00:00:00.000000,2024-11-15 00:00:00.000000,Departamento,ARRIENDO,owner_direct
TT-2024-11-003150,toctoc,Ñuñoa,Metropolitana,19.46,UF,43.6,2024-11-01 00:00:00.000000,2024-11-15 00:00:00.000000,departamento,ARRIENDO,owner_direct
TT-2024-11-001411,toctoc,Estación Central,Metropolitana,520000.0,CLP,41.4,2024-03-08 00:00:00.000000,2024-11-08 00:00:00.000000,Departamento,ARRIENDO,agency
TT-2024-11-003616,toctoc,Renca,Metropolitana,10.95,UF,42.5,2024-10-31 00:00:00.000000,2024-11-22 00:00:00.000000,Departamento,Arriendo,owner_direct
TT-2024-11-000451,toctoc,Peñalolén,Metropolitana,12.84,UF,31.2,2024-10-27 00:00:00.000000,2024-11-01 00:00:00.000000,departamento,ARRIENDO,agency
TT-2024-11-001570,toctoc,Macul,Metropolitana,795000.0,CLP,69.5,2024-10-25 00:00:00.000000,2024-11-08 00:00:00.000000,Departamento,Arriendo,owner_direct
TT-2024-11-001331,toctoc,La Cisterna,Metropolitana,15.27,UF,55.6,2024-09-25 00:00:00.000000,2024-11-08 00:00:00.000000,DEPARTAMENTO,arriendo,agency
TT-2024-11-001775,toctoc,Macul,Metropolitana,535000.0,CLP,36.8,2024-08-24 00:00:00.000000,2024-11-08 00:00:00.000000,departamento,arriendo,agency
TT-2024-11-003384,toctoc,Independencia,Metropolitana,14.59,UF,48.5,2024-05-28 00:00:00.000000,2024-11-22 00:00:00.000000,departamento,Arriendo,owner_direct
TT-2024-11-002764,toctoc,Peñalolén,Metropolitana,1035000.0,CLP,127.9,2024-06-17 00:00:00.000000,2024-11-15 00:00:00.000000,Departamento,Arriendo,owner_direct
TT-2024-11-004172,toctoc,Ñuñoa,Metropolitana,725000.0,CLP,50.3,2024-11-07 00:00:00.000000,2024-11-22 00:00:00.000000,Departamento,Arriendo,agency
TT-2024-11-002490,toctoc,La Florida,Metropolitana,505000.0,CLP,39.9,2024-10-12 00:00:00.000000,2024-11-15 00:00:00.000000,Departamento,ARRIENDO,owner_direct
TT-2024-11-002312,toctoc,Las Condes,Metropolitana,1215000.0,CLP,55.5,2024-11-10 00:00:00.000000,2024-11-15 00:00:00.000000,departamento,ARRIENDO,agency
TT-2024-11-005058,toctoc,Santiago,Metropolitana,475000.0,CLP,27.4,2024-11-04 00:00:00.000000,2024-11-29 00:00:00.000000,Departamento,Arriendo,agency
TT-2024-11-000356,toctoc,Independencia,Metropolitana,19.73,UF,86.2,2024-10-27 00:00:00.000000,2024-11-01 00:00:00.000000,departamento,Arriendo,agency
TT-2024-11-005201,toctoc,Las Condes,Metropolitana,1025000.0,CLP,42.4,2024-11-11 00:00:00.000000,2024-11-29 00:00:00.000000,DEPARTAMENTO,ARRIENDO,agency
TT-2024-11-000417,toctoc,San Miguel,Metropolitana,560000.0,CLP,44.4,2024-10-20 00:00:00.000000,2024-11-01 00:00:00.000000,departamento,ARRIENDO,agency
TT-2024-11-000647,toctoc,La Reina,Metropolitana,1100000.0,CLP,67.4,2024-10-06 00:00:00.000000,2024-11-01 00:00:00.000000,DEPARTAMENTO,arriendo,agency
TT-2024-11-004764,toctoc,Macul,Metropolitana,14.73,UF,40.9,2024-11-15 00:00:00.000000,2024-11-29 00:00:00.000000,departamento,Arriendo,owner_direct
TT-2024-11-002130,toctoc,Providencia,Metropolitana,865000.0,CLP,34.2,2024-10-30 00:00:00.000000,2024-11-08 00:00:00.000000,departamento,ARRIENDO,agency
TT-2024-11-000529,toctoc,La Florida,Metropolitana,16.76,UF,72.6,2024-10-06 00:00:00.000000,2024-11-01 00:00:00.000000,DEPARTAMENTO,ARRIENDO,agency
TT-2024-11-000452,toctoc,MACUL,Metropolitana,27.84,UF,91.7,2024-10-14 00:00:00.000000,2024-11-01 00:00:00.000000,Departamento,ARRIENDO,agency
TT-2024-11-003097,toctoc,Quinta Normal,Metropolitana,12.03,UF,30.2,2024-11-01 00:00:00.000000,2024-11-15 00:00:00.000000,DEPARTAMENTO,ARRIENDO,agency
TT-2024-11-001972,toctoc,Macul,Metropolitana,20.0,UF,85.1,2024-10-24 00:00:00.000000,2024-11-08 00:00:00.000000,DEPARTAMENTO,arriendo,owner_direct
TT-2024-11-001719,toctoc,Santiago,Metropolitana,16.08,UF,41.9,2024-09-28 00:00:00.000000,2024-11-08 00:00:00.000000,departamento,ARRIENDO,agency
TT-2024-11-000949,toctoc,Quinta Normal,Metropolitana,515000.0,CLP,35.5,2024-10-02 00:00:00.000000,2024-11-01 00:00:00.000000,DEPARTAMENTO,arriendo,owner_direct
TT-2024-11-004573,toctoc,Maipú,Metropolitana,9.86,UF,29.0,2024-10-26 00:00:00.000000,2024-11-29 00:00:00.000000,DEPARTAMENTO,Arriendo,agency
TT-2024-11-000607,toctoc,Huechuraba,Metropolitana,16.62,UF,44.9,2024-09-10 00:00:00.000000,2024-11-01 00:00:00.000000,Departamento,ARRIENDO,agency
TT-2024-11-005233,toctoc,Providencia,Metropolitana,870000.0,CLP,48.5,2024-05-01 00:00:00.000000,2024-11-29 00:00:00.000000,DEPARTAMENTO,Arriendo,agency
TT-2024-11-001538,toctoc,Cerrillos,Metropolitana,16.08,UF,52.0,2024-07-10 00:00:00.000000,2024-11-08 00:00:00.000000,Departamento,Arriendo,agency
TT-2024-11-004158,toctoc,Conchalí,Metropolitana,18.24,UF,64.7,2024-07-07 00:00:00.000000,2024-11-22 00:00:00.000000,departamento,Arriendo,agency
TT-2024-11-003189,toctoc,San Miguel,Metropolitana,26.62,UF,97.8,2024-10-30 00:00:00.000000,2024-11-15 00:00:00.000000,Departamento,arriendo,agency
TT-2024-11-002708,toctoc,Estación Central,Metropolitana,625000.0,CLP,59.4,2024-10-26 00:00:00.000000,2024-11-15 00:00:00.000000,Departamento,Arriendo,agency
TT-2024-11-003967,toctoc,Cerrillos,Metropolitana,18.65,UF,66.5,2024-10-18 00:00:00.000000,2024-11-22 00:00:00.000000,Departamento,ARRIENDO,agency
TT-2024-11-000144,toctoc,Estación Central,Metropolitana,420000.0,CLP,40.0,2024-10-10 00:00:00.000000,2024-11-01 00:00:00.000000,departamento,ARRIENDO,owner_direct
TT-2024-11-003502,toctoc,Las Condes ,Metropolitana,34.32,UF,83.9,2024-11-12 00:00:00.000000,2024-11-22 00:00:00.000000,DEPARTAMENTO,Arriendo,agency
TT-2024-11-004762,toctoc,Renca,Metropolitana,11.08,UF,27.4,2024-11-24 00:00:00.000000,2024-11-29 00:00:00.000000,Departamento,ARRIENDO,agency
TT-2024-11-001092,toctoc,La Reina,Metropolitana,935000.0,CLP,52.9,2024-05-15 00:00:00.000000,2024-11-01 00:00:00.000000,DEPARTAMENTO,arriendo,owner_direct
TT-2024-11-002939,toctoc,Puente Alto,Metropolitana,12.7,UF,50.6,2024-11-11 00:00:00.000000,2024-11-15 00:00:00.000000,Departamento,Arriendo,agency
TT-2024-11-002134,toctoc,Peñalolén,Metropolitana,505000.0,CLP,30.4,2024-10-31 00:00:00.000000,2024-11-08 00:00:00.000000,Departamento,arriendo,owner_direct
TT-2024-11-000570,toctoc,Macul,Metropolitana,550000.0,CLP,41.7,2024-09-23 00:00:00.000000,2024-11-01 00:00:00.000000,departamento,ARRIENDO,agency
TT-2024-11-002514,toctoc,Vitacura,Metropolitana,42.43,UF,76.7,2024-10-07 00:00:00.000000,2024-11-15 00:00:00.000000,departamento,Arriendo,agency
TT-2024-11-000812,toctoc,CERRILLOS,Metropolitana,440000.0,CLP,46.0,2024-10-24 00:00:00.000000,2024-11-01 00:00:00.000000,DEPARTAMENTO,arriendo,owner_direct
TT-2024-11-003806,toctoc,Estación Central,Metropolitana,23.11,UF,98.5,2024-11-02 00:00:00.000000,2024-11-22 00:00:00.000000,departamento,ARRIENDO,agency
TT-2024-11-001963,toctoc,VITACURA,Metropolitana,1190000.0,CLP,56.3,2024-10-18 00:00:00.000000,2024-11-08 00:00:00.000000,departamento,Arriendo,agency
TT-2024-11-000107,toctoc,Maipú,Metropolitana,9.46,UF,23.6,2024-10-02 00:00:00.000000,2024-11-01 00:00:00.000000,DEPARTAMENTO,ARRIENDO,agency
TT-2024-11-004822,toctoc,Independencia,Metropolitana,555000.0,CLP,41.3,2024-11-14 00:00:00.000000,2024-11-29 00:00:00.000000,Departamento,ARRIENDO,owner_direct
TT-2024-11-001388,toctoc,Santiago,Metropolitana,700000.0,CLP,52.6,2024-07-23 00:00:00.000000,2024-11-08 00:00:00.000000,DEPARTAMENTO,ARRIENDO,owner_direct
TT-2024-11-004441,toctoc,Cerrillos,Metropolitana,725000.0,CLP,91.2,2024-08-13 00:00:00.000000,2024-11-29 00:00:00.000000,Departamento,arriendo,agency
TT-2024-11-002899,toctoc,Ñuñoa,Metropolitana,820000.0,CLP,49.7,2024-11-06 00:00:00.000000,2024-11-15 00:00:00.000000,departamento,Arriendo,agency
TT-2024-11-000358,toctoc,San Miguel,Metropolitana,590000.0,CLP,48.6,2024-10-21 00:00:00.000000,2024-11-01 00:00:00.000000,Departamento,ARRIENDO,agency
TT-2024-11-001921,toctoc,Recoleta,Metropolitana,10.27,UF,36.2,2024-09-28 00:00:00.000000,2024-11-08 00:00:00.000000,Departamento,arriendo,agency
TT-2024-11-005146,toctoc,Cerrillos,Metropolitana,17.3,UF,56.2,2024-11-13 00:00:00.000000,2024-11-29 00:00:00.000000,DEPARTAMENTO,arriendo,agency
TT-2024-11-003658,toctoc,Independencia,Metropolitana,500000.0,CLP,46.7,2024-11-12 00:00:00.000000,2024-11-22 00:00:00.000000,Departamento,ARRIENDO,owner_direct
TT-2024-11-004722,toctoc,San Miguel,Metropolitana,17.57,UF,60.4,2024-07-08 00:00:00.000000,2024-11-29 00:00:00.000000,departamento,arriendo,owner_direct
TT-2024-11-000657,toctoc, La Florida,Metropolitana,20.41,UF,65.1,2024-09-11 00:00:00.000000,2024-11-01 00:00:00.000000,departamento,ARRIENDO,agency
TT-2024-11-004253,toctoc,Macul,Metropolitana,16.89,UF,50.2,2024-11-13 00:00:00.000000,2024-11-22 00:00:00.000000,departamento,arriendo,owner_direct
TT-2024-11-000981,toctoc,Recoleta ,Metropolitana,525000.0,CLP,43.6,2024-09-24 00:00:00.000000,2024-11-01 00:00:00.000000,Departamento,arriendo,agency
TT-2024-11-004553,toctoc,Las Condes,Metropolitana,33.38,UF,58.7,2024-08-11 00:00:00.000000,2024-11-29 00:00:00.000000,Departamento,Arriendo,agency
TT-2024-11-000821,toctoc,Lo Barnechea,Metropolitana,1030000.0,CLP,55.8,2024-09-14 00:00:00.000000,2024-11-01 00:00:00.000000,Departamento,Arriendo,agency
TT-2024-11-001931,toctoc,Estación Central,Metropolitana,18545000.0,CLP,1200.0,2024-10-28 00:00:00.000000,2024-11-08 00:00:00.000000,DEPARTAMENTO,Arriendo,owner_direct
TT-2024-11-003381,toctoc,Providencia,Metropolitana,18.92,UF,8.0,2024-04-12 00:00:00.000000,2024-11-22 00:00:00.000000,Departamento,arriendo,owner_direct
TT-2024-11-002353,toctoc,La Reina,Metropolitana,33.11,UF,97.0,2024-09-23 00:00:00.000000,2024-11-15 00:00:00.000000,departamento,ARRIENDO,agency
TT-2024-11-000392,toctoc,Huechuraba,Metropolitana,535000.0,CLP,27.3,2024-10-01 00:00:00.000000,2024-11-01 00:00:00.000000,DEPARTAMENTO,Arriendo,agency
TT-2024-11-000781,toctoc,Estación Central,Metropolitana,455000.0,CLP,50.3,2024-10-17 00:00:00.000000,2024-11-01 00:00:00.000000,departamento,ARRIENDO,owner_direct
TT-2024-11-001302,toctoc,San Miguel,Metropolitana,620000.0,CLP,47.3,2024-10-18 00:00:00.000000,2024-11-08 00:00:00.000000,Departamento,Arriendo,owner_direct
TT-2024-11-000629,toctoc,Macul,Metropolitana,660000.0,CLP,53.0,2024-10-21 00:00:00.000000,2024-11-01 00:00:00.000000,DEPARTAMENTO,Arriendo,agency
TT-2024-11-000733,toctoc,Santiago,Metropolitana,540000.0,CLP,32.8,2024-06-04 00:00:00.000000,2024-11-01 00:00:00.000000,departamento,Arriendo,agency
TT-2024-11-003317,toctoc, Renca,Metropolitana,480000.0,CLP,53.6,2024-10-25 00:00:00.000000,2024-11-15 00:00:00.000000,Departamento,Arriendo,owner_direct
TT-2024-11-003193,toctoc,Estación Central,Metropolitana,370000.0,CLP,30.9,2024-10-24 00:00:00.000000,2024-11-15 00:00:00.000000,DEPARTAMENTO,Arriendo,agency
TT-2024-11-004197,toctoc,Independencia,Metropolitana,395000.0,CLP,23.1,2024-11-06 00:00:00.000000,2024-11-22 00:00:00.000000,departamento,Arriendo,owner_direct
TT-2024-11-000229,toctoc,Independencia,Metropolitana,15.41,UF,52.0,2024-10-23 00:00:00.000000,2024-11-01 00:00:00.000000,Departamento,Arriendo,owner_direct
TT-2024-11-005140,toctoc,San Joaquín,Metropolitana,445000.0,CLP,33.0,2024-10-21 00:00:00.000000,2024-11-29 00:00:00.000000,DEPARTAMENTO,arriendo,agency
TT-2024-11-004588,toctoc,Independencia,Metropolitana,328.11,UF,132.3,2024-10-04 00:00:00.000000,2024-11-29 00:00:00.000000,DEPARTAMENTO,Arriendo,agency
TT-2024-11-000932,toctoc, La Florida,Metropolitana,515000.0,CLP,44.8,2024-08-23 00:00:00.000000,2024-11-01 00:00:00.000000,DEPARTAMENTO,ARRIENDO,agency
TT-2024-11-002099,toctoc,San Miguel,Metropolitana,700000.0,CLP,55.5,2024-10-01 00:00:00.000000,2024-11-08 00:00:00.000000,departamento,arriendo,agency
TT-2024-11-002050,toctoc,Puente Alto,Metropolitana,12.3,UF,42.3,2024-10-07 00:00:00.000000,2024-11-08 00:00:00.000000,DEPARTAMENTO,arriendo,agency
TT-2024-11-005398,toctoc,San Miguel,Metropolitana,780000.0,CLP,65.1,2024-10-22 00:00:00.000000,2024-11-29 00:00:00.000000,Departamento,ARRIENDO,owner_direct
TT-2024-11-001316,toctoc,Macul,Metropolitana,515000.0,CLP,29.6,2024-11-02 00:00:00.000000,2024-11-08 00:00:00.000000,DEPARTAMENTO,ARRIENDO,agency
TT-2024-11-005211,toctoc,San Miguel,Metropolitana,12.84,UF,31.6,2024-11-22 00:00:00.000000,2024-11-29 00:00:00.000000,Departamento,ARRIENDO,agency
TT-2024-11-002920,toctoc,La Florida,Metropolitana,13.11,UF,39.4,2024-10-28 00:00:00.000000,2024-11-15 00:00:00.000000,DEPARTAMENTO,ARRIENDO,owner_direct
TT-2024-11-004961,toctoc,macul,Metropolitana,495000.0,CLP,39.9,2024-10-12 00:00:00.000000,2024-11-29 00:00:00.000000,departamento,Arriendo,agency
TT-2024-11-003700,toctoc,Recoleta,Metropolitana,19.86,UF,57.0,2024-10-09 00:00:00.000000,2024-11-22 00:00:00.000000,DEPARTAMENTO,ARRIENDO,owner_direct
TT-2024-11-004112,toctoc,Recoleta,Metropolitana,720000.0,CLP,64.3,2024-10-23 00:00:00.000000,2024-11-22 00:00:00.000000,Departamento,ARRIENDO,agency
TT-2024-11-000811,toctoc,Maipú,Metropolitana,910000.0,CLP,105.0,2024-08-26 00:00:00.000000,2024-11-01 00:00:00.000000,Departamento,Arriendo,agency
TT-2024-11-001746,toctoc,Renca,Metropolitana,16.08,UF,64.6,2024-11-03 00:00:00.000000,2024-11-08 00:00:00.000000,Departamento,Arriendo,agency
TT-2024-11-001939,toctoc,Santiago,Metropolitana,14.32,UF,32.5,2024-09-14 00:00:00.000000,2024-11-08 00:00:00.000000,Departamento,Arriendo,agency
TT-2024-11-004928,toctoc,Macul,Metropolitana,18.65,UF,50.4,2024-11-12 00:00:00.000000,2024-11-29 00:00:00.000000,Departamento,Arriendo,owner_direct
TT-2024-11-004881,toctoc,Estación Central,Metropolitana,13.38,UF,40.6,2024-10-11 00:00:00.000000,2024-11-29 00:00:00.000000,DEPARTAMENTO,Arriendo,agency
TT-2024-11-005157,toctoc,San Miguel,Metropolitana,15.95,UF,53.5,2024-10-09 00:00:00.000000,2024-11-29 00:00:00.000000,DEPARTAMENTO,arriendo,owner_direct
TT-2024-11-003586,toctoc,La Florida,Metropolitana,745000.0,CLP,72.0,2024-11-15 00:00:00.000000,2024-11-22 00:00:00.000000,DEPARTAMENTO,Arriendo,owner_direct
TT-2024-11-000625,toctoc,Ñuñoa,Metropolitana,20.0,UF,41.3,2024-09-22 00:00:00.000000,2024-11-01 00:00:00.000000,departamento,ARRIENDO,agency
TT-2024-11-000591,toctoc,San Joaquín,Metropolitana,16.49,UF,73.8,2024-10-17 00:00:00.000000,2024-11-01 00:00:00.000000,Departamento,ARRIENDO,agency
TT-2024-11-003903,toctoc,Quinta Normal,Metropolitana,14.73,UF,50.3,2024-11-15 00:00:00.000000,2024-11-22 00:00:00.000000,DEPARTAMENTO,Arriendo,agency
TT-2024-11-002077,toctoc,Las Condes,Metropolitana,765000.0,CLP,42.3,2024-10-26 00:00:00.000000,2024-11-08 00:00:00.000000,departamento,arriendo,agency
TT-2024-11-003162,toctoc, Independencia,Metropolitana,875000.0,CLP,99.7,2024-10-22 00:00:00.000000,2024-11-15 00:00:00.000000,Departamento,arriendo,agency
TT-2024-11-000903,toctoc,Providencia,Metropolitana,1370000.0,CLP,71.5,2024-09-25 00:00:00.000000,2024-11-01 00:00:00.000000,DEPARTAMENTO,arriendo,owner_direct
TT-2024-11-000819,toctoc,La Florida,Metropolitana,13.65,UF,48.4,2024-07-23 00:00:00.000000,2024-11-01 00:00:00.000000,departamento,ARRIENDO,agency
TT-2024-11-005387,toctoc,Santiago,Metropolitana,680000.0,CLP,40.4,2024-11-03 00:00:00.000000,2024-11-29 00:00:00.000000,Departamento,Arriendo,agency
TT-2024-11-004783,toctoc,Huechuraba,Metropolitana,25.41,UF,104.4,2024-11-17 00:00:00.000000,2024-11-29 00:00:00.000000,departamento,arriendo,agency
TT-2024-11-001948,toctoc,Pudahuel,Metropolitana,15.14,UF,53.5,2024-07-19 00:00:00.000000,2024-11-08 00:00:00.000000,Departamento,Arriendo,agency
TT-2024-11-003510,toctoc,Estación Central,Metropolitana,635000.0,CLP,72.9,2024-11-03 00:00:00.000000,2024-11-22 00:00:00.000000,Departamento,ARRIENDO,agency
TT-2024-11-001118,toctoc,Puente Alto,Metropolitana,440000.0,CLP,41.3,2024-09-06 00:00:00.000000,2024-11-01 00:00:00.000000,departamento,Arriendo,owner_direct
TT-2024-11-000933,toctoc,Quinta Normal,Metropolitana,795000.0,CLP,104.0,2024-10-14 00:00:00.000000,2024-11-01 00:00:00.000000,Departamento,arriendo,agency
TT-2024-11-004681,toctoc,Las Condes,Metropolitana,33.65,UF,61.5,2024-11-21 00:00:00.000000,2024-11-29 00:00:00.000000,Departamento,ARRIENDO,agency
TT-2024-11-000325,toctoc,Recoleta,Metropolitana,13.92,UF,44.5,2024-10-25 00:00:00.000000,2024-11-01 00:00:00.000000,departamento,Arriendo,owner_direct
TT-2024-11-004519,toctoc,Lo Barnechea,Metropolitana,1215000.0,CLP,93.7,2024-11-08 00:00:00.000000,2024-11-29 00:00:00.000000,Departamento,Arriendo,owner_direct
TT-2024-11-004344,toctoc,Estación Central,Metropolitana,23.38,UF,88.6,2024-11-27 00:00:00.000000,2024-11-29 00:00:00.000000,Departamento,ARRIENDO,owner_direct
TT-2024-11-003138,toctoc,Providencia,Metropolitana,1355000.0,CLP,67.3,2024-05-15 00:00:00.000000,2024-11-15 00:00:00.000000,Departamento,Arriendo,agency
TT-2024-11-002837,toctoc,Ñuñoa,Metropolitana,77.16,UF,50.1,2024-11-05 00:00:00.000000,2024-11-15 00:00:00.000000,Departamento,ARRIENDO,owner_direct
TT-2024-11-004310,toctoc,Pudahuel,Metropolitana,14.73,UF,55.7,2024-10-27 00:00:00.000000,2024-11-29 00:00:00.000000,DEPARTAMENTO,Arriendo,agency
TT-2024-11-004771,toctoc,Santiago,Metropolitana,705000.0,CLP,63.7,2024-11-09 00:00:00.000000,2024-11-29 00:00:00.000000,Departamento,ARRIENDO,agency
TT-2024-11-001232,toctoc,San Miguel,Metropolitana,17.84,UF,50.7,2024-11-04 00:00:00.000000,2024-11-08 00:00:00.000000,DEPARTAMENTO,Arriendo,agency
TT-2024-11-005067,toctoc,Independencia,Metropolitana,530000.0,CLP,56.7,2024-10-29 00:00:00.000000,2024-11-29 00:00:00.000000,DEPARTAMENTO,Arriendo,owner_direct
TT-2024-11-003691,toctoc,Pudahuel,Metropolitana,455000.0,CLP,56.0,2024-11-07 00:00:00.000000,2024-11-22 00:00:00.000000,Departamento,Arriendo,agency
TT-2024-11-002950,toctoc,Quilicura,Metropolitana,17.57,UF,73.9,2024-10-30 00:00:00.000000,2024-11-15 00:00:00.000000,Departamento,arriendo,owner_direct
TT-2024-11-001934,toctoc,Vitacura,Metropolitana,32.57,UF,58.2,2024-10-24 00:00:00.000000,2024-11-08 00:00:00.000000,departamento,arriendo,agency
TT-2024-11-002700,toctoc,San Miguel,Metropolitana,27.43,UF,107.7,2024-08-22 00:00:00.000000,2024-11-15 00:00:00.000000,departamento,arriendo,agency
TT-2024-11-005236,toctoc,Las Condes,Metropolitana,38.11,UF,83.8,2024-10-21 00:00:00.000000,2024-11-29 00:00:00.000000,DEPARTAMENTO,arriendo,agency
TT-2024-11-002263,toctoc,Santiago,Metropolitana,670000.0,CLP,63.2,2024-10-17 00:00:00.000000,2024-11-15 00:00:00.000000,departamento,Arriendo,agency
TT-2024-11-005335,toctoc,Independencia,Metropolitana,14.59,UF,48.5,2024-10-21 00:00:00.000000,2024-11-29 00:00:00.000000,departamento,arriendo,owner_direct
TT-2024-11-003481,toctoc,Huechuraba,Metropolitana,21.35,UF,78.9,2024-10-18 00:00:00.000000,2024-11-22 00:00:00.000000,Departamento,ARRIENDO,agency
TT-2024-11-004013,toctoc,Independencia,Metropolitana,15.41,UF,46.4,2024-11-08 00:00:00.000000,2024-11-22 00:00:00.000000,departamento,arriendo,agency
TT-2024-11-002483,toctoc,Vitacura,Metropolitana,32.57,UF,55.5,2024-10-04 00:00:00.000000,2024-11-15 00:00:00.000000,DEPARTAMENTO,Arriendo,agency
TT-2024-11-003462,toctoc,Providencia,Metropolitana,1085000.0,CLP,66.7,2024-10-13 00:00:00.000000,2024-11-22 00:00:00.000000,DEPARTAMENTO,arriendo,agency
TT-2024-11-000831,toctoc,Lo Barnechea,Metropolitana,16.76,UF,28.1,2024-09-15 00:00:00.000000,2024-11-01 00:00:00.000000,Departamento,Arriendo,agency
TT-2024-11-002728,toctoc,Ñuñoa,Metropolitana,26.76,UF,70.1,2024-10-21 00:00:00.000000,2024-11-15 00:00:00.000000,Departamento,arriendo,agency
TT-2024-11-003201,toctoc,Providencia,Metropolitana,25.27,UF,55.5,2024-11-07 00:00:00.000000,2024-11-15 00:00:00.000000,departamento,Arriendo,agency
TT-2024-11-000523,toctoc,Las Condes,Metropolitana,1905000.0,CLP,99.1,2024-10-23 00:00:00.000000,2024-11-01 00:00:00.000000,departamento,arriendo,agency
TT-2024-11-002185,toctoc,Ñuñoa,Metropolitana,630000.0,CLP,29.5,2024-10-28 00:00:00.000000,2024-11-15 00:00:00.000000,DEPARTAMENTO,arriendo,agency
TT-2024-11-001004,toctoc,Estación Central,Metropolitana,415000.0,CLP,42.6,2024-09-26 00:00:00.000000,2024-11-01 00:00:00.000000,departamento,Arriendo,agency
TT-2024-11-004902,toctoc,Santiago,Metropolitana,560000.0,CLP,39.3,2024-10-29 00:00:00.000000,2024-11-29 00:00:00.000000,DEPARTAMENTO,Arriendo,agency
TT-2024-11-001293,toctoc,Conchalí,Metropolitana,14.46,UF,50.4,2024-10-22 00:00:00.000000,2024-11-08 00:00:00.000000,Departamento,Arriendo,agency
TT-2024-11-002022,toctoc,Providencia,Metropolitana,820000.0,CLP,38.4,2024-11-02 00:00:00.000000,2024-11-08 00:00:00.000000,DEPARTAMENTO,ARRIENDO,agency
TT-2024-11-005316,toctoc,Santiago,Metropolitana,580000.0,CLP,41.0,2024-11-27 00:00:00.000000,2024-11-29 00:00:00.000000,Departamento,arriendo,agency
TT-2024-11-001456,toctoc,Maipú,Metropolitana,11.22,UF,45.9,2024-10-02 00:00:00.000000,2024-11-08 00:00:00.000000,DEPARTAMENTO,Arriendo,owner_direct
TT-2024-11-003827,toctoc,Conchalí,Metropolitana,380000.0,CLP,33.2,2024-10-25 00:00:00.000000,2024-11-22 00:00:00.000000,Departamento,arriendo,agency
TT-2024-11-002637,toctoc,La Florida,Metropolitana,425000.0,CLP,28.9,2024-11-06 00:00:00.000000,2024-11-15 00:00:00.000000,DEPARTAMENTO,ARRIENDO,agency
TT-2024-11-001274,toctoc,La Cisterna,Metropolitana,12.7,UF,33.9,2024-10-01 00:00:00.000000,2024-11-08 00:00:00.000000,Departamento,Arriendo,owner_direct
TT-2024-11-004571,toctoc, Peñalolén,Metropolitana,22.57,UF,72.5,2024-11-22 00:00:00.000000,2024-11-29 00:00:00.000000,departamento,arriendo,agency
TT-2024-11-002597,toctoc,Quinta Normal,Metropolitana,535000.0,CLP,61.2,2024-09-15 00:00:00.000000,2024-11-15 00:00:00.000000,Departamento,arriendo,agency
TT-2024-11-003272,toctoc,Macul,Metropolitana,13.11,UF,42.3,2024-09-10 00:00:00.000000,2024-11-15 00:00:00.000000,DEPARTAMENTO,ARRIENDO,owner_direct
TT-2024-11-003288,toctoc,Santiago,Metropolitana,950000.0,CLP,87.6,2024-06-03 00:00:00.000000,2024-11-15 00:00:00.000000,departamento,arriendo,owner_direct
TT-2024-11-001254,toctoc,Pudahuel,Metropolitana,465000.0,CLP,47.1,2024-10-13 00:00:00.000000,2024-11-08 00:00:00.000000,departamento,arriendo,agency
TT-2024-11-001682,toctoc,Independencia,Metropolitana,670000.0,CLP,67.4,2024-10-25 00:00:00.000000,2024-11-08 00:00:00.000000,Departamento,arriendo,owner_direct
TT-2024-11-004464,toctoc,San Miguel,Metropolitana,410000.0,CLP,41.2,2024-11-14 00:00:00.000000,2024-11-29 00:00:00.000000,departamento,Arriendo,agency
TT-2024-11-003618,toctoc,Estación Central,Metropolitana,445000.0,CLP,41.9,2024-10-18 00:00:00.000000,2024-11-22 00:00:00.000000,Departamento,Arriendo,owner_direct
TT-2024-11-005063,toctoc,Recoleta,Metropolitana,13.24,UF,31.9,2024-10-29 00:00:00.000000,2024-11-29 00:00:00.000000,DEPARTAMENTO,Arriendo,agency
TT-2024-11-002948,toctoc,Independencia,Metropolitana,605000.0,CLP,60.9,2024-10-24 00:00:00.000000,2024-11-15 00:00:00.000000,departamento,Arriendo,agency
TT-2024-11-002326,toctoc,La Reina,Metropolitana,23.38,UF,54.7,2024-10-30 00:00:00.000000,2024-11-15 00:00:00.000000,departamento,Arriendo,owner_direct
TT-2024-11-000414,toctoc,La Florida,Metropolitana,13.51,UF,37.0,2024-10-16 00:00:00.000000,2024-11-01 00:00:00.000000,departamento,arriendo,owner_direct
TT-2024-11-004349,toctoc,Macul,Metropolitana,515000.0,CLP,29.9,2024-11-09 00:00:00.000000,2024-11-29 00:00:00.000000,Departamento,ARRIENDO,agency
TT-2024-11-004166,toctoc,Las Condes,Metropolitana,1110000.0,CLP,54.4,2024-10-24 00:00:00.000000,2024-11-22 00:00:00.000000,departamento,ARRIENDO,agency
TT-2024-11-002457,toctoc,Santiago,Metropolitana,530000.0,CLP,35.2,2024-11-04 00:00:00.000000,2024-11-15 00:00:00.000000,Departamento,Arriendo,owner_direct
TT-2024-11-003136,toctoc,La Reina,Metropolitana,21.35,UF,39.5,2024-05-28 00:00:00.000000,2024-11-15 00:00:00.000000,departamento,arriendo,agency
TT-2024-11-002749,toctoc,La Reina,Metropolitana,845000.0,CLP,45.8,2024-09-23 00:00:00.000000,2024-11-15 00:00:00.000000,Departamento,Arriendo,owner_direct
TT-2024-11-002302,toctoc,Puente Alto,Metropolitana,375000.0,CLP,47.7,2024-08-09 00:00:00.000000,2024-11-15 00:00:00.000000,departamento,ARRIENDO,owner_direct
TT-2024-11-001313,toctoc,La Cisterna,Metropolitana,475000.0,CLP,48.3,2024-09-23 00:00:00.000000,2024-11-08 00:00:00.000000,departamento,ARRIENDO,agency
TT-2024-11-003726,toctoc, Vitacura,Metropolitana,35.41,UF,52.9,2024-11-19 00:00:00.000000,2024-11-22 00:00:00.000000,departamento,arriendo,agency
TT-2024-11-004401,toctoc,Lo Barnechea,Metropolitana,18.92,UF,32.5,2024-10-26 00:00:00.000000,2024-11-29 00:00:00.000000,departamento,Arriendo,agency
TT-2024-11-004467,toctoc,Estación Central,Metropolitana,19.86,UF,95.3,2024-11-05 00:00:00.000000,2024-11-29 00:00:00.000000,DEPARTAMENTO,arriendo,agency
TT-2024-11-004488,toctoc,Ñuñoa,Metropolitana,27.03,UF,78.5,2024-11-12 00:00:00.000000,2024-11-29 00:00:00.000000,DEPARTAMENTO,arriendo,agency
TT-2024-11-003198,toctoc,Estación Central,Metropolitana,11.89,UF,48.8,2024-11-14 00:00:00.000000,2024-11-15 00:00:00.000000,Departamento,Arriendo,agency
TT-2024-11-002413,toctoc,Puente Alto,Metropolitana,715000.0,CLP,96.3,2024-10-31 00:00:00.000000,2024-11-15 00:00:00.000000,Departamento,ARRIENDO,agency
TT-2024-11-003964,toctoc,Cerrillos,Metropolitana,11.62,UF,43.2,2024-11-16 00:00:00.000000,2024-11-22 00:00:00.000000,Departamento,ARRIENDO,owner_direct
TT-2024-11-000164,toctoc,Pudahuel,Metropolitana,410000.0,CLP,40.1,2024-10-17 00:00:00.000000,2024-11-01 00:00:00.000000,Departamento,arriendo,agency
TT-2024-11-002316,toctoc,Macul,Metropolitana,720000.0,CLP,67.2,2024-10-26 00:00:00.000000,2024-11-15 00:00:00.000000,departamento,Arriendo,owner_direct
TT-2024-11-003579,toctoc,La Reina,Metropolitana,20.68,UF,39.7,2024-10-20 00:00:00.000000,2024-11-22 00:00:00.000000,departamento,arriendo,
TT-2024-11-000572,toctoc,Santiago,Metropolitana,720000.0,CLP,59.5,2024-10-08 00:00:00.000000,2024-11-01 00:00:00.000000,departamento,ARRIENDO,owner_direct
TT-2024-11-002636,toctoc,Huechuraba,Metropolitana,21.22,UF,62.6,2024-10-18 00:00:00.000000,2024-11-15 00:00:00.000000,departamento,Arriendo,agency
TT-2024-11-002065,toctoc,Quilicura,Metropolitana,208.51,UF,112.0,2024-10-17 00:00:00.000000,2024-11-08 00:00:00.000000,Departamento,ARRIENDO,agency
TT-2024-11-004763,toctoc,Ñuñoa,Metropolitana,19.46,UF,59.1,2024-10-01 00:00:00.000000,2024-11-29 00:00:00.000000,departamento,Arriendo,agency
TT-2024-11-004413,toctoc,San Miguel,Metropolitana,16.62,UF,56.8,2024-11-15 00:00:00.000000,2024-11-29 00:00:00.000000,DEPARTAMENTO,Arriendo,agency
TT-2024-11-005491,toctoc,Recoleta,Metropolitana,134.19,UF,39.9,2024-08-04 00:00:00.000000,2024-11-29 00:00:00.000000,departamento,Arriendo,owner_direct
TT-2024-11-002935,toctoc,San Miguel,Metropolitana,17.7,UF,66.4,2024-10-28 00:00:00.000000,2024-11-15 00:00:00.000000,DEPARTAMENTO,ARRIENDO,agency
TT-2024-11-002573,toctoc,La Reina,Metropolitana,605000.0,CLP,26.2,2024-10-18 00:00:00.000000,2024-11-15 00:00:00.000000,Departamento,ARRIENDO,agency
TT-2024-11-004609,toctoc,Estación Central,Metropolitana,14.32,UF,53.2,2024-11-19 00:00:00.000000,2024-11-29 00:00:00.000000,departamento,ARRIENDO,agency
TT-2024-11-001019,toctoc,Maipú,Metropolitana,600000.0,CLP,67.9,2024-08-17 00:00:00.000000,2024-11-01 00:00:00.000000,Departamento,ARRIENDO,owner_direct
TT-2024-11-004021,toctoc,La Florida,Metropolitana,15.14,UF,44.7,2024-11-10 00:00:00.000000,2024-11-22 00:00:00.000000,Departamento,ARRIENDO,agency
TT-2024-11-001255,toctoc,Maipú,Metropolitana,12.97,UF,45.9,2024-07-12 00:00:00.000000,2024-11-08 00:00:00.000000,departamento,ARRIENDO,agency
TT-2024-11-000015,toctoc,Las Condes,Metropolitana,12060000.0,CLP,63.0,2024-09-27 00:00:00.000000,2024-11-01 00:00:00.000000,Departamento,Arriendo,agency
TT-2024-11-003273,toctoc,Lo Barnechea,Metropolitana,3115000.0,CLP,250.0,2024-10-19 00:00:00.000000,2024-11-15 00:00:00.000000,Departamento,ARRIENDO,agency
TT-2024-11-001553,toctoc,Quilicura,Metropolitana,445000.0,CLP,42.9,2024-09-23 00:00:00.000000,2024-11-08 00:00:00.000000,Departamento,arriendo,agency
TT-2024-11-005498,toctoc,Estación Central,Metropolitana,605000.0,CLP,64.3,2024-11-13 00:00:00.000000,2024-11-29 00:00:00.000000,departamento,arriendo,agency
TT-2024-11-000713,toctoc,Quilicura,Metropolitana,445000.0,CLP,49.6,2024-10-11 00:00:00.000000,2024-11-01 00:00:00.000000,DEPARTAMENTO,arriendo,agency
TT-2024-11-001718,toctoc,San Miguel,Metropolitana,665000.0,CLP,53.4,2024-10-25 00:00:00.000000,2024-11-08 00:00:00.000000,Departamento,ARRIENDO,agency
TT-2024-11-002170,toctoc,La Florida,Metropolitana,365000.0,CLP,25.9,2024-10-29 00:00:00.000000,2024-11-08 00:00:00.000000,departamento,arriendo,agency
TT-2024-11-001258,toctoc,Recoleta,Metropolitana,20.95,UF,88.2,2024-10-13 00:00:00.000000,2024-11-08 00:00:00.000000,DEPARTAMENTO,ARRIENDO,agency
TT-2024-11-001505,toctoc,Maipú,Metropolitana,10.54,UF,42.3,2024-10-05 00:00:00.000000,2024-11-08 00:00:00.000000,DEPARTAMENTO,ARRIENDO,agency
TT-2024-11-001475,toctoc,Pudahuel,Metropolitana,14.32,UF,62.6,2024-10-20 00:00:00.000000,2024-11-08 00:00:00.000000,Departamento,Arriendo,owner_direct
TT-2024-11-001898,toctoc,Ñuñoa ,Metropolitana,785000.0,CLP,56.1,2024-10-21 00:00:00.000000,2024-11-08 00:00:00.000000,Departamento,ARRIENDO,owner_direct
TT-2024-11-000366,toctoc,Ñuñoa,Metropolitana,610000.0,CLP,43.2,2024-10-01 00:00:00.000000,2024-11-01 00:00:00.000000,departamento,arriendo,agency
TT-2024-11-004716,toctoc, La Florida,Metropolitana,14.73,UF,39.3,2024-11-18 00:00:00.000000,2024-11-29 00:00:00.000000,Departamento,Arriendo,agency
TT-2024-11-004027,toctoc,Providencia,Metropolitana,1235000.0,CLP,70.7,2024-10-20 00:00:00.000000,2024-11-22 00:00:00.000000,departamento,Arriendo,agency
TT-2024-11-004393,toctoc,Ñuñoa,Metropolitana,15.14,UF,40.5,2024-10-25 00:00:00.000000,2024-11-29 00:00:00.000000,departamento,ARRIENDO,agency
TT-2024-11-001654,toctoc,Las Condes,Metropolitana,38.78,UF,72.3,2024-10-29 00:00:00.000000,2024-11-08 00:00:00.000000,Departamento,ARRIENDO,agency
TT-2024-11-000877,toctoc,Santiago,Metropolitana,435000.0,CLP,28.7,2024-07-11 00:00:00.000000,2024-11-01 00:00:00.000000,departamento,arriendo,agency
TT-2024-11-000593,toctoc,Santiago,Metropolitana,640000.0,CLP,46.6,2024-07-16 00:00:00.000000,2024-11-01 00:00:00.000000,DEPARTAMENTO,Arriendo,agency
TT-2024-11-001627,toctoc,Estación Central,Metropolitana,17.43,UF,57.0,2024-10-22 00:00:00.000000,2024-11-08 00:00:00.000000,departamento,ARRIENDO,agency
TT-2024-11-000190,toctoc,San Miguel,Metropolitana,490000.0,CLP,34.2,2024-09-23 00:00:00.000000,2024-11-01 00:00:00.000000,departamento,Arriendo,agency
TT-2024-11-004748,toctoc,La Reina,Metropolitana,33.24,UF,81.8,2024-11-15 00:00:00.000000,2024-11-29 00:00:00.000000,DEPARTAMENTO,arriendo,owner_direct
TT-2024-11-001878,toctoc,Providencia,Metropolitana,1105000.0,CLP,49.4,2024-10-22 00:00:00.000000,2024-11-08 00:00:00.000000,Departamento,arriendo,agency
TT-2024-11-000143,toctoc,Estación Central,Metropolitana,12.03,UF,40.8,2024-10-15 00:00:00.000000,2024-11-01 00:00:00.000000,DEPARTAMENTO,Arriendo,owner_direct
TT-2024-11-003120,toctoc,Puente Alto,Metropolitana,12.43,UF,39.5,2024-11-01 00:00:00.000000,2024-11-15 00:00:00.000000,DEPARTAMENTO,ARRIENDO,agency
TT-2024-11-001017,toctoc,La Florida,Metropolitana,18.65,UF,60.5,2024-10-18 00:00:00.000000,2024-11-01 00:00:00.000000,Departamento,arriendo,owner_direct
TT-2024-11-000423,toctoc,Santiago,Metropolitana,15.95,UF,36.2,2024-10-25 00:00:00.000000,2024-11-01 00:00:00.000000,DEPARTAMENTO,Arriendo,owner_direct
TT-2024-11-001773,toctoc,Puente Alto,Metropolitana,580000.0,CLP,52.9,2024-10-17 00:00:00.000000,2024-11-08 00:00:00.000000,departamento,ARRIENDO,agency
TT-2024-11-002142,toctoc,San Miguel,Metropolitana,17.16,UF,66.2,2024-10-06 00:00:00.000000,2024-11-08 00:00:00.000000,Departamento,Arriendo,agency
TT-2024-11-000332,toctoc,Providencia,Metropolitana,27.43,UF,36.9,2024-10-18 00:00:00.000000,2024-11-01 00:00:00.000000,departamento,ARRIENDO,agency
TT-2024-11-002348,toctoc,Lo Barnechea,Metropolitana,18.65,UF,29.3,2024-09-17 00:00:00.000000,2024-11-15 00:00:00.000000,Departamento,Arriendo,owner_direct
TT-2024-11-000510,toctoc,Macul,Metropolitana,12.84,UF,34.5,2024-09-30 00:00:00.000000,2024-11-01 00:00:00.000000,departamento,Arriendo,agency
TT-2024-11-004808,toctoc,San Miguel,Metropolitana,15.14,UF,40.3,2024-11-21 00:00:00.000000,2024-11-29 00:00:00.000000,Departamento,Arriendo,owner_direct
TT-2024-11-004672,toctoc,Peñalolén,Metropolitana,590000.0,CLP,58.6,2024-10-20 00:00:00.000000,2024-11-29 00:00:00.000000,departamento,arriendo,agency
TT-2024-11-003999,toctoc,San Miguel,Metropolitana,16.22,UF,42.7,2024-10-28 00:00:00.000000,2024-11-22 00:00:00.000000,departamento,Arriendo,owner_direct
TT-2024-11-003727,toctoc,Santiago,Metropolitana,10.95,UF,27.2,2024-10-16 00:00:00.000000,2024-11-22 00:00:00.000000,departamento,arriendo,owner_direct
TT-2024-11-003784,toctoc,Las Condes,Metropolitana,1520000.0,CLP,96.9,2024-11-21 00:00:00.000000,2024-11-22 00:00:00.000000,DEPARTAMENTO,Arriendo,agency
TT-2024-11-002277,toctoc,Independencia,Metropolitana,14.32,UF,45.9,2024-10-25 00:00:00.000000,2024-11-15 00:00:00.000000,departamento,ARRIENDO,owner_direct
TT-2024-11-003877,toctoc,Providencia,Metropolitana,33.65,UF,63.9,2024-10-22 00:00:00.000000,2024-11-22 00:00:00.000000,DEPARTAMENTO,Arriendo,agency
TT-2024-11-000557,toctoc,Puente Alto,Metropolitana,13.78,UF,63.6,2024-10-11 00:00:00.000000,2024-11-01 00:00:00.000000,Departamento,ARRIENDO,agency
TT-2024-11-000471,toctoc,Las Condes,Metropolitana,790000.0,CLP,26.3,2024-09-22 00:00:00.000000,2024-11-01 00:00:00.000000,DEPARTAMENTO,arriendo,agency
TT-2024-11-001047,toctoc,Providencia,Metropolitana,760000.0,CLP,40.6,2024-09-08 00:00:00.000000,2024-11-01 00:00:00.000000,departamento,arriendo,agency
TT-2024-11-003686,toctoc,Lo Barnechea,Metropolitana,655000.0,CLP,30.9,2024-11-04 00:00:00.000000,2024-11-22 00:00:00.000000,departamento,ARRIENDO,agency
TT-2024-11-001808,toctoc,Las Condes,Metropolitana,31.08,UF,53.8,2024-10-17 00:00:00.000000,2024-11-08 00:00:00.000000,departamento,Arriendo,agency
TT-2024-11-000037,toctoc,La Florida,Metropolitana,18.92,UF,69.8,2024-09-28 00:00:00.000000,2024-11-01 00:00:00.000000,DEPARTAMENTO,ARRIENDO,agency
TT-2024-11-001855,toctoc,San Miguel,Metropolitana,20.14,UF,67.8,2024-09-30 00:00:00.000000,2024-11-08 00:00:00.000000,departamento,ARRIENDO,agency
TT-2024-11-003455,toctoc,Las Condes,Metropolitana,24.05,UF,35.6,2024-11-08 00:00:00.000000,2024-11-22 00:00:00.000000,DEPARTAMENTO,ARRIENDO,agency
TT-2024-11-002347,toctoc,Puente Alto,Metropolitana,490000.0,CLP,53.0,2024-10-18 00:00:00.000000,2024-11-15 00:00:00.000000,DEPARTAMENTO,ARRIENDO,agency
TT-2024-11-003796,toctoc,Las Condes,Metropolitana,865000.0,CLP,27.4,2024-10-15 00:00:00.000000,2024-11-22 00:00:00.000000,Departamento,arriendo,owner_direct
TT-2024-11-001085,toctoc,Vitacura,Metropolitana,33.51,UF,41.7,2024-10-22 00:00:00.000000,2024-11-01 00:00:00.000000,departamento,ARRIENDO,owner_direct
TT-2024-11-001314,toctoc,Independencia,Metropolitana,15.81,UF,66.3,2024-10-28 00:00:00.000000,2024-11-08 00:00:00.000000,DEPARTAMENTO,Arriendo,agency
TT-2024-11-000907,toctoc,Independencia,Metropolitana,400000.0,CLP,10.0,2024-10-07 00:00:00.000000,2024-11-01 00:00:00.000000,DEPARTAMENTO,ARRIENDO,agency
TT-2024-11-002598,toctoc,Independencia,Metropolitana,21.08,UF,59.5,2024-10-10 00:00:00.000000,2024-11-15 00:00:00.000000,Departamento,Arriendo,agency
TT-2024-11-001209,toctoc,Macul,Metropolitana,530000.0,CLP,30.2,2024-10-24 00:00:00.000000,2024-11-01 00:00:00.000000,Departamento,arriendo,agency
TT-2024-11-000281,toctoc,San Joaquín,Metropolitana,610000.0,CLP,41.6,2024-10-12 00:00:00.000000,2024-11-01 00:00:00.000000,Departamento,ARRIENDO,owner_direct
TT-2024-11-002135,toctoc,Providencia,Metropolitana,22.03,UF,39.0,2024-08-26 00:00:00.000000,2024-11-08 00:00:00.000000,Departamento,ARRIENDO,
TT-2024-11-001340,toctoc,Las Condes,Metropolitana,27.84,UF,50.1,2024-09-19 00:00:00.000000,2024-11-08 00:00:00.000000,Departamento,Arriendo,agency
TT-2024-11-003448,toctoc,Cerrillos,Metropolitana,695000.0,CLP,59.7,2024-10-07 00:00:00.000000,2024-11-22 00:00:00.000000,Departamento,arriendo,owner_direct
TT-2024-11-002611,toctoc,Estación Central,Metropolitana,18.11,UF,74.3,2024-10-17 00:00:00.000000,2024-11-15 00:00:00.000000,Departamento,arriendo,owner_direct
TT-2024-11-002111,toctoc,Lo Barnechea,Metropolitana,920000.0,CLP,56.1,2024-10-31 00:00:00.000000,2024-11-08 00:00:00.000000,departamento,arriendo,agency
TT-2024-11-002085,toctoc,Lo Barnechea,Metropolitana,31.89,UF,52.4,2024-09-26 00:00:00.000000,2024-11-08 00:00:00.000000,departamento,Arriendo,agency
TT-2024-11-004501,toctoc,Conchalí,Metropolitana,11.89,UF,46.7,2024-11-21 00:00:00.000000,2024-11-29 00:00:00.000000,Departamento,arriendo,agency
TT-2024-11-000020,toctoc,Santiago,Metropolitana,580000.0,CLP,44.4,2024-09-28 00:00:00.000000,2024-11-01 00:00:00.000000,DEPARTAMENTO,ARRIENDO,agency
TT-2024-11-002215,toctoc,Renca,Metropolitana,760000.0,CLP,79.6,2024-11-02 00:00:00.000000,2024-11-15 00:00:00.000000,departamento,arriendo,agency
TT-2024-11-002607,toctoc,Santiago,Metropolitana,22.03,UF,74.6,2024-10-15 00:00:00.000000,2024-11-15 00:00:00.000000,Departamento,arriendo,agency
TT-2024-11-000461,toctoc,La Reina,Metropolitana,23.24,UF,47.3,2024-05-13 00:00:00.000000,2024-11-01 00:00:00.000000,DEPARTAMENTO,arriendo,owner_direct
TT-2024-11-003965,toctoc,Recoleta,Metropolitana,560000.0,CLP,45.6,2024-11-08 00:00:00.000000,2024-11-22 00:00:00.000000,Departamento,ARRIENDO,agency
TT-2024-11-000969,toctoc,Santiago,Metropolitana,835000.0,CLP,80.8,2024-09-16 00:00:00.000000,2024-11-01 00:00:00.000000,DEPARTAMENTO,ARRIENDO,agency
TT-2024-11-003989,toctoc,Renca,Metropolitana,535000.0,CLP,67.9,2024-10-03 00:00:00.000000,2024-11-22 00:00:00.000000,DEPARTAMENTO,Arriendo,owner_direct
TT-2024-11-002983,toctoc,Peñalolén,Metropolitana,710000.0,CLP,59.9,2024-11-05 00:00:00.000000,2024-11-15 00:00:00.000000,DEPARTAMENTO,Arriendo,owner_direct
TT-2024-11-002743,toctoc,San Miguel,Metropolitana,23.11,UF,71.6,2024-10-16 00:00:00.000000,2024-11-15 00:00:00.000000,DEPARTAMENTO,Arriendo,agency
TT-2024-11-001385,toctoc,Las Condes,Metropolitana,1165000.0,CLP,49.1,2024-11-02 00:00:00.000000,2024-11-08 00:00:00.000000,departamento,ARRIENDO,agency
TT-2024-11-000239,toctoc,Providencia,Metropolitana,755000.0,CLP,37.4,2024-10-26 00:00:00.000000,2024-11-01 00:00:00.000000,departamento,ARRIENDO,owner_direct
TT-2024-11-004910,toctoc,Santiago,Metropolitana,13.38,UF,43.7,2024-11-20 00:00:00.000000,2024-11-29 00:00:00.000000,departamento,arriendo,owner_direct
TT-2024-11-002688,toctoc,Puente Alto,Metropolitana,16.22,UF,59.3,2024-07-22 00:00:00.000000,2024-11-15 00:00:00.000000,departamento,Arriendo,agency
TT-2024-11-004686,toctoc,Las Condes,Metropolitana,980000.0,CLP,37.7,2024-11-15 00:00:00.000000,2024-11-29 00:00:00.000000,Departamento,ARRIENDO,agency
TT-2024-11-001438,toctoc,La Florida ,Metropolitana,625000.0,CLP,45.0,2024-11-02 00:00:00.000000,2024-11-08 00:00:00.000000,departamento,ARRIENDO,agency
TT-2024-11-001737,toctoc,Independencia,Metropolitana,15.27,UF,51.9,2024-10-31 00:00:00.000000,2024-11-08 00:00:00.000000,Departamento,Arriendo,agency
TT-2024-11-005181,toctoc,La Reina,Metropolitana,24.19,UF,47.1,2024-10-25 00:00:00.000000,2024-11-29 00:00:00.000000,Departamento,arriendo,agency
TT-2024-11-002871,toctoc,Las Condes,Metropolitana,23.38,UF,37.8,2024-10-15 00:00:00.000000,2024-11-15 00:00:00.000000,Departamento,Arriendo,owner_direct
TT-2024-11-004095,toctoc,Puente Alto,Metropolitana,147.57,UF,49.6,2024-05-26 00:00:00.000000,2024-11-22 00:00:00.000000,departamento,ARRIENDO,agency
TT-2024-11-001068,toctoc,La Cisterna,Metropolitana,14.59,UF,36.3,2024-10-15 00:00:00.000000,2024-11-01 00:00:00.000000,departamento,Arriendo,owner_direct
TT-2024-11-001582,toctoc,Conchalí,Metropolitana,12.3,UF,42.9,2024-10-25 00:00:00.000000,2024-11-08 00:00:00.000000,departamento,arriendo,agency
TT-2024-11-004209,toctoc,Santiago,Metropolitana,1250000.0,CLP,103.3,2024-11-03 00:00:00.000000,2024-11-22 00:00:00.000000,Departamento,ARRIENDO,agency
TT-2024-11-001112,toctoc,Estación Central,Metropolitana,21.08,UF,81.4,2024-10-02 00:00:00.000000,2024-11-01 00:00:00.000000,Departamento,ARRIENDO,agency
TT-2024-11-005120,toctoc,Quilicura,Metropolitana,310000.0,CLP,30.6,2024-11-21 00:00:00.000000,2024-11-29 00:00:00.000000,departamento,Arriendo,agency
TT-2024-11-003582,toctoc,Independencia,Metropolitana,605000.0,CLP,52.0,2024-06-12 00:00:00.000000,2024-11-22 00:00:00.000000,Departamento,arriendo,agency
TT-2024-11-000273,toctoc,Estación Central,Metropolitana,15.95,UF,49.1,2024-10-02 00:00:00.000000,2024-11-01 00:00:00.000000,departamento,arriendo,owner_direct
TT-2024-11-003649,toctoc,Vitacura,Metropolitana,865000.0,CLP,37.9,2024-10-29 00:00:00.000000,2024-11-22 00:00:00.000000,DEPARTAMENTO,Arriendo,agency
TT-2024-11-001272,toctoc,Vitacura,Metropolitana,34.59,UF,68.0,2024-10-13 00:00:00.000000,2024-11-08 00:00:00.000000,departamento,Arriendo,agency
TT-2024-11-004813,toctoc,Quinta Normal,Metropolitana,580000.0,CLP,48.5,2024-11-02 00:00:00.000000,2024-11-29 00:00:00.000000,departamento,ARRIENDO,owner_direct
TT-2024-11-000180,toctoc,Providencia,Metropolitana,790000.0,CLP,38.8,2024-10-18 00:00:00.000000,2024-11-01 00:00:00.000000,DEPARTAMENTO,Arriendo,agency
TT-2024-11-003145,toctoc,La Cisterna,Metropolitana,21.89,UF,79.4,2024-09-09 00:00:00.000000,2024-11-15 00:00:00.000000,Departamento,ARRIENDO,agency
TT-2024-11-000465,toctoc,Ñuñoa,Metropolitana,16.08,UF,34.6,2024-10-10 00:00:00.000000,2024-11-01 00:00:00.000000,departamento,Arriendo,agency
TT-2024-11-002757,toctoc,La Cisterna,Metropolitana,385000.0,CLP,24.9,2024-11-02 00:00:00.000000,2024-11-15 00:00:00.000000,departamento,ARRIENDO,agency
TT-2024-11-002507,toctoc,La Florida,Metropolitana,13.78,UF,38.4,2024-10-18 00:00:00.000000,2024-11-15 00:00:00.000000,DEPARTAMENTO,ARRIENDO,agency
TT-2024-11-000584,toctoc,Santiago,Metropolitana,465000.0,CLP,26.7,2024-09-18 00:00:00.000000,2024-11-01 00:00:00.000000,departamento,ARRIENDO,agency
TT-2024-11-005171,toctoc,Quinta Normal,Metropolitana,535000.0,CLP,56.3,2024-10-30 00:00:00.000000,2024-11-29 00:00:00.000000,Departamento,arriendo,owner_direct
TT-2024-11-002566,toctoc,Ñuñoa,Metropolitana,19.05,UF,43.5,2024-09-07 00:00:00.000000,2024-11-15 00:00:00.000000,departamento,ARRIENDO,agency
TT-2024-11-000817,toctoc,Macul,Metropolitana,19.73,UF,66.7,2024-10-19 00:00:00.000000,2024-11-01 00:00:00.000000,Departamento,arriendo,agency
TT-2024-11-005099,toctoc,Estación Central,Metropolitana,360000.0,CLP,12.0,2024-05-05 00:00:00.000000,2024-11-29 00:00:00.000000,Departamento,Arriendo,owner_direct
TT-2024-11-001684,toctoc,Macul,Metropolitana,14.05,UF,39.7,2024-10-03 00:00:00.000000,2024-11-08 00:00:00.000000,departamento,ARRIENDO,agency
TT-2024-11-001847,toctoc,Las Condes,Metropolitana,1225000.0,CLP,65.7,2024-10-15 00:00:00.000000,2024-11-08 00:00:00.000000,departamento,Arriendo,agency
TT-2024-11-002934,toctoc,San Miguel,Metropolitana,14.46,UF,38.4,2024-09-18 00:00:00.000000,2024-11-15 00:00:00.000000,DEPARTAMENTO,ARRIENDO,agency
TT-2024-11-004387,toctoc,Quilicura,Metropolitana,12.7,UF,69.7,2024-10-24 00:00:00.000000,2024-11-29 00:00:00.000000,Departamento,Arriendo,owner_direct
TT-2024-11-005444,toctoc,Recoleta,Metropolitana,15.68,UF,62.9,2024-11-18 00:00:00.000000,2024-11-29 00:00:00.000000,DEPARTAMENTO,ARRIENDO,agency
TT-2024-11-001993,toctoc,Santiago,Metropolitana,22.3,UF,56.6,2024-09-09 00:00:00.000000,2024-11-08 00:00:00.000000,DEPARTAMENTO,arriendo,owner_direct
TT-2024-11-003387,toctoc,Independencia,Metropolitana,865000.0,CLP,97.3,2024-11-08 00:00:00.000000,2024-11-22 00:00:00.000000,DEPARTAMENTO,Arriendo,agency
TT-2024-11-001536,toctoc,Huechuraba,Metropolitana,545000.0,CLP,32.0,2024-09-20 00:00:00.000000,2024-11-08 00:00:00.000000,departamento,Arriendo,owner_direct
TT-2024-11-002071,toctoc,Ñuñoa,Metropolitana,755000.0,CLP,49.1,2024-11-04 00:00:00.000000,2024-11-08 00:00:00.000000,Departamento,arriendo,owner_direct
TT-2024-11-004745,toctoc,Quinta Normal,Metropolitana,735000.0,CLP,85.4,2024-11-07 00:00:00.000000,2024-11-29 00:00:00.000000,departamento,arriendo,agency
TT-2024-11-000975,toctoc,La Florida,Metropolitana,12.57,UF,42.8,2024-08-14 00:00:00.000000,2024-11-01 00:00:00.000000,departamento,ARRIENDO,owner_direct
TT-2024-11-003802,toctoc,La Cisterna,Metropolitana,10.54,UF,25.4,2024-11-04 00:00:00.000000,2024-11-22 00:00:00.000000,Departamento,ARRIENDO,agency
TT-2024-11-003768,toctoc, Providencia,Metropolitana,965000.0,CLP,51.7,2024-11-15 00:00:00.000000,2024-11-22 00:00:00.000000,Departamento,ARRIENDO,agency
TT-2024-11-003765,toctoc,Santiago,Metropolitana,15.95,UF,44.3,2024-11-19 00:00:00.000000,2024-11-22 00:00:00.000000,DEPARTAMENTO,Arriendo,agency
TT-2024-11-001428,toctoc,Las Condes,Metropolitana,24.86,UF,45.6,2024-10-26 00:00:00.000000,2024-11-08 00:00:00.000000,departamento,ARRIENDO,agency
TT-2024-11-001732,toctoc,La Florida,Metropolitana,21.08,UF,92.7,2024-10-10 00:00:00.000000,2024-11-08 00:00:00.000000,departamento,arriendo,agency
TT-2024-11-004735,toctoc,Macul,Metropolitana,21.89,UF,82.5,2024-10-29 00:00:00.000000,2024-11-29 00:00:00.000000,Departamento,arriendo,owner_direct
TT-2024-11-004094,toctoc,Providencia,Metropolitana,29.32,UF,84.4,2024-11-16 00:00:00.000000,2024-11-22 00:00:00.000000,DEPARTAMENTO,ARRIENDO,agency
TT-2024-11-002067,toctoc,Pudahuel,Metropolitana,470000.0,CLP,38.3,2024-10-16 00:00:00.000000,2024-11-08 00:00:00.000000,departamento,Arriendo,owner_direct
TT-2024-11-000421,toctoc,Las Condes,Metropolitana,1020000.0,CLP,54.3,2024-10-05 00:00:00.000000,2024-11-01 00:00:00.000000,DEPARTAMENTO,Arriendo,agency
TT-2024-11-003844,toctoc,Lo Barnechea,Metropolitana,23.92,UF,39.5,2024-07-24 00:00:00.000000,2024-11-22 00:00:00.000000,departamento,Arriendo,agency
TT-2024-11-000208,toctoc,La Reina,Metropolitana,27.16,UF,56.7,2024-05-12 00:00:00.000000,2024-11-01 00:00:00.000000,Departamento,arriendo,owner_direct
TT-2024-11-001610,toctoc,La Florida,Metropolitana,480000.0,CLP,33.2,2024-10-23 00:00:00.000000,2024-11-08 00:00:00.000000,departamento,arriendo,agency
TT-2024-11-000373,toctoc,Maipú,Metropolitana,410000.0,CLP,34.1,2024-09-30 00:00:00.000000,2024-11-01 00:00:00.000000,Departamento,arriendo,agency
TT-2024-11-004382,toctoc,Santiago,Metropolitana,535000.0,CLP,32.5,2024-10-22 00:00:00.000000,2024-11-29 00:00:00.000000,Departamento,Arriendo,agency
TT-2024-11-004009,toctoc,Providencia,Metropolitana,23.78,UF,27.8,2024-10-16 00:00:00.000000,2024-11-22 00:00:00.000000,Departamento,ARRIENDO,owner_direct
TT-2024-11-001079,toctoc,La Florida,Metropolitana,585000.0,CLP,66.5,2024-10-21 00:00:00.000000,2024-11-01 00:00:00.000000,departamento,Arriendo,agency
TT-2024-11-002062,toctoc,Huechuraba,Metropolitana,1245000.0,CLP,147.5,2024-11-01 00:00:00.000000,2024-11-08 00:00:00.000000,departamento,Arriendo,agency
TT-2024-11-004792,toctoc,Santiago,Metropolitana,630000.0,CLP,55.9,2024-10-31 00:00:00.000000,2024-11-29 00:00:00.000000,DEPARTAMENTO,Arriendo,owner_direct
TT-2024-11-002860,toctoc,Santiago,Metropolitana,22.16,UF,74.2,2024-11-03 00:00:00.000000,2024-11-15 00:00:00.000000,departamento,ARRIENDO,agency
TT-2024-11-000302,toctoc,Recoleta,Metropolitana,18.11,UF,65.3,2024-09-29 00:00:00.000000,2024-11-01 00:00:00.000000,departamento,Arriendo,owner_direct
TT-2024-11-002363,toctoc,Lo Barnechea,Metropolitana,32.7,UF,99.5,2024-11-06 00:00:00.000000,2024-11-15 00:00:00.000000,DEPARTAMENTO,Arriendo,agency
TT-2024-11-002054,toctoc,Quinta Normal,Metropolitana,445000.0,CLP,58.3,2024-10-20 00:00:00.000000,2024-11-08 00:00:00.000000,DEPARTAMENTO,Arriendo,agency
TT-2024-11-003834,toctoc,Santiago,Metropolitana,14.73,UF,34.9,2024-11-02 00:00:00.000000,2024-11-22 00:00:00.000000,Departamento,arriendo,agency
TT-2024-11-004422,toctoc,Macul,Metropolitana,15.81,UF,43.3,2024-08-03 00:00:00.000000,2024-11-29 00:00:00.000000,DEPARTAMENTO,ARRIENDO,agency
TT-2024-11-001469,toctoc,La Florida,Metropolitana,15.54,UF,59.6,2024-09-11 00:00:00.000000,2024-11-08 00:00:00.000000,Departamento,Arriendo,agency
TT-2024-11-001694,toctoc,Macul,Metropolitana,23.11,UF,75.2,2024-05-11 00:00:00.000000,2024-11-08 00:00:00.000000,DEPARTAMENTO,arriendo,owner_direct
TT-2024-11-003345,toctoc,Vitacura,Metropolitana,32.43,UF,48.1,2024-11-07 00:00:00.000000,2024-11-15 00:00:00.000000,departamento,Arriendo,owner_direct
TT-2024-11-001823,toctoc,Maipú,Metropolitana,12.16,UF,57.1,2024-10-17 00:00:00.000000,2024-11-08 00:00:00.000000,departamento,Arriendo,owner_direct
TT-2024-11-003268,toctoc,Ñuñoa,Metropolitana,940000.0,CLP,79.4,2024-05-26 00:00:00.000000,2024-11-15 00:00:00.000000,departamento,Arriendo,owner_direct
TT-2024-11-003114,toctoc,San Miguel,Metropolitana,14.19,UF,45.7,2024-07-29 00:00:00.000000,2024-11-15 00:00:00.000000,departamento,ARRIENDO,agency
TT-2024-11-004408,toctoc,Ñuñoa,Metropolitana,30.0,UF,79.9,2024-11-02 00:00:00.000000,2024-11-29 00:00:00.000000,DEPARTAMENTO,ARRIENDO,agency
TT-2024-11-003014,toctoc,San Miguel,Metropolitana,495000.0,CLP,36.5,2024-09-27 00:00:00.000000,2024-11-15 00:00:00.000000,departamento,arriendo,owner_direct
TT-2024-11-001757,toctoc,Ñuñoa,Metropolitana,950000.0,CLP,68.7,2024-10-08 00:00:00.000000,2024-11-08 00:00:00.000000,departamento,arriendo,agency
TT-2024-11-005229,toctoc,Huechuraba,Metropolitana,13.11,UF,33.1,2024-11-16 00:00:00.000000,2024-11-29 00:00:00.000000,departamento,ARRIENDO,agency
TT-2024-11-000847,toctoc,Puente Alto,Metropolitana,11.08,UF,41.4,2024-09-16 00:00:00.000000,2024-11-01 00:00:00.000000,departamento,ARRIENDO,owner_direct
TT-2024-11-001630,toctoc,Providencia,Metropolitana,895000.0,CLP,42.5,2024-10-16 00:00:00.000000,2024-11-08 00:00:00.000000,Departamento,Arriendo,owner_direct
TT-2024-11-004378,toctoc,Recoleta,Metropolitana,660000.0,CLP,69.9,2024-11-11 00:00:00.000000,2024-11-29 00:00:00.000000,departamento,arriendo,owner_direct
TT-2024-11-004308,toctoc,Independencia,Metropolitana,915000.0,CLP,108.8,2024-11-20 00:00:00.000000,2024-11-29 00:00:00.000000,departamento,Arriendo,owner_direct
TT-2024-11-002596,toctoc,La Reina,Metropolitana,18.38,UF,36.6,2024-10-16 00:00:00.000000,2024-11-15 00:00:00.000000,Departamento,Arriendo,agency
TT-2024-11-004527,toctoc,Estación Central,Metropolitana,480000.0,CLP,32.6,2024-11-04 00:00:00.000000,2024-11-29 00:00:00.000000,DEPARTAMENTO,arriendo,agency
TT-2024-11-000598,toctoc,Santiago,Metropolitana,725000.0,CLP,52.3,2024-10-22 00:00:00.000000,2024-11-01 00:00:00.000000,DEPARTAMENTO,ARRIENDO,agency
TT-2024-11-001717,toctoc,La Reina,Metropolitana,20.27,UF,33.6,2024-10-07 00:00:00.000000,2024-11-08 00:00:00.000000,Departamento,arriendo,owner_direct
TT-2024-11-003968,toctoc,Macul,Metropolitana,12.43,UF,45.9,2024-11-07 00:00:00.000000,2024-11-22 00:00:00.000000,Departamento,arriendo,agency
TT-2024-11-002557,toctoc,Vitacura,Metropolitana,35.14,UF,46.4,2024-10-08 00:00:00.000000,2024-11-15 00:00:00.000000,Departamento,arriendo,agency
TT-2024-11-004071,toctoc,Huechuraba,Metropolitana,20.41,UF,62.2,2024-11-14 00:00:00.000000,2024-11-22 00:00:00.000000,Departamento,arriendo,agency
TT-2024-11-001997,toctoc,Renca,Metropolitana,8.92,UF,27.5,2024-10-10 00:00:00.000000,2024-11-08 00:00:00.000000,Departamento,ARRIENDO,agency
TT-2024-11-004036,toctoc,San Miguel,Metropolitana,595000.0,CLP,45.9,2024-11-21 00:00:00.000000,2024-11-22 00:00:00.000000,DEPARTAMENTO,Arriendo,agency
TT-2024-11-000105,toctoc,Lo Barnechea,Metropolitana,23.78,UF,45.8,2024-09-13 00:00:00.000000,2024-11-01 00:00:00.000000,DEPARTAMENTO,ARRIENDO,agency
TT-2024-11-004231,toctoc,Independencia,Metropolitana,910000.0,CLP,103.5,2024-10-04 00:00:00.000000,2024-11-22 00:00:00.000000,Departamento,arriendo,agency
TT-2024-11-004917,toctoc,Santiago,Metropolitana,16.35,UF,64.1,2024-11-24 00:00:00.000000,2024-11-29 00:00:00.000000,departamento,ARRIENDO,owner_direct
TT-2024-11-003773,toctoc,Lo Barnechea,Metropolitana,920000.0,CLP,53.9,2024-11-16 00:00:00.000000,2024-11-22 00:00:00.000000,departamento,Arriendo,agency
TT-2024-11-000574,toctoc,Quilicura,Metropolitana,1685000.0,CLP,47.2,2024-10-08 00:00:00.000000,2024-11-01 00:00:00.000000,departamento,ARRIENDO,owner_direct
TT-2024-11-000276,toctoc,Santiago,Metropolitana,14.86,UF,39.7,2024-09-11 00:00:00.000000,2024-11-01 00:00:00.000000,departamento,arriendo,owner_direct
TT-2024-11-003816,toctoc,Ñuñoa,Metropolitana,32.16,UF,83.6,2024-10-28 00:00:00.000000,2024-11-22 00:00:00.000000,Departamento,ARRIENDO,agency
TT-2024-11-001256,toctoc,Puente Alto,Metropolitana,520000.0,CLP,56.8,2024-10-22 00:00:00.000000,2024-11-08 00:00:00.000000,departamento,ARRIENDO,agency
TT-2024-11-001378,toctoc,Estación Central,Metropolitana,23.11,UF,85.0,2024-08-14 00:00:00.000000,2024-11-08 00:00:00.000000,DEPARTAMENTO,ARRIENDO,agency
TT-2024-11-004124,toctoc,Santiago,Metropolitana,505000.0,CLP,35.1,2024-10-23 00:00:00.000000,2024-11-22 00:00:00.000000,Departamento,arriendo,agency
TT-2024-11-004039,toctoc,La Florida,Metropolitana,12.3,UF,38.1,2024-11-02 00:00:00.000000,2024-11-22 00:00:00.000000,DEPARTAMENTO,Arriendo,agency
TT-2024-11-002697,toctoc,Macul,Metropolitana,605000.0,CLP,60.2,2024-10-30 00:00:00.000000,2024-11-15 00:00:00.000000,departamento,Arriendo,agency
TT-2024-11-000494,toctoc,Conchalí,Metropolitana,485000.0,CLP,41.2,2024-10-21 00:00:00.000000,2024-11-01 00:00:00.000000,Departamento,Arriendo,owner_direct
TT-2024-11-003433,toctoc,Peñalolén,Metropolitana,475000.0,CLP,34.5,2024-10-12 00:00:00.000000,2024-11-22 00:00:00.000000,departamento,ARRIENDO,agency
TT-2024-11-003728,toctoc,Maipú,Metropolitana,575000.0,CLP,82.1,2024-10-18 00:00:00.000000,2024-11-22 00:00:00.000000,departamento,arriendo,agency
TT-2024-11-001455,toctoc,Quinta Normal,Metropolitana,22.03,UF,76.0,2024-10-16 00:00:00.000000,2024-11-08 00:00:00.000000,departamento,Arriendo,agency
TT-2024-11-004521,toctoc,La Reina,Metropolitana,960000.0,CLP,44.0,2024-11-13 00:00:00.000000,2024-11-29 00:00:00.000000,Departamento,Arriendo,agency
TT-2024-11-001160,toctoc,Quinta Normal,Metropolitana,12.16,UF,48.6,2024-10-09 00:00:00.000000,2024-11-01 00:00:00.000000,DEPARTAMENTO,arriendo,agency
TT-2024-11-000112,toctoc,Ñuñoa,Metropolitana,915000.0,CLP,60.7,2024-08-06 00:00:00.000000,2024-11-01 00:00:00.000000,DEPARTAMENTO,Arriendo,agency
TT-2024-11-001622,toctoc,Quinta Normal,Metropolitana,890000.0,CLP,89.9,2024-10-10 00:00:00.000000,2024-11-08 00:00:00.000000,DEPARTAMENTO,Arriendo,owner_direct
TT-2024-11-001508,toctoc,Providencia,Metropolitana,27.97,UF,56.8,2024-10-05 00:00:00.000000,2024-11-08 00:00:00.000000,departamento,arriendo,agency
TT-2024-11-000350,toctoc,Santiago,Metropolitana,865000.0,CLP,73.3,2024-10-14 00:00:00.000000,2024-11-01 00:00:00.000000,Departamento,ARRIENDO,owner_direct
TT-2024-11-001204,toctoc,La Cisterna,Metropolitana,12.16,UF,29.3,2024-09-24 00:00:00.000000,2024-11-01 00:00:00.000000,departamento,arriendo,agency
TT-2024-11-001772,toctoc,Las Condes,Metropolitana,815000.0,CLP,32.0,2024-10-16 00:00:00.000000,2024-11-08 00:00:00.000000,Departamento,ARRIENDO,agency
TT-2024-11-001240,toctoc,Maipú,Metropolitana,12.57,UF,38.8,2024-10-21 00:00:00.000000,2024-11-08 00:00:00.000000,DEPARTAMENTO,Arriendo,agency
TT-2024-11-001667,toctoc,Quinta Normal,Metropolitana,13.38,UF,41.6,2024-10-12 00:00:00.000000,2024-11-08 00:00:00.000000,Departamento,arriendo,agency
TT-2024-11-001167,toctoc,Ñuñoa,Metropolitana,875000.0,CLP,53.3,2024-10-28 00:00:00.000000,2024-11-01 00:00:00.000000,departamento,arriendo,owner_direct
TT-2024-11-004219,toctoc,Renca,Metropolitana,11.35,UF,44.2,2024-10-21 00:00:00.000000,2024-11-22 00:00:00.000000,DEPARTAMENTO,arriendo,agency
TT-2024-11-002272,toctoc,San Miguel,Metropolitana,15.81,UF,42.1,2024-10-25 00:00:00.000000,2024-11-15 00:00:00.000000,departamento,Arriendo,agency
TT-2024-11-000603,toctoc,Ñuñoa,Metropolitana,675000.0,CLP,60.1,2024-09-25 00:00:00.000000,2024-11-01 00:00:00.000000,Departamento,Arriendo,agency
TT-2024-11-004995,toctoc,Vitacura,Metropolitana,45.0,UF,84.2,2024-11-17 00:00:00.000000,2024-11-29 00:00:00.000000,DEPARTAMENTO,arriendo,agency
TT-2024-11-003375,toctoc,Huechuraba ,Metropolitana,880000.0,CLP,71.9,2024-11-03 00:00:00.000000,2024-11-22 00:00:00.000000,Departamento,arriendo,agency
TT-2024-11-000945,toctoc,Estación Central,Metropolitana,21.08,UF,74.5,2024-09-22 00:00:00.000000,2024-11-01 00:00:00.000000,departamento,arriendo,agency
TT-2024-11-000911,toctoc,Maipú,Metropolitana,12.7,UF,38.7,2024-10-26 00:00:00.000000,2024-11-01 00:00:00.000000,departamento,Arriendo,agency
TT-2024-11-004965,toctoc,Santiago,Metropolitana,8075000.0,CLP,64.3,2024-06-18 00:00:00.000000,2024-11-29 00:00:00.000000,DEPARTAMENTO,Arriendo,agency
TT-2024-11-002838,toctoc,Providencia,Metropolitana,23.11,UF,40.2,2024-11-07 00:00:00.000000,2024-11-15 00:00:00.000000,DEPARTAMENTO,arriendo,agency
TT-2024-11-005298,toctoc,Macul,Metropolitana,600000.0,CLP,41.5,2024-11-06 00:00:00.000000,2024-11-29 00:00:00.000000,departamento,Arriendo,owner_direct
TT-2024-11-003500,toctoc,La Florida,Metropolitana,12.43,UF,45.2,2024-10-04 00:00:00.000000,2024-11-22 00:00:00.000000,departamento,arriendo,owner_direct
TT-2024-11-005445,toctoc,Las Condes,Metropolitana,945000.0,CLP,32.1,2024-05-29 00:00:00.000000,2024-11-29 00:00:00.000000,Departamento,ARRIENDO,owner_direct
TT-2024-11-002898,toctoc,La Florida,Metropolitana,18.11,UF,75.6,2024-09-26 00:00:00.000000,2024-11-15 00:00:00.000000,departamento,Arriendo,agency
TT-2024-11-005061,toctoc,Estación Central,Metropolitana,10.95,UF,44.7,2024-11-03 00:00:00.000000,2024-11-29 00:00:00.000000,Departamento,ARRIENDO,agency
TT-2024-11-004218,toctoc,Pudahuel,Metropolitana,550000.0,CLP,58.2,2024-09-27 00:00:00.000000,2024-11-22 00:00:00.000000,departamento,arriendo,agency
TT-2024-11-000261,toctoc,San Joaquín,Metropolitana,13.24,UF,40.0,2024-10-22 00:00:00.000000,2024-11-01 00:00:00.000000,DEPARTAMENTO,ARRIENDO,agency
TT-2024-11-000569,toctoc,Las Condes,Metropolitana,24.32,UF,41.9,2024-09-24 00:00:00.000000,2024-11-01 00:00:00.000000,departamento,ARRIENDO,agency
TT-2024-11-004744,toctoc,Peñalolén,Metropolitana,16.22,UF,62.2,2024-11-01 00:00:00.000000,2024-11-29 00:00:00.000000,departamento,ARRIENDO,owner_direct
TT-2024-11-002813,toctoc,La Florida,Metropolitana,420000.0,CLP,32.2,2024-09-29 00:00:00.000000,2024-11-15 00:00:00.000000,departamento,Arriendo,owner_direct
TT-2024-11-003468,toctoc,Providencia,Metropolitana,1255000.0,CLP,63.3,2024-10-06 00:00:00.000000,2024-11-22 00:00:00.000000,departamento,Arriendo,agency
TT-2024-11-004794,toctoc,Puente Alto,Metropolitana,575000.0,CLP,75.4,2024-10-30 00:00:00.000000,2024-11-29 00:00:00.000000,DEPARTAMENTO,ARRIENDO,agency
TT-2024-11-000103,toctoc,Lo Barnechea,Metropolitana,920000.0,CLP,44.0,2024-10-13 00:00:00.000000,2024-11-01 00:00:00.000000,Departamento,ARRIENDO,agency
TT-2024-11-004815,toctoc,Peñalolén,Metropolitana,830000.0,CLP,68.8,2024-11-18 00:00:00.000000,2024-11-29 00:00:00.000000,departamento,ARRIENDO,agency
TT-2024-11-005322,toctoc,Quinta Normal,Metropolitana,11.35,UF,44.5,2024-11-22 00:00:00.000000,2024-11-29 00:00:00.000000,DEPARTAMENTO,arriendo,agency
TT-2024-11-004956,toctoc,Recoleta,Metropolitana,14.32,UF,60.2,2024-10-15 00:00:00.000000,2024-11-29 00:00:00.000000,DEPARTAMENTO,Arriendo,agency
TT-2024-11-001697,toctoc,La Reina,Metropolitana,695000.0,CLP,39.1,2024-10-11 00:00:00.000000,2024-11-08 00:00:00.000000,DEPARTAMENTO,Arriendo,agency
TT-2024-11-004238,toctoc, San Miguel,Metropolitana,17.97,UF,63.4,2024-09-07 00:00:00.000000,2024-11-22 00:00:00.000000,DEPARTAMENTO,ARRIENDO,agency
TT-2024-11-002315,toctoc,Santiago,Metropolitana,17.97,UF,42.0,2024-10-09 00:00:00.000000,2024-11-15 00:00:00.000000,Departamento,ARRIENDO,owner_direct
TT-2024-11-002689,toctoc,San Miguel,Metropolitana,18.11,UF,57.5,2024-10-06 00:00:00.000000,2024-11-15 00:00:00.000000,departamento,Arriendo,agency
TT-2024-11-002576,toctoc,Quinta Normal,Metropolitana,16.08,UF,50.5,2024-10-27 00:00:00.000000,2024-11-15 00:00:00.000000,Departamento,arriendo,owner_direct
TT-2024-11-003692,toctoc,Providencia,Metropolitana,50.68,UF,122.9,2024-11-07 00:00:00.000000,2024-11-22 00:00:00.000000,DEPARTAMENTO,arriendo,agency
TT-2024-11-005265,toctoc,Recoleta ,Metropolitana,475000.0,CLP,45.4,2024-10-25 00:00:00.000000,2024-11-29 00:00:00.000000,Departamento,Arriendo,agency
TT-2024-11-001981,toctoc,Vitacura,Metropolitana,49.05,UF,80.5,2024-10-11 00:00:00.000000,2024-11-08 00:00:00.000000,DEPARTAMENTO,Arriendo,owner_direct
TT-2024-11-003931,toctoc,Maipú,Metropolitana,11.76,UF,40.0,2024-09-26 00:00:00.000000,2024-11-22 00:00:00.000000,DEPARTAMENTO,Arriendo,agency
TT-2024-11-001242,toctoc,Maipú,Metropolitana,620000.0,CLP,68.8,2024-10-18 00:00:00.000000,2024-11-08 00:00:00.000000,DEPARTAMENTO,ARRIENDO,owner_direct
TT-2024-11-005047,toctoc,San Miguel,Metropolitana,17.57,UF,45.0,2024-11-01 00:00:00.000000,2024-11-29 00:00:00.000000,DEPARTAMENTO,ARRIENDO,agency
TT-2024-11-004056,toctoc,Puente Alto,Metropolitana,455000.0,CLP,43.7,2024-10-24 00:00:00.000000,2024-11-22 00:00:00.000000,DEPARTAMENTO,Arriendo,agency
TT-2024-11-000813,toctoc,Peñalolén,Metropolitana,915000.0,CLP,86.9,2024-09-08 00:00:00.000000,2024-11-01 00:00:00.000000,DEPARTAMENTO,Arriendo,owner_direct
TT-2024-11-001496,toctoc,Santiago,Metropolitana,20.0,UF,45.1,2024-06-11 00:00:00.000000,2024-11-08 00:00:00.000000,Departamento,ARRIENDO,owner_direct
TT-2024-11-005085,toctoc,Quinta Normal,Metropolitana,12.7,UF,48.2,2024-10-12 00:00:00.000000,2024-11-29 00:00:00.000000,departamento,Arriendo,
TT-2024-11-004452,toctoc,Quinta Normal ,Metropolitana,540000.0,CLP,62.5,2024-11-23 00:00:00.000000,2024-11-29 00:00:00.000000,DEPARTAMENTO,ARRIENDO,agency
TT-2024-11-004596,toctoc,Maipú,Metropolitana,785000.0,CLP,81.2,2024-08-01 00:00:00.000000,2024-11-29 00:00:00.000000,departamento,Arriendo,agency
TT-2024-11-003291,toctoc,La Florida,Metropolitana,1060000.0,CLP,114.0,2024-09-19 00:00:00.000000,2024-11-15 00:00:00.000000,DEPARTAMENTO,ARRIENDO,agency
TT-2024-11-005358,toctoc,Las Condes,Metropolitana,37.97,UF,74.2,2024-11-22 00:00:00.000000,2024-11-29 00:00:00.000000,DEPARTAMENTO,arriendo,owner_direct
TT-2024-11-000016,toctoc,Lo Barnechea,Metropolitana,20.54,UF,40.4,2024-10-14 00:00:00.000000,2024-11-01 00:00:00.000000,Departamento,ARRIENDO,owner_direct
TT-2024-11-005493,toctoc,Estación Central,Metropolitana,10.95,UF,29.5,2024-11-24 00:00:00.000000,2024-11-29 00:00:00.000000,departamento,Arriendo,owner_direct
TT-2024-11-002442,toctoc,Huechuraba,Metropolitana,625000.0,CLP,45.7,2024-11-02 00:00:00.000000,2024-11-15 00:00:00.000000,departamento,Arriendo,agency
TT-2024-11-001103,toctoc,Providencia,Metropolitana,23.51,UF,34.9,2024-10-23 00:00:00.000000,2024-11-01 00:00:00.000000,DEPARTAMENTO,ARRIENDO,owner_direct
TT-2024-11-001312,toctoc,Providencia,Metropolitana,33.11,UF,82.0,2024-10-21 00:00:00.000000,2024-11-08 00:00:00.000000,departamento,arriendo,
TT-2024-11-003591,toctoc,Maipú,Metropolitana,600000.0,CLP,46.8,2024-09-29 00:00:00.000000,2024-11-22 00:00:00.000000,departamento,Arriendo,agency
TT-2024-11-002088,toctoc,La Florida,Metropolitana,11.76,UF,30.9,2024-10-28 00:00:00.000000,2024-11-08 00:00:00.000000,DEPARTAMENTO,arriendo,agency
TT-2024-11-003091,toctoc,Peñalolén,Metropolitana,315.41,UF,122.7,2024-09-23 00:00:00.000000,2024-11-15 00:00:00.000000,Departamento,ARRIENDO,agency
TT-2024-11-001491,toctoc,Ñuñoa,Metropolitana,905000.0,CLP,57.9,2024-10-22 00:00:00.000000,2024-11-08 00:00:00.000000,departamento,Arriendo,owner_direct
TT-2024-11-002472,toctoc,Estación Central,Metropolitana,17.3,UF,62.8,2024-09-17 00:00:00.000000,2024-11-15 00:00:00.000000,DEPARTAMENTO,Arriendo,agency
TT-2024-11-005095,toctoc,Independencia,Metropolitana,470000.0,CLP,35.4,2024-08-28 00:00:00.000000,2024-11-29 00:00:00.000000,DEPARTAMENTO,arriendo,owner_direct
TT-2024-11-002792,toctoc,Macul,Metropolitana,655000.0,CLP,47.8,2024-10-13 00:00:00.000000,2024-11-15 00:00:00.000000,departamento,ARRIENDO,agency
TT-2024-11-003215,toctoc,Pudahuel,Metropolitana,15.41,UF,62.4,2024-11-10 00:00:00.000000,2024-11-15 00:00:00.000000,Departamento,arriendo,owner_direct
TT-2024-11-003380,toctoc,Las Condes,Metropolitana,855000.0,CLP,32.2,2024-11-04 00:00:00.000000,2024-11-22 00:00:00.000000,Departamento,Arriendo,agency
TT-2024-11-004291,toctoc,Santiago,Metropolitana,23.78,UF,70.6,2024-11-01 00:00:00.000000,2024-11-29 00:00:00.000000,departamento,Arriendo,agency
TT-2024-11-000259,toctoc,Pudahuel,Metropolitana,10.81,UF,33.6,2024-10-22 00:00:00.000000,2024-11-01 00:00:00.000000,DEPARTAMENTO,ARRIENDO,agency
TT-2024-11-001542,toctoc,San Miguel,Metropolitana,12.03,UF,32.7,2024-10-29 00:00:00.000000,2024-11-08 00:00:00.000000,DEPARTAMENTO,Arriendo,agency
TT-2024-11-001064,toctoc,Ñuñoa,Metropolitana,44.86,UF,135.5,2024-07-16 00:00:00.000000,2024-11-01 00:00:00.000000,Departamento,ARRIENDO,owner_direct
TT-2024-11-003883,toctoc,Ñuñoa,Metropolitana,890000.0,CLP,75.3,2024-11-03 00:00:00.000000,2024-11-22 00:00:00.000000,departamento,ARRIENDO,agency
TT-2024-11-000219,toctoc,Ñuñoa,Metropolitana,28.38,UF,73.3,2024-10-19 00:00:00.000000,2024-11-01 00:00:00.000000,DEPARTAMENTO,ARRIENDO,owner_direct
TT-2024-11-003562,toctoc,Estación Central,Metropolitana,14.19,UF,56.2,2024-10-27 00:00:00.000000,2024-11-22 00:00:00.000000,departamento,arriendo,agency
TT-2024-11-000902,toctoc,San Miguel,Metropolitana,13.92,UF,45.7,2024-10-18 00:00:00.000000,2024-11-01 00:00:00.000000,Departamento,Arriendo,owner_direct
TT-2024-11-005115,toctoc,Las Condes,Metropolitana,950000.0,CLP,33.7,2024-11-12 00:00:00.000000,2024-11-29 00:00:00.000000,Departamento,Arriendo,owner_direct
TT-2024-11-005413,toctoc,Peñalolén,Metropolitana,660000.0,CLP,52.4,2024-11-19 00:00:00.000000,2024-11-29 00:00:00.000000,departamento,ARRIENDO,agency
TT-2024-11-001685,toctoc,Providencia,Metropolitana,18.92,UF,39.2,2024-10-29 00:00:00.000000,2024-11-08 00:00:00.000000,Departamento,arriendo,agency
TT-2024-11-004857,toctoc,La Cisterna,Metropolitana,435000.0,CLP,27.2,2024-11-13 00:00:00.000000,2024-11-29 00:00:00.000000,departamento,ARRIENDO,owner_direct
TT-2024-11-004017,toctoc,Maipú,Metropolitana,2505000.0,CLP,400.0,2024-10-15 00:00:00.000000,2024-11-22 00:00:00.000000,departamento,arriendo,owner_direct
TT-2024-11-001072,toctoc, Lo Barnechea,Metropolitana,1130000.0,CLP,49.7,2024-10-06 00:00:00.000000,2024-11-01 00:00:00.000000,departamento,arriendo,owner_direct
TT-2024-11-002460,toctoc,La Reina,Metropolitana,1330000.0,CLP,85.5,2024-10-31 00:00:00.000000,2024-11-15 00:00:00.000000,Departamento,Arriendo,agency
TT-2024-11-001165,toctoc,San Miguel,Metropolitana,520000.0,CLP,48.1,2024-10-24 00:00:00.000000,2024-11-01 00:00:00.000000,departamento,arriendo,owner_direct
TT-2024-11-004646,toctoc,Macul,Metropolitana,20.14,UF,66.9,2024-09-18 00:00:00.000000,2024-11-29 00:00:00.000000,Departamento,Arriendo,owner_direct
TT-2024-11-003605,toctoc,Ñuñoa,Metropolitana,16.35,UF,34.9,2024-11-07 00:00:00.000000,2024-11-22 00:00:00.000000,departamento,ARRIENDO,agency
TT-2024-11-001356,toctoc,Ñuñoa,Metropolitana,14.05,UF,30.3,2024-08-01 00:00:00.000000,2024-11-08 00:00:00.000000,Departamento,Arriendo,agency
TT-2024-11-002113,toctoc,Puente Alto,Metropolitana,12.7,UF,49.2,2024-10-24 00:00:00.000000,2024-11-08 00:00:00.000000,departamento,Arriendo,agency
TT-2024-11-000257,toctoc,Santiago,Metropolitana,21.35,UF,56.4,2024-10-13 00:00:00.000000,2024-11-01 00:00:00.000000,DEPARTAMENTO,Arriendo,agency
TT-2024-11-001810,toctoc,Peñalolén,Metropolitana,17.84,UF,63.8,2024-09-29 00:00:00.000000,2024-11-08 00:00:00.000000,departamento,arriendo,owner_direct
TT-2024-11-000303,toctoc,Cerrillos,Metropolitana,13.11,UF,48.7,2024-10-08 00:00:00.000000,2024-11-01 00:00:00.000000,DEPARTAMENTO,Arriendo,owner_direct
TT-2024-11-000252,toctoc,Estación Central,Metropolitana,7130000.0,CLP,75.4,2024-10-18 00:00:00.000000,2024-11-01 00:00:00.000000,departamento,arriendo,agency
TT-2024-11-005478,toctoc,Conchalí,Metropolitana,126.08,UF,61.2,2024-11-08 00:00:00.000000,2024-11-29 00:00:00.000000,DEPARTAMENTO,ARRIENDO,agency
TT-2024-11-001352,toctoc,La Florida,Metropolitana,11.76,UF,40.7,2024-10-03 00:00:00.000000,2024-11-08 00:00:00.000000,DEPARTAMENTO,ARRIENDO,agency
TT-2024-11-000555,toctoc,Providencia,Metropolitana,17.57,UF,28.4,2024-10-16 00:00:00.000000,2024-11-01 00:00:00.000000,DEPARTAMENTO,Arriendo,
TT-2024-11-002542,toctoc,Recoleta,Metropolitana,13.65,UF,40.9,2024-10-15 00:00:00.000000,2024-11-15 00:00:00.000000,departamento,ARRIENDO,agency
TT-2024-11-000641,toctoc,Vitacura,Metropolitana,31.76,UF,51.3,2024-10-24 00:00:00.000000,2024-11-01 00:00:00.000000,departamento,Arriendo,owner_direct
TT-2024-11-001207,toctoc,Macul,Metropolitana,1180000.0,CLP,112.4,2024-10-14 00:00:00.000000,2024-11-01 00:00:00.000000,departamento,Arriendo,agency
TT-2024-11-005379,toctoc,Recoleta ,Metropolitana,27.3,UF,121.0,2024-11-13 00:00:00.000000,2024-11-29 00:00:00.000000,Departamento,ARRIENDO,agency
TT-2024-11-001527,toctoc,Las Condes,Metropolitana,940000.0,CLP,38.4,2024-11-02 00:00:00.000000,2024-11-08 00:00:00.000000,DEPARTAMENTO,Arriendo,owner_direct
TT-2024-11-003133,toctoc,Independencia,Metropolitana,485000.0,CLP,38.4,2024-10-28 00:00:00.000000,2024-11-15 00:00:00.000000,DEPARTAMENTO,Arriendo,agency
TT-2024-11-000225,toctoc,La Florida,Metropolitana,495000.0,CLP,29.2,2024-09-27 00:00:00.000000,2024-11-01 00:00:00.000000,Departamento,ARRIENDO,agency
TT-2024-11-000088,toctoc,Cerrillos,Metropolitana,20.81,UF,79.6,2024-10-16 00:00:00.000000,2024-11-01 00:00:00.000000,DEPARTAMENTO,arriendo,owner_direct
TT-2024-11-005135,toctoc,Macul,Metropolitana,10.41,UF,27.9,2024-09-27 00:00:00.000000,2024-11-29 00:00:00.000000,DEPARTAMENTO,arriendo,agency
TT-2024-11-005145,toctoc,Pudahuel,Metropolitana,420000.0,CLP,41.6,2024-10-29 00:00:00.000000,2024-11-29 00:00:00.000000,departamento,Arriendo,agency
TT-2024-11-005355,toctoc,Puente Alto,Metropolitana,11.89,UF,42.9,2024-11-19 00:00:00.000000,2024-11-29 00:00:00.000000,Departamento,arriendo,owner_direct
TT-2024-11-002463,toctoc,Independencia,Metropolitana,575000.0,CLP,51.3,2024-11-06 00:00:00.000000,2024-11-15 00:00:00.000000,DEPARTAMENTO,ARRIENDO,agency
TT-2024-11-002108,toctoc,Peñalolén,Metropolitana,495000.0,CLP,41.3,2024-10-21 00:00:00.000000,2024-11-08 00:00:00.000000,departamento,arriendo,owner_direct
TT-2024-11-000553,toctoc,San Miguel,Metropolitana,16.89,UF,41.6,2024-07-27 00:00:00.000000,2024-11-01 00:00:00.000000,DEPARTAMENTO,arriendo,agency
TT-2024-11-000525,toctoc,Santiago,Metropolitana,1005000.0,CLP,92.2,2024-09-22 00:00:00.000000,2024-11-01 00:00:00.000000,Departamento,arriendo,agency
TT-2024-11-001700,toctoc,La Reina,Metropolitana,18.65,UF,33.8,2024-10-10 00:00:00.000000,2024-11-08 00:00:00.000000,DEPARTAMENTO,arriendo,agency
TT-2024-11-005271,toctoc,La Florida,Metropolitana,420000.0,CLP,35.0,2024-11-09 00:00:00.000000,2024-11-29 00:00:00.000000,DEPARTAMENTO,ARRIENDO,owner_direct
TT-2024-11-000637,toctoc,La Cisterna,Metropolitana,450000.0,CLP,45.2,2024-04-20 00:00:00.000000,2024-11-01 00:00:00.000000,Departamento,Arriendo,owner_direct
TT-2024-11-001945,toctoc,Estación Central,Metropolitana,16.08,UF,56.2,2024-11-03 00:00:00.000000,2024-11-08 00:00:00.000000,departamento,ARRIENDO,agency
TT-2024-11-003507,toctoc,Estación Central,Metropolitana,18.38,UF,58.3,2024-05-21 00:00:00.000000,2024-11-22 00:00:00.000000,departamento,Arriendo,agency
TT-2024-11-002650,toctoc,Independencia,Metropolitana,15.54,UF,49.2,2024-07-15 00:00:00.000000,2024-11-15 00:00:00.000000,departamento,Arriendo,agency
TT-2024-11-003556,toctoc,Las Condes,Metropolitana,24.59,UF,37.5,2024-10-02 00:00:00.000000,2024-11-22 00:00:00.000000,departamento,arriendo,agency
TT-2024-11-001201,toctoc,La Cisterna,Metropolitana,11.22,UF,32.0,2024-10-31 00:00:00.000000,2024-11-01 00:00:00.000000,DEPARTAMENTO,ARRIENDO,agency
TT-2024-11-001392,toctoc,Santiago,Metropolitana,565000.0,CLP,42.3,2024-10-01 00:00:00.000000,2024-11-08 00:00:00.000000,DEPARTAMENTO,ARRIENDO,agency
TT-2024-11-000959,toctoc,Macul,Metropolitana,15.95,UF,38.8,2024-06-24 00:00:00.000000,2024-11-01 00:00:00.000000,Departamento,Arriendo,agency
TT-2024-11-000560,toctoc,Santiago,Metropolitana,555000.0,CLP,40.0,2024-10-19 00:00:00.000000,2024-11-01 00:00:00.000000,DEPARTAMENTO,arriendo,agency
TT-2024-11-003438,toctoc,Estación Central,Metropolitana,600000.0,CLP,50.6,2024-10-17 00:00:00.000000,2024-11-22 00:00:00.000000,departamento,Arriendo,agency
TT-2024-11-003144,toctoc,Maipú,Metropolitana,450000.0,CLP,46.4,2024-11-07 00:00:00.000000,2024-11-15 00:00:00.000000,DEPARTAMENTO,Arriendo,agency
TT-2024-11-000041,toctoc,Conchalí,Metropolitana,17.3,UF,66.5,2024-09-30 00:00:00.000000,2024-11-01 00:00:00.000000,departamento,ARRIENDO,owner_direct
TT-2024-11-002293,toctoc,Las Condes,Metropolitana,1195000.0,CLP,54.0,2024-10-22 00:00:00.000000,2024-11-15 00:00:00.000000,departamento,arriendo,agency
TT-2024-11-000852,toctoc,Providencia,Metropolitana,29.19,UF,59.2,2024-10-26 00:00:00.000000,2024-11-01 00:00:00.000000,Departamento,arriendo,agency
TT-2024-11-003088,toctoc,Santiago,Metropolitana,16.62,UF,40.9,2024-10-30 00:00:00.000000,2024-11-15 00:00:00.000000,Departamento,arriendo,owner_direct
TT-2024-11-000568,toctoc,Estación Central,Metropolitana,820000.0,CLP,93.5,2024-10-27 00:00:00.000000,2024-11-01 00:00:00.000000,DEPARTAMENTO,ARRIENDO,owner_direct
TT-2024-11-000058,toctoc,Ñuñoa,Metropolitana,17.7,UF,40.5,2024-09-28 00:00:00.000000,2024-11-01 00:00:00.000000,departamento,Arriendo,owner_direct
TT-2024-11-003484,toctoc,Peñalolén,Metropolitana,27.3,UF,101.1,2024-10-28 00:00:00.000000,2024-11-22 00:00:00.000000,Departamento,Arriendo,owner_direct
TT-2024-11-002579,toctoc,Santiago,Metropolitana,22.97,UF,67.1,2024-09-09 00:00:00.000000,2024-11-15 00:00:00.000000,DEPARTAMENTO,ARRIENDO,owner_direct
TT-2024-11-004583,toctoc,Providencia,Metropolitana,27.3,UF,41.3,2024-11-26 00:00:00.000000,2024-11-29 00:00:00.000000,Departamento,ARRIENDO,owner_direct
TT-2024-11-001121,toctoc,Maipú,Metropolitana,15.68,UF,55.4,2024-10-18 00:00:00.000000,2024-11-01 00:00:00.000000,departamento,arriendo,agency
TT-2024-11-002631,toctoc,Providencia,Metropolitana,19.32,UF,34.0,2024-11-06 00:00:00.000000,2024-11-15 00:00:00.000000,DEPARTAMENTO,arriendo,
TT-2024-11-001908,toctoc,Estación Central,Metropolitana,410000.0,CLP,36.2,2024-10-28 00:00:00.000000,2024-11-08 00:00:00.000000,departamento,arriendo,agency
TT-2024-11-002404,toctoc,Providencia,Metropolitana,1360000.0,CLP,64.4,2024-11-03 00:00:00.000000,2024-11-15 00:00:00.000000,Departamento,arriendo,owner_direct
TT-2024-11-002958,toctoc,Las Condes,Metropolitana,29.46,UF,61.3,2024-10-22 00:00:00.000000,2024-11-15 00:00:00.000000,Departamento,ARRIENDO,agency
TT-2024-11-004252,toctoc,Providencia,Metropolitana,25.27,UF,53.0,2024-11-01 00:00:00.000000,2024-11-22 00:00:00.000000,Departamento,ARRIENDO,agency
TT-2024-11-002424,toctoc,Santiago,Metropolitana,18.11,UF,44.0,2024-11-09 00:00:00.000000,2024-11-15 00:00:00.000000,departamento,arriendo,agency
TT-2024-11-000543,toctoc,La Florida,Metropolitana,555000.0,CLP,30.4,2024-10-07 00:00:00.000000,2024-11-01 00:00:00.000000,DEPARTAMENTO,ARRIENDO,
TT-2024-11-003076,toctoc,la cisterna,Metropolitana,460000.0,CLP,32.2,2024-10-20 00:00:00.000000,2024-11-15 00:00:00.000000,Departamento,Arriendo,owner_direct
TT-2024-11-000236,toctoc,estación central,Metropolitana,17.03,UF,65.7,2024-10-20 00:00:00.000000,2024-11-01 00:00:00.000000,Departamento,ARRIENDO,
TT-2024-11-003597,toctoc,Lo Barnechea,Metropolitana,28.65,UF,67.0,2024-08-17 00:00:00.000000,2024-11-22 00:00:00.000000,departamento,ARRIENDO,agency
TT-2024-11-000921,toctoc,Las Condes,Metropolitana,1080000.0,CLP,60.4,2024-09-30 00:00:00.000000,2024-11-01 00:00:00.000000,departamento,ARRIENDO,agency
TT-2024-11-003277,toctoc,Providencia,Metropolitana,35.68,UF,73.8,2024-10-16 00:00:00.000000,2024-11-15 00:00:00.000000,Departamento,ARRIENDO,agency
TT-2024-11-005448,toctoc,Maipú,Metropolitana,21.22,UF,91.8,2024-11-23 00:00:00.000000,2024-11-29 00:00:00.000000,DEPARTAMENTO,Arriendo,agency
TT-2024-11-004101,toctoc,Puente Alto,Metropolitana,400000.0,CLP,46.0,2024-11-11 00:00:00.000000,2024-11-22 00:00:00.000000,Departamento,ARRIENDO,owner_direct
TT-2024-11-001161,toctoc,Santiago,Metropolitana,695000.0,CLP,52.5,2024-10-13 00:00:00.000000,2024-11-01 00:00:00.000000,DEPARTAMENTO,Arriendo,agency
TT-2024-11-004903,toctoc,la cisterna,Metropolitana,605000.0,CLP,69.2,2024-10-26 00:00:00.000000,2024-11-29 00:00:00.000000,departamento,Arriendo,agency
TT-2024-11-004185,toctoc,Lo Barnechea,Metropolitana,26.08,UF,58.4,2024-10-13 00:00:00.000000,2024-11-22 00:00:00.000000,Departamento,ARRIENDO,agency
TT-2024-11-000398,toctoc,Providencia,Metropolitana,24.32,UF,58.8,2024-09-27 00:00:00.000000,2024-11-01 00:00:00.000000,Departamento,ARRIENDO,agency
TT-2024-11-003235,toctoc,Las Condes,Metropolitana,29.73,UF,44.3,2024-11-04 00:00:00.000000,2024-11-15 00:00:00.000000,DEPARTAMENTO,Arriendo,agency
TT-2024-11-002726,toctoc,Macul,Metropolitana,16.89,UF,62.9,2024-07-28 00:00:00.000000,2024-11-15 00:00:00.000000,DEPARTAMENTO,arriendo,agency
TT-2024-11-005274,toctoc,Las Condes,Metropolitana,2325000.0,CLP,141.8,2024-09-30 00:00:00.000000,2024-11-29 00:00:00.000000,Departamento,arriendo,agency
TT-2024-11-003608,toctoc,La Cisterna,Metropolitana,13.92,UF,47.1,2024-10-09 00:00:00.000000,2024-11-22 00:00:00.000000,DEPARTAMENTO,arriendo,agency
TT-2024-11-000985,toctoc,Santiago,Metropolitana,15.14,UF,51.6,2024-10-27 00:00:00.000000,2024-11-01 00:00:00.000000,DEPARTAMENTO,ARRIENDO,agency
TT-2024-11-004026,toctoc,Las Condes,Metropolitana,895000.0,CLP,32.8,2024-10-21 00:00:00.000000,2024-11-22 00:00:00.000000,departamento,arriendo,owner_direct
TT-2024-11-000963,toctoc,Estación Central,Metropolitana,820000.0,CLP,103.3,2024-09-03 00:00:00.000000,2024-11-01 00:00:00.000000,DEPARTAMENTO,ARRIENDO,agency
TT-2024-11-000351,toctoc,San Miguel,Metropolitana,19.46,UF,64.4,2024-06-25 00:00:00.000000,2024-11-01 00:00:00.000000,DEPARTAMENTO,Arriendo,owner_direct
TT-2024-11-003670,toctoc,San Miguel,Metropolitana,625000.0,CLP,40.5,2024-11-16 00:00:00.000000,2024-11-22 00:00:00.000000,Departamento,arriendo,agency
TT-2024-11-004437,toctoc,Independencia,Metropolitana,15.0,UF,48.7,2024-11-12 00:00:00.000000,2024-11-29 00:00:00.000000,Departamento,Arriendo,agency
TT-2024-11-001177,toctoc,Peñalolén,Metropolitana,510000.0,CLP,35.4,2024-10-02 00:00:00.000000,2024-11-01 00:00:00.000000,DEPARTAMENTO,ARRIENDO,agency
TT-2024-11-002880,toctoc,San Miguel,Metropolitana,13.78,UF,49.0,2024-09-14 00:00:00.000000,2024-11-15 00:00:00.000000,departamento,arriendo,agency
TT-2024-11-005246,toctoc,Maipú,Metropolitana,15.95,UF,44.3,2024-10-23 00:00:00.000000,2024-11-29 00:00:00.000000,Departamento,arriendo,agency
TT-2024-11-002895,toctoc,La Cisterna,Metropolitana,20.14,UF,90.8,2024-10-30 00:00:00.000000,2024-11-15 00:00:00.000000,Departamento,arriendo,agency
TT-2024-11-003197,toctoc,Independencia,Metropolitana,22.16,UF,79.9,2024-11-06 00:00:00.000000,2024-11-15 00:00:00.000000,Departamento,arriendo,agency
TT-2024-11-005029,toctoc,Lo Barnechea,Metropolitana,22.03,UF,36.9,2024-10-31 00:00:00.000000,2024-11-29 00:00:00.000000,departamento,Arriendo,owner_direct
TT-2024-11-005076,toctoc,Peñalolén,Metropolitana,19.05,UF,71.5,2024-10-21 00:00:00.000000,2024-11-29 00:00:00.000000,DEPARTAMENTO,arriendo,agency
TT-2024-11-001892,toctoc,La Cisterna,Metropolitana,19.73,UF,62.5,2024-11-04 00:00:00.000000,2024-11-08 00:00:00.000000,departamento,arriendo,agency
TT-2024-11-004150,toctoc,Puente Alto,Metropolitana,11.62,UF,28.8,2024-10-26 00:00:00.000000,2024-11-22 00:00:00.000000,departamento,ARRIENDO,agency
TT-2024-11-000119,toctoc,Ñuñoa,Metropolitana,1010000.0,CLP,75.1,2024-09-20 00:00:00.000000,2024-11-01 00:00:00.000000,DEPARTAMENTO,Arriendo,agency
TT-2024-11-002297,toctoc,Santiago,Metropolitana,20.68,UF,55.7,2024-11-14 00:00:00.000000,2024-11-15 00:00:00.000000,DEPARTAMENTO,ARRIENDO,agency
TT-2024-11-001368,toctoc,Santiago,Metropolitana,575000.0,CLP,44.5,2024-10-26 00:00:00.000000,2024-11-08 00:00:00.000000,Departamento,ARRIENDO,agency
TT-2024-11-000776,toctoc,La Florida,Metropolitana,15.54,UF,50.8,2024-10-16 00:00:00.000000,2024-11-01 00:00:00.000000,DEPARTAMENTO,arriendo,agency
TT-2024-11-000341,toctoc,SANTIAGO,Metropolitana,20.0,UF,48.1,2024-09-17 00:00:00.000000,2024-11-01 00:00:00.000000,departamento,arriendo,agency
TT-2024-11-004384,toctoc,Conchalí,Metropolitana,375000.0,CLP,49.6,2024-11-08 00:00:00.000000,2024-11-29 00:00:00.000000,Departamento,ARRIENDO,agency
TT-2024-11-004436,toctoc,Ñuñoa,Metropolitana,785000.0,CLP,42.4,2024-09-12 00:00:00.000000,2024-11-29 00:00:00.000000,departamento,Arriendo,agency
TT-2024-11-001309,toctoc,Huechuraba,Metropolitana,585000.0,CLP,41.5,2024-10-17 00:00:00.000000,2024-11-08 00:00:00.000000,departamento,arriendo,owner_direct
TT-2024-11-004098,toctoc,Ñuñoa,Metropolitana,805000.0,CLP,49.3,2024-10-20 00:00:00.000000,2024-11-22 00:00:00.000000,DEPARTAMENTO,Arriendo,agency
TT-2024-11-001015,toctoc,Estación Central ,Metropolitana,14.59,UF,74.7,2024-10-29 00:00:00.000000,2024-11-01 00:00:00.000000,departamento,ARRIENDO,agency
TT-2024-11-004192,toctoc,Estación Central,Metropolitana,15.81,UF,43.2,2024-11-10 00:00:00.000000,2024-11-22 00:00:00.000000,DEPARTAMENTO,Arriendo,agency
TT-2024-11-004429,toctoc,Huechuraba,Metropolitana,23.78,UF,73.0,2024-11-16 00:00:00.000000,2024-11-29 00:00:00.000000,Departamento,Arriendo,agency
TT-2024-11-003464,toctoc,Independencia,Metropolitana,29.19,UF,127.2,2024-10-15 00:00:00.000000,2024-11-22 00:00:00.000000,Departamento,ARRIENDO,agency
TT-2024-11-004780,toctoc,Vitacura,Metropolitana,24.59,UF,29.7,2024-11-22 00:00:00.000000,2024-11-29 00:00:00.000000,DEPARTAMENTO,Arriendo,agency
TT-2024-11-005188,toctoc,Conchalí,Metropolitana,355000.0,CLP,29.9,2024-11-08 00:00:00.000000,2024-11-29 00:00:00.000000,departamento,Arriendo,agency
TT-2024-11-001176,toctoc,San Joaquín,Metropolitana,16.49,UF,68.7,2024-10-01 00:00:00.000000,2024-11-01 00:00:00.000000,Departamento,ARRIENDO,owner_direct
TT-2024-11-004090,toctoc,Santiago,Metropolitana,645000.0,CLP,43.6,2024-08-23 00:00:00.000000,2024-11-22 00:00:00.000000,departamento,ARRIENDO,agency
TT-2024-11-005178,toctoc,Quinta Normal,Metropolitana,550000.0,CLP,55.9,2024-06-25 00:00:00.000000,2024-11-29 00:00:00.000000,DEPARTAMENTO,ARRIENDO,owner_direct
TT-2024-11-003697,toctoc,San Miguel,Metropolitana,22.3,UF,86.9,2024-11-17 00:00:00.000000,2024-11-22 00:00:00.000000,Departamento,arriendo,owner_direct
TT-2024-11-002599,toctoc,Estación Central,Metropolitana,550000.0,CLP,38.9,2024-10-30 00:00:00.000000,2024-11-15 00:00:00.000000,Departamento,arriendo,agency
TT-2024-11-004450,toctoc,Pudahuel,Metropolitana,11.89,UF,37.3,2024-06-30 00:00:00.000000,2024-11-29 00:00:00.000000,DEPARTAMENTO,arriendo,agency
TT-2024-11-004866,toctoc,La Florida,Metropolitana,14.46,UF,45.2,2024-11-07 00:00:00.000000,2024-11-29 00:00:00.000000,Departamento,ARRIENDO,agency
TT-2024-11-000684,toctoc,Macul ,Metropolitana,12.43,UF,28.9,2024-10-23 00:00:00.000000,2024-11-01 00:00:00.000000,DEPARTAMENTO,arriendo,agency
TT-2024-11-000513,toctoc,Las Condes,Metropolitana,1090000.0,CLP,47.2,2024-09-25 00:00:00.000000,2024-11-01 00:00:00.000000,departamento,ARRIENDO,agency
TT-2024-11-002431,toctoc,Santiago,Metropolitana,27.16,UF,88.9,2024-07-04 00:00:00.000000,2024-11-15 00:00:00.000000,DEPARTAMENTO,Arriendo,agency
TT-2024-11-003156,toctoc,Independencia,Metropolitana,515000.0,CLP,43.3,2024-11-08 00:00:00.000000,2024-11-15 00:00:00.000000,Departamento,ARRIENDO,owner_direct
TT-2024-11-002762,toctoc,San Miguel,Metropolitana,650000.0,CLP,46.1,2024-10-14 00:00:00.000000,2024-11-15 00:00:00.000000,DEPARTAMENTO,Arriendo,agency
TT-2024-11-004152,toctoc,La Cisterna,Metropolitana,615000.0,CLP,62.8,2024-10-06 00:00:00.000000,2024-11-22 00:00:00.000000,Departamento,Arriendo,agency
TT-2024-11-001495,toctoc,Estación Central,Metropolitana,635000.0,CLP,73.8,2024-10-06 00:00:00.000000,2024-11-08 00:00:00.000000,DEPARTAMENTO,ARRIENDO,agency
TT-2024-11-001479,toctoc,Ñuñoa,Metropolitana,15.41,UF,35.4,2024-10-31 00:00:00.000000,2024-11-08 00:00:00.000000,departamento,ARRIENDO,agency
TT-2024-11-000426,toctoc,Huechuraba,Metropolitana,595000.0,CLP,44.7,2024-08-20 00:00:00.000000,2024-11-01 00:00:00.000000,Departamento,ARRIENDO,agency
TT-2024-11-001995,toctoc,Las Condes,Metropolitana,855000.0,CLP,41.0,2024-10-04 00:00:00.000000,2024-11-08 00:00:00.000000,Departamento,arriendo,owner_direct
TT-2024-11-000538,toctoc,San Miguel,Metropolitana,24.46,UF,74.6,2024-10-08 00:00:00.000000,2024-11-01 00:00:00.000000,DEPARTAMENTO,ARRIENDO,agency
TT-2024-11-002674,toctoc,Maipú,Metropolitana,14.46,UF,52.6,2024-11-14 00:00:00.000000,2024-11-15 00:00:00.000000,DEPARTAMENTO,ARRIENDO,agency
TT-2024-11-002217,toctoc,Huechuraba,Metropolitana,630000.0,CLP,52.3,2024-11-08 00:00:00.000000,2024-11-15 00:00:00.000000,departamento,Arriendo,owner_direct
TT-2024-11-002590,toctoc,Santiago,Metropolitana,13.38,UF,34.6,2024-11-05 00:00:00.000000,2024-11-15 00:00:00.000000,departamento,ARRIENDO,agency
TT-2024-11-002336,toctoc,Lo Barnechea,Metropolitana,21.62,UF,35.0,2024-10-06 00:00:00.000000,2024-11-15 00:00:00.000000,departamento,ARRIENDO,
TT-2024-11-005196,toctoc,Providencia,Metropolitana,1715000.0,CLP,97.2,2024-11-15 00:00:00.000000,2024-11-29 00:00:00.000000,DEPARTAMENTO,Arriendo,agency
TT-2024-11-002407,toctoc,La Cisterna,Metropolitana,1155000.0,CLP,33.3,2024-10-12 00:00:00.000000,2024-11-15 00:00:00.000000,DEPARTAMENTO,ARRIENDO,owner_direct
TT-2024-11-002901,toctoc,Lo Barnechea,Metropolitana,1255000.0,CLP,66.9,2024-10-14 00:00:00.000000,2024-11-15 00:00:00.000000,DEPARTAMENTO,ARRIENDO,owner_direct
TT-2024-11-003499,toctoc,La Cisterna,Metropolitana,14.86,UF,51.4,2024-11-04 00:00:00.000000,2024-11-22 00:00:00.000000,Departamento,arriendo,owner_direct
TT-2024-11-002395,toctoc,Santiago,Metropolitana,445000.0,CLP,32.9,2024-11-10 00:00:00.000000,2024-11-15 00:00:00.000000,DEPARTAMENTO,arriendo,owner_direct
TT-2024-11-004121,toctoc,Ñuñoa,Metropolitana,17.84,UF,35.4,2024-11-10 00:00:00.000000,2024-11-22 00:00:00.000000,DEPARTAMENTO,ARRIENDO,agency
TT-2024-11-000215,toctoc,Quinta Normal,Metropolitana,15.14,UF,61.1,2024-10-27 00:00:00.000000,2024-11-01 00:00:00.000000,DEPARTAMENTO,arriendo,agency
TT-2024-11-003257,toctoc,Santiago,Metropolitana,18.38,UF,60.3,2024-11-07 00:00:00.000000,2024-11-15 00:00:00.000000,Departamento,arriendo,agency
TT-2024-11-000181,toctoc,Santiago,Metropolitana,890000.0,CLP,66.6,2024-09-24 00:00:00.000000,2024-11-01 00:00:00.000000,DEPARTAMENTO,arriendo,owner_direct
TT-2024-11-004480,toctoc,San Miguel,Metropolitana,23.78,UF,74.9,2024-10-19 00:00:00.000000,2024-11-29 00:00:00.000000,DEPARTAMENTO,Arriendo,owner_direct
TT-2024-11-005219,toctoc,Ñuñoa,Metropolitana,18.65,UF,45.5,2024-10-16 00:00:00.000000,2024-11-29 00:00:00.000000,DEPARTAMENTO,Arriendo,agency
TT-2024-11-003513,toctoc,Estación Central,Metropolitana,14.19,UF,42.4,2024-11-12 00:00:00.000000,2024-11-22 00:00:00.000000,Departamento,Arriendo,owner_direct
TT-2024-11-003267,toctoc,Recoleta,Metropolitana,570000.0,CLP,51.5,2024-11-12 00:00:00.000000,2024-11-15 00:00:00.000000,departamento,Arriendo,owner_direct
TT-2024-11-000638,toctoc,San Miguel,Metropolitana,30.14,UF,110.1,2024-09-27 00:00:00.000000,2024-11-01 00:00:00.000000,DEPARTAMENTO,Arriendo,owner_direct
TT-2024-11-004315,toctoc,Quinta Normal,Metropolitana,19.05,UF,79.9,2024-07-18 00:00:00.000000,2024-11-29 00:00:00.000000,Departamento,arriendo,agency
TT-2024-11-001844,toctoc,Providencia,Metropolitana,1185000.0,CLP,64.6,2024-10-14 00:00:00.000000,2024-11-08 00:00:00.000000,Departamento,arriendo,agency
TT-2024-11-000019,toctoc,La Florida,Metropolitana,13.38,UF,46.0,2024-09-19 00:00:00.000000,2024-11-01 00:00:00.000000,DEPARTAMENTO,ARRIENDO,agency
TT-2024-11-001499,toctoc,Vitacura,Metropolitana,30.27,UF,47.7,2024-10-17 00:00:00.000000,2024-11-08 00:00:00.000000,DEPARTAMENTO,arriendo,agency
TT-2024-11-000241,toctoc,Independencia,Metropolitana,19.05,UF,78.9,2024-10-17 00:00:00.000000,2024-11-01 00:00:00.000000,Departamento,Arriendo,agency
TT-2024-11-000743,toctoc,La Florida,Metropolitana,13.92,UF,35.7,2024-10-13 00:00:00.000000,2024-11-01 00:00:00.000000,Departamento,ARRIENDO,agency
TT-2024-11-003121,toctoc,Macul,Metropolitana,535000.0,CLP,30.0,2024-11-11 00:00:00.000000,2024-11-15 00:00:00.000000,DEPARTAMENTO,arriendo,owner_direct
TT-2024-11-002064,toctoc,Independencia,Metropolitana,13.78,UF,45.6,2024-10-29 00:00:00.000000,2024-11-08 00:00:00.000000,Departamento,arriendo,owner_direct
TT-2024-11-004077,toctoc,La Florida,Metropolitana,21.08,UF,73.8,2024-10-26 00:00:00.000000,2024-11-22 00:00:00.000000,departamento,ARRIENDO,owner_direct
TT-2024-11-001906,toctoc,San Joaquín,Metropolitana,14.19,UF,45.9,2024-09-23 00:00:00.000000,2024-11-08 00:00:00.000000,DEPARTAMENTO,arriendo,agency
TT-2024-11-000630,toctoc,La Cisterna,Metropolitana,11.08,UF,46.2,2024-10-14 00:00:00.000000,2024-11-01 00:00:00.000000,DEPARTAMENTO,Arriendo,agency
TT-2024-11-002126,toctoc,Santiago,Metropolitana,22.7,UF,76.3,2024-10-26 00:00:00.000000,2024-11-08 00:00:00.000000,departamento,ARRIENDO,agency
TT-2024-11-003959,toctoc,Santiago,Metropolitana,715000.0,CLP,60.9,2024-06-16 00:00:00.000000,2024-11-22 00:00:00.000000,departamento,Arriendo,owner_direct
TT-2024-11-004661,toctoc,Quilicura,Metropolitana,15.0,UF,51.6,2024-10-17 00:00:00.000000,2024-11-29 00:00:00.000000,DEPARTAMENTO,arriendo,owner_direct
TT-2024-11-005117,toctoc,Macul,Metropolitana,975000.0,CLP,94.3,2024-05-30 00:00:00.000000,2024-11-29 00:00:00.000000,DEPARTAMENTO,Arriendo,owner_direct
TT-2024-11-003634,toctoc,Santiago,Metropolitana,780000.0,CLP,70.8,2024-09-21 00:00:00.000000,2024-11-22 00:00:00.000000,departamento,Arriendo,agency
TT-2024-11-005093,toctoc,Ñuñoa,Metropolitana,16.22,UF,31.3,2024-06-01 00:00:00.000000,2024-11-29 00:00:00.000000,DEPARTAMENTO,arriendo,owner_direct
TT-2024-11-002376,toctoc,Providencia,Metropolitana,1085000.0,CLP,66.6,2024-11-01 00:00:00.000000,2024-11-15 00:00:00.000000,DEPARTAMENTO,arriendo,owner_direct
TT-2024-11-005395,toctoc,Providencia,Metropolitana,25.14,UF,41.0,2024-11-09 00:00:00.000000,2024-11-29 00:00:00.000000,Departamento,arriendo,agency
TT-2024-11-002251,toctoc,Puente Alto,Metropolitana,12.16,UF,54.3,2024-10-15 00:00:00.000000,2024-11-15 00:00:00.000000,DEPARTAMENTO,Arriendo,agency
TT-2024-11-004406,toctoc,Independencia,Metropolitana,480000.0,CLP,49.0,2024-11-26 00:00:00.000000,2024-11-29 00:00:00.000000,Departamento,ARRIENDO,agency
TT-2024-11-003793,toctoc,Las Condes,Metropolitana,1335000.0,CLP,80.8,2024-10-26 00:00:00.000000,2024-11-22 00:00:00.000000,Departamento,arriendo,owner_direct
TT-2024-11-000204,toctoc,Conchalí,Metropolitana,19.05,UF,82.8,2024-10-05 00:00:00.000000,2024-11-01 00:00:00.000000,Departamento,arriendo,agency
TT-2024-11-002960,toctoc,Santiago,Metropolitana,12.84,UF,38.3,2024-07-27 00:00:00.000000,2024-11-15 00:00:00.000000,departamento,Arriendo,agency
TT-2024-11-004552,toctoc,Estación Central,Metropolitana,18.65,UF,76.5,2024-11-08 00:00:00.000000,2024-11-29 00:00:00.000000,DEPARTAMENTO,ARRIENDO,owner_direct
TT-2024-11-001720,toctoc,La Cisterna,Metropolitana,445000.0,CLP,44.3,2024-10-27 00:00:00.000000,2024-11-08 00:00:00.000000,Departamento,arriendo,agency
TT-2024-11-003182,toctoc,Providencia,Metropolitana,23.78,UF,42.6,2024-10-16 00:00:00.000000,2024-11-15 00:00:00.000000,departamento,ARRIENDO,agency
TT-2024-11-002059,toctoc,La Reina,Metropolitana,1000000.0,CLP,57.3,2024-10-24 00:00:00.000000,2024-11-08 00:00:00.000000,DEPARTAMENTO,arriendo,owner_direct
TT-2024-11-000382,toctoc,ÑUÑOA,Metropolitana,17.7,UF,45.5,2024-10-29 00:00:00.000000,2024-11-01 00:00:00.000000,departamento,arriendo,agency
TT-2024-11-005319,toctoc,Macul,Metropolitana,655000.0,CLP,49.4,2024-10-31 00:00:00.000000,2024-11-29 00:00:00.000000,departamento,arriendo,agency
TT-2024-11-001241,toctoc,Las Condes,Metropolitana,21.89,UF,24.8,2024-11-01 00:00:00.000000,2024-11-08 00:00:00.000000,Departamento,ARRIENDO,agency
TT-2024-11-000800,toctoc,San Miguel,Metropolitana,455000.0,CLP,24.2,2024-08-22 00:00:00.000000,2024-11-01 00:00:00.000000,DEPARTAMENTO,arriendo,agency
TT-2024-11-001577,toctoc,Peñalolén,Metropolitana,15.27,UF,58.6,2024-05-15 00:00:00.000000,2024-11-08 00:00:00.000000,DEPARTAMENTO,arriendo,agency
TT-2024-11-004502,toctoc,Santiago,Metropolitana,15.54,UF,44.0,2024-11-19 00:00:00.000000,2024-11-29 00:00:00.000000,DEPARTAMENTO,ARRIENDO,owner_direct
TT-2024-11-002342,toctoc,Ñuñoa,Metropolitana,1035000.0,CLP,75.0,2024-11-05 00:00:00.000000,2024-11-15 00:00:00.000000,DEPARTAMENTO,arriendo,agency
TT-2024-11-005496,toctoc,Estación Central,Metropolitana,15.14,UF,58.4,2024-10-23 00:00:00.000000,2024-11-29 00:00:00.000000,DEPARTAMENTO,arriendo,agency
TT-2024-11-003788,toctoc,Cerrillos,Metropolitana,20.27,UF,62.3,2024-10-26 00:00:00.000000,2024-11-22 00:00:00.000000,departamento,arriendo,agency
TT-2024-11-001804,toctoc,La Florida,Metropolitana,16.49,UF,53.2,2024-10-10 00:00:00.000000,2024-11-08 00:00:00.000000,Departamento,arriendo,agency
TT-2024-11-005230,toctoc,Santiago,Metropolitana,16.22,UF,51.1,2024-10-28 00:00:00.000000,2024-11-29 00:00:00.000000,Departamento,Arriendo,owner_direct
TT-2024-11-003771,toctoc,Huechuraba,Metropolitana,425000.0,CLP,29.4,2024-10-12 00:00:00.000000,2024-11-22 00:00:00.000000,Departamento,arriendo,agency
TT-2024-11-003009,toctoc,Independencia,Metropolitana,700000.0,CLP,64.8,2024-10-09 00:00:00.000000,2024-11-15 00:00:00.000000,DEPARTAMENTO,Arriendo,agency
TT-2024-11-003308,toctoc,Macul,Metropolitana,17.97,UF,47.4,2024-10-27 00:00:00.000000,2024-11-15 00:00:00.000000,departamento,arriendo,agency
TT-2024-11-005179,toctoc,Macul,Metropolitana,1180000.0,CLP,129.6,2024-10-22 00:00:00.000000,2024-11-29 00:00:00.000000,Departamento,ARRIENDO,agency
TT-2024-11-004132,toctoc,Las Condes,Metropolitana,27.43,UF,40.1,2024-10-19 00:00:00.000000,2024-11-22 00:00:00.000000,DEPARTAMENTO,ARRIENDO,agency
TT-2024-11-004477,toctoc,Cerrillos,Metropolitana,15.68,UF,52.5,2024-09-29 00:00:00.000000,2024-11-29 00:00:00.000000,DEPARTAMENTO,Arriendo,owner_direct
TT-2024-11-002782,toctoc,Ñuñoa,Metropolitana,20.81,UF,39.8,2024-10-28 00:00:00.000000,2024-11-15 00:00:00.000000,departamento,ARRIENDO,agency
TT-2024-11-002508,toctoc,Santiago,Metropolitana,27.03,UF,100.2,2024-11-11 00:00:00.000000,2024-11-15 00:00:00.000000,DEPARTAMENTO,arriendo,agency
TT-2024-11-003451,toctoc,Santiago,Metropolitana,15.0,UF,47.9,2024-10-29 00:00:00.000000,2024-11-22 00:00:00.000000,Departamento,ARRIENDO,agency
TT-2024-11-001741,toctoc,Independencia,Metropolitana,18.78,UF,67.3,2024-10-25 00:00:00.000000,2024-11-08 00:00:00.000000,DEPARTAMENTO,Arriendo,owner_direct
TT-2024-11-003853,toctoc,Macul,Metropolitana,17.3,UF,31.8,2024-11-13 00:00:00.000000,2024-11-22 00:00:00.000000,Departamento,Arriendo,agency
TT-2024-11-004213,toctoc,Independencia,Metropolitana,685000.0,CLP,59.3,2024-10-15 00:00:00.000000,2024-11-22 00:00:00.000000,departamento,arriendo,agency
TT-2024-11-004076,toctoc,Independencia,Metropolitana,535000.0,CLP,39.2,2024-10-27 00:00:00.000000,2024-11-22 00:00:00.000000,departamento,ARRIENDO,agency
TT-2024-11-000923,toctoc,Estación Central,Metropolitana,530000.0,CLP,41.8,2024-10-17 00:00:00.000000,2024-11-01 00:00:00.000000,DEPARTAMENTO,Arriendo,owner_direct
TT-2024-11-003818,toctoc,Quinta Normal,Metropolitana,505000.0,CLP,32.9,2024-06-12 00:00:00.000000,2024-11-22 00:00:00.000000,departamento,Arriendo,agency
TT-2024-11-001228,toctoc,Estación Central,Metropolitana,805000.0,CLP,80.0,2024-10-15 00:00:00.000000,2024-11-08 00:00:00.000000,departamento,Arriendo,owner_direct
TT-2024-11-000632,toctoc,Peñalolén,Metropolitana,13.92,UF,30.7,2024-10-06 00:00:00.000000,2024-11-01 00:00:00.000000,departamento,Arriendo,owner_direct
TT-2024-11-004047,toctoc,Huechuraba,Metropolitana,14.46,UF,47.8,2024-11-21 00:00:00.000000,2024-11-22 00:00:00.000000,Departamento,arriendo,owner_direct
TT-2024-11-005315,toctoc,La Florida,Metropolitana,580000.0,CLP,62.3,2024-10-27 00:00:00.000000,2024-11-29 00:00:00.000000,DEPARTAMENTO,ARRIENDO,owner_direct
TT-2024-11-003617,toctoc,Recoleta,Metropolitana,15.95,UF,61.2,2024-11-03 00:00:00.000000,2024-11-22 00:00:00.000000,DEPARTAMENTO,Arriendo,owner_direct
TT-2024-11-000685,toctoc,Independencia,Metropolitana,12.43,UF,38.1,2024-10-31 00:00:00.000000,2024-11-01 00:00:00.000000,Departamento,arriendo,owner_direct
TT-2024-11-003467,toctoc,La Florida,Metropolitana,620000.0,CLP,53.6,2024-11-09 00:00:00.000000,2024-11-22 00:00:00.000000,departamento,arriendo,owner_direct
TT-2024-11-002503,toctoc,ñuñoa,Metropolitana,25.0,UF,67.4,2024-10-16 00:00:00.000000,2024-11-15 00:00:00.000000,Departamento,Arriendo,agency
TT-2024-11-004135,toctoc, Independencia,Metropolitana,535000.0,CLP,43.0,2024-10-27 00:00:00.000000,2024-11-22 00:00:00.000000,DEPARTAMENTO,Arriendo,agency
TT-2024-11-002763,toctoc,Santiago,Metropolitana,24.05,UF,76.0,2024-11-12 00:00:00.000000,2024-11-15 00:00:00.000000,Departamento,ARRIENDO,agency
TT-2024-11-003971,toctoc,Independencia,Metropolitana,14.73,UF,61.6,2024-10-30 00:00:00.000000,2024-11-22 00:00:00.000000,Departamento,Arriendo,agency
TT-2024-11-001447,toctoc,Estación Central,Metropolitana,11.62,UF,30.6,2024-10-22 00:00:00.000000,2024-11-08 00:00:00.000000,Departamento,ARRIENDO,agency
TT-2024-11-003110,toctoc,Ñuñoa,Metropolitana,24.46,UF,57.8,2024-09-10 00:00:00.000000,2024-11-15 00:00:00.000000,DEPARTAMENTO,arriendo,agency
TT-2024-11-004134,toctoc,Maipú,Metropolitana,450000.0,CLP,39.5,2024-10-28 00:00:00.000000,2024-11-22 00:00:00.000000,departamento,Arriendo,agency
TT-2024-11-000346,toctoc,Lo Barnechea,Metropolitana,770000.0,CLP,44.6,2024-10-10 00:00:00.000000,2024-11-01 00:00:00.000000,DEPARTAMENTO,ARRIENDO,agency
TT-2024-11-005021,toctoc,La Florida,Metropolitana,13.38,UF,44.8,2024-11-23 00:00:00.000000,2024-11-29 00:00:00.000000,departamento,arriendo,owner_direct
TT-2024-11-002225,toctoc,Estación Central,Metropolitana,530000.0,CLP,68.9,2024-10-10 00:00:00.000000,2024-11-15 00:00:00.000000,departamento,arriendo,agency
TT-2024-11-001619,toctoc,Vitacura,Metropolitana,1055000.0,CLP,47.8,2024-11-07 00:00:00.000000,2024-11-08 00:00:00.000000,Departamento,ARRIENDO,agency
TT-2024-11-001581,toctoc,Ñuñoa,Metropolitana,16.35,UF,41.1,2024-10-27 00:00:00.000000,2024-11-08 00:00:00.000000,DEPARTAMENTO,arriendo,owner_direct
TT-2024-11-001412,toctoc,Recoleta,Metropolitana,490000.0,CLP,31.4,2024-09-17 00:00:00.000000,2024-11-08 00:00:00.000000,DEPARTAMENTO,ARRIENDO,agency
TT-2024-11-000965,toctoc,Independencia,Metropolitana,18.11,UF,74.4,2024-10-14 00:00:00.000000,2024-11-01 00:00:00.000000,departamento,Arriendo,owner_direct
TT-2024-11-004976,toctoc,Ñuñoa,Metropolitana,22.03,UF,67.1,2024-11-01 00:00:00.000000,2024-11-29 00:00:00.000000,DEPARTAMENTO,Arriendo,agency
TT-2024-11-003902,toctoc,Pudahuel,Metropolitana,12.43,UF,57.4,2024-10-29 00:00:00.000000,2024-11-22 00:00:00.000000,departamento,ARRIENDO,owner_direct
TT-2024-11-001961,toctoc,Lo Barnechea,Metropolitana,23.65,UF,43.8,2024-11-04 00:00:00.000000,2024-11-08 00:00:00.000000,Departamento,arriendo,agency
TT-2024-11-002191,toctoc,Puente Alto,Metropolitana,610000.0,CLP,89.3,2024-10-28 00:00:00.000000,2024-11-15 00:00:00.000000,Departamento,arriendo,owner_direct
TT-2024-11-001289,toctoc,Santiago,Metropolitana,13.51,UF,26.9,2024-10-24 00:00:00.000000,2024-11-08 00:00:00.000000,departamento,arriendo,
TT-2024-11-002268,toctoc,Peñalolén,Metropolitana,740000.0,CLP,64.3,2024-10-09 00:00:00.000000,2024-11-15 00:00:00.000000,DEPARTAMENTO,ARRIENDO,agency
TT-2024-11-004814,toctoc,La Florida,Metropolitana,415000.0,CLP,42.5,2024-11-06 00:00:00.000000,2024-11-29 00:00:00.000000,departamento,ARRIENDO,owner_direct
TT-2024-11-003518,toctoc,Las Condes,Metropolitana,42.3,UF,89.8,2024-10-24 00:00:00.000000,2024-11-22 00:00:00.000000,Departamento,arriendo,owner_direct
TT-2024-11-003305,toctoc,SANTIAGO,Metropolitana,15.95,UF,42.7,2024-10-17 00:00:00.000000,2024-11-15 00:00:00.000000,departamento,arriendo,agency
TT-2024-11-002154,toctoc,Santiago,Metropolitana,14.73,UF,47.8,2024-10-16 00:00:00.000000,2024-11-08 00:00:00.000000,DEPARTAMENTO,ARRIENDO,owner_direct
TT-2024-11-003948,toctoc,Santiago,Metropolitana,15.54,UF,50.7,2024-10-25 00:00:00.000000,2024-11-22 00:00:00.000000,DEPARTAMENTO,arriendo,agency
TT-2024-11-004078,toctoc,Las Condes,Metropolitana,1070000.0,CLP,50.4,2024-11-14 00:00:00.000000,2024-11-22 00:00:00.000000,DEPARTAMENTO,ARRIENDO,agency
TT-2024-11-003011,toctoc,Puente Alto,Metropolitana,11.89,UF,39.9,2024-10-31 00:00:00.000000,2024-11-15 00:00:00.000000,departamento,ARRIENDO,agency
TT-2024-11-000396,toctoc,Estación Central,Metropolitana,545000.0,CLP,50.5,2024-10-24 00:00:00.000000,2024-11-01 00:00:00.000000,Departamento,Arriendo,agency
TT-2024-11-003595,toctoc,Ñuñoa,Metropolitana,1170000.0,CLP,84.2,2024-10-25 00:00:00.000000,2024-11-22 00:00:00.000000,DEPARTAMENTO,Arriendo,agency
TT-2024-11-003051,toctoc,Recoleta,Metropolitana,18.92,UF,76.8,2024-05-27 00:00:00.000000,2024-11-15 00:00:00.000000,DEPARTAMENTO,arriendo,agency
TT-2024-11-004969,toctoc,Providencia,Metropolitana,975000.0,CLP,42.3,2024-11-14 00:00:00.000000,2024-11-29 00:00:00.000000,DEPARTAMENTO,arriendo,owner_direct
TT-2024-11-002098,toctoc,Estación Central,Metropolitana,10.0,UF,30.0,2024-10-23 00:00:00.000000,2024-11-08 00:00:00.000000,DEPARTAMENTO,Arriendo,owner_direct
TT-2024-11-000643,toctoc,Estación Central,Metropolitana,22.43,UF,104.4,2024-10-22 00:00:00.000000,2024-11-01 00:00:00.000000,Departamento,ARRIENDO,agency
TT-2024-11-001531,toctoc,San Joaquín,Metropolitana,14.05,UF,46.1,2024-10-14 00:00:00.000000,2024-11-08 00:00:00.000000,Departamento,ARRIENDO,owner_direct
TT-2024-11-002773,toctoc,Macul,Metropolitana,16.08,UF,57.8,2024-11-09 00:00:00.000000,2024-11-15 00:00:00.000000,departamento,arriendo,agency
TT-2024-11-004051,toctoc,Santiago,Metropolitana,14.86,UF,44.7,2024-10-19 00:00:00.000000,2024-11-22 00:00:00.000000,DEPARTAMENTO,arriendo,agency
TT-2024-11-003278,toctoc,Estación Central,Metropolitana,10.54,UF,22.1,2024-11-09 00:00:00.000000,2024-11-15 00:00:00.000000,departamento,Arriendo,owner_direct
TT-2024-11-003557,toctoc,Santiago,Metropolitana,700000.0,CLP,51.1,2024-11-13 00:00:00.000000,2024-11-22 00:00:00.000000,departamento,arriendo,agency
TT-2024-11-000757,toctoc,Maipú,Metropolitana,435000.0,CLP,37.2,2024-10-24 00:00:00.000000,2024-11-01 00:00:00.000000,Departamento,Arriendo,owner_direct
TT-2024-11-001030,toctoc,Macul,Metropolitana,15.95,UF,64.3,2024-10-16 00:00:00.000000,2024-11-01 00:00:00.000000,Departamento,Arriendo,agency
TT-2024-11-000136,toctoc,Quinta Normal,Metropolitana,22.16,UF,86.3,2024-10-13 00:00:00.000000,2024-11-01 00:00:00.000000,DEPARTAMENTO,arriendo,agency
TT-2024-11-002160,toctoc,Las Condes,Metropolitana,810000.0,CLP,32.6,2024-10-18 00:00:00.000000,2024-11-08 00:00:00.000000,Departamento,ARRIENDO,agency
TT-2024-11-002591,toctoc,La Florida,Metropolitana,26.49,UF,110.8,2024-10-23 00:00:00.000000,2024-11-15 00:00:00.000000,DEPARTAMENTO,arriendo,agency
TT-2024-11-005385,toctoc,San Joaquín,Metropolitana,12.97,UF,42.9,2024-09-25 00:00:00.000000,2024-11-29 00:00:00.000000,departamento,arriendo,agency
TT-2024-11-000082,toctoc,Estación Central,Metropolitana,495000.0,CLP,36.2,2024-09-14 00:00:00.000000,2024-11-01 00:00:00.000000,DEPARTAMENTO,Arriendo,agency
TT-2024-11-004015,toctoc,Las Condes,Metropolitana,930000.0,CLP,47.2,2024-10-23 00:00:00.000000,2024-11-22 00:00:00.000000,DEPARTAMENTO,arriendo,agency
TT-2024-11-000581,toctoc,La Florida,Metropolitana,14.73,UF,57.5,2024-10-27 00:00:00.000000,2024-11-01 00:00:00.000000,Departamento,Arriendo,agency
TT-2024-11-003750,toctoc,Las Condes,Metropolitana,43.92,UF,98.3,2024-09-15 00:00:00.000000,2024-11-22 00:00:00.000000,departamento,Arriendo,agency
TT-2024-11-004196,toctoc,Santiago,Metropolitana,520000.0,CLP,43.4,2024-10-07 00:00:00.000000,2024-11-22 00:00:00.000000,departamento,ARRIENDO,
TT-2024-11-002296,toctoc,San Miguel,Metropolitana,575000.0,CLP,38.2,2024-11-03 00:00:00.000000,2024-11-15 00:00:00.000000,departamento,Arriendo,owner_direct
TT-2024-11-005184,toctoc,Quinta Normal,Metropolitana,15.81,UF,61.4,2024-11-12 00:00:00.000000,2024-11-29 00:00:00.000000,departamento,arriendo,owner_direct
TT-2024-11-004211,toctoc,San Joaquín,Metropolitana,10.68,UF,31.3,2024-10-22 00:00:00.000000,2024-11-22 00:00:00.000000,DEPARTAMENTO,Arriendo,agency
TT-2024-11-000947,toctoc,Peñalolén,Metropolitana,18.65,UF,66.4,2024-10-09 00:00:00.000000,2024-11-01 00:00:00.000000,Departamento,Arriendo,agency
TT-2024-11-003251,toctoc,Providencia,Metropolitana,137.3,UF,400.0,2024-10-22 00:00:00.000000,2024-11-15 00:00:00.000000,Departamento,Arriendo,agency
TT-2024-11-003095,toctoc,Santiago,Metropolitana,14.59,UF,42.4,2024-11-04 00:00:00.000000,2024-11-15 00:00:00.000000,DEPARTAMENTO,ARRIENDO,agency
TT-2024-11-001300,toctoc,Santiago,Metropolitana,16.62,UF,30.1,2024-10-28 00:00:00.000000,2024-11-08 00:00:00.000000,departamento,ARRIENDO,agency
TT-2024-11-003428,toctoc,Macul,Metropolitana,11.35,UF,41.0,2024-10-26 00:00:00.000000,2024-11-22 00:00:00.000000,departamento,arriendo,agency
TT-2024-11-001283,toctoc,Providencia,Metropolitana,755000.0,CLP,44.2,2024-10-15 00:00:00.000000,2024-11-08 00:00:00.000000,DEPARTAMENTO,arriendo,agency
TT-2024-11-003792,toctoc,Providencia,Metropolitana,40.95,UF,71.4,2024-11-01 00:00:00.000000,2024-11-22 00:00:00.000000,departamento,Arriendo,agency
TT-2024-11-003739,toctoc,Peñalolén,Metropolitana,995000.0,CLP,119.1,2024-10-06 00:00:00.000000,2024-11-22 00:00:00.000000,departamento,Arriendo,agency
TT-2024-11-002968,toctoc,Santiago,Metropolitana,645000.0,CLP,57.3,2024-09-02 00:00:00.000000,2024-11-15 00:00:00.000000,departamento,Arriendo,agency
TT-2024-11-004411,toctoc,Macul,Metropolitana,21.62,UF,61.6,2024-09-24 00:00:00.000000,2024-11-29 00:00:00.000000,DEPARTAMENTO,ARRIENDO,agency
TT-2024-11-005118,toctoc,La Florida,Metropolitana,545000.0,CLP,35.7,2024-09-28 00:00:00.000000,2024-11-29 00:00:00.000000,departamento,arriendo,agency
TT-2024-11-004226,toctoc,Independencia,Metropolitana,15.68,UF,65.6,2024-10-09 00:00:00.000000,2024-11-22 00:00:00.000000,departamento,arriendo,agency
TT-2024-11-000986,toctoc,Quinta Normal,Metropolitana,14.19,UF,37.9,2024-09-30 00:00:00.000000,2024-11-01 00:00:00.000000,Departamento,Arriendo,agency
TT-2024-11-000262,toctoc,La Florida,Metropolitana,555000.0,CLP,49.5,2024-04-18 00:00:00.000000,2024-11-01 00:00:00.000000,DEPARTAMENTO,ARRIENDO,owner_direct
TT-2024-11-004117,toctoc,Peñalolén,Metropolitana,15.68,UF,45.0,2024-11-02 00:00:00.000000,2024-11-22 00:00:00.000000,DEPARTAMENTO,ARRIENDO,owner_direct
TT-2024-11-003090,toctoc,Puente Alto,Metropolitana,22.43,UF,113.5,2024-10-20 00:00:00.000000,2024-11-15 00:00:00.000000,Departamento,Arriendo,agency
TT-2024-11-005252,toctoc,Peñalolén,Metropolitana,14.05,UF,39.7,2024-11-05 00:00:00.000000,2024-11-29 00:00:00.000000,departamento,arriendo,
TT-2024-11-000791,toctoc,Huechuraba,Metropolitana,16.62,UF,54.9,2024-10-31 00:00:00.000000,2024-11-01 00:00:00.000000,DEPARTAMENTO,arriendo,agency
TT-2024-11-000730,toctoc,Quinta Normal,Metropolitana,540000.0,CLP,53.6,2024-10-12 00:00:00.000000,2024-11-01 00:00:00.000000,DEPARTAMENTO,arriendo,agency
TT-2024-11-003872,toctoc,Providencia,Metropolitana,1410000.0,CLP,99.2,2024-11-11 00:00:00.000000,2024-11-22 00:00:00.000000,Departamento,arriendo,
TT-2024-11-003293,toctoc,Quilicura,Metropolitana,13.24,UF,34.9,2024-07-27 00:00:00.000000,2024-11-15 00:00:00.000000,departamento,Arriendo,owner_direct
TT-2024-11-005225,toctoc,Lo Barnechea,Metropolitana,34.32,UF,92.2,2024-11-17 00:00:00.000000,2024-11-29 00:00:00.000000,Departamento,ARRIENDO,agency
TT-2024-11-001800,toctoc,Conchalí,Metropolitana,450000.0,CLP,46.0,2024-10-11 00:00:00.000000,2024-11-08 00:00:00.000000,Departamento,Arriendo,agency
TT-2024-11-004620,toctoc,San Miguel,Metropolitana,15.0,UF,33.4,2024-10-20 00:00:00.000000,2024-11-29 00:00:00.000000,DEPARTAMENTO,ARRIENDO,agency
TT-2024-11-004457,toctoc,La Florida,Metropolitana,790000.0,CLP,110.7,2024-11-22 00:00:00.000000,2024-11-29 00:00:00.000000,Departamento,Arriendo,owner_direct
TT-2024-11-002986,toctoc,Independencia,Metropolitana,12.97,UF,44.8,2024-08-24 00:00:00.000000,2024-11-15 00:00:00.000000,DEPARTAMENTO,arriendo,agency
TT-2024-11-002461,toctoc,Macul,Metropolitana,485000.0,CLP,31.8,2024-10-12 00:00:00.000000,2024-11-15 00:00:00.000000,Departamento,arriendo,agency
TT-2024-11-004997,toctoc,Providencia,Metropolitana,27.3,UF,43.5,2024-10-31 00:00:00.000000,2024-11-29 00:00:00.000000,DEPARTAMENTO,Arriendo,owner_direct
TT-2024-11-001096,toctoc,La Florida,Metropolitana,16.49,UF,61.1,2024-10-01 00:00:00.000000,2024-11-01 00:00:00.000000,departamento,ARRIENDO,agency
TT-2024-11-002943,toctoc,Cerrillos,Metropolitana,415000.0,CLP,44.2,2024-10-10 00:00:00.000000,2024-11-15 00:00:00.000000,departamento,arriendo,owner_direct
TT-2024-11-000178,toctoc,Quinta Normal,Metropolitana,15.14,UF,47.1,2024-10-02 00:00:00.000000,2024-11-01 00:00:00.000000,Departamento,Arriendo,owner_direct
TT-2024-11-001612,toctoc,Conchalí,Metropolitana,490000.0,CLP,45.9,2024-10-05 00:00:00.000000,2024-11-08 00:00:00.000000,DEPARTAMENTO,Arriendo,agency
TT-2024-11-003620,toctoc,La Cisterna,Metropolitana,460000.0,CLP,36.1,2024-10-26 00:00:00.000000,2024-11-22 00:00:00.000000,departamento,Arriendo,agency
TT-2024-11-000383,toctoc,Santiago,Metropolitana,17.43,UF,49.2,2024-09-25 00:00:00.000000,2024-11-01 00:00:00.000000,DEPARTAMENTO,Arriendo,agency
TT-2024-11-003923,toctoc,Ñuñoa,Metropolitana,695000.0,CLP,49.4,2024-09-17 00:00:00.000000,2024-11-22 00:00:00.000000,Departamento,arriendo,agency
TT-2024-11-002604,toctoc,Maipú,Metropolitana,15.27,UF,57.7,2024-09-11 00:00:00.000000,2024-11-15 00:00:00.000000,departamento,ARRIENDO,agency
TT-2024-11-001512,toctoc,Ñuñoa,Metropolitana,785000.0,CLP,54.8,2024-09-24 00:00:00.000000,2024-11-08 00:00:00.000000,DEPARTAMENTO,Arriendo,agency
TT-2024-11-004391,toctoc,Las Condes,Metropolitana,30.68,UF,66.8,2024-10-28 00:00:00.000000,2024-11-29 00:00:00.000000,Departamento,arriendo,
TT-2024-11-003625,toctoc,San Joaquín,Metropolitana,550000.0,CLP,37.7,2024-10-17 00:00:00.000000,2024-11-22 00:00:00.000000,Departamento,ARRIENDO,owner_direct
TT-2024-11-002016,toctoc,Las Condes,Metropolitana,1690000.0,CLP,97.1,2024-10-26 00:00:00.000000,2024-11-08 00:00:00.000000,Departamento,arriendo,agency
TT-2024-11-000369,toctoc,La Florida,Metropolitana,550000.0,CLP,54.4,2024-10-06 00:00:00.000000,2024-11-01 00:00:00.000000,Departamento,arriendo,agency
TT-2024-11-004444,toctoc,San Joaquín,Metropolitana,16.35,UF,55.0,2024-11-21 00:00:00.000000,2024-11-29 00:00:00.000000,departamento,arriendo,agency
TT-2024-11-005435,toctoc,Quinta Normal,Metropolitana,12.03,UF,36.2,2024-11-26 00:00:00.000000,2024-11-29 00:00:00.000000,Departamento,arriendo,agency
TT-2024-11-002023,toctoc,Conchalí,Metropolitana,375000.0,CLP,38.5,2024-10-01 00:00:00.000000,2024-11-08 00:00:00.000000,DEPARTAMENTO,ARRIENDO,agency
TT-2024-11-001842,toctoc,San Miguel,Metropolitana,650000.0,CLP,59.3,2024-06-17 00:00:00.000000,2024-11-08 00:00:00.000000,Departamento,arriendo,owner_direct
TT-2024-11-004190,toctoc,Ñuñoa,Metropolitana,655000.0,CLP,36.3,2024-11-06 00:00:00.000000,2024-11-22 00:00:00.000000,DEPARTAMENTO,arriendo,agency
TT-2024-11-004299,toctoc,Macul,Metropolitana,15.41,UF,56.3,2024-11-14 00:00:00.000000,2024-11-29 00:00:00.000000,DEPARTAMENTO,arriendo,agency
TT-2024-11-004878,toctoc,La Reina,Metropolitana,22.7,UF,43.5,2024-11-14 00:00:00.000000,2024-11-29 00:00:00.000000,departamento,arriendo,agency
TT-2024-11-000352,toctoc,Providencia,Metropolitana,955000.0,CLP,59.5,2024-10-20 00:00:00.000000,2024-11-01 00:00:00.000000,departamento,arriendo,owner_direct
TT-2024-11-004470,toctoc,Maipú,Metropolitana,16.22,UF,67.4,2024-11-17 00:00:00.000000,2024-11-29 00:00:00.000000,Departamento,ARRIENDO,agency
TT-2024-11-002218,toctoc,Macul,Metropolitana,350000.0,CLP,27.2,2024-10-29 00:00:00.000000,2024-11-15 00:00:00.000000,departamento,ARRIENDO,agency
TT-2024-11-004360,toctoc,Cerrillos,Metropolitana,13.92,UF,44.1,2024-11-21 00:00:00.000000,2024-11-29 00:00:00.000000,DEPARTAMENTO,ARRIENDO,agency
TT-2024-11-004736,toctoc,Macul,Metropolitana,625000.0,CLP,52.1,2024-11-09 00:00:00.000000,2024-11-29 00:00:00.000000,Departamento,ARRIENDO,agency
TT-2024-11-000187,toctoc,Santiago,Metropolitana,470000.0,CLP,38.0,2024-10-08 00:00:00.000000,2024-11-01 00:00:00.000000,departamento,arriendo,owner_direct
TT-2024-11-002155,toctoc,Estación Central,Metropolitana,11.49,UF,31.5,2024-10-20 00:00:00.000000,2024-11-08 00:00:00.000000,DEPARTAMENTO,arriendo,agency
TT-2024-11-004520,toctoc,Estación Central,Metropolitana,405000.0,CLP,50.1,2024-11-21 00:00:00.000000,2024-11-29 00:00:00.000000,departamento,arriendo,owner_direct
TT-2024-11-003832,toctoc,CONCHALÍ,Metropolitana,18.38,UF,92.1,2024-11-11 00:00:00.000000,2024-11-22 00:00:00.000000,departamento,arriendo,owner_direct
TT-2024-11-000468,toctoc,Santiago,Metropolitana,875000.0,CLP,94.3,2024-09-09 00:00:00.000000,2024-11-01 00:00:00.000000,departamento,ARRIENDO,agency
TT-2024-11-001024,toctoc,La Florida,Metropolitana,685000.0,CLP,71.7,2024-10-04 00:00:00.000000,2024-11-01 00:00:00.000000,Departamento,ARRIENDO,agency
TT-2024-11-001715,toctoc,Providencia,Metropolitana,1085000.0,CLP,53.2,2024-11-03 00:00:00.000000,2024-11-08 00:00:00.000000,departamento,Arriendo,owner_direct
TT-2024-11-001460,toctoc,San Miguel,Metropolitana,11.49,UF,34.1,2024-10-30 00:00:00.000000,2024-11-08 00:00:00.000000,departamento,Arriendo,agency
TT-2024-11-003325,toctoc,Maipú,Metropolitana,505000.0,CLP,44.9,2024-09-11 00:00:00.000000,2024-11-15 00:00:00.000000,DEPARTAMENTO,ARRIENDO,agency
TT-2024-11-002157,toctoc,Peñalolén,Metropolitana,24.59,UF,101.4,2024-10-09 00:00:00.000000,2024-11-08 00:00:00.000000,Departamento,Arriendo,agency
TT-2024-11-003722,toctoc,San Miguel,Metropolitana,13.92,UF,47.8,2024-11-10 00:00:00.000000,2024-11-22 00:00:00.000000,DEPARTAMENTO,arriendo,agency
TT-2024-11-002121,toctoc,Estación Central,Metropolitana,685000.0,CLP,57.9,2024-10-19 00:00:00.000000,2024-11-08 00:00:00.000000,DEPARTAMENTO,Arriendo,agency
TT-2024-11-001712,toctoc,Pudahuel,Metropolitana,530000.0,CLP,50.8,2024-10-14 00:00:00.000000,2024-11-08 00:00:00.000000,Departamento,ARRIENDO,agency
TT-2024-11-001771,toctoc,Macul,Metropolitana,16.76,UF,43.5,2024-10-05 00:00:00.000000,2024-11-08 00:00:00.000000,departamento,Arriendo,owner_direct
TT-2024-11-004570,toctoc,Providencia,Metropolitana,28.51,UF,55.9,2024-10-26 00:00:00.000000,2024-11-29 00:00:00.000000,DEPARTAMENTO,Arriendo,owner_direct
TT-2024-11-003332,toctoc,Providencia,Metropolitana,22.84,UF,33.2,2024-10-22 00:00:00.000000,2024-11-15 00:00:00.000000,DEPARTAMENTO,Arriendo,owner_direct
TT-2024-11-002588,toctoc,Macul,Metropolitana,28.78,UF,112.4,2024-08-16 00:00:00.000000,2024-11-15 00:00:00.000000,Departamento,Arriendo,agency
TT-2024-11-000111,toctoc,Estación Central,Metropolitana,405000.0,CLP,48.8,2024-10-18 00:00:00.000000,2024-11-01 00:00:00.000000,DEPARTAMENTO,ARRIENDO,agency
TT-2024-11-001754,toctoc,LA REINA,Metropolitana,17.57,UF,43.1,2024-10-07 00:00:00.000000,2024-11-08 00:00:00.000000,departamento,arriendo,agency
TT-2024-11-005007,toctoc,Conchalí,Metropolitana,14.59,UF,51.0,2024-10-22 00:00:00.000000,2024-11-29 00:00:00.000000,DEPARTAMENTO,Arriendo,agency
TT-2024-11-003854,toctoc,San Joaquín,Metropolitana,610000.0,CLP,65.0,2024-10-14 00:00:00.000000,2024-11-22 00:00:00.000000,DEPARTAMENTO,ARRIENDO,agency
TT-2024-11-004459,toctoc,Estación Central,Metropolitana,480000.0,CLP,46.4,2024-10-26 00:00:00.000000,2024-11-29 00:00:00.000000,DEPARTAMENTO,arriendo,owner_direct
TT-2024-11-000972,toctoc,San Miguel,Metropolitana,13.78,UF,47.1,2024-10-16 00:00:00.000000,2024-11-01 00:00:00.000000,Departamento,arriendo,owner_direct
TT-2024-11-002706,toctoc,San Joaquín,Metropolitana,460000.0,CLP,36.7,2024-10-27 00:00:00.000000,2024-11-15 00:00:00.000000,Departamento,Arriendo,agency
TT-2024-11-001876,toctoc,La Reina,Metropolitana,23.51,UF,55.7,2024-09-22 00:00:00.000000,2024-11-08 00:00:00.000000,Departamento,ARRIENDO,owner_direct
TT-2024-11-004800,toctoc,Las Condes,Metropolitana,25.41,UF,37.6,2024-11-19 00:00:00.000000,2024-11-29 00:00:00.000000,DEPARTAMENTO,arriendo,owner_direct
TT-2024-11-002995,toctoc, Independencia,Metropolitana,25.41,UF,95.9,2024-09-19 00:00:00.000000,2024-11-15 00:00:00.000000,departamento,ARRIENDO,agency
TT-2024-11-000727,toctoc,Santiago,Metropolitana,490000.0,CLP,28.1,2024-10-11 00:00:00.000000,2024-11-01 00:00:00.000000,departamento,ARRIENDO,agency
TT-2024-11-003984,toctoc,Las Condes,Metropolitana,34.46,UF,62.0,2024-11-20 00:00:00.000000,2024-11-22 00:00:00.000000,DEPARTAMENTO,ARRIENDO,agency
TT-2024-11-001220,toctoc,Ñuñoa,Metropolitana,735000.0,CLP,44.8,2024-10-27 00:00:00.000000,2024-11-08 00:00:00.000000,departamento,Arriendo,owner_direct
TT-2024-11-004268,toctoc,Independencia,Metropolitana,445000.0,CLP,26.2,2024-10-15 00:00:00.000000,2024-11-22 00:00:00.000000,DEPARTAMENTO,Arriendo,owner_direct
TT-2024-11-000499,toctoc,Santiago,Metropolitana,25.54,UF,85.4,2024-10-05 00:00:00.000000,2024-11-01 00:00:00.000000,departamento,Arriendo,owner_direct
TT-2024-11-000608,toctoc,Santiago,Metropolitana,460000.0,CLP,33.3,2024-08-28 00:00:00.000000,2024-11-01 00:00:00.000000,departamento,arriendo,agency
TT-2024-11-001838,toctoc,ÑUÑOA,Metropolitana,20.54,UF,43.4,2024-10-28 00:00:00.000000,2024-11-08 00:00:00.000000,Departamento,Arriendo,
TT-2024-11-002350,toctoc,Puente Alto,Metropolitana,585000.0,CLP,66.6,2024-11-07 00:00:00.000000,2024-11-15 00:00:00.000000,Departamento,arriendo,owner_direct
TT-2024-11-005078,toctoc, Estación Central,Metropolitana,12.16,UF,44.7,2024-09-27 00:00:00.000000,2024-11-29 00:00:00.000000,Departamento,Arriendo,agency
TT-2024-11-000008,toctoc,Peñalolén,Metropolitana,570000.0,CLP,43.9,2024-10-22 00:00:00.000000,2024-11-01 00:00:00.000000,departamento,arriendo,agency
TT-2024-11-005415,toctoc,San Miguel,Metropolitana,1095000.0,CLP,113.2,2024-11-16 00:00:00.000000,2024-11-29 00:00:00.000000,departamento,arriendo,agency
TT-2024-11-003575,toctoc,Macul,Metropolitana,25.41,UF,77.9,2024-10-25 00:00:00.000000,2024-11-22 00:00:00.000000,Departamento,Arriendo,owner_direct
TT-2024-11-004418,toctoc,La Cisterna,Metropolitana,570000.0,CLP,50.6,2024-11-20 00:00:00.000000,2024-11-29 00:00:00.000000,departamento,arriendo,owner_direct
TT-2024-11-000063,toctoc,La Florida,Metropolitana,14.73,UF,52.9,2024-09-23 00:00:00.000000,2024-11-01 00:00:00.000000,DEPARTAMENTO,Arriendo,agency
TT-2024-11-003261,toctoc,Las Condes,Metropolitana,27.43,UF,46.6,2024-10-31 00:00:00.000000,2024-11-15 00:00:00.000000,DEPARTAMENTO,ARRIENDO,owner_direct
TT-2024-11-001075,toctoc,La Florida ,Metropolitana,17.7,UF,51.7,2024-10-17 00:00:00.000000,2024-11-01 00:00:00.000000,Departamento,Arriendo,owner_direct
TT-2024-11-001344,toctoc,San Miguel,Metropolitana,14.73,UF,66.0,2024-09-23 00:00:00.000000,2024-11-08 00:00:00.000000,departamento,Arriendo,agency
TT-2024-11-000957,toctoc,La Florida,Metropolitana,18.92,UF,61.3,2024-10-06 00:00:00.000000,2024-11-01 00:00:00.000000,departamento,Arriendo,agency
TT-2024-11-000897,toctoc,Las Condes,Metropolitana,980000.0,CLP,39.4,2024-10-19 00:00:00.000000,2024-11-01 00:00:00.000000,DEPARTAMENTO,arriendo,agency
TT-2024-11-003244,toctoc,La Cisterna,Metropolitana,14.32,UF,48.3,2024-08-31 00:00:00.000000,2024-11-15 00:00:00.000000,departamento,ARRIENDO,owner_direct
TT-2024-11-002287,toctoc,Ñuñoa,Metropolitana,855000.0,CLP,55.7,2024-11-07 00:00:00.000000,2024-11-15 00:00:00.000000,DEPARTAMENTO,Arriendo,owner_direct
TT-2024-11-001099,toctoc,San Joaquín,Metropolitana,10.95,UF,25.0,2024-10-16 00:00:00.000000,2024-11-01 00:00:00.000000,departamento,Arriendo,agency
TT-2024-11-000668,toctoc,Santiago,Metropolitana,21.76,UF,62.8,2024-09-05 00:00:00.000000,2024-11-01 00:00:00.000000,departamento,arriendo,owner_direct
TT-2024-11-004235,toctoc,Estación Central,Metropolitana,15.27,UF,58.7,2024-11-16 00:00:00.000000,2024-11-22 00:00:00.000000,Departamento,arriendo,owner_direct
TT-2024-11-004318,toctoc,Recoleta,Metropolitana,455000.0,CLP,46.4,2024-11-24 00:00:00.000000,2024-11-29 00:00:00.000000,Departamento,ARRIENDO,owner_direct
TT-2024-11-004088,toctoc,Providencia,Metropolitana,1215000.0,CLP,58.1,2024-11-18 00:00:00.000000,2024-11-22 00:00:00.000000,DEPARTAMENTO,ARRIENDO,agency
TT-2024-11-003604,toctoc,San Miguel,Metropolitana,685000.0,CLP,43.9,2024-08-26 00:00:00.000000,2024-11-22 00:00:00.000000,DEPARTAMENTO,ARRIENDO,agency
TT-2024-11-004215,toctoc,Peñalolén,Metropolitana,760000.0,CLP,68.7,2024-05-24 00:00:00.000000,2024-11-22 00:00:00.000000,DEPARTAMENTO,ARRIENDO,agency
TT-2024-11-003492,toctoc,Ñuñoa,Metropolitana,26.22,UF,69.0,2024-10-18 00:00:00.000000,2024-11-22 00:00:00.000000,Departamento,arriendo,agency
TT-2024-11-001711,toctoc,Pudahuel,Metropolitana,11.49,UF,51.5,2024-10-17 00:00:00.000000,2024-11-08 00:00:00.000000,Departamento,ARRIENDO,owner_direct
TT-2024-11-001215,toctoc,La Cisterna,Metropolitana,490000.0,CLP,34.8,2024-10-28 00:00:00.000000,2024-11-08 00:00:00.000000,DEPARTAMENTO,Arriendo,owner_direct
TT-2024-11-002687,toctoc,Las Condes,Metropolitana,890000.0,CLP,32.6,2024-10-24 00:00:00.000000,2024-11-15 00:00:00.000000,departamento,Arriendo,agency
TT-2024-11-000154,toctoc,La Reina,Metropolitana,710000.0,CLP,46.5,2024-10-25 00:00:00.000000,2024-11-01 00:00:00.000000,departamento,ARRIENDO,owner_direct
TT-2024-11-005068,toctoc,Las Condes,Metropolitana,1175000.0,CLP,83.3,2024-11-25 00:00:00.000000,2024-11-29 00:00:00.000000,Departamento,arriendo,owner_direct
TT-2024-11-002451,toctoc,Santiago,Metropolitana,18.11,UF,54.0,2024-11-12 00:00:00.000000,2024-11-15 00:00:00.000000,DEPARTAMENTO,Arriendo,owner_direct
TT-2024-11-003532,toctoc,Quilicura,Metropolitana,525000.0,CLP,77.2,2024-10-23 00:00:00.000000,2024-11-22 00:00:00.000000,DEPARTAMENTO,arriendo,owner_direct
TT-2024-11-004037,toctoc,Lo Barnechea,Metropolitana,18.38,UF,21.7,2024-10-18 00:00:00.000000,2024-11-22 00:00:00.000000,Departamento,Arriendo,agency
TT-2024-11-000536,toctoc,Providencia,Metropolitana,27.3,UF,54.5,2024-10-11 00:00:00.000000,2024-11-01 00:00:00.000000,Departamento,Arriendo,owner_direct
TT-2024-11-003023,toctoc,Providencia,Metropolitana,1080000.0,CLP,63.1,2024-11-02 00:00:00.000000,2024-11-15 00:00:00.000000,DEPARTAMENTO,ARRIENDO,agency
TT-2024-11-003705,toctoc,Ñuñoa,Metropolitana,740000.0,CLP,33.8,2024-11-20 00:00:00.000000,2024-11-22 00:00:00.000000,DEPARTAMENTO,arriendo,owner_direct
TT-2024-11-003306,toctoc,Ñuñoa,Metropolitana,18.24,UF,56.7,2024-10-31 00:00:00.000000,2024-11-15 00:00:00.000000,Departamento,ARRIENDO,agency
TT-2024-11-003324,toctoc,La Florida,Metropolitana,885000.0,CLP,105.2,2024-11-02 00:00:00.000000,2024-11-15 00:00:00.000000,DEPARTAMENTO,Arriendo,owner_direct
TT-2024-11-004916,toctoc,Maipú,Metropolitana,435000.0,CLP,50.0,2024-11-03 00:00:00.000000,2024-11-29 00:00:00.000000,DEPARTAMENTO,Arriendo,owner_direct
TT-2024-11-002627,toctoc,Santiago,Metropolitana,18.11,UF,49.9,2024-10-25 00:00:00.000000,2024-11-15 00:00:00.000000,Departamento,ARRIENDO,owner_direct
TT-2024-11-000410,toctoc,Santiago,Metropolitana,655000.0,CLP,45.0,2024-10-19 00:00:00.000000,2024-11-01 00:00:00.000000,DEPARTAMENTO,Arriendo,agency
TT-2024-11-002746,toctoc,La Florida,Metropolitana,43.11,UF,78.0,2024-11-01 00:00:00.000000,2024-11-15 00:00:00.000000,DEPARTAMENTO,ARRIENDO,agency
TT-2024-11-000322,toctoc,Santiago,Metropolitana,535000.0,CLP,35.6,2024-10-15 00:00:00.000000,2024-11-01 00:00:00.000000,DEPARTAMENTO,Arriendo,owner_direct
TT-2024-11-005340,toctoc,Recoleta,Metropolitana,540000.0,CLP,34.7,2024-10-31 00:00:00.000000,2024-11-29 00:00:00.000000,DEPARTAMENTO,arriendo,agency
TT-2024-11-004639,toctoc,Ñuñoa,Metropolitana,530000.0,CLP,27.5,2024-11-16 00:00:00.000000,2024-11-29 00:00:00.000000,Departamento,Arriendo,agency
TT-2024-11-000857,toctoc,Independencia,Metropolitana,425000.0,CLP,26.1,2024-10-08 00:00:00.000000,2024-11-01 00:00:00.000000,DEPARTAMENTO,arriendo,owner_direct
TT-2024-11-003493,toctoc,La Florida,Metropolitana,16.89,UF,59.5,2024-11-14 00:00:00.000000,2024-11-22 00:00:00.000000,DEPARTAMENTO,arriendo,agency
TT-2024-11-003915,toctoc,la cisterna,Metropolitana,695000.0,CLP,75.9,2024-10-27 00:00:00.000000,2024-11-22 00:00:00.000000,DEPARTAMENTO,ARRIENDO,agency
TT-2024-11-002850,toctoc,Ñuñoa,Metropolitana,790000.0,CLP,46.4,2024-10-28 00:00:00.000000,2024-11-15 00:00:00.000000,departamento,Arriendo,owner_direct
TT-2024-11-004103,toctoc,Puente Alto,Metropolitana,475000.0,CLP,56.5,2024-10-18 00:00:00.000000,2024-11-22 00:00:00.000000,Departamento,Arriendo,owner_direct
TT-2024-11-002643,toctoc,San Miguel,Metropolitana,212.97,UF,106.6,2024-08-08 00:00:00.000000,2024-11-15 00:00:00.000000,DEPARTAMENTO,ARRIENDO,agency
TT-2024-11-003390,toctoc,Estación Central,Metropolitana,410000.0,CLP,38.7,2024-10-18 00:00:00.000000,2024-11-22 00:00:00.000000,departamento,arriendo,agency
TT-2024-11-003055,toctoc,Recoleta,Metropolitana,665000.0,CLP,67.6,2024-11-07 00:00:00.000000,2024-11-15 00:00:00.000000,departamento,ARRIENDO,agency
TT-2024-11-000841,toctoc,La Reina,Metropolitana,19.73,UF,46.0,2024-10-24 00:00:00.000000,2024-11-01 00:00:00.000000,DEPARTAMENTO,arriendo,owner_direct
TT-2024-11-003348,toctoc,Conchalí,Metropolitana,15.95,UF,57.4,2024-09-07 00:00:00.000000,2024-11-15 00:00:00.000000,departamento,Arriendo,agency
TT-2024-11-002139,toctoc,Santiago,Metropolitana,29.19,UF,91.6,2024-10-23 00:00:00.000000,2024-11-08 00:00:00.000000,DEPARTAMENTO,Arriendo,agency
TT-2024-11-001854,toctoc,Ñuñoa,Metropolitana,18.92,UF,43.3,2024-10-07 00:00:00.000000,2024-11-08 00:00:00.000000,Departamento,Arriendo,owner_direct
TT-2024-11-002403,toctoc,Cerrillos,Metropolitana,505000.0,CLP,51.2,2024-11-06 00:00:00.000000,2024-11-15 00:00:00.000000,DEPARTAMENTO,ARRIENDO,
TT-2024-11-002446,toctoc,Puente Alto,Metropolitana,10.68,UF,52.2,2024-11-01 00:00:00.000000,2024-11-15 00:00:00.000000,DEPARTAMENTO,Arriendo,agency
TT-2024-11-005035,toctoc,Santiago,Metropolitana,15.68,UF,58.4,2024-11-21 00:00:00.000000,2024-11-29 00:00:00.000000,Departamento,ARRIENDO,owner_direct
TT-2024-11-000700,toctoc,Las Condes,Metropolitana,28.24,UF,41.9,2024-10-10 00:00:00.000000,2024-11-01 00:00:00.000000,DEPARTAMENTO,Arriendo,agency
TT-2024-11-001365,toctoc,Santiago,Metropolitana,14.86,UF,46.7,2024-10-27 00:00:00.000000,2024-11-08 00:00:00.000000,DEPARTAMENTO,ARRIENDO,agency
TT-2024-11-004925,toctoc,Las Condes,Metropolitana,30.68,UF,49.9,2024-11-25 00:00:00.000000,2024-11-29 00:00:00.000000,Departamento,Arriendo,
TT-2024-11-001049,toctoc,Providencia,Metropolitana,31.62,UF,84.3,2024-10-09 00:00:00.000000,2024-11-01 00:00:00.000000,departamento,Arriendo,owner_direct
TT-2024-11-003274,toctoc,Santiago,Metropolitana,13.11,UF,26.3,2024-09-29 00:00:00.000000,2024-11-15 00:00:00.000000,departamento,ARRIENDO,owner_direct
TT-2024-11-000850,toctoc,Santiago,Metropolitana,15.81,UF,44.1,2024-10-02 00:00:00.000000,2024-11-01 00:00:00.000000,DEPARTAMENTO,Arriendo,agency
TT-2024-11-002863,toctoc,Vitacura,Metropolitana,980000.0,CLP,27.9,2024-11-02 00:00:00.000000,2024-11-15 00:00:00.000000,Departamento,Arriendo,agency
TT-2024-11-003733,toctoc,Macul,Metropolitana,15.54,UF,47.3,2024-11-15 00:00:00.000000,2024-11-22 00:00:00.000000,Departamento,Arriendo,agency
TT-2024-11-000125,toctoc,Santiago,Metropolitana,630000.0,CLP,45.2,2024-10-20 00:00:00.000000,2024-11-01 00:00:00.000000,Departamento,arriendo,agency
TT-2024-11-000211,toctoc,Estación Central,Metropolitana,755000.0,CLP,101.9,2024-10-02 00:00:00.000000,2024-11-01 00:00:00.000000,Departamento,ARRIENDO,agency
TT-2024-11-002227,toctoc,Maipú,Metropolitana,13.11,UF,55.1,2024-05-16 00:00:00.000000,2024-11-15 00:00:00.000000,Departamento,ARRIENDO,owner_direct
TT-2024-11-005073,toctoc,PROVIDENCIA,Metropolitana,291.08,UF,46.6,2024-11-17 00:00:00.000000,2024-11-29 00:00:00.000000,Departamento,ARRIENDO,owner_direct
TT-2024-11-005213,toctoc,Providencia,Metropolitana,25.14,UF,37.4,2024-08-02 00:00:00.000000,2024-11-29 00:00:00.000000,departamento,Arriendo,agency
TT-2024-11-001937,toctoc,Las Condes,Metropolitana,905000.0,CLP,28.0,2024-08-19 00:00:00.000000,2024-11-08 00:00:00.000000,Departamento,ARRIENDO,owner_direct
TT-2024-11-004370,toctoc,Renca,Metropolitana,11.89,UF,42.0,2024-10-27 00:00:00.000000,2024-11-29 00:00:00.000000,DEPARTAMENTO,Arriendo,agency
TT-2024-11-003490,toctoc,La Florida,Metropolitana,490000.0,CLP,42.2,2024-11-08 00:00:00.000000,2024-11-22 00:00:00.000000,departamento,arriendo,owner_direct
TT-2024-11-004674,toctoc,La Florida,Metropolitana,575000.0,CLP,46.0,2024-10-11 00:00:00.000000,2024-11-29 00:00:00.000000,DEPARTAMENTO,arriendo,agency
TT-2024-11-000076,toctoc,Estación Central,Metropolitana,510000.0,CLP,51.6,2024-04-28 00:00:00.000000,2024-11-01 00:00:00.000000,DEPARTAMENTO,Arriendo,agency
TT-2024-11-003119,toctoc,La Florida,Metropolitana,12.7,UF,41.8,2024-09-30 00:00:00.000000,2024-11-15 00:00:00.000000,departamento,Arriendo,owner_direct
TT-2024-11-004416,toctoc,Las Condes,Metropolitana,720000.0,CLP,26.5,2024-11-13 00:00:00.000000,2024-11-29 00:00:00.000000,departamento,ARRIENDO,agency
TT-2024-11-003253,toctoc,ESTACIÓN CENTRAL,Metropolitana,470000.0,CLP,44.8,2024-11-08 00:00:00.000000,2024-11-15 00:00:00.000000,departamento,arriendo,owner_direct
TT-2024-11-002391,toctoc,Macul ,Metropolitana,700000.0,CLP,51.7,2024-11-07 00:00:00.000000,2024-11-15 00:00:00.000000,DEPARTAMENTO,ARRIENDO,owner_direct
TT-2024-11-004272,toctoc,Estación Central,Metropolitana,14.19,UF,43.5,2024-10-31 00:00:00.000000,2024-11-22 00:00:00.000000,departamento,ARRIENDO,agency
TT-2024-11-002110,toctoc,San Miguel,Metropolitana,12.16,UF,36.7,2024-05-02 00:00:00.000000,2024-11-08 00:00:00.000000,departamento,ARRIENDO,owner_direct
TT-2024-11-001714,toctoc,Santiago,Metropolitana,21.08,UF,67.8,2024-09-16 00:00:00.000000,2024-11-08 00:00:00.000000,Departamento,ARRIENDO,agency
TT-2024-11-003454,toctoc,Santiago,Metropolitana,595000.0,CLP,50.8,2024-10-02 00:00:00.000000,2024-11-22 00:00:00.000000,Departamento,arriendo,owner_direct
TT-2024-11-000833,toctoc,Conchalí,Metropolitana,465000.0,CLP,43.8,2024-10-02 00:00:00.000000,2024-11-01 00:00:00.000000,departamento,Arriendo,agency
TT-2024-11-003078,toctoc,Ñuñoa,Metropolitana,16.35,UF,27.7,2024-10-22 00:00:00.000000,2024-11-15 00:00:00.000000,Departamento,Arriendo,owner_direct
TT-2024-11-002732,toctoc,Maipú,Metropolitana,560000.0,CLP,57.1,2024-10-25 00:00:00.000000,2024-11-15 00:00:00.000000,Departamento,ARRIENDO,agency
TT-2024-11-001812,toctoc,Macul,Metropolitana,17.03,UF,41.9,2024-10-23 00:00:00.000000,2024-11-08 00:00:00.000000,departamento,arriendo,agency
TT-2024-11-001054,toctoc,La Florida,Metropolitana,18.65,UF,63.1,2024-10-06 00:00:00.000000,2024-11-01 00:00:00.000000,departamento,Arriendo,agency
TT-2024-11-001556,toctoc,Maipú,Metropolitana,14.19,UF,53.5,2024-10-29 00:00:00.000000,2024-11-08 00:00:00.000000,DEPARTAMENTO,ARRIENDO,agency
TT-2024-11-005036,toctoc,Estación Central,Metropolitana,490000.0,CLP,36.0,2024-06-18 00:00:00.000000,2024-11-29 00:00:00.000000,Departamento,arriendo,owner_direct
TT-2024-11-000926,toctoc,La Florida,Metropolitana,12.3,UF,38.1,2024-10-11 00:00:00.000000,2024-11-01 00:00:00.000000,DEPARTAMENTO,Arriendo,owner_direct
TT-2024-11-003212,toctoc,Santiago,Metropolitana,675000.0,CLP,52.3,2024-10-26 00:00:00.000000,2024-11-15 00:00:00.000000,departamento,Arriendo,agency
TT-2024-11-004342,toctoc,Estación Central,Metropolitana,1205000.0,CLP,132.0,2024-11-10 00:00:00.000000,2024-11-29 00:00:00.000000,departamento,ARRIENDO,agency
TT-2024-11-002721,toctoc,Santiago,Metropolitana,605000.0,CLP,46.6,2024-09-25 00:00:00.000000,2024-11-15 00:00:00.000000,Departamento,arriendo,agency
TT-2024-11-001277,toctoc,Lo Barnechea,Metropolitana,23.51,UF,41.0,2024-11-01 00:00:00.000000,2024-11-08 00:00:00.000000,DEPARTAMENTO,arriendo,owner_direct
TT-2024-11-005077,toctoc,INDEPENDENCIA,Metropolitana,580000.0,CLP,51.1,2024-11-05 00:00:00.000000,2024-11-29 00:00:00.000000,DEPARTAMENTO,arriendo,agency
TT-2024-11-004337,toctoc,Providencia,Metropolitana,810000.0,CLP,37.3,2024-10-21 00:00:00.000000,2024-11-29 00:00:00.000000,DEPARTAMENTO,arriendo,owner_direct
TT-2024-11-002024,toctoc,Ñuñoa,Metropolitana,22.03,UF,49.2,2024-10-30 00:00:00.000000,2024-11-08 00:00:00.000000,departamento,ARRIENDO,owner_direct
TT-2024-11-005464,toctoc, San Miguel,Metropolitana,2180000.0,CLP,44.8,2024-11-12 00:00:00.000000,2024-11-29 00:00:00.000000,departamento,Arriendo,agency
TT-2024-11-004472,toctoc,Santiago,Metropolitana,20.95,UF,71.6,2024-11-13 00:00:00.000000,2024-11-29 00:00:00.000000,departamento,arriendo,agency
TT-2024-11-000370,toctoc,Quilicura,Metropolitana,420000.0,CLP,42.2,2024-10-20 00:00:00.000000,2024-11-01 00:00:00.000000,departamento,ARRIENDO,agency
TT-2024-11-004613,toctoc,Estación Central,Metropolitana,12.97,UF,39.6,2024-10-31 00:00:00.000000,2024-11-29 00:00:00.000000,departamento,arriendo,agency
TT-2024-11-002870,toctoc,La Cisterna,Metropolitana,560000.0,CLP,47.0,2024-10-11 00:00:00.000000,2024-11-15 00:00:00.000000,departamento,ARRIENDO,agency
TT-2024-11-001615,toctoc,La Reina,Metropolitana,735000.0,CLP,38.9,2024-10-22 00:00:00.000000,2024-11-08 00:00:00.000000,Departamento,Arriendo,agency
TT-2024-11-003998,toctoc,Macul,Metropolitana,18.92,UF,61.1,2024-10-24 00:00:00.000000,2024-11-22 00:00:00.000000,Departamento,ARRIENDO,owner_direct
TT-2024-11-000308,toctoc,Santiago,Metropolitana,22.43,UF,62.7,2024-10-14 00:00:00.000000,2024-11-01 00:00:00.000000,DEPARTAMENTO,Arriendo,agency
TT-2024-11-000495,toctoc,Independencia,Metropolitana,550000.0,CLP,49.0,2024-10-25 00:00:00.000000,2024-11-01 00:00:00.000000,DEPARTAMENTO,Arriendo,owner_direct
TT-2024-11-002540,toctoc,Lo Barnechea,Metropolitana,1505000.0,CLP,78.7,2024-10-12 00:00:00.000000,2024-11-15 00:00:00.000000,Departamento,ARRIENDO,agency
TT-2024-11-001325,toctoc,Santiago,Metropolitana,10.54,UF,33.3,2024-10-24 00:00:00.000000,2024-11-08 00:00:00.000000,DEPARTAMENTO,ARRIENDO,owner_direct
TT-2024-11-004240,toctoc,Santiago,Metropolitana,15.0,UF,32.8,2024-10-15 00:00:00.000000,2024-11-22 00:00:00.000000,DEPARTAMENTO,Arriendo,agency
TT-2024-11-003702,toctoc,Santiago,Metropolitana,14.59,UF,38.3,2024-11-14 00:00:00.000000,2024-11-22 00:00:00.000000,DEPARTAMENTO,ARRIENDO,agency
TT-2024-11-003799,toctoc,Macul,Metropolitana,23.24,UF,78.8,2024-09-29 00:00:00.000000,2024-11-22 00:00:00.000000,departamento,arriendo,agency
TT-2024-11-004876,toctoc,Puente Alto,Metropolitana,415000.0,CLP,43.3,2024-10-15 00:00:00.000000,2024-11-29 00:00:00.000000,DEPARTAMENTO,arriendo,agency
TT-2024-11-001288,toctoc,Vitacura,Metropolitana,795000.0,CLP,32.7,2024-10-18 00:00:00.000000,2024-11-08 00:00:00.000000,Departamento,ARRIENDO,agency
TT-2024-11-001752,toctoc,Lo Barnechea,Metropolitana,31.62,UF,62.1,2024-10-01 00:00:00.000000,2024-11-08 00:00:00.000000,DEPARTAMENTO,Arriendo,owner_direct
TT-2024-11-005087,toctoc,Las Condes,Metropolitana,28.38,UF,55.8,2024-10-30 00:00:00.000000,2024-11-29 00:00:00.000000,DEPARTAMENTO,Arriendo,agency
TT-2024-11-001129,toctoc,Ñuñoa,Metropolitana,1120000.0,CLP,78.0,2024-10-16 00:00:00.000000,2024-11-01 00:00:00.000000,Departamento,Arriendo,agency
TT-2024-11-002275,toctoc,Las Condes,Metropolitana,1165000.0,CLP,52.6,2024-10-16 00:00:00.000000,2024-11-15 00:00:00.000000,Departamento,arriendo,agency
TT-2024-11-002125,toctoc,Macul,Metropolitana,520000.0,CLP,44.4,2024-10-28 00:00:00.000000,2024-11-08 00:00:00.000000,DEPARTAMENTO,arriendo,owner_direct
TT-2024-11-001533,toctoc,La Florida,Metropolitana,625000.0,CLP,58.9,2024-10-06 00:00:00.000000,2024-11-08 00:00:00.000000,DEPARTAMENTO,Arriendo,owner_direct
TT-2024-11-002358,toctoc,Huechuraba,Metropolitana,500000.0,CLP,35.1,2024-08-06 00:00:00.000000,2024-11-15 00:00:00.000000,DEPARTAMENTO,ARRIENDO,owner_direct
TT-2024-11-004651,toctoc,Huechuraba,Metropolitana,15.81,UF,41.3,2024-10-31 00:00:00.000000,2024-11-29 00:00:00.000000,DEPARTAMENTO,Arriendo,agency
TT-2024-11-003704,toctoc,Huechuraba,Metropolitana,27.3,UF,99.9,2024-11-01 00:00:00.000000,2024-11-22 00:00:00.000000,departamento,arriendo,agency
TT-2024-11-002633,toctoc,Maipú,Metropolitana,11.62,UF,44.1,2024-09-18 00:00:00.000000,2024-11-15 00:00:00.000000,departamento,arriendo,owner_direct
TT-2024-11-005407,toctoc,Ñuñoa,Metropolitana,850000.0,CLP,64.2,2024-11-13 00:00:00.000000,2024-11-29 00:00:00.000000,Departamento,ARRIENDO,agency
TT-2024-11-003671,toctoc,Ñuñoa,Metropolitana,735000.0,CLP,45.1,2024-10-19 00:00:00.000000,2024-11-22 00:00:00.000000,Departamento,Arriendo,owner_direct
TT-2024-11-001983,toctoc,Santiago,Metropolitana,855000.0,CLP,75.3,2024-07-12 00:00:00.000000,2024-11-08 00:00:00.000000,DEPARTAMENTO,ARRIENDO,owner_direct
TT-2024-11-003851,toctoc,San Joaquín,Metropolitana,805000.0,CLP,80.6,2024-10-21 00:00:00.000000,2024-11-22 00:00:00.000000,departamento,ARRIENDO,agency
TT-2024-11-005404,toctoc,Estación Central,Metropolitana,10.68,UF,28.3,2024-10-16 00:00:00.000000,2024-11-29 00:00:00.000000,Departamento,arriendo,agency
TT-2024-11-003764,toctoc,San Miguel,Metropolitana,960000.0,CLP,88.6,2024-11-12 00:00:00.000000,2024-11-22 00:00:00.000000,Departamento,arriendo,agency
TT-2024-11-005221,toctoc,San Miguel,Metropolitana,635000.0,CLP,55.8,2024-10-16 00:00:00.000000,2024-11-29 00:00:00.000000,departamento,arriendo,agency
TT-2024-11-003358,toctoc,Ñuñoa,Metropolitana,23.11,UF,66.0,2024-10-23 00:00:00.000000,2024-11-15 00:00:00.000000,Departamento,Arriendo,agency
TT-2024-11-000175,toctoc,La Reina,Metropolitana,23.92,UF,57.2,2024-09-16 00:00:00.000000,2024-11-01 00:00:00.000000,departamento,ARRIENDO,agency
TT-2024-11-003647,toctoc,Independencia,Metropolitana,11.22,UF,34.6,2024-10-25 00:00:00.000000,2024-11-22 00:00:00.000000,Departamento,ARRIENDO,agency
TT-2024-11-002819,toctoc,La Cisterna,Metropolitana,525000.0,CLP,43.9,2024-11-07 00:00:00.000000,2024-11-15 00:00:00.000000,DEPARTAMENTO,Arriendo,owner_direct
TT-2024-11-003079,toctoc,Independencia,Metropolitana,14.19,UF,46.9,2024-11-01 00:00:00.000000,2024-11-15 00:00:00.000000,departamento,arriendo,agency
TT-2024-11-002582,toctoc,san joaquín,Metropolitana,17.7,UF,67.3,2024-10-31 00:00:00.000000,2024-11-15 00:00:00.000000,DEPARTAMENTO,Arriendo,agency
TT-2024-11-004118,toctoc,Recoleta,Metropolitana,14.32,UF,47.1,2024-10-31 00:00:00.000000,2024-11-22 00:00:00.000000,departamento,Arriendo,agency
TT-2024-11-000681,toctoc,Recoleta,Metropolitana,14.59,UF,59.7,2024-10-30 00:00:00.000000,2024-11-01 00:00:00.000000,Departamento,arriendo,agency
TT-2024-11-001292,toctoc,Santiago,Metropolitana,690000.0,CLP,66.0,2024-08-28 00:00:00.000000,2024-11-08 00:00:00.000000,DEPARTAMENTO,ARRIENDO,agency
TT-2024-11-002549,toctoc,Santiago,Metropolitana,14.73,UF,33.7,2024-11-03 00:00:00.000000,2024-11-15 00:00:00.000000,DEPARTAMENTO,ARRIENDO,agency
TT-2024-11-000729,toctoc,Santiago,Metropolitana,24.73,UF,77.0,2024-10-24 00:00:00.000000,2024-11-01 00:00:00.000000,departamento,arriendo,agency
TT-2024-11-002941,toctoc,Estación Central,Metropolitana,555000.0,CLP,65.0,2024-10-16 00:00:00.000000,2024-11-15 00:00:00.000000,departamento,ARRIENDO,agency
TT-2024-11-000645,toctoc,Quilicura,Metropolitana,12.84,UF,49.6,2024-08-22 00:00:00.000000,2024-11-01 00:00:00.000000,DEPARTAMENTO,ARRIENDO,
TT-2024-11-000585,toctoc,Santiago,Metropolitana,16.22,UF,53.0,2024-10-16 00:00:00.000000,2024-11-01 00:00:00.000000,departamento,ARRIENDO,owner_direct
TT-2024-11-002420,toctoc,Puente Alto,Metropolitana,12.3,UF,42.1,2024-10-31 00:00:00.000000,2024-11-15 00:00:00.000000,departamento,arriendo,agency
TT-2024-11-001651,toctoc,La Reina,Metropolitana,765000.0,CLP,40.3,2024-10-03 00:00:00.000000,2024-11-08 00:00:00.000000,departamento,arriendo,agency
TT-2024-11-000843,toctoc,Maipú,Metropolitana,555000.0,CLP,65.7,2024-08-18 00:00:00.000000,2024-11-01 00:00:00.000000,departamento,Arriendo,owner_direct
TT-2024-11-004901,toctoc,Peñalolén,Metropolitana,705000.0,CLP,72.3,2024-11-22 00:00:00.000000,2024-11-29 00:00:00.000000,departamento,ARRIENDO,agency
TT-2024-11-005269,toctoc,Las Condes,Metropolitana,23.92,UF,43.3,2024-07-09 00:00:00.000000,2024-11-29 00:00:00.000000,departamento,Arriendo,owner_direct
TT-2024-11-001576,toctoc,Estación Central,Metropolitana,485000.0,CLP,56.0,2024-10-14 00:00:00.000000,2024-11-08 00:00:00.000000,DEPARTAMENTO,arriendo,agency
TT-2024-11-002875,toctoc,Maipú,Metropolitana,21.08,UF,89.1,2024-07-13 00:00:00.000000,2024-11-15 00:00:00.000000,Departamento,arriendo,agency
TT-2024-11-003322,toctoc,Renca,Metropolitana,12.7,UF,43.5,2024-10-17 00:00:00.000000,2024-11-15 00:00:00.000000,Departamento,Arriendo,agency
TT-2024-11-000340,toctoc,Ñuñoa,Metropolitana,1005000.0,CLP,62.7,2024-10-23 00:00:00.000000,2024-11-01 00:00:00.000000,DEPARTAMENTO,Arriendo,owner_direct
TT-2024-11-005467,toctoc,Macul,Metropolitana,480000.0,CLP,28.6,2024-11-28 00:00:00.000000,2024-11-29 00:00:00.000000,Departamento,Arriendo,agency
TT-2024-11-000330,toctoc,Ñuñoa,Metropolitana,21.49,UF,49.2,2024-10-18 00:00:00.000000,2024-11-01 00:00:00.000000,DEPARTAMENTO,arriendo,owner_direct
TT-2024-11-005242,toctoc,Las Condes,Metropolitana,32.84,UF,62.1,2024-11-04 00:00:00.000000,2024-11-29 00:00:00.000000,Departamento,ARRIENDO,agency
TT-2024-11-003116,toctoc,Huechuraba,Metropolitana,17.7,UF,46.7,2024-10-17 00:00:00.000000,2024-11-15 00:00:00.000000,Departamento,Arriendo,owner_direct
TT-2024-11-003639,toctoc,Estación Central,Metropolitana,980000.0,CLP,113.7,2024-10-20 00:00:00.000000,2024-11-22 00:00:00.000000,departamento,ARRIENDO,agency
TT-2024-11-000710,toctoc,Quilicura,Metropolitana,10.41,UF,32.7,2024-10-24 00:00:00.000000,2024-11-01 00:00:00.000000,DEPARTAMENTO,ARRIENDO,agency
TT-2024-11-000026,toctoc, San Miguel,Metropolitana,17.7,UF,55.4,2024-10-26 00:00:00.000000,2024-11-01 00:00:00.000000,DEPARTAMENTO,arriendo,agency
TT-2024-11-005328,toctoc,Vitacura,Metropolitana,1155000.0,CLP,45.2,2024-11-16 00:00:00.000000,2024-11-29 00:00:00.000000,Departamento,Arriendo,agency
TT-2024-11-004020,toctoc,Conchalí,Metropolitana,665000.0,CLP,75.2,2024-10-30 00:00:00.000000,2024-11-22 00:00:00.000000,DEPARTAMENTO,ARRIENDO,agency
TT-2024-11-005040,toctoc,Ñuñoa,Metropolitana,710000.0,CLP,46.7,2024-11-19 00:00:00.000000,2024-11-29 00:00:00.000000,DEPARTAMENTO,ARRIENDO,agency
TT-2024-11-002068,toctoc,Macul,Metropolitana,13.65,UF,39.0,2024-10-24 00:00:00.000000,2024-11-08 00:00:00.000000,Departamento,arriendo,owner_direct
TT-2024-11-001792,toctoc,Recoleta,Metropolitana,415000.0,CLP,33.2,2024-11-01 00:00:00.000000,2024-11-08 00:00:00.000000,departamento,Arriendo,agency
TT-2024-11-004323,toctoc,La Florida,Metropolitana,22.3,UF,83.0,2024-11-16 00:00:00.000000,2024-11-29 00:00:00.000000,departamento,Arriendo,agency
TT-2024-11-003128,toctoc,Providencia,Metropolitana,18.65,UF,36.7,2024-07-16 00:00:00.000000,2024-11-15 00:00:00.000000,DEPARTAMENTO,arriendo,agency
TT-2024-11-003243,toctoc,Quilicura,Metropolitana,415000.0,CLP,44.0,2024-07-27 00:00:00.000000,2024-11-15 00:00:00.000000,Departamento,Arriendo,agency
TT-2024-11-001144,toctoc,Santiago,Metropolitana,19.46,UF,63.5,2024-09-20 00:00:00.000000,2024-11-01 00:00:00.000000,Departamento,Arriendo,agency
TT-2024-11-004295,toctoc,Santiago,Metropolitana,14.05,UF,36.8,2024-11-20 00:00:00.000000,2024-11-29 00:00:00.000000,Departamento,arriendo,owner_direct
TT-2024-11-004565,toctoc,Maipú,Metropolitana,630000.0,CLP,65.9,2024-11-10 00:00:00.000000,2024-11-29 00:00:00.000000,departamento,Arriendo,owner_direct
TT-2024-11-002383,toctoc,Santiago,Metropolitana,755000.0,CLP,67.8,2024-04-28 00:00:00.000000,2024-11-15 00:00:00.000000,DEPARTAMENTO,ARRIENDO,agency
TT-2024-11-003769,toctoc,La Florida,Metropolitana,480000.0,CLP,32.4,2024-11-04 00:00:00.000000,2024-11-22 00:00:00.000000,departamento,ARRIENDO,owner_direct
TT-2024-11-005499,toctoc,La Cisterna,Metropolitana,440000.0,CLP,36.4,2024-10-30 00:00:00.000000,2024-11-29 00:00:00.000000,departamento,ARRIENDO,agency
TT-2024-11-001199,toctoc,Maipú,Metropolitana,10.95,UF,5.0,2024-09-19 00:00:00.000000,2024-11-01 00:00:00.000000,Departamento,ARRIENDO,agency
TT-2024-11-005370,toctoc,San Miguel,Metropolitana,495000.0,CLP,40.2,2024-09-26 00:00:00.000000,2024-11-29 00:00:00.000000,Departamento,ARRIENDO,agency
TT-2024-11-000994,toctoc,Estación Central,Metropolitana,530000.0,CLP,53.8,2024-10-03 00:00:00.000000,2024-11-01 00:00:00.000000,departamento,Arriendo,agency
TT-2024-11-003512,toctoc,Cerrillos,Metropolitana,14.46,UF,53.3,2024-10-11 00:00:00.000000,2024-11-22 00:00:00.000000,Departamento,ARRIENDO,agency
TT-2024-11-000467,toctoc,Las Condes,Metropolitana,930000.0,CLP,31.4,2024-10-17 00:00:00.000000,2024-11-01 00:00:00.000000,DEPARTAMENTO,Arriendo,owner_direct
TT-2024-11-003729,toctoc,Independencia,Metropolitana,12.7,UF,39.7,2024-10-15 00:00:00.000000,2024-11-22 00:00:00.000000,DEPARTAMENTO,arriendo,agency
TT-2024-11-004846,toctoc,Las Condes,Metropolitana,34.19,UF,73.4,2024-11-24 00:00:00.000000,2024-11-29 00:00:00.000000,DEPARTAMENTO,arriendo,agency
TT-2024-11-004721,toctoc,Las Condes,Metropolitana,27.03,UF,48.5,2024-10-25 00:00:00.000000,2024-11-29 00:00:00.000000,DEPARTAMENTO,ARRIENDO,agency
TT-2024-11-000040,toctoc,Estación Central,Metropolitana,18.51,UF,67.4,2024-09-21 00:00:00.000000,2024-11-01 00:00:00.000000,departamento,Arriendo,agency
TT-2024-11-003445,toctoc,San Miguel,Metropolitana,16.49,UF,55.5,2024-10-19 00:00:00.000000,2024-11-22 00:00:00.000000,DEPARTAMENTO,arriendo,agency
TT-2024-11-000564,toctoc,Independencia,Metropolitana,530000.0,CLP,51.0,2024-10-07 00:00:00.000000,2024-11-01 00:00:00.000000,departamento,Arriendo,agency
TT-2024-11-004700,toctoc,Macul,Metropolitana,20.0,UF,57.5,2024-11-15 00:00:00.000000,2024-11-29 00:00:00.000000,DEPARTAMENTO,ARRIENDO,owner_direct
TT-2024-11-005026,toctoc,Recoleta,Metropolitana,10.27,UF,26.1,2024-10-24 00:00:00.000000,2024-11-29 00:00:00.000000,departamento,arriendo,agency
TT-2024-11-004228,toctoc,Estación Central,Metropolitana,505000.0,CLP,49.7,2024-11-05 00:00:00.000000,2024-11-22 00:00:00.000000,Departamento,arriendo,agency
TT-2024-11-002331,toctoc,Ñuñoa,Metropolitana,24.05,UF,49.5,2024-10-30 00:00:00.000000,2024-11-15 00:00:00.000000,Departamento,ARRIENDO,agency
TT-2024-11-005443,toctoc,Pudahuel,Metropolitana,15.14,UF,73.2,2024-11-05 00:00:00.000000,2024-11-29 00:00:00.000000,Departamento,arriendo,owner_direct
TT-2024-11-005343,toctoc,Vitacura,Metropolitana,48.24,UF,75.2,2024-10-28 00:00:00.000000,2024-11-29 00:00:00.000000,DEPARTAMENTO,Arriendo,agency
TT-2024-11-004233,toctoc,Las Condes,Metropolitana,1115000.0,CLP,45.5,2024-11-12 00:00:00.000000,2024-11-22 00:00:00.000000,DEPARTAMENTO,ARRIENDO,agency
TT-2024-11-001631,toctoc,Las Condes,Metropolitana,925000.0,CLP,48.2,2024-09-08 00:00:00.000000,2024-11-08 00:00:00.000000,Departamento,ARRIENDO,owner_direct
TT-2024-11-000517,toctoc,Santiago,Metropolitana,545000.0,CLP,54.4,2024-10-12 00:00:00.000000,2024-11-01 00:00:00.000000,DEPARTAMENTO,ARRIENDO,agency
TT-2024-11-001833,toctoc,San Miguel,Metropolitana,17.84,UF,69.6,2024-10-20 00:00:00.000000,2024-11-08 00:00:00.000000,Departamento,arriendo,agency
TT-2024-11-000217,toctoc,Santiago,Metropolitana,13.51,UF,35.3,2024-10-12 00:00:00.000000,2024-11-01 00:00:00.000000,Departamento,Arriendo,agency
TT-2024-11-003708,toctoc,Ñuñoa,Metropolitana,570000.0,CLP,28.4,2024-10-27 00:00:00.000000,2024-11-22 00:00:00.000000,Departamento,ARRIENDO,owner_direct
TT-2024-11-000774,toctoc,La Reina,Metropolitana,32.43,UF,100.4,2024-10-23 00:00:00.000000,2024-11-01 00:00:00.000000,DEPARTAMENTO,Arriendo,agency
TT-2024-11-000551,toctoc,La Florida,Metropolitana,11.76,UF,10.0,2024-09-26 00:00:00.000000,2024-11-01 00:00:00.000000,Departamento,Arriendo,agency
TT-2024-11-003622,toctoc,Quilicura,Metropolitana,515000.0,CLP,46.8,2024-11-13 00:00:00.000000,2024-11-22 00:00:00.000000,DEPARTAMENTO,Arriendo,agency
TT-2024-11-005450,toctoc,Las Condes,Metropolitana,29.46,UF,62.2,2024-11-08 00:00:00.000000,2024-11-29 00:00:00.000000,DEPARTAMENTO,arriendo,owner_direct
TT-2024-11-003852,toctoc,Quinta Normal,Metropolitana,25.95,UF,133.9,2024-10-17 00:00:00.000000,2024-11-22 00:00:00.000000,Departamento,ARRIENDO,agency
TT-2024-11-004136,toctoc,Santiago,Metropolitana,21.35,UF,64.2,2024-09-19 00:00:00.000000,2024-11-22 00:00:00.000000,departamento,arriendo,agency
TT-2024-11-000220,toctoc,Recoleta,Metropolitana,12.84,UF,50.1,2024-09-16 00:00:00.000000,2024-11-01 00:00:00.000000,Departamento,ARRIENDO,
TT-2024-11-001658,toctoc,Providencia,Metropolitana,780000.0,CLP,27.9,2024-10-17 00:00:00.000000,2024-11-08 00:00:00.000000,departamento,Arriendo,agency
TT-2024-11-005344,toctoc,Recoleta,Metropolitana,880000.0,CLP,101.7,2024-11-23 00:00:00.000000,2024-11-29 00:00:00.000000,DEPARTAMENTO,Arriendo,agency
TT-2024-11-004276,toctoc,Lo Barnechea,Metropolitana,1125000.0,CLP,55.0,2024-11-01 00:00:00.000000,2024-11-22 00:00:00.000000,DEPARTAMENTO,arriendo,agency
TT-2024-11-000429,toctoc,Independencia,Metropolitana,25.41,UF,99.8,2024-07-28 00:00:00.000000,2024-11-01 00:00:00.000000,DEPARTAMENTO,Arriendo,agency
TT-2024-11-003354,toctoc,Independencia,Metropolitana,5545000.0,CLP,48.4,2024-11-01 00:00:00.000000,2024-11-15 00:00:00.000000,departamento,Arriendo,agency
TT-2024-11-004154,toctoc,Pudahuel,Metropolitana,15.68,UF,62.7,2024-10-20 00:00:00.000000,2024-11-22 00:00:00.000000,DEPARTAMENTO,Arriendo,agency
TT-2024-11-000587,toctoc,Estación Central,Metropolitana,595000.0,CLP,57.8,2024-10-04 00:00:00.000000,2024-11-01 00:00:00.000000,DEPARTAMENTO,arriendo,agency
TT-2024-11-001916,toctoc,Macul,Metropolitana,525000.0,CLP,46.4,2024-11-05 00:00:00.000000,2024-11-08 00:00:00.000000,DEPARTAMENTO,Arriendo,owner_direct
TT-2024-11-002438,toctoc,Puente Alto,Metropolitana,9.19,UF,38.5,2024-11-03 00:00:00.000000,2024-11-15 00:00:00.000000,Departamento,ARRIENDO,agency
TT-2024-11-002777,toctoc,San Miguel,Metropolitana,23.78,UF,83.3,2024-10-12 00:00:00.000000,2024-11-15 00:00:00.000000,DEPARTAMENTO,ARRIENDO,owner_direct
TT-2024-11-001081,toctoc,San Miguel,Metropolitana,940000.0,CLP,102.3,2024-09-27 00:00:00.000000,2024-11-01 00:00:00.000000,DEPARTAMENTO,Arriendo,agency
TT-2024-11-004277,toctoc,Estación Central,Metropolitana,605000.0,CLP,58.2,2024-10-31 00:00:00.000000,2024-11-22 00:00:00.000000,DEPARTAMENTO,Arriendo,owner_direct
TT-2024-11-004927,toctoc,Macul,Metropolitana,18.78,UF,66.1,2024-10-28 00:00:00.000000,2024-11-29 00:00:00.000000,DEPARTAMENTO,Arriendo,agency
TT-2024-11-005020,toctoc,Independencia,Metropolitana,535000.0,CLP,51.0,2024-11-03 00:00:00.000000,2024-11-29 00:00:00.000000,DEPARTAMENTO,Arriendo,
TT-2024-11-001751,toctoc,Peñalolén,Metropolitana,12.84,UF,55.1,2024-09-15 00:00:00.000000,2024-11-08 00:00:00.000000,Departamento,Arriendo,owner_direct
TT-2024-11-000617,toctoc,Pudahuel,Metropolitana,12.03,UF,42.2,2024-10-23 00:00:00.000000,2024-11-01 00:00:00.000000,departamento,Arriendo,owner_direct
TT-2024-11-003962,toctoc,Las Condes,Metropolitana,21.35,UF,40.0,2024-11-10 00:00:00.000000,2024-11-22 00:00:00.000000,DEPARTAMENTO,arriendo,agency
TT-2024-11-004725,toctoc,La Cisterna,Metropolitana,505000.0,CLP,45.3,2024-11-21 00:00:00.000000,2024-11-29 00:00:00.000000,departamento,ARRIENDO,owner_direct
TT-2024-11-003203,toctoc,Providencia,Metropolitana,26.49,UF,50.7,2024-10-12 00:00:00.000000,2024-11-15 00:00:00.000000,DEPARTAMENTO,Arriendo,agency
TT-2024-11-005097,toctoc,Independencia,Metropolitana,13.65,UF,51.2,2024-11-26 00:00:00.000000,2024-11-29 00:00:00.000000,DEPARTAMENTO,Arriendo,agency
TT-2024-11-002522,toctoc,Ñuñoa,Metropolitana,885000.0,CLP,76.1,2024-09-04 00:00:00.000000,2024-11-15 00:00:00.000000,DEPARTAMENTO,ARRIENDO,agency
TT-2024-11-004863,toctoc,Santiago,Metropolitana,475000.0,CLP,22.8,2024-11-26 00:00:00.000000,2024-11-29 00:00:00.000000,DEPARTAMENTO,Arriendo,owner_direct
TT-2024-11-004281,toctoc,Santiago,Metropolitana,670000.0,CLP,56.4,2024-11-02 00:00:00.000000,2024-11-22 00:00:00.000000,departamento,arriendo,agency
TT-2024-11-004835,toctoc,San Joaquín,Metropolitana,11.76,UF,34.8,2024-11-20 00:00:00.000000,2024-11-29 00:00:00.000000,departamento,arriendo,owner_direct
TT-2024-11-002864,toctoc,Macul,Metropolitana,685000.0,CLP,55.6,2024-10-13 00:00:00.000000,2024-11-15 00:00:00.000000,DEPARTAMENTO,Arriendo,agency
TT-2024-11-000905,toctoc,Lo Barnechea ,Metropolitana,22.7,UF,42.2,2024-10-07 00:00:00.000000,2024-11-01 00:00:00.000000,departamento,Arriendo,agency
TT-2024-11-005276,toctoc,Maipú,Metropolitana,650000.0,CLP,79.4,2024-11-28 00:00:00.000000,2024-11-29 00:00:00.000000,DEPARTAMENTO,ARRIENDO,owner_direct
TT-2024-11-004829,toctoc,La Florida,Metropolitana,5550000.0,CLP,46.3,2024-10-18 00:00:00.000000,2024-11-29 00:00:00.000000,departamento,ARRIENDO,agency
TT-2024-11-001544,toctoc,Ñuñoa,Metropolitana,835000.0,CLP,47.5,2024-11-03 00:00:00.000000,2024-11-08 00:00:00.000000,DEPARTAMENTO,Arriendo,agency
TT-2024-11-005155,toctoc,Las Condes,Metropolitana,30.54,UF,56.9,2024-11-01 00:00:00.000000,2024-11-29 00:00:00.000000,departamento,Arriendo,agency
TT-2024-11-005200,toctoc,Estación Central,Metropolitana,19.05,UF,72.5,2024-11-05 00:00:00.000000,2024-11-29 00:00:00.000000,DEPARTAMENTO,arriendo,owner_direct
TT-2024-11-003698,toctoc,Peñalolén,Metropolitana,19.86,UF,93.8,2024-11-11 00:00:00.000000,2024-11-22 00:00:00.000000,Departamento,ARRIENDO,owner_direct
TT-2024-11-004005,toctoc,LA FLORIDA,Metropolitana,13.38,UF,49.5,2024-07-19 00:00:00.000000,2024-11-22 00:00:00.000000,Departamento,Arriendo,agency
TT-2024-11-001659,toctoc,Estación Central,Metropolitana,570000.0,CLP,51.0,2024-10-20 00:00:00.000000,2024-11-08 00:00:00.000000,Departamento,ARRIENDO,agency
TT-2024-11-004730,toctoc,Las Condes,Metropolitana,27.7,UF,41.6,2024-11-12 00:00:00.000000,2024-11-29 00:00:00.000000,Departamento,arriendo,agency
TT-2024-11-001760,toctoc,Peñalolén ,Metropolitana,12.3,UF,47.5,2024-09-12 00:00:00.000000,2024-11-08 00:00:00.000000,DEPARTAMENTO,arriendo,owner_direct
TT-2024-11-001156,toctoc,Pudahuel,Metropolitana,590000.0,CLP,69.8,2024-10-14 00:00:00.000000,2024-11-01 00:00:00.000000,departamento,arriendo,owner_direct
TT-2024-11-000554,toctoc,Ñuñoa ,Metropolitana,540000.0,CLP,8.0,2024-09-26 00:00:00.000000,2024-11-01 00:00:00.000000,departamento,ARRIENDO,agency
TT-2024-11-001683,toctoc,Quinta Normal,Metropolitana,670000.0,CLP,65.6,2024-10-25 00:00:00.000000,2024-11-08 00:00:00.000000,Departamento,ARRIENDO,owner_direct
TT-2024-11-003105,toctoc,Quinta Normal,Metropolitana,15.68,UF,56.7,2024-10-31 00:00:00.000000,2024-11-15 00:00:00.000000,Departamento,Arriendo,owner_direct
TT-2024-11-003885,toctoc,Peñalolén,Metropolitana,595000.0,CLP,41.5,2024-11-08 00:00:00.000000,2024-11-22 00:00:00.000000,Departamento,arriendo,agency
TT-2024-11-005296,toctoc,San Miguel,Metropolitana,28.65,UF,121.5,2024-10-15 00:00:00.000000,2024-11-29 00:00:00.000000,DEPARTAMENTO,Arriendo,agency
TT-2024-11-004348,toctoc,Santiago,Metropolitana,21.89,UF,72.9,2024-11-15 00:00:00.000000,2024-11-29 00:00:00.000000,DEPARTAMENTO,Arriendo,agency
TT-2024-11-003753,toctoc,Santiago,Metropolitana,640000.0,CLP,42.5,2024-11-09 00:00:00.000000,2024-11-22 00:00:00.000000,departamento,Arriendo,agency
TT-2024-11-004875,toctoc,San Joaquín,Metropolitana,540000.0,CLP,49.5,2024-09-28 00:00:00.000000,2024-11-29 00:00:00.000000,Departamento,arriendo,agency
TT-2024-11-004204,toctoc,Lo Barnechea,Metropolitana,1265000.0,CLP,83.1,2024-11-09 00:00:00.000000,2024-11-22 00:00:00.000000,DEPARTAMENTO,Arriendo,owner_direct
TT-2024-11-002117,toctoc,Santiago,Metropolitana,23.38,UF,72.9,2024-10-29 00:00:00.000000,2024-11-08 00:00:00.000000,departamento,arriendo,owner_direct
TT-2024-11-003254,toctoc,recoleta,Metropolitana,18.92,UF,60.6,2024-09-09 00:00:00.000000,2024-11-15 00:00:00.000000,Departamento,Arriendo,agency
TT-2024-11-002381,toctoc,Santiago,Metropolitana,705000.0,CLP,43.2,2024-10-29 00:00:00.000000,2024-11-15 00:00:00.000000,departamento,arriendo,agency
TT-2024-11-000108,toctoc,Quilicura,Metropolitana,630000.0,CLP,55.1,2024-10-24 00:00:00.000000,2024-11-01 00:00:00.000000,Departamento,Arriendo,owner_direct
TT-2024-11-003225,toctoc,Independencia,Metropolitana,465000.0,CLP,34.0,2024-07-30 00:00:00.000000,2024-11-15 00:00:00.000000,DEPARTAMENTO,Arriendo,agency
TT-2024-11-002005,toctoc,Pudahuel,Metropolitana,18.78,UF,78.7,2024-10-03 00:00:00.000000,2024-11-08 00:00:00.000000,Departamento,ARRIENDO,agency
TT-2024-11-003099,toctoc,Santiago,Metropolitana,18.51,UF,44.2,2024-07-11 00:00:00.000000,2024-11-15 00:00:00.000000,Departamento,ARRIENDO,owner_direct
TT-2024-11-004400,toctoc, Las Condes,Metropolitana,995000.0,CLP,43.4,2024-11-19 00:00:00.000000,2024-11-29 00:00:00.000000,Departamento,arriendo,owner_direct
TT-2024-11-001322,toctoc,Estación Central,Metropolitana,10.95,UF,30.4,2024-10-08 00:00:00.000000,2024-11-08 00:00:00.000000,departamento,Arriendo,agency
TT-2024-11-000955,toctoc,Quinta Normal,Metropolitana,805000.0,CLP,71.5,2024-09-16 00:00:00.000000,2024-11-01 00:00:00.000000,Departamento,ARRIENDO,agency
TT-2024-11-001268,toctoc,La Florida,Metropolitana,12.43,UF,35.1,2024-10-13 00:00:00.000000,2024-11-08 00:00:00.000000,DEPARTAMENTO,Arriendo,owner_direct
TT-2024-11-005399,toctoc,Santiago,Metropolitana,630000.0,CLP,36.5,2024-11-11 00:00:00.000000,2024-11-29 00:00:00.000000,Departamento,ARRIENDO,agency
TT-2024-11-002618,toctoc,Puente Alto,Metropolitana,580000.0,CLP,53.3,2024-11-07 00:00:00.000000,2024-11-15 00:00:00.000000,departamento,ARRIENDO,agency
TT-2024-11-004549,toctoc,San Miguel,Metropolitana,520000.0,CLP,36.8,2024-10-30 00:00:00.000000,2024-11-29 00:00:00.000000,Departamento,arriendo,agency
TT-2024-11-000080,toctoc,Estación Central,Metropolitana,550000.0,CLP,58.4,2024-06-21 00:00:00.000000,2024-11-01 00:00:00.000000,DEPARTAMENTO,ARRIENDO,owner_direct
TT-2024-11-004359,toctoc,Recoleta,Metropolitana,470000.0,CLP,29.1,2024-11-01 00:00:00.000000,2024-11-29 00:00:00.000000,departamento,arriendo,owner_direct
TT-2024-11-000804,toctoc,Recoleta,Metropolitana,740000.0,CLP,89.4,2024-10-25 00:00:00.000000,2024-11-01 00:00:00.000000,Departamento,Arriendo,owner_direct
TT-2024-11-005345,toctoc,Estación Central,Metropolitana,15.0,UF,63.1,2024-08-03 00:00:00.000000,2024-11-29 00:00:00.000000,Departamento,Arriendo,owner_direct
TT-2024-11-000624,toctoc,Huechuraba,Metropolitana,630000.0,CLP,45.2,2024-08-25 00:00:00.000000,2024-11-01 00:00:00.000000,departamento,Arriendo,owner_direct
TT-2024-11-002058,toctoc,Maipú ,Metropolitana,16.08,UF,64.1,2024-09-10 00:00:00.000000,2024-11-08 00:00:00.000000,DEPARTAMENTO,arriendo,owner_direct
TT-2024-11-001900,toctoc,San Miguel,Metropolitana,770000.0,CLP,70.3,2024-11-03 00:00:00.000000,2024-11-08 00:00:00.000000,Departamento,ARRIENDO,agency
TT-2024-11-002892,toctoc,Macul,Metropolitana,19.73,UF,61.1,2024-10-14 00:00:00.000000,2024-11-15 00:00:00.000000,departamento,ARRIENDO,agency
TT-2024-11-005114,toctoc,Quinta Normal,Metropolitana,1925000.0,CLP,54.9,2024-06-21 00:00:00.000000,2024-11-29 00:00:00.000000,Departamento,arriendo,agency
TT-2024-11-002952,toctoc,La Florida,Metropolitana,11.08,UF,28.9,2024-11-05 00:00:00.000000,2024-11-15 00:00:00.000000,Departamento,ARRIENDO,owner_direct
TT-2024-11-002555,toctoc,Las Condes,Metropolitana,985000.0,CLP,64.6,2024-09-01 00:00:00.000000,2024-11-15 00:00:00.000000,departamento,Arriendo,owner_direct
TT-2024-11-005431,toctoc,Ñuñoa,Metropolitana,20.68,UF,36.0,2024-10-14 00:00:00.000000,2024-11-29 00:00:00.000000,DEPARTAMENTO,arriendo,agency
TT-2024-11-000927,toctoc,Santiago,Metropolitana,19.05,UF,57.1,2024-10-03 00:00:00.000000,2024-11-01 00:00:00.000000,departamento,ARRIENDO,agency
TT-2024-11-002325,toctoc,Vitacura,Metropolitana,48.24,UF,79.0,2024-11-03 00:00:00.000000,2024-11-15 00:00:00.000000,Departamento,arriendo,owner_direct
TT-2024-11-004922,toctoc,Estación Central,Metropolitana,480000.0,CLP,43.6,2024-11-10 00:00:00.000000,2024-11-29 00:00:00.000000,Departamento,ARRIENDO,agency
TT-2024-11-001005,toctoc,Conchalí,Metropolitana,9.19,UF,37.4,2024-10-31 00:00:00.000000,2024-11-01 00:00:00.000000,Departamento,Arriendo,agency
TT-2024-11-002647,toctoc,Peñalolén,Metropolitana,29.59,UF,135.9,2024-10-18 00:00:00.000000,2024-11-15 00:00:00.000000,DEPARTAMENTO,ARRIENDO,agency
TT-2024-11-001743,toctoc,Independencia,Metropolitana,1365000.0,CLP,21.4,2024-08-03 00:00:00.000000,2024-11-08 00:00:00.000000,departamento,arriendo,owner_direct
TT-2024-11-004985,toctoc,La Reina,Metropolitana,755000.0,CLP,39.6,2024-10-08 00:00:00.000000,2024-11-29 00:00:00.000000,Departamento,arriendo,agency
TT-2024-11-000251,toctoc,Cerrillos,Metropolitana,22.3,UF,88.0,2024-10-27 00:00:00.000000,2024-11-01 00:00:00.000000,departamento,arriendo,owner_direct
TT-2024-11-002645,toctoc,Macul,Metropolitana,510000.0,CLP,35.1,2024-09-24 00:00:00.000000,2024-11-15 00:00:00.000000,departamento,ARRIENDO,agency
TT-2024-11-003937,toctoc,Recoleta,Metropolitana,490000.0,CLP,58.1,2024-09-05 00:00:00.000000,2024-11-22 00:00:00.000000,Departamento,ARRIENDO,owner_direct
TT-2024-11-001239,toctoc,Macul,Metropolitana,650000.0,CLP,54.5,2024-10-22 00:00:00.000000,2024-11-08 00:00:00.000000,Departamento,arriendo,agency
TT-2024-11-002858,toctoc,Independencia,Metropolitana,565000.0,CLP,48.4,2024-10-14 00:00:00.000000,2024-11-15 00:00:00.000000,DEPARTAMENTO,Arriendo,agency
TT-2024-11-003756,toctoc,RENCA,Metropolitana,11.35,UF,32.3,2024-10-29 00:00:00.000000,2024-11-22 00:00:00.000000,DEPARTAMENTO,Arriendo,agency
TT-2024-11-004193,toctoc,Vitacura,Metropolitana,1160000.0,CLP,46.5,2024-11-11 00:00:00.000000,2024-11-22 00:00:00.000000,DEPARTAMENTO,arriendo,owner_direct
TT-2024-11-001660,toctoc,Macul,Metropolitana,15.27,UF,36.0,2024-10-22 00:00:00.000000,2024-11-08 00:00:00.000000,departamento,arriendo,agency
TT-2024-11-001317,toctoc,Santiago,Metropolitana,187.57,UF,51.7,2024-10-22 00:00:00.000000,2024-11-08 00:00:00.000000,Departamento,arriendo,agency
TT-2024-11-005463,toctoc,San Miguel,Metropolitana,855000.0,CLP,75.4,2024-10-15 00:00:00.000000,2024-11-29 00:00:00.000000,Departamento,ARRIENDO,agency
TT-2024-11-001578,toctoc,San Miguel,Metropolitana,565000.0,CLP,50.7,2024-10-31 00:00:00.000000,2024-11-08 00:00:00.000000,DEPARTAMENTO,arriendo,agency
TT-2024-11-002775,toctoc,Recoleta,Metropolitana,14.19,UF,36.7,2024-11-07 00:00:00.000000,2024-11-15 00:00:00.000000,Departamento,Arriendo,agency
TT-2024-11-002153,toctoc,Independencia,Metropolitana,10.95,UF,45.1,2024-09-22 00:00:00.000000,2024-11-08 00:00:00.000000,Departamento,ARRIENDO,agency
TT-2024-11-001722,toctoc,Vitacura,Metropolitana,33.78,UF,48.9,2024-10-23 00:00:00.000000,2024-11-08 00:00:00.000000,Departamento,arriendo,agency
TT-2024-11-001364,toctoc,Providencia,Metropolitana,44.59,UF,105.2,2024-10-14 00:00:00.000000,2024-11-08 00:00:00.000000,Departamento,arriendo,agency
TT-2024-11-004678,toctoc,Independencia,Metropolitana,15.14,UF,50.2,2024-11-15 00:00:00.000000,2024-11-29 00:00:00.000000,Departamento,Arriendo,owner_direct
TT-2024-11-001793,toctoc,Las Condes,Metropolitana,48.51,UF,92.0,2024-10-07 00:00:00.000000,2024-11-08 00:00:00.000000,Departamento,ARRIENDO,agency
TT-2024-11-000155,toctoc,Huechuraba,Metropolitana,15.95,UF,36.4,2024-10-08 00:00:00.000000,2024-11-01 00:00:00.000000,departamento,arriendo,agency
TT-2024-11-002622,toctoc,Providencia,Metropolitana,1005000.0,CLP,45.6,2024-11-04 00:00:00.000000,2024-11-15 00:00:00.000000,DEPARTAMENTO,arriendo,owner_direct
TT-2024-11-001031,toctoc,Maipú,Metropolitana,630000.0,CLP,70.7,2024-10-17 00:00:00.000000,2024-11-01 00:00:00.000000,departamento,Arriendo,agency
TT-2024-11-002975,toctoc,La Florida,Metropolitana,13.92,UF,43.3,2024-10-27 00:00:00.000000,2024-11-15 00:00:00.000000,Departamento,arriendo,agency
TT-2024-11-002940,toctoc,La Reina,Metropolitana,32.97,UF,72.8,2024-10-31 00:00:00.000000,2024-11-15 00:00:00.000000,departamento,ARRIENDO,agency
TT-2024-11-003200,toctoc,San Joaquín,Metropolitana,495000.0,CLP,54.3,2024-10-22 00:00:00.000000,2024-11-15 00:00:00.000000,departamento,Arriendo,agency
TT-2024-11-003629,toctoc,Recoleta,Metropolitana,525000.0,CLP,41.8,2024-11-04 00:00:00.000000,2024-11-22 00:00:00.000000,departamento,arriendo,owner_direct
TT-2024-11-001822,toctoc,Las Condes,Metropolitana,29.32,UF,43.8,2024-10-17 00:00:00.000000,2024-11-08 00:00:00.000000,departamento,Arriendo,agency
TT-2024-11-002052,toctoc,Santiago,Metropolitana,13.51,UF,31.4,2024-08-18 00:00:00.000000,2024-11-08 00:00:00.000000,departamento,Arriendo,agency
TT-2024-11-001763,toctoc,Ñuñoa,Metropolitana,25.0,UF,69.0,2024-10-13 00:00:00.000000,2024-11-08 00:00:00.000000,Departamento,arriendo,owner_direct
TT-2024-11-004828,toctoc,Puente Alto,Metropolitana,380000.0,CLP,30.0,2024-11-18 00:00:00.000000,2024-11-29 00:00:00.000000,DEPARTAMENTO,Arriendo,owner_direct
TT-2024-11-002779,toctoc,Recoleta ,Metropolitana,11.49,UF,31.9,2024-10-05 00:00:00.000000,2024-11-15 00:00:00.000000,departamento,ARRIENDO,owner_direct
TT-2024-11-003820,toctoc,Santiago,Metropolitana,24.19,UF,77.9,2024-11-08 00:00:00.000000,2024-11-22 00:00:00.000000,departamento,ARRIENDO,owner_direct
TT-2024-11-002416,toctoc,Santiago,Metropolitana,15.27,UF,43.3,2024-11-10 00:00:00.000000,2024-11-15 00:00:00.000000,DEPARTAMENTO,arriendo,agency
TT-2024-11-001410,toctoc,Cerrillos,Metropolitana,11.08,UF,27.5,2024-10-30 00:00:00.000000,2024-11-08 00:00:00.000000,departamento,arriendo,agency
TT-2024-11-004307,toctoc,Independencia,Metropolitana,17.57,UF,61.7,2024-10-09 00:00:00.000000,2024-11-29 00:00:00.000000,departamento,ARRIENDO,agency
TT-2024-11-001290,toctoc,San Miguel ,Metropolitana,970000.0,CLP,93.6,2024-10-02 00:00:00.000000,2024-11-08 00:00:00.000000,departamento,ARRIENDO,owner_direct
TT-2024-11-004322,toctoc,Macul,Metropolitana,650000.0,CLP,54.7,2024-05-22 00:00:00.000000,2024-11-29 00:00:00.000000,departamento,ARRIENDO,agency
TT-2024-11-004774,toctoc,Quilicura,Metropolitana,12.97,UF,44.3,2024-11-01 00:00:00.000000,2024-11-29 00:00:00.000000,Departamento,arriendo,owner_direct
TT-2024-11-001097,toctoc,Estación Central,Metropolitana,10.41,UF,35.7,2024-09-29 00:00:00.000000,2024-11-01 00:00:00.000000,departamento,ARRIENDO,owner_direct
TT-2024-11-002043,toctoc,Peñalolén,Metropolitana,1130000.0,CLP,143.6,2024-10-31 00:00:00.000000,2024-11-08 00:00:00.000000,departamento,arriendo,agency
TT-2024-11-004819,toctoc,Quinta Normal,Metropolitana,11.89,UF,48.1,2024-11-17 00:00:00.000000,2024-11-29 00:00:00.000000,Departamento,arriendo,agency
TT-2024-11-002602,toctoc,La Florida,Metropolitana,12.7,UF,47.8,2024-11-08 00:00:00.000000,2024-11-15 00:00:00.000000,departamento,ARRIENDO,agency
TT-2024-11-004773,toctoc,Santiago,Metropolitana,17.97,UF,47.6,2024-11-26 00:00:00.000000,2024-11-29 00:00:00.000000,Departamento,ARRIENDO,agency
TT-2024-11-001695,toctoc,Macul,Metropolitana,14.59,UF,38.5,2024-10-17 00:00:00.000000,2024-11-08 00:00:00.000000,Departamento,Arriendo,agency
TT-2024-11-000579,toctoc,Santiago,Metropolitana,17.16,UF,54.3,2024-10-17 00:00:00.000000,2024-11-01 00:00:00.000000,departamento,arriendo,agency
TT-2024-11-001968,toctoc,Santiago,Metropolitana,20.81,UF,71.2,2024-05-31 00:00:00.000000,2024-11-08 00:00:00.000000,DEPARTAMENTO,arriendo,agency
TT-2024-11-004569,toctoc,Providencia,Metropolitana,850000.0,CLP,33.7,2024-11-14 00:00:00.000000,2024-11-29 00:00:00.000000,DEPARTAMENTO,arriendo,owner_direct
TT-2024-11-004068,toctoc,Pudahuel,Metropolitana,11.49,UF,38.1,2024-09-23 00:00:00.000000,2024-11-22 00:00:00.000000,DEPARTAMENTO,ARRIENDO,owner_direct
TT-2024-11-003675,toctoc,San Miguel,Metropolitana,630000.0,CLP,46.3,2024-11-09 00:00:00.000000,2024-11-22 00:00:00.000000,DEPARTAMENTO,ARRIENDO,agency
TT-2024-11-003417,toctoc,Huechuraba,Metropolitana,15.14,UF,31.3,2024-11-04 00:00:00.000000,2024-11-22 00:00:00.000000,Departamento,ARRIENDO,owner_direct
TT-2024-11-002747,toctoc,Ñuñoa,Metropolitana,835000.0,CLP,47.3,2024-11-08 00:00:00.000000,2024-11-15 00:00:00.000000,Departamento,Arriendo,owner_direct
TT-2024-11-004208,toctoc,San Joaquín,Metropolitana,350000.0,CLP,23.6,2024-10-15 00:00:00.000000,2024-11-22 00:00:00.000000,DEPARTAMENTO,Arriendo,owner_direct
TT-2024-11-003540,toctoc,San Miguel,Metropolitana,19.46,UF,57.2,2024-10-18 00:00:00.000000,2024-11-22 00:00:00.000000,departamento,Arriendo,agency
TT-2024-11-001816,toctoc,Cerrillos,Metropolitana,885000.0,CLP,79.3,2024-10-17 00:00:00.000000,2024-11-08 00:00:00.000000,Departamento,arriendo,owner_direct
TT-2024-11-002066,toctoc,Puente Alto,Metropolitana,8.65,UF,30.5,2024-10-30 00:00:00.000000,2024-11-08 00:00:00.000000,Departamento,arriendo,agency
TT-2024-11-003359,toctoc,Independencia,Metropolitana,570000.0,CLP,50.4,2024-10-24 00:00:00.000000,2024-11-15 00:00:00.000000,departamento,Arriendo,agency
TT-2024-11-000062,toctoc,Santiago,Metropolitana,15.95,UF,39.0,2024-10-18 00:00:00.000000,2024-11-01 00:00:00.000000,DEPARTAMENTO,ARRIENDO,owner_direct
TT-2024-11-005438,toctoc,La Cisterna,Metropolitana,13.65,UF,41.9,2024-11-15 00:00:00.000000,2024-11-29 00:00:00.000000,departamento,ARRIENDO,owner_direct
TT-2024-11-002072,toctoc,Las Condes,Metropolitana,24.32,UF,36.9,2024-10-21 00:00:00.000000,2024-11-08 00:00:00.000000,Departamento,ARRIENDO,agency
TT-2024-11-004065,toctoc,Las Condes,Metropolitana,945000.0,CLP,52.2,2024-11-10 00:00:00.000000,2024-11-22 00:00:00.000000,Departamento,ARRIENDO,agency
TT-2024-11-003231,toctoc,Huechuraba,Metropolitana,16.76,UF,42.0,2024-10-05 00:00:00.000000,2024-11-15 00:00:00.000000,Departamento,Arriendo,agency
TT-2024-11-003761,toctoc,Las Condes,Metropolitana,39.46,UF,69.0,2024-10-12 00:00:00.000000,2024-11-22 00:00:00.000000,DEPARTAMENTO,Arriendo,agency
TT-2024-11-000109,toctoc,La Cisterna,Metropolitana,14.19,UF,46.5,2024-10-19 00:00:00.000000,2024-11-01 00:00:00.000000,departamento,arriendo,owner_direct
TT-2024-11-000224,toctoc,La Florida,Metropolitana,17.16,UF,54.8,2024-10-25 00:00:00.000000,2024-11-01 00:00:00.000000,departamento,arriendo,owner_direct
TT-2024-11-003589,toctoc,Lo Barnechea,Metropolitana,25.41,UF,61.4,2024-10-31 00:00:00.000000,2024-11-22 00:00:00.000000,departamento,arriendo,owner_direct
TT-2024-11-003867,toctoc,Providencia,Metropolitana,29.73,UF,48.9,2024-10-21 00:00:00.000000,2024-11-22 00:00:00.000000,DEPARTAMENTO,Arriendo,agency
TT-2024-11-002195,toctoc,Peñalolén,Metropolitana,15.14,UF,44.5,2024-09-06 00:00:00.000000,2024-11-15 00:00:00.000000,departamento,Arriendo,owner_direct
TT-2024-11-000722,toctoc,Maipú,Metropolitana,17.03,UF,66.4,2024-09-15 00:00:00.000000,2024-11-01 00:00:00.000000,DEPARTAMENTO,Arriendo,agency
TT-2024-11-004035,toctoc,Independencia,Metropolitana,15.41,UF,44.7,2024-11-17 00:00:00.000000,2024-11-22 00:00:00.000000,DEPARTAMENTO,arriendo,agency
TT-2024-11-004944,toctoc,Quilicura,Metropolitana,400000.0,CLP,34.6,2024-11-23 00:00:00.000000,2024-11-29 00:00:00.000000,DEPARTAMENTO,arriendo,owner_direct
TT-2024-11-003472,toctoc,Peñalolén,Metropolitana,530000.0,CLP,41.6,2024-10-28 00:00:00.000000,2024-11-22 00:00:00.000000,departamento,Arriendo,agency
TT-2024-11-001586,toctoc,La Reina,Metropolitana,1375000.0,CLP,87.5,2024-10-19 00:00:00.000000,2024-11-08 00:00:00.000000,Departamento,ARRIENDO,agency
TT-2024-11-002644,toctoc,Providencia,Metropolitana,835000.0,CLP,29.1,2024-10-20 00:00:00.000000,2024-11-15 00:00:00.000000,DEPARTAMENTO,ARRIENDO,owner_direct
TT-2024-11-005136,toctoc,Cerrillos,Metropolitana,11.89,UF,20.0,2024-10-29 00:00:00.000000,2024-11-29 00:00:00.000000,departamento,Arriendo,agency
TT-2024-11-003742,toctoc,Las Condes,Metropolitana,35.81,UF,82.1,2024-10-30 00:00:00.000000,2024-11-22 00:00:00.000000,DEPARTAMENTO,arriendo,agency
TT-2024-11-000970,toctoc,Independencia,Metropolitana,26.76,UF,111.9,2024-10-27 00:00:00.000000,2024-11-01 00:00:00.000000,DEPARTAMENTO,Arriendo,agency
TT-2024-11-001840,toctoc,Huechuraba,Metropolitana,610000.0,CLP,38.2,2024-09-29 00:00:00.000000,2024-11-08 00:00:00.000000,Departamento,arriendo,agency
TT-2024-11-000051,toctoc,Pudahuel,Metropolitana,645000.0,CLP,90.1,2024-10-15 00:00:00.000000,2024-11-01 00:00:00.000000,Departamento,ARRIENDO,agency
TT-2024-11-001953,toctoc,Macul,Metropolitana,565000.0,CLP,58.5,2024-10-21 00:00:00.000000,2024-11-08 00:00:00.000000,departamento,ARRIENDO,agency
TT-2024-11-003388,toctoc,Lo Barnechea,Metropolitana,715000.0,CLP,28.5,2024-10-30 00:00:00.000000,2024-11-22 00:00:00.000000,departamento,ARRIENDO,agency
TT-2024-11-000282,toctoc,Macul,Metropolitana,440000.0,CLP,28.8,2024-10-16 00:00:00.000000,2024-11-01 00:00:00.000000,Departamento,arriendo,agency
TT-2024-11-000057,toctoc,LA FLORIDA,Metropolitana,460000.0,CLP,32.3,2024-10-14 00:00:00.000000,2024-11-01 00:00:00.000000,Departamento,arriendo,agency
TT-2024-11-004657,toctoc,La Reina,Metropolitana,18.24,UF,29.4,2024-10-22 00:00:00.000000,2024-11-29 00:00:00.000000,Departamento,arriendo,agency
TT-2024-11-000336,toctoc,La Florida,Metropolitana,590000.0,CLP,50.9,2024-10-11 00:00:00.000000,2024-11-01 00:00:00.000000,departamento,ARRIENDO,owner_direct
TT-2024-11-002879,toctoc,Las Condes,Metropolitana,1410000.0,CLP,66.7,2024-10-18 00:00:00.000000,2024-11-15 00:00:00.000000,DEPARTAMENTO,Arriendo,agency
TT-2024-11-004574,toctoc,Peñalolén,Metropolitana,13.24,UF,32.7,2024-11-13 00:00:00.000000,2024-11-29 00:00:00.000000,departamento,arriendo,
TT-2024-11-000496,toctoc,Puente Alto,Metropolitana,13.24,UF,53.1,2024-07-07 00:00:00.000000,2024-11-01 00:00:00.000000,departamento,ARRIENDO,agency
TT-2024-11-000004,toctoc,Huechuraba,Metropolitana,650000.0,CLP,44.1,2024-10-06 00:00:00.000000,2024-11-01 00:00:00.000000,departamento,ARRIENDO,owner_direct
TT-2024-11-003447,toctoc,Independencia,Metropolitana,47.3,UF,61.2,2024-10-25 00:00:00.000000,2024-11-22 00:00:00.000000,DEPARTAMENTO,Arriendo,agency
TT-2024-11-000242,toctoc,Macul,Metropolitana,14.19,UF,32.5,2024-10-18 00:00:00.000000,2024-11-01 00:00:00.000000,DEPARTAMENTO,ARRIENDO,agency
TT-2024-11-005251,toctoc,Recoleta,Metropolitana,495000.0,CLP,48.3,2024-11-08 00:00:00.000000,2024-11-29 00:00:00.000000,DEPARTAMENTO,Arriendo,owner_direct
TT-2024-11-004894,toctoc,Puente Alto,Metropolitana,400000.0,CLP,41.6,2024-08-01 00:00:00.000000,2024-11-29 00:00:00.000000,Departamento,ARRIENDO,agency
TT-2024-11-004419,toctoc,Conchalí,Metropolitana,11.76,UF,39.1,2024-11-10 00:00:00.000000,2024-11-29 00:00:00.000000,DEPARTAMENTO,arriendo,agency
TT-2024-11-002333,toctoc,La Florida,Metropolitana,580000.0,CLP,42.7,2024-10-15 00:00:00.000000,2024-11-15 00:00:00.000000,Departamento,arriendo,agency
TT-2024-11-000171,toctoc,Independencia,Metropolitana,670000.0,CLP,65.0,2024-09-29 00:00:00.000000,2024-11-01 00:00:00.000000,departamento,ARRIENDO,agency
TT-2024-11-000995,toctoc,Maipú ,Metropolitana,780000.0,CLP,86.5,2024-10-06 00:00:00.000000,2024-11-01 00:00:00.000000,Departamento,ARRIENDO,owner_direct
TT-2024-11-001394,toctoc,San Joaquín,Metropolitana,845000.0,CLP,89.5,2024-10-26 00:00:00.000000,2024-11-08 00:00:00.000000,Departamento,Arriendo,owner_direct
TT-2024-11-001796,toctoc,Las Condes,Metropolitana,46.35,UF,106.4,2024-09-10 00:00:00.000000,2024-11-08 00:00:00.000000,DEPARTAMENTO,Arriendo,agency
TT-2024-11-003479,toctoc,La Florida,Metropolitana,24.32,UF,105.2,2024-10-10 00:00:00.000000,2024-11-22 00:00:00.000000,Departamento,Arriendo,agency
TT-2024-11-002805,toctoc,Quilicura,Metropolitana,560000.0,CLP,53.0,2024-10-10 00:00:00.000000,2024-11-15 00:00:00.000000,DEPARTAMENTO,arriendo,owner_direct
TT-2024-11-004203,toctoc,Providencia,Metropolitana,22.3,UF,33.2,2024-08-16 00:00:00.000000,2024-11-22 00:00:00.000000,DEPARTAMENTO,ARRIENDO,agency
TT-2024-11-004692,toctoc,Estación Central,Metropolitana,10.41,UF,27.6,2024-11-06 00:00:00.000000,2024-11-29 00:00:00.000000,departamento,ARRIENDO,agency
TT-2024-11-004909,toctoc,Estación Central,Metropolitana,1075000.0,CLP,121.6,2024-06-20 00:00:00.000000,2024-11-29 00:00:00.000000,departamento,Arriendo,owner_direct
TT-2024-11-001148,toctoc,Independencia,Metropolitana,12.3,UF,34.4,2024-10-24 00:00:00.000000,2024-11-01 00:00:00.000000,DEPARTAMENTO,Arriendo,agency
TT-2024-11-003864,toctoc,Santiago,Metropolitana,19.59,UF,53.3,2024-10-25 00:00:00.000000,2024-11-22 00:00:00.000000,Departamento,Arriendo,agency
TT-2024-11-001236,toctoc,Macul,Metropolitana,535000.0,CLP,43.8,2024-06-08 00:00:00.000000,2024-11-08 00:00:00.000000,Departamento,ARRIENDO,agency
TT-2024-11-004695,toctoc,San Miguel,Metropolitana,405000.0,CLP,28.0,2024-10-22 00:00:00.000000,2024-11-29 00:00:00.000000,departamento,ARRIENDO,agency
TT-2024-11-003204,toctoc,Ñuñoa,Metropolitana,14.59,UF,27.6,2024-11-03 00:00:00.000000,2024-11-15 00:00:00.000000,DEPARTAMENTO,arriendo,agency
TT-2024-11-003813,toctoc,Maipú,Metropolitana,335000.0,CLP,32.3,2024-10-22 00:00:00.000000,2024-11-22 00:00:00.000000,departamento,arriendo,agency
TT-2024-11-004691,toctoc,Quinta Normal,Metropolitana,545000.0,CLP,44.7,2024-11-22 00:00:00.000000,2024-11-29 00:00:00.000000,Departamento,ARRIENDO,agency
TT-2024-11-001671,toctoc,Puente Alto,Metropolitana,13.51,UF,64.7,2024-10-15 00:00:00.000000,2024-11-08 00:00:00.000000,Departamento,ARRIENDO,agency
TT-2024-11-001002,toctoc,Quilicura,Metropolitana,11.62,UF,53.4,2024-10-16 00:00:00.000000,2024-11-01 00:00:00.000000,departamento,arriendo,agency
TT-2024-11-004523,toctoc,Independencia,Metropolitana,15.27,UF,49.0,2024-10-04 00:00:00.000000,2024-11-29 00:00:00.000000,Departamento,arriendo,owner_direct
TT-2024-11-004585,toctoc,Las Condes,Metropolitana,26.22,UF,57.0,2024-11-24 00:00:00.000000,2024-11-29 00:00:00.000000,DEPARTAMENTO,arriendo,agency
TT-2024-11-002945,toctoc,Estación Central,Metropolitana,475000.0,CLP,41.5,2024-10-18 00:00:00.000000,2024-11-15 00:00:00.000000,Departamento,ARRIENDO,owner_direct
TT-2024-11-005253,toctoc,La Florida,Metropolitana,535000.0,CLP,55.6,2024-08-10 00:00:00.000000,2024-11-29 00:00:00.000000,Departamento,arriendo,agency
TT-2024-11-005437,toctoc,Maipú,Metropolitana,15.54,UF,62.2,2024-11-21 00:00:00.000000,2024-11-29 00:00:00.000000,DEPARTAMENTO,arriendo,agency
TT-2024-11-004977,toctoc,Santiago,Metropolitana,15.54,UF,37.9,2024-10-24 00:00:00.000000,2024-11-29 00:00:00.000000,DEPARTAMENTO,Arriendo,owner_direct
TT-2024-11-002900,toctoc,San Miguel,Metropolitana,47.97,UF,57.8,2024-10-26 00:00:00.000000,2024-11-15 00:00:00.000000,Departamento,Arriendo,owner_direct
TT-2024-11-004703,toctoc,Las Condes,Metropolitana,1360000.0,CLP,63.3,2024-11-05 00:00:00.000000,2024-11-29 00:00:00.000000,Departamento,Arriendo,agency
TT-2024-11-002206,toctoc,Quilicura,Metropolitana,16.49,UF,74.1,2024-09-13 00:00:00.000000,2024-11-15 00:00:00.000000,departamento,arriendo,agency
TT-2024-11-002740,toctoc,Estación Central,Metropolitana,17.84,UF,86.5,2024-10-03 00:00:00.000000,2024-11-15 00:00:00.000000,Departamento,arriendo,agency
TT-2024-11-003919,toctoc,La Reina,Metropolitana,855000.0,CLP,58.4,2024-10-24 00:00:00.000000,2024-11-22 00:00:00.000000,DEPARTAMENTO,Arriendo,agency
TT-2024-11-000253,toctoc,Santiago,Metropolitana,31.35,UF,118.3,2024-10-13 00:00:00.000000,2024-11-01 00:00:00.000000,departamento,Arriendo,agency
TT-2024-11-000094,toctoc,Santiago,Metropolitana,22.43,UF,60.6,2024-09-28 00:00:00.000000,2024-11-01 00:00:00.000000,DEPARTAMENTO,arriendo,agency
TT-2024-11-000210,toctoc,Recoleta,Metropolitana,12.03,UF,29.6,2024-10-10 00:00:00.000000,2024-11-01 00:00:00.000000,Departamento,ARRIENDO,owner_direct
TT-2024-11-003430,toctoc,Pudahuel,Metropolitana,13.51,UF,53.2,2024-10-29 00:00:00.000000,2024-11-22 00:00:00.000000,Departamento,Arriendo,agency
TT-2024-11-001141,toctoc,San Miguel,Metropolitana,15.81,UF,52.4,2024-10-04 00:00:00.000000,2024-11-01 00:00:00.000000,DEPARTAMENTO,arriendo,owner_direct
TT-2024-11-005472,toctoc,Providencia,Metropolitana,1620000.0,CLP,93.5,2024-10-27 00:00:00.000000,2024-11-29 00:00:00.000000,Departamento,arriendo,agency
TT-2024-11-002132,toctoc,Santiago,Metropolitana,16.89,UF,53.9,2024-09-06 00:00:00.000000,2024-11-08 00:00:00.000000,DEPARTAMENTO,Arriendo,agency
TT-2024-11-000021,toctoc,La Reina,Metropolitana,24.19,UF,49.5,2024-08-19 00:00:00.000000,2024-11-01 00:00:00.000000,departamento,Arriendo,owner_direct
TT-2024-11-003893,toctoc,Independencia,Metropolitana,16.22,UF,52.6,2024-11-09 00:00:00.000000,2024-11-22 00:00:00.000000,departamento,arriendo,agency
TT-2024-11-000470,toctoc,Providencia,Metropolitana,33.38,UF,79.6,2024-10-10 00:00:00.000000,2024-11-01 00:00:00.000000,Departamento,ARRIENDO,agency
TT-2024-11-004648,toctoc,La Cisterna,Metropolitana,13.38,UF,46.2,2024-11-01 00:00:00.000000,2024-11-29 00:00:00.000000,departamento,ARRIENDO,agency
TT-2024-11-002653,toctoc,Macul,Metropolitana,685000.0,CLP,53.8,2024-10-31 00:00:00.000000,2024-11-15 00:00:00.000000,DEPARTAMENTO,ARRIENDO,agency
TT-2024-11-002914,toctoc,Maipú,Metropolitana,510000.0,CLP,41.2,2024-10-29 00:00:00.000000,2024-11-15 00:00:00.000000,Departamento,ARRIENDO,agency
TT-2024-11-001566,toctoc,La Florida,Metropolitana,12.84,UF,39.8,2024-10-20 00:00:00.000000,2024-11-08 00:00:00.000000,Departamento,ARRIENDO,agency
TT-2024-11-001846,toctoc,Recoleta,Metropolitana,490000.0,CLP,37.4,2024-10-24 00:00:00.000000,2024-11-08 00:00:00.000000,departamento,ARRIENDO,owner_direct
TT-2024-11-004133,toctoc,San Miguel,Metropolitana,12.97,UF,31.6,2024-11-14 00:00:00.000000,2024-11-22 00:00:00.000000,Departamento,ARRIENDO,owner_direct
TT-2024-11-002836,toctoc,Independencia,Metropolitana,610000.0,CLP,40.1,2024-10-12 00:00:00.000000,2024-11-15 00:00:00.000000,departamento,ARRIENDO,owner_direct
TT-2024-11-004188,toctoc,La Florida,Metropolitana,1010000.0,CLP,100.8,2024-09-30 00:00:00.000000,2024-11-22 00:00:00.000000,DEPARTAMENTO,arriendo,agency
TT-2024-11-003391,toctoc,Las Condes,Metropolitana,1280000.0,CLP,65.5,2024-11-05 00:00:00.000000,2024-11-22 00:00:00.000000,departamento,arriendo,owner_direct
TT-2024-11-000334,toctoc,Quinta Normal,Metropolitana,13.65,UF,37.6,2024-08-15 00:00:00.000000,2024-11-01 00:00:00.000000,departamento,ARRIENDO,owner_direct
TT-2024-11-001262,toctoc,Independencia,Metropolitana,545000.0,CLP,56.6,2024-05-24 00:00:00.000000,2024-11-08 00:00:00.000000,departamento,ARRIENDO,owner_direct
TT-2024-11-001767,toctoc,La Florida,Metropolitana,23.78,UF,88.5,2024-08-17 00:00:00.000000,2024-11-08 00:00:00.000000,departamento,Arriendo,owner_direct
TT-2024-11-000696,toctoc,Peñalolén,Metropolitana,15.41,UF,38.0,2024-10-04 00:00:00.000000,2024-11-01 00:00:00.000000,DEPARTAMENTO,Arriendo,agency
TT-2024-11-002303,toctoc,Recoleta,Metropolitana,11.62,UF,39.3,2024-09-25 00:00:00.000000,2024-11-15 00:00:00.000000,DEPARTAMENTO,arriendo,agency
TT-2024-11-003875,toctoc, Quilicura,Metropolitana,495000.0,CLP,41.0,2024-11-16 00:00:00.000000,2024-11-22 00:00:00.000000,departamento,arriendo,agency
TT-2024-11-003657,toctoc,Estación Central,Metropolitana,670000.0,CLP,63.8,2024-07-01 00:00:00.000000,2024-11-22 00:00:00.000000,DEPARTAMENTO,ARRIENDO,agency
TT-2024-11-001637,toctoc,Independencia,Metropolitana,19.32,UF,84.6,2024-10-03 00:00:00.000000,2024-11-08 00:00:00.000000,DEPARTAMENTO,ARRIENDO,owner_direct
TT-2024-11-001663,toctoc,Quilicura,Metropolitana,880000.0,CLP,124.4,2024-10-18 00:00:00.000000,2024-11-08 00:00:00.000000,DEPARTAMENTO,arriendo,owner_direct
TT-2024-11-001555,toctoc,Lo Barnechea,Metropolitana,26.22,UF,60.9,2024-10-27 00:00:00.000000,2024-11-08 00:00:00.000000,Departamento,arriendo,agency
TT-2024-11-004214,toctoc,Recoleta,Metropolitana,18.92,UF,85.5,2024-11-16 00:00:00.000000,2024-11-22 00:00:00.000000,departamento,ARRIENDO,owner_direct
TT-2024-11-003064,toctoc,Maipú,Metropolitana,14.59,UF,56.2,2024-11-06 00:00:00.000000,2024-11-15 00:00:00.000000,DEPARTAMENTO,ARRIENDO,owner_direct
TT-2024-11-000628,toctoc,Ñuñoa,Metropolitana,17.43,UF,36.4,2024-10-03 00:00:00.000000,2024-11-01 00:00:00.000000,Departamento,ARRIENDO,agency
TT-2024-11-002172,toctoc,Providencia,Metropolitana,1480000.0,CLP,77.0,2024-10-18 00:00:00.000000,2024-11-08 00:00:00.000000,departamento,ARRIENDO,owner_direct
TT-2024-11-005152,toctoc,Santiago,Metropolitana,910000.0,CLP,77.5,2024-10-19 00:00:00.000000,2024-11-29 00:00:00.000000,departamento,ARRIENDO,owner_direct
TT-2024-11-002856,toctoc,Recoleta,Metropolitana,20.14,UF,71.3,2024-11-04 00:00:00.000000,2024-11-15 00:00:00.000000,Departamento,ARRIENDO,agency
TT-2024-11-000614,toctoc,San Miguel,Metropolitana,19.32,UF,89.2,2024-10-17 00:00:00.000000,2024-11-01 00:00:00.000000,DEPARTAMENTO,ARRIENDO,owner_direct
TT-2024-11-002445,toctoc,Las Condes,Metropolitana,29.86,UF,56.1,2024-11-06 00:00:00.000000,2024-11-15 00:00:00.000000,Departamento,arriendo,agency
TT-2024-11-001329,toctoc,Huechuraba,Metropolitana,575000.0,CLP,32.5,2024-06-03 00:00:00.000000,2024-11-08 00:00:00.000000,Departamento,arriendo,agency
TT-2024-11-002285,toctoc,Macul,Metropolitana,24.05,UF,78.2,2024-10-29 00:00:00.000000,2024-11-15 00:00:00.000000,Departamento,ARRIENDO,owner_direct
TT-2024-11-003409,toctoc,Quilicura,Metropolitana,410000.0,CLP,24.7,2024-11-13 00:00:00.000000,2024-11-22 00:00:00.000000,DEPARTAMENTO,ARRIENDO,agency
TT-2024-11-000576,toctoc,Maipú,Metropolitana,16.08,UF,48.8,2024-09-30 00:00:00.000000,2024-11-01 00:00:00.000000,departamento,arriendo,agency
TT-2024-11-001138,toctoc,La Cisterna,Metropolitana,13.51,UF,52.8,2024-10-07 00:00:00.000000,2024-11-01 00:00:00.000000,DEPARTAMENTO,ARRIENDO,agency
TT-2024-11-003140,toctoc,Quilicura,Metropolitana,18.65,UF,87.4,2024-10-22 00:00:00.000000,2024-11-15 00:00:00.000000,departamento,arriendo,agency
TT-2024-11-002410,toctoc,Peñalolén,Metropolitana,890000.0,CLP,87.9,2024-10-29 00:00:00.000000,2024-11-15 00:00:00.000000,DEPARTAMENTO,Arriendo,owner_direct
TT-2024-11-003505,toctoc,Ñuñoa,Metropolitana,19.59,UF,37.9,2024-11-11 00:00:00.000000,2024-11-22 00:00:00.000000,departamento,ARRIENDO,agency
TT-2024-11-000284,toctoc,San Joaquín,Metropolitana,480000.0,CLP,45.9,2024-08-08 00:00:00.000000,2024-11-01 00:00:00.000000,DEPARTAMENTO,Arriendo,owner_direct
TT-2024-11-000563,toctoc,Independencia,Metropolitana,17.7,UF,63.4,2024-10-17 00:00:00.000000,2024-11-01 00:00:00.000000,DEPARTAMENTO,ARRIENDO,agency
TT-2024-11-002771,toctoc,Puente Alto,Metropolitana,440000.0,CLP,37.1,2024-09-24 00:00:00.000000,2024-11-15 00:00:00.000000,departamento,ARRIENDO,owner_direct
TT-2024-11-000193,toctoc,Lo Barnechea,Metropolitana,24.19,UF,48.3,2024-10-02 00:00:00.000000,2024-11-01 00:00:00.000000,departamento,ARRIENDO,agency
TT-2024-11-001540,toctoc,Santiago,Metropolitana,585000.0,CLP,36.4,2024-09-19 00:00:00.000000,2024-11-08 00:00:00.000000,departamento,arriendo,owner_direct
TT-2024-11-000319,toctoc,Maipú,Metropolitana,15.95,UF,68.6,2024-10-16 00:00:00.000000,2024-11-01 00:00:00.000000,Departamento,ARRIENDO,agency
TT-2024-11-001417,toctoc,Quinta Normal,Metropolitana,17.7,UF,62.8,2024-10-01 00:00:00.000000,2024-11-08 00:00:00.000000,DEPARTAMENTO,Arriendo,agency
TT-2024-11-005396,toctoc,Huechuraba,Metropolitana,18.11,UF,60.6,2024-11-27 00:00:00.000000,2024-11-29 00:00:00.000000,DEPARTAMENTO,Arriendo,agency
TT-2024-11-005160,toctoc,Peñalolén,Metropolitana,740000.0,CLP,68.1,2024-11-19 00:00:00.000000,2024-11-29 00:00:00.000000,Departamento,arriendo,agency
TT-2024-11-002244,toctoc,Maipú ,Metropolitana,14.32,UF,52.1,2024-11-07 00:00:00.000000,2024-11-15 00:00:00.000000,Departamento,ARRIENDO,owner_direct
TT-2024-11-003939,toctoc,Macul,Metropolitana,545000.0,CLP,46.8,2024-11-07 00:00:00.000000,2024-11-22 00:00:00.000000,Departamento,arriendo,owner_direct
TT-2024-11-001431,toctoc,Vitacura,Metropolitana,29.19,UF,31.3,2024-10-19 00:00:00.000000,2024-11-08 00:00:00.000000,Departamento,Arriendo,
TT-2024-11-001990,toctoc,Quinta Normal,Metropolitana,685000.0,CLP,63.5,2024-10-17 00:00:00.000000,2024-11-08 00:00:00.000000,departamento,ARRIENDO,agency
TT-2024-11-003522,toctoc,La Florida,Metropolitana,19.32,UF,61.2,2024-10-18 00:00:00.000000,2024-11-22 00:00:00.000000,Departamento,ARRIENDO,agency
TT-2024-11-004632,toctoc,Las Condes,Metropolitana,29.73,UF,44.5,2024-11-02 00:00:00.000000,2024-11-29 00:00:00.000000,departamento,arriendo,agency
TT-2024-11-005175,toctoc,Maipú,Metropolitana,18.65,UF,76.0,2024-07-08 00:00:00.000000,2024-11-29 00:00:00.000000,Departamento,ARRIENDO,agency
TT-2024-11-001632,toctoc,Huechuraba,Metropolitana,725000.0,CLP,67.2,2024-10-25 00:00:00.000000,2024-11-08 00:00:00.000000,departamento,Arriendo,agency
TT-2024-11-002828,toctoc,Lo Barnechea,Metropolitana,985000.0,CLP,50.2,2024-10-21 00:00:00.000000,2024-11-15 00:00:00.000000,DEPARTAMENTO,ARRIENDO,owner_direct
TT-2024-11-004989,toctoc,San Miguel,Metropolitana,430000.0,CLP,29.1,2024-11-25 00:00:00.000000,2024-11-29 00:00:00.000000,Departamento,arriendo,agency
TT-2024-11-002048,toctoc,San Joaquín,Metropolitana,760000.0,CLP,65.9,2024-09-16 00:00:00.000000,2024-11-08 00:00:00.000000,DEPARTAMENTO,arriendo,owner_direct
TT-2024-11-001222,toctoc,Las Condes,Metropolitana,920000.0,CLP,39.7,2024-10-24 00:00:00.000000,2024-11-08 00:00:00.000000,Departamento,ARRIENDO,agency
TT-2024-11-001599,toctoc,Santiago,Metropolitana,20.27,UF,63.6,2024-10-13 00:00:00.000000,2024-11-08 00:00:00.000000,departamento,arriendo,agency
TT-2024-11-003909,toctoc,Independencia,Metropolitana,13.38,UF,48.9,2024-10-28 00:00:00.000000,2024-11-22 00:00:00.000000,departamento,ARRIENDO,agency
TT-2024-11-004948,toctoc,Las Condes,Metropolitana,25.0,UF,39.6,2024-11-15 00:00:00.000000,2024-11-29 00:00:00.000000,departamento,Arriendo,agency
TT-2024-11-003577,toctoc,San Miguel,Metropolitana,490000.0,CLP,30.6,2024-11-04 00:00:00.000000,2024-11-22 00:00:00.000000,departamento,arriendo,agency
TT-2024-11-004478,toctoc,Renca,Metropolitana,860000.0,CLP,124.2,2024-11-13 00:00:00.000000,2024-11-29 00:00:00.000000,departamento,arriendo,agency
TT-2024-11-004448,toctoc,Santiago,Metropolitana,26.35,UF,88.7,2024-11-09 00:00:00.000000,2024-11-29 00:00:00.000000,Departamento,Arriendo,owner_direct
TT-2024-11-001086,toctoc,Estación Central,Metropolitana,13.11,UF,32.4,2024-10-29 00:00:00.000000,2024-11-01 00:00:00.000000,Departamento,arriendo,owner_direct
TT-2024-11-000913,toctoc,Estación Central,Metropolitana,865000.0,CLP,78.9,2024-10-25 00:00:00.000000,2024-11-01 00:00:00.000000,DEPARTAMENTO,Arriendo,owner_direct
TT-2024-11-004232,toctoc,San Miguel,Metropolitana,29.86,UF,94.5,2024-10-22 00:00:00.000000,2024-11-22 00:00:00.000000,DEPARTAMENTO,ARRIENDO,agency
TT-2024-11-003124,toctoc,Ñuñoa,Metropolitana,21.22,UF,44.7,2024-10-17 00:00:00.000000,2024-11-15 00:00:00.000000,DEPARTAMENTO,Arriendo,agency
TT-2024-11-001044,toctoc,Estación Central,Metropolitana,435000.0,CLP,38.4,2024-10-13 00:00:00.000000,2024-11-01 00:00:00.000000,Departamento,Arriendo,agency
TT-2024-11-005267,toctoc,Santiago,Metropolitana,935000.0,CLP,77.3,2024-11-01 00:00:00.000000,2024-11-29 00:00:00.000000,DEPARTAMENTO,arriendo,agency
TT-2024-11-001016,toctoc,Recoleta,Metropolitana,495000.0,CLP,57.9,2024-10-23 00:00:00.000000,2024-11-01 00:00:00.000000,DEPARTAMENTO,ARRIENDO,agency
TT-2024-11-003981,toctoc,San Miguel,Metropolitana,18.78,UF,58.2,2024-11-15 00:00:00.000000,2024-11-22 00:00:00.000000,departamento,arriendo,owner_direct
TT-2024-11-000104,toctoc,La Florida,Metropolitana,430000.0,CLP,23.0,2024-10-01 00:00:00.000000,2024-11-01 00:00:00.000000,DEPARTAMENTO,ARRIENDO,agency
TT-2024-11-001363,toctoc,Las Condes,Metropolitana,154.05,UF,400.0,2024-10-06 00:00:00.000000,2024-11-08 00:00:00.000000,departamento,Arriendo,agency
TT-2024-11-002465,toctoc,Macul,Metropolitana,835000.0,CLP,68.4,2024-11-03 00:00:00.000000,2024-11-15 00:00:00.000000,Departamento,arriendo,owner_direct
TT-2024-11-004530,toctoc,Lo Barnechea,Metropolitana,2810000.0,CLP,250.0,2024-11-26 00:00:00.000000,2024-11-29 00:00:00.000000,DEPARTAMENTO,arriendo,owner_direct
TT-2024-11-002656,toctoc,Lo Barnechea,Metropolitana,20.95,UF,22.5,2024-10-05 00:00:00.000000,2024-11-15 00:00:00.000000,Departamento,Arriendo,owner_direct
TT-2024-11-005310,toctoc,Santiago,Metropolitana,21.22,UF,72.6,2024-11-10 00:00:00.000000,2024-11-29 00:00:00.000000,Departamento,Arriendo,owner_direct
TT-2024-11-002351,toctoc,Ñuñoa,Metropolitana,26.62,UF,74.1,2024-10-13 00:00:00.000000,2024-11-15 00:00:00.000000,DEPARTAMENTO,arriendo,agency
TT-2024-11-004752,toctoc,Maipú,Metropolitana,16.49,UF,56.8,2024-11-16 00:00:00.000000,2024-11-29 00:00:00.000000,departamento,Arriendo,agency
TT-2024-11-001150,toctoc,Santiago,Metropolitana,600000.0,CLP,42.6,2024-09-30 00:00:00.000000,2024-11-01 00:00:00.000000,DEPARTAMENTO,ARRIENDO,agency
TT-2024-11-003310,toctoc,Estación Central,Metropolitana,310000.0,CLP,10.0,2024-07-20 00:00:00.000000,2024-11-15 00:00:00.000000,DEPARTAMENTO,ARRIENDO,owner_direct
TT-2024-11-005142,toctoc,San Miguel,Metropolitana,1180000.0,CLP,138.0,2024-11-13 00:00:00.000000,2024-11-29 00:00:00.000000,Departamento,ARRIENDO,agency
TT-2024-11-005013,toctoc,Peñalolén,Metropolitana,565000.0,CLP,33.3,2024-08-12 00:00:00.000000,2024-11-29 00:00:00.000000,DEPARTAMENTO,arriendo,agency
TT-2024-11-000739,toctoc,Vitacura,Metropolitana,910000.0,CLP,25.0,2024-09-13 00:00:00.000000,2024-11-01 00:00:00.000000,departamento,Arriendo,agency
TT-2024-11-002073,toctoc,Santiago,Metropolitana,18.24,UF,50.7,2024-09-26 00:00:00.000000,2024-11-08 00:00:00.000000,departamento,ARRIENDO,agency
TT-2024-11-001213,toctoc,Independencia,Metropolitana,13.24,UF,45.3,2024-10-17 00:00:00.000000,2024-11-01 00:00:00.000000,Departamento,arriendo,agency
TT-2024-11-000748,toctoc,Quinta Normal,Metropolitana,685000.0,CLP,75.3,2024-06-03 00:00:00.000000,2024-11-01 00:00:00.000000,Departamento,Arriendo,agency
TT-2024-11-004837,toctoc,Recoleta,Metropolitana,128.38,UF,28.9,2024-09-25 00:00:00.000000,2024-11-29 00:00:00.000000,Departamento,Arriendo,agency
TT-2024-11-002378,toctoc,Quilicura,Metropolitana,11.22,UF,35.7,2024-09-26 00:00:00.000000,2024-11-15 00:00:00.000000,DEPARTAMENTO,arriendo,agency
TT-2024-11-004028,toctoc,Santiago,Metropolitana,15.0,UF,44.2,2024-05-03 00:00:00.000000,2024-11-22 00:00:00.000000,Departamento,ARRIENDO,agency
TT-2024-11-004241,toctoc,Independencia,Metropolitana,14.73,UF,38.3,2024-10-02 00:00:00.000000,2024-11-22 00:00:00.000000,Departamento,arriendo,agency
TT-2024-11-004924,toctoc,Santiago,Metropolitana,9.46,UF,26.1,2024-11-14 00:00:00.000000,2024-11-29 00:00:00.000000,DEPARTAMENTO,ARRIENDO,agency
TT-2024-11-000780,toctoc,Santiago,Metropolitana,21.08,UF,71.4,2024-10-07 00:00:00.000000,2024-11-01 00:00:00.000000,departamento,ARRIENDO,owner_direct
TT-2024-11-003258,toctoc,Providencia,Metropolitana,980000.0,CLP,43.0,2024-09-05 00:00:00.000000,2024-11-15 00:00:00.000000,DEPARTAMENTO,Arriendo,owner_direct
TT-2024-11-000848,toctoc,Las Condes,Metropolitana,1260000.0,CLP,64.5,2024-10-21 00:00:00.000000,2024-11-01 00:00:00.000000,DEPARTAMENTO,ARRIENDO,agency
TT-2024-11-002322,toctoc,Las Condes,Metropolitana,25.68,UF,41.0,2024-10-13 00:00:00.000000,2024-11-15 00:00:00.000000,Departamento,ARRIENDO,agency
TT-2024-11-002550,toctoc,Recoleta,Metropolitana,12.43,UF,30.9,2024-05-21 00:00:00.000000,2024-11-15 00:00:00.000000,Departamento,arriendo,owner_direct
TT-2024-11-005473,toctoc,Puente Alto,Metropolitana,10.81,UF,37.5,2024-11-01 00:00:00.000000,2024-11-29 00:00:00.000000,Departamento,Arriendo,owner_direct
TT-2024-11-002609,toctoc,Las Condes,Metropolitana,1135000.0,CLP,46.4,2024-09-25 00:00:00.000000,2024-11-15 00:00:00.000000,departamento,ARRIENDO,owner_direct
TT-2024-11-001753,toctoc,Recoleta,Metropolitana,370000.0,CLP,12.0,2024-11-04 00:00:00.000000,2024-11-08 00:00:00.000000,DEPARTAMENTO,Arriendo,owner_direct
TT-2024-11-001755,toctoc,San Miguel,Metropolitana,11.76,UF,28.1,2024-09-22 00:00:00.000000,2024-11-08 00:00:00.000000,departamento,Arriendo,agency
TT-2024-11-004207,toctoc,La Florida,Metropolitana,18.51,UF,70.3,2024-06-02 00:00:00.000000,2024-11-22 00:00:00.000000,DEPARTAMENTO,Arriendo,owner_direct
TT-2024-11-002211,toctoc,Peñalolén,Metropolitana,15.14,UF,78.1,2024-10-20 00:00:00.000000,2024-11-15 00:00:00.000000,DEPARTAMENTO,Arriendo,owner_direct
TT-2024-11-001977,toctoc,Providencia,Metropolitana,1375000.0,CLP,73.9,2024-10-19 00:00:00.000000,2024-11-08 00:00:00.000000,DEPARTAMENTO,arriendo,owner_direct
TT-2024-11-004251,toctoc,Huechuraba,Metropolitana,13.11,UF,28.5,2024-10-10 00:00:00.000000,2024-11-22 00:00:00.000000,Departamento,Arriendo,agency
TT-2024-11-002891,toctoc,La Reina,Metropolitana,20.54,UF,39.8,2024-11-10 00:00:00.000000,2024-11-15 00:00:00.000000,departamento,arriendo,owner_direct
TT-2024-11-003862,toctoc,Macul,Metropolitana,605000.0,CLP,37.6,2024-11-02 00:00:00.000000,2024-11-22 00:00:00.000000,DEPARTAMENTO,arriendo,agency
TT-2024-11-001021,toctoc,PROVIDENCIA,Metropolitana,33.65,UF,73.2,2024-10-02 00:00:00.000000,2024-11-01 00:00:00.000000,departamento,arriendo,owner_direct
TT-2024-11-004357,toctoc,Quilicura,Metropolitana,15.27,UF,67.1,2024-11-21 00:00:00.000000,2024-11-29 00:00:00.000000,DEPARTAMENTO,arriendo,owner_direct
TT-2024-11-005367,toctoc,San Joaquín,Metropolitana,14.19,UF,41.5,2024-11-11 00:00:00.000000,2024-11-29 00:00:00.000000,DEPARTAMENTO,ARRIENDO,owner_direct
TT-2024-11-004339,toctoc,Ñuñoa,Metropolitana,16.08,UF,38.0,2024-11-26 00:00:00.000000,2024-11-29 00:00:00.000000,departamento,ARRIENDO,agency
TT-2024-11-000031,toctoc,Conchalí,Metropolitana,11.08,UF,32.2,2024-09-27 00:00:00.000000,2024-11-01 00:00:00.000000,DEPARTAMENTO,Arriendo,agency
TT-2024-11-001572,toctoc,Vitacura,Metropolitana,30.95,UF,53.3,2024-10-29 00:00:00.000000,2024-11-08 00:00:00.000000,departamento,ARRIENDO,agency
TT-2024-11-004372,toctoc,Independencia,Metropolitana,15.95,UF,59.5,2024-10-23 00:00:00.000000,2024-11-29 00:00:00.000000,Departamento,arriendo,agency
TT-2024-11-001870,toctoc,Las Condes,Metropolitana,34.46,UF,56.2,2024-03-23 00:00:00.000000,2024-11-08 00:00:00.000000,departamento,Arriendo,agency
TT-2024-11-000649,toctoc,Estación Central,Metropolitana,530000.0,CLP,52.9,2024-09-13 00:00:00.000000,2024-11-01 00:00:00.000000,Departamento,Arriendo,agency
TT-2024-11-001991,toctoc,La Florida,Metropolitana,505000.0,CLP,40.9,2024-09-29 00:00:00.000000,2024-11-08 00:00:00.000000,departamento,arriendo,agency
TT-2024-11-004622,toctoc,Pudahuel,Metropolitana,400000.0,CLP,44.2,2024-11-08 00:00:00.000000,2024-11-29 00:00:00.000000,DEPARTAMENTO,arriendo,agency
TT-2024-11-002203,toctoc,Recoleta,Metropolitana,17.97,UF,61.9,2024-09-26 00:00:00.000000,2024-11-15 00:00:00.000000,DEPARTAMENTO,ARRIENDO,agency
TT-2024-11-002467,toctoc,San Miguel,Metropolitana,455000.0,CLP,29.9,2024-11-04 00:00:00.000000,2024-11-15 00:00:00.000000,DEPARTAMENTO,arriendo,agency
TT-2024-11-001859,toctoc,Ñuñoa,Metropolitana,14.46,UF,37.6,2024-11-01 00:00:00.000000,2024-11-08 00:00:00.000000,departamento,ARRIENDO,owner_direct
TT-2024-11-005427,toctoc,Maipú,Metropolitana,595000.0,CLP,50.7,2024-10-17 00:00:00.000000,2024-11-29 00:00:00.000000,Departamento,arriendo,owner_direct
TT-2024-11-005412,toctoc,Recoleta,Metropolitana,445000.0,CLP,27.8,2024-07-24 00:00:00.000000,2024-11-29 00:00:00.000000,Departamento,Arriendo,agency
TT-2024-11-000098,toctoc,Las Condes,Metropolitana,21.22,UF,23.8,2024-10-31 00:00:00.000000,2024-11-01 00:00:00.000000,Departamento,arriendo,agency
TT-2024-11-003660,toctoc,La Florida,Metropolitana,615000.0,CLP,51.8,2024-10-29 00:00:00.000000,2024-11-22 00:00:00.000000,Departamento,ARRIENDO,agency
TT-2024-11-003805,toctoc,Providencia,Metropolitana,910000.0,CLP,34.0,2024-11-11 00:00:00.000000,2024-11-22 00:00:00.000000,departamento,Arriendo,owner_direct
TT-2024-11-003514,toctoc,La Florida,Metropolitana,180.14,UF,999.0,2024-11-10 00:00:00.000000,2024-11-22 00:00:00.000000,DEPARTAMENTO,Arriendo,owner_direct
TT-2024-11-003574,toctoc,La Florida,Metropolitana,565000.0,CLP,46.6,2024-11-11 00:00:00.000000,2024-11-22 00:00:00.000000,DEPARTAMENTO,Arriendo,agency
TT-2024-11-001867,toctoc,Peñalolén,Metropolitana,560000.0,CLP,36.8,2024-10-14 00:00:00.000000,2024-11-08 00:00:00.000000,Departamento,arriendo,agency
TT-2024-11-004931,toctoc,Independencia,Metropolitana,24.19,UF,78.7,2024-10-31 00:00:00.000000,2024-11-29 00:00:00.000000,DEPARTAMENTO,arriendo,agency
TT-2024-11-004684,toctoc,Santiago,Metropolitana,21.35,UF,66.1,2024-10-26 00:00:00.000000,2024-11-29 00:00:00.000000,Departamento,ARRIENDO,agency
TT-2024-11-002512,toctoc,Conchalí,Metropolitana,1320000.0,CLP,42.2,2024-10-31 00:00:00.000000,2024-11-15 00:00:00.000000,DEPARTAMENTO,arriendo,agency
TT-2024-11-000578,toctoc,LA FLORIDA,Metropolitana,15.54,UF,61.1,2024-10-05 00:00:00.000000,2024-11-01 00:00:00.000000,departamento,ARRIENDO,agency
TT-2024-11-005495,toctoc,Las Condes,Metropolitana,805000.0,CLP,39.5,2024-11-14 00:00:00.000000,2024-11-29 00:00:00.000000,Departamento,Arriendo,agency
TT-2024-11-001465,toctoc,Las Condes,Metropolitana,25.54,UF,41.7,2024-09-03 00:00:00.000000,2024-11-08 00:00:00.000000,DEPARTAMENTO,ARRIENDO,agency
TT-2024-11-002159,toctoc,Estación Central,Metropolitana,24.05,UF,96.8,2024-10-27 00:00:00.000000,2024-11-08 00:00:00.000000,Departamento,Arriendo,agency
TT-2024-11-000093,toctoc,Las Condes,Metropolitana,1020000.0,CLP,66.7,2024-06-12 00:00:00.000000,2024-11-01 00:00:00.000000,DEPARTAMENTO,arriendo,agency
TT-2024-11-001789,toctoc,Santiago,Metropolitana,15.41,UF,43.6,2024-10-11 00:00:00.000000,2024-11-08 00:00:00.000000,departamento,Arriendo,agency
TT-2024-11-001607,toctoc,San Miguel,Metropolitana,13.78,UF,38.0,2024-09-20 00:00:00.000000,2024-11-08 00:00:00.000000,departamento,arriendo,agency
TT-2024-11-001003,toctoc,Quilicura,Metropolitana,610000.0,CLP,59.3,2024-09-19 00:00:00.000000,2024-11-01 00:00:00.000000,departamento,Arriendo,owner_direct
TT-2024-11-004701,toctoc,Ñuñoa,Metropolitana,24.73,UF,60.9,2024-11-13 00:00:00.000000,2024-11-29 00:00:00.000000,Departamento,ARRIENDO,owner_direct
TT-2024-11-000182,toctoc,San Miguel,Metropolitana,22.43,UF,75.4,2024-10-03 00:00:00.000000,2024-11-01 00:00:00.000000,DEPARTAMENTO,Arriendo,agency
TT-2024-11-001357,toctoc,Quinta Normal,Metropolitana,14.05,UF,58.3,2024-10-19 00:00:00.000000,2024-11-08 00:00:00.000000,DEPARTAMENTO,arriendo,agency
TT-2024-11-004379,toctoc,San Miguel,Metropolitana,575000.0,CLP,60.0,2024-10-24 00:00:00.000000,2024-11-29 00:00:00.000000,DEPARTAMENTO,Arriendo,
TT-2024-11-001433,toctoc,San Miguel,Metropolitana,16.22,UF,51.2,2024-10-06 00:00:00.000000,2024-11-08 00:00:00.000000,DEPARTAMENTO,arriendo,agency
TT-2024-11-005044,toctoc,San Joaquín,Metropolitana,14.59,UF,52.5,2024-11-12 00:00:00.000000,2024-11-29 00:00:00.000000,DEPARTAMENTO,arriendo,agency
TT-2024-11-003460,toctoc,La Cisterna,Metropolitana,595000.0,CLP,39.9,2024-08-21 00:00:00.000000,2024-11-22 00:00:00.000000,Departamento,arriendo,owner_direct
TT-2024-11-000409,toctoc,Santiago,Metropolitana,755000.0,CLP,56.5,2024-09-29 00:00:00.000000,2024-11-01 00:00:00.000000,Departamento,Arriendo,agency
TT-2024-11-005254,toctoc,Quilicura,Metropolitana,15.95,UF,64.2,2024-10-17 00:00:00.000000,2024-11-29 00:00:00.000000,departamento,Arriendo,agency
TT-2024-11-001069,toctoc,Santiago,Metropolitana,17.57,UF,57.6,2024-09-22 00:00:00.000000,2024-11-01 00:00:00.000000,departamento,Arriendo,owner_direct
TT-2024-11-005105,toctoc,Quilicura,Metropolitana,17.3,UF,85.0,2024-07-11 00:00:00.000000,2024-11-29 00:00:00.000000,Departamento,ARRIENDO,agency
TT-2024-11-003229,toctoc,La Florida,Metropolitana,15.0,UF,47.8,2024-10-01 00:00:00.000000,2024-11-15 00:00:00.000000,DEPARTAMENTO,arriendo,agency
TT-2024-11-003295,toctoc,Santiago,Metropolitana,31.08,UF,133.6,2024-10-10 00:00:00.000000,2024-11-15 00:00:00.000000,Departamento,ARRIENDO,owner_direct
TT-2024-11-003861,toctoc,Independencia,Metropolitana,500000.0,CLP,42.3,2024-09-26 00:00:00.000000,2024-11-22 00:00:00.000000,DEPARTAMENTO,Arriendo,agency
