id,fuente,comuna,region,precio,divisa,superficie_m2,fecha_publicacion,fecha_scraping,tipo_propiedad,tipo_operacion,contact_type
TT-2024-01-003134,toctoc,Santiago,Metropolitana,530000.0,CLP,61.4,2024-01-06 00:00:00.000000,2024-01-15 00:00:00.000000,DEPARTAMENTO,Arriendo,owner_direct
TT-2024-01-001765,toctoc,Providencia,Metropolitana,246.22,UF,42.8,2024-01-06 00:00:00.000000,2024-01-08 00:00:00.000000,departamento,Arriendo,owner_direct
TT-2024-01-005176,toctoc,La Florida,Metropolitana,680000.0,CLP,71.5,2023-12-24 00:00:00.000000,2024-01-29 00:00:00.000000,departamento,ARRIENDO,agency
TT-2024-01-003168,toctoc,Providencia,Metropolitana,30.54,UF,53.0,2023-11-15 00:00:00.000000,2024-01-15 00:00:00.000000,DEPARTAMENTO,ARRIENDO,agency
TT-2024-01-005462,toctoc,Estación Central,Metropolitana,12.57,UF,48.2,2024-01-10 00:00:00.000000,2024-01-29 00:00:00.000000,DEPARTAMENTO,arriendo,owner_direct
TT-2024-01-005238,toctoc,San Miguel,Metropolitana,11.08,UF,37.2,2024-01-13 00:00:00.000000,2024-01-29 00:00:00.000000,Departamento,arriendo,agency
TT-2024-01-000852,toctoc,Estación Central,Metropolitana,12.84,UF,43.0,2023-10-23 00:00:00.000000,2024-01-01 00:00:00.000000,DEPARTAMENTO,Arriendo,owner_direct
TT-2024-01-004616,toctoc,Independencia,Metropolitana,4850000.0,CLP,37.6,2023-12-27 00:00:00.000000,2024-01-29 00:00:00.000000,departamento,ARRIENDO,agency
TT-2024-01-004016,toctoc,La Florida,Metropolitana,12.7,UF,36.7,2023-10-07 00:00:00.000000,2024-01-22 00:00:00.000000,departamento,Arriendo,owner_direct
TT-2024-01-004030,toctoc,SANTIAGO,Metropolitana,14.46,UF,39.8,2023-11-07 00:00:00.000000,2024-01-22 00:00:00.000000,Departamento,ARRIENDO,owner_direct
TT-2024-01-000283,toctoc,Estación Central,Metropolitana,10.68,UF,33.9,2023-11-06 00:00:00.000000,2024-01-01 00:00:00.000000,Departamento,ARRIENDO,agency
TT-2024-01-003530,toctoc,La Cisterna,Metropolitana,12.7,UF,40.8,2024-01-14 00:00:00.000000,2024-01-22 00:00:00.000000,DEPARTAMENTO,Arriendo,agency
TT-2024-01-001033,toctoc,Macul,Metropolitana,770000.0,CLP,66.0,2023-12-19 00:00:00.000000,2024-01-01 00:00:00.000000,DEPARTAMENTO,Arriendo,agency
TT-2024-01-000221,toctoc,Peñalolén,Metropolitana,11.62,UF,30.6,2023-12-15 00:00:00.000000,2024-01-01 00:00:00.000000,departamento,arriendo,agency
TT-2024-01-002422,toctoc,LA REINA,Metropolitana,810000.0,CLP,54.4,2023-12-02 00:00:00.000000,2024-01-15 00:00:00.000000,Departamento,arriendo,agency
TT-2024-01-005311,toctoc,Ñuñoa,Metropolitana,910000.0,CLP,69.3,2024-01-21 00:00:00.000000,2024-01-29 00:00:00.000000,Departamento,arriendo,agency
TT-2024-01-000789,toctoc,Santiago,Metropolitana,14.05,UF,36.7,2023-12-28 00:00:00.000000,2024-01-01 00:00:00.000000,DEPARTAMENTO,arriendo,agency
TT-2024-01-002539,toctoc,Las Condes,Metropolitana,23.11,UF,31.2,2023-12-05 00:00:00.000000,2024-01-15 00:00:00.000000,departamento,arriendo,agency
TT-2024-01-001155,toctoc,Providencia,Metropolitana,18.92,UF,29.4,2023-12-16 00:00:00.000000,2024-01-01 00:00:00.000000,DEPARTAMENTO,ARRIENDO,agency
TT-2024-01-005295,toctoc,Macul,Metropolitana,15.14,UF,64.4,2023-12-20 00:00:00.000000,2024-01-29 00:00:00.000000,departamento,Arriendo,agency
TT-2024-01-002765,toctoc,Providencia,Metropolitana,1025000.0,CLP,62.8,2023-12-29 00:00:00.000000,2024-01-15 00:00:00.000000,DEPARTAMENTO,Arriendo,agency
TT-2024-01-004492,toctoc,Estación Central,Metropolitana,16.76,UF,55.5,2024-01-05 00:00:00.000000,2024-01-29 00:00:00.000000,DEPARTAMENTO,arriendo,agency
TT-2024-01-001105,toctoc,Independencia,Metropolitana,12.3,UF,33.2,2023-11-12 00:00:00.000000,2024-01-01 00:00:00.000000,DEPARTAMENTO,ARRIENDO,owner_direct
TT-2024-01-000696,toctoc,Huechuraba,Metropolitana,14.32,UF,52.7,2023-12-22 00:00:00.000000,2024-01-01 00:00:00.000000,Departamento,Arriendo,agency
TT-2024-01-001349,toctoc,SAN MIGUEL,Metropolitana,13.51,UF,43.0,2023-12-26 00:00:00.000000,2024-01-08 00:00:00.000000,departamento,Arriendo,agency
TT-2024-01-005308,toctoc,Independencia,Metropolitana,16.62,UF,55.4,2023-11-27 00:00:00.000000,2024-01-29 00:00:00.000000,departamento,arriendo,owner_direct
TT-2024-01-004453,toctoc,Independencia,Metropolitana,635000.0,CLP,64.9,2024-01-01 00:00:00.000000,2024-01-29 00:00:00.000000,Departamento,arriendo,owner_direct
TT-2024-01-000312,toctoc,San Joaquín,Metropolitana,13.11,UF,52.1,2023-10-12 00:00:00.000000,2024-01-01 00:00:00.000000,Departamento,arriendo,agency
TT-2024-01-002575,toctoc,Quinta Normal,Metropolitana,13.24,UF,51.2,2023-12-24 00:00:00.000000,2024-01-15 00:00:00.000000,Departamento,ARRIENDO,agency
TT-2024-01-003553,toctoc,Lo Barnechea,Metropolitana,26.22,UF,68.2,2024-01-06 00:00:00.000000,2024-01-22 00:00:00.000000,DEPARTAMENTO,arriendo,agency
TT-2024-01-004028,toctoc,Huechuraba,Metropolitana,21.62,UF,71.0,2023-09-30 00:00:00.000000,2024-01-22 00:00:00.000000,departamento,Arriendo,agency
TT-2024-01-000951,toctoc,La Florida,Metropolitana,12.84,UF,40.4,2023-12-16 00:00:00.000000,2024-01-01 00:00:00.000000,departamento,Arriendo,agency
TT-2024-01-000905,toctoc,La Cisterna,Metropolitana,435000.0,CLP,38.7,2023-12-22 00:00:00.000000,2024-01-01 00:00:00.000000,DEPARTAMENTO,ARRIENDO,agency
TT-2024-01-002128,toctoc,San Miguel,Metropolitana,17.84,UF,41.7,2023-12-31 00:00:00.000000,2024-01-08 00:00:00.000000,DEPARTAMENTO,ARRIENDO,owner_direct
TT-2024-01-005268,toctoc,Providencia,Metropolitana,1045000.0,CLP,56.6,2024-01-15 00:00:00.000000,2024-01-29 00:00:00.000000,Departamento,arriendo,agency
TT-2024-01-003457,toctoc,Recoleta,Metropolitana,14.19,UF,56.5,2023-12-24 00:00:00.000000,2024-01-22 00:00:00.000000,Departamento,arriendo,owner_direct
TT-2024-01-000604,toctoc,Maipú,Metropolitana,560000.0,CLP,42.5,2023-12-15 00:00:00.000000,2024-01-01 00:00:00.000000,Departamento,arriendo,agency
TT-2024-01-000658,toctoc,Independencia,Metropolitana,15.95,UF,54.4,2023-11-29 00:00:00.000000,2024-01-01 00:00:00.000000,DEPARTAMENTO,arriendo,owner_direct
TT-2024-01-002489,toctoc,Santiago,Metropolitana,840000.0,CLP,80.3,2023-10-29 00:00:00.000000,2024-01-15 00:00:00.000000,departamento,Arriendo,agency
TT-2024-01-004674,toctoc,Lo Barnechea,Metropolitana,17.16,UF,35.0,2023-12-28 00:00:00.000000,2024-01-29 00:00:00.000000,Departamento,arriendo,agency
TT-2024-01-004490,toctoc,Peñalolén,Metropolitana,19.46,UF,57.8,2024-01-25 00:00:00.000000,2024-01-29 00:00:00.000000,departamento,arriendo,agency
TT-2024-01-001709,toctoc,Las Condes,Metropolitana,1140000.0,CLP,59.0,2023-12-07 00:00:00.000000,2024-01-08 00:00:00.000000,Departamento,ARRIENDO,owner_direct
TT-2024-01-002255,toctoc,Ñuñoa,Metropolitana,22.97,UF,61.2,2023-11-20 00:00:00.000000,2024-01-08 00:00:00.000000,DEPARTAMENTO,Arriendo,agency
TT-2024-01-002974,toctoc,Vitacura,Metropolitana,850000.0,CLP,26.4,2024-01-02 00:00:00.000000,2024-01-15 00:00:00.000000,departamento,Arriendo,owner_direct
TT-2024-01-004259,toctoc,Independencia,Metropolitana,13.38,UF,45.3,2023-11-24 00:00:00.000000,2024-01-22 00:00:00.000000,Departamento,arriendo,agency
TT-2024-01-003118,toctoc,Providencia,Metropolitana,18.65,UF,38.0,2023-09-24 00:00:00.000000,2024-01-15 00:00:00.000000,Departamento,Arriendo,agency
TT-2024-01-002056,toctoc,Huechuraba,Metropolitana,640000.0,CLP,55.0,2023-10-24 00:00:00.000000,2024-01-08 00:00:00.000000,departamento,ARRIENDO,agency
TT-2024-01-002095,toctoc,San Joaquín,Metropolitana,11.22,UF,34.0,2023-11-24 00:00:00.000000,2024-01-08 00:00:00.000000,Departamento,arriendo,agency
TT-2024-01-002392,toctoc,Independencia,Metropolitana,565000.0,CLP,57.1,2023-12-28 00:00:00.000000,2024-01-15 00:00:00.000000,departamento,arriendo,agency
TT-2024-01-004716,toctoc,Maipú,Metropolitana,400000.0,CLP,41.3,2023-08-25 00:00:00.000000,2024-01-29 00:00:00.000000,Departamento,ARRIENDO,agency
TT-2024-01-000134,toctoc,Lo Barnechea,Metropolitana,1280000.0,CLP,84.0,2023-11-23 00:00:00.000000,2024-01-01 00:00:00.000000,departamento,Arriendo,
TT-2024-01-000600,toctoc,Estación Central,Metropolitana,525000.0,CLP,50.5,2023-12-04 00:00:00.000000,2024-01-01 00:00:00.000000,DEPARTAMENTO,ARRIENDO,agency
TT-2024-01-001681,toctoc,La Florida,Metropolitana,24.59,UF,94.6,2023-11-24 00:00:00.000000,2024-01-08 00:00:00.000000,DEPARTAMENTO,Arriendo,owner_direct
TT-2024-01-003107,toctoc,Pudahuel,Metropolitana,370000.0,CLP,35.2,2023-12-31 00:00:00.000000,2024-01-15 00:00:00.000000,DEPARTAMENTO,Arriendo,agency
TT-2024-01-002162,toctoc,Santiago,Metropolitana,22.3,UF,68.5,2023-12-23 00:00:00.000000,2024-01-08 00:00:00.000000,departamento,arriendo,owner_direct
TT-2024-01-003352,toctoc,Las Condes,Metropolitana,9460000.0,CLP,40.3,2023-07-08 00:00:00.000000,2024-01-22 00:00:00.000000,DEPARTAMENTO,Arriendo,agency
TT-2024-01-004395,toctoc,Recoleta,Metropolitana,395000.0,CLP,35.5,2024-01-22 00:00:00.000000,2024-01-29 00:00:00.000000,DEPARTAMENTO,Arriendo,agency
TT-2024-01-002061,toctoc,Maipú,Metropolitana,12.84,UF,35.6,2024-01-01 00:00:00.000000,2024-01-08 00:00:00.000000,Departamento,arriendo,agency
TT-2024-01-002920,toctoc,Quinta Normal,Metropolitana,385000.0,CLP,29.9,2023-12-07 00:00:00.000000,2024-01-15 00:00:00.000000,DEPARTAMENTO,ARRIENDO,agency
TT-2024-01-003898,toctoc,Conchalí,Metropolitana,12.97,UF,46.9,2023-07-07 00:00:00.000000,2024-01-22 00:00:00.000000,DEPARTAMENTO,arriendo,agency
TT-2024-01-002122,toctoc,La Florida,Metropolitana,13.78,UF,46.7,2023-12-18 00:00:00.000000,2024-01-08 00:00:00.000000,Departamento,arriendo,agency
TT-2024-01-004559,toctoc,Santiago,Metropolitana,530000.0,CLP,46.9,2023-12-22 00:00:00.000000,2024-01-29 00:00:00.000000,Departamento,arriendo,agency
TT-2024-01-000244,toctoc,Recoleta,Metropolitana,10.68,UF,41.9,2023-12-12 00:00:00.000000,2024-01-01 00:00:00.000000,DEPARTAMENTO,ARRIENDO,owner_direct
TT-2024-01-002180,toctoc,Estación Central,Metropolitana,15.27,UF,58.9,2023-12-01 00:00:00.000000,2024-01-08 00:00:00.000000,departamento,arriendo,agency
TT-2024-01-000430,toctoc,Ñuñoa,Metropolitana,33.92,UF,107.3,2023-12-17 00:00:00.000000,2024-01-01 00:00:00.000000,DEPARTAMENTO,Arriendo,owner_direct
TT-2024-01-001523,toctoc,Peñalolén,Metropolitana,13.24,UF,52.1,2024-01-03 00:00:00.000000,2024-01-08 00:00:00.000000,departamento,Arriendo,owner_direct
TT-2024-01-005005,toctoc,Independencia,Metropolitana,16.49,UF,53.9,2024-01-12 00:00:00.000000,2024-01-29 00:00:00.000000,DEPARTAMENTO,ARRIENDO,agency
TT-2024-01-001501,toctoc,Conchalí,Metropolitana,655000.0,CLP,86.8,2023-06-05 00:00:00.000000,2024-01-08 00:00:00.000000,Departamento,ARRIENDO,owner_direct
TT-2024-01-002881,toctoc,Maipú,Metropolitana,355000.0,CLP,32.7,2023-11-22 00:00:00.000000,2024-01-15 00:00:00.000000,Departamento,ARRIENDO,agency
TT-2024-01-001603,toctoc,Puente Alto,Metropolitana,390000.0,CLP,42.8,2023-12-15 00:00:00.000000,2024-01-08 00:00:00.000000,Departamento,arriendo,agency
TT-2024-01-000093,toctoc,Estación Central,Metropolitana,450000.0,CLP,49.7,2023-12-14 00:00:00.000000,2024-01-01 00:00:00.000000,departamento,arriendo,agency
TT-2024-01-001926,toctoc,Ñuñoa,Metropolitana,19.46,UF,52.9,2023-12-29 00:00:00.000000,2024-01-08 00:00:00.000000,departamento,arriendo,agency
TT-2024-01-000639,toctoc,Santiago,Metropolitana,21.76,UF,68.6,2023-12-14 00:00:00.000000,2024-01-01 00:00:00.000000,DEPARTAMENTO,ARRIENDO,agency
TT-2024-01-002402,toctoc,Independencia,Metropolitana,835000.0,CLP,94.4,2023-12-16 00:00:00.000000,2024-01-15 00:00:00.000000,Departamento,Arriendo,agency
TT-2024-01-003347,toctoc,La Cisterna,Metropolitana,11.89,UF,36.0,2024-01-09 00:00:00.000000,2024-01-22 00:00:00.000000,Departamento,ARRIENDO,agency
TT-2024-01-003555,toctoc,Las Condes,Metropolitana,880000.0,CLP,39.8,2024-01-07 00:00:00.000000,2024-01-22 00:00:00.000000,Departamento,ARRIENDO,agency
TT-2024-01-002666,toctoc,Providencia,Metropolitana,1265000.0,CLP,65.0,2024-01-04 00:00:00.000000,2024-01-15 00:00:00.000000,departamento,Arriendo,agency
TT-2024-01-000878,toctoc,Pudahuel,Metropolitana,9.73,UF,40.0,2023-12-19 00:00:00.000000,2024-01-01 00:00:00.000000,Departamento,arriendo,agency
TT-2024-01-002868,toctoc,Providencia,Metropolitana,22.3,UF,33.1,2023-10-09 00:00:00.000000,2024-01-15 00:00:00.000000,DEPARTAMENTO,arriendo,owner_direct
TT-2024-01-003750,toctoc,Quinta Normal,Metropolitana,370000.0,CLP,29.4,2023-12-08 00:00:00.000000,2024-01-22 00:00:00.000000,DEPARTAMENTO,ARRIENDO,agency
TT-2024-01-000969,toctoc,La Reina,Metropolitana,860000.0,CLP,57.6,2023-12-01 00:00:00.000000,2024-01-01 00:00:00.000000,DEPARTAMENTO,arriendo,agency
TT-2024-01-004853,toctoc,San Miguel,Metropolitana,515000.0,CLP,29.5,2023-12-26 00:00:00.000000,2024-01-29 00:00:00.000000,DEPARTAMENTO,Arriendo,agency
TT-2024-01-002536,toctoc,Macul,Metropolitana,465000.0,CLP,43.5,2023-12-17 00:00:00.000000,2024-01-15 00:00:00.000000,Departamento,ARRIENDO,agency
TT-2024-01-004944,toctoc,Santiago,Metropolitana,19.86,UF,86.6,2024-01-10 00:00:00.000000,2024-01-29 00:00:00.000000,departamento,arriendo,owner_direct
TT-2024-01-002556,toctoc,Ñuñoa,Metropolitana,520000.0,CLP,27.9,2024-01-03 00:00:00.000000,2024-01-15 00:00:00.000000,DEPARTAMENTO,arriendo,agency
TT-2024-01-001825,toctoc,Macul,Metropolitana,480000.0,CLP,36.7,2023-11-21 00:00:00.000000,2024-01-08 00:00:00.000000,departamento,ARRIENDO,agency
TT-2024-01-000817,toctoc,La Florida,Metropolitana,15.27,UF,40.1,2023-12-15 00:00:00.000000,2024-01-01 00:00:00.000000,DEPARTAMENTO,Arriendo,agency
TT-2024-01-003708,toctoc,Santiago,Metropolitana,18.11,UF,56.2,2023-09-11 00:00:00.000000,2024-01-22 00:00:00.000000,DEPARTAMENTO,arriendo,owner_direct
TT-2024-01-001568,toctoc,Lo Barnechea,Metropolitana,1020000.0,CLP,55.3,2023-12-23 00:00:00.000000,2024-01-08 00:00:00.000000,departamento,Arriendo,agency
TT-2024-01-002958,toctoc,Vitacura,Metropolitana,795000.0,CLP,32.4,2024-01-02 00:00:00.000000,2024-01-15 00:00:00.000000,DEPARTAMENTO,ARRIENDO,agency
TT-2024-01-004992,toctoc,Providencia,Metropolitana,20.41,UF,38.4,2024-01-18 00:00:00.000000,2024-01-29 00:00:00.000000,Departamento,arriendo,owner_direct
TT-2024-01-001132,toctoc,Ñuñoa,Metropolitana,7105000.0,CLP,42.1,2023-12-07 00:00:00.000000,2024-01-01 00:00:00.000000,Departamento,arriendo,agency
TT-2024-01-004712,toctoc,La Cisterna,Metropolitana,13.24,UF,52.6,2023-12-26 00:00:00.000000,2024-01-29 00:00:00.000000,DEPARTAMENTO,Arriendo,agency
TT-2024-01-002992,toctoc,Puente Alto,Metropolitana,445000.0,CLP,47.6,2023-12-24 00:00:00.000000,2024-01-15 00:00:00.000000,Departamento,arriendo,agency
TT-2024-01-003503,toctoc,Independencia,Metropolitana,425000.0,CLP,35.7,2024-01-17 00:00:00.000000,2024-01-22 00:00:00.000000,Departamento,ARRIENDO,owner_direct
TT-2024-01-004821,toctoc,Macul,Metropolitana,645000.0,CLP,55.5,2023-09-22 00:00:00.000000,2024-01-29 00:00:00.000000,departamento,arriendo,agency
TT-2024-01-003167,toctoc,La Cisterna,Metropolitana,660000.0,CLP,67.1,2024-01-08 00:00:00.000000,2024-01-15 00:00:00.000000,Departamento,Arriendo,agency
TT-2024-01-004146,toctoc,Providencia,Metropolitana,48.38,UF,118.2,2023-12-16 00:00:00.000000,2024-01-22 00:00:00.000000,Departamento,Arriendo,owner_direct
TT-2024-01-004139,toctoc,La Florida,Metropolitana,800000.0,CLP,80.4,2023-12-18 00:00:00.000000,2024-01-22 00:00:00.000000,DEPARTAMENTO,Arriendo,owner_direct
TT-2024-01-002745,toctoc,Conchalí,Metropolitana,420000.0,CLP,31.6,2023-11-21 00:00:00.000000,2024-01-15 00:00:00.000000,Departamento,Arriendo,
TT-2024-01-002245,toctoc,La Florida,Metropolitana,900000.0,CLP,106.6,2023-12-19 00:00:00.000000,2024-01-08 00:00:00.000000,departamento,ARRIENDO,agency
TT-2024-01-000937,toctoc,Santiago,Metropolitana,460000.0,CLP,28.3,2023-11-19 00:00:00.000000,2024-01-01 00:00:00.000000,DEPARTAMENTO,Arriendo,agency
TT-2024-01-003645,toctoc,Estación Central,Metropolitana,9.73,UF,35.8,2024-01-21 00:00:00.000000,2024-01-22 00:00:00.000000,departamento,arriendo,owner_direct
TT-2024-01-001848,toctoc,RECOLETA,Metropolitana,12.7,UF,43.9,2024-01-04 00:00:00.000000,2024-01-08 00:00:00.000000,Departamento,Arriendo,agency
TT-2024-01-004212,toctoc,Providencia,Metropolitana,25.27,UF,43.6,2024-01-17 00:00:00.000000,2024-01-22 00:00:00.000000,departamento,arriendo,owner_direct
TT-2024-01-004797,toctoc,La Florida,Metropolitana,21.35,UF,94.4,2023-12-28 00:00:00.000000,2024-01-29 00:00:00.000000,DEPARTAMENTO,arriendo,owner_direct
TT-2024-01-000942,toctoc,Santiago,Metropolitana,510000.0,CLP,33.5,2023-12-25 00:00:00.000000,2024-01-01 00:00:00.000000,DEPARTAMENTO,ARRIENDO,agency
TT-2024-01-004019,toctoc,Las Condes,Metropolitana,785000.0,CLP,28.0,2024-01-10 00:00:00.000000,2024-01-22 00:00:00.000000,Departamento,ARRIENDO,agency
TT-2024-01-001232,toctoc,Vitacura,Metropolitana,31.62,UF,62.8,2023-12-11 00:00:00.000000,2024-01-08 00:00:00.000000,departamento,ARRIENDO,agency
TT-2024-01-001264,toctoc, La Florida,Metropolitana,475000.0,CLP,30.3,2023-11-22 00:00:00.000000,2024-01-08 00:00:00.000000,Departamento,arriendo,agency
TT-2024-01-001961,toctoc,San Miguel,Metropolitana,14.19,UF,37.3,2023-09-24 00:00:00.000000,2024-01-08 00:00:00.000000,Departamento,Arriendo,agency
TT-2024-01-005050,toctoc,Ñuñoa,Metropolitana,580000.0,CLP,30.4,2024-01-17 00:00:00.000000,2024-01-29 00:00:00.000000,departamento,ARRIENDO,owner_direct
TT-2024-01-003562,toctoc,San Miguel,Metropolitana,15.54,UF,36.7,2024-01-11 00:00:00.000000,2024-01-22 00:00:00.000000,departamento,ARRIENDO,agency
TT-2024-01-002982,toctoc,Ñuñoa,Metropolitana,20.68,UF,39.1,2023-12-23 00:00:00.000000,2024-01-15 00:00:00.000000,DEPARTAMENTO,ARRIENDO,owner_direct
TT-2024-01-004469,toctoc,Providencia,Metropolitana,955000.0,CLP,44.3,2023-07-30 00:00:00.000000,2024-01-29 00:00:00.000000,departamento,Arriendo,owner_direct
TT-2024-01-000445,toctoc,Providencia,Metropolitana,24.46,UF,47.5,2023-11-24 00:00:00.000000,2024-01-01 00:00:00.000000,Departamento,ARRIENDO,agency
TT-2024-01-003749,toctoc,San Joaquín,Metropolitana,13.38,UF,46.5,2024-01-19 00:00:00.000000,2024-01-22 00:00:00.000000,Departamento,arriendo,owner_direct
TT-2024-01-003314,toctoc,Santiago,Metropolitana,475000.0,CLP,30.1,2024-01-18 00:00:00.000000,2024-01-22 00:00:00.000000,DEPARTAMENTO,ARRIENDO,agency
TT-2024-01-001718,toctoc,Quilicura,Metropolitana,12.57,UF,39.5,2023-12-30 00:00:00.000000,2024-01-08 00:00:00.000000,departamento,ARRIENDO,agency
TT-2024-01-005173,toctoc,La Florida,Metropolitana,660000.0,CLP,57.7,2023-10-29 00:00:00.000000,2024-01-29 00:00:00.000000,DEPARTAMENTO,Arriendo,agency
TT-2024-01-004891,toctoc,Estación Central,Metropolitana,14.73,UF,57.9,2023-12-30 00:00:00.000000,2024-01-29 00:00:00.000000,DEPARTAMENTO,arriendo,agency
TT-2024-01-005214,toctoc,Providencia,Metropolitana,955000.0,CLP,43.3,2023-11-27 00:00:00.000000,2024-01-29 00:00:00.000000,Departamento,Arriendo,agency
TT-2024-01-003824,toctoc,Lo Barnechea,Metropolitana,26.76,UF,49.6,2024-01-07 00:00:00.000000,2024-01-22 00:00:00.000000,DEPARTAMENTO,arriendo,agency
TT-2024-01-003612,toctoc,Independencia,Metropolitana,16.62,UF,58.3,2024-01-14 00:00:00.000000,2024-01-22 00:00:00.000000,departamento,Arriendo,agency
TT-2024-01-002438,toctoc,Las Condes,Metropolitana,30.68,UF,64.8,2023-12-06 00:00:00.000000,2024-01-15 00:00:00.000000,Departamento,Arriendo,owner_direct
TT-2024-01-003656,toctoc,Estación Central,Metropolitana,520000.0,CLP,44.6,2023-09-30 00:00:00.000000,2024-01-22 00:00:00.000000,Departamento,ARRIENDO,
TT-2024-01-005269,toctoc,Vitacura,Metropolitana,24.46,UF,36.8,2024-01-11 00:00:00.000000,2024-01-29 00:00:00.000000,Departamento,arriendo,agency
TT-2024-01-003664,toctoc,Recoleta,Metropolitana,460000.0,CLP,40.7,2024-01-16 00:00:00.000000,2024-01-22 00:00:00.000000,departamento,arriendo,owner_direct
TT-2024-01-004274,toctoc,Peñalolén,Metropolitana,490000.0,CLP,36.6,2023-12-25 00:00:00.000000,2024-01-22 00:00:00.000000,Departamento,arriendo,agency
TT-2024-01-000320,toctoc,Independencia,Metropolitana,600000.0,CLP,74.9,2023-12-23 00:00:00.000000,2024-01-01 00:00:00.000000,Departamento,ARRIENDO,owner_direct
TT-2024-01-001090,toctoc,Recoleta ,Metropolitana,12.84,UF,30.5,2023-11-29 00:00:00.000000,2024-01-01 00:00:00.000000,DEPARTAMENTO,Arriendo,agency
TT-2024-01-002978,toctoc,Santiago,Metropolitana,17.03,UF,62.3,2023-09-12 00:00:00.000000,2024-01-15 00:00:00.000000,departamento,arriendo,agency
TT-2024-01-002521,toctoc,Quilicura,Metropolitana,750000.0,CLP,92.0,2024-01-03 00:00:00.000000,2024-01-15 00:00:00.000000,departamento,Arriendo,owner_direct
TT-2024-01-000053,toctoc,Lo Barnechea,Metropolitana,24.32,UF,66.5,2023-12-20 00:00:00.000000,2024-01-01 00:00:00.000000,DEPARTAMENTO,arriendo,agency
TT-2024-01-005257,toctoc,Santiago,Metropolitana,26.89,UF,110.3,2023-12-24 00:00:00.000000,2024-01-29 00:00:00.000000,departamento,Arriendo,agency
TT-2024-01-004387,toctoc,Peñalolén,Metropolitana,430000.0,CLP,25.6,2023-11-30 00:00:00.000000,2024-01-29 00:00:00.000000,DEPARTAMENTO,arriendo,agency
TT-2024-01-003774,toctoc,Maipú,Metropolitana,17.43,UF,78.9,2024-01-16 00:00:00.000000,2024-01-22 00:00:00.000000,departamento,ARRIENDO,agency
TT-2024-01-004713,toctoc,Providencia,Metropolitana,780000.0,CLP,38.6,2024-01-01 00:00:00.000000,2024-01-29 00:00:00.000000,Departamento,arriendo,agency
TT-2024-01-002656,toctoc,Quinta Normal,Metropolitana,14.73,UF,56.0,2024-01-04 00:00:00.000000,2024-01-15 00:00:00.000000,Departamento,arriendo,agency
TT-2024-01-002247,toctoc,Santiago,Metropolitana,15.54,UF,45.0,2023-12-21 00:00:00.000000,2024-01-08 00:00:00.000000,Departamento,Arriendo,agency
TT-2024-01-002250,toctoc,Maipú ,Metropolitana,15.54,UF,61.3,2023-12-10 00:00:00.000000,2024-01-08 00:00:00.000000,DEPARTAMENTO,arriendo,agency
TT-2024-01-000642,toctoc,Ñuñoa,Metropolitana,17.43,UF,44.0,2023-12-05 00:00:00.000000,2024-01-01 00:00:00.000000,Departamento,ARRIENDO,agency
TT-2024-01-000061,toctoc,Maipú,Metropolitana,10.54,UF,39.2,2023-11-28 00:00:00.000000,2024-01-01 00:00:00.000000,DEPARTAMENTO,Arriendo,owner_direct
TT-2024-01-000070,toctoc,La Cisterna,Metropolitana,415000.0,CLP,44.2,2023-12-21 00:00:00.000000,2024-01-01 00:00:00.000000,Departamento,arriendo,agency
TT-2024-01-004422,toctoc,Macul,Metropolitana,825000.0,CLP,80.9,2024-01-05 00:00:00.000000,2024-01-29 00:00:00.000000,Departamento,Arriendo,agency
TT-2024-01-002345,toctoc,La Florida,Metropolitana,355000.0,CLP,26.5,2023-12-27 00:00:00.000000,2024-01-08 00:00:00.000000,DEPARTAMENTO,Arriendo,owner_direct
TT-2024-01-002108,toctoc,Puente Alto,Metropolitana,11.89,UF,47.1,2023-12-01 00:00:00.000000,2024-01-08 00:00:00.000000,DEPARTAMENTO,arriendo,agency
TT-2024-01-003284,toctoc,Santiago,Metropolitana,585000.0,CLP,47.8,2024-01-17 00:00:00.000000,2024-01-22 00:00:00.000000,DEPARTAMENTO,arriendo,agency
TT-2024-01-001265,toctoc,Santiago,Metropolitana,12.84,UF,40.3,2023-12-15 00:00:00.000000,2024-01-08 00:00:00.000000,departamento,Arriendo,owner_direct
TT-2024-01-001358,toctoc,Vitacura,Metropolitana,29.59,UF,36.9,2023-12-31 00:00:00.000000,2024-01-08 00:00:00.000000,DEPARTAMENTO,Arriendo,agency
TT-2024-01-004666,toctoc,La Reina,Metropolitana,750000.0,CLP,52.5,2023-12-27 00:00:00.000000,2024-01-29 00:00:00.000000,Departamento,Arriendo,agency
TT-2024-01-001784,toctoc,San Miguel,Metropolitana,15.81,UF,43.2,2023-12-29 00:00:00.000000,2024-01-08 00:00:00.000000,departamento,Arriendo,agency
TT-2024-01-001442,toctoc,San Miguel,Metropolitana,600000.0,CLP,68.5,2023-12-27 00:00:00.000000,2024-01-08 00:00:00.000000,departamento,arriendo,agency
TT-2024-01-000522,toctoc,Independencia,Metropolitana,560000.0,CLP,51.3,2023-12-06 00:00:00.000000,2024-01-01 00:00:00.000000,Departamento,Arriendo,agency
TT-2024-01-000667,toctoc,Cerrillos,Metropolitana,15.0,UF,49.8,2023-06-30 00:00:00.000000,2024-01-01 00:00:00.000000,Departamento,Arriendo,owner_direct
TT-2024-01-001911,toctoc,Vitacura,Metropolitana,885000.0,CLP,34.3,2023-12-24 00:00:00.000000,2024-01-08 00:00:00.000000,Departamento,Arriendo,owner_direct
TT-2024-01-004935,toctoc,Las Condes,Metropolitana,24.19,UF,38.4,2024-01-10 00:00:00.000000,2024-01-29 00:00:00.000000,Departamento,Arriendo,agency
TT-2024-01-001803,toctoc,Santiago,Metropolitana,11.89,UF,24.8,2023-11-22 00:00:00.000000,2024-01-08 00:00:00.000000,Departamento,Arriendo,agency
TT-2024-01-004447,toctoc,La Florida,Metropolitana,17.3,UF,72.1,2024-01-24 00:00:00.000000,2024-01-29 00:00:00.000000,DEPARTAMENTO,arriendo,owner_direct
TT-2024-01-002480,toctoc,Huechuraba,Metropolitana,15.27,UF,34.5,2024-01-09 00:00:00.000000,2024-01-15 00:00:00.000000,departamento,ARRIENDO,owner_direct
TT-2024-01-000412,toctoc,Puente Alto,Metropolitana,615000.0,CLP,69.8,2023-11-16 00:00:00.000000,2024-01-01 00:00:00.000000,Departamento,Arriendo,agency
TT-2024-01-000956,toctoc,Macul,Metropolitana,16.76,UF,55.6,2023-07-13 00:00:00.000000,2024-01-01 00:00:00.000000,DEPARTAMENTO,arriendo,agency
TT-2024-01-002940,toctoc,Cerrillos,Metropolitana,9.05,UF,24.8,2023-12-18 00:00:00.000000,2024-01-15 00:00:00.000000,DEPARTAMENTO,Arriendo,agency
TT-2024-01-005201,toctoc,Independencia,Metropolitana,12.84,UF,45.0,2024-01-10 00:00:00.000000,2024-01-29 00:00:00.000000,departamento,Arriendo,agency
TT-2024-01-001178,toctoc,San Miguel,Metropolitana,13.11,UF,45.0,2023-10-26 00:00:00.000000,2024-01-01 00:00:00.000000,departamento,Arriendo,agency
TT-2024-01-004960,toctoc,Peñalolén,Metropolitana,13.11,UF,32.4,2024-01-09 00:00:00.000000,2024-01-29 00:00:00.000000,DEPARTAMENTO,ARRIENDO,agency
TT-2024-01-000375,toctoc,Las Condes,Metropolitana,860000.0,CLP,46.1,2023-12-17 00:00:00.000000,2024-01-01 00:00:00.000000,DEPARTAMENTO,ARRIENDO,owner_direct
TT-2024-01-001300,toctoc,Recoleta,Metropolitana,365000.0,CLP,39.9,2023-11-05 00:00:00.000000,2024-01-08 00:00:00.000000,Departamento,ARRIENDO,agency
TT-2024-01-001110,toctoc,Independencia,Metropolitana,475000.0,CLP,60.2,2023-12-17 00:00:00.000000,2024-01-01 00:00:00.000000,Departamento,Arriendo,agency
TT-2024-01-000723,toctoc,Maipú,Metropolitana,595000.0,CLP,63.9,2023-12-22 00:00:00.000000,2024-01-01 00:00:00.000000,departamento,Arriendo,owner_direct
TT-2024-01-005492,toctoc,Ñuñoa,Metropolitana,15.41,UF,47.2,2024-01-22 00:00:00.000000,2024-01-29 00:00:00.000000,DEPARTAMENTO,Arriendo,agency
TT-2024-01-004293,toctoc,Providencia,Metropolitana,810000.0,CLP,33.0,2023-10-27 00:00:00.000000,2024-01-22 00:00:00.000000,Departamento,Arriendo,owner_direct
TT-2024-01-005447,toctoc,San Miguel,Metropolitana,485000.0,CLP,41.4,2024-01-17 00:00:00.000000,2024-01-29 00:00:00.000000,departamento,arriendo,owner_direct
TT-2024-01-004234,toctoc,Ñuñoa,Metropolitana,635000.0,CLP,43.8,2024-01-11 00:00:00.000000,2024-01-22 00:00:00.000000,Departamento,ARRIENDO,agency
TT-2024-01-004114,toctoc,Peñalolén,Metropolitana,440000.0,CLP,31.3,2023-12-28 00:00:00.000000,2024-01-22 00:00:00.000000,Departamento,ARRIENDO,agency
TT-2024-01-003317,toctoc,Recoleta,Metropolitana,625000.0,CLP,76.8,2024-01-01 00:00:00.000000,2024-01-22 00:00:00.000000,DEPARTAMENTO,arriendo,owner_direct
TT-2024-01-004115,toctoc,Conchalí,Metropolitana,405000.0,CLP,41.9,2024-01-07 00:00:00.000000,2024-01-22 00:00:00.000000,Departamento,Arriendo,agency
TT-2024-01-000495,toctoc,Vitacura,Metropolitana,34.46,UF,64.0,2023-12-24 00:00:00.000000,2024-01-01 00:00:00.000000,Departamento,Arriendo,agency
TT-2024-01-001686,toctoc,La Cisterna,Metropolitana,705000.0,CLP,77.5,2023-10-18 00:00:00.000000,2024-01-08 00:00:00.000000,DEPARTAMENTO,arriendo,agency
TT-2024-01-002814,toctoc,Providencia,Metropolitana,19.59,UF,35.4,2023-12-12 00:00:00.000000,2024-01-15 00:00:00.000000,departamento,ARRIENDO,agency
TT-2024-01-000267,toctoc,Santiago,Metropolitana,570000.0,CLP,52.8,2023-12-03 00:00:00.000000,2024-01-01 00:00:00.000000,Departamento,ARRIENDO,agency
TT-2024-01-002790,toctoc,Peñalolén,Metropolitana,14.19,UF,33.3,2024-01-03 00:00:00.000000,2024-01-15 00:00:00.000000,Departamento,Arriendo,owner_direct
TT-2024-01-005128,toctoc,Macul,Metropolitana,605000.0,CLP,56.4,2024-01-24 00:00:00.000000,2024-01-29 00:00:00.000000,Departamento,Arriendo,owner_direct
TT-2024-01-003711,toctoc,Santiago,Metropolitana,15.95,UF,39.5,2024-01-05 00:00:00.000000,2024-01-22 00:00:00.000000,departamento,arriendo,agency
TT-2024-01-000099,toctoc,La Reina,Metropolitana,800000.0,CLP,40.8,2023-12-07 00:00:00.000000,2024-01-01 00:00:00.000000,DEPARTAMENTO,arriendo,owner_direct
TT-2024-01-001455,toctoc,Independencia,Metropolitana,10.41,UF,32.4,2023-12-07 00:00:00.000000,2024-01-08 00:00:00.000000,DEPARTAMENTO,ARRIENDO,agency
TT-2024-01-004835,toctoc,Maipú,Metropolitana,12.84,UF,33.8,2023-12-29 00:00:00.000000,2024-01-29 00:00:00.000000,Departamento,ARRIENDO,owner_direct
TT-2024-01-001770,toctoc,La Cisterna,Metropolitana,860000.0,CLP,102.9,2023-11-02 00:00:00.000000,2024-01-08 00:00:00.000000,departamento,ARRIENDO,owner_direct
TT-2024-01-005375,toctoc,La Reina,Metropolitana,850000.0,CLP,37.1,2024-01-20 00:00:00.000000,2024-01-29 00:00:00.000000,DEPARTAMENTO,Arriendo,owner_direct
TT-2024-01-004967,toctoc,Providencia,Metropolitana,865000.0,CLP,41.0,2023-12-30 00:00:00.000000,2024-01-29 00:00:00.000000,Departamento,ARRIENDO,agency
TT-2024-01-002684,toctoc,Independencia,Metropolitana,10.0,UF,24.5,2023-12-29 00:00:00.000000,2024-01-15 00:00:00.000000,departamento,ARRIENDO,owner_direct
TT-2024-01-002487,toctoc,MACUL,Metropolitana,11.22,UF,35.1,2024-01-03 00:00:00.000000,2024-01-15 00:00:00.000000,DEPARTAMENTO,arriendo,owner_direct
TT-2024-01-000718,toctoc,La Florida,Metropolitana,490000.0,CLP,45.9,2023-12-24 00:00:00.000000,2024-01-01 00:00:00.000000,Departamento,arriendo,agency
TT-2024-01-003290,toctoc,San Miguel,Metropolitana,645000.0,CLP,54.1,2023-12-19 00:00:00.000000,2024-01-22 00:00:00.000000,departamento,arriendo,agency
TT-2024-01-002808,toctoc,Recoleta,Metropolitana,690000.0,CLP,101.7,2023-11-29 00:00:00.000000,2024-01-15 00:00:00.000000,departamento,Arriendo,agency
TT-2024-01-004760,toctoc,Pudahuel,Metropolitana,10.68,UF,35.6,2024-01-17 00:00:00.000000,2024-01-29 00:00:00.000000,departamento,Arriendo,owner_direct
TT-2024-01-004711,toctoc,Independencia,Metropolitana,870000.0,CLP,99.5,2024-01-01 00:00:00.000000,2024-01-29 00:00:00.000000,Departamento,arriendo,agency
TT-2024-01-001019,toctoc,Providencia,Metropolitana,720000.0,CLP,30.1,2023-11-29 00:00:00.000000,2024-01-01 00:00:00.000000,Departamento,arriendo,agency
TT-2024-01-003940,toctoc,Las Condes,Metropolitana,31.49,UF,75.5,2023-12-16 00:00:00.000000,2024-01-22 00:00:00.000000,departamento,arriendo,owner_direct
TT-2024-01-004147,toctoc,Providencia,Metropolitana,875000.0,CLP,44.9,2023-12-15 00:00:00.000000,2024-01-22 00:00:00.000000,Departamento,Arriendo,agency
TT-2024-01-004895,toctoc,Quilicura,Metropolitana,11.89,UF,47.7,2023-06-30 00:00:00.000000,2024-01-29 00:00:00.000000,DEPARTAMENTO,Arriendo,owner_direct
TT-2024-01-003809,toctoc,Maipú,Metropolitana,10.41,UF,38.5,2024-01-17 00:00:00.000000,2024-01-22 00:00:00.000000,DEPARTAMENTO,ARRIENDO,agency
TT-2024-01-002855,toctoc,Lo Barnechea,Metropolitana,243.65,UF,47.4,2024-01-13 00:00:00.000000,2024-01-15 00:00:00.000000,departamento,Arriendo,owner_direct
TT-2024-01-005384,toctoc,Independencia,Metropolitana,400000.0,CLP,31.8,2024-01-11 00:00:00.000000,2024-01-29 00:00:00.000000,departamento,Arriendo,owner_direct
TT-2024-01-001567,toctoc,Macul,Metropolitana,465000.0,CLP,37.0,2023-12-03 00:00:00.000000,2024-01-08 00:00:00.000000,departamento,Arriendo,owner_direct
TT-2024-01-002800,toctoc,Quinta Normal,Metropolitana,425000.0,CLP,35.1,2024-01-01 00:00:00.000000,2024-01-15 00:00:00.000000,Departamento,arriendo,agency
TT-2024-01-003459,toctoc,Puente Alto,Metropolitana,355000.0,CLP,41.4,2023-12-20 00:00:00.000000,2024-01-22 00:00:00.000000,departamento,ARRIENDO,owner_direct
TT-2024-01-002727,toctoc,Las Condes,Metropolitana,1040000.0,CLP,44.9,2023-12-21 00:00:00.000000,2024-01-15 00:00:00.000000,DEPARTAMENTO,Arriendo,agency
TT-2024-01-000380,toctoc,Santiago,Metropolitana,17.43,UF,58.1,2023-10-09 00:00:00.000000,2024-01-01 00:00:00.000000,departamento,Arriendo,agency
TT-2024-01-004062,toctoc,Cerrillos ,Metropolitana,460000.0,CLP,44.0,2023-09-10 00:00:00.000000,2024-01-22 00:00:00.000000,DEPARTAMENTO,ARRIENDO,agency
TT-2024-01-001736,toctoc,Huechuraba,Metropolitana,705000.0,CLP,48.1,2024-01-07 00:00:00.000000,2024-01-08 00:00:00.000000,DEPARTAMENTO,ARRIENDO,agency
TT-2024-01-000882,toctoc,Independencia,Metropolitana,12.7,UF,48.9,2023-11-07 00:00:00.000000,2024-01-01 00:00:00.000000,DEPARTAMENTO,Arriendo,agency
TT-2024-01-002508,toctoc,Macul,Metropolitana,575000.0,CLP,34.3,2024-01-01 00:00:00.000000,2024-01-15 00:00:00.000000,DEPARTAMENTO,Arriendo,agency
TT-2024-01-002463,toctoc,Vitacura,Metropolitana,41.35,UF,93.6,2023-12-29 00:00:00.000000,2024-01-15 00:00:00.000000,departamento,ARRIENDO,agency
TT-2024-01-005230,toctoc,Huechuraba,Metropolitana,18.24,UF,48.2,2023-12-30 00:00:00.000000,2024-01-29 00:00:00.000000,DEPARTAMENTO,Arriendo,owner_direct
TT-2024-01-002708,toctoc,Maipú,Metropolitana,550000.0,CLP,54.7,2023-12-29 00:00:00.000000,2024-01-15 00:00:00.000000,Departamento,ARRIENDO,agency
TT-2024-01-003326,toctoc,Providencia,Metropolitana,34.32,UF,80.1,2023-12-31 00:00:00.000000,2024-01-22 00:00:00.000000,DEPARTAMENTO,arriendo,agency
TT-2024-01-000974,toctoc,Pudahuel,Metropolitana,500000.0,CLP,35.8,2023-12-07 00:00:00.000000,2024-01-01 00:00:00.000000,DEPARTAMENTO,ARRIENDO,owner_direct
TT-2024-01-002864,toctoc,Macul,Metropolitana,12.7,UF,34.2,2024-01-06 00:00:00.000000,2024-01-15 00:00:00.000000,DEPARTAMENTO,ARRIENDO,agency
TT-2024-01-002820,toctoc,La Florida,Metropolitana,17.84,UF,78.2,2024-01-04 00:00:00.000000,2024-01-15 00:00:00.000000,DEPARTAMENTO,Arriendo,agency
TT-2024-01-000224,toctoc,Maipú,Metropolitana,475000.0,CLP,42.0,2023-11-13 00:00:00.000000,2024-01-01 00:00:00.000000,Departamento,arriendo,owner_direct
TT-2024-01-004640,toctoc,La Cisterna,Metropolitana,13.11,UF,39.8,2024-01-10 00:00:00.000000,2024-01-29 00:00:00.000000,DEPARTAMENTO,ARRIENDO,agency
TT-2024-01-003072,toctoc,Ñuñoa,Metropolitana,575000.0,CLP,26.8,2023-12-15 00:00:00.000000,2024-01-15 00:00:00.000000,Departamento,Arriendo,owner_direct
TT-2024-01-000408,toctoc,Providencia,Metropolitana,26.49,UF,56.5,2023-11-24 00:00:00.000000,2024-01-01 00:00:00.000000,DEPARTAMENTO,ARRIENDO,owner_direct
TT-2024-01-002516,toctoc,Lo Barnechea,Metropolitana,770000.0,CLP,40.2,2023-11-30 00:00:00.000000,2024-01-15 00:00:00.000000,Departamento,Arriendo,owner_direct
TT-2024-01-004514,toctoc,Providencia,Metropolitana,815000.0,CLP,40.1,2023-12-18 00:00:00.000000,2024-01-29 00:00:00.000000,Departamento,ARRIENDO,agency
TT-2024-01-001324,toctoc,Renca,Metropolitana,12.3,UF,59.9,2023-11-25 00:00:00.000000,2024-01-08 00:00:00.000000,DEPARTAMENTO,ARRIENDO,agency
TT-2024-01-000377,toctoc,La Reina,Metropolitana,17.57,UF,21.5,2023-11-22 00:00:00.000000,2024-01-01 00:00:00.000000,departamento,Arriendo,owner_direct
TT-2024-01-000301,toctoc,Santiago,Metropolitana,16.35,UF,42.3,2023-10-04 00:00:00.000000,2024-01-01 00:00:00.000000,departamento,arriendo,agency
TT-2024-01-002267,toctoc,La Cisterna,Metropolitana,11.08,UF,35.5,2023-12-30 00:00:00.000000,2024-01-08 00:00:00.000000,departamento,Arriendo,agency
TT-2024-01-005310,toctoc,La Florida,Metropolitana,700000.0,CLP,74.3,2024-01-17 00:00:00.000000,2024-01-29 00:00:00.000000,DEPARTAMENTO,ARRIENDO,agency
TT-2024-01-004865,toctoc,Cerrillos,Metropolitana,12.43,UF,53.5,2024-01-18 00:00:00.000000,2024-01-29 00:00:00.000000,DEPARTAMENTO,ARRIENDO,owner_direct
TT-2024-01-002869,toctoc,Conchalí,Metropolitana,11.62,UF,58.1,2023-12-29 00:00:00.000000,2024-01-15 00:00:00.000000,departamento,Arriendo,
TT-2024-01-000388,toctoc,Santiago,Metropolitana,13.65,UF,33.7,2023-12-19 00:00:00.000000,2024-01-01 00:00:00.000000,DEPARTAMENTO,Arriendo,agency
TT-2024-01-004103,toctoc,Santiago,Metropolitana,2240000.0,CLP,71.6,2024-01-11 00:00:00.000000,2024-01-22 00:00:00.000000,Departamento,ARRIENDO,agency
TT-2024-01-000432,toctoc,Santiago,Metropolitana,505000.0,CLP,28.8,2023-12-15 00:00:00.000000,2024-01-01 00:00:00.000000,departamento,ARRIENDO,owner_direct
TT-2024-01-004424,toctoc,La Cisterna,Metropolitana,11.49,UF,29.8,2024-01-13 00:00:00.000000,2024-01-29 00:00:00.000000,departamento,arriendo,owner_direct
TT-2024-01-003537,toctoc,Providencia,Metropolitana,25.95,UF,41.9,2023-08-11 00:00:00.000000,2024-01-22 00:00:00.000000,DEPARTAMENTO,Arriendo,owner_direct
TT-2024-01-005212,toctoc,Ñuñoa,Metropolitana,14.05,UF,30.7,2024-01-08 00:00:00.000000,2024-01-29 00:00:00.000000,DEPARTAMENTO,arriendo,owner_direct
TT-2024-01-002999,toctoc,Macul,Metropolitana,685000.0,CLP,77.9,2023-12-22 00:00:00.000000,2024-01-15 00:00:00.000000,Departamento,Arriendo,owner_direct
TT-2024-01-000246,toctoc,Huechuraba,Metropolitana,640000.0,CLP,49.2,2023-12-14 00:00:00.000000,2024-01-01 00:00:00.000000,DEPARTAMENTO,arriendo,owner_direct
TT-2024-01-000476,toctoc,Maipú,Metropolitana,9.19,UF,37.8,2023-12-01 00:00:00.000000,2024-01-01 00:00:00.000000,DEPARTAMENTO,Arriendo,owner_direct
TT-2024-01-004691,toctoc,Providencia,Metropolitana,905000.0,CLP,47.9,2024-01-16 00:00:00.000000,2024-01-29 00:00:00.000000,departamento,arriendo,agency
TT-2024-01-000290,toctoc,Providencia,Metropolitana,27.43,UF,65.8,2023-10-18 00:00:00.000000,2024-01-01 00:00:00.000000,departamento,arriendo,agency
TT-2024-01-005446,toctoc,La Florida,Metropolitana,470000.0,CLP,31.4,2024-01-23 00:00:00.000000,2024-01-29 00:00:00.000000,Departamento,arriendo,agency
TT-2024-01-002632,toctoc,Recoleta,Metropolitana,370000.0,CLP,36.7,2023-12-31 00:00:00.000000,2024-01-15 00:00:00.000000,DEPARTAMENTO,arriendo,agency
TT-2024-01-000193,toctoc,Peñalolén,Metropolitana,11.49,UF,23.0,2023-11-21 00:00:00.000000,2024-01-01 00:00:00.000000,Departamento,Arriendo,agency
TT-2024-01-001787,toctoc,La Florida,Metropolitana,11.22,UF,31.8,2023-12-15 00:00:00.000000,2024-01-08 00:00:00.000000,Departamento,ARRIENDO,agency
TT-2024-01-000163,toctoc,Macul,Metropolitana,860000.0,CLP,87.0,2023-08-19 00:00:00.000000,2024-01-01 00:00:00.000000,departamento,ARRIENDO,agency
TT-2024-01-002657,toctoc,Maipú,Metropolitana,12.7,UF,50.7,2023-12-30 00:00:00.000000,2024-01-15 00:00:00.000000,departamento,arriendo,agency
TT-2024-01-002382,toctoc,Macul,Metropolitana,16.89,UF,66.9,2024-01-13 00:00:00.000000,2024-01-15 00:00:00.000000,departamento,arriendo,agency
TT-2024-01-005373,toctoc,Independencia,Metropolitana,505000.0,CLP,52.1,2023-12-26 00:00:00.000000,2024-01-29 00:00:00.000000,departamento,Arriendo,agency
TT-2024-01-000002,toctoc,Puente Alto,Metropolitana,9.59,UF,38.7,2023-12-18 00:00:00.000000,2024-01-01 00:00:00.000000,DEPARTAMENTO,ARRIENDO,owner_direct
TT-2024-01-002943,toctoc,Pudahuel,Metropolitana,11.62,UF,44.7,2024-01-10 00:00:00.000000,2024-01-15 00:00:00.000000,departamento,Arriendo,agency
TT-2024-01-004939,toctoc,pudahuel,Metropolitana,10.41,UF,27.9,2024-01-25 00:00:00.000000,2024-01-29 00:00:00.000000,Departamento,Arriendo,owner_direct
TT-2024-01-005379,toctoc,Macul,Metropolitana,13.65,UF,28.0,2023-11-28 00:00:00.000000,2024-01-29 00:00:00.000000,DEPARTAMENTO,arriendo,owner_direct
TT-2024-01-003825,toctoc,La Florida,Metropolitana,13.51,UF,54.7,2024-01-04 00:00:00.000000,2024-01-22 00:00:00.000000,DEPARTAMENTO,arriendo,
TT-2024-01-001934,toctoc,La Cisterna,Metropolitana,865000.0,CLP,110.0,2023-12-13 00:00:00.000000,2024-01-08 00:00:00.000000,DEPARTAMENTO,arriendo,agency
TT-2024-01-002226,toctoc,Las Condes,Metropolitana,33.65,UF,74.4,2024-01-03 00:00:00.000000,2024-01-08 00:00:00.000000,departamento,ARRIENDO,agency
TT-2024-01-004185,toctoc,Santiago,Metropolitana,805000.0,CLP,87.5,2023-12-22 00:00:00.000000,2024-01-22 00:00:00.000000,Departamento,ARRIENDO,owner_direct
TT-2024-01-000243,toctoc,Las Condes,Metropolitana,980000.0,CLP,49.2,2023-11-23 00:00:00.000000,2024-01-01 00:00:00.000000,DEPARTAMENTO,arriendo,owner_direct
TT-2024-01-002962,toctoc,Estación Central,Metropolitana,535000.0,CLP,60.9,2024-01-08 00:00:00.000000,2024-01-15 00:00:00.000000,Departamento,Arriendo,agency
TT-2024-01-005045,toctoc,Lo Barnechea,Metropolitana,36.76,UF,97.3,2023-12-20 00:00:00.000000,2024-01-29 00:00:00.000000,departamento,arriendo,owner_direct
TT-2024-01-004306,toctoc,Las Condes,Metropolitana,1170000.0,CLP,59.8,2023-12-28 00:00:00.000000,2024-01-22 00:00:00.000000,Departamento,ARRIENDO,agency
TT-2024-01-001071,toctoc,Ñuñoa,Metropolitana,15.95,UF,33.1,2023-11-20 00:00:00.000000,2024-01-01 00:00:00.000000,DEPARTAMENTO,Arriendo,owner_direct
TT-2024-01-004964,toctoc,Providencia,Metropolitana,43.38,UF,33.9,2023-12-17 00:00:00.000000,2024-01-29 00:00:00.000000,departamento,arriendo,owner_direct
TT-2024-01-000153,toctoc,Maipú,Metropolitana,405000.0,CLP,33.5,2023-12-06 00:00:00.000000,2024-01-01 00:00:00.000000,departamento,Arriendo,owner_direct
TT-2024-01-001452,toctoc,Huechuraba,Metropolitana,13.92,UF,30.1,2023-12-21 00:00:00.000000,2024-01-08 00:00:00.000000,Departamento,arriendo,agency
TT-2024-01-001570,toctoc,La Florida,Metropolitana,18.78,UF,71.2,2023-12-16 00:00:00.000000,2024-01-08 00:00:00.000000,DEPARTAMENTO,arriendo,agency
TT-2024-01-003174,toctoc,Macul,Metropolitana,17.57,UF,52.5,2024-01-04 00:00:00.000000,2024-01-15 00:00:00.000000,Departamento,Arriendo,agency
TT-2024-01-003932,toctoc,Santiago,Metropolitana,15.27,UF,33.9,2023-09-25 00:00:00.000000,2024-01-22 00:00:00.000000,departamento,ARRIENDO,agency
TT-2024-01-003508,toctoc,Santiago,Metropolitana,575000.0,CLP,59.0,2023-12-29 00:00:00.000000,2024-01-22 00:00:00.000000,DEPARTAMENTO,Arriendo,agency
TT-2024-01-004908,toctoc,Providencia,Metropolitana,935000.0,CLP,76.9,2023-11-13 00:00:00.000000,2024-01-29 00:00:00.000000,Departamento,ARRIENDO,agency
TT-2024-01-000676,toctoc,Vitacura,Metropolitana,1000000.0,CLP,38.8,2023-11-08 00:00:00.000000,2024-01-01 00:00:00.000000,DEPARTAMENTO,ARRIENDO,agency
TT-2024-01-004751,toctoc,Macul,Metropolitana,14.59,UF,44.9,2023-12-19 00:00:00.000000,2024-01-29 00:00:00.000000,departamento,Arriendo,owner_direct
TT-2024-01-003813,toctoc,Providencia,Metropolitana,1045000.0,CLP,52.9,2024-01-12 00:00:00.000000,2024-01-22 00:00:00.000000,Departamento,Arriendo,agency
TT-2024-01-001000,toctoc,Santiago,Metropolitana,965000.0,CLP,84.2,2023-12-22 00:00:00.000000,2024-01-01 00:00:00.000000,departamento,arriendo,owner_direct
TT-2024-01-003776,toctoc,La Cisterna,Metropolitana,465000.0,CLP,54.3,2023-12-15 00:00:00.000000,2024-01-22 00:00:00.000000,Departamento,ARRIENDO,owner_direct
TT-2024-01-001472,toctoc,Providencia,Metropolitana,43.38,UF,104.8,2023-11-01 00:00:00.000000,2024-01-08 00:00:00.000000,Departamento,Arriendo,owner_direct
TT-2024-01-001901,toctoc,Estación Central,Metropolitana,12.97,UF,40.8,2023-12-16 00:00:00.000000,2024-01-08 00:00:00.000000,Departamento,Arriendo,agency
TT-2024-01-002192,toctoc,La Florida,Metropolitana,685000.0,CLP,91.7,2023-12-30 00:00:00.000000,2024-01-08 00:00:00.000000,departamento,Arriendo,agency
TT-2024-01-001948,toctoc,Renca,Metropolitana,12.57,UF,45.3,2024-01-03 00:00:00.000000,2024-01-08 00:00:00.000000,DEPARTAMENTO,arriendo,agency
TT-2024-01-004954,toctoc,Providencia,Metropolitana,24.59,UF,41.3,2023-12-27 00:00:00.000000,2024-01-29 00:00:00.000000,departamento,arriendo,
TT-2024-01-005068,toctoc,VITACURA,Metropolitana,27.84,UF,39.5,2024-01-16 00:00:00.000000,2024-01-29 00:00:00.000000,departamento,arriendo,agency
TT-2024-01-000510,toctoc,Peñalolén,Metropolitana,13.38,UF,46.2,2023-12-11 00:00:00.000000,2024-01-01 00:00:00.000000,departamento,Arriendo,agency
TT-2024-01-002470,toctoc,San Miguel,Metropolitana,16.76,UF,66.6,2023-12-29 00:00:00.000000,2024-01-15 00:00:00.000000,departamento,arriendo,agency
TT-2024-01-002348,toctoc,Estación Central,Metropolitana,15.14,UF,57.4,2023-12-13 00:00:00.000000,2024-01-08 00:00:00.000000,departamento,ARRIENDO,owner_direct
TT-2024-01-000563,toctoc,Estación Central,Metropolitana,405000.0,CLP,58.0,2023-10-26 00:00:00.000000,2024-01-01 00:00:00.000000,Departamento,ARRIENDO,agency
TT-2024-01-002156,toctoc,Macul,Metropolitana,475000.0,CLP,41.4,2023-10-27 00:00:00.000000,2024-01-08 00:00:00.000000,Departamento,arriendo,agency
TT-2024-01-001682,toctoc,Maipú,Metropolitana,15.54,UF,60.8,2023-12-10 00:00:00.000000,2024-01-08 00:00:00.000000,DEPARTAMENTO,ARRIENDO,agency
TT-2024-01-002670,toctoc,Lo Barnechea,Metropolitana,805000.0,CLP,43.3,2023-12-04 00:00:00.000000,2024-01-15 00:00:00.000000,DEPARTAMENTO,arriendo,agency
TT-2024-01-000691,toctoc,Maipú,Metropolitana,11.49,UF,41.8,2023-12-10 00:00:00.000000,2024-01-01 00:00:00.000000,Departamento,Arriendo,agency
TT-2024-01-000548,toctoc, Huechuraba,Metropolitana,17.84,UF,51.6,2023-12-29 00:00:00.000000,2024-01-01 00:00:00.000000,DEPARTAMENTO,Arriendo,owner_direct
TT-2024-01-003014,toctoc,La Florida,Metropolitana,14.86,UF,62.1,2023-12-25 00:00:00.000000,2024-01-15 00:00:00.000000,DEPARTAMENTO,arriendo,owner_direct
TT-2024-01-004584,toctoc, Independencia,Metropolitana,12.57,UF,47.1,2023-12-11 00:00:00.000000,2024-01-29 00:00:00.000000,departamento,ARRIENDO,agency
TT-2024-01-001776,toctoc,ÑUÑOA,Metropolitana,17.57,UF,40.5,2023-11-13 00:00:00.000000,2024-01-08 00:00:00.000000,departamento,ARRIENDO,agency
TT-2024-01-001631,toctoc,Santiago,Metropolitana,680000.0,CLP,46.9,2023-12-26 00:00:00.000000,2024-01-08 00:00:00.000000,Departamento,Arriendo,agency
TT-2024-01-002766,toctoc,Independencia,Metropolitana,161.49,UF,59.2,2024-01-05 00:00:00.000000,2024-01-15 00:00:00.000000,DEPARTAMENTO,arriendo,agency
TT-2024-01-000046,toctoc,Santiago,Metropolitana,22.84,UF,85.5,2023-12-28 00:00:00.000000,2024-01-01 00:00:00.000000,Departamento,ARRIENDO,agency
TT-2024-01-001181,toctoc,Puente Alto,Metropolitana,540000.0,CLP,77.2,2023-07-13 00:00:00.000000,2024-01-01 00:00:00.000000,DEPARTAMENTO,arriendo,agency
TT-2024-01-002458,toctoc,Recoleta,Metropolitana,12.7,UF,43.9,2023-12-30 00:00:00.000000,2024-01-15 00:00:00.000000,DEPARTAMENTO,ARRIENDO,owner_direct
TT-2024-01-001012,toctoc,Puente Alto,Metropolitana,530000.0,CLP,54.6,2023-12-01 00:00:00.000000,2024-01-01 00:00:00.000000,DEPARTAMENTO,Arriendo,agency
TT-2024-01-003885,toctoc,San Joaquín,Metropolitana,405000.0,CLP,43.1,2024-01-06 00:00:00.000000,2024-01-22 00:00:00.000000,departamento,ARRIENDO,agency
TT-2024-01-001708,toctoc,Lo Barnechea,Metropolitana,31.35,UF,83.0,2023-10-06 00:00:00.000000,2024-01-08 00:00:00.000000,Departamento,arriendo,agency
TT-2024-01-004660,toctoc,Quilicura,Metropolitana,11.89,UF,42.7,2024-01-23 00:00:00.000000,2024-01-29 00:00:00.000000,Departamento,ARRIENDO,agency
TT-2024-01-002092,toctoc,Quinta Normal,Metropolitana,9.86,UF,33.1,2023-11-24 00:00:00.000000,2024-01-08 00:00:00.000000,Departamento,ARRIENDO,agency
TT-2024-01-003367,toctoc,La Cisterna,Metropolitana,665000.0,CLP,89.4,2023-12-16 00:00:00.000000,2024-01-22 00:00:00.000000,departamento,arriendo,agency
TT-2024-01-005322,toctoc,San Joaquín,Metropolitana,13.92,UF,56.2,2024-01-20 00:00:00.000000,2024-01-29 00:00:00.000000,DEPARTAMENTO,ARRIENDO,owner_direct
TT-2024-01-004215,toctoc,Maipú,Metropolitana,380000.0,CLP,33.1,2023-10-25 00:00:00.000000,2024-01-22 00:00:00.000000,departamento,ARRIENDO,agency
TT-2024-01-002778,toctoc,Pudahuel,Metropolitana,355000.0,CLP,32.2,2024-01-06 00:00:00.000000,2024-01-15 00:00:00.000000,Departamento,ARRIENDO,agency
TT-2024-01-003019,toctoc,Providencia,Metropolitana,20.14,UF,27.3,2023-06-28 00:00:00.000000,2024-01-15 00:00:00.000000,DEPARTAMENTO,ARRIENDO,agency
TT-2024-01-000194,toctoc,Cerrillos,Metropolitana,330000.0,CLP,29.6,2023-12-12 00:00:00.000000,2024-01-01 00:00:00.000000,departamento,ARRIENDO,agency
TT-2024-01-003966,toctoc,Maipú,Metropolitana,10.0,UF,23.8,2023-12-28 00:00:00.000000,2024-01-22 00:00:00.000000,DEPARTAMENTO,Arriendo,agency
TT-2024-01-002135,toctoc,Santiago,Metropolitana,16.08,UF,53.8,2023-12-19 00:00:00.000000,2024-01-08 00:00:00.000000,DEPARTAMENTO,arriendo,agency
TT-2024-01-005430,toctoc,Puente Alto,Metropolitana,10.95,UF,40.5,2024-01-08 00:00:00.000000,2024-01-29 00:00:00.000000,Departamento,Arriendo,agency
TT-2024-01-003881,toctoc,Macul,Metropolitana,7510000.0,CLP,62.9,2024-01-13 00:00:00.000000,2024-01-22 00:00:00.000000,Departamento,ARRIENDO,agency
TT-2024-01-004379,toctoc,Santiago,Metropolitana,17.84,UF,60.5,2024-01-01 00:00:00.000000,2024-01-29 00:00:00.000000,DEPARTAMENTO,Arriendo,agency
TT-2024-01-004202,toctoc,Providencia,Metropolitana,26.62,UF,71.6,2023-12-27 00:00:00.000000,2024-01-22 00:00:00.000000,departamento,arriendo,agency
TT-2024-01-002425,toctoc,Maipú,Metropolitana,540000.0,CLP,59.2,2024-01-07 00:00:00.000000,2024-01-15 00:00:00.000000,DEPARTAMENTO,arriendo,agency
TT-2024-01-002051,toctoc,Providencia,Metropolitana,870000.0,CLP,42.4,2023-06-27 00:00:00.000000,2024-01-08 00:00:00.000000,departamento,arriendo,agency
TT-2024-01-001426,toctoc,Providencia,Metropolitana,35.0,UF,91.6,2023-12-17 00:00:00.000000,2024-01-08 00:00:00.000000,DEPARTAMENTO,ARRIENDO,agency
TT-2024-01-005124,toctoc,Las Condes,Metropolitana,21.49,UF,36.4,2023-12-23 00:00:00.000000,2024-01-29 00:00:00.000000,departamento,ARRIENDO,agency
TT-2024-01-003462,toctoc,Independencia,Metropolitana,470000.0,CLP,61.9,2024-01-11 00:00:00.000000,2024-01-22 00:00:00.000000,Departamento,arriendo,agency
TT-2024-01-003590,toctoc,Puente Alto,Metropolitana,490000.0,CLP,54.3,2023-07-08 00:00:00.000000,2024-01-22 00:00:00.000000,departamento,arriendo,agency
TT-2024-01-001338,toctoc,Maipú,Metropolitana,21.08,UF,91.3,2023-11-17 00:00:00.000000,2024-01-08 00:00:00.000000,departamento,arriendo,owner_direct
TT-2024-01-001453,toctoc,Macul,Metropolitana,655000.0,CLP,52.7,2023-12-08 00:00:00.000000,2024-01-08 00:00:00.000000,Departamento,ARRIENDO,agency
TT-2024-01-003778,toctoc,Puente Alto,Metropolitana,15.81,UF,62.6,2023-12-23 00:00:00.000000,2024-01-22 00:00:00.000000,Departamento,Arriendo,agency
TT-2024-01-002041,toctoc,Independencia,Metropolitana,25.68,UF,102.0,2023-12-01 00:00:00.000000,2024-01-08 00:00:00.000000,departamento,arriendo,owner_direct
TT-2024-01-002050,toctoc,San Miguel,Metropolitana,25.54,UF,91.0,2023-12-13 00:00:00.000000,2024-01-08 00:00:00.000000,departamento,Arriendo,
TT-2024-01-004069,toctoc,Providencia,Metropolitana,905000.0,CLP,64.6,2024-01-04 00:00:00.000000,2024-01-22 00:00:00.000000,Departamento,ARRIENDO,owner_direct
TT-2024-01-005499,toctoc,Ñuñoa,Metropolitana,17.3,UF,38.1,2023-12-08 00:00:00.000000,2024-01-29 00:00:00.000000,departamento,Arriendo,agency
TT-2024-01-001929,toctoc,Maipú,Metropolitana,525000.0,CLP,54.2,2023-12-16 00:00:00.000000,2024-01-08 00:00:00.000000,Departamento,arriendo,agency
TT-2024-01-002083,toctoc,San Joaquín,Metropolitana,15.95,UF,52.0,2023-12-19 00:00:00.000000,2024-01-08 00:00:00.000000,DEPARTAMENTO,arriendo,agency
TT-2024-01-002185,toctoc,Ñuñoa,Metropolitana,24.86,UF,65.2,2023-12-28 00:00:00.000000,2024-01-08 00:00:00.000000,DEPARTAMENTO,ARRIENDO,agency
TT-2024-01-003316,toctoc,Providencia,Metropolitana,50.41,UF,114.1,2023-11-27 00:00:00.000000,2024-01-22 00:00:00.000000,Departamento,ARRIENDO,agency
TT-2024-01-002409,toctoc,Independencia,Metropolitana,129.05,UF,37.5,2023-12-28 00:00:00.000000,2024-01-15 00:00:00.000000,Departamento,ARRIENDO,owner_direct
TT-2024-01-004750,toctoc,Santiago,Metropolitana,17.7,UF,42.7,2024-01-11 00:00:00.000000,2024-01-29 00:00:00.000000,Departamento,ARRIENDO,owner_direct
TT-2024-01-003935,toctoc,Macul,Metropolitana,13.92,UF,35.4,2023-12-27 00:00:00.000000,2024-01-22 00:00:00.000000,departamento,ARRIENDO,agency
TT-2024-01-002569,toctoc,Santiago,Metropolitana,815000.0,CLP,64.4,2023-12-10 00:00:00.000000,2024-01-15 00:00:00.000000,departamento,arriendo,agency
TT-2024-01-001003,toctoc,Cerrillos,Metropolitana,370000.0,CLP,26.5,2023-12-15 00:00:00.000000,2024-01-01 00:00:00.000000,Departamento,ARRIENDO,agency
TT-2024-01-004687,toctoc,Quilicura,Metropolitana,455000.0,CLP,49.5,2024-01-24 00:00:00.000000,2024-01-29 00:00:00.000000,DEPARTAMENTO,arriendo,agency
TT-2024-01-001440,toctoc,Macul,Metropolitana,17.43,UF,56.6,2023-12-01 00:00:00.000000,2024-01-08 00:00:00.000000,DEPARTAMENTO,arriendo,owner_direct
TT-2024-01-000915,toctoc,Estación Central,Metropolitana,12.16,UF,48.3,2023-11-03 00:00:00.000000,2024-01-01 00:00:00.000000,DEPARTAMENTO,ARRIENDO,owner_direct
TT-2024-01-000345,toctoc,Estación Central,Metropolitana,17.57,UF,68.5,2023-12-08 00:00:00.000000,2024-01-01 00:00:00.000000,departamento,ARRIENDO,agency
TT-2024-01-002486,toctoc,Providencia,Metropolitana,27.84,UF,53.8,2023-12-18 00:00:00.000000,2024-01-15 00:00:00.000000,departamento,arriendo,owner_direct
TT-2024-01-001377,toctoc,Estación Central,Metropolitana,460000.0,CLP,41.6,2023-12-28 00:00:00.000000,2024-01-08 00:00:00.000000,DEPARTAMENTO,Arriendo,agency
TT-2024-01-002797,toctoc,Las Condes,Metropolitana,21.89,UF,41.3,2024-01-06 00:00:00.000000,2024-01-15 00:00:00.000000,departamento,ARRIENDO,owner_direct
TT-2024-01-004796,toctoc,Santiago,Metropolitana,12.97,UF,33.8,2024-01-13 00:00:00.000000,2024-01-29 00:00:00.000000,DEPARTAMENTO,arriendo,agency
TT-2024-01-003981,toctoc,Ñuñoa,Metropolitana,19.32,UF,48.1,2023-11-27 00:00:00.000000,2024-01-22 00:00:00.000000,Departamento,Arriendo,owner_direct
TT-2024-01-002107,toctoc,Vitacura,Metropolitana,920000.0,CLP,32.9,2023-12-07 00:00:00.000000,2024-01-08 00:00:00.000000,departamento,ARRIENDO,agency
TT-2024-01-002414,toctoc,Recoleta,Metropolitana,149.32,UF,37.8,2024-01-04 00:00:00.000000,2024-01-15 00:00:00.000000,DEPARTAMENTO,Arriendo,owner_direct
TT-2024-01-003205,toctoc,San Joaquín,Metropolitana,535000.0,CLP,69.1,2024-01-08 00:00:00.000000,2024-01-15 00:00:00.000000,Departamento,ARRIENDO,agency
TT-2024-01-003095,toctoc,Santiago,Metropolitana,14.46,UF,44.5,2023-12-29 00:00:00.000000,2024-01-15 00:00:00.000000,DEPARTAMENTO,arriendo,owner_direct
TT-2024-01-003589,toctoc,Cerrillos,Metropolitana,12.03,UF,48.0,2024-01-09 00:00:00.000000,2024-01-22 00:00:00.000000,DEPARTAMENTO,Arriendo,agency
TT-2024-01-003443,toctoc,Estación Central,Metropolitana,420000.0,CLP,39.6,2023-10-27 00:00:00.000000,2024-01-22 00:00:00.000000,departamento,arriendo,agency
TT-2024-01-005198,toctoc,Huechuraba,Metropolitana,12.84,UF,30.1,2024-01-01 00:00:00.000000,2024-01-29 00:00:00.000000,DEPARTAMENTO,ARRIENDO,owner_direct
TT-2024-01-005033,toctoc,Recoleta,Metropolitana,15.68,UF,54.0,2024-01-02 00:00:00.000000,2024-01-29 00:00:00.000000,DEPARTAMENTO,arriendo,owner_direct
TT-2024-01-004282,toctoc,La Cisterna,Metropolitana,11.08,UF,23.3,2023-12-12 00:00:00.000000,2024-01-22 00:00:00.000000,departamento,Arriendo,owner_direct
TT-2024-01-000219,toctoc,Santiago,Metropolitana,13.24,UF,39.7,2023-12-20 00:00:00.000000,2024-01-01 00:00:00.000000,Departamento,ARRIENDO,agency
TT-2024-01-000637,toctoc,Conchalí,Metropolitana,10.68,UF,41.5,2023-10-31 00:00:00.000000,2024-01-01 00:00:00.000000,departamento,Arriendo,owner_direct
TT-2024-01-002271,toctoc,Santiago,Metropolitana,14.05,UF,40.9,2023-09-04 00:00:00.000000,2024-01-08 00:00:00.000000,DEPARTAMENTO,Arriendo,agency
TT-2024-01-001595,toctoc,Santiago,Metropolitana,510000.0,CLP,35.1,2023-12-30 00:00:00.000000,2024-01-08 00:00:00.000000,Departamento,arriendo,owner_direct
TT-2024-01-001849,toctoc,Las Condes,Metropolitana,38.38,UF,70.4,2023-12-25 00:00:00.000000,2024-01-08 00:00:00.000000,departamento,arriendo,owner_direct
TT-2024-01-005032,toctoc,Ñuñoa,Metropolitana,540000.0,CLP,41.0,2024-01-14 00:00:00.000000,2024-01-29 00:00:00.000000,departamento,arriendo,agency
TT-2024-01-004403,toctoc,Estación Central,Metropolitana,13.38,UF,52.0,2023-12-24 00:00:00.000000,2024-01-29 00:00:00.000000,DEPARTAMENTO,Arriendo,
TT-2024-01-002283,toctoc,Quilicura,Metropolitana,6160000.0,CLP,999.0,2024-01-02 00:00:00.000000,2024-01-08 00:00:00.000000,Departamento,Arriendo,owner_direct
TT-2024-01-005343,toctoc,Ñuñoa,Metropolitana,1020000.0,CLP,83.7,2024-01-26 00:00:00.000000,2024-01-29 00:00:00.000000,departamento,Arriendo,agency
TT-2024-01-002292,toctoc,Recoleta,Metropolitana,11.49,UF,35.7,2023-12-01 00:00:00.000000,2024-01-08 00:00:00.000000,departamento,ARRIENDO,agency
TT-2024-01-004488,toctoc,Providencia,Metropolitana,24.32,UF,49.0,2024-01-03 00:00:00.000000,2024-01-29 00:00:00.000000,departamento,Arriendo,owner_direct
TT-2024-01-000996,toctoc,San Miguel,Metropolitana,585000.0,CLP,51.4,2023-09-12 00:00:00.000000,2024-01-01 00:00:00.000000,departamento,arriendo,owner_direct
TT-2024-01-000602,toctoc,Ñuñoa,Metropolitana,19.86,UF,45.6,2023-12-16 00:00:00.000000,2024-01-01 00:00:00.000000,departamento,arriendo,owner_direct
TT-2024-01-004396,toctoc,Las Condes,Metropolitana,26.08,UF,41.4,2024-01-21 00:00:00.000000,2024-01-29 00:00:00.000000,departamento,ARRIENDO,owner_direct
TT-2024-01-002012,toctoc,Maipú,Metropolitana,15.27,UF,82.2,2023-12-18 00:00:00.000000,2024-01-08 00:00:00.000000,departamento,arriendo,agency
TT-2024-01-003428,toctoc,Huechuraba,Metropolitana,18.38,UF,57.9,2024-01-05 00:00:00.000000,2024-01-22 00:00:00.000000,departamento,arriendo,owner_direct
TT-2024-01-003379,toctoc,Pudahuel,Metropolitana,12.84,UF,44.1,2023-12-14 00:00:00.000000,2024-01-22 00:00:00.000000,Departamento,Arriendo,agency
TT-2024-01-002981,toctoc,Las Condes,Metropolitana,37.84,UF,75.9,2023-12-10 00:00:00.000000,2024-01-15 00:00:00.000000,Departamento,Arriendo,owner_direct
TT-2024-01-000454,toctoc,Ñuñoa,Metropolitana,16.62,UF,42.1,2023-12-12 00:00:00.000000,2024-01-01 00:00:00.000000,DEPARTAMENTO,ARRIENDO,agency
TT-2024-01-004134,toctoc,Huechuraba,Metropolitana,14.59,UF,29.6,2024-01-11 00:00:00.000000,2024-01-22 00:00:00.000000,DEPARTAMENTO,arriendo,owner_direct
TT-2024-01-003115,toctoc,Quilicura,Metropolitana,13.24,UF,47.5,2024-01-08 00:00:00.000000,2024-01-15 00:00:00.000000,departamento,ARRIENDO,agency
TT-2024-01-000734,toctoc,Ñuñoa,Metropolitana,1860000.0,CLP,43.8,2023-12-11 00:00:00.000000,2024-01-01 00:00:00.000000,Departamento,ARRIENDO,agency
TT-2024-01-002898,toctoc,Maipú,Metropolitana,12.16,UF,34.1,2023-12-13 00:00:00.000000,2024-01-15 00:00:00.000000,departamento,ARRIENDO,agency
TT-2024-01-002883,toctoc,Santiago,Metropolitana,11.49,UF,32.8,2023-08-02 00:00:00.000000,2024-01-15 00:00:00.000000,departamento,Arriendo,owner_direct
TT-2024-01-004313,toctoc,Macul,Metropolitana,16.08,UF,40.8,2024-01-08 00:00:00.000000,2024-01-22 00:00:00.000000,DEPARTAMENTO,ARRIENDO,owner_direct
TT-2024-01-001627,toctoc,San Miguel,Metropolitana,20.54,UF,79.4,2023-12-12 00:00:00.000000,2024-01-08 00:00:00.000000,DEPARTAMENTO,ARRIENDO,owner_direct
TT-2024-01-003369,toctoc,Estación Central,Metropolitana,395000.0,CLP,34.4,2024-01-01 00:00:00.000000,2024-01-22 00:00:00.000000,DEPARTAMENTO,Arriendo,agency
TT-2024-01-001774,toctoc,Recoleta,Metropolitana,19.32,UF,81.0,2023-12-06 00:00:00.000000,2024-01-08 00:00:00.000000,Departamento,Arriendo,agency
TT-2024-01-000218,toctoc,Pudahuel,Metropolitana,11.22,UF,35.2,2023-07-27 00:00:00.000000,2024-01-01 00:00:00.000000,Departamento,Arriendo,agency
TT-2024-01-003217,toctoc,Maipú,Metropolitana,480000.0,CLP,51.3,2023-12-15 00:00:00.000000,2024-01-15 00:00:00.000000,DEPARTAMENTO,Arriendo,agency
TT-2024-01-004417,toctoc,Quinta Normal,Metropolitana,340000.0,CLP,26.9,2024-01-23 00:00:00.000000,2024-01-29 00:00:00.000000,DEPARTAMENTO,Arriendo,agency
TT-2024-01-001726,toctoc,La Florida,Metropolitana,460000.0,CLP,47.8,2023-12-26 00:00:00.000000,2024-01-08 00:00:00.000000,DEPARTAMENTO,Arriendo,agency
TT-2024-01-001021,toctoc,Cerrillos,Metropolitana,645000.0,CLP,48.7,2023-08-21 00:00:00.000000,2024-01-01 00:00:00.000000,DEPARTAMENTO,Arriendo,owner_direct
TT-2024-01-004463,toctoc,Quinta Normal,Metropolitana,450000.0,CLP,56.3,2023-12-25 00:00:00.000000,2024-01-29 00:00:00.000000,DEPARTAMENTO,Arriendo,agency
TT-2024-01-003817,toctoc,Estación Central,Metropolitana,390000.0,CLP,31.0,2024-01-15 00:00:00.000000,2024-01-22 00:00:00.000000,departamento,ARRIENDO,
TT-2024-01-004920,toctoc,Santiago,Metropolitana,13.65,UF,34.2,2023-12-13 00:00:00.000000,2024-01-29 00:00:00.000000,Departamento,arriendo,owner_direct
TT-2024-01-002695,toctoc,Renca,Metropolitana,460000.0,CLP,53.9,2023-12-09 00:00:00.000000,2024-01-15 00:00:00.000000,departamento,Arriendo,agency
TT-2024-01-001457,toctoc,Maipú,Metropolitana,13.38,UF,45.8,2023-11-28 00:00:00.000000,2024-01-08 00:00:00.000000,departamento,arriendo,agency
TT-2024-01-000117,toctoc,La Florida,Metropolitana,12.3,UF,44.3,2023-12-14 00:00:00.000000,2024-01-01 00:00:00.000000,DEPARTAMENTO,ARRIENDO,agency
TT-2024-01-005239,toctoc,MAIPÚ,Metropolitana,10.95,UF,37.2,2024-01-15 00:00:00.000000,2024-01-29 00:00:00.000000,departamento,arriendo,agency
TT-2024-01-002060,toctoc,San Miguel,Metropolitana,13.24,UF,31.4,2023-12-15 00:00:00.000000,2024-01-08 00:00:00.000000,DEPARTAMENTO,Arriendo,agency
TT-2024-01-003129,toctoc,Macul,Metropolitana,14.19,UF,42.0,2024-01-02 00:00:00.000000,2024-01-15 00:00:00.000000,Departamento,Arriendo,agency
TT-2024-01-004309,toctoc,La Reina,Metropolitana,33.24,UF,90.0,2023-12-11 00:00:00.000000,2024-01-22 00:00:00.000000,departamento,ARRIENDO,
TT-2024-01-002798,toctoc,Quilicura,Metropolitana,12.84,UF,55.5,2024-01-07 00:00:00.000000,2024-01-15 00:00:00.000000,Departamento,ARRIENDO,agency
TT-2024-01-004609,toctoc,La Florida,Metropolitana,570000.0,CLP,59.0,2024-01-15 00:00:00.000000,2024-01-29 00:00:00.000000,DEPARTAMENTO,arriendo,agency
TT-2024-01-002713,toctoc,San Joaquín,Metropolitana,16.08,UF,57.9,2023-12-08 00:00:00.000000,2024-01-15 00:00:00.000000,DEPARTAMENTO,Arriendo,agency
TT-2024-01-000016,toctoc,Ñuñoa,Metropolitana,17.03,UF,35.7,2023-12-27 00:00:00.000000,2024-01-01 00:00:00.000000,DEPARTAMENTO,arriendo,agency
TT-2024-01-002037,toctoc,Independencia,Metropolitana,640000.0,CLP,65.4,2024-01-03 00:00:00.000000,2024-01-08 00:00:00.000000,DEPARTAMENTO,arriendo,agency
TT-2024-01-005278,toctoc,Cerrillos,Metropolitana,15.0,UF,67.1,2024-01-22 00:00:00.000000,2024-01-29 00:00:00.000000,DEPARTAMENTO,Arriendo,owner_direct
TT-2024-01-001059,toctoc,Macul,Metropolitana,495000.0,CLP,44.8,2023-12-02 00:00:00.000000,2024-01-01 00:00:00.000000,DEPARTAMENTO,ARRIENDO,owner_direct
TT-2024-01-004652,toctoc,Cerrillos,Metropolitana,12.3,UF,37.4,2024-01-25 00:00:00.000000,2024-01-29 00:00:00.000000,Departamento,arriendo,owner_direct
TT-2024-01-004186,toctoc,Conchalí,Metropolitana,14.32,UF,69.0,2024-01-14 00:00:00.000000,2024-01-22 00:00:00.000000,DEPARTAMENTO,ARRIENDO,agency
TT-2024-01-002853,toctoc,Quinta Normal,Metropolitana,19.86,UF,93.6,2023-12-14 00:00:00.000000,2024-01-15 00:00:00.000000,departamento,Arriendo,agency
TT-2024-01-004627,toctoc,Las Condes,Metropolitana,995000.0,CLP,57.0,2024-01-04 00:00:00.000000,2024-01-29 00:00:00.000000,DEPARTAMENTO,Arriendo,owner_direct
TT-2024-01-005482,toctoc,PEÑALOLÉN,Metropolitana,520000.0,CLP,59.2,2023-12-04 00:00:00.000000,2024-01-29 00:00:00.000000,Departamento,arriendo,agency
TT-2024-01-002369,toctoc,Santiago,Metropolitana,415000.0,CLP,43.3,2024-01-01 00:00:00.000000,2024-01-15 00:00:00.000000,Departamento,arriendo,agency
TT-2024-01-000993,toctoc,Macul,Metropolitana,14.32,UF,39.7,2023-12-21 00:00:00.000000,2024-01-01 00:00:00.000000,DEPARTAMENTO,ARRIENDO,agency
TT-2024-01-001386,toctoc,Santiago,Metropolitana,27.84,UF,105.3,2023-12-21 00:00:00.000000,2024-01-08 00:00:00.000000,DEPARTAMENTO,Arriendo,agency
TT-2024-01-002248,toctoc,La Florida,Metropolitana,1000000.0,CLP,134.4,2023-11-18 00:00:00.000000,2024-01-08 00:00:00.000000,departamento,ARRIENDO,agency
TT-2024-01-000439,toctoc,La Reina,Metropolitana,35.81,UF,145.7,2023-12-10 00:00:00.000000,2024-01-01 00:00:00.000000,DEPARTAMENTO,ARRIENDO,agency
TT-2024-01-001699,toctoc,Santiago,Metropolitana,510000.0,CLP,45.7,2024-01-05 00:00:00.000000,2024-01-08 00:00:00.000000,departamento,arriendo,agency
TT-2024-01-004452,toctoc,Huechuraba,Metropolitana,560000.0,CLP,50.7,2024-01-10 00:00:00.000000,2024-01-29 00:00:00.000000,Departamento,ARRIENDO,agency
TT-2024-01-001946,toctoc,Huechuraba,Metropolitana,15.14,UF,43.1,2024-01-04 00:00:00.000000,2024-01-08 00:00:00.000000,departamento,arriendo,agency
TT-2024-01-004084,toctoc,Maipú,Metropolitana,525000.0,CLP,49.7,2023-12-17 00:00:00.000000,2024-01-22 00:00:00.000000,DEPARTAMENTO,arriendo,agency
TT-2024-01-000625,toctoc,La Florida,Metropolitana,505000.0,CLP,55.1,2023-12-08 00:00:00.000000,2024-01-01 00:00:00.000000,Departamento,arriendo,agency
TT-2024-01-004013,toctoc,Pudahuel,Metropolitana,10.95,UF,43.5,2023-12-01 00:00:00.000000,2024-01-22 00:00:00.000000,departamento,Arriendo,agency
TT-2024-01-001644,toctoc,Santiago,Metropolitana,12.97,UF,41.7,2023-06-29 00:00:00.000000,2024-01-08 00:00:00.000000,Departamento,ARRIENDO,owner_direct
TT-2024-01-004578,toctoc,Peñalolén,Metropolitana,710000.0,CLP,73.8,2024-01-01 00:00:00.000000,2024-01-29 00:00:00.000000,DEPARTAMENTO,ARRIENDO,agency
TT-2024-01-001165,toctoc,Huechuraba,Metropolitana,16.89,UF,68.8,2023-12-19 00:00:00.000000,2024-01-01 00:00:00.000000,DEPARTAMENTO,arriendo,owner_direct
TT-2024-01-004509,toctoc,San Miguel,Metropolitana,17.43,UF,51.0,2024-01-25 00:00:00.000000,2024-01-29 00:00:00.000000,Departamento,ARRIENDO,owner_direct
TT-2024-01-001301,toctoc,San Miguel,Metropolitana,11.08,UF,24.1,2023-12-28 00:00:00.000000,2024-01-08 00:00:00.000000,Departamento,arriendo,agency
TT-2024-01-004374,toctoc,Santiago,Metropolitana,460000.0,CLP,24.6,2023-11-30 00:00:00.000000,2024-01-29 00:00:00.000000,departamento,arriendo,agency
TT-2024-01-001996,toctoc,Independencia,Metropolitana,475000.0,CLP,21.3,2023-06-18 00:00:00.000000,2024-01-08 00:00:00.000000,DEPARTAMENTO,arriendo,agency
TT-2024-01-003697,toctoc,Santiago,Metropolitana,18.11,UF,52.6,2024-01-10 00:00:00.000000,2024-01-22 00:00:00.000000,Departamento,ARRIENDO,owner_direct
TT-2024-01-001370,toctoc,Cerrillos,Metropolitana,11.76,UF,41.8,2023-12-19 00:00:00.000000,2024-01-08 00:00:00.000000,Departamento,Arriendo,agency
TT-2024-01-002266,toctoc,Huechuraba,Metropolitana,485000.0,CLP,50.4,2023-12-29 00:00:00.000000,2024-01-08 00:00:00.000000,departamento,ARRIENDO,owner_direct
TT-2024-01-002961,toctoc,San Miguel,Metropolitana,17.3,UF,75.1,2023-11-27 00:00:00.000000,2024-01-15 00:00:00.000000,DEPARTAMENTO,ARRIENDO,agency
TT-2024-01-002671,toctoc,Lo Barnechea,Metropolitana,25.81,UF,59.6,2024-01-12 00:00:00.000000,2024-01-15 00:00:00.000000,departamento,ARRIENDO,owner_direct
TT-2024-01-002577,toctoc,Providencia,Metropolitana,1085000.0,CLP,47.9,2024-01-04 00:00:00.000000,2024-01-15 00:00:00.000000,DEPARTAMENTO,arriendo,owner_direct
TT-2024-01-000644,toctoc,Recoleta,Metropolitana,8.92,UF,24.6,2023-11-19 00:00:00.000000,2024-01-01 00:00:00.000000,Departamento,Arriendo,agency
TT-2024-01-000039,toctoc,Las Condes,Metropolitana,24.73,UF,38.4,2023-12-16 00:00:00.000000,2024-01-01 00:00:00.000000,departamento,arriendo,owner_direct
TT-2024-01-001160,toctoc,Maipú,Metropolitana,12.7,UF,45.3,2023-12-03 00:00:00.000000,2024-01-01 00:00:00.000000,DEPARTAMENTO,arriendo,agency
TT-2024-01-001735,toctoc,Providencia,Metropolitana,1655000.0,CLP,112.5,2024-01-05 00:00:00.000000,2024-01-08 00:00:00.000000,DEPARTAMENTO,Arriendo,agency
TT-2024-01-002721,toctoc,Independencia,Metropolitana,735000.0,CLP,96.6,2024-01-01 00:00:00.000000,2024-01-15 00:00:00.000000,Departamento,Arriendo,agency
TT-2024-01-005088,toctoc,Quilicura,Metropolitana,560000.0,CLP,60.2,2024-01-18 00:00:00.000000,2024-01-29 00:00:00.000000,DEPARTAMENTO,arriendo,agency
TT-2024-01-000518,toctoc,Independencia,Metropolitana,395000.0,CLP,26.5,2023-12-18 00:00:00.000000,2024-01-01 00:00:00.000000,DEPARTAMENTO,arriendo,agency
TT-2024-01-000032,toctoc,Santiago,Metropolitana,430000.0,CLP,28.4,2023-12-07 00:00:00.000000,2024-01-01 00:00:00.000000,departamento,arriendo,agency
TT-2024-01-002127,toctoc,Estación Central,Metropolitana,375000.0,CLP,26.5,2023-12-31 00:00:00.000000,2024-01-08 00:00:00.000000,Departamento,arriendo,agency
TT-2024-01-002133,toctoc,La Florida,Metropolitana,20.68,UF,75.9,2023-12-01 00:00:00.000000,2024-01-08 00:00:00.000000,Departamento,arriendo,agency
TT-2024-01-003707,toctoc,Santiago,Metropolitana,490000.0,CLP,47.0,2024-01-05 00:00:00.000000,2024-01-22 00:00:00.000000,DEPARTAMENTO,arriendo,owner_direct
TT-2024-01-003945,toctoc,MAIPÚ,Metropolitana,500000.0,CLP,55.1,2023-11-26 00:00:00.000000,2024-01-22 00:00:00.000000,departamento,Arriendo,owner_direct
TT-2024-01-005084,toctoc,San Miguel,Metropolitana,885000.0,CLP,99.8,2024-01-24 00:00:00.000000,2024-01-29 00:00:00.000000,Departamento,arriendo,owner_direct
TT-2024-01-004753,toctoc,Ñuñoa,Metropolitana,20.14,UF,57.6,2023-12-20 00:00:00.000000,2024-01-29 00:00:00.000000,Departamento,arriendo,agency
TT-2024-01-000203,toctoc,Providencia,Metropolitana,860000.0,CLP,40.0,2023-12-30 00:00:00.000000,2024-01-01 00:00:00.000000,departamento,ARRIENDO,agency
TT-2024-01-003509,toctoc,San Miguel,Metropolitana,1065000.0,CLP,118.9,2024-01-02 00:00:00.000000,2024-01-22 00:00:00.000000,DEPARTAMENTO,arriendo,agency
TT-2024-01-004611,toctoc,Quilicura,Metropolitana,400000.0,CLP,47.8,2023-12-23 00:00:00.000000,2024-01-29 00:00:00.000000,departamento,ARRIENDO,agency
TT-2024-01-002522,toctoc,Huechuraba,Metropolitana,16.62,UF,44.3,2023-08-05 00:00:00.000000,2024-01-15 00:00:00.000000,Departamento,Arriendo,agency
TT-2024-01-000890,toctoc,Renca,Metropolitana,87.03,UF,25.9,2023-12-28 00:00:00.000000,2024-01-01 00:00:00.000000,departamento,ARRIENDO,
TT-2024-01-004176,toctoc,Las Condes,Metropolitana,720000.0,CLP,26.3,2024-01-02 00:00:00.000000,2024-01-22 00:00:00.000000,DEPARTAMENTO,arriendo,agency
TT-2024-01-003607,toctoc,Maipú,Metropolitana,525000.0,CLP,57.2,2024-01-10 00:00:00.000000,2024-01-22 00:00:00.000000,departamento,ARRIENDO,agency
TT-2024-01-005385,toctoc,Peñalolén,Metropolitana,12.16,UF,37.4,2024-01-12 00:00:00.000000,2024-01-29 00:00:00.000000,DEPARTAMENTO,ARRIENDO,owner_direct
TT-2024-01-002333,toctoc,Lo Barnechea,Metropolitana,1165000.0,CLP,78.9,2023-12-14 00:00:00.000000,2024-01-08 00:00:00.000000,departamento,ARRIENDO,owner_direct
TT-2024-01-003360,toctoc,Macul,Metropolitana,12.3,UF,44.9,2023-12-21 00:00:00.000000,2024-01-22 00:00:00.000000,Departamento,Arriendo,agency
TT-2024-01-004625,toctoc,San Joaquín,Metropolitana,19.86,UF,96.2,2023-12-29 00:00:00.000000,2024-01-29 00:00:00.000000,Departamento,ARRIENDO,agency
TT-2024-01-001723,toctoc,Estación Central,Metropolitana,9.32,UF,24.6,2023-12-23 00:00:00.000000,2024-01-08 00:00:00.000000,departamento,ARRIENDO,agency
TT-2024-01-003303,toctoc,Santiago,Metropolitana,12.03,UF,28.6,2023-12-28 00:00:00.000000,2024-01-22 00:00:00.000000,departamento,ARRIENDO,agency
TT-2024-01-003491,toctoc,Las Condes,Metropolitana,715000.0,CLP,32.5,2024-01-20 00:00:00.000000,2024-01-22 00:00:00.000000,departamento,Arriendo,agency
TT-2024-01-001119,toctoc,San Miguel,Metropolitana,13.11,UF,41.5,2023-12-21 00:00:00.000000,2024-01-01 00:00:00.000000,DEPARTAMENTO,Arriendo,agency
TT-2024-01-005101,toctoc,Santiago,Metropolitana,20.41,UF,61.0,2024-01-05 00:00:00.000000,2024-01-29 00:00:00.000000,DEPARTAMENTO,arriendo,agency
TT-2024-01-000766,toctoc,Renca,Metropolitana,500000.0,CLP,59.2,2023-12-10 00:00:00.000000,2024-01-01 00:00:00.000000,Departamento,Arriendo,owner_direct
TT-2024-01-001381,toctoc,Estación Central,Metropolitana,10.0,UF,32.0,2023-12-23 00:00:00.000000,2024-01-08 00:00:00.000000,DEPARTAMENTO,ARRIENDO,agency
TT-2024-01-002924,toctoc,Independencia,Metropolitana,11.08,UF,29.5,2023-12-08 00:00:00.000000,2024-01-15 00:00:00.000000,Departamento,arriendo,owner_direct
TT-2024-01-003569,toctoc,Recoleta,Metropolitana,615000.0,CLP,51.7,2023-12-26 00:00:00.000000,2024-01-22 00:00:00.000000,departamento,Arriendo,agency
TT-2024-01-004675,toctoc,Macul,Metropolitana,11.49,UF,34.0,2023-12-29 00:00:00.000000,2024-01-29 00:00:00.000000,DEPARTAMENTO,Arriendo,agency
TT-2024-01-001941,toctoc,Estación Central,Metropolitana,12.84,UF,52.1,2024-01-04 00:00:00.000000,2024-01-08 00:00:00.000000,departamento,arriendo,owner_direct
TT-2024-01-001413,toctoc,Las Condes,Metropolitana,1140000.0,CLP,62.7,2023-12-10 00:00:00.000000,2024-01-08 00:00:00.000000,DEPARTAMENTO,Arriendo,owner_direct
TT-2024-01-004770,toctoc,San Joaquín,Metropolitana,15.41,UF,58.7,2024-01-12 00:00:00.000000,2024-01-29 00:00:00.000000,Departamento,ARRIENDO,owner_direct
TT-2024-01-002803,toctoc,Las Condes,Metropolitana,23.92,UF,34.2,2023-12-25 00:00:00.000000,2024-01-15 00:00:00.000000,Departamento,ARRIENDO,owner_direct
TT-2024-01-002791,toctoc,La Florida,Metropolitana,430000.0,CLP,33.8,2023-12-24 00:00:00.000000,2024-01-15 00:00:00.000000,DEPARTAMENTO,arriendo,agency
TT-2024-01-003062,toctoc,La Reina,Metropolitana,805000.0,CLP,69.8,2023-12-17 00:00:00.000000,2024-01-15 00:00:00.000000,Departamento,arriendo,agency
TT-2024-01-004856,toctoc,Independencia,Metropolitana,18.92,UF,82.1,2024-01-03 00:00:00.000000,2024-01-29 00:00:00.000000,departamento,ARRIENDO,owner_direct
TT-2024-01-002278,toctoc,Quilicura,Metropolitana,148.78,UF,999.0,2023-12-11 00:00:00.000000,2024-01-08 00:00:00.000000,DEPARTAMENTO,Arriendo,agency
TT-2024-01-001519,toctoc,Estación Central,Metropolitana,11.62,UF,40.1,2023-12-23 00:00:00.000000,2024-01-08 00:00:00.000000,departamento,Arriendo,
TT-2024-01-001017,toctoc,Macul,Metropolitana,680000.0,CLP,46.9,2023-12-15 00:00:00.000000,2024-01-01 00:00:00.000000,departamento,Arriendo,owner_direct
TT-2024-01-001553,toctoc,La Florida,Metropolitana,480000.0,CLP,42.7,2023-12-12 00:00:00.000000,2024-01-08 00:00:00.000000,departamento,arriendo,agency
TT-2024-01-003821,toctoc,Ñuñoa,Metropolitana,6520000.0,CLP,46.8,2024-01-05 00:00:00.000000,2024-01-22 00:00:00.000000,Departamento,arriendo,agency
TT-2024-01-004264,toctoc,La Reina,Metropolitana,40.68,UF,129.0,2023-12-28 00:00:00.000000,2024-01-22 00:00:00.000000,departamento,arriendo,owner_direct
TT-2024-01-005344,toctoc,Independencia ,Metropolitana,440000.0,CLP,41.9,2023-10-28 00:00:00.000000,2024-01-29 00:00:00.000000,departamento,Arriendo,owner_direct
TT-2024-01-003170,toctoc,Maipú ,Metropolitana,375000.0,CLP,32.1,2023-12-25 00:00:00.000000,2024-01-15 00:00:00.000000,Departamento,ARRIENDO,agency
TT-2024-01-003373,toctoc,Ñuñoa,Metropolitana,19.05,UF,39.4,2024-01-13 00:00:00.000000,2024-01-22 00:00:00.000000,DEPARTAMENTO,arriendo,
TT-2024-01-002849,toctoc,Huechuraba,Metropolitana,520000.0,CLP,39.9,2023-12-21 00:00:00.000000,2024-01-15 00:00:00.000000,Departamento,arriendo,owner_direct
TT-2024-01-000675,toctoc,Macul,Metropolitana,595000.0,CLP,70.1,2023-12-23 00:00:00.000000,2024-01-01 00:00:00.000000,departamento,ARRIENDO,agency
TT-2024-01-003626,toctoc,Estación Central,Metropolitana,590000.0,CLP,70.5,2023-12-01 00:00:00.000000,2024-01-22 00:00:00.000000,departamento,ARRIENDO,agency
TT-2024-01-002902,toctoc,Estación Central,Metropolitana,9.32,UF,29.5,2023-12-08 00:00:00.000000,2024-01-15 00:00:00.000000,Departamento,ARRIENDO,owner_direct
TT-2024-01-004999,toctoc,Providencia,Metropolitana,19.86,UF,45.7,2024-01-09 00:00:00.000000,2024-01-29 00:00:00.000000,departamento,Arriendo,agency
TT-2024-01-004701,toctoc,Recoleta,Metropolitana,13.38,UF,46.3,2023-12-19 00:00:00.000000,2024-01-29 00:00:00.000000,DEPARTAMENTO,Arriendo,agency
TT-2024-01-001147,toctoc,Peñalolén,Metropolitana,560000.0,CLP,45.5,2023-12-05 00:00:00.000000,2024-01-01 00:00:00.000000,Departamento,Arriendo,agency
TT-2024-01-005170,toctoc,Recoleta,Metropolitana,13.24,UF,44.0,2024-01-14 00:00:00.000000,2024-01-29 00:00:00.000000,DEPARTAMENTO,Arriendo,agency
TT-2024-01-001005,toctoc,Pudahuel,Metropolitana,14.73,UF,49.7,2023-12-30 00:00:00.000000,2024-01-01 00:00:00.000000,DEPARTAMENTO,ARRIENDO,agency
TT-2024-01-004347,toctoc,Santiago,Metropolitana,520000.0,CLP,42.5,2024-01-08 00:00:00.000000,2024-01-22 00:00:00.000000,departamento,arriendo,owner_direct
TT-2024-01-002973,toctoc,Recoleta,Metropolitana,13.65,UF,50.9,2023-12-28 00:00:00.000000,2024-01-15 00:00:00.000000,departamento,arriendo,
TT-2024-01-004278,toctoc,Providencia,Metropolitana,20.0,UF,33.2,2024-01-09 00:00:00.000000,2024-01-22 00:00:00.000000,DEPARTAMENTO,arriendo,agency
TT-2024-01-001289,toctoc,La Reina,Metropolitana,36.62,UF,112.9,2023-12-11 00:00:00.000000,2024-01-08 00:00:00.000000,Departamento,ARRIENDO,owner_direct
TT-2024-01-004722,toctoc,Recoleta,Metropolitana,445000.0,CLP,39.8,2024-01-01 00:00:00.000000,2024-01-29 00:00:00.000000,Departamento,arriendo,agency
TT-2024-01-004518,toctoc,Lo Barnechea,Metropolitana,795000.0,CLP,47.0,2024-01-25 00:00:00.000000,2024-01-29 00:00:00.000000,Departamento,ARRIENDO,owner_direct
TT-2024-01-001158,toctoc,Santiago,Metropolitana,14.73,UF,32.5,2023-11-05 00:00:00.000000,2024-01-01 00:00:00.000000,DEPARTAMENTO,Arriendo,owner_direct
TT-2024-01-003573,toctoc,Peñalolén,Metropolitana,460000.0,CLP,38.6,2024-01-16 00:00:00.000000,2024-01-22 00:00:00.000000,departamento,ARRIENDO,agency
TT-2024-01-002603,toctoc,Ñuñoa,Metropolitana,940000.0,CLP,61.2,2023-12-29 00:00:00.000000,2024-01-15 00:00:00.000000,Departamento,Arriendo,agency
TT-2024-01-000077,toctoc,Puente Alto,Metropolitana,345000.0,CLP,25.7,2023-12-02 00:00:00.000000,2024-01-01 00:00:00.000000,departamento,ARRIENDO,owner_direct
TT-2024-01-001062,toctoc,San Joaquín,Metropolitana,8.24,UF,29.0,2023-08-27 00:00:00.000000,2024-01-01 00:00:00.000000,departamento,Arriendo,owner_direct
TT-2024-01-000760,toctoc,Las Condes,Metropolitana,21.49,UF,29.8,2023-12-31 00:00:00.000000,2024-01-01 00:00:00.000000,departamento,ARRIENDO,owner_direct
TT-2024-01-004253,toctoc,Huechuraba,Metropolitana,560000.0,CLP,45.4,2023-08-19 00:00:00.000000,2024-01-22 00:00:00.000000,Departamento,arriendo,agency
TT-2024-01-003528,toctoc,Ñuñoa,Metropolitana,855000.0,CLP,55.6,2023-12-17 00:00:00.000000,2024-01-22 00:00:00.000000,departamento,arriendo,agency
TT-2024-01-004647,toctoc,Cerrillos,Metropolitana,620000.0,CLP,80.5,2024-01-14 00:00:00.000000,2024-01-29 00:00:00.000000,DEPARTAMENTO,arriendo,agency
TT-2024-01-002782,toctoc,Macul,Metropolitana,665000.0,CLP,64.9,2023-12-29 00:00:00.000000,2024-01-15 00:00:00.000000,Departamento,arriendo,owner_direct
TT-2024-01-004702,toctoc,Huechuraba,Metropolitana,730000.0,CLP,87.6,2024-01-13 00:00:00.000000,2024-01-29 00:00:00.000000,Departamento,ARRIENDO,owner_direct
TT-2024-01-005448,toctoc,Independencia,Metropolitana,560000.0,CLP,61.0,2023-12-27 00:00:00.000000,2024-01-29 00:00:00.000000,Departamento,ARRIENDO,owner_direct
TT-2024-01-004805,toctoc,Santiago,Metropolitana,1085000.0,CLP,99.0,2024-01-01 00:00:00.000000,2024-01-29 00:00:00.000000,Departamento,arriendo,owner_direct
TT-2024-01-002190,toctoc,Vitacura,Metropolitana,975000.0,CLP,37.2,2023-12-02 00:00:00.000000,2024-01-08 00:00:00.000000,DEPARTAMENTO,Arriendo,agency
TT-2024-01-000945,toctoc,Ñuñoa,Metropolitana,680000.0,CLP,41.5,2023-12-23 00:00:00.000000,2024-01-01 00:00:00.000000,DEPARTAMENTO,arriendo,agency
TT-2024-01-005221,toctoc,Recoleta,Metropolitana,14.05,UF,60.5,2024-01-03 00:00:00.000000,2024-01-29 00:00:00.000000,Departamento,arriendo,owner_direct
TT-2024-01-002146,toctoc,La Cisterna,Metropolitana,525000.0,CLP,47.7,2023-09-28 00:00:00.000000,2024-01-08 00:00:00.000000,Departamento,arriendo,owner_direct
TT-2024-01-001476,toctoc,Santiago,Metropolitana,15.0,UF,37.6,2023-12-15 00:00:00.000000,2024-01-08 00:00:00.000000,DEPARTAMENTO,Arriendo,agency
TT-2024-01-002845,toctoc,Las Condes,Metropolitana,1085000.0,CLP,63.7,2024-01-11 00:00:00.000000,2024-01-15 00:00:00.000000,departamento,ARRIENDO,agency
TT-2024-01-004743,toctoc,Santiago,Metropolitana,15.0,UF,46.5,2023-12-23 00:00:00.000000,2024-01-29 00:00:00.000000,Departamento,ARRIENDO,owner_direct
TT-2024-01-004226,toctoc,Lo Barnechea,Metropolitana,33.65,UF,76.0,2024-01-05 00:00:00.000000,2024-01-22 00:00:00.000000,departamento,arriendo,agency
TT-2024-01-000222,toctoc,Las Condes,Metropolitana,27.57,UF,57.8,2023-12-04 00:00:00.000000,2024-01-01 00:00:00.000000,departamento,arriendo,owner_direct
TT-2024-01-001340,toctoc,Lo Barnechea,Metropolitana,630000.0,CLP,38.9,2023-11-25 00:00:00.000000,2024-01-08 00:00:00.000000,Departamento,arriendo,agency
TT-2024-01-002020,toctoc,Puente Alto,Metropolitana,375000.0,CLP,30.3,2023-12-26 00:00:00.000000,2024-01-08 00:00:00.000000,departamento,Arriendo,owner_direct
TT-2024-01-003227,toctoc,La Cisterna,Metropolitana,615000.0,CLP,69.8,2023-11-29 00:00:00.000000,2024-01-15 00:00:00.000000,departamento,Arriendo,owner_direct
TT-2024-01-002471,toctoc,San Miguel,Metropolitana,495000.0,CLP,43.6,2023-12-14 00:00:00.000000,2024-01-15 00:00:00.000000,Departamento,arriendo,owner_direct
TT-2024-01-000382,toctoc,Santiago,Metropolitana,720000.0,CLP,71.3,2023-11-27 00:00:00.000000,2024-01-01 00:00:00.000000,departamento,Arriendo,owner_direct
TT-2024-01-001250,toctoc,Lo Barnechea,Metropolitana,970000.0,CLP,57.4,2023-10-01 00:00:00.000000,2024-01-08 00:00:00.000000,departamento,arriendo,owner_direct
TT-2024-01-003252,toctoc,Cerrillos,Metropolitana,540000.0,CLP,63.9,2023-09-16 00:00:00.000000,2024-01-15 00:00:00.000000,departamento,Arriendo,agency
TT-2024-01-003050,toctoc,San Miguel,Metropolitana,470000.0,CLP,39.2,2023-12-15 00:00:00.000000,2024-01-15 00:00:00.000000,departamento,arriendo,owner_direct
TT-2024-01-002630,toctoc,San Joaquín,Metropolitana,11.35,UF,41.4,2023-12-23 00:00:00.000000,2024-01-15 00:00:00.000000,Departamento,Arriendo,agency
TT-2024-01-004977,toctoc,Macul,Metropolitana,580000.0,CLP,38.9,2023-11-29 00:00:00.000000,2024-01-29 00:00:00.000000,departamento,ARRIENDO,owner_direct
TT-2024-01-001696,toctoc,Pudahuel,Metropolitana,12.16,UF,54.7,2023-12-06 00:00:00.000000,2024-01-08 00:00:00.000000,DEPARTAMENTO,arriendo,agency
TT-2024-01-004671,toctoc,Huechuraba,Metropolitana,16.22,UF,54.8,2024-01-24 00:00:00.000000,2024-01-29 00:00:00.000000,DEPARTAMENTO,ARRIENDO,agency
TT-2024-01-003144,toctoc,La Cisterna,Metropolitana,480000.0,CLP,50.9,2024-01-12 00:00:00.000000,2024-01-15 00:00:00.000000,DEPARTAMENTO,ARRIENDO,agency
TT-2024-01-002484,toctoc,Estación Central,Metropolitana,4945000.0,CLP,44.8,2024-01-03 00:00:00.000000,2024-01-15 00:00:00.000000,departamento,Arriendo,agency
TT-2024-01-002997,toctoc,La Florida,Metropolitana,11.76,UF,20.7,2023-12-03 00:00:00.000000,2024-01-15 00:00:00.000000,Departamento,ARRIENDO,owner_direct
TT-2024-01-000150,toctoc,Cerrillos,Metropolitana,13.38,UF,63.5,2023-12-01 00:00:00.000000,2024-01-01 00:00:00.000000,departamento,arriendo,agency
TT-2024-01-004352,toctoc,Santiago,Metropolitana,33.24,UF,129.0,2024-01-21 00:00:00.000000,2024-01-29 00:00:00.000000,departamento,ARRIENDO,owner_direct
TT-2024-01-002465,toctoc,recoleta,Metropolitana,13.92,UF,48.8,2023-11-27 00:00:00.000000,2024-01-15 00:00:00.000000,departamento,Arriendo,owner_direct
TT-2024-01-003323,toctoc,Providencia,Metropolitana,27.16,UF,81.8,2023-11-14 00:00:00.000000,2024-01-22 00:00:00.000000,departamento,arriendo,owner_direct
TT-2024-01-002444,toctoc,Independencia,Metropolitana,870000.0,CLP,109.8,2023-12-16 00:00:00.000000,2024-01-15 00:00:00.000000,Departamento,Arriendo,agency
TT-2024-01-002223,toctoc,La Florida,Metropolitana,12.3,UF,30.6,2023-12-22 00:00:00.000000,2024-01-08 00:00:00.000000,departamento,ARRIENDO,agency
TT-2024-01-002275,toctoc,San Joaquín,Metropolitana,655000.0,CLP,70.0,2023-12-18 00:00:00.000000,2024-01-08 00:00:00.000000,Departamento,Arriendo,agency
TT-2024-01-004023,toctoc, Las Condes,Metropolitana,41.62,UF,84.8,2024-01-07 00:00:00.000000,2024-01-22 00:00:00.000000,DEPARTAMENTO,arriendo,agency
TT-2024-01-004425,toctoc,RENCA,Metropolitana,11.89,UF,44.0,2024-01-12 00:00:00.000000,2024-01-29 00:00:00.000000,Departamento,Arriendo,owner_direct
TT-2024-01-004094,toctoc,Santiago,Metropolitana,710000.0,CLP,56.5,2023-05-24 00:00:00.000000,2024-01-22 00:00:00.000000,Departamento,Arriendo,agency
TT-2024-01-000702,toctoc,SANTIAGO,Metropolitana,735000.0,CLP,67.8,2023-12-14 00:00:00.000000,2024-01-01 00:00:00.000000,DEPARTAMENTO,Arriendo,agency
TT-2024-01-003381,toctoc,Santiago,Metropolitana,41.49,UF,31.7,2023-12-23 00:00:00.000000,2024-01-22 00:00:00.000000,DEPARTAMENTO,ARRIENDO,agency
TT-2024-01-003430,toctoc,Las Condes,Metropolitana,950000.0,CLP,40.2,2023-12-01 00:00:00.000000,2024-01-22 00:00:00.000000,DEPARTAMENTO,arriendo,owner_direct
TT-2024-01-002268,toctoc,Puente Alto,Metropolitana,12.7,UF,55.2,2023-07-28 00:00:00.000000,2024-01-08 00:00:00.000000,DEPARTAMENTO,ARRIENDO,agency
TT-2024-01-004080,toctoc,Santiago,Metropolitana,19.73,UF,76.3,2023-12-26 00:00:00.000000,2024-01-22 00:00:00.000000,DEPARTAMENTO,arriendo,owner_direct
TT-2024-01-002604,toctoc,San Joaquín,Metropolitana,450000.0,CLP,38.8,2023-12-24 00:00:00.000000,2024-01-15 00:00:00.000000,Departamento,Arriendo,agency
TT-2024-01-003604,toctoc,Santiago,Metropolitana,580000.0,CLP,69.2,2023-09-10 00:00:00.000000,2024-01-22 00:00:00.000000,departamento,arriendo,agency
TT-2024-01-002231,toctoc,Recoleta,Metropolitana,12.03,UF,39.5,2023-12-21 00:00:00.000000,2024-01-08 00:00:00.000000,DEPARTAMENTO,arriendo,owner_direct
TT-2024-01-004695,toctoc,Las Condes,Metropolitana,1305000.0,CLP,83.7,2023-12-17 00:00:00.000000,2024-01-29 00:00:00.000000,Departamento,arriendo,owner_direct
TT-2024-01-004481,toctoc,Ñuñoa,Metropolitana,660000.0,CLP,48.4,2024-01-20 00:00:00.000000,2024-01-29 00:00:00.000000,Departamento,Arriendo,owner_direct
TT-2024-01-001575,toctoc,Macul ,Metropolitana,18.92,UF,62.3,2023-08-17 00:00:00.000000,2024-01-08 00:00:00.000000,Departamento,ARRIENDO,agency
TT-2024-01-003037,toctoc,Recoleta,Metropolitana,17.97,UF,58.7,2023-12-15 00:00:00.000000,2024-01-15 00:00:00.000000,Departamento,arriendo,owner_direct
TT-2024-01-004860,toctoc,Estación Central,Metropolitana,475000.0,CLP,42.8,2024-01-20 00:00:00.000000,2024-01-29 00:00:00.000000,departamento,arriendo,agency
TT-2024-01-003682,toctoc,La Florida,Metropolitana,14.46,UF,44.4,2024-01-17 00:00:00.000000,2024-01-22 00:00:00.000000,DEPARTAMENTO,ARRIENDO,owner_direct
TT-2024-01-000169,toctoc,Huechuraba,Metropolitana,17.16,UF,51.0,2023-12-12 00:00:00.000000,2024-01-01 00:00:00.000000,departamento,arriendo,agency
TT-2024-01-002214,toctoc,Peñalolén,Metropolitana,445000.0,CLP,25.8,2023-08-09 00:00:00.000000,2024-01-08 00:00:00.000000,Departamento,Arriendo,agency
TT-2024-01-005468,toctoc,Conchalí,Metropolitana,325000.0,CLP,31.9,2024-01-11 00:00:00.000000,2024-01-29 00:00:00.000000,DEPARTAMENTO,ARRIENDO,agency
TT-2024-01-003601,toctoc,Recoleta,Metropolitana,375000.0,CLP,28.9,2023-12-10 00:00:00.000000,2024-01-22 00:00:00.000000,Departamento,arriendo,owner_direct
TT-2024-01-003021,toctoc,Estación Central,Metropolitana,545000.0,CLP,55.6,2024-01-07 00:00:00.000000,2024-01-15 00:00:00.000000,DEPARTAMENTO,ARRIENDO,owner_direct
TT-2024-01-000306,toctoc,Estación Central,Metropolitana,640000.0,CLP,82.3,2023-11-28 00:00:00.000000,2024-01-01 00:00:00.000000,departamento,arriendo,agency
TT-2024-01-005077,toctoc,Santiago,Metropolitana,545000.0,CLP,33.1,2024-01-18 00:00:00.000000,2024-01-29 00:00:00.000000,Departamento,ARRIENDO,owner_direct
TT-2024-01-002413,toctoc,Santiago,Metropolitana,440000.0,CLP,45.8,2023-12-13 00:00:00.000000,2024-01-15 00:00:00.000000,departamento,Arriendo,agency
TT-2024-01-001143,toctoc,Santiago,Metropolitana,555000.0,CLP,42.0,2023-12-08 00:00:00.000000,2024-01-01 00:00:00.000000,DEPARTAMENTO,arriendo,owner_direct
TT-2024-01-004848,toctoc,Conchalí,Metropolitana,10.27,UF,35.2,2024-01-05 00:00:00.000000,2024-01-29 00:00:00.000000,DEPARTAMENTO,arriendo,agency
TT-2024-01-003186,toctoc,Quilicura,Metropolitana,11.62,UF,60.5,2024-01-03 00:00:00.000000,2024-01-15 00:00:00.000000,Departamento,Arriendo,agency
TT-2024-01-002571,toctoc,Peñalolén,Metropolitana,13.24,UF,44.9,2023-12-19 00:00:00.000000,2024-01-15 00:00:00.000000,DEPARTAMENTO,Arriendo,agency
TT-2024-01-001548,toctoc, Macul,Metropolitana,660000.0,CLP,69.3,2023-12-28 00:00:00.000000,2024-01-08 00:00:00.000000,DEPARTAMENTO,ARRIENDO,agency
TT-2024-01-000521,toctoc,Santiago,Metropolitana,17.43,UF,55.3,2023-11-22 00:00:00.000000,2024-01-01 00:00:00.000000,departamento,Arriendo,owner_direct
TT-2024-01-002099,toctoc,La Reina,Metropolitana,850000.0,CLP,51.7,2023-10-28 00:00:00.000000,2024-01-08 00:00:00.000000,DEPARTAMENTO,arriendo,owner_direct
TT-2024-01-000762,toctoc,Las Condes,Metropolitana,1755000.0,CLP,30.9,2023-11-29 00:00:00.000000,2024-01-01 00:00:00.000000,Departamento,Arriendo,agency
TT-2024-01-000960,toctoc,La Florida,Metropolitana,15.41,UF,63.7,2023-12-07 00:00:00.000000,2024-01-01 00:00:00.000000,departamento,ARRIENDO,agency
TT-2024-01-003427,toctoc,Cerrillos,Metropolitana,445000.0,CLP,44.5,2023-12-19 00:00:00.000000,2024-01-22 00:00:00.000000,Departamento,arriendo,agency
TT-2024-01-002568,toctoc,Lo Barnechea,Metropolitana,1265000.0,CLP,78.9,2023-10-06 00:00:00.000000,2024-01-15 00:00:00.000000,departamento,Arriendo,agency
TT-2024-01-000067,toctoc,Las Condes,Metropolitana,35.41,UF,75.0,2023-12-07 00:00:00.000000,2024-01-01 00:00:00.000000,departamento,ARRIENDO,agency
TT-2024-01-003401,toctoc,Santiago,Metropolitana,15.0,UF,44.1,2024-01-18 00:00:00.000000,2024-01-22 00:00:00.000000,Departamento,Arriendo,owner_direct
TT-2024-01-000358,toctoc,Estación Central,Metropolitana,10.68,UF,32.9,2023-12-25 00:00:00.000000,2024-01-01 00:00:00.000000,DEPARTAMENTO,ARRIENDO,agency
TT-2024-01-004493,toctoc,Estación Central,Metropolitana,9.46,UF,41.5,2023-12-19 00:00:00.000000,2024-01-29 00:00:00.000000,Departamento,arriendo,agency
TT-2024-01-004305,toctoc,San Joaquín,Metropolitana,13.24,UF,66.5,2023-09-24 00:00:00.000000,2024-01-22 00:00:00.000000,departamento,Arriendo,agency
TT-2024-01-002693,toctoc,La Florida,Metropolitana,400000.0,CLP,33.4,2023-12-15 00:00:00.000000,2024-01-15 00:00:00.000000,Departamento,arriendo,owner_direct
TT-2024-01-002738,toctoc,La Florida,Metropolitana,555000.0,CLP,54.9,2023-12-25 00:00:00.000000,2024-01-15 00:00:00.000000,DEPARTAMENTO,arriendo,owner_direct
TT-2024-01-004383,toctoc,Las Condes,Metropolitana,25.95,UF,42.0,2024-01-25 00:00:00.000000,2024-01-29 00:00:00.000000,Departamento,arriendo,agency
TT-2024-01-005435,toctoc,Independencia,Metropolitana,540000.0,CLP,44.7,2023-12-29 00:00:00.000000,2024-01-29 00:00:00.000000,departamento,ARRIENDO,agency
TT-2024-01-005390,toctoc,Quilicura,Metropolitana,14.59,UF,59.0,2024-01-15 00:00:00.000000,2024-01-29 00:00:00.000000,DEPARTAMENTO,Arriendo,agency
TT-2024-01-004963,toctoc,San Miguel,Metropolitana,560000.0,CLP,43.1,2023-12-16 00:00:00.000000,2024-01-29 00:00:00.000000,DEPARTAMENTO,arriendo,agency
TT-2024-01-003538,toctoc,SAN MIGUEL,Metropolitana,18.92,UF,59.0,2024-01-14 00:00:00.000000,2024-01-22 00:00:00.000000,DEPARTAMENTO,ARRIENDO,owner_direct
TT-2024-01-003412,toctoc,Estación Central,Metropolitana,15.68,UF,55.8,2024-01-10 00:00:00.000000,2024-01-22 00:00:00.000000,DEPARTAMENTO,Arriendo,agency
TT-2024-01-000338,toctoc,Estación Central,Metropolitana,13.65,UF,37.1,2023-12-07 00:00:00.000000,2024-01-01 00:00:00.000000,DEPARTAMENTO,ARRIENDO,owner_direct
TT-2024-01-001720,toctoc,Conchalí,Metropolitana,465000.0,CLP,38.2,2023-12-28 00:00:00.000000,2024-01-08 00:00:00.000000,Departamento,ARRIENDO,owner_direct
TT-2024-01-005350,toctoc,Las Condes,Metropolitana,940000.0,CLP,44.9,2024-01-11 00:00:00.000000,2024-01-29 00:00:00.000000,DEPARTAMENTO,arriendo,agency
TT-2024-01-003844,toctoc,Santiago,Metropolitana,12.16,UF,33.1,2023-12-04 00:00:00.000000,2024-01-22 00:00:00.000000,Departamento,arriendo,owner_direct
TT-2024-01-003599,toctoc,Independencia,Metropolitana,14.46,UF,51.2,2023-12-30 00:00:00.000000,2024-01-22 00:00:00.000000,DEPARTAMENTO,ARRIENDO,agency
TT-2024-01-000106,toctoc,Macul,Metropolitana,17.57,UF,47.6,2023-12-24 00:00:00.000000,2024-01-01 00:00:00.000000,Departamento,Arriendo,owner_direct
TT-2024-01-004391,toctoc,Independencia,Metropolitana,450000.0,CLP,46.3,2023-12-26 00:00:00.000000,2024-01-29 00:00:00.000000,DEPARTAMENTO,arriendo,agency
TT-2024-01-003536,toctoc,SANTIAGO,Metropolitana,560000.0,CLP,42.5,2024-01-04 00:00:00.000000,2024-01-22 00:00:00.000000,Departamento,Arriendo,agency
TT-2024-01-001560,toctoc,La Cisterna,Metropolitana,12.43,UF,34.0,2023-11-29 00:00:00.000000,2024-01-08 00:00:00.000000,DEPARTAMENTO,ARRIENDO,owner_direct
TT-2024-01-001578,toctoc,Ñuñoa,Metropolitana,22.57,UF,65.1,2023-12-30 00:00:00.000000,2024-01-08 00:00:00.000000,Departamento,Arriendo,agency
TT-2024-01-004839,toctoc,Macul,Metropolitana,1005000.0,CLP,127.3,2024-01-04 00:00:00.000000,2024-01-29 00:00:00.000000,departamento,ARRIENDO,owner_direct
TT-2024-01-003980,toctoc,Estación Central,Metropolitana,9.19,UF,26.5,2024-01-13 00:00:00.000000,2024-01-22 00:00:00.000000,departamento,Arriendo,owner_direct
TT-2024-01-001333,toctoc,Ñuñoa,Metropolitana,17.84,UF,43.5,2023-11-15 00:00:00.000000,2024-01-08 00:00:00.000000,DEPARTAMENTO,ARRIENDO,owner_direct
TT-2024-01-004971,toctoc,Peñalolén,Metropolitana,485000.0,CLP,35.6,2023-11-29 00:00:00.000000,2024-01-29 00:00:00.000000,Departamento,arriendo,agency
TT-2024-01-003350,toctoc,Santiago,Metropolitana,16.35,UF,57.6,2024-01-04 00:00:00.000000,2024-01-22 00:00:00.000000,departamento,arriendo,agency
TT-2024-01-002618,toctoc,San Miguel,Metropolitana,19.59,UF,79.2,2023-12-02 00:00:00.000000,2024-01-15 00:00:00.000000,Departamento,arriendo,agency
TT-2024-01-003834,toctoc,San Miguel,Metropolitana,126.89,UF,29.1,2023-12-30 00:00:00.000000,2024-01-22 00:00:00.000000,departamento,arriendo,agency
TT-2024-01-004294,toctoc,San Miguel,Metropolitana,24.73,UF,104.1,2023-12-25 00:00:00.000000,2024-01-22 00:00:00.000000,DEPARTAMENTO,arriendo,owner_direct
TT-2024-01-002918,toctoc,Independencia,Metropolitana,445000.0,CLP,35.1,2024-01-14 00:00:00.000000,2024-01-15 00:00:00.000000,DEPARTAMENTO,ARRIENDO,agency
TT-2024-01-001374,toctoc,Quilicura,Metropolitana,9.32,UF,36.3,2023-12-13 00:00:00.000000,2024-01-08 00:00:00.000000,departamento,arriendo,agency
TT-2024-01-000710,toctoc,Ñuñoa,Metropolitana,17.3,UF,36.7,2023-12-27 00:00:00.000000,2024-01-01 00:00:00.000000,DEPARTAMENTO,ARRIENDO,owner_direct
TT-2024-01-004881,toctoc,Lo Barnechea,Metropolitana,30.14,UF,73.0,2024-01-07 00:00:00.000000,2024-01-29 00:00:00.000000,DEPARTAMENTO,arriendo,owner_direct
TT-2024-01-004603,toctoc,Quilicura,Metropolitana,780000.0,CLP,76.0,2023-12-09 00:00:00.000000,2024-01-29 00:00:00.000000,departamento,Arriendo,agency
TT-2024-01-003055,toctoc,La Reina,Metropolitana,20.54,UF,34.4,2023-12-25 00:00:00.000000,2024-01-15 00:00:00.000000,departamento,arriendo,agency
TT-2024-01-005169,toctoc,Independencia,Metropolitana,12.7,UF,42.2,2024-01-16 00:00:00.000000,2024-01-29 00:00:00.000000,departamento,arriendo,agency
TT-2024-01-000818,toctoc,Providencia,Metropolitana,18.38,UF,32.0,2023-12-26 00:00:00.000000,2024-01-01 00:00:00.000000,DEPARTAMENTO,arriendo,agency
TT-2024-01-000920,toctoc,San Joaquín,Metropolitana,15.14,UF,56.2,2023-12-18 00:00:00.000000,2024-01-01 00:00:00.000000,DEPARTAMENTO,Arriendo,agency
TT-2024-01-002698,toctoc,Estación Central,Metropolitana,500000.0,CLP,40.8,2023-12-30 00:00:00.000000,2024-01-15 00:00:00.000000,DEPARTAMENTO,arriendo,
TT-2024-01-001115,toctoc,Maipú,Metropolitana,5700000.0,CLP,999.0,2023-12-31 00:00:00.000000,2024-01-01 00:00:00.000000,departamento,arriendo,agency
TT-2024-01-003053,toctoc,Maipú,Metropolitana,430000.0,CLP,44.6,2024-01-11 00:00:00.000000,2024-01-15 00:00:00.000000,Departamento,Arriendo,agency
TT-2024-01-005215,toctoc,La Reina,Metropolitana,27.03,UF,66.0,2023-12-05 00:00:00.000000,2024-01-29 00:00:00.000000,departamento,Arriendo,agency
TT-2024-01-002794,toctoc,Huechuraba,Metropolitana,16.76,UF,44.7,2023-11-25 00:00:00.000000,2024-01-15 00:00:00.000000,departamento,arriendo,agency
TT-2024-01-004651,toctoc,Providencia,Metropolitana,1115000.0,CLP,46.8,2024-01-15 00:00:00.000000,2024-01-29 00:00:00.000000,Departamento,Arriendo,agency
TT-2024-01-004100,toctoc,Recoleta,Metropolitana,585000.0,CLP,60.1,2024-01-09 00:00:00.000000,2024-01-22 00:00:00.000000,Departamento,arriendo,agency
TT-2024-01-001608,toctoc,Peñalolén,Metropolitana,13.51,UF,38.6,2023-12-27 00:00:00.000000,2024-01-08 00:00:00.000000,Departamento,arriendo,owner_direct
TT-2024-01-004729,toctoc,Independencia,Metropolitana,430000.0,CLP,46.6,2023-12-11 00:00:00.000000,2024-01-29 00:00:00.000000,Departamento,Arriendo,agency
TT-2024-01-001884,toctoc,Independencia,Metropolitana,405000.0,CLP,35.7,2023-12-31 00:00:00.000000,2024-01-08 00:00:00.000000,DEPARTAMENTO,ARRIENDO,agency
TT-2024-01-003230,toctoc,Ñuñoa,Metropolitana,770000.0,CLP,46.8,2023-12-23 00:00:00.000000,2024-01-15 00:00:00.000000,departamento,arriendo,agency
TT-2024-01-004731,toctoc,Puente Alto,Metropolitana,11.08,UF,43.8,2024-01-22 00:00:00.000000,2024-01-29 00:00:00.000000,Departamento,Arriendo,agency
TT-2024-01-002474,toctoc,Independencia,Metropolitana,635000.0,CLP,53.8,2023-12-29 00:00:00.000000,2024-01-15 00:00:00.000000,departamento,Arriendo,owner_direct
TT-2024-01-002528,toctoc,La Florida,Metropolitana,12.43,UF,49.2,2023-12-09 00:00:00.000000,2024-01-15 00:00:00.000000,Departamento,Arriendo,agency
TT-2024-01-002349,toctoc,La Reina,Metropolitana,25.27,UF,93.4,2023-06-24 00:00:00.000000,2024-01-08 00:00:00.000000,departamento,arriendo,agency
TT-2024-01-001513,toctoc,Santiago,Metropolitana,855000.0,CLP,74.4,2023-12-27 00:00:00.000000,2024-01-08 00:00:00.000000,Departamento,arriendo,owner_direct
TT-2024-01-002338,toctoc,Independencia,Metropolitana,27.16,UF,110.8,2023-05-30 00:00:00.000000,2024-01-08 00:00:00.000000,Departamento,arriendo,owner_direct
TT-2024-01-000392,toctoc,Macul,Metropolitana,540000.0,CLP,39.0,2023-12-15 00:00:00.000000,2024-01-01 00:00:00.000000,DEPARTAMENTO,arriendo,owner_direct
TT-2024-01-005040,toctoc, Ñuñoa,Metropolitana,1005000.0,CLP,65.5,2023-12-31 00:00:00.000000,2024-01-29 00:00:00.000000,Departamento,arriendo,agency
TT-2024-01-002755,toctoc,Lo Barnechea,Metropolitana,29.46,UF,55.1,2024-01-08 00:00:00.000000,2024-01-15 00:00:00.000000,departamento,Arriendo,agency
TT-2024-01-002287,toctoc,Recoleta,Metropolitana,19.86,UF,64.3,2024-01-02 00:00:00.000000,2024-01-08 00:00:00.000000,DEPARTAMENTO,arriendo,agency
TT-2024-01-002994,toctoc,Santiago,Metropolitana,10.0,UF,37.1,2023-12-26 00:00:00.000000,2024-01-15 00:00:00.000000,Departamento,arriendo,agency
TT-2024-01-000102,toctoc,Peñalolén,Metropolitana,465000.0,CLP,29.7,2023-06-02 00:00:00.000000,2024-01-01 00:00:00.000000,DEPARTAMENTO,Arriendo,
TT-2024-01-004170,toctoc,Peñalolén,Metropolitana,380000.0,CLP,23.9,2023-11-20 00:00:00.000000,2024-01-22 00:00:00.000000,departamento,ARRIENDO,agency
TT-2024-01-002685,toctoc,La Cisterna,Metropolitana,470000.0,CLP,26.9,2023-12-22 00:00:00.000000,2024-01-15 00:00:00.000000,DEPARTAMENTO,arriendo,agency
TT-2024-01-002914,toctoc,Ñuñoa,Metropolitana,690000.0,CLP,48.2,2023-12-11 00:00:00.000000,2024-01-15 00:00:00.000000,DEPARTAMENTO,arriendo,agency
TT-2024-01-004823,toctoc,Santiago,Metropolitana,28.65,UF,131.1,2023-12-16 00:00:00.000000,2024-01-29 00:00:00.000000,DEPARTAMENTO,ARRIENDO,agency
TT-2024-01-005466,toctoc,La Florida,Metropolitana,480000.0,CLP,36.3,2024-01-12 00:00:00.000000,2024-01-29 00:00:00.000000,Departamento,ARRIENDO,agency
TT-2024-01-004108,toctoc,Cerrillos,Metropolitana,465000.0,CLP,44.3,2024-01-01 00:00:00.000000,2024-01-22 00:00:00.000000,Departamento,arriendo,agency
TT-2024-01-005439,toctoc,Las Condes,Metropolitana,1465000.0,CLP,87.3,2023-11-14 00:00:00.000000,2024-01-29 00:00:00.000000,departamento,arriendo,owner_direct
TT-2024-01-002975,toctoc,Estación Central,Metropolitana,16.49,UF,66.7,2023-12-18 00:00:00.000000,2024-01-15 00:00:00.000000,departamento,ARRIENDO,owner_direct
TT-2024-01-004298,toctoc,Puente Alto,Metropolitana,500000.0,CLP,65.2,2023-12-28 00:00:00.000000,2024-01-22 00:00:00.000000,Departamento,ARRIENDO,agency
TT-2024-01-003489,toctoc,Quinta Normal,Metropolitana,16.76,UF,77.7,2024-01-15 00:00:00.000000,2024-01-22 00:00:00.000000,departamento,arriendo,owner_direct
TT-2024-01-001757,toctoc,Estación Central,Metropolitana,880000.0,CLP,103.8,2024-01-04 00:00:00.000000,2024-01-08 00:00:00.000000,DEPARTAMENTO,arriendo,owner_direct
TT-2024-01-001468,toctoc,San Miguel,Metropolitana,15.0,UF,45.3,2023-12-23 00:00:00.000000,2024-01-08 00:00:00.000000,Departamento,ARRIENDO,owner_direct
TT-2024-01-002907,toctoc,Independencia,Metropolitana,780000.0,CLP,91.0,2023-12-21 00:00:00.000000,2024-01-15 00:00:00.000000,departamento,Arriendo,owner_direct
TT-2024-01-003442,toctoc,Macul,Metropolitana,17.7,UF,47.6,2023-12-16 00:00:00.000000,2024-01-22 00:00:00.000000,DEPARTAMENTO,Arriendo,owner_direct
TT-2024-01-005335,toctoc,Conchalí,Metropolitana,9.32,UF,30.9,2023-09-22 00:00:00.000000,2024-01-29 00:00:00.000000,Departamento,Arriendo,agency
TT-2024-01-004847,toctoc,La Florida,Metropolitana,12.3,UF,45.5,2024-01-17 00:00:00.000000,2024-01-29 00:00:00.000000,DEPARTAMENTO,arriendo,agency
TT-2024-01-000179,toctoc,San Miguel,Metropolitana,12.3,UF,33.2,2023-11-28 00:00:00.000000,2024-01-01 00:00:00.000000,DEPARTAMENTO,Arriendo,agency
TT-2024-01-000573,toctoc,La Cisterna,Metropolitana,15.0,UF,60.2,2023-12-20 00:00:00.000000,2024-01-01 00:00:00.000000,DEPARTAMENTO,Arriendo,owner_direct
TT-2024-01-000482,toctoc,Maipú,Metropolitana,11.08,UF,51.3,2023-11-11 00:00:00.000000,2024-01-01 00:00:00.000000,departamento,ARRIENDO,owner_direct
TT-2024-01-003376,toctoc,Independencia,Metropolitana,535000.0,CLP,43.8,2024-01-02 00:00:00.000000,2024-01-22 00:00:00.000000,departamento,Arriendo,agency
TT-2024-01-001036,toctoc,Pudahuel,Metropolitana,470000.0,CLP,55.7,2023-11-23 00:00:00.000000,2024-01-01 00:00:00.000000,DEPARTAMENTO,ARRIENDO,owner_direct
TT-2024-01-002395,toctoc,San Miguel,Metropolitana,25.41,UF,95.5,2023-12-25 00:00:00.000000,2024-01-15 00:00:00.000000,DEPARTAMENTO,arriendo,agency
TT-2024-01-002678,toctoc,macul,Metropolitana,575000.0,CLP,43.7,2023-12-17 00:00:00.000000,2024-01-15 00:00:00.000000,departamento,Arriendo,owner_direct
TT-2024-01-001123,toctoc,Las Condes,Metropolitana,1020000.0,CLP,55.1,2023-12-25 00:00:00.000000,2024-01-01 00:00:00.000000,DEPARTAMENTO,arriendo,owner_direct
TT-2024-01-000599,toctoc,Macul,Metropolitana,17.16,UF,54.9,2023-12-18 00:00:00.000000,2024-01-01 00:00:00.000000,departamento,ARRIENDO,owner_direct
TT-2024-01-002828,toctoc,Independencia,Metropolitana,485000.0,CLP,43.2,2023-11-28 00:00:00.000000,2024-01-15 00:00:00.000000,DEPARTAMENTO,Arriendo,agency
TT-2024-01-002090,toctoc,Santiago,Metropolitana,17.97,UF,60.4,2023-12-13 00:00:00.000000,2024-01-08 00:00:00.000000,departamento,arriendo,agency
TT-2024-01-000183,toctoc,La Florida,Metropolitana,445000.0,CLP,29.1,2023-12-16 00:00:00.000000,2024-01-01 00:00:00.000000,DEPARTAMENTO,arriendo,agency
TT-2024-01-004166,toctoc,San Joaquín,Metropolitana,12.7,UF,51.1,2023-12-27 00:00:00.000000,2024-01-22 00:00:00.000000,departamento,arriendo,agency
TT-2024-01-004029,toctoc,San Joaquín,Metropolitana,16.62,UF,57.4,2024-01-15 00:00:00.000000,2024-01-22 00:00:00.000000,Departamento,ARRIENDO,owner_direct
TT-2024-01-000765,toctoc,Quilicura,Metropolitana,12.16,UF,45.4,2023-12-24 00:00:00.000000,2024-01-01 00:00:00.000000,Departamento,Arriendo,agency
TT-2024-01-003773,toctoc,Peñalolén,Metropolitana,12.43,UF,28.9,2024-01-14 00:00:00.000000,2024-01-22 00:00:00.000000,DEPARTAMENTO,arriendo,agency
TT-2024-01-004742,toctoc,Santiago,Metropolitana,12.03,UF,36.7,2023-12-19 00:00:00.000000,2024-01-29 00:00:00.000000,DEPARTAMENTO,ARRIENDO,agency
TT-2024-01-004051,toctoc,Las Condes,Metropolitana,710000.0,CLP,20.0,2023-12-26 00:00:00.000000,2024-01-22 00:00:00.000000,departamento,ARRIENDO,owner_direct
TT-2024-01-001343,toctoc,Lo Barnechea,Metropolitana,25.0,UF,65.4,2023-12-22 00:00:00.000000,2024-01-08 00:00:00.000000,departamento,Arriendo,agency
TT-2024-01-001721,toctoc,Recoleta,Metropolitana,10.27,UF,32.4,2023-12-31 00:00:00.000000,2024-01-08 00:00:00.000000,departamento,arriendo,agency
TT-2024-01-003056,toctoc,Las Condes,Metropolitana,34.86,UF,68.8,2024-01-01 00:00:00.000000,2024-01-15 00:00:00.000000,departamento,Arriendo,owner_direct
TT-2024-01-004154,toctoc,Providencia,Metropolitana,885000.0,CLP,66.2,2023-12-28 00:00:00.000000,2024-01-22 00:00:00.000000,Departamento,arriendo,agency
TT-2024-01-000654,toctoc,Las Condes,Metropolitana,820000.0,CLP,38.9,2023-12-09 00:00:00.000000,2024-01-01 00:00:00.000000,Departamento,Arriendo,agency
TT-2024-01-002014,toctoc,Cerrillos,Metropolitana,12.84,UF,37.7,2023-11-15 00:00:00.000000,2024-01-08 00:00:00.000000,DEPARTAMENTO,ARRIENDO,agency
TT-2024-01-001257,toctoc,Estación Central ,Metropolitana,360000.0,CLP,33.2,2023-11-17 00:00:00.000000,2024-01-08 00:00:00.000000,DEPARTAMENTO,Arriendo,owner_direct
TT-2024-01-002236,toctoc,Macul,Metropolitana,510000.0,CLP,41.9,2023-12-15 00:00:00.000000,2024-01-08 00:00:00.000000,DEPARTAMENTO,arriendo,agency
TT-2024-01-004768,toctoc,San Miguel,Metropolitana,545000.0,CLP,46.0,2024-01-10 00:00:00.000000,2024-01-29 00:00:00.000000,Departamento,ARRIENDO,agency
TT-2024-01-002921,toctoc,Recoleta,Metropolitana,445000.0,CLP,1.0,2024-01-03 00:00:00.000000,2024-01-15 00:00:00.000000,DEPARTAMENTO,arriendo,owner_direct
TT-2024-01-000754,toctoc,Macul,Metropolitana,13.51,UF,32.6,2023-12-28 00:00:00.000000,2024-01-01 00:00:00.000000,departamento,Arriendo,agency
TT-2024-01-000331,toctoc,San Miguel,Metropolitana,905000.0,CLP,87.5,2023-07-06 00:00:00.000000,2024-01-01 00:00:00.000000,departamento,arriendo,agency
TT-2024-01-003880,toctoc,Peñalolén,Metropolitana,460000.0,CLP,39.4,2023-12-24 00:00:00.000000,2024-01-22 00:00:00.000000,Departamento,Arriendo,agency
TT-2024-01-000497,toctoc,Las Condes,Metropolitana,830000.0,CLP,37.5,2023-12-09 00:00:00.000000,2024-01-01 00:00:00.000000,Departamento,Arriendo,agency
TT-2024-01-001506,toctoc,Renca,Metropolitana,490000.0,CLP,76.4,2023-10-01 00:00:00.000000,2024-01-08 00:00:00.000000,departamento,ARRIENDO,agency
TT-2024-01-002911,toctoc,Macul,Metropolitana,700000.0,CLP,60.5,2023-12-14 00:00:00.000000,2024-01-15 00:00:00.000000,Departamento,arriendo,owner_direct
TT-2024-01-002449,toctoc,Maipú,Metropolitana,10.14,UF,25.1,2023-12-24 00:00:00.000000,2024-01-15 00:00:00.000000,DEPARTAMENTO,Arriendo,agency
TT-2024-01-001131,toctoc,Quilicura,Metropolitana,425000.0,CLP,41.0,2023-12-05 00:00:00.000000,2024-01-01 00:00:00.000000,Departamento,ARRIENDO,agency
TT-2024-01-002129,toctoc,Las Condes,Metropolitana,22.7,UF,30.1,2023-12-27 00:00:00.000000,2024-01-08 00:00:00.000000,departamento,arriendo,agency
TT-2024-01-003387,toctoc,Maipú,Metropolitana,485000.0,CLP,58.9,2024-01-13 00:00:00.000000,2024-01-22 00:00:00.000000,departamento,arriendo,agency
TT-2024-01-004931,toctoc,Las Condes,Metropolitana,955000.0,CLP,32.2,2023-12-22 00:00:00.000000,2024-01-29 00:00:00.000000,DEPARTAMENTO,ARRIENDO,agency
TT-2024-01-003922,toctoc,Estación Central,Metropolitana,560000.0,CLP,54.8,2024-01-15 00:00:00.000000,2024-01-22 00:00:00.000000,departamento,Arriendo,agency
TT-2024-01-000307,toctoc,Santiago,Metropolitana,13.51,UF,29.3,2023-11-03 00:00:00.000000,2024-01-01 00:00:00.000000,DEPARTAMENTO,ARRIENDO,agency
TT-2024-01-003521,toctoc,Cerrillos,Metropolitana,12.3,UF,37.9,2024-01-13 00:00:00.000000,2024-01-22 00:00:00.000000,departamento,Arriendo,agency
TT-2024-01-005451,toctoc,Santiago,Metropolitana,27.84,UF,99.7,2024-01-16 00:00:00.000000,2024-01-29 00:00:00.000000,Departamento,Arriendo,owner_direct
TT-2024-01-002319,toctoc,La Florida,Metropolitana,14.86,UF,55.8,2023-11-19 00:00:00.000000,2024-01-08 00:00:00.000000,Departamento,arriendo,agency
TT-2024-01-000086,toctoc,Vitacura,Metropolitana,1945000.0,CLP,98.4,2023-12-04 00:00:00.000000,2024-01-01 00:00:00.000000,Departamento,ARRIENDO,
TT-2024-01-001669,toctoc,Ñuñoa,Metropolitana,17.43,UF,42.1,2023-12-11 00:00:00.000000,2024-01-08 00:00:00.000000,departamento,arriendo,agency
TT-2024-01-000245,toctoc,Estación Central,Metropolitana,9.86,UF,44.5,2023-12-22 00:00:00.000000,2024-01-01 00:00:00.000000,DEPARTAMENTO,ARRIENDO,owner_direct
TT-2024-01-000433,toctoc,Macul,Metropolitana,19.32,UF,60.2,2023-12-05 00:00:00.000000,2024-01-01 00:00:00.000000,Departamento,ARRIENDO,agency
TT-2024-01-002715,toctoc,Renca,Metropolitana,8.92,UF,28.0,2024-01-03 00:00:00.000000,2024-01-15 00:00:00.000000,Departamento,arriendo,agency
TT-2024-01-000622,toctoc,Quilicura,Metropolitana,23.11,UF,132.3,2023-11-27 00:00:00.000000,2024-01-01 00:00:00.000000,Departamento,arriendo,agency
TT-2024-01-004053,toctoc,Las Condes,Metropolitana,18.78,UF,26.2,2023-12-31 00:00:00.000000,2024-01-22 00:00:00.000000,departamento,Arriendo,agency
TT-2024-01-003545,toctoc,Quinta Normal,Metropolitana,485000.0,CLP,38.1,2024-01-03 00:00:00.000000,2024-01-22 00:00:00.000000,departamento,Arriendo,
TT-2024-01-001330,toctoc,La Florida ,Metropolitana,485000.0,CLP,47.1,2023-12-17 00:00:00.000000,2024-01-08 00:00:00.000000,Departamento,arriendo,owner_direct
TT-2024-01-003888,toctoc,Santiago,Metropolitana,14.05,UF,36.1,2023-11-22 00:00:00.000000,2024-01-22 00:00:00.000000,DEPARTAMENTO,Arriendo,agency
TT-2024-01-004106,toctoc,Santiago,Metropolitana,19.86,UF,83.1,2023-12-03 00:00:00.000000,2024-01-22 00:00:00.000000,Departamento,ARRIENDO,owner_direct
TT-2024-01-004662,toctoc,Recoleta,Metropolitana,14.32,UF,54.2,2023-06-29 00:00:00.000000,2024-01-29 00:00:00.000000,Departamento,ARRIENDO,owner_direct
TT-2024-01-002783,toctoc,La Cisterna,Metropolitana,415000.0,CLP,29.2,2023-12-05 00:00:00.000000,2024-01-15 00:00:00.000000,departamento,Arriendo,agency
TT-2024-01-001614,toctoc,Santiago,Metropolitana,11.76,UF,30.3,2023-12-25 00:00:00.000000,2024-01-08 00:00:00.000000,DEPARTAMENTO,Arriendo,owner_direct
TT-2024-01-002416,toctoc,Vitacura,Metropolitana,40.14,UF,72.4,2023-12-05 00:00:00.000000,2024-01-15 00:00:00.000000,departamento,Arriendo,owner_direct
TT-2024-01-005071,toctoc,Estación Central,Metropolitana,3330000.0,CLP,650.0,2024-01-18 00:00:00.000000,2024-01-29 00:00:00.000000,departamento,Arriendo,owner_direct
TT-2024-01-002327,toctoc,Santiago,Metropolitana,565000.0,CLP,50.5,2023-12-24 00:00:00.000000,2024-01-08 00:00:00.000000,Departamento,ARRIENDO,owner_direct
TT-2024-01-004772,toctoc,Ñuñoa,Metropolitana,505000.0,CLP,26.8,2023-12-21 00:00:00.000000,2024-01-29 00:00:00.000000,Departamento,Arriendo,owner_direct
TT-2024-01-002454,toctoc,Estación Central,Metropolitana,12.03,UF,42.4,2023-12-25 00:00:00.000000,2024-01-15 00:00:00.000000,Departamento,arriendo,agency
TT-2024-01-004472,toctoc,Providencia,Metropolitana,760000.0,CLP,29.8,2024-01-05 00:00:00.000000,2024-01-29 00:00:00.000000,departamento,ARRIENDO,owner_direct
TT-2024-01-001801,toctoc,La Florida,Metropolitana,385000.0,CLP,34.7,2023-12-15 00:00:00.000000,2024-01-08 00:00:00.000000,Departamento,arriendo,agency
TT-2024-01-003356,toctoc,Ñuñoa,Metropolitana,12.16,UF,28.4,2023-12-25 00:00:00.000000,2024-01-22 00:00:00.000000,Departamento,Arriendo,owner_direct
TT-2024-01-003226,toctoc,Macul,Metropolitana,12.03,UF,36.1,2024-01-08 00:00:00.000000,2024-01-15 00:00:00.000000,DEPARTAMENTO,arriendo,agency
TT-2024-01-004199,toctoc,Las Condes,Metropolitana,21.22,UF,27.0,2023-11-23 00:00:00.000000,2024-01-22 00:00:00.000000,departamento,arriendo,agency
TT-2024-01-004419,toctoc,Huechuraba,Metropolitana,18.11,UF,49.6,2024-01-08 00:00:00.000000,2024-01-29 00:00:00.000000,Departamento,arriendo,agency
TT-2024-01-003289,toctoc,Estación Central,Metropolitana,350000.0,CLP,23.7,2023-12-19 00:00:00.000000,2024-01-22 00:00:00.000000,departamento,Arriendo,agency
TT-2024-01-001997,toctoc,Lo Barnechea,Metropolitana,900000.0,CLP,62.9,2023-12-30 00:00:00.000000,2024-01-08 00:00:00.000000,Departamento,Arriendo,owner_direct
TT-2024-01-000384,toctoc,Vitacura,Metropolitana,1135000.0,CLP,47.9,2023-12-07 00:00:00.000000,2024-01-01 00:00:00.000000,DEPARTAMENTO,Arriendo,agency
TT-2024-01-000836,toctoc,Macul,Metropolitana,14.46,UF,55.2,2023-12-30 00:00:00.000000,2024-01-01 00:00:00.000000,departamento,ARRIENDO,agency
TT-2024-01-002063,toctoc,Peñalolén,Metropolitana,14.59,UF,44.2,2023-11-27 00:00:00.000000,2024-01-08 00:00:00.000000,departamento,ARRIENDO,agency
TT-2024-01-004718,toctoc,Las Condes,Metropolitana,710000.0,CLP,30.6,2024-01-20 00:00:00.000000,2024-01-29 00:00:00.000000,departamento,ARRIENDO,agency
TT-2024-01-005395,toctoc,Providencia,Metropolitana,22.57,UF,50.1,2024-01-05 00:00:00.000000,2024-01-29 00:00:00.000000,departamento,ARRIENDO,agency
TT-2024-01-004829,toctoc,Pudahuel,Metropolitana,13.24,UF,63.6,2023-12-24 00:00:00.000000,2024-01-29 00:00:00.000000,DEPARTAMENTO,arriendo,owner_direct
TT-2024-01-003094,toctoc,Estación Central,Metropolitana,505000.0,CLP,53.0,2023-12-09 00:00:00.000000,2024-01-15 00:00:00.000000,Departamento,Arriendo,owner_direct
TT-2024-01-003567,toctoc,Las Condes,Metropolitana,975000.0,CLP,46.4,2023-12-23 00:00:00.000000,2024-01-22 00:00:00.000000,Departamento,ARRIENDO,owner_direct
TT-2024-01-004900,toctoc,Quilicura,Metropolitana,13.38,UF,45.8,2024-01-10 00:00:00.000000,2024-01-29 00:00:00.000000,DEPARTAMENTO,Arriendo,agency
TT-2024-01-004608,toctoc,vitacura,Metropolitana,25.14,UF,29.4,2024-01-15 00:00:00.000000,2024-01-29 00:00:00.000000,departamento,arriendo,owner_direct
TT-2024-01-003300,toctoc,La Cisterna,Metropolitana,11.35,UF,32.9,2024-01-06 00:00:00.000000,2024-01-22 00:00:00.000000,Departamento,arriendo,
TT-2024-01-004958,toctoc,Puente Alto,Metropolitana,350000.0,CLP,26.2,2024-01-21 00:00:00.000000,2024-01-29 00:00:00.000000,departamento,arriendo,agency
TT-2024-01-003931,toctoc,Estación Central,Metropolitana,630000.0,CLP,73.3,2024-01-14 00:00:00.000000,2024-01-22 00:00:00.000000,departamento,ARRIENDO,owner_direct
TT-2024-01-003255,toctoc,Las Condes,Metropolitana,905000.0,CLP,55.8,2023-12-26 00:00:00.000000,2024-01-15 00:00:00.000000,Departamento,Arriendo,agency
TT-2024-01-005415,toctoc,San Miguel,Metropolitana,475000.0,CLP,45.6,2024-01-13 00:00:00.000000,2024-01-29 00:00:00.000000,DEPARTAMENTO,Arriendo,agency
TT-2024-01-000692,toctoc,Las Condes,Metropolitana,665000.0,CLP,34.0,2023-12-07 00:00:00.000000,2024-01-01 00:00:00.000000,Departamento,Arriendo,owner_direct
TT-2024-01-004520,toctoc,Ñuñoa,Metropolitana,14.05,UF,25.2,2024-01-11 00:00:00.000000,2024-01-29 00:00:00.000000,Departamento,Arriendo,agency
TT-2024-01-003283,toctoc,Santiago,Metropolitana,19.86,UF,84.6,2023-12-23 00:00:00.000000,2024-01-22 00:00:00.000000,Departamento,arriendo,agency
TT-2024-01-001969,toctoc,Santiago,Metropolitana,13.11,UF,34.5,2023-12-18 00:00:00.000000,2024-01-08 00:00:00.000000,DEPARTAMENTO,ARRIENDO,owner_direct
TT-2024-01-005145,toctoc,Santiago,Metropolitana,15.68,UF,41.6,2024-01-12 00:00:00.000000,2024-01-29 00:00:00.000000,DEPARTAMENTO,arriendo,agency
TT-2024-01-001916,toctoc,La Florida,Metropolitana,550000.0,CLP,45.3,2023-12-13 00:00:00.000000,2024-01-08 00:00:00.000000,departamento,ARRIENDO,agency
TT-2024-01-004414,toctoc,La Florida,Metropolitana,11.08,UF,39.1,2023-12-14 00:00:00.000000,2024-01-29 00:00:00.000000,departamento,Arriendo,owner_direct
TT-2024-01-003054,toctoc,Santiago,Metropolitana,610000.0,CLP,49.7,2023-12-20 00:00:00.000000,2024-01-15 00:00:00.000000,departamento,ARRIENDO,
TT-2024-01-001222,toctoc,San Miguel,Metropolitana,685000.0,CLP,59.7,2023-12-04 00:00:00.000000,2024-01-08 00:00:00.000000,Departamento,Arriendo,owner_direct
TT-2024-01-000709,toctoc,Providencia,Metropolitana,27.3,UF,42.5,2023-12-16 00:00:00.000000,2024-01-01 00:00:00.000000,DEPARTAMENTO,arriendo,agency
TT-2024-01-005140,toctoc,Macul,Metropolitana,13.65,UF,43.7,2024-01-21 00:00:00.000000,2024-01-29 00:00:00.000000,DEPARTAMENTO,Arriendo,agency
TT-2024-01-001824,toctoc,Cerrillos,Metropolitana,16.76,UF,56.6,2023-12-25 00:00:00.000000,2024-01-08 00:00:00.000000,departamento,ARRIENDO,agency
TT-2024-01-005458,toctoc,Independencia,Metropolitana,11.76,UF,39.4,2024-01-05 00:00:00.000000,2024-01-29 00:00:00.000000,DEPARTAMENTO,Arriendo,agency
TT-2024-01-001702,toctoc,La Reina,Metropolitana,22.16,UF,45.4,2023-11-30 00:00:00.000000,2024-01-08 00:00:00.000000,departamento,Arriendo,agency
TT-2024-01-001900,toctoc,Las Condes,Metropolitana,20.54,UF,42.0,2023-12-20 00:00:00.000000,2024-01-08 00:00:00.000000,departamento,Arriendo,agency
TT-2024-01-002152,toctoc,Ñuñoa,Metropolitana,750000.0,CLP,54.3,2023-12-09 00:00:00.000000,2024-01-08 00:00:00.000000,DEPARTAMENTO,ARRIENDO,owner_direct
TT-2024-01-001273,toctoc,Macul,Metropolitana,530000.0,CLP,36.8,2023-12-24 00:00:00.000000,2024-01-08 00:00:00.000000,departamento,Arriendo,owner_direct
TT-2024-01-000168,toctoc,Recoleta,Metropolitana,635000.0,CLP,59.2,2023-11-20 00:00:00.000000,2024-01-01 00:00:00.000000,departamento,arriendo,agency
TT-2024-01-002619,toctoc,Maipú,Metropolitana,17.03,UF,66.9,2023-09-10 00:00:00.000000,2024-01-15 00:00:00.000000,DEPARTAMENTO,ARRIENDO,owner_direct
TT-2024-01-000270,toctoc,Estación Central,Metropolitana,405000.0,CLP,36.4,2023-12-12 00:00:00.000000,2024-01-01 00:00:00.000000,departamento,arriendo,agency
TT-2024-01-000851,toctoc,La Florida,Metropolitana,455000.0,CLP,44.4,2023-10-15 00:00:00.000000,2024-01-01 00:00:00.000000,DEPARTAMENTO,ARRIENDO,agency
TT-2024-01-001210,toctoc,CONCHALÍ,Metropolitana,9.86,UF,30.0,2023-12-31 00:00:00.000000,2024-01-08 00:00:00.000000,DEPARTAMENTO,ARRIENDO,agency
TT-2024-01-004832,toctoc,Santiago,Metropolitana,17.7,UF,55.0,2024-01-11 00:00:00.000000,2024-01-29 00:00:00.000000,departamento,ARRIENDO,agency
TT-2024-01-005192,toctoc,Macul,Metropolitana,11.49,UF,38.8,2023-12-15 00:00:00.000000,2024-01-29 00:00:00.000000,Departamento,arriendo,agency
TT-2024-01-001245,toctoc,Peñalolén,Metropolitana,530000.0,CLP,48.8,2023-06-28 00:00:00.000000,2024-01-08 00:00:00.000000,DEPARTAMENTO,ARRIENDO,owner_direct
TT-2024-01-003879,toctoc,Peñalolén,Metropolitana,21.62,UF,103.0,2024-01-10 00:00:00.000000,2024-01-22 00:00:00.000000,Departamento,Arriendo,owner_direct
TT-2024-01-002570,toctoc,Ñuñoa,Metropolitana,870000.0,CLP,65.2,2023-12-24 00:00:00.000000,2024-01-15 00:00:00.000000,DEPARTAMENTO,Arriendo,agency
TT-2024-01-000530,toctoc,La Cisterna,Metropolitana,435000.0,CLP,42.8,2023-12-04 00:00:00.000000,2024-01-01 00:00:00.000000,Departamento,arriendo,agency
TT-2024-01-003507,toctoc,Lo Barnechea,Metropolitana,19.32,UF,39.1,2024-01-15 00:00:00.000000,2024-01-22 00:00:00.000000,Departamento,ARRIENDO,owner_direct
TT-2024-01-000761,toctoc,Puente Alto,Metropolitana,565000.0,CLP,70.4,2023-12-19 00:00:00.000000,2024-01-01 00:00:00.000000,Departamento,Arriendo,agency
TT-2024-01-002636,toctoc,La Cisterna,Metropolitana,19.86,UF,85.5,2023-12-16 00:00:00.000000,2024-01-15 00:00:00.000000,departamento,Arriendo,agency
TT-2024-01-005424,toctoc,QUILICURA,Metropolitana,16.08,UF,74.5,2023-12-30 00:00:00.000000,2024-01-29 00:00:00.000000,Departamento,Arriendo,owner_direct
TT-2024-01-001112,toctoc,Ñuñoa,Metropolitana,765000.0,CLP,48.2,2023-11-30 00:00:00.000000,2024-01-01 00:00:00.000000,departamento,Arriendo,agency
TT-2024-01-004896,toctoc,Ñuñoa,Metropolitana,24.05,UF,67.3,2024-01-03 00:00:00.000000,2024-01-29 00:00:00.000000,DEPARTAMENTO,arriendo,agency
TT-2024-01-003191,toctoc,Independencia,Metropolitana,13.65,UF,42.3,2023-12-08 00:00:00.000000,2024-01-15 00:00:00.000000,Departamento,arriendo,owner_direct
TT-2024-01-003557,toctoc,Independencia,Metropolitana,115.14,UF,44.5,2023-12-06 00:00:00.000000,2024-01-22 00:00:00.000000,DEPARTAMENTO,Arriendo,owner_direct
TT-2024-01-002196,toctoc,Macul,Metropolitana,13.92,UF,45.3,2023-07-27 00:00:00.000000,2024-01-08 00:00:00.000000,departamento,arriendo,agency
TT-2024-01-002749,toctoc,Cerrillos,Metropolitana,14.46,UF,59.4,2024-01-11 00:00:00.000000,2024-01-15 00:00:00.000000,Departamento,arriendo,owner_direct
TT-2024-01-003549,toctoc,Estación Central,Metropolitana,395000.0,CLP,41.5,2023-11-28 00:00:00.000000,2024-01-22 00:00:00.000000,departamento,Arriendo,agency
TT-2024-01-001126,toctoc,Santiago,Metropolitana,790000.0,CLP,64.5,2023-12-09 00:00:00.000000,2024-01-01 00:00:00.000000,departamento,Arriendo,agency
TT-2024-01-005213,toctoc,San Miguel,Metropolitana,475000.0,CLP,38.4,2024-01-10 00:00:00.000000,2024-01-29 00:00:00.000000,departamento,arriendo,agency
TT-2024-01-003622,toctoc,Vitacura,Metropolitana,1465000.0,CLP,83.6,2023-12-11 00:00:00.000000,2024-01-22 00:00:00.000000,DEPARTAMENTO,Arriendo,agency
TT-2024-01-002592,toctoc,Independencia,Metropolitana,16.49,UF,67.2,2024-01-12 00:00:00.000000,2024-01-15 00:00:00.000000,departamento,Arriendo,agency
TT-2024-01-004123,toctoc,Las Condes,Metropolitana,1200000.0,CLP,44.0,2023-11-18 00:00:00.000000,2024-01-22 00:00:00.000000,DEPARTAMENTO,ARRIENDO,agency
TT-2024-01-004235,toctoc,San Miguel,Metropolitana,16.76,UF,56.0,2023-12-28 00:00:00.000000,2024-01-22 00:00:00.000000,departamento,arriendo,owner_direct
TT-2024-01-001180,toctoc,Estación Central,Metropolitana,14.19,UF,56.5,2023-12-04 00:00:00.000000,2024-01-01 00:00:00.000000,Departamento,ARRIENDO,agency
TT-2024-01-002355,toctoc,Recoleta,Metropolitana,11.89,UF,38.3,2024-01-03 00:00:00.000000,2024-01-08 00:00:00.000000,departamento,Arriendo,agency
TT-2024-01-004804,toctoc,Huechuraba,Metropolitana,540000.0,CLP,26.5,2023-12-24 00:00:00.000000,2024-01-29 00:00:00.000000,departamento,ARRIENDO,owner_direct
TT-2024-01-002796,toctoc,Santiago,Metropolitana,18.65,UF,52.8,2024-01-11 00:00:00.000000,2024-01-15 00:00:00.000000,Departamento,ARRIENDO,owner_direct
TT-2024-01-000932,toctoc,Estación Central,Metropolitana,425000.0,CLP,35.2,2023-12-13 00:00:00.000000,2024-01-01 00:00:00.000000,Departamento,arriendo,owner_direct
TT-2024-01-004512,toctoc,Renca,Metropolitana,495000.0,CLP,57.4,2024-01-08 00:00:00.000000,2024-01-29 00:00:00.000000,DEPARTAMENTO,arriendo,owner_direct
TT-2024-01-002447,toctoc,Macul,Metropolitana,550000.0,CLP,45.6,2024-01-14 00:00:00.000000,2024-01-15 00:00:00.000000,DEPARTAMENTO,Arriendo,agency
TT-2024-01-004795,toctoc,Huechuraba,Metropolitana,15.81,UF,39.3,2024-01-17 00:00:00.000000,2024-01-29 00:00:00.000000,DEPARTAMENTO,Arriendo,owner_direct
TT-2024-01-000781,toctoc,Quinta Normal,Metropolitana,9.19,UF,26.2,2023-12-03 00:00:00.000000,2024-01-01 00:00:00.000000,DEPARTAMENTO,Arriendo,owner_direct
TT-2024-01-003516,toctoc,Estación Central,Metropolitana,13.24,UF,40.8,2023-08-22 00:00:00.000000,2024-01-22 00:00:00.000000,DEPARTAMENTO,arriendo,agency
TT-2024-01-000414,toctoc,Santiago,Metropolitana,15.14,UF,39.0,2023-11-26 00:00:00.000000,2024-01-01 00:00:00.000000,DEPARTAMENTO,ARRIENDO,owner_direct
TT-2024-01-002217,toctoc,Puente Alto,Metropolitana,12.03,UF,43.4,2023-12-20 00:00:00.000000,2024-01-08 00:00:00.000000,DEPARTAMENTO,arriendo,agency
TT-2024-01-005381,toctoc,Vitacura,Metropolitana,30.0,UF,36.2,2024-01-04 00:00:00.000000,2024-01-29 00:00:00.000000,departamento,arriendo,owner_direct
TT-2024-01-003366,toctoc,Puente Alto,Metropolitana,16.35,UF,62.2,2024-01-05 00:00:00.000000,2024-01-22 00:00:00.000000,Departamento,Arriendo,agency
TT-2024-01-000726,toctoc,San Miguel,Metropolitana,615000.0,CLP,57.9,2023-06-26 00:00:00.000000,2024-01-01 00:00:00.000000,Departamento,ARRIENDO,agency
TT-2024-01-001973,toctoc,Las Condes,Metropolitana,22.57,UF,35.0,2023-12-15 00:00:00.000000,2024-01-08 00:00:00.000000,departamento,Arriendo,agency
TT-2024-01-004951,toctoc,San Miguel,Metropolitana,805000.0,CLP,65.5,2024-01-11 00:00:00.000000,2024-01-29 00:00:00.000000,DEPARTAMENTO,Arriendo,owner_direct
TT-2024-01-001510,toctoc,Macul,Metropolitana,495000.0,CLP,45.2,2023-12-25 00:00:00.000000,2024-01-08 00:00:00.000000,departamento,ARRIENDO,agency
TT-2024-01-001521,toctoc,La Florida,Metropolitana,13.78,UF,54.3,2023-06-22 00:00:00.000000,2024-01-08 00:00:00.000000,departamento,ARRIENDO,owner_direct
TT-2024-01-005407,toctoc,Maipú,Metropolitana,13.24,UF,45.6,2023-12-24 00:00:00.000000,2024-01-29 00:00:00.000000,departamento,Arriendo,agency
TT-2024-01-001864,toctoc,Las Condes,Metropolitana,1115000.0,CLP,55.0,2023-08-01 00:00:00.000000,2024-01-08 00:00:00.000000,departamento,Arriendo,agency
TT-2024-01-001251,toctoc,Ñuñoa,Metropolitana,645000.0,CLP,49.5,2023-12-02 00:00:00.000000,2024-01-08 00:00:00.000000,DEPARTAMENTO,ARRIENDO,agency
TT-2024-01-003852,toctoc,Providencia,Metropolitana,705000.0,CLP,31.1,2024-01-03 00:00:00.000000,2024-01-22 00:00:00.000000,DEPARTAMENTO,arriendo,agency
TT-2024-01-002086,toctoc,Conchalí,Metropolitana,12.7,UF,31.1,2023-12-13 00:00:00.000000,2024-01-08 00:00:00.000000,Departamento,ARRIENDO,owner_direct
TT-2024-01-002145,toctoc,Recoleta,Metropolitana,17.3,UF,62.3,2023-12-20 00:00:00.000000,2024-01-08 00:00:00.000000,departamento,Arriendo,agency
TT-2024-01-003092,toctoc,Cerrillos,Metropolitana,13.65,UF,64.7,2023-12-11 00:00:00.000000,2024-01-15 00:00:00.000000,DEPARTAMENTO,Arriendo,owner_direct
TT-2024-01-002524,toctoc,Independencia,Metropolitana,16.62,UF,60.6,2023-12-06 00:00:00.000000,2024-01-15 00:00:00.000000,Departamento,arriendo,agency
TT-2024-01-000092,toctoc,Ñuñoa,Metropolitana,21.76,UF,49.3,2023-06-09 00:00:00.000000,2024-01-01 00:00:00.000000,DEPARTAMENTO,ARRIENDO,owner_direct
TT-2024-01-000431,toctoc,Santiago,Metropolitana,16.35,UF,45.4,2023-11-30 00:00:00.000000,2024-01-01 00:00:00.000000,DEPARTAMENTO,ARRIENDO,agency
TT-2024-01-003972,toctoc,Santiago,Metropolitana,625000.0,CLP,41.8,2024-01-08 00:00:00.000000,2024-01-22 00:00:00.000000,Departamento,Arriendo,agency
TT-2024-01-004568,toctoc,Estación Central,Metropolitana,445000.0,CLP,30.0,2024-01-07 00:00:00.000000,2024-01-29 00:00:00.000000,Departamento,arriendo,agency
TT-2024-01-005231,toctoc,Quinta Normal,Metropolitana,755000.0,CLP,85.8,2024-01-01 00:00:00.000000,2024-01-29 00:00:00.000000,departamento,ARRIENDO,owner_direct
TT-2024-01-003893,toctoc,La Florida,Metropolitana,730000.0,CLP,71.3,2024-01-20 00:00:00.000000,2024-01-22 00:00:00.000000,Departamento,ARRIENDO,agency
TT-2024-01-003108,toctoc,La Florida,Metropolitana,11.76,UF,34.8,2023-11-06 00:00:00.000000,2024-01-15 00:00:00.000000,DEPARTAMENTO,Arriendo,agency
TT-2024-01-002116,toctoc,Maipú,Metropolitana,13.24,UF,48.0,2023-07-22 00:00:00.000000,2024-01-08 00:00:00.000000,Departamento,arriendo,agency
TT-2024-01-004556,toctoc,Ñuñoa,Metropolitana,18.78,UF,57.7,2024-01-14 00:00:00.000000,2024-01-29 00:00:00.000000,Departamento,Arriendo,agency
TT-2024-01-004854,toctoc,Quinta Normal,Metropolitana,13.78,UF,56.1,2023-12-23 00:00:00.000000,2024-01-29 00:00:00.000000,DEPARTAMENTO,ARRIENDO,agency
TT-2024-01-003934,toctoc,Macul,Metropolitana,520000.0,CLP,48.6,2023-12-10 00:00:00.000000,2024-01-22 00:00:00.000000,DEPARTAMENTO,Arriendo,owner_direct
TT-2024-01-001482,toctoc,Quinta Normal,Metropolitana,14.59,UF,54.3,2023-08-24 00:00:00.000000,2024-01-08 00:00:00.000000,Departamento,ARRIENDO,owner_direct
TT-2024-01-000507,toctoc,San Miguel,Metropolitana,710000.0,CLP,52.8,2023-11-28 00:00:00.000000,2024-01-01 00:00:00.000000,Departamento,ARRIENDO,owner_direct
TT-2024-01-005440,toctoc,La Reina,Metropolitana,18.38,UF,44.8,2024-01-16 00:00:00.000000,2024-01-29 00:00:00.000000,departamento,arriendo,agency
TT-2024-01-000324,toctoc,Las Condes,Metropolitana,645000.0,CLP,22.3,2023-12-22 00:00:00.000000,2024-01-01 00:00:00.000000,DEPARTAMENTO,ARRIENDO,agency
TT-2024-01-000342,toctoc,San Miguel,Metropolitana,197.16,UF,70.5,2023-12-19 00:00:00.000000,2024-01-01 00:00:00.000000,departamento,arriendo,agency
TT-2024-01-000805,toctoc,Santiago,Metropolitana,925000.0,CLP,98.3,2023-12-20 00:00:00.000000,2024-01-01 00:00:00.000000,departamento,arriendo,agency
TT-2024-01-003533,toctoc,Providencia,Metropolitana,25.41,UF,40.9,2023-12-04 00:00:00.000000,2024-01-22 00:00:00.000000,DEPARTAMENTO,Arriendo,owner_direct
TT-2024-01-002016,toctoc,Conchalí,Metropolitana,625000.0,CLP,73.9,2023-12-23 00:00:00.000000,2024-01-08 00:00:00.000000,DEPARTAMENTO,Arriendo,agency
TT-2024-01-004973,toctoc,Puente Alto,Metropolitana,13.78,UF,66.1,2024-01-21 00:00:00.000000,2024-01-29 00:00:00.000000,Departamento,ARRIENDO,owner_direct
TT-2024-01-000665,toctoc,La Florida,Metropolitana,540000.0,CLP,45.9,2023-12-13 00:00:00.000000,2024-01-01 00:00:00.000000,Departamento,Arriendo,agency
TT-2024-01-002318,toctoc,Cerrillos,Metropolitana,12.7,UF,56.1,2024-01-02 00:00:00.000000,2024-01-08 00:00:00.000000,Departamento,Arriendo,agency
TT-2024-01-000986,toctoc,Santiago,Metropolitana,540000.0,CLP,44.9,2023-10-19 00:00:00.000000,2024-01-01 00:00:00.000000,DEPARTAMENTO,Arriendo,owner_direct
TT-2024-01-005019,toctoc,Huechuraba,Metropolitana,16.49,UF,59.9,2023-12-27 00:00:00.000000,2024-01-29 00:00:00.000000,DEPARTAMENTO,Arriendo,agency
TT-2024-01-005367,toctoc,Cerrillos,Metropolitana,435000.0,CLP,44.9,2023-12-22 00:00:00.000000,2024-01-29 00:00:00.000000,Departamento,Arriendo,owner_direct
TT-2024-01-000109,toctoc,Santiago,Metropolitana,670000.0,CLP,52.2,2023-12-25 00:00:00.000000,2024-01-01 00:00:00.000000,Departamento,ARRIENDO,agency
TT-2024-01-005364,toctoc,Cerrillos,Metropolitana,11.49,UF,36.1,2024-01-03 00:00:00.000000,2024-01-29 00:00:00.000000,departamento,Arriendo,agency
TT-2024-01-000824,toctoc,Ñuñoa,Metropolitana,555000.0,CLP,29.5,2023-12-10 00:00:00.000000,2024-01-01 00:00:00.000000,departamento,ARRIENDO,agency
TT-2024-01-004308,toctoc,Las Condes,Metropolitana,985000.0,CLP,43.9,2024-01-10 00:00:00.000000,2024-01-22 00:00:00.000000,DEPARTAMENTO,ARRIENDO,agency
TT-2024-01-003002,toctoc,Vitacura,Metropolitana,42.16,UF,93.8,2023-12-24 00:00:00.000000,2024-01-15 00:00:00.000000,Departamento,ARRIENDO,owner_direct
TT-2024-01-001579,toctoc,Estación Central,Metropolitana,530000.0,CLP,48.2,2023-12-08 00:00:00.000000,2024-01-08 00:00:00.000000,Departamento,ARRIENDO,agency
TT-2024-01-000517,toctoc,San Miguel,Metropolitana,18.24,UF,59.4,2023-12-24 00:00:00.000000,2024-01-01 00:00:00.000000,departamento,arriendo,owner_direct
TT-2024-01-002694,toctoc,Santiago,Metropolitana,22.97,UF,92.4,2023-12-30 00:00:00.000000,2024-01-15 00:00:00.000000,departamento,ARRIENDO,agency
TT-2024-01-003583,toctoc,Conchalí,Metropolitana,17.97,UF,80.5,2024-01-15 00:00:00.000000,2024-01-22 00:00:00.000000,DEPARTAMENTO,arriendo,owner_direct
TT-2024-01-002643,toctoc,Lo Barnechea,Metropolitana,31.62,UF,72.8,2023-12-05 00:00:00.000000,2024-01-15 00:00:00.000000,Departamento,arriendo,agency
TT-2024-01-001211,toctoc,Maipú,Metropolitana,16.35,UF,60.6,2023-12-17 00:00:00.000000,2024-01-08 00:00:00.000000,DEPARTAMENTO,Arriendo,agency
TT-2024-01-001186,toctoc,Ñuñoa,Metropolitana,25.27,UF,67.3,2023-12-08 00:00:00.000000,2024-01-01 00:00:00.000000,DEPARTAMENTO,arriendo,
TT-2024-01-005031,toctoc,Santiago,Metropolitana,13.38,UF,40.5,2023-12-20 00:00:00.000000,2024-01-29 00:00:00.000000,DEPARTAMENTO,Arriendo,agency
TT-2024-01-000865,toctoc,Estación Central,Metropolitana,14.32,UF,65.0,2023-08-18 00:00:00.000000,2024-01-01 00:00:00.000000,DEPARTAMENTO,Arriendo,agency
TT-2024-01-003552,toctoc,Peñalolén,Metropolitana,455000.0,CLP,42.2,2023-12-14 00:00:00.000000,2024-01-22 00:00:00.000000,departamento,ARRIENDO,owner_direct
TT-2024-01-005345,toctoc,Pudahuel,Metropolitana,9.19,UF,28.1,2024-01-25 00:00:00.000000,2024-01-29 00:00:00.000000,Departamento,arriendo,agency
TT-2024-01-002922,toctoc,Las Condes,Metropolitana,860000.0,CLP,49.6,2023-12-07 00:00:00.000000,2024-01-15 00:00:00.000000,Departamento,ARRIENDO,agency
TT-2024-01-001013,toctoc,Independencia,Metropolitana,18.24,UF,83.3,2023-09-04 00:00:00.000000,2024-01-01 00:00:00.000000,DEPARTAMENTO,Arriendo,agency
TT-2024-01-002652,toctoc,estación central,Metropolitana,735000.0,CLP,99.1,2023-12-16 00:00:00.000000,2024-01-15 00:00:00.000000,departamento,arriendo,owner_direct
TT-2024-01-000501,toctoc,Ñuñoa,Metropolitana,730000.0,CLP,50.2,2023-12-06 00:00:00.000000,2024-01-01 00:00:00.000000,DEPARTAMENTO,ARRIENDO,agency
TT-2024-01-004411,toctoc,Macul,Metropolitana,440000.0,CLP,47.2,2023-12-20 00:00:00.000000,2024-01-29 00:00:00.000000,DEPARTAMENTO,ARRIENDO,agency
TT-2024-01-004361,toctoc,Santiago,Metropolitana,24.86,UF,94.7,2023-12-07 00:00:00.000000,2024-01-29 00:00:00.000000,DEPARTAMENTO,arriendo,
TT-2024-01-005473,toctoc,Santiago,Metropolitana,18.51,UF,49.7,2024-01-19 00:00:00.000000,2024-01-29 00:00:00.000000,Departamento,arriendo,owner_direct
TT-2024-01-000255,toctoc,Estación Central,Metropolitana,11.35,UF,40.1,2023-12-11 00:00:00.000000,2024-01-01 00:00:00.000000,Departamento,arriendo,agency
TT-2024-01-001879,toctoc,Recoleta,Metropolitana,11.62,UF,33.5,2023-09-25 00:00:00.000000,2024-01-08 00:00:00.000000,departamento,ARRIENDO,owner_direct
TT-2024-01-003535,toctoc,Las Condes,Metropolitana,26.76,UF,53.9,2023-11-30 00:00:00.000000,2024-01-22 00:00:00.000000,departamento,arriendo,agency
TT-2024-01-005078,toctoc,Santiago,Metropolitana,605000.0,CLP,39.4,2023-12-04 00:00:00.000000,2024-01-29 00:00:00.000000,DEPARTAMENTO,ARRIENDO,agency
TT-2024-01-000816,toctoc,Providencia,Metropolitana,3225000.0,CLP,250.0,2023-11-28 00:00:00.000000,2024-01-01 00:00:00.000000,Departamento,arriendo,agency
TT-2024-01-002851,toctoc,Santiago,Metropolitana,24.46,UF,78.0,2023-07-24 00:00:00.000000,2024-01-15 00:00:00.000000,departamento,ARRIENDO,agency
TT-2024-01-002442,toctoc,Macul,Metropolitana,510000.0,CLP,35.9,2023-12-04 00:00:00.000000,2024-01-15 00:00:00.000000,DEPARTAMENTO,Arriendo,owner_direct
TT-2024-01-004995,toctoc,Independencia,Metropolitana,17.3,UF,64.4,2024-01-20 00:00:00.000000,2024-01-29 00:00:00.000000,DEPARTAMENTO,arriendo,agency
TT-2024-01-002006,toctoc,Macul,Metropolitana,560000.0,CLP,53.2,2023-12-04 00:00:00.000000,2024-01-08 00:00:00.000000,Departamento,arriendo,owner_direct
TT-2024-01-003510,toctoc,Maipú,Metropolitana,15.14,UF,66.2,2023-11-28 00:00:00.000000,2024-01-22 00:00:00.000000,departamento,Arriendo,agency
TT-2024-01-005282,toctoc,Puente Alto,Metropolitana,5340000.0,CLP,58.8,2024-01-14 00:00:00.000000,2024-01-29 00:00:00.000000,departamento,ARRIENDO,
TT-2024-01-003999,toctoc,Peñalolén,Metropolitana,605000.0,CLP,56.8,2023-12-14 00:00:00.000000,2024-01-22 00:00:00.000000,DEPARTAMENTO,Arriendo,agency
TT-2024-01-001010,toctoc,San Miguel,Metropolitana,23.78,UF,103.1,2023-12-25 00:00:00.000000,2024-01-01 00:00:00.000000,DEPARTAMENTO,ARRIENDO,agency
TT-2024-01-005061,toctoc,La Reina,Metropolitana,18.38,UF,35.6,2023-12-22 00:00:00.000000,2024-01-29 00:00:00.000000,DEPARTAMENTO,Arriendo,agency
TT-2024-01-001372,toctoc,Providencia,Metropolitana,1210000.0,CLP,72.6,2023-12-19 00:00:00.000000,2024-01-08 00:00:00.000000,departamento,arriendo,agency
TT-2024-01-000514,toctoc,Recoleta ,Metropolitana,16.76,UF,66.1,2023-12-15 00:00:00.000000,2024-01-01 00:00:00.000000,departamento,ARRIENDO,agency
TT-2024-01-002103,toctoc,San Miguel,Metropolitana,16.49,UF,53.2,2023-12-23 00:00:00.000000,2024-01-08 00:00:00.000000,DEPARTAMENTO,arriendo,owner_direct
TT-2024-01-002031,toctoc,Quinta Normal,Metropolitana,435000.0,CLP,39.8,2023-12-23 00:00:00.000000,2024-01-08 00:00:00.000000,DEPARTAMENTO,arriendo,agency
TT-2024-01-003827,toctoc,Las Condes,Metropolitana,970000.0,CLP,41.9,2023-12-12 00:00:00.000000,2024-01-22 00:00:00.000000,Departamento,Arriendo,agency
TT-2024-01-004222,toctoc,Estación Central,Metropolitana,12.43,UF,53.4,2024-01-08 00:00:00.000000,2024-01-22 00:00:00.000000,DEPARTAMENTO,arriendo,agency
TT-2024-01-003630,toctoc,Estación Central,Metropolitana,11.89,UF,39.8,2024-01-09 00:00:00.000000,2024-01-22 00:00:00.000000,departamento,arriendo,agency
TT-2024-01-002077,toctoc,Ñuñoa,Metropolitana,705000.0,CLP,39.1,2023-10-31 00:00:00.000000,2024-01-08 00:00:00.000000,DEPARTAMENTO,ARRIENDO,agency
TT-2024-01-002192,toctoc,La Florida,Metropolitana,685000.0,CLP,91.7,2023-12-30 00:00:00.000000,2024-01-08 00:00:00.000000,departamento,Arriendo,agency
TT-2024-01-005359,toctoc,La Cisterna,Metropolitana,625000.0,CLP,75.4,2024-01-15 00:00:00.000000,2024-01-29 00:00:00.000000,Departamento,Arriendo,agency
TT-2024-01-000506,toctoc,Estación Central,Metropolitana,655000.0,CLP,88.2,2023-12-22 00:00:00.000000,2024-01-01 00:00:00.000000,DEPARTAMENTO,Arriendo,agency
TT-2024-01-004385,toctoc,Estación Central,Metropolitana,9.86,UF,24.9,2023-12-19 00:00:00.000000,2024-01-29 00:00:00.000000,departamento,ARRIENDO,agency
TT-2024-01-003274,toctoc,La Florida,Metropolitana,9.73,UF,29.9,2023-11-24 00:00:00.000000,2024-01-15 00:00:00.000000,departamento,ARRIENDO,
TT-2024-01-001697,toctoc,Puente Alto,Metropolitana,13.24,UF,51.0,2023-08-07 00:00:00.000000,2024-01-08 00:00:00.000000,DEPARTAMENTO,Arriendo,owner_direct
TT-2024-01-003596,toctoc,Quinta Normal,Metropolitana,370000.0,CLP,28.1,2023-11-13 00:00:00.000000,2024-01-22 00:00:00.000000,DEPARTAMENTO,ARRIENDO,agency
TT-2024-01-005405,toctoc,Macul,Metropolitana,18.65,UF,65.6,2024-01-05 00:00:00.000000,2024-01-29 00:00:00.000000,Departamento,arriendo,agency
TT-2024-01-004036,toctoc,Quilicura,Metropolitana,330000.0,CLP,41.3,2023-10-13 00:00:00.000000,2024-01-22 00:00:00.000000,departamento,arriendo,agency
TT-2024-01-004319,toctoc,Ñuñoa,Metropolitana,505000.0,CLP,26.6,2024-01-04 00:00:00.000000,2024-01-22 00:00:00.000000,departamento,Arriendo,agency
TT-2024-01-001197,toctoc,Estación Central,Metropolitana,18.51,UF,87.5,2023-12-20 00:00:00.000000,2024-01-01 00:00:00.000000,Departamento,arriendo,agency
TT-2024-01-004799,toctoc,Providencia,Metropolitana,955000.0,CLP,43.2,2024-01-05 00:00:00.000000,2024-01-29 00:00:00.000000,DEPARTAMENTO,ARRIENDO,owner_direct
TT-2024-01-003670,toctoc,Independencia,Metropolitana,12.7,UF,40.4,2024-01-05 00:00:00.000000,2024-01-22 00:00:00.000000,Departamento,arriendo,agency
TT-2024-01-002235,toctoc,Maipú,Metropolitana,14.32,UF,80.3,2023-12-28 00:00:00.000000,2024-01-08 00:00:00.000000,DEPARTAMENTO,arriendo,agency
TT-2024-01-000512,toctoc,Vitacura,Metropolitana,25.81,UF,35.8,2023-11-30 00:00:00.000000,2024-01-01 00:00:00.000000,DEPARTAMENTO,arriendo,agency
TT-2024-01-005129,toctoc,San Miguel,Metropolitana,590000.0,CLP,64.7,2024-01-22 00:00:00.000000,2024-01-29 00:00:00.000000,departamento,ARRIENDO,owner_direct
TT-2024-01-003649,toctoc,Providencia,Metropolitana,700000.0,CLP,34.5,2023-12-06 00:00:00.000000,2024-01-22 00:00:00.000000,DEPARTAMENTO,arriendo,agency
TT-2024-01-003238,toctoc,Estación Central,Metropolitana,15.27,UF,65.8,2024-01-01 00:00:00.000000,2024-01-15 00:00:00.000000,departamento,arriendo,agency
TT-2024-01-003970,toctoc,Las Condes,Metropolitana,1170000.0,CLP,65.2,2023-12-14 00:00:00.000000,2024-01-22 00:00:00.000000,departamento,arriendo,agency
TT-2024-01-004037,toctoc,Pudahuel,Metropolitana,10.27,UF,34.2,2024-01-05 00:00:00.000000,2024-01-22 00:00:00.000000,Departamento,ARRIENDO,agency
TT-2024-01-000456,toctoc,Pudahuel,Metropolitana,25.27,UF,124.5,2023-11-21 00:00:00.000000,2024-01-01 00:00:00.000000,Departamento,arriendo,owner_direct
TT-2024-01-003979,toctoc,Estación Central,Metropolitana,635000.0,CLP,63.7,2023-12-01 00:00:00.000000,2024-01-22 00:00:00.000000,DEPARTAMENTO,ARRIENDO,agency
TT-2024-01-001254,toctoc,La Reina,Metropolitana,17.57,UF,29.8,2023-12-12 00:00:00.000000,2024-01-08 00:00:00.000000,DEPARTAMENTO,Arriendo,agency
TT-2024-01-003663,toctoc,San Miguel,Metropolitana,565000.0,CLP,36.9,2024-01-08 00:00:00.000000,2024-01-22 00:00:00.000000,Departamento,Arriendo,agency
TT-2024-01-002490,toctoc,Las Condes,Metropolitana,1580000.0,CLP,102.9,2023-12-08 00:00:00.000000,2024-01-15 00:00:00.000000,Departamento,Arriendo,agency
TT-2024-01-003015,toctoc,Estación Central,Metropolitana,475000.0,CLP,48.1,2023-12-23 00:00:00.000000,2024-01-15 00:00:00.000000,departamento,arriendo,owner_direct
TT-2024-01-001695,toctoc,San Joaquín,Metropolitana,11.89,UF,41.5,2023-11-14 00:00:00.000000,2024-01-08 00:00:00.000000,departamento,Arriendo,agency
TT-2024-01-003691,toctoc,San Miguel,Metropolitana,14.59,UF,39.7,2023-12-26 00:00:00.000000,2024-01-22 00:00:00.000000,DEPARTAMENTO,arriendo,agency
TT-2024-01-003077,toctoc,Santiago,Metropolitana,495000.0,CLP,46.5,2023-12-08 00:00:00.000000,2024-01-15 00:00:00.000000,departamento,Arriendo,agency
TT-2024-01-002343,toctoc,Macul,Metropolitana,15.68,UF,45.9,2023-12-06 00:00:00.000000,2024-01-08 00:00:00.000000,Departamento,Arriendo,owner_direct
TT-2024-01-005372,toctoc,Santiago,Metropolitana,715000.0,CLP,61.2,2024-01-22 00:00:00.000000,2024-01-29 00:00:00.000000,DEPARTAMENTO,ARRIENDO,agency
TT-2024-01-000966,toctoc,San Miguel,Metropolitana,485000.0,CLP,28.2,2023-12-21 00:00:00.000000,2024-01-01 00:00:00.000000,DEPARTAMENTO,arriendo,agency
TT-2024-01-003540,toctoc,Lo Barnechea,Metropolitana,1030000.0,CLP,61.0,2024-01-08 00:00:00.000000,2024-01-22 00:00:00.000000,DEPARTAMENTO,ARRIENDO,agency
TT-2024-01-004056,toctoc,Recoleta,Metropolitana,9.59,UF,27.0,2024-01-15 00:00:00.000000,2024-01-22 00:00:00.000000,DEPARTAMENTO,arriendo,agency
TT-2024-01-004336,toctoc,La Florida,Metropolitana,16.62,UF,55.0,2024-01-13 00:00:00.000000,2024-01-22 00:00:00.000000,departamento,arriendo,owner_direct
TT-2024-01-002158,toctoc,Pudahuel,Metropolitana,990000.0,CLP,128.0,2023-12-28 00:00:00.000000,2024-01-08 00:00:00.000000,Departamento,arriendo,agency
TT-2024-01-001852,toctoc,Providencia,Metropolitana,855000.0,CLP,52.4,2023-11-28 00:00:00.000000,2024-01-08 00:00:00.000000,departamento,Arriendo,owner_direct
TT-2024-01-004949,toctoc,Quilicura,Metropolitana,345000.0,CLP,33.9,2023-12-23 00:00:00.000000,2024-01-29 00:00:00.000000,Departamento,arriendo,agency
TT-2024-01-000187,toctoc,Estación Central,Metropolitana,14.32,UF,50.7,2023-12-10 00:00:00.000000,2024-01-01 00:00:00.000000,Departamento,ARRIENDO,agency
TT-2024-01-004679,toctoc,Recoleta,Metropolitana,525000.0,CLP,46.4,2023-12-10 00:00:00.000000,2024-01-29 00:00:00.000000,Departamento,Arriendo,owner_direct
TT-2024-01-003351,toctoc,Providencia,Metropolitana,740000.0,CLP,31.2,2023-12-21 00:00:00.000000,2024-01-22 00:00:00.000000,DEPARTAMENTO,ARRIENDO,agency
TT-2024-01-000646,toctoc,Providencia,Metropolitana,840000.0,CLP,44.9,2023-11-30 00:00:00.000000,2024-01-01 00:00:00.000000,departamento,arriendo,agency
TT-2024-01-004369,toctoc,Lo Barnechea,Metropolitana,21.22,UF,43.8,2024-01-20 00:00:00.000000,2024-01-29 00:00:00.000000,Departamento,arriendo,agency
TT-2024-01-000547,toctoc,Macul,Metropolitana,380000.0,CLP,26.7,2023-12-26 00:00:00.000000,2024-01-01 00:00:00.000000,Departamento,Arriendo,agency
TT-2024-01-005300,toctoc,Pudahuel,Metropolitana,10.14,UF,26.6,2024-01-19 00:00:00.000000,2024-01-29 00:00:00.000000,Departamento,arriendo,agency
TT-2024-01-005486,toctoc,Santiago,Metropolitana,14.05,UF,28.8,2024-01-12 00:00:00.000000,2024-01-29 00:00:00.000000,departamento,ARRIENDO,owner_direct
TT-2024-01-005066,toctoc,Quinta Normal,Metropolitana,405000.0,CLP,35.7,2023-12-30 00:00:00.000000,2024-01-29 00:00:00.000000,departamento,Arriendo,agency
TT-2024-01-000409,toctoc,La Cisterna,Metropolitana,14.19,UF,45.8,2023-12-01 00:00:00.000000,2024-01-01 00:00:00.000000,Departamento,ARRIENDO,agency
TT-2024-01-000058,toctoc,Puente Alto,Metropolitana,12.3,UF,53.5,2023-12-07 00:00:00.000000,2024-01-01 00:00:00.000000,Departamento,arriendo,agency
TT-2024-01-005000,toctoc,Macul,Metropolitana,470000.0,CLP,38.7,2024-01-06 00:00:00.000000,2024-01-29 00:00:00.000000,DEPARTAMENTO,arriendo,agency
TT-2024-01-004441,toctoc,Maipú,Metropolitana,14.59,UF,64.0,2024-01-13 00:00:00.000000,2024-01-29 00:00:00.000000,DEPARTAMENTO,ARRIENDO,agency
TT-2024-01-001407,toctoc,Independencia,Metropolitana,10.54,UF,47.7,2023-12-17 00:00:00.000000,2024-01-08 00:00:00.000000,departamento,ARRIENDO,agency
TT-2024-01-002659,toctoc,La Florida,Metropolitana,840000.0,CLP,85.7,2023-12-20 00:00:00.000000,2024-01-15 00:00:00.000000,departamento,arriendo,agency
TT-2024-01-002286,toctoc,Estación Central,Metropolitana,10.27,UF,23.2,2023-12-21 00:00:00.000000,2024-01-08 00:00:00.000000,DEPARTAMENTO,ARRIENDO,owner_direct
TT-2024-01-002510,toctoc,San Joaquín,Metropolitana,525000.0,CLP,62.3,2023-11-22 00:00:00.000000,2024-01-15 00:00:00.000000,departamento,arriendo,agency
TT-2024-01-002088,toctoc,Santiago,Metropolitana,14.32,UF,41.1,2023-12-01 00:00:00.000000,2024-01-08 00:00:00.000000,DEPARTAMENTO,ARRIENDO,agency
TT-2024-01-000112,toctoc,Las Condes,Metropolitana,23.24,UF,34.0,2023-12-16 00:00:00.000000,2024-01-01 00:00:00.000000,DEPARTAMENTO,Arriendo,agency
TT-2024-01-000750,toctoc,Santiago,Metropolitana,15.81,UF,43.5,2023-11-19 00:00:00.000000,2024-01-01 00:00:00.000000,departamento,Arriendo,agency
TT-2024-01-000758,toctoc,Conchalí,Metropolitana,12.7,UF,44.1,2023-11-16 00:00:00.000000,2024-01-01 00:00:00.000000,DEPARTAMENTO,ARRIENDO,agency
TT-2024-01-003886,toctoc,Providencia,Metropolitana,23.65,UF,46.0,2023-12-05 00:00:00.000000,2024-01-22 00:00:00.000000,departamento,ARRIENDO,owner_direct
TT-2024-01-000390,toctoc,Huechuraba,Metropolitana,1000000.0,CLP,98.7,2023-12-05 00:00:00.000000,2024-01-01 00:00:00.000000,Departamento,Arriendo,agency
TT-2024-01-002404,toctoc,Santiago,Metropolitana,475000.0,CLP,36.0,2023-12-20 00:00:00.000000,2024-01-15 00:00:00.000000,departamento,ARRIENDO,agency
TT-2024-01-001642,toctoc,Santiago,Metropolitana,990000.0,CLP,101.7,2023-12-21 00:00:00.000000,2024-01-08 00:00:00.000000,Departamento,Arriendo,agency
TT-2024-01-000711,toctoc,Estación Central,Metropolitana,10.41,UF,32.7,2023-10-17 00:00:00.000000,2024-01-01 00:00:00.000000,departamento,ARRIENDO,owner_direct
TT-2024-01-000584,toctoc,Quinta Normal,Metropolitana,24.73,UF,114.7,2023-11-28 00:00:00.000000,2024-01-01 00:00:00.000000,DEPARTAMENTO,ARRIENDO,agency
TT-2024-01-003745,toctoc,San Miguel,Metropolitana,12.43,UF,37.3,2024-01-06 00:00:00.000000,2024-01-22 00:00:00.000000,departamento,arriendo,agency
TT-2024-01-003987,toctoc,Recoleta,Metropolitana,490000.0,CLP,46.4,2024-01-15 00:00:00.000000,2024-01-22 00:00:00.000000,departamento,Arriendo,agency
TT-2024-01-001435,toctoc,Lo Barnechea,Metropolitana,1095000.0,CLP,76.0,2023-12-17 00:00:00.000000,2024-01-08 00:00:00.000000,departamento,Arriendo,owner_direct
TT-2024-01-000810,toctoc,La Cisterna,Metropolitana,8.92,UF,30.3,2023-11-11 00:00:00.000000,2024-01-01 00:00:00.000000,Departamento,arriendo,owner_direct
TT-2024-01-004561,toctoc,Las Condes,Metropolitana,905000.0,CLP,45.9,2023-12-29 00:00:00.000000,2024-01-29 00:00:00.000000,Departamento,arriendo,owner_direct
TT-2024-01-003994,toctoc,Macul,Metropolitana,11.89,UF,26.5,2024-01-03 00:00:00.000000,2024-01-22 00:00:00.000000,DEPARTAMENTO,ARRIENDO,agency
TT-2024-01-004442,toctoc,Huechuraba,Metropolitana,970000.0,CLP,111.1,2024-01-05 00:00:00.000000,2024-01-29 00:00:00.000000,departamento,Arriendo,agency
TT-2024-01-002200,toctoc,Conchalí,Metropolitana,735000.0,CLP,97.5,2023-12-22 00:00:00.000000,2024-01-08 00:00:00.000000,Departamento,arriendo,owner_direct
TT-2024-01-002658,toctoc,San Joaquín,Metropolitana,430000.0,CLP,40.3,2023-12-02 00:00:00.000000,2024-01-15 00:00:00.000000,DEPARTAMENTO,Arriendo,owner_direct
TT-2024-01-003040,toctoc,Conchalí,Metropolitana,15.0,UF,61.1,2023-12-21 00:00:00.000000,2024-01-15 00:00:00.000000,departamento,Arriendo,
TT-2024-01-001488,toctoc,Maipú,Metropolitana,525000.0,CLP,43.6,2023-12-31 00:00:00.000000,2024-01-08 00:00:00.000000,Departamento,Arriendo,owner_direct
TT-2024-01-005414,toctoc,Las Condes,Metropolitana,20.0,UF,28.7,2024-01-01 00:00:00.000000,2024-01-29 00:00:00.000000,DEPARTAMENTO,Arriendo,agency
TT-2024-01-004786,toctoc,San Miguel,Metropolitana,15.14,UF,38.5,2023-12-07 00:00:00.000000,2024-01-29 00:00:00.000000,DEPARTAMENTO,ARRIENDO,agency
TT-2024-01-005141,toctoc,La Reina,Metropolitana,14.86,UF,26.8,2023-12-17 00:00:00.000000,2024-01-29 00:00:00.000000,DEPARTAMENTO,arriendo,
TT-2024-01-001009,toctoc,Puente Alto,Metropolitana,290000.0,CLP,30.4,2023-12-20 00:00:00.000000,2024-01-01 00:00:00.000000,DEPARTAMENTO,ARRIENDO,agency
TT-2024-01-005114,toctoc,Quilicura,Metropolitana,10.68,UF,38.9,2024-01-01 00:00:00.000000,2024-01-29 00:00:00.000000,DEPARTAMENTO,ARRIENDO,agency
TT-2024-01-004938,toctoc,Santiago,Metropolitana,515000.0,CLP,39.1,2023-12-25 00:00:00.000000,2024-01-29 00:00:00.000000,departamento,Arriendo,agency
TT-2024-01-001715,toctoc,Quilicura,Metropolitana,12.16,UF,45.5,2023-12-14 00:00:00.000000,2024-01-08 00:00:00.000000,DEPARTAMENTO,ARRIENDO,agency
TT-2024-01-005389,toctoc,Puente Alto,Metropolitana,16.49,UF,77.9,2024-01-12 00:00:00.000000,2024-01-29 00:00:00.000000,Departamento,Arriendo,owner_direct
TT-2024-01-002378,toctoc,Puente Alto,Metropolitana,385000.0,CLP,28.4,2023-12-14 00:00:00.000000,2024-01-15 00:00:00.000000,departamento,arriendo,owner_direct
TT-2024-01-003046,toctoc,Maipú,Metropolitana,360000.0,CLP,30.5,2023-09-13 00:00:00.000000,2024-01-15 00:00:00.000000,Departamento,ARRIENDO,agency
TT-2024-01-002380,toctoc,Macul,Metropolitana,19.59,UF,54.7,2023-12-04 00:00:00.000000,2024-01-15 00:00:00.000000,Departamento,arriendo,owner_direct
TT-2024-01-001862,toctoc,La Reina,Metropolitana,895000.0,CLP,52.9,2023-12-21 00:00:00.000000,2024-01-08 00:00:00.000000,departamento,Arriendo,agency
TT-2024-01-004331,toctoc,Macul,Metropolitana,600000.0,CLP,38.3,2024-01-01 00:00:00.000000,2024-01-22 00:00:00.000000,DEPARTAMENTO,Arriendo,agency
TT-2024-01-003001,toctoc,Santiago,Metropolitana,530000.0,CLP,53.8,2023-12-06 00:00:00.000000,2024-01-15 00:00:00.000000,Departamento,Arriendo,agency
TT-2024-01-000446,toctoc,Huechuraba,Metropolitana,15.81,UF,50.5,2023-12-06 00:00:00.000000,2024-01-01 00:00:00.000000,departamento,ARRIENDO,owner_direct
TT-2024-01-004830,toctoc,Santiago,Metropolitana,575000.0,CLP,52.4,2024-01-19 00:00:00.000000,2024-01-29 00:00:00.000000,DEPARTAMENTO,arriendo,agency
TT-2024-01-001499,toctoc,Providencia,Metropolitana,29.19,UF,64.1,2023-11-23 00:00:00.000000,2024-01-08 00:00:00.000000,Departamento,ARRIENDO,agency
TT-2024-01-001120,toctoc,La Cisterna,Metropolitana,475000.0,CLP,45.5,2023-09-11 00:00:00.000000,2024-01-01 00:00:00.000000,Departamento,Arriendo,
TT-2024-01-002767,toctoc,Santiago,Metropolitana,14.19,UF,33.9,2023-12-14 00:00:00.000000,2024-01-15 00:00:00.000000,departamento,Arriendo,owner_direct
TT-2024-01-002986,toctoc,Lo Barnechea,Metropolitana,27.84,UF,48.4,2023-12-23 00:00:00.000000,2024-01-15 00:00:00.000000,departamento,ARRIENDO,owner_direct
TT-2024-01-002571,toctoc,Peñalolén,Metropolitana,13.24,UF,44.9,2023-12-19 00:00:00.000000,2024-01-15 00:00:00.000000,DEPARTAMENTO,Arriendo,agency
TT-2024-01-001402,toctoc,Renca,Metropolitana,10.68,UF,36.4,2023-12-26 00:00:00.000000,2024-01-08 00:00:00.000000,DEPARTAMENTO,arriendo,agency
TT-2024-01-004193,toctoc,Huechuraba,Metropolitana,14.73,UF,47.2,2023-12-31 00:00:00.000000,2024-01-22 00:00:00.000000,Departamento,arriendo,agency
TT-2024-01-003320,toctoc,La Reina,Metropolitana,1505000.0,CLP,119.7,2024-01-02 00:00:00.000000,2024-01-22 00:00:00.000000,DEPARTAMENTO,arriendo,agency
TT-2024-01-000833,toctoc,Lo Barnechea,Metropolitana,1355000.0,CLP,94.1,2023-08-22 00:00:00.000000,2024-01-01 00:00:00.000000,departamento,Arriendo,agency
TT-2024-01-000044,toctoc,Huechuraba,Metropolitana,660000.0,CLP,54.9,2023-12-02 00:00:00.000000,2024-01-01 00:00:00.000000,departamento,ARRIENDO,agency
TT-2024-01-003928,toctoc,Ñuñoa ,Metropolitana,19.05,UF,45.9,2023-10-17 00:00:00.000000,2024-01-22 00:00:00.000000,Departamento,ARRIENDO,
TT-2024-01-001683,toctoc,Maipú,Metropolitana,15.95,UF,48.3,2024-01-02 00:00:00.000000,2024-01-08 00:00:00.000000,DEPARTAMENTO,Arriendo,agency
TT-2024-01-003554,toctoc,Puente Alto,Metropolitana,20.41,UF,133.2,2023-10-22 00:00:00.000000,2024-01-22 00:00:00.000000,Departamento,Arriendo,agency
TT-2024-01-002579,toctoc,Recoleta,Metropolitana,625000.0,CLP,63.9,2023-12-30 00:00:00.000000,2024-01-15 00:00:00.000000,departamento,Arriendo,owner_direct
TT-2024-01-003722,toctoc,Providencia,Metropolitana,840000.0,CLP,41.8,2024-01-09 00:00:00.000000,2024-01-22 00:00:00.000000,departamento,Arriendo,agency
TT-2024-01-005120,toctoc,Huechuraba,Metropolitana,15.68,UF,47.2,2024-01-09 00:00:00.000000,2024-01-29 00:00:00.000000,departamento,ARRIENDO,agency
TT-2024-01-003767,toctoc,Independencia,Metropolitana,505000.0,CLP,43.9,2024-01-09 00:00:00.000000,2024-01-22 00:00:00.000000,departamento,arriendo,agency
TT-2024-01-002384,toctoc,La Florida,Metropolitana,14.73,UF,50.9,2023-12-27 00:00:00.000000,2024-01-15 00:00:00.000000,Departamento,ARRIENDO,agency
TT-2024-01-003406,toctoc,La Florida,Metropolitana,16.08,UF,44.5,2024-01-06 00:00:00.000000,2024-01-22 00:00:00.000000,departamento,Arriendo,agency
TT-2024-01-000034,toctoc,Peñalolén,Metropolitana,15.14,UF,60.6,2023-11-22 00:00:00.000000,2024-01-01 00:00:00.000000,DEPARTAMENTO,ARRIENDO,agency
TT-2024-01-001724,toctoc,Vitacura,Metropolitana,960000.0,CLP,45.1,2023-10-23 00:00:00.000000,2024-01-08 00:00:00.000000,Departamento,arriendo,agency
TT-2024-01-001904,toctoc,Maipú,Metropolitana,510000.0,CLP,48.9,2023-12-08 00:00:00.000000,2024-01-08 00:00:00.000000,Departamento,arriendo,agency
TT-2024-01-000844,toctoc,Renca,Metropolitana,535000.0,CLP,63.2,2023-12-15 00:00:00.000000,2024-01-01 00:00:00.000000,DEPARTAMENTO,Arriendo,agency
TT-2024-01-003907,toctoc,Ñuñoa,Metropolitana,19.05,UF,38.4,2024-01-16 00:00:00.000000,2024-01-22 00:00:00.000000,DEPARTAMENTO,arriendo,agency
TT-2024-01-000614,toctoc,Cerrillos,Metropolitana,545000.0,CLP,66.4,2023-12-18 00:00:00.000000,2024-01-01 00:00:00.000000,DEPARTAMENTO,arriendo,agency
TT-2024-01-003815,toctoc,Maipú,Metropolitana,9.46,UF,41.3,2023-12-21 00:00:00.000000,2024-01-22 00:00:00.000000,departamento,ARRIENDO,owner_direct
TT-2024-01-004451,toctoc,La Florida,Metropolitana,12.03,UF,53.7,2024-01-08 00:00:00.000000,2024-01-29 00:00:00.000000,departamento,ARRIENDO,agency
TT-2024-01-000252,toctoc,Santiago,Metropolitana,730000.0,CLP,60.5,2023-12-16 00:00:00.000000,2024-01-01 00:00:00.000000,DEPARTAMENTO,Arriendo,owner_direct
TT-2024-01-000936,toctoc,Santiago,Metropolitana,10.95,UF,30.9,2023-12-09 00:00:00.000000,2024-01-01 00:00:00.000000,DEPARTAMENTO,ARRIENDO,agency
TT-2024-01-001199,toctoc,Independencia,Metropolitana,565000.0,CLP,47.5,2023-12-31 00:00:00.000000,2024-01-08 00:00:00.000000,Departamento,Arriendo,owner_direct
TT-2024-01-003785,toctoc,Las Condes,Metropolitana,1455000.0,CLP,83.6,2024-01-19 00:00:00.000000,2024-01-22 00:00:00.000000,DEPARTAMENTO,Arriendo,agency
TT-2024-01-004774,toctoc,Providencia,Metropolitana,890000.0,CLP,47.4,2024-01-13 00:00:00.000000,2024-01-29 00:00:00.000000,departamento,Arriendo,agency
TT-2024-01-004698,toctoc,Ñuñoa,Metropolitana,25.68,UF,81.9,2024-01-04 00:00:00.000000,2024-01-29 00:00:00.000000,Departamento,arriendo,owner_direct
TT-2024-01-005417,toctoc,San Miguel,Metropolitana,18.51,UF,57.9,2023-12-19 00:00:00.000000,2024-01-29 00:00:00.000000,Departamento,arriendo,owner_direct
TT-2024-01-001172,toctoc,Santiago,Metropolitana,17.16,UF,57.4,2023-12-08 00:00:00.000000,2024-01-01 00:00:00.000000,departamento,Arriendo,agency
TT-2024-01-002833,toctoc,Quinta Normal,Metropolitana,14.73,UF,58.8,2023-12-25 00:00:00.000000,2024-01-15 00:00:00.000000,departamento,Arriendo,owner_direct
TT-2024-01-003239,toctoc,Independencia,Metropolitana,10.27,UF,26.1,2023-12-30 00:00:00.000000,2024-01-15 00:00:00.000000,DEPARTAMENTO,Arriendo,agency
TT-2024-01-002403,toctoc,Independencia,Metropolitana,465000.0,CLP,53.5,2024-01-02 00:00:00.000000,2024-01-15 00:00:00.000000,Departamento,arriendo,owner_direct
TT-2024-01-002631,toctoc,La Florida,Metropolitana,22.97,UF,89.5,2023-11-15 00:00:00.000000,2024-01-15 00:00:00.000000,Departamento,ARRIENDO,
TT-2024-01-003070,toctoc,Santiago,Metropolitana,1240000.0,CLP,140.5,2023-12-11 00:00:00.000000,2024-01-15 00:00:00.000000,Departamento,arriendo,agency
TT-2024-01-001495,toctoc,Macul,Metropolitana,14.46,UF,43.9,2024-01-06 00:00:00.000000,2024-01-08 00:00:00.000000,DEPARTAMENTO,Arriendo,
TT-2024-01-003338,toctoc,Huechuraba,Metropolitana,15.14,UF,47.1,2023-06-23 00:00:00.000000,2024-01-22 00:00:00.000000,Departamento,arriendo,agency
TT-2024-01-002357,toctoc,Recoleta ,Metropolitana,590000.0,CLP,70.5,2023-12-22 00:00:00.000000,2024-01-08 00:00:00.000000,Departamento,ARRIENDO,agency
TT-2024-01-001022,toctoc,Renca,Metropolitana,610000.0,CLP,74.7,2023-11-15 00:00:00.000000,2024-01-01 00:00:00.000000,DEPARTAMENTO,arriendo,agency
TT-2024-01-000159,toctoc,Estación Central ,Metropolitana,19.46,UF,99.2,2023-12-09 00:00:00.000000,2024-01-01 00:00:00.000000,departamento,arriendo,owner_direct
TT-2024-01-003634,toctoc,Huechuraba,Metropolitana,16.08,UF,42.6,2023-11-19 00:00:00.000000,2024-01-22 00:00:00.000000,departamento,Arriendo,agency
TT-2024-01-004875,toctoc,Maipú,Metropolitana,15.95,UF,84.8,2023-12-18 00:00:00.000000,2024-01-29 00:00:00.000000,DEPARTAMENTO,arriendo,agency
TT-2024-01-002825,toctoc,Las Condes,Metropolitana,895000.0,CLP,38.6,2023-12-29 00:00:00.000000,2024-01-15 00:00:00.000000,Departamento,arriendo,agency
TT-2024-01-000075,toctoc,la cisterna,Metropolitana,17.57,UF,51.3,2023-11-25 00:00:00.000000,2024-01-01 00:00:00.000000,departamento,Arriendo,agency
TT-2024-01-001671,toctoc,Providencia,Metropolitana,11615000.0,CLP,59.6,2023-12-25 00:00:00.000000,2024-01-08 00:00:00.000000,departamento,Arriendo,agency
TT-2024-01-000872,toctoc,Providencia,Metropolitana,840000.0,CLP,44.8,2023-11-01 00:00:00.000000,2024-01-01 00:00:00.000000,Departamento,Arriendo,agency
TT-2024-01-003345,toctoc,Las Condes,Metropolitana,26.49,UF,50.7,2024-01-04 00:00:00.000000,2024-01-22 00:00:00.000000,departamento,ARRIENDO,agency
TT-2024-01-004339,toctoc,Las Condes,Metropolitana,1025000.0,CLP,55.9,2023-11-23 00:00:00.000000,2024-01-22 00:00:00.000000,departamento,arriendo,agency
TT-2024-01-003501,toctoc,Huechuraba,Metropolitana,655000.0,CLP,55.4,2023-12-27 00:00:00.000000,2024-01-22 00:00:00.000000,DEPARTAMENTO,Arriendo,
TT-2024-01-004887,toctoc,Conchalí,Metropolitana,19.05,UF,96.7,2023-11-02 00:00:00.000000,2024-01-29 00:00:00.000000,departamento,Arriendo,owner_direct
TT-2024-01-001591,toctoc,La Reina,Metropolitana,24.59,UF,76.3,2024-01-07 00:00:00.000000,2024-01-08 00:00:00.000000,departamento,ARRIENDO,owner_direct
TT-2024-01-002683,toctoc,Independencia,Metropolitana,460000.0,CLP,47.6,2023-12-15 00:00:00.000000,2024-01-15 00:00:00.000000,DEPARTAMENTO,ARRIENDO,agency
TT-2024-01-001423,toctoc,Lo Barnechea,Metropolitana,17.57,UF,27.4,2023-12-26 00:00:00.000000,2024-01-08 00:00:00.000000,Departamento,arriendo,agency
TT-2024-01-005285,toctoc,Providencia,Metropolitana,22.97,UF,41.6,2023-10-11 00:00:00.000000,2024-01-29 00:00:00.000000,departamento,arriendo,agency
TT-2024-01-003713,toctoc,Recoleta,Metropolitana,11.89,UF,44.2,2023-08-29 00:00:00.000000,2024-01-22 00:00:00.000000,departamento,ARRIENDO,owner_direct
TT-2024-01-001646,toctoc,Quinta Normal,Metropolitana,515000.0,CLP,39.5,2023-12-02 00:00:00.000000,2024-01-08 00:00:00.000000,departamento,Arriendo,agency
TT-2024-01-004312,toctoc,Puente Alto,Metropolitana,12.57,UF,45.1,2023-12-25 00:00:00.000000,2024-01-22 00:00:00.000000,departamento,arriendo,agency
TT-2024-01-003119,toctoc,Las Condes,Metropolitana,33.11,UF,62.8,2023-12-26 00:00:00.000000,2024-01-15 00:00:00.000000,Departamento,arriendo,agency
TT-2024-01-000958,toctoc,Estación Central,Metropolitana,415000.0,CLP,39.2,2023-12-10 00:00:00.000000,2024-01-01 00:00:00.000000,DEPARTAMENTO,ARRIENDO,owner_direct
TT-2024-01-002405,toctoc,Macul,Metropolitana,21.22,UF,77.1,2023-09-12 00:00:00.000000,2024-01-15 00:00:00.000000,departamento,Arriendo,agency
TT-2024-01-005160,toctoc,Las Condes,Metropolitana,1045000.0,CLP,50.9,2024-01-12 00:00:00.000000,2024-01-29 00:00:00.000000,Departamento,ARRIENDO,agency
TT-2024-01-002163,toctoc,Providencia,Metropolitana,20.27,UF,33.9,2023-12-31 00:00:00.000000,2024-01-08 00:00:00.000000,Departamento,Arriendo,agency
TT-2024-01-005291,toctoc,Estación Central,Metropolitana,11.22,UF,38.4,2024-01-23 00:00:00.000000,2024-01-29 00:00:00.000000,departamento,arriendo,
TT-2024-01-001034,toctoc,La Florida,Metropolitana,425000.0,CLP,42.8,2023-12-18 00:00:00.000000,2024-01-01 00:00:00.000000,departamento,arriendo,agency
TT-2024-01-003066,toctoc,La Florida,Metropolitana,200.81,UF,80.2,2023-12-10 00:00:00.000000,2024-01-15 00:00:00.000000,DEPARTAMENTO,arriendo,
TT-2024-01-003075,toctoc,Maipú,Metropolitana,365000.0,CLP,25.5,2024-01-07 00:00:00.000000,2024-01-15 00:00:00.000000,departamento,ARRIENDO,owner_direct
TT-2024-01-002242,toctoc,Santiago,Metropolitana,515000.0,CLP,43.0,2023-12-26 00:00:00.000000,2024-01-08 00:00:00.000000,departamento,Arriendo,agency
TT-2024-01-003559,toctoc,Estación Central,Metropolitana,11.89,UF,37.1,2024-01-08 00:00:00.000000,2024-01-22 00:00:00.000000,DEPARTAMENTO,ARRIENDO,owner_direct
TT-2024-01-001857,toctoc,Macul,Metropolitana,480000.0,CLP,41.8,2023-12-26 00:00:00.000000,2024-01-08 00:00:00.000000,Departamento,ARRIENDO,agency
TT-2024-01-004032,toctoc,San Joaquín,Metropolitana,15.54,UF,46.9,2023-12-18 00:00:00.000000,2024-01-22 00:00:00.000000,departamento,Arriendo,owner_direct
TT-2024-01-005403,toctoc,Quinta Normal,Metropolitana,445000.0,CLP,46.7,2024-01-18 00:00:00.000000,2024-01-29 00:00:00.000000,DEPARTAMENTO,ARRIENDO,agency
TT-2024-01-001931,toctoc,Santiago,Metropolitana,19.59,UF,96.4,2023-12-19 00:00:00.000000,2024-01-08 00:00:00.000000,DEPARTAMENTO,Arriendo,agency
TT-2024-01-002780,toctoc,Vitacura,Metropolitana,23.11,UF,34.3,2024-01-04 00:00:00.000000,2024-01-15 00:00:00.000000,departamento,arriendo,agency
TT-2024-01-003654,toctoc,Las Condes,Metropolitana,25.0,UF,34.0,2024-01-16 00:00:00.000000,2024-01-22 00:00:00.000000,DEPARTAMENTO,arriendo,owner_direct
TT-2024-01-003629,toctoc,Macul,Metropolitana,650000.0,CLP,75.2,2024-01-13 00:00:00.000000,2024-01-22 00:00:00.000000,Departamento,ARRIENDO,agency
TT-2024-01-004121,toctoc,La Florida,Metropolitana,14.86,UF,47.1,2023-12-18 00:00:00.000000,2024-01-22 00:00:00.000000,DEPARTAMENTO,Arriendo,owner_direct
TT-2024-01-004450,toctoc,Ñuñoa,Metropolitana,31.08,UF,89.7,2023-12-24 00:00:00.000000,2024-01-29 00:00:00.000000,departamento,Arriendo,
TT-2024-01-002481,toctoc,Ñuñoa,Metropolitana,1060000.0,CLP,92.2,2024-01-09 00:00:00.000000,2024-01-15 00:00:00.000000,departamento,Arriendo,owner_direct
TT-2024-01-004406,toctoc,Estación Central,Metropolitana,380000.0,CLP,27.8,2024-01-17 00:00:00.000000,2024-01-29 00:00:00.000000,departamento,Arriendo,agency
TT-2024-01-000700,toctoc,Quilicura,Metropolitana,395000.0,CLP,45.6,2023-12-07 00:00:00.000000,2024-01-01 00:00:00.000000,Departamento,arriendo,agency
TT-2024-01-004694,toctoc,Las Condes,Metropolitana,790000.0,CLP,32.4,2023-11-27 00:00:00.000000,2024-01-29 00:00:00.000000,DEPARTAMENTO,arriendo,agency
TT-2024-01-003576,toctoc,Las Condes,Metropolitana,27.97,UF,60.0,2024-01-08 00:00:00.000000,2024-01-22 00:00:00.000000,departamento,ARRIENDO,owner_direct
TT-2024-01-000250,toctoc,Santiago,Metropolitana,520000.0,CLP,38.3,2023-11-26 00:00:00.000000,2024-01-01 00:00:00.000000,departamento,arriendo,agency
TT-2024-01-003353,toctoc,La Florida,Metropolitana,435000.0,CLP,34.8,2023-07-18 00:00:00.000000,2024-01-22 00:00:00.000000,DEPARTAMENTO,ARRIENDO,agency
TT-2024-01-000596,toctoc,Cerrillos,Metropolitana,12.43,UF,43.2,2023-12-18 00:00:00.000000,2024-01-01 00:00:00.000000,departamento,ARRIENDO,agency
TT-2024-01-003087,toctoc,Santiago,Metropolitana,18.38,UF,54.9,2023-11-18 00:00:00.000000,2024-01-15 00:00:00.000000,departamento,ARRIENDO,agency
TT-2024-01-003720,toctoc,ESTACIÓN CENTRAL,Metropolitana,15.41,UF,61.4,2024-01-09 00:00:00.000000,2024-01-22 00:00:00.000000,Departamento,Arriendo,owner_direct
TT-2024-01-002331,toctoc,Estación Central,Metropolitana,13.24,UF,45.8,2023-12-30 00:00:00.000000,2024-01-08 00:00:00.000000,Departamento,arriendo,owner_direct
TT-2024-01-003958,toctoc,Pudahuel,Metropolitana,455000.0,CLP,51.2,2023-12-05 00:00:00.000000,2024-01-22 00:00:00.000000,departamento,arriendo,agency
TT-2024-01-002583,toctoc,Santiago,Metropolitana,24.59,UF,88.6,2023-12-24 00:00:00.000000,2024-01-15 00:00:00.000000,departamento,Arriendo,agency
TT-2024-01-003349,toctoc, Maipú,Metropolitana,495000.0,CLP,52.4,2023-12-13 00:00:00.000000,2024-01-22 00:00:00.000000,Departamento,arriendo,agency
TT-2024-01-003034,toctoc,Las Condes,Metropolitana,1380000.0,CLP,68.3,2024-01-04 00:00:00.000000,2024-01-15 00:00:00.000000,DEPARTAMENTO,ARRIENDO,owner_direct
TT-2024-01-002213,toctoc,Huechuraba,Metropolitana,775000.0,CLP,51.4,2023-12-07 00:00:00.000000,2024-01-08 00:00:00.000000,Departamento,Arriendo,owner_direct
TT-2024-01-004684,toctoc,Santiago,Metropolitana,11.08,UF,28.4,2023-12-27 00:00:00.000000,2024-01-29 00:00:00.000000,Departamento,Arriendo,agency
TT-2024-01-003160,toctoc,San Joaquín,Metropolitana,360000.0,CLP,29.7,2023-12-06 00:00:00.000000,2024-01-15 00:00:00.000000,departamento,ARRIENDO,owner_direct
TT-2024-01-001171,toctoc,Santiago,Metropolitana,17.97,UF,69.3,2023-12-12 00:00:00.000000,2024-01-01 00:00:00.000000,DEPARTAMENTO,Arriendo,agency
TT-2024-01-000485,toctoc,Santiago,Metropolitana,490000.0,CLP,39.5,2023-11-28 00:00:00.000000,2024-01-01 00:00:00.000000,departamento,arriendo,agency
TT-2024-01-003565,toctoc,Recoleta,Metropolitana,375000.0,CLP,34.5,2023-11-18 00:00:00.000000,2024-01-22 00:00:00.000000,departamento,arriendo,owner_direct
TT-2024-01-003864,toctoc,Santiago,Metropolitana,490000.0,CLP,43.3,2023-09-20 00:00:00.000000,2024-01-22 00:00:00.000000,DEPARTAMENTO,ARRIENDO,agency
TT-2024-01-000782,toctoc,Ñuñoa,Metropolitana,30.95,UF,96.1,2023-12-22 00:00:00.000000,2024-01-01 00:00:00.000000,DEPARTAMENTO,arriendo,owner_direct
TT-2024-01-004017,toctoc,San Miguel,Metropolitana,455000.0,CLP,28.4,2023-08-16 00:00:00.000000,2024-01-22 00:00:00.000000,DEPARTAMENTO,Arriendo,owner_direct
TT-2024-01-003625,toctoc,San Miguel,Metropolitana,12.84,UF,32.6,2024-01-10 00:00:00.000000,2024-01-22 00:00:00.000000,Departamento,Arriendo,agency
TT-2024-01-005064,toctoc,La Florida,Metropolitana,430000.0,CLP,38.2,2024-01-07 00:00:00.000000,2024-01-29 00:00:00.000000,DEPARTAMENTO,Arriendo,agency
TT-2024-01-005181,toctoc,Macul,Metropolitana,440000.0,CLP,36.6,2023-12-11 00:00:00.000000,2024-01-29 00:00:00.000000,departamento,ARRIENDO,owner_direct
TT-2024-01-004124,toctoc,Macul,Metropolitana,515000.0,CLP,53.2,2024-01-21 00:00:00.000000,2024-01-22 00:00:00.000000,DEPARTAMENTO,ARRIENDO,agency
TT-2024-01-002527,toctoc,Ñuñoa,Metropolitana,22.97,UF,68.2,2023-12-12 00:00:00.000000,2024-01-15 00:00:00.000000,DEPARTAMENTO,Arriendo,owner_direct
TT-2024-01-003086,toctoc,ESTACIÓN CENTRAL,Metropolitana,500000.0,CLP,53.2,2023-12-05 00:00:00.000000,2024-01-15 00:00:00.000000,departamento,arriendo,agency
TT-2024-01-004295,toctoc,Las Condes,Metropolitana,30.41,UF,61.8,2023-12-22 00:00:00.000000,2024-01-22 00:00:00.000000,DEPARTAMENTO,Arriendo,agency
TT-2024-01-001198,toctoc,Recoleta,Metropolitana,700000.0,CLP,106.8,2023-11-23 00:00:00.000000,2024-01-08 00:00:00.000000,Departamento,Arriendo,agency
TT-2024-01-000265,toctoc,Las Condes,Metropolitana,1200000.0,CLP,67.0,2023-12-02 00:00:00.000000,2024-01-01 00:00:00.000000,departamento,arriendo,agency
TT-2024-01-003564,toctoc,Cerrillos,Metropolitana,11.49,UF,22.7,2024-01-02 00:00:00.000000,2024-01-22 00:00:00.000000,DEPARTAMENTO,ARRIENDO,owner_direct
TT-2024-01-005489,toctoc,Santiago,Metropolitana,11.62,UF,31.3,2024-01-22 00:00:00.000000,2024-01-29 00:00:00.000000,departamento,ARRIENDO,agency
TT-2024-01-004927,toctoc,Ñuñoa,Metropolitana,785000.0,CLP,45.0,2024-01-21 00:00:00.000000,2024-01-29 00:00:00.000000,departamento,arriendo,agency
TT-2024-01-003984,toctoc,La Reina,Metropolitana,945000.0,CLP,58.9,2023-12-27 00:00:00.000000,2024-01-22 00:00:00.000000,departamento,ARRIENDO,agency
TT-2024-01-003723,toctoc,Santiago,Metropolitana,16.89,UF,57.6,2023-12-21 00:00:00.000000,2024-01-22 00:00:00.000000,DEPARTAMENTO,Arriendo,agency
TT-2024-01-001039,toctoc,Santiago,Metropolitana,510000.0,CLP,41.3,2023-11-24 00:00:00.000000,2024-01-01 00:00:00.000000,DEPARTAMENTO,Arriendo,owner_direct
TT-2024-01-001670,toctoc,Puente Alto,Metropolitana,455000.0,CLP,62.8,2023-11-18 00:00:00.000000,2024-01-08 00:00:00.000000,Departamento,ARRIENDO,agency
TT-2024-01-003941,toctoc,Santiago,Metropolitana,24.86,UF,95.6,2023-12-11 00:00:00.000000,2024-01-22 00:00:00.000000,departamento,arriendo,agency
TT-2024-01-002852,toctoc,Providencia,Metropolitana,845000.0,CLP,38.4,2023-11-24 00:00:00.000000,2024-01-15 00:00:00.000000,DEPARTAMENTO,Arriendo,owner_direct
TT-2024-01-004808,toctoc,Santiago,Metropolitana,465000.0,CLP,27.2,2024-01-19 00:00:00.000000,2024-01-29 00:00:00.000000,Departamento,ARRIENDO,agency
TT-2024-01-005076,toctoc,Santiago,Metropolitana,17.03,UF,40.3,2024-01-05 00:00:00.000000,2024-01-29 00:00:00.000000,DEPARTAMENTO,arriendo,owner_direct
TT-2024-01-005105,toctoc,santiago,Metropolitana,660000.0,CLP,53.7,2023-09-06 00:00:00.000000,2024-01-29 00:00:00.000000,departamento,arriendo,
TT-2024-01-000427,toctoc,Las Condes,Metropolitana,1140000.0,CLP,67.5,2023-12-30 00:00:00.000000,2024-01-01 00:00:00.000000,departamento,Arriendo,agency
TT-2024-01-001376,toctoc,Las Condes,Metropolitana,970000.0,CLP,42.9,2023-12-25 00:00:00.000000,2024-01-08 00:00:00.000000,Departamento,arriendo,agency
TT-2024-01-000213,toctoc,Macul,Metropolitana,485000.0,CLP,35.2,2023-12-18 00:00:00.000000,2024-01-01 00:00:00.000000,Departamento,arriendo,agency
TT-2024-01-000984,toctoc,Quinta Normal,Metropolitana,13.78,UF,42.4,2023-10-30 00:00:00.000000,2024-01-01 00:00:00.000000,Departamento,arriendo,agency
TT-2024-01-002428,toctoc,Santiago,Metropolitana,10.14,UF,36.1,2024-01-07 00:00:00.000000,2024-01-15 00:00:00.000000,Departamento,Arriendo,agency
TT-2024-01-004194,toctoc,La Florida,Metropolitana,590000.0,CLP,52.3,2023-12-27 00:00:00.000000,2024-01-22 00:00:00.000000,Departamento,ARRIENDO,owner_direct
TT-2024-01-001763,toctoc,Santiago,Metropolitana,20.14,UF,66.7,2023-12-04 00:00:00.000000,2024-01-08 00:00:00.000000,Departamento,ARRIENDO,owner_direct
TT-2024-01-001061,toctoc,Huechuraba,Metropolitana,16.22,UF,32.4,2023-11-28 00:00:00.000000,2024-01-01 00:00:00.000000,departamento,Arriendo,agency
TT-2024-01-004641,toctoc,Maipú,Metropolitana,16.08,UF,66.8,2023-12-13 00:00:00.000000,2024-01-29 00:00:00.000000,departamento,ARRIENDO,agency
TT-2024-01-005360,toctoc,Pudahuel,Metropolitana,8.65,UF,20.6,2024-01-11 00:00:00.000000,2024-01-29 00:00:00.000000,DEPARTAMENTO,ARRIENDO,agency
TT-2024-01-003063,toctoc,Quinta Normal,Metropolitana,11.49,UF,37.0,2023-09-03 00:00:00.000000,2024-01-15 00:00:00.000000,DEPARTAMENTO,arriendo,owner_direct
TT-2024-01-004349,toctoc,Maipú,Metropolitana,520000.0,CLP,58.2,2024-01-10 00:00:00.000000,2024-01-22 00:00:00.000000,departamento,arriendo,agency
TT-2024-01-001334,toctoc,San Miguel,Metropolitana,11.35,UF,29.4,2023-09-09 00:00:00.000000,2024-01-08 00:00:00.000000,DEPARTAMENTO,ARRIENDO,owner_direct
TT-2024-01-002453,toctoc,Estación Central,Metropolitana,595000.0,CLP,62.7,2023-11-20 00:00:00.000000,2024-01-15 00:00:00.000000,departamento,ARRIENDO,agency
TT-2024-01-002212,toctoc,Santiago,Metropolitana,16.89,UF,45.3,2023-12-15 00:00:00.000000,2024-01-08 00:00:00.000000,Departamento,arriendo,agency
TT-2024-01-001363,toctoc,Independencia,Metropolitana,615000.0,CLP,66.6,2023-11-12 00:00:00.000000,2024-01-08 00:00:00.000000,Departamento,ARRIENDO,agency
TT-2024-01-001518,toctoc,Las Condes,Metropolitana,23.92,UF,30.0,2023-12-20 00:00:00.000000,2024-01-08 00:00:00.000000,Departamento,arriendo,agency
TT-2024-01-005264,toctoc,La Florida,Metropolitana,14.86,UF,53.4,2023-12-29 00:00:00.000000,2024-01-29 00:00:00.000000,Departamento,ARRIENDO,agency
TT-2024-01-004763,toctoc,Ñuñoa,Metropolitana,17.84,UF,45.6,2024-01-16 00:00:00.000000,2024-01-29 00:00:00.000000,departamento,Arriendo,agency
TT-2024-01-003309,toctoc,Providencia,Metropolitana,23.24,UF,41.3,2023-09-29 00:00:00.000000,2024-01-22 00:00:00.000000,departamento,Arriendo,owner_direct
TT-2024-01-000088,toctoc,Providencia,Metropolitana,18.65,UF,38.2,2023-12-23 00:00:00.000000,2024-01-01 00:00:00.000000,Departamento,Arriendo,agency
TT-2024-01-002771,toctoc,Conchalí,Metropolitana,15.41,UF,53.5,2023-12-10 00:00:00.000000,2024-01-15 00:00:00.000000,departamento,arriendo,agency
TT-2024-01-004782,toctoc,Estación Central,Metropolitana,24.05,UF,96.4,2023-12-12 00:00:00.000000,2024-01-29 00:00:00.000000,Departamento,ARRIENDO,owner_direct
TT-2024-01-002648,toctoc,Macul,Metropolitana,725000.0,CLP,60.2,2024-01-06 00:00:00.000000,2024-01-15 00:00:00.000000,departamento,Arriendo,owner_direct
TT-2024-01-002818,toctoc,Conchalí,Metropolitana,14.46,UF,42.3,2023-12-22 00:00:00.000000,2024-01-15 00:00:00.000000,departamento,arriendo,owner_direct
TT-2024-01-002085,toctoc,Las Condes,Metropolitana,880000.0,CLP,40.6,2023-12-12 00:00:00.000000,2024-01-08 00:00:00.000000,Departamento,Arriendo,agency
TT-2024-01-001919,toctoc,Las Condes,Metropolitana,1110000.0,CLP,52.6,2023-08-31 00:00:00.000000,2024-01-08 00:00:00.000000,departamento,arriendo,agency
TT-2024-01-004759,toctoc,San Miguel,Metropolitana,745000.0,CLP,69.6,2023-08-09 00:00:00.000000,2024-01-29 00:00:00.000000,DEPARTAMENTO,arriendo,agency
TT-2024-01-003740,toctoc,Puente Alto,Metropolitana,12.16,UF,53.8,2024-01-02 00:00:00.000000,2024-01-22 00:00:00.000000,Departamento,ARRIENDO,owner_direct
TT-2024-01-000570,toctoc,Vitacura,Metropolitana,1425000.0,CLP,74.3,2023-12-11 00:00:00.000000,2024-01-01 00:00:00.000000,DEPARTAMENTO,arriendo,owner_direct
TT-2024-01-001208,toctoc,Las Condes,Metropolitana,22.7,UF,33.9,2023-12-11 00:00:00.000000,2024-01-08 00:00:00.000000,Departamento,Arriendo,owner_direct
TT-2024-01-002367,toctoc,Santiago,Metropolitana,15.41,UF,32.8,2024-01-02 00:00:00.000000,2024-01-15 00:00:00.000000,DEPARTAMENTO,Arriendo,owner_direct
TT-2024-01-002440,toctoc,Macul,Metropolitana,645000.0,CLP,58.0,2023-12-19 00:00:00.000000,2024-01-15 00:00:00.000000,Departamento,ARRIENDO,agency
TT-2024-01-001015,toctoc,Quinta Normal,Metropolitana,415000.0,CLP,35.3,2023-11-16 00:00:00.000000,2024-01-01 00:00:00.000000,DEPARTAMENTO,Arriendo,agency
TT-2024-01-001357,toctoc,Estación Central,Metropolitana,15.95,UF,85.2,2023-12-17 00:00:00.000000,2024-01-08 00:00:00.000000,departamento,ARRIENDO,owner_direct
TT-2024-01-001565,toctoc,RECOLETA,Metropolitana,760000.0,CLP,90.1,2024-01-04 00:00:00.000000,2024-01-08 00:00:00.000000,DEPARTAMENTO,ARRIENDO,agency
TT-2024-01-001968,toctoc,Vitacura,Metropolitana,31.62,UF,46.0,2023-08-13 00:00:00.000000,2024-01-08 00:00:00.000000,Departamento,arriendo,agency
TT-2024-01-002843,toctoc,Ñuñoa,Metropolitana,810000.0,CLP,65.7,2024-01-09 00:00:00.000000,2024-01-15 00:00:00.000000,departamento,arriendo,agency
TT-2024-01-003158,toctoc,San Joaquín,Metropolitana,10.54,UF,31.0,2023-12-06 00:00:00.000000,2024-01-15 00:00:00.000000,departamento,Arriendo,agency
TT-2024-01-003814,toctoc,La Cisterna,Metropolitana,480000.0,CLP,47.1,2023-10-21 00:00:00.000000,2024-01-22 00:00:00.000000,departamento,ARRIENDO,agency
TT-2024-01-001673,toctoc,San Miguel,Metropolitana,17.57,UF,61.2,2024-01-03 00:00:00.000000,2024-01-08 00:00:00.000000,Departamento,arriendo,agency
TT-2024-01-004747,toctoc,La Florida,Metropolitana,665000.0,CLP,70.4,2024-01-17 00:00:00.000000,2024-01-29 00:00:00.000000,DEPARTAMENTO,arriendo,agency
TT-2024-01-000332,toctoc,La Florida,Metropolitana,16.49,UF,64.0,2023-12-20 00:00:00.000000,2024-01-01 00:00:00.000000,DEPARTAMENTO,Arriendo,agency
TT-2024-01-001420,toctoc,Las Condes,Metropolitana,19.86,UF,52.1,2023-10-16 00:00:00.000000,2024-01-08 00:00:00.000000,Departamento,Arriendo,owner_direct
TT-2024-01-002742,toctoc,La Florida,Metropolitana,13.38,UF,43.6,2023-12-23 00:00:00.000000,2024-01-15 00:00:00.000000,Departamento,Arriendo,agency
TT-2024-01-003572,toctoc,Las Condes,Metropolitana,28.11,UF,64.0,2023-12-22 00:00:00.000000,2024-01-22 00:00:00.000000,departamento,arriendo,agency
TT-2024-01-003603,toctoc,Lo Barnechea,Metropolitana,20.14,UF,35.0,2024-01-06 00:00:00.000000,2024-01-22 00:00:00.000000,departamento,arriendo,owner_direct
TT-2024-01-001025,toctoc,Pudahuel,Metropolitana,455000.0,CLP,55.8,2023-12-14 00:00:00.000000,2024-01-01 00:00:00.000000,departamento,arriendo,owner_direct
TT-2024-01-004685,toctoc,Estación Central,Metropolitana,555000.0,CLP,58.7,2023-12-17 00:00:00.000000,2024-01-29 00:00:00.000000,DEPARTAMENTO,ARRIENDO,agency
TT-2024-01-004632,toctoc,Santiago,Metropolitana,12.3,UF,34.4,2024-01-13 00:00:00.000000,2024-01-29 00:00:00.000000,departamento,arriendo,owner_direct
TT-2024-01-001281,toctoc,Ñuñoa,Metropolitana,640000.0,CLP,48.0,2023-11-04 00:00:00.000000,2024-01-08 00:00:00.000000,Departamento,ARRIENDO,agency
TT-2024-01-002379,toctoc,Lo Barnechea,Metropolitana,1145000.0,CLP,88.2,2023-08-17 00:00:00.000000,2024-01-15 00:00:00.000000,Departamento,ARRIENDO,agency
TT-2024-01-000566,toctoc,Estación Central,Metropolitana,12.7,UF,47.9,2023-12-07 00:00:00.000000,2024-01-01 00:00:00.000000,DEPARTAMENTO,Arriendo,agency
TT-2024-01-004801,toctoc,Las Condes,Metropolitana,30.54,UF,55.0,2023-12-02 00:00:00.000000,2024-01-29 00:00:00.000000,departamento,ARRIENDO,owner_direct
TT-2024-01-005309,toctoc,San Miguel,Metropolitana,14.05,UF,55.5,2023-11-18 00:00:00.000000,2024-01-29 00:00:00.000000,Departamento,ARRIENDO,agency
TT-2024-01-000304,toctoc,Providencia,Metropolitana,1340000.0,CLP,67.7,2023-11-18 00:00:00.000000,2024-01-01 00:00:00.000000,DEPARTAMENTO,ARRIENDO,agency
TT-2024-01-000376,toctoc,Quilicura,Metropolitana,9.32,UF,43.9,2023-12-28 00:00:00.000000,2024-01-01 00:00:00.000000,departamento,ARRIENDO,agency
TT-2024-01-002047,toctoc,Renca,Metropolitana,11.35,UF,38.7,2024-01-03 00:00:00.000000,2024-01-08 00:00:00.000000,DEPARTAMENTO,Arriendo,agency
TT-2024-01-001817,toctoc,Recoleta,Metropolitana,14.59,UF,41.7,2023-12-26 00:00:00.000000,2024-01-08 00:00:00.000000,departamento,Arriendo,agency
TT-2024-01-001102,toctoc,Las Condes,Metropolitana,1200000.0,CLP,50.7,2023-12-12 00:00:00.000000,2024-01-01 00:00:00.000000,DEPARTAMENTO,Arriendo,owner_direct
TT-2024-01-000071,toctoc,Ñuñoa,Metropolitana,15.68,UF,37.7,2023-12-09 00:00:00.000000,2024-01-01 00:00:00.000000,departamento,Arriendo,owner_direct
TT-2024-01-003011,toctoc,Las Condes,Metropolitana,30.27,UF,62.3,2024-01-05 00:00:00.000000,2024-01-15 00:00:00.000000,DEPARTAMENTO,Arriendo,agency
TT-2024-01-001704,toctoc,Puente Alto,Metropolitana,11.22,UF,37.0,2023-12-29 00:00:00.000000,2024-01-08 00:00:00.000000,Departamento,Arriendo,agency
TT-2024-01-000827,toctoc,Las Condes,Metropolitana,890000.0,CLP,54.9,2023-12-21 00:00:00.000000,2024-01-01 00:00:00.000000,Departamento,ARRIENDO,agency
TT-2024-01-004177,toctoc,Las Condes,Metropolitana,31.08,UF,73.1,2024-01-21 00:00:00.000000,2024-01-22 00:00:00.000000,DEPARTAMENTO,ARRIENDO,agency
TT-2024-01-004682,toctoc,Conchalí,Metropolitana,335000.0,CLP,21.9,2024-01-13 00:00:00.000000,2024-01-29 00:00:00.000000,DEPARTAMENTO,arriendo,owner_direct
TT-2024-01-000708,toctoc,Ñuñoa,Metropolitana,23.24,UF,64.7,2023-12-19 00:00:00.000000,2024-01-01 00:00:00.000000,DEPARTAMENTO,arriendo,owner_direct
TT-2024-01-002795,toctoc,Las Condes,Metropolitana,1155000.0,CLP,73.6,2023-12-12 00:00:00.000000,2024-01-15 00:00:00.000000,Departamento,ARRIENDO,agency
TT-2024-01-002306,toctoc,Santiago,Metropolitana,23.38,UF,78.2,2024-01-06 00:00:00.000000,2024-01-08 00:00:00.000000,Departamento,Arriendo,agency
TT-2024-01-004622,toctoc,Puente Alto,Metropolitana,18.65,UF,109.6,2023-12-31 00:00:00.000000,2024-01-29 00:00:00.000000,departamento,Arriendo,agency
TT-2024-01-003751,toctoc,Independencia,Metropolitana,515000.0,CLP,58.7,2023-12-28 00:00:00.000000,2024-01-22 00:00:00.000000,Departamento,Arriendo,agency
TT-2024-01-004979,toctoc,San Joaquín,Metropolitana,11.35,UF,37.7,2024-01-03 00:00:00.000000,2024-01-29 00:00:00.000000,Departamento,Arriendo,agency
TT-2024-01-001881,toctoc,La Florida,Metropolitana,555000.0,CLP,48.4,2023-12-05 00:00:00.000000,2024-01-08 00:00:00.000000,DEPARTAMENTO,ARRIENDO,agency
TT-2024-01-005137,toctoc,Maipú,Metropolitana,16.49,UF,51.4,2023-12-20 00:00:00.000000,2024-01-29 00:00:00.000000,DEPARTAMENTO,arriendo,agency
TT-2024-01-000952,toctoc,Independencia,Metropolitana,12.84,UF,54.0,2023-12-15 00:00:00.000000,2024-01-01 00:00:00.000000,DEPARTAMENTO,ARRIENDO,agency
TT-2024-01-003862,toctoc,Lo Barnechea,Metropolitana,655000.0,CLP,28.1,2024-01-07 00:00:00.000000,2024-01-22 00:00:00.000000,Departamento,arriendo,owner_direct
TT-2024-01-001053,toctoc,Recoleta ,Metropolitana,710000.0,CLP,92.0,2023-11-24 00:00:00.000000,2024-01-01 00:00:00.000000,departamento,arriendo,owner_direct
TT-2024-01-002993,toctoc,Macul,Metropolitana,635000.0,CLP,58.1,2023-10-16 00:00:00.000000,2024-01-15 00:00:00.000000,DEPARTAMENTO,Arriendo,owner_direct
TT-2024-01-003717,toctoc,Peñalolén,Metropolitana,550000.0,CLP,64.7,2024-01-11 00:00:00.000000,2024-01-22 00:00:00.000000,DEPARTAMENTO,ARRIENDO,agency
TT-2024-01-000695,toctoc,Recoleta,Metropolitana,710000.0,CLP,75.5,2023-12-09 00:00:00.000000,2024-01-01 00:00:00.000000,departamento,Arriendo,owner_direct
TT-2024-01-004171,toctoc,Las Condes,Metropolitana,35.68,UF,76.6,2023-07-01 00:00:00.000000,2024-01-22 00:00:00.000000,departamento,ARRIENDO,owner_direct
TT-2024-01-001893,toctoc,La Florida,Metropolitana,13.38,UF,35.1,2023-12-22 00:00:00.000000,2024-01-08 00:00:00.000000,DEPARTAMENTO,arriendo,agency
TT-2024-01-003701,toctoc,Quinta Normal,Metropolitana,390000.0,CLP,34.8,2023-12-23 00:00:00.000000,2024-01-22 00:00:00.000000,Departamento,Arriendo,owner_direct
TT-2024-01-005143,toctoc,La Cisterna,Metropolitana,540000.0,CLP,60.3,2023-12-23 00:00:00.000000,2024-01-29 00:00:00.000000,Departamento,ARRIENDO,owner_direct
TT-2024-01-004637,toctoc,Santiago,Metropolitana,2605000.0,CLP,107.5,2023-08-04 00:00:00.000000,2024-01-29 00:00:00.000000,Departamento,arriendo,owner_direct
TT-2024-01-002371,toctoc,Recoleta,Metropolitana,12.57,UF,49.8,2023-12-26 00:00:00.000000,2024-01-15 00:00:00.000000,departamento,Arriendo,agency
TT-2024-01-003964,toctoc,Santiago,Metropolitana,18.24,UF,49.2,2023-12-26 00:00:00.000000,2024-01-22 00:00:00.000000,departamento,ARRIENDO,agency
TT-2024-01-000144,toctoc,Providencia,Metropolitana,790000.0,CLP,34.6,2023-11-27 00:00:00.000000,2024-01-01 00:00:00.000000,DEPARTAMENTO,ARRIENDO,agency
TT-2024-01-004011,toctoc,Huechuraba,Metropolitana,725000.0,CLP,58.4,2023-12-12 00:00:00.000000,2024-01-22 00:00:00.000000,DEPARTAMENTO,Arriendo,owner_direct
TT-2024-01-000532,toctoc,Maipú,Metropolitana,17.3,UF,77.1,2023-12-15 00:00:00.000000,2024-01-01 00:00:00.000000,DEPARTAMENTO,Arriendo,agency
TT-2024-01-005232,toctoc,Santiago,Metropolitana,695000.0,CLP,58.8,2023-10-10 00:00:00.000000,2024-01-29 00:00:00.000000,Departamento,arriendo,owner_direct
TT-2024-01-004330,toctoc,Vitacura,Metropolitana,1265000.0,CLP,75.9,2023-12-26 00:00:00.000000,2024-01-22 00:00:00.000000,departamento,arriendo,agency
TT-2024-01-003692,toctoc,San Miguel,Metropolitana,1045000.0,CLP,115.8,2024-01-03 00:00:00.000000,2024-01-22 00:00:00.000000,DEPARTAMENTO,ARRIENDO,agency
TT-2024-01-001490,toctoc,Estación Central,Metropolitana,13.51,UF,54.1,2023-12-10 00:00:00.000000,2024-01-08 00:00:00.000000,departamento,ARRIENDO,agency
TT-2024-01-002650,toctoc,Santiago,Metropolitana,835000.0,CLP,69.2,2023-12-18 00:00:00.000000,2024-01-15 00:00:00.000000,DEPARTAMENTO,arriendo,agency
TT-2024-01-002809,toctoc,Providencia,Metropolitana,25.68,UF,38.0,2023-12-11 00:00:00.000000,2024-01-15 00:00:00.000000,DEPARTAMENTO,Arriendo,agency
TT-2024-01-004975,toctoc,Recoleta,Metropolitana,435000.0,CLP,36.5,2024-01-14 00:00:00.000000,2024-01-29 00:00:00.000000,DEPARTAMENTO,arriendo,owner_direct
TT-2024-01-002078,toctoc,Recoleta,Metropolitana,545000.0,CLP,54.6,2023-12-31 00:00:00.000000,2024-01-08 00:00:00.000000,departamento,ARRIENDO,agency
TT-2024-01-000819,toctoc,Estación Central,Metropolitana,9.73,UF,25.0,2023-11-19 00:00:00.000000,2024-01-01 00:00:00.000000,Departamento,Arriendo,owner_direct
TT-2024-01-000682,toctoc,Ñuñoa,Metropolitana,19.86,UF,49.1,2023-11-22 00:00:00.000000,2024-01-01 00:00:00.000000,Departamento,arriendo,owner_direct
TT-2024-01-000556,toctoc,Santiago,Metropolitana,20.95,UF,72.7,2023-12-19 00:00:00.000000,2024-01-01 00:00:00.000000,departamento,ARRIENDO,agency
TT-2024-01-002193,toctoc,Recoleta,Metropolitana,845000.0,CLP,114.0,2023-12-31 00:00:00.000000,2024-01-08 00:00:00.000000,Departamento,ARRIENDO,owner_direct
TT-2024-01-003157,toctoc,Providencia,Metropolitana,27.84,UF,54.2,2024-01-04 00:00:00.000000,2024-01-15 00:00:00.000000,Departamento,ARRIENDO,owner_direct
TT-2024-01-003754,toctoc,Santiago,Metropolitana,430000.0,CLP,28.1,2023-12-21 00:00:00.000000,2024-01-22 00:00:00.000000,DEPARTAMENTO,arriendo,agency
TT-2024-01-004959,toctoc,Las Condes,Metropolitana,24.73,UF,51.2,2023-10-13 00:00:00.000000,2024-01-29 00:00:00.000000,Departamento,Arriendo,agency
TT-2024-01-002013,toctoc,Maipú,Metropolitana,14.59,UF,64.0,2023-12-19 00:00:00.000000,2024-01-08 00:00:00.000000,departamento,Arriendo,owner_direct
TT-2024-01-003456,toctoc,Providencia,Metropolitana,870000.0,CLP,38.6,2024-01-08 00:00:00.000000,2024-01-22 00:00:00.000000,Departamento,ARRIENDO,agency
TT-2024-01-005139,toctoc,San Joaquín,Metropolitana,13.65,UF,42.3,2023-12-11 00:00:00.000000,2024-01-29 00:00:00.000000,DEPARTAMENTO,ARRIENDO,agency
TT-2024-01-002989,toctoc,La Cisterna,Metropolitana,11.89,UF,56.5,2024-01-05 00:00:00.000000,2024-01-15 00:00:00.000000,departamento,ARRIENDO,agency
TT-2024-01-000633,toctoc,Estación Central,Metropolitana,17.57,UF,103.0,2023-11-15 00:00:00.000000,2024-01-01 00:00:00.000000,departamento,arriendo,owner_direct
TT-2024-01-002687,toctoc,La Florida,Metropolitana,16.62,UF,62.0,2023-12-28 00:00:00.000000,2024-01-15 00:00:00.000000,DEPARTAMENTO,ARRIENDO,owner_direct
TT-2024-01-002699,toctoc,Santiago,Metropolitana,108.92,UF,124.0,2024-01-13 00:00:00.000000,2024-01-15 00:00:00.000000,departamento,arriendo,agency
TT-2024-01-003196,toctoc,Estación Central,Metropolitana,375000.0,CLP,31.3,2023-12-31 00:00:00.000000,2024-01-15 00:00:00.000000,departamento,ARRIENDO,agency
TT-2024-01-003832,toctoc,Las Condes,Metropolitana,25.68,UF,48.3,2023-12-27 00:00:00.000000,2024-01-22 00:00:00.000000,DEPARTAMENTO,ARRIENDO,agency
TT-2024-01-004866,toctoc,Puente Alto,Metropolitana,425000.0,CLP,42.2,2024-01-21 00:00:00.000000,2024-01-29 00:00:00.000000,DEPARTAMENTO,ARRIENDO,agency
TT-2024-01-004401,toctoc,Independencia,Metropolitana,725000.0,CLP,75.1,2023-12-14 00:00:00.000000,2024-01-29 00:00:00.000000,DEPARTAMENTO,Arriendo,agency
TT-2024-01-000356,toctoc,Providencia,Metropolitana,15.41,UF,28.1,2023-12-23 00:00:00.000000,2024-01-01 00:00:00.000000,Departamento,arriendo,agency
TT-2024-01-005302,toctoc,Quinta Normal,Metropolitana,475000.0,CLP,55.3,2023-12-27 00:00:00.000000,2024-01-29 00:00:00.000000,departamento,arriendo,agency
TT-2024-01-002110,toctoc,La Cisterna,Metropolitana,18.11,UF,87.8,2023-07-29 00:00:00.000000,2024-01-08 00:00:00.000000,Departamento,ARRIENDO,agency
TT-2024-01-004775,toctoc,Ñuñoa,Metropolitana,750000.0,CLP,51.0,2023-07-14 00:00:00.000000,2024-01-29 00:00:00.000000,Departamento,arriendo,owner_direct
TT-2024-01-001530,toctoc,Lo Barnechea,Metropolitana,990000.0,CLP,56.9,2023-12-20 00:00:00.000000,2024-01-08 00:00:00.000000,DEPARTAMENTO,Arriendo,agency
TT-2024-01-001230,toctoc,Providencia,Metropolitana,920000.0,CLP,55.4,2024-01-02 00:00:00.000000,2024-01-08 00:00:00.000000,departamento,arriendo,agency
TT-2024-01-000205,toctoc,La Reina,Metropolitana,750000.0,CLP,42.1,2023-12-26 00:00:00.000000,2024-01-01 00:00:00.000000,departamento,arriendo,agency
TT-2024-01-003421,toctoc,Independencia,Metropolitana,420000.0,CLP,36.5,2023-09-06 00:00:00.000000,2024-01-22 00:00:00.000000,Departamento,Arriendo,agency
TT-2024-01-002945,toctoc,San Miguel,Metropolitana,16.62,UF,79.5,2023-11-15 00:00:00.000000,2024-01-15 00:00:00.000000,Departamento,arriendo,agency
TT-2024-01-004136,toctoc,Maipú,Metropolitana,13.92,UF,59.7,2024-01-09 00:00:00.000000,2024-01-22 00:00:00.000000,Departamento,ARRIENDO,agency
TT-2024-01-003801,toctoc,La Florida,Metropolitana,460000.0,CLP,34.3,2023-12-17 00:00:00.000000,2024-01-22 00:00:00.000000,Departamento,ARRIENDO,agency
TT-2024-01-000840,toctoc,Recoleta,Metropolitana,590000.0,CLP,48.6,2023-12-26 00:00:00.000000,2024-01-01 00:00:00.000000,Departamento,ARRIENDO,agency
TT-2024-01-002254,toctoc,Recoleta,Metropolitana,11.49,UF,40.3,2023-12-02 00:00:00.000000,2024-01-08 00:00:00.000000,DEPARTAMENTO,ARRIENDO,owner_direct
TT-2024-01-003431,toctoc,Maipú,Metropolitana,15.95,UF,66.6,2024-01-07 00:00:00.000000,2024-01-22 00:00:00.000000,Departamento,Arriendo,owner_direct
TT-2024-01-003571,toctoc,Santiago,Metropolitana,12.16,UF,32.1,2024-01-21 00:00:00.000000,2024-01-22 00:00:00.000000,DEPARTAMENTO,ARRIENDO,owner_direct
TT-2024-01-005111,toctoc,Huechuraba,Metropolitana,19.46,UF,76.5,2023-12-28 00:00:00.000000,2024-01-29 00:00:00.000000,departamento,ARRIENDO,owner_direct
TT-2024-01-000991,toctoc,Macul,Metropolitana,3150000.0,CLP,400.0,2023-12-23 00:00:00.000000,2024-01-01 00:00:00.000000,DEPARTAMENTO,ARRIENDO,agency
TT-2024-01-002022,toctoc,Pudahuel,Metropolitana,425000.0,CLP,47.1,2023-12-29 00:00:00.000000,2024-01-08 00:00:00.000000,departamento,Arriendo,owner_direct
TT-2024-01-001802,toctoc,Maipú,Metropolitana,590000.0,CLP,66.4,2023-09-11 00:00:00.000000,2024-01-08 00:00:00.000000,departamento,arriendo,agency
TT-2024-01-003736,toctoc,La Florida,Metropolitana,530000.0,CLP,49.0,2023-12-31 00:00:00.000000,2024-01-22 00:00:00.000000,departamento,ARRIENDO,owner_direct
TT-2024-01-004852,toctoc,Las Condes,Metropolitana,890000.0,CLP,46.9,2023-12-30 00:00:00.000000,2024-01-29 00:00:00.000000,DEPARTAMENTO,ARRIENDO,agency
TT-2024-01-000743,toctoc,Independencia,Metropolitana,435000.0,CLP,40.0,2023-09-27 00:00:00.000000,2024-01-01 00:00:00.000000,DEPARTAMENTO,arriendo,agency
TT-2024-01-002802,toctoc,Santiago,Metropolitana,650000.0,CLP,49.6,2024-01-08 00:00:00.000000,2024-01-15 00:00:00.000000,DEPARTAMENTO,Arriendo,agency
TT-2024-01-003096,toctoc,Macul,Metropolitana,14.59,UF,54.6,2023-12-31 00:00:00.000000,2024-01-15 00:00:00.000000,departamento,Arriendo,agency
TT-2024-01-001144,toctoc,Las Condes,Metropolitana,23.38,UF,40.6,2023-12-22 00:00:00.000000,2024-01-01 00:00:00.000000,Departamento,ARRIENDO,owner_direct
TT-2024-01-000069,toctoc,Maipú,Metropolitana,450000.0,CLP,43.9,2023-12-12 00:00:00.000000,2024-01-01 00:00:00.000000,DEPARTAMENTO,Arriendo,agency
TT-2024-01-001937,toctoc,independencia,Metropolitana,445000.0,CLP,31.0,2023-12-17 00:00:00.000000,2024-01-08 00:00:00.000000,DEPARTAMENTO,arriendo,agency
TT-2024-01-004346,toctoc,Vitacura,Metropolitana,24.86,UF,38.5,2024-01-12 00:00:00.000000,2024-01-22 00:00:00.000000,departamento,arriendo,agency
TT-2024-01-004602,toctoc,Ñuñoa,Metropolitana,810000.0,CLP,52.2,2023-09-11 00:00:00.000000,2024-01-29 00:00:00.000000,DEPARTAMENTO,Arriendo,agency
TT-2024-01-003992,toctoc,Recoleta,Metropolitana,785000.0,CLP,98.7,2024-01-11 00:00:00.000000,2024-01-22 00:00:00.000000,Departamento,Arriendo,owner_direct
TT-2024-01-001633,toctoc,Ñuñoa,Metropolitana,770000.0,CLP,53.7,2023-11-25 00:00:00.000000,2024-01-08 00:00:00.000000,departamento,arriendo,agency
TT-2024-01-002059,toctoc,Macul,Metropolitana,495000.0,CLP,29.4,2023-12-31 00:00:00.000000,2024-01-08 00:00:00.000000,departamento,ARRIENDO,agency
TT-2024-01-003637,toctoc,Santiago,Metropolitana,17.7,UF,66.1,2024-01-01 00:00:00.000000,2024-01-22 00:00:00.000000,departamento,arriendo,agency
TT-2024-01-002342,toctoc,Santiago,Metropolitana,26.49,UF,83.0,2023-12-03 00:00:00.000000,2024-01-08 00:00:00.000000,Departamento,Arriendo,agency
TT-2024-01-002388,toctoc,Providencia,Metropolitana,1120000.0,CLP,63.8,2023-11-25 00:00:00.000000,2024-01-15 00:00:00.000000,departamento,arriendo,owner_direct
TT-2024-01-001529,toctoc,San Miguel,Metropolitana,11.49,UF,48.1,2023-12-13 00:00:00.000000,2024-01-08 00:00:00.000000,departamento,ARRIENDO,agency
TT-2024-01-001365,toctoc,Santiago,Metropolitana,18.65,UF,70.7,2023-12-05 00:00:00.000000,2024-01-08 00:00:00.000000,departamento,ARRIENDO,agency
TT-2024-01-003558,toctoc,San Miguel,Metropolitana,735000.0,CLP,74.3,2023-12-10 00:00:00.000000,2024-01-22 00:00:00.000000,DEPARTAMENTO,arriendo,agency
TT-2024-01-004025,toctoc,La Florida,Metropolitana,410000.0,CLP,33.6,2024-01-11 00:00:00.000000,2024-01-22 00:00:00.000000,DEPARTAMENTO,arriendo,
TT-2024-01-004764,toctoc,ÑUÑOA,Metropolitana,18.11,UF,41.4,2024-01-12 00:00:00.000000,2024-01-29 00:00:00.000000,departamento,Arriendo,agency
TT-2024-01-001781,toctoc,Providencia,Metropolitana,21.76,UF,35.3,2023-12-15 00:00:00.000000,2024-01-08 00:00:00.000000,departamento,Arriendo,agency
TT-2024-01-000831,toctoc,Las Condes,Metropolitana,22.16,UF,39.5,2023-12-26 00:00:00.000000,2024-01-01 00:00:00.000000,departamento,Arriendo,agency
TT-2024-01-003642,toctoc,Las Condes,Metropolitana,25.41,UF,56.3,2024-01-07 00:00:00.000000,2024-01-22 00:00:00.000000,departamento,Arriendo,agency
TT-2024-01-003693,toctoc,Providencia,Metropolitana,24.19,UF,43.2,2023-09-22 00:00:00.000000,2024-01-22 00:00:00.000000,departamento,Arriendo,agency
TT-2024-01-000486,toctoc,Independencia,Metropolitana,445000.0,CLP,44.7,2023-12-19 00:00:00.000000,2024-01-01 00:00:00.000000,departamento,arriendo,agency
TT-2024-01-001332,toctoc,Macul,Metropolitana,645000.0,CLP,56.7,2023-12-18 00:00:00.000000,2024-01-08 00:00:00.000000,departamento,ARRIENDO,owner_direct
TT-2024-01-000748,toctoc,San Joaquín,Metropolitana,14.05,UF,50.3,2023-06-29 00:00:00.000000,2024-01-01 00:00:00.000000,Departamento,ARRIENDO,agency
TT-2024-01-000170,toctoc,Recoleta,Metropolitana,14.05,UF,46.1,2023-12-28 00:00:00.000000,2024-01-01 00:00:00.000000,Departamento,ARRIENDO,owner_direct
TT-2024-01-001675,toctoc,Estación Central,Metropolitana,430000.0,CLP,26.9,2023-12-21 00:00:00.000000,2024-01-08 00:00:00.000000,Departamento,Arriendo,agency
TT-2024-01-000988,toctoc,Independencia,Metropolitana,555000.0,CLP,32.7,2023-12-26 00:00:00.000000,2024-01-01 00:00:00.000000,departamento,Arriendo,owner_direct
TT-2024-01-003325,toctoc,Santiago,Metropolitana,940000.0,CLP,79.9,2023-12-03 00:00:00.000000,2024-01-22 00:00:00.000000,departamento,arriendo,owner_direct
TT-2024-01-000904,toctoc,Pudahuel,Metropolitana,10.95,UF,38.4,2023-09-17 00:00:00.000000,2024-01-01 00:00:00.000000,DEPARTAMENTO,ARRIENDO,agency
TT-2024-01-000736,toctoc,Santiago,Metropolitana,15.54,UF,41.2,2023-12-23 00:00:00.000000,2024-01-01 00:00:00.000000,departamento,Arriendo,agency
TT-2024-01-005461,toctoc,La Florida,Metropolitana,465000.0,CLP,46.2,2023-12-30 00:00:00.000000,2024-01-29 00:00:00.000000,departamento,ARRIENDO,agency
TT-2024-01-004987,toctoc,Maipú,Metropolitana,295000.0,CLP,10.0,2024-01-26 00:00:00.000000,2024-01-29 00:00:00.000000,DEPARTAMENTO,arriendo,owner_direct
TT-2024-01-005049,toctoc,Ñuñoa,Metropolitana,16.62,UF,37.7,2023-12-31 00:00:00.000000,2024-01-29 00:00:00.000000,Departamento,Arriendo,owner_direct
TT-2024-01-001555,toctoc,Estación Central,Metropolitana,11.35,UF,51.0,2023-12-16 00:00:00.000000,2024-01-08 00:00:00.000000,departamento,Arriendo,agency
TT-2024-01-000386,toctoc,Estación Central,Metropolitana,385000.0,CLP,30.7,2023-12-15 00:00:00.000000,2024-01-01 00:00:00.000000,departamento,ARRIENDO,agency
TT-2024-01-001532,toctoc,La Florida,Metropolitana,410000.0,CLP,29.5,2023-12-25 00:00:00.000000,2024-01-08 00:00:00.000000,DEPARTAMENTO,ARRIENDO,agency
TT-2024-01-002201,toctoc,Providencia,Metropolitana,1225000.0,CLP,61.8,2023-12-03 00:00:00.000000,2024-01-08 00:00:00.000000,DEPARTAMENTO,ARRIENDO,agency
TT-2024-01-002824,toctoc,Ñuñoa,Metropolitana,16.76,UF,39.4,2023-08-13 00:00:00.000000,2024-01-15 00:00:00.000000,Departamento,arriendo,agency
TT-2024-01-000461,toctoc,Peñalolén,Metropolitana,18.92,UF,62.1,2023-11-16 00:00:00.000000,2024-01-01 00:00:00.000000,Departamento,ARRIENDO,owner_direct
TT-2024-01-004686,toctoc,Recoleta,Metropolitana,14.86,UF,63.6,2023-12-23 00:00:00.000000,2024-01-29 00:00:00.000000,DEPARTAMENTO,ARRIENDO,owner_direct
TT-2024-01-003236,toctoc,San Miguel,Metropolitana,15.14,UF,49.5,2023-12-28 00:00:00.000000,2024-01-15 00:00:00.000000,Departamento,Arriendo,agency
TT-2024-01-002718,toctoc,Recoleta,Metropolitana,16.08,UF,82.3,2024-01-06 00:00:00.000000,2024-01-15 00:00:00.000000,DEPARTAMENTO,Arriendo,owner_direct
TT-2024-01-001701,toctoc,Quilicura,Metropolitana,460000.0,CLP,48.1,2023-12-09 00:00:00.000000,2024-01-08 00:00:00.000000,Departamento,Arriendo,owner_direct
TT-2024-01-000313,toctoc,Macul,Metropolitana,13.65,UF,47.0,2023-12-27 00:00:00.000000,2024-01-01 00:00:00.000000,DEPARTAMENTO,arriendo,owner_direct
TT-2024-01-004974,toctoc,Recoleta,Metropolitana,12.57,UF,44.4,2024-01-20 00:00:00.000000,2024-01-29 00:00:00.000000,Departamento,arriendo,agency
TT-2024-01-000515,toctoc,Estación Central,Metropolitana,580000.0,CLP,61.1,2023-12-13 00:00:00.000000,2024-01-01 00:00:00.000000,Departamento,Arriendo,owner_direct
TT-2024-01-000282,toctoc,Lo Barnechea,Metropolitana,19.05,UF,39.8,2023-12-09 00:00:00.000000,2024-01-01 00:00:00.000000,departamento,arriendo,agency
TT-2024-01-002587,toctoc,Las Condes,Metropolitana,40.81,UF,88.9,2023-12-07 00:00:00.000000,2024-01-15 00:00:00.000000,Departamento,arriendo,owner_direct
TT-2024-01-002233,toctoc,Las Condes,Metropolitana,10935000.0,CLP,48.8,2024-01-01 00:00:00.000000,2024-01-08 00:00:00.000000,Departamento,ARRIENDO,agency
TT-2024-01-001552,toctoc,Providencia,Metropolitana,900000.0,CLP,43.6,2023-09-02 00:00:00.000000,2024-01-08 00:00:00.000000,departamento,arriendo,owner_direct
TT-2024-01-000978,toctoc,La Cisterna,Metropolitana,460000.0,CLP,46.2,2023-12-24 00:00:00.000000,2024-01-01 00:00:00.000000,DEPARTAMENTO,arriendo,agency
TT-2024-01-002123,toctoc,Peñalolén,Metropolitana,435000.0,CLP,32.4,2023-12-20 00:00:00.000000,2024-01-08 00:00:00.000000,Departamento,arriendo,agency
TT-2024-01-004985,toctoc,Estación Central ,Metropolitana,13.78,UF,57.2,2024-01-01 00:00:00.000000,2024-01-29 00:00:00.000000,departamento,Arriendo,owner_direct
TT-2024-01-000362,toctoc,Maipú,Metropolitana,9.86,UF,25.6,2023-12-21 00:00:00.000000,2024-01-01 00:00:00.000000,Departamento,Arriendo,agency
TT-2024-01-002277,toctoc,Maipú,Metropolitana,13.51,UF,61.3,2024-01-01 00:00:00.000000,2024-01-08 00:00:00.000000,Departamento,arriendo,agency
TT-2024-01-003181,toctoc,Recoleta,Metropolitana,18.51,UF,62.3,2024-01-01 00:00:00.000000,2024-01-15 00:00:00.000000,DEPARTAMENTO,ARRIENDO,agency
TT-2024-01-001058,toctoc,Santiago,Metropolitana,16.35,UF,45.1,2023-12-06 00:00:00.000000,2024-01-01 00:00:00.000000,Departamento,arriendo,agency
TT-2024-01-000534,toctoc,Macul,Metropolitana,470000.0,CLP,37.0,2023-11-10 00:00:00.000000,2024-01-01 00:00:00.000000,Departamento,arriendo,agency
TT-2024-01-000670,toctoc,Ñuñoa,Metropolitana,17.84,UF,46.6,2023-11-17 00:00:00.000000,2024-01-01 00:00:00.000000,departamento,ARRIENDO,agency
TT-2024-01-005003,toctoc,Cerrillos,Metropolitana,11.76,UF,39.8,2023-12-26 00:00:00.000000,2024-01-29 00:00:00.000000,DEPARTAMENTO,arriendo,agency
TT-2024-01-003678,toctoc,La Cisterna,Metropolitana,505000.0,CLP,54.9,2023-11-10 00:00:00.000000,2024-01-22 00:00:00.000000,DEPARTAMENTO,arriendo,owner_direct
TT-2024-01-004989,toctoc,La Florida,Metropolitana,19.73,UF,67.6,2023-09-09 00:00:00.000000,2024-01-29 00:00:00.000000,departamento,arriendo,owner_direct
TT-2024-01-003808,toctoc,Recoleta,Metropolitana,505000.0,CLP,48.1,2023-12-05 00:00:00.000000,2024-01-22 00:00:00.000000,DEPARTAMENTO,ARRIENDO,owner_direct
TT-2024-01-004984,toctoc,Cerrillos,Metropolitana,570000.0,CLP,63.7,2024-01-09 00:00:00.000000,2024-01-29 00:00:00.000000,Departamento,arriendo,agency
TT-2024-01-000784,toctoc,Quinta Normal,Metropolitana,14.73,UF,57.2,2023-12-03 00:00:00.000000,2024-01-01 00:00:00.000000,DEPARTAMENTO,arriendo,owner_direct
TT-2024-01-003550,toctoc,La Reina,Metropolitana,22.16,UF,52.8,2024-01-02 00:00:00.000000,2024-01-22 00:00:00.000000,DEPARTAMENTO,arriendo,agency
TT-2024-01-002840,toctoc,San Miguel,Metropolitana,21.62,UF,65.8,2023-12-11 00:00:00.000000,2024-01-15 00:00:00.000000,DEPARTAMENTO,Arriendo,owner_direct
TT-2024-01-005399,toctoc,Recoleta,Metropolitana,12.16,UF,45.6,2024-01-13 00:00:00.000000,2024-01-29 00:00:00.000000,Departamento,ARRIENDO,agency
TT-2024-01-002019,toctoc,RECOLETA,Metropolitana,370000.0,CLP,32.9,2023-12-14 00:00:00.000000,2024-01-08 00:00:00.000000,DEPARTAMENTO,arriendo,agency
TT-2024-01-004048,toctoc,San Miguel,Metropolitana,730000.0,CLP,67.3,2024-01-16 00:00:00.000000,2024-01-22 00:00:00.000000,Departamento,ARRIENDO,owner_direct
TT-2024-01-000284,toctoc,Santiago,Metropolitana,17.3,UF,54.7,2023-12-20 00:00:00.000000,2024-01-01 00:00:00.000000,DEPARTAMENTO,ARRIENDO,agency
TT-2024-01-003546,toctoc,Quinta Normal,Metropolitana,385000.0,CLP,37.4,2023-12-26 00:00:00.000000,2024-01-22 00:00:00.000000,Departamento,arriendo,agency
TT-2024-01-001805,toctoc,Quinta Normal,Metropolitana,525000.0,CLP,39.7,2023-12-23 00:00:00.000000,2024-01-08 00:00:00.000000,Departamento,Arriendo,owner_direct
TT-2024-01-000110,toctoc,Ñuñoa,Metropolitana,14.59,UF,29.5,2023-12-04 00:00:00.000000,2024-01-01 00:00:00.000000,DEPARTAMENTO,Arriendo,owner_direct
TT-2024-01-003013,toctoc,Providencia,Metropolitana,25.27,UF,48.8,2024-01-03 00:00:00.000000,2024-01-15 00:00:00.000000,Departamento,ARRIENDO,owner_direct
TT-2024-01-002119,toctoc,La Florida,Metropolitana,440000.0,CLP,38.6,2023-12-26 00:00:00.000000,2024-01-08 00:00:00.000000,departamento,arriendo,agency
TT-2024-01-003705,toctoc,Maipú,Metropolitana,575000.0,CLP,69.8,2023-08-09 00:00:00.000000,2024-01-22 00:00:00.000000,DEPARTAMENTO,ARRIENDO,agency
TT-2024-01-001385,toctoc,Recoleta,Metropolitana,14.05,UF,47.5,2023-12-30 00:00:00.000000,2024-01-08 00:00:00.000000,DEPARTAMENTO,ARRIENDO,agency
TT-2024-01-001024,toctoc,Huechuraba,Metropolitana,16.76,UF,57.7,2023-07-11 00:00:00.000000,2024-01-01 00:00:00.000000,Departamento,arriendo,agency
TT-2024-01-000188,toctoc,Las Condes,Metropolitana,28.38,UF,55.0,2023-11-01 00:00:00.000000,2024-01-01 00:00:00.000000,Departamento,arriendo,owner_direct
TT-2024-01-005161,toctoc,Quinta Normal,Metropolitana,12.3,UF,42.4,2023-12-14 00:00:00.000000,2024-01-29 00:00:00.000000,DEPARTAMENTO,ARRIENDO,agency
TT-2024-01-004415,toctoc,Santiago,Metropolitana,15.68,UF,53.5,2024-01-03 00:00:00.000000,2024-01-29 00:00:00.000000,Departamento,ARRIENDO,agency
TT-2024-01-003989,toctoc,Santiago,Metropolitana,690000.0,CLP,57.3,2023-12-28 00:00:00.000000,2024-01-22 00:00:00.000000,Departamento,ARRIENDO,agency
TT-2024-01-004719,toctoc,La Cisterna,Metropolitana,15.41,UF,48.0,2023-11-12 00:00:00.000000,2024-01-29 00:00:00.000000,DEPARTAMENTO,ARRIENDO,owner_direct
TT-2024-01-002182,toctoc,Peñalolén,Metropolitana,15.95,UF,45.3,2023-12-01 00:00:00.000000,2024-01-08 00:00:00.000000,DEPARTAMENTO,Arriendo,agency
TT-2024-01-000684,toctoc,Santiago,Metropolitana,505000.0,CLP,25.5,2023-10-25 00:00:00.000000,2024-01-01 00:00:00.000000,DEPARTAMENTO,Arriendo,agency
TT-2024-01-005366,toctoc,San Miguel,Metropolitana,400000.0,CLP,28.2,2023-12-10 00:00:00.000000,2024-01-29 00:00:00.000000,Departamento,Arriendo,agency
TT-2024-01-003479,toctoc,Las Condes,Metropolitana,16.35,UF,20.1,2023-10-26 00:00:00.000000,2024-01-22 00:00:00.000000,DEPARTAMENTO,ARRIENDO,
TT-2024-01-000011,toctoc,Vitacura,Metropolitana,29.73,UF,38.3,2023-12-25 00:00:00.000000,2024-01-01 00:00:00.000000,departamento,ARRIENDO,owner_direct
TT-2024-01-005266,toctoc,Santiago,Metropolitana,530000.0,CLP,33.6,2024-01-18 00:00:00.000000,2024-01-29 00:00:00.000000,DEPARTAMENTO,arriendo,agency
TT-2024-01-005149,toctoc,Estación Central,Metropolitana,575000.0,CLP,65.7,2024-01-06 00:00:00.000000,2024-01-29 00:00:00.000000,departamento,ARRIENDO,agency
TT-2024-01-000970,toctoc,Puente Alto,Metropolitana,415000.0,CLP,52.4,2023-12-06 00:00:00.000000,2024-01-01 00:00:00.000000,departamento,ARRIENDO,owner_direct
TT-2024-01-001623,toctoc,La Cisterna,Metropolitana,480000.0,CLP,36.9,2023-12-18 00:00:00.000000,2024-01-08 00:00:00.000000,departamento,arriendo,agency
TT-2024-01-000448,toctoc,Santiago,Metropolitana,870000.0,CLP,71.2,2023-12-02 00:00:00.000000,2024-01-01 00:00:00.000000,Departamento,arriendo,owner_direct
TT-2024-01-003402,toctoc,Santiago,Metropolitana,16.22,UF,41.8,2024-01-06 00:00:00.000000,2024-01-22 00:00:00.000000,DEPARTAMENTO,Arriendo,agency
TT-2024-01-001740,toctoc,San Miguel,Metropolitana,15.0,UF,49.1,2023-12-13 00:00:00.000000,2024-01-08 00:00:00.000000,DEPARTAMENTO,Arriendo,agency
TT-2024-01-000609,toctoc,La Florida,Metropolitana,21.22,UF,67.6,2023-09-01 00:00:00.000000,2024-01-01 00:00:00.000000,Departamento,Arriendo,owner_direct
TT-2024-01-003038,toctoc,Peñalolén,Metropolitana,13.51,UF,56.5,2024-01-09 00:00:00.000000,2024-01-15 00:00:00.000000,DEPARTAMENTO,ARRIENDO,owner_direct
TT-2024-01-004250,toctoc,Lo Barnechea,Metropolitana,25.54,UF,47.2,2023-06-27 00:00:00.000000,2024-01-22 00:00:00.000000,departamento,arriendo,owner_direct
TT-2024-01-003921,toctoc,Las Condes,Metropolitana,1150000.0,CLP,64.5,2023-12-21 00:00:00.000000,2024-01-22 00:00:00.000000,Departamento,Arriendo,owner_direct
TT-2024-01-001219,toctoc,Santiago,Metropolitana,19.73,UF,64.7,2023-12-29 00:00:00.000000,2024-01-08 00:00:00.000000,DEPARTAMENTO,arriendo,agency
TT-2024-01-005392,toctoc,Maipú,Metropolitana,16.76,UF,86.0,2023-12-20 00:00:00.000000,2024-01-29 00:00:00.000000,Departamento,arriendo,
TT-2024-01-000359,toctoc,Las Condes,Metropolitana,30.27,UF,60.3,2023-12-05 00:00:00.000000,2024-01-01 00:00:00.000000,Departamento,arriendo,agency
TT-2024-01-005208,toctoc,La Florida,Metropolitana,505000.0,CLP,54.0,2023-09-27 00:00:00.000000,2024-01-29 00:00:00.000000,DEPARTAMENTO,Arriendo,agency
TT-2024-01-000022,toctoc,Santiago,Metropolitana,715000.0,CLP,57.3,2023-12-16 00:00:00.000000,2024-01-01 00:00:00.000000,Departamento,Arriendo,agency
TT-2024-01-003455,toctoc,Recoleta,Metropolitana,700000.0,CLP,85.9,2024-01-13 00:00:00.000000,2024-01-22 00:00:00.000000,DEPARTAMENTO,ARRIENDO,owner_direct
TT-2024-01-000091,toctoc,Recoleta,Metropolitana,19.86,UF,72.4,2023-11-17 00:00:00.000000,2024-01-01 00:00:00.000000,departamento,arriendo,owner_direct
TT-2024-01-002491,toctoc,San Miguel,Metropolitana,715000.0,CLP,56.8,2023-12-20 00:00:00.000000,2024-01-15 00:00:00.000000,DEPARTAMENTO,ARRIENDO,owner_direct
TT-2024-01-002044,toctoc,Vitacura,Metropolitana,42.7,UF,106.2,2023-12-27 00:00:00.000000,2024-01-08 00:00:00.000000,Departamento,Arriendo,agency
TT-2024-01-001086,toctoc,Huechuraba,Metropolitana,17.84,UF,63.0,2023-11-19 00:00:00.000000,2024-01-01 00:00:00.000000,departamento,arriendo,agency
TT-2024-01-002854,toctoc,Estación Central,Metropolitana,385000.0,CLP,45.1,2023-12-21 00:00:00.000000,2024-01-15 00:00:00.000000,Departamento,arriendo,agency
TT-2024-01-002561,toctoc,Santiago,Metropolitana,23.24,UF,69.5,2023-12-24 00:00:00.000000,2024-01-15 00:00:00.000000,Departamento,arriendo,agency
TT-2024-01-002621,toctoc,Estación Central,Metropolitana,415000.0,CLP,35.2,2023-12-23 00:00:00.000000,2024-01-15 00:00:00.000000,Departamento,Arriendo,owner_direct
TT-2024-01-004533,toctoc,MACUL,Metropolitana,10.0,UF,28.4,2024-01-16 00:00:00.000000,2024-01-29 00:00:00.000000,DEPARTAMENTO,arriendo,agency
TT-2024-01-002712,toctoc,Providencia,Metropolitana,21.89,UF,40.7,2023-12-28 00:00:00.000000,2024-01-15 00:00:00.000000,DEPARTAMENTO,arriendo,agency
TT-2024-01-001228,toctoc,Independencia,Metropolitana,415000.0,CLP,32.5,2023-12-31 00:00:00.000000,2024-01-08 00:00:00.000000,departamento,Arriendo,agency
TT-2024-01-004550,toctoc,Macul,Metropolitana,590000.0,CLP,66.3,2024-01-19 00:00:00.000000,2024-01-29 00:00:00.000000,departamento,arriendo,agency
TT-2024-01-000941,toctoc,Ñuñoa ,Metropolitana,880000.0,CLP,63.2,2023-12-21 00:00:00.000000,2024-01-01 00:00:00.000000,departamento,ARRIENDO,agency
TT-2024-01-004133,toctoc,Las Condes,Metropolitana,845000.0,CLP,37.9,2023-08-18 00:00:00.000000,2024-01-22 00:00:00.000000,Departamento,Arriendo,owner_direct
TT-2024-01-005328,toctoc,Lo Barnechea,Metropolitana,26.49,UF,57.7,2024-01-20 00:00:00.000000,2024-01-29 00:00:00.000000,DEPARTAMENTO,arriendo,agency
TT-2024-01-002365,toctoc,Ñuñoa,Metropolitana,660000.0,CLP,37.1,2023-12-29 00:00:00.000000,2024-01-15 00:00:00.000000,departamento,ARRIENDO,owner_direct
TT-2024-01-000347,toctoc,Estación Central,Metropolitana,395000.0,CLP,40.6,2023-11-13 00:00:00.000000,2024-01-01 00:00:00.000000,departamento,arriendo,agency
TT-2024-01-000690,toctoc,Peñalolén,Metropolitana,10.95,UF,26.1,2023-11-26 00:00:00.000000,2024-01-01 00:00:00.000000,Departamento,ARRIENDO,agency
TT-2024-01-002204,toctoc,Lo Barnechea,Metropolitana,2460000.0,CLP,48.7,2023-11-24 00:00:00.000000,2024-01-08 00:00:00.000000,departamento,ARRIENDO,owner_direct
TT-2024-01-002205,toctoc,Quinta Normal,Metropolitana,545000.0,CLP,51.7,2023-11-25 00:00:00.000000,2024-01-08 00:00:00.000000,Departamento,Arriendo,agency
TT-2024-01-004105,toctoc,Santiago,Metropolitana,650000.0,CLP,65.2,2023-11-27 00:00:00.000000,2024-01-22 00:00:00.000000,Departamento,arriendo,agency
TT-2024-01-003438,toctoc,Recoleta,Metropolitana,12.3,UF,43.9,2024-01-05 00:00:00.000000,2024-01-22 00:00:00.000000,departamento,arriendo,owner_direct
TT-2024-01-002334,toctoc,Providencia,Metropolitana,830000.0,CLP,30.6,2023-11-19 00:00:00.000000,2024-01-08 00:00:00.000000,departamento,ARRIENDO,agency
TT-2024-01-002990,toctoc,Estación Central,Metropolitana,405000.0,CLP,45.3,2024-01-12 00:00:00.000000,2024-01-15 00:00:00.000000,DEPARTAMENTO,arriendo,agency
TT-2024-01-004392,toctoc,Macul,Metropolitana,550000.0,CLP,37.4,2024-01-05 00:00:00.000000,2024-01-29 00:00:00.000000,departamento,ARRIENDO,agency
TT-2024-01-004024,toctoc,Quinta Normal,Metropolitana,940000.0,CLP,132.2,2023-12-25 00:00:00.000000,2024-01-22 00:00:00.000000,departamento,ARRIENDO,agency
TT-2024-01-000837,toctoc,Macul,Metropolitana,470000.0,CLP,36.9,2023-12-19 00:00:00.000000,2024-01-01 00:00:00.000000,DEPARTAMENTO,ARRIENDO,agency
TT-2024-01-002315,toctoc,Peñalolén,Metropolitana,555000.0,CLP,44.2,2023-12-08 00:00:00.000000,2024-01-08 00:00:00.000000,Departamento,Arriendo,agency
TT-2024-01-000967,toctoc,Renca,Metropolitana,535000.0,CLP,67.1,2023-12-08 00:00:00.000000,2024-01-01 00:00:00.000000,Departamento,arriendo,agency
TT-2024-01-003714,toctoc,Estación Central,Metropolitana,450000.0,CLP,49.9,2024-01-01 00:00:00.000000,2024-01-22 00:00:00.000000,Departamento,ARRIENDO,agency
TT-2024-01-003265,toctoc,Santiago,Metropolitana,540000.0,CLP,34.6,2023-12-22 00:00:00.000000,2024-01-15 00:00:00.000000,Departamento,ARRIENDO,owner_direct
TT-2024-01-004844,toctoc,Providencia,Metropolitana,20.95,UF,27.5,2023-11-28 00:00:00.000000,2024-01-29 00:00:00.000000,departamento,arriendo,agency
TT-2024-01-003111,toctoc,Maipú,Metropolitana,510000.0,CLP,52.3,2023-11-17 00:00:00.000000,2024-01-15 00:00:00.000000,Departamento,Arriendo,agency
TT-2024-01-002690,toctoc,San Joaquín,Metropolitana,12.03,UF,48.7,2024-01-07 00:00:00.000000,2024-01-15 00:00:00.000000,Departamento,arriendo,owner_direct
TT-2024-01-003926,toctoc,Renca,Metropolitana,15.81,UF,83.8,2024-01-07 00:00:00.000000,2024-01-22 00:00:00.000000,DEPARTAMENTO,ARRIENDO,owner_direct
TT-2024-01-001719,toctoc,Macul,Metropolitana,12.16,UF,25.4,2023-10-14 00:00:00.000000,2024-01-08 00:00:00.000000,DEPARTAMENTO,arriendo,agency
TT-2024-01-002290,toctoc,Providencia,Metropolitana,23.11,UF,41.9,2024-01-02 00:00:00.000000,2024-01-08 00:00:00.000000,departamento,ARRIENDO,agency
TT-2024-01-000483,toctoc,La Florida,Metropolitana,15.27,UF,61.8,2023-11-06 00:00:00.000000,2024-01-01 00:00:00.000000,DEPARTAMENTO,arriendo,
TT-2024-01-005474,toctoc,San Miguel,Metropolitana,720000.0,CLP,69.0,2024-01-03 00:00:00.000000,2024-01-29 00:00:00.000000,Departamento,arriendo,agency
TT-2024-01-001306,toctoc,Huechuraba,Metropolitana,13.51,UF,42.1,2023-12-18 00:00:00.000000,2024-01-08 00:00:00.000000,departamento,ARRIENDO,agency
TT-2024-01-000231,toctoc,Las Condes,Metropolitana,1055000.0,CLP,53.0,2023-12-16 00:00:00.000000,2024-01-01 00:00:00.000000,departamento,Arriendo,owner_direct
TT-2024-01-001661,toctoc,Recoleta,Metropolitana,595000.0,CLP,57.2,2023-12-25 00:00:00.000000,2024-01-08 00:00:00.000000,DEPARTAMENTO,ARRIENDO,owner_direct
TT-2024-01-001128,toctoc,Maipú,Metropolitana,325000.0,CLP,30.6,2023-12-09 00:00:00.000000,2024-01-01 00:00:00.000000,Departamento,arriendo,agency
TT-2024-01-005108,toctoc,Quilicura,Metropolitana,510000.0,CLP,59.3,2024-01-25 00:00:00.000000,2024-01-29 00:00:00.000000,departamento,ARRIENDO,agency
TT-2024-01-002882,toctoc,Santiago,Metropolitana,8.65,UF,20.0,2023-12-07 00:00:00.000000,2024-01-15 00:00:00.000000,DEPARTAMENTO,arriendo,owner_direct
TT-2024-01-004285,toctoc,Providencia,Metropolitana,21.76,UF,34.0,2024-01-17 00:00:00.000000,2024-01-22 00:00:00.000000,DEPARTAMENTO,ARRIENDO,agency
TT-2024-01-002514,toctoc,Quinta Normal,Metropolitana,13.92,UF,45.2,2023-12-26 00:00:00.000000,2024-01-15 00:00:00.000000,departamento,arriendo,agency
TT-2024-01-001188,toctoc,Providencia,Metropolitana,19.32,UF,30.9,2023-11-26 00:00:00.000000,2024-01-01 00:00:00.000000,Departamento,arriendo,agency
TT-2024-01-001619,toctoc,Puente Alto,Metropolitana,595000.0,CLP,87.9,2023-12-11 00:00:00.000000,2024-01-08 00:00:00.000000,Departamento,arriendo,agency
TT-2024-01-000136,toctoc,Lo Barnechea,Metropolitana,19.32,UF,32.1,2023-12-06 00:00:00.000000,2024-01-01 00:00:00.000000,Departamento,arriendo,agency
TT-2024-01-002545,toctoc,Estación Central,Metropolitana,410000.0,CLP,35.6,2023-12-31 00:00:00.000000,2024-01-15 00:00:00.000000,DEPARTAMENTO,arriendo,owner_direct
TT-2024-01-003310,toctoc,Independencia,Metropolitana,570000.0,CLP,47.4,2024-01-07 00:00:00.000000,2024-01-22 00:00:00.000000,Departamento,ARRIENDO,owner_direct
TT-2024-01-003477,toctoc,Quilicura,Metropolitana,390000.0,CLP,32.9,2024-01-08 00:00:00.000000,2024-01-22 00:00:00.000000,departamento,arriendo,owner_direct
TT-2024-01-004594,toctoc,Lo Barnechea,Metropolitana,26.49,UF,52.8,2024-01-05 00:00:00.000000,2024-01-29 00:00:00.000000,DEPARTAMENTO,Arriendo,owner_direct
TT-2024-01-003219,toctoc,Santiago,Metropolitana,700000.0,CLP,69.7,2023-12-24 00:00:00.000000,2024-01-15 00:00:00.000000,departamento,ARRIENDO,agency
TT-2024-01-000238,toctoc,Maipú,Metropolitana,515000.0,CLP,67.2,2023-12-25 00:00:00.000000,2024-01-01 00:00:00.000000,DEPARTAMENTO,Arriendo,agency
TT-2024-01-001305,toctoc,Providencia,Metropolitana,815000.0,CLP,42.2,2024-01-07 00:00:00.000000,2024-01-08 00:00:00.000000,Departamento,arriendo,agency
TT-2024-01-000629,toctoc,Providencia,Metropolitana,900000.0,CLP,37.1,2023-11-22 00:00:00.000000,2024-01-01 00:00:00.000000,Departamento,arriendo,agency
TT-2024-01-002021,toctoc,La Florida,Metropolitana,13.11,UF,42.0,2023-12-20 00:00:00.000000,2024-01-08 00:00:00.000000,DEPARTAMENTO,Arriendo,owner_direct
TT-2024-01-002228,toctoc,Las Condes,Metropolitana,1225000.0,CLP,60.3,2023-12-19 00:00:00.000000,2024-01-08 00:00:00.000000,DEPARTAMENTO,arriendo,agency
TT-2024-01-000143,toctoc,Quinta Normal ,Metropolitana,156.49,UF,40.3,2023-11-18 00:00:00.000000,2024-01-01 00:00:00.000000,DEPARTAMENTO,ARRIENDO,owner_direct
TT-2024-01-000712,toctoc,Santiago,Metropolitana,525000.0,CLP,39.8,2023-12-04 00:00:00.000000,2024-01-01 00:00:00.000000,Departamento,arriendo,agency
TT-2024-01-001835,toctoc,MACUL,Metropolitana,14.73,UF,43.7,2024-01-03 00:00:00.000000,2024-01-08 00:00:00.000000,departamento,ARRIENDO,agency
TT-2024-01-002586,toctoc,Santiago,Metropolitana,12.97,UF,47.3,2023-12-03 00:00:00.000000,2024-01-15 00:00:00.000000,Departamento,arriendo,
TT-2024-01-005207,toctoc,Estación Central,Metropolitana,10.0,UF,32.4,2024-01-20 00:00:00.000000,2024-01-29 00:00:00.000000,DEPARTAMENTO,Arriendo,agency
TT-2024-01-005079,toctoc,La Florida,Metropolitana,15.0,UF,52.4,2023-08-24 00:00:00.000000,2024-01-29 00:00:00.000000,DEPARTAMENTO,arriendo,agency
TT-2024-01-004645,toctoc,Las Condes,Metropolitana,1160000.0,CLP,56.0,2023-12-05 00:00:00.000000,2024-01-29 00:00:00.000000,departamento,Arriendo,agency
TT-2024-01-005353,toctoc,Santiago,Metropolitana,23.65,UF,117.0,2023-09-12 00:00:00.000000,2024-01-29 00:00:00.000000,DEPARTAMENTO,ARRIENDO,agency
TT-2024-01-002563,toctoc,Puente Alto,Metropolitana,430000.0,CLP,42.0,2024-01-01 00:00:00.000000,2024-01-15 00:00:00.000000,DEPARTAMENTO,Arriendo,agency
TT-2024-01-004588,toctoc,Puente Alto,Metropolitana,585000.0,CLP,76.0,2024-01-14 00:00:00.000000,2024-01-29 00:00:00.000000,departamento,ARRIENDO,agency
TT-2024-01-004325,toctoc,Providencia,Metropolitana,18.24,UF,30.9,2024-01-16 00:00:00.000000,2024-01-22 00:00:00.000000,Departamento,Arriendo,agency
TT-2024-01-000874,toctoc,Santiago,Metropolitana,530000.0,CLP,47.5,2023-12-14 00:00:00.000000,2024-01-01 00:00:00.000000,Departamento,ARRIENDO,owner_direct
TT-2024-01-001625,toctoc,Pudahuel,Metropolitana,14.19,UF,44.5,2024-01-05 00:00:00.000000,2024-01-08 00:00:00.000000,departamento,Arriendo,agency
TT-2024-01-004535,toctoc,Santiago,Metropolitana,16.35,UF,41.1,2023-12-31 00:00:00.000000,2024-01-29 00:00:00.000000,DEPARTAMENTO,arriendo,agency
TT-2024-01-005303,toctoc,PROVIDENCIA,Metropolitana,915000.0,CLP,47.5,2024-01-19 00:00:00.000000,2024-01-29 00:00:00.000000,DEPARTAMENTO,ARRIENDO,owner_direct
TT-2024-01-000177,toctoc,La Florida,Metropolitana,14.59,UF,45.1,2023-11-18 00:00:00.000000,2024-01-01 00:00:00.000000,departamento,ARRIENDO,agency
TT-2024-01-002535,toctoc,Quilicura,Metropolitana,440000.0,CLP,44.5,2023-12-31 00:00:00.000000,2024-01-15 00:00:00.000000,departamento,ARRIENDO,owner_direct
TT-2024-01-001663,toctoc,Vitacura,Metropolitana,22.84,UF,41.1,2023-11-24 00:00:00.000000,2024-01-08 00:00:00.000000,DEPARTAMENTO,arriendo,owner_direct
TT-2024-01-001988,toctoc,LAS CONDES,Metropolitana,27.7,UF,55.5,2023-12-23 00:00:00.000000,2024-01-08 00:00:00.000000,Departamento,Arriendo,agency
TT-2024-01-003771,toctoc,Ñuñoa,Metropolitana,670000.0,CLP,40.0,2024-01-04 00:00:00.000000,2024-01-22 00:00:00.000000,DEPARTAMENTO,arriendo,agency
TT-2024-01-005246,toctoc,Estación Central,Metropolitana,21.62,UF,83.4,2024-01-22 00:00:00.000000,2024-01-29 00:00:00.000000,Departamento,arriendo,agency
TT-2024-01-001897,toctoc,Huechuraba,Metropolitana,15.14,UF,38.4,2023-12-18 00:00:00.000000,2024-01-08 00:00:00.000000,departamento,arriendo,owner_direct
TT-2024-01-000935,toctoc,Independencia,Metropolitana,610000.0,CLP,58.6,2023-12-06 00:00:00.000000,2024-01-01 00:00:00.000000,DEPARTAMENTO,Arriendo,agency
TT-2024-01-000259,toctoc,Cerrillos,Metropolitana,13.92,UF,57.0,2023-12-20 00:00:00.000000,2024-01-01 00:00:00.000000,departamento,arriendo,agency
TT-2024-01-001944,toctoc,San Miguel,Metropolitana,15.41,UF,52.4,2023-11-18 00:00:00.000000,2024-01-08 00:00:00.000000,DEPARTAMENTO,arriendo,
TT-2024-01-000656,toctoc,Ñuñoa,Metropolitana,715000.0,CLP,48.8,2023-12-18 00:00:00.000000,2024-01-01 00:00:00.000000,departamento,Arriendo,owner_direct
TT-2024-01-004546,toctoc,Ñuñoa,Metropolitana,16.49,UF,41.6,2023-12-15 00:00:00.000000,2024-01-29 00:00:00.000000,departamento,ARRIENDO,agency
TT-2024-01-004496,toctoc,Cerrillos,Metropolitana,430000.0,CLP,42.1,2023-12-19 00:00:00.000000,2024-01-29 00:00:00.000000,Departamento,Arriendo,owner_direct
TT-2024-01-002739,toctoc,Macul,Metropolitana,630000.0,CLP,52.4,2023-12-05 00:00:00.000000,2024-01-15 00:00:00.000000,Departamento,ARRIENDO,agency
TT-2024-01-003481,toctoc,Maipú,Metropolitana,14.59,UF,61.0,2024-01-05 00:00:00.000000,2024-01-22 00:00:00.000000,departamento,ARRIENDO,agency
TT-2024-01-000520,toctoc,Maipú,Metropolitana,515000.0,CLP,46.8,2023-12-08 00:00:00.000000,2024-01-01 00:00:00.000000,departamento,arriendo,owner_direct
TT-2024-01-002857,toctoc,Cerrillos,Metropolitana,11.62,UF,33.8,2023-12-15 00:00:00.000000,2024-01-15 00:00:00.000000,Departamento,Arriendo,agency
TT-2024-01-001342,toctoc,Vitacura,Metropolitana,35.14,UF,50.1,2023-12-25 00:00:00.000000,2024-01-08 00:00:00.000000,Departamento,ARRIENDO,owner_direct
TT-2024-01-000491,toctoc,Quinta Normal,Metropolitana,151.35,UF,54.5,2023-08-10 00:00:00.000000,2024-01-01 00:00:00.000000,Departamento,arriendo,agency
TT-2024-01-002456,toctoc,Providencia,Metropolitana,1155000.0,CLP,48.2,2023-12-03 00:00:00.000000,2024-01-15 00:00:00.000000,DEPARTAMENTO,ARRIENDO,owner_direct
TT-2024-01-002996,toctoc,Lo Barnechea,Metropolitana,795000.0,CLP,54.8,2023-12-26 00:00:00.000000,2024-01-15 00:00:00.000000,DEPARTAMENTO,arriendo,agency
TT-2024-01-003183,toctoc,La Cisterna,Metropolitana,15.27,UF,60.1,2023-12-21 00:00:00.000000,2024-01-15 00:00:00.000000,departamento,ARRIENDO,owner_direct
TT-2024-01-004583,toctoc,Quilicura,Metropolitana,420000.0,CLP,51.7,2023-12-08 00:00:00.000000,2024-01-29 00:00:00.000000,departamento,ARRIENDO,agency
TT-2024-01-004494,toctoc,La Florida,Metropolitana,17.3,UF,83.3,2023-12-25 00:00:00.000000,2024-01-29 00:00:00.000000,departamento,arriendo,owner_direct
TT-2024-01-005153,toctoc,Independencia,Metropolitana,14.19,UF,38.1,2024-01-20 00:00:00.000000,2024-01-29 00:00:00.000000,departamento,Arriendo,agency
TT-2024-01-003790,toctoc,Providencia,Metropolitana,29.73,UF,49.6,2023-11-22 00:00:00.000000,2024-01-22 00:00:00.000000,DEPARTAMENTO,arriendo,agency
TT-2024-01-003048,toctoc,Providencia,Metropolitana,21.08,UF,44.4,2023-12-13 00:00:00.000000,2024-01-15 00:00:00.000000,Departamento,Arriendo,agency
TT-2024-01-002644,toctoc,San Joaquín,Metropolitana,460000.0,CLP,46.2,2023-12-08 00:00:00.000000,2024-01-15 00:00:00.000000,Departamento,arriendo,owner_direct
TT-2024-01-000008,toctoc,Peñalolén,Metropolitana,500000.0,CLP,36.8,2023-12-16 00:00:00.000000,2024-01-01 00:00:00.000000,departamento,Arriendo,agency
TT-2024-01-004843,toctoc,Santiago,Metropolitana,17.03,UF,59.1,2023-11-26 00:00:00.000000,2024-01-29 00:00:00.000000,DEPARTAMENTO,Arriendo,agency
TT-2024-01-003304,toctoc,San Miguel,Metropolitana,14.59,UF,54.5,2023-12-22 00:00:00.000000,2024-01-22 00:00:00.000000,DEPARTAMENTO,Arriendo,agency
TT-2024-01-000575,toctoc, Estación Central,Metropolitana,10.14,UF,39.7,2023-11-26 00:00:00.000000,2024-01-01 00:00:00.000000,departamento,Arriendo,owner_direct
TT-2024-01-004654,toctoc,La Reina,Metropolitana,26.22,UF,53.7,2023-12-18 00:00:00.000000,2024-01-29 00:00:00.000000,Departamento,ARRIENDO,owner_direct
TT-2024-01-003069,toctoc,Huechuraba,Metropolitana,885000.0,CLP,81.9,2023-12-21 00:00:00.000000,2024-01-15 00:00:00.000000,departamento,arriendo,owner_direct
TT-2024-01-003398,toctoc,Santiago,Metropolitana,765000.0,CLP,72.4,2023-11-26 00:00:00.000000,2024-01-22 00:00:00.000000,Departamento,ARRIENDO,agency
TT-2024-01-002722,toctoc,Quilicura,Metropolitana,415000.0,CLP,43.0,2023-12-12 00:00:00.000000,2024-01-15 00:00:00.000000,DEPARTAMENTO,arriendo,
TT-2024-01-002049,toctoc,Ñuñoa,Metropolitana,705000.0,CLP,45.1,2023-12-10 00:00:00.000000,2024-01-08 00:00:00.000000,departamento,arriendo,
TT-2024-01-003975,toctoc,San Miguel,Metropolitana,15.81,UF,48.2,2024-01-12 00:00:00.000000,2024-01-22 00:00:00.000000,DEPARTAMENTO,ARRIENDO,owner_direct
TT-2024-01-003364,toctoc,Peñalolén,Metropolitana,16.62,UF,66.7,2024-01-07 00:00:00.000000,2024-01-22 00:00:00.000000,departamento,ARRIENDO,owner_direct
TT-2024-01-000480,toctoc,Providencia,Metropolitana,51.62,UF,118.6,2023-12-28 00:00:00.000000,2024-01-01 00:00:00.000000,Departamento,Arriendo,agency
TT-2024-01-001998,toctoc,Santiago,Metropolitana,740000.0,CLP,53.4,2023-12-26 00:00:00.000000,2024-01-08 00:00:00.000000,Departamento,ARRIENDO,agency
TT-2024-01-003154,toctoc,Providencia,Metropolitana,22.43,UF,44.8,2023-11-19 00:00:00.000000,2024-01-15 00:00:00.000000,departamento,ARRIENDO,agency
TT-2024-01-000826,toctoc,Ñuñoa,Metropolitana,20.41,UF,53.5,2023-07-30 00:00:00.000000,2024-01-01 00:00:00.000000,Departamento,ARRIENDO,owner_direct
TT-2024-01-000234,toctoc,Providencia,Metropolitana,20.41,UF,34.9,2023-11-29 00:00:00.000000,2024-01-01 00:00:00.000000,DEPARTAMENTO,Arriendo,agency
TT-2024-01-001007,toctoc,Independencia,Metropolitana,10.68,UF,32.5,2023-12-06 00:00:00.000000,2024-01-01 00:00:00.000000,DEPARTAMENTO,Arriendo,agency
TT-2024-01-004639,toctoc,Puente Alto,Metropolitana,12.43,UF,39.8,2023-12-25 00:00:00.000000,2024-01-29 00:00:00.000000,departamento,ARRIENDO,owner_direct
TT-2024-01-004552,toctoc,Quilicura,Metropolitana,485000.0,CLP,58.6,2024-01-17 00:00:00.000000,2024-01-29 00:00:00.000000,DEPARTAMENTO,arriendo,owner_direct
TT-2024-01-004819,toctoc,La Reina,Metropolitana,595000.0,CLP,28.2,2024-01-07 00:00:00.000000,2024-01-29 00:00:00.000000,DEPARTAMENTO,ARRIENDO,owner_direct
TT-2024-01-004007,toctoc,La Florida,Metropolitana,590000.0,CLP,61.5,2023-12-17 00:00:00.000000,2024-01-22 00:00:00.000000,DEPARTAMENTO,ARRIENDO,owner_direct
TT-2024-01-003221,toctoc,Santiago,Metropolitana,390000.0,CLP,32.9,2024-01-05 00:00:00.000000,2024-01-15 00:00:00.000000,departamento,arriendo,agency
TT-2024-01-002599,toctoc,Recoleta,Metropolitana,10.0,UF,2.0,2023-12-14 00:00:00.000000,2024-01-15 00:00:00.000000,DEPARTAMENTO,ARRIENDO,agency
TT-2024-01-004040,toctoc,Puente Alto,Metropolitana,905000.0,CLP,140.8,2023-11-28 00:00:00.000000,2024-01-22 00:00:00.000000,DEPARTAMENTO,ARRIENDO,agency
TT-2024-01-003823,toctoc,Lo Barnechea,Metropolitana,825000.0,CLP,43.5,2023-07-26 00:00:00.000000,2024-01-22 00:00:00.000000,Departamento,arriendo,agency
TT-2024-01-001269,toctoc,Estación Central,Metropolitana,10.68,UF,34.0,2023-10-24 00:00:00.000000,2024-01-08 00:00:00.000000,DEPARTAMENTO,Arriendo,owner_direct
TT-2024-01-003495,toctoc,Quinta Normal,Metropolitana,445000.0,CLP,32.2,2024-01-12 00:00:00.000000,2024-01-22 00:00:00.000000,DEPARTAMENTO,arriendo,agency
TT-2024-01-001248,toctoc,Estación Central,Metropolitana,14.19,UF,60.2,2023-12-15 00:00:00.000000,2024-01-08 00:00:00.000000,departamento,arriendo,agency
TT-2024-01-002400,toctoc,Las Condes,Metropolitana,835000.0,CLP,42.5,2024-01-11 00:00:00.000000,2024-01-15 00:00:00.000000,Departamento,arriendo,owner_direct
TT-2024-01-005323,toctoc,Puente Alto,Metropolitana,14.32,UF,64.9,2023-12-21 00:00:00.000000,2024-01-29 00:00:00.000000,DEPARTAMENTO,arriendo,agency
TT-2024-01-001335,toctoc,Providencia,Metropolitana,925000.0,CLP,46.9,2023-11-26 00:00:00.000000,2024-01-08 00:00:00.000000,departamento,arriendo,owner_direct
TT-2024-01-005177,toctoc,La Florida,Metropolitana,935000.0,CLP,92.6,2023-12-16 00:00:00.000000,2024-01-29 00:00:00.000000,DEPARTAMENTO,ARRIENDO,agency
TT-2024-01-001543,toctoc,Las Condes,Metropolitana,870000.0,CLP,61.3,2024-01-07 00:00:00.000000,2024-01-08 00:00:00.000000,DEPARTAMENTO,ARRIENDO,agency
TT-2024-01-000834,toctoc,Santiago,Metropolitana,17.7,UF,45.8,2023-12-11 00:00:00.000000,2024-01-01 00:00:00.000000,DEPARTAMENTO,ARRIENDO,agency
TT-2024-01-002064,toctoc,Santiago,Metropolitana,525000.0,CLP,43.5,2023-12-15 00:00:00.000000,2024-01-08 00:00:00.000000,departamento,Arriendo,agency
TT-2024-01-000299,toctoc,Santiago,Metropolitana,22.84,UF,91.3,2023-12-20 00:00:00.000000,2024-01-01 00:00:00.000000,departamento,arriendo,agency
TT-2024-01-001255,toctoc,Las Condes,Metropolitana,26.76,UF,49.5,2023-12-09 00:00:00.000000,2024-01-08 00:00:00.000000,departamento,ARRIENDO,agency
TT-2024-01-000808,toctoc,Independencia,Metropolitana,430000.0,CLP,29.0,2023-10-18 00:00:00.000000,2024-01-01 00:00:00.000000,DEPARTAMENTO,Arriendo,agency
TT-2024-01-001353,toctoc,Santiago,Metropolitana,580000.0,CLP,47.6,2023-12-10 00:00:00.000000,2024-01-08 00:00:00.000000,Departamento,arriendo,agency
TT-2024-01-000875,toctoc,Las Condes,Metropolitana,20.68,UF,36.7,2023-12-27 00:00:00.000000,2024-01-01 00:00:00.000000,DEPARTAMENTO,Arriendo,agency
TT-2024-01-005002,toctoc,Independencia,Metropolitana,380000.0,CLP,31.7,2024-01-21 00:00:00.000000,2024-01-29 00:00:00.000000,Departamento,ARRIENDO,agency
TT-2024-01-001185,toctoc,La Reina,Metropolitana,740000.0,CLP,40.0,2023-12-17 00:00:00.000000,2024-01-01 00:00:00.000000,departamento,Arriendo,agency
TT-2024-01-005185,toctoc,Quinta Normal,Metropolitana,375000.0,CLP,36.1,2024-01-06 00:00:00.000000,2024-01-29 00:00:00.000000,Departamento,ARRIENDO,owner_direct
TT-2024-01-002564,toctoc,La Florida,Metropolitana,14.05,UF,38.3,2023-12-26 00:00:00.000000,2024-01-15 00:00:00.000000,departamento,Arriendo,
TT-2024-01-000286,toctoc,Independencia,Metropolitana,640000.0,CLP,61.6,2023-12-05 00:00:00.000000,2024-01-01 00:00:00.000000,Departamento,Arriendo,owner_direct
TT-2024-01-000999,toctoc,Providencia,Metropolitana,980000.0,CLP,57.4,2023-12-17 00:00:00.000000,2024-01-01 00:00:00.000000,Departamento,arriendo,owner_direct
TT-2024-01-002654,toctoc,La Cisterna,Metropolitana,695000.0,CLP,93.0,2023-10-06 00:00:00.000000,2024-01-15 00:00:00.000000,Departamento,arriendo,agency
TT-2024-01-004720,toctoc,Peñalolén,Metropolitana,465000.0,CLP,33.9,2023-12-11 00:00:00.000000,2024-01-29 00:00:00.000000,departamento,ARRIENDO,agency
TT-2024-01-005030,toctoc,Las Condes,Metropolitana,22.43,UF,45.5,2023-12-04 00:00:00.000000,2024-01-29 00:00:00.000000,Departamento,ARRIENDO,agency
TT-2024-01-003598,toctoc,Ñuñoa,Metropolitana,15.14,UF,32.2,2023-12-11 00:00:00.000000,2024-01-22 00:00:00.000000,DEPARTAMENTO,ARRIENDO,agency
TT-2024-01-005122,toctoc,Maipú,Metropolitana,465000.0,CLP,49.9,2024-01-05 00:00:00.000000,2024-01-29 00:00:00.000000,departamento,arriendo,agency
TT-2024-01-001761,toctoc,La Florida,Metropolitana,14.32,UF,47.8,2023-12-28 00:00:00.000000,2024-01-08 00:00:00.000000,DEPARTAMENTO,Arriendo,agency
TT-2024-01-005456,toctoc,Santiago,Metropolitana,14.05,UF,43.1,2023-12-26 00:00:00.000000,2024-01-29 00:00:00.000000,Departamento,arriendo,agency
TT-2024-01-002560,toctoc,Estación Central,Metropolitana,830000.0,CLP,114.9,2023-12-20 00:00:00.000000,2024-01-15 00:00:00.000000,Departamento,arriendo,agency
TT-2024-01-004143,toctoc,Santiago,Metropolitana,745000.0,CLP,59.9,2024-01-14 00:00:00.000000,2024-01-22 00:00:00.000000,Departamento,Arriendo,agency
TT-2024-01-002302,toctoc,Recoleta,Metropolitana,11.08,UF,45.9,2023-12-14 00:00:00.000000,2024-01-08 00:00:00.000000,departamento,arriendo,owner_direct
TT-2024-01-002781,toctoc,Macul,Metropolitana,485000.0,CLP,41.0,2023-08-19 00:00:00.000000,2024-01-15 00:00:00.000000,DEPARTAMENTO,arriendo,owner_direct
TT-2024-01-002004,toctoc,Recoleta,Metropolitana,335000.0,CLP,26.7,2023-12-08 00:00:00.000000,2024-01-08 00:00:00.000000,DEPARTAMENTO,arriendo,owner_direct
TT-2024-01-005150,toctoc,Peñalolén,Metropolitana,10.0,UF,27.3,2023-12-15 00:00:00.000000,2024-01-29 00:00:00.000000,DEPARTAMENTO,arriendo,agency
TT-2024-01-000880,toctoc,Lo Barnechea,Metropolitana,23.11,UF,44.3,2023-12-21 00:00:00.000000,2024-01-01 00:00:00.000000,departamento,ARRIENDO,agency
TT-2024-01-003860,toctoc,La Reina,Metropolitana,24.73,UF,75.5,2023-12-01 00:00:00.000000,2024-01-22 00:00:00.000000,Departamento,Arriendo,owner_direct
TT-2024-01-005454,toctoc,Macul,Metropolitana,16.76,UF,45.8,2024-01-10 00:00:00.000000,2024-01-29 00:00:00.000000,Departamento,arriendo,owner_direct
TT-2024-01-002730,toctoc,Cerrillos,Metropolitana,15.68,UF,54.0,2023-12-16 00:00:00.000000,2024-01-15 00:00:00.000000,Departamento,Arriendo,owner_direct
TT-2024-01-005270,toctoc,Santiago,Metropolitana,580000.0,CLP,43.9,2024-01-18 00:00:00.000000,2024-01-29 00:00:00.000000,Departamento,ARRIENDO,agency
TT-2024-01-001892,toctoc,Quinta Normal,Metropolitana,21.62,UF,86.2,2023-11-02 00:00:00.000000,2024-01-08 00:00:00.000000,Departamento,Arriendo,agency
TT-2024-01-001640,toctoc,Recoleta,Metropolitana,410000.0,CLP,35.3,2023-12-09 00:00:00.000000,2024-01-08 00:00:00.000000,Departamento,Arriendo,owner_direct
TT-2024-01-003903,toctoc,Independencia,Metropolitana,15.0,UF,53.3,2023-12-30 00:00:00.000000,2024-01-22 00:00:00.000000,DEPARTAMENTO,Arriendo,agency
TT-2024-01-002340,toctoc,Macul,Metropolitana,445000.0,CLP,30.4,2023-12-13 00:00:00.000000,2024-01-08 00:00:00.000000,DEPARTAMENTO,arriendo,owner_direct
TT-2024-01-003803,toctoc,Providencia,Metropolitana,23.11,UF,33.8,2023-12-29 00:00:00.000000,2024-01-22 00:00:00.000000,DEPARTAMENTO,ARRIENDO,agency
TT-2024-01-001463,toctoc,Santiago,Metropolitana,16.49,UF,60.7,2023-12-15 00:00:00.000000,2024-01-08 00:00:00.000000,departamento,Arriendo,agency
TT-2024-01-003020,toctoc,Las Condes,Metropolitana,1090000.0,CLP,51.1,2023-12-19 00:00:00.000000,2024-01-15 00:00:00.000000,Departamento,arriendo,owner_direct
TT-2024-01-002168,toctoc,La Florida,Metropolitana,435000.0,CLP,36.9,2023-12-18 00:00:00.000000,2024-01-08 00:00:00.000000,Departamento,arriendo,agency
TT-2024-01-001731,toctoc,Recoleta,Metropolitana,1850000.0,CLP,250.0,2023-11-30 00:00:00.000000,2024-01-08 00:00:00.000000,departamento,arriendo,agency
TT-2024-01-000057,toctoc,Santiago,Metropolitana,515000.0,CLP,36.0,2023-12-13 00:00:00.000000,2024-01-01 00:00:00.000000,departamento,arriendo,agency
TT-2024-01-004726,toctoc,Quinta Normal,Metropolitana,490000.0,CLP,57.0,2024-01-03 00:00:00.000000,2024-01-29 00:00:00.000000,Departamento,ARRIENDO,agency
TT-2024-01-004745,toctoc,Conchalí,Metropolitana,11.35,UF,40.1,2023-12-20 00:00:00.000000,2024-01-29 00:00:00.000000,DEPARTAMENTO,Arriendo,agency
TT-2024-01-000889,toctoc,Ñuñoa,Metropolitana,17.7,UF,37.6,2023-12-06 00:00:00.000000,2024-01-01 00:00:00.000000,Departamento,arriendo,owner_direct
TT-2024-01-001212,toctoc,Santiago,Metropolitana,15.0,UF,38.9,2023-11-27 00:00:00.000000,2024-01-08 00:00:00.000000,DEPARTAMENTO,arriendo,agency
TT-2024-01-003866,toctoc,Huechuraba,Metropolitana,17.3,UF,45.5,2023-12-04 00:00:00.000000,2024-01-22 00:00:00.000000,departamento,ARRIENDO,owner_direct
TT-2024-01-003985,toctoc,Vitacura,Metropolitana,31.62,UF,49.2,2024-01-04 00:00:00.000000,2024-01-22 00:00:00.000000,Departamento,ARRIENDO,agency
TT-2024-01-005245,toctoc,providencia,Metropolitana,25.81,UF,48.1,2023-12-15 00:00:00.000000,2024-01-29 00:00:00.000000,DEPARTAMENTO,Arriendo,owner_direct
TT-2024-01-002443,toctoc,Independencia,Metropolitana,490000.0,CLP,48.4,2024-01-03 00:00:00.000000,2024-01-15 00:00:00.000000,Departamento,arriendo,agency
TT-2024-01-000552,toctoc,Estación Central,Metropolitana,11.76,UF,40.6,2023-12-10 00:00:00.000000,2024-01-01 00:00:00.000000,DEPARTAMENTO,arriendo,agency
TT-2024-01-000741,toctoc,Renca,Metropolitana,520000.0,CLP,59.5,2023-11-18 00:00:00.000000,2024-01-01 00:00:00.000000,Departamento,arriendo,agency
TT-2024-01-000871,toctoc,Estación Central,Metropolitana,560000.0,CLP,59.9,2023-12-21 00:00:00.000000,2024-01-01 00:00:00.000000,departamento,ARRIENDO,agency
TT-2024-01-004562,toctoc,San Miguel,Metropolitana,430000.0,CLP,40.2,2024-01-10 00:00:00.000000,2024-01-29 00:00:00.000000,departamento,Arriendo,owner_direct
TT-2024-01-003789,toctoc,Quinta Normal,Metropolitana,14.05,UF,38.1,2024-01-02 00:00:00.000000,2024-01-22 00:00:00.000000,Departamento,arriendo,owner_direct
TT-2024-01-003261,toctoc,Peñalolén,Metropolitana,12.43,UF,45.7,2023-12-09 00:00:00.000000,2024-01-15 00:00:00.000000,Departamento,arriendo,owner_direct
TT-2024-01-001962,toctoc,Puente Alto,Metropolitana,32.97,UF,250.0,2023-07-17 00:00:00.000000,2024-01-08 00:00:00.000000,Departamento,ARRIENDO,agency
TT-2024-01-002439,toctoc,Estación Central,Metropolitana,485000.0,CLP,77.0,2023-11-14 00:00:00.000000,2024-01-15 00:00:00.000000,departamento,arriendo,agency
TT-2024-01-000406,toctoc,HUECHURABA,Metropolitana,23.92,UF,76.9,2023-12-14 00:00:00.000000,2024-01-01 00:00:00.000000,departamento,ARRIENDO,owner_direct
TT-2024-01-001031,toctoc,Santiago,Metropolitana,450000.0,CLP,28.6,2023-11-24 00:00:00.000000,2024-01-01 00:00:00.000000,departamento,Arriendo,agency
TT-2024-01-000787,toctoc,Santiago,Metropolitana,19.05,UF,53.9,2023-12-29 00:00:00.000000,2024-01-01 00:00:00.000000,departamento,Arriendo,owner_direct
TT-2024-01-004997,toctoc,Lo Barnechea,Metropolitana,25.81,UF,44.7,2023-12-24 00:00:00.000000,2024-01-29 00:00:00.000000,departamento,ARRIENDO,agency
TT-2024-01-002607,toctoc,San Miguel,Metropolitana,610000.0,CLP,60.9,2023-12-14 00:00:00.000000,2024-01-15 00:00:00.000000,departamento,ARRIENDO,agency
TT-2024-01-005460,toctoc,Las Condes,Metropolitana,26.35,UF,42.8,2024-01-16 00:00:00.000000,2024-01-29 00:00:00.000000,Departamento,arriendo,agency
TT-2024-01-001277,toctoc,Quinta Normal,Metropolitana,13.78,UF,54.8,2024-01-05 00:00:00.000000,2024-01-08 00:00:00.000000,Departamento,ARRIENDO,agency
TT-2024-01-003452,toctoc,Estación Central,Metropolitana,16.76,UF,75.7,2024-01-13 00:00:00.000000,2024-01-22 00:00:00.000000,departamento,ARRIENDO,owner_direct
TT-2024-01-001201,toctoc,Estación Central,Metropolitana,490000.0,CLP,58.0,2023-12-16 00:00:00.000000,2024-01-08 00:00:00.000000,departamento,arriendo,agency
TT-2024-01-003772,toctoc,Las Condes,Metropolitana,2075000.0,CLP,45.5,2023-08-25 00:00:00.000000,2024-01-22 00:00:00.000000,departamento,arriendo,agency
TT-2024-01-004970,toctoc,Las Condes,Metropolitana,27.03,UF,51.4,2024-01-12 00:00:00.000000,2024-01-29 00:00:00.000000,DEPARTAMENTO,arriendo,owner_direct
TT-2024-01-002558,toctoc,Puente Alto,Metropolitana,21.89,UF,92.7,2023-12-31 00:00:00.000000,2024-01-15 00:00:00.000000,Departamento,Arriendo,agency
TT-2024-01-000856,toctoc,Huechuraba,Metropolitana,605000.0,CLP,42.3,2023-08-22 00:00:00.000000,2024-01-01 00:00:00.000000,departamento,ARRIENDO,agency
TT-2024-01-001649,toctoc,Recoleta,Metropolitana,14.19,UF,43.0,2023-11-27 00:00:00.000000,2024-01-08 00:00:00.000000,departamento,Arriendo,owner_direct
TT-2024-01-005426,toctoc,Maipú,Metropolitana,550000.0,CLP,72.2,2024-01-09 00:00:00.000000,2024-01-29 00:00:00.000000,Departamento,ARRIENDO,owner_direct
TT-2024-01-003090,toctoc,Providencia,Metropolitana,30.81,UF,78.4,2023-12-19 00:00:00.000000,2024-01-15 00:00:00.000000,Departamento,ARRIENDO,owner_direct
TT-2024-01-004064,toctoc,La Cisterna,Metropolitana,13.65,UF,51.3,2024-01-03 00:00:00.000000,2024-01-22 00:00:00.000000,Departamento,ARRIENDO,agency
TT-2024-01-003721,toctoc,Estación Central,Metropolitana,14.73,UF,53.4,2024-01-06 00:00:00.000000,2024-01-22 00:00:00.000000,Departamento,ARRIENDO,owner_direct
TT-2024-01-002505,toctoc,Estación Central,Metropolitana,530000.0,CLP,46.4,2024-01-04 00:00:00.000000,2024-01-15 00:00:00.000000,departamento,Arriendo,agency
TT-2024-01-001315,toctoc,Vitacura,Metropolitana,22.43,UF,32.5,2023-12-28 00:00:00.000000,2024-01-08 00:00:00.000000,departamento,ARRIENDO,agency
TT-2024-01-000460,toctoc,San Joaquín,Metropolitana,415000.0,CLP,39.3,2023-12-03 00:00:00.000000,2024-01-01 00:00:00.000000,DEPARTAMENTO,Arriendo,owner_direct
TT-2024-01-001768,toctoc,Las Condes,Metropolitana,22.43,UF,36.1,2023-12-31 00:00:00.000000,2024-01-08 00:00:00.000000,Departamento,Arriendo,agency
TT-2024-01-004360,toctoc,Recoleta,Metropolitana,15.54,UF,57.5,2024-01-11 00:00:00.000000,2024-01-29 00:00:00.000000,DEPARTAMENTO,arriendo,agency
TT-2024-01-003010,toctoc, Estación Central,Metropolitana,110.95,UF,37.4,2024-01-03 00:00:00.000000,2024-01-15 00:00:00.000000,departamento,ARRIENDO,owner_direct
TT-2024-01-005398,toctoc,Vitacura,Metropolitana,34.32,UF,57.8,2024-01-15 00:00:00.000000,2024-01-29 00:00:00.000000,departamento,arriendo,agency
TT-2024-01-001283,toctoc,Independencia,Metropolitana,13.92,UF,49.0,2024-01-07 00:00:00.000000,2024-01-08 00:00:00.000000,Departamento,arriendo,agency
TT-2024-01-000794,toctoc,Ñuñoa,Metropolitana,770000.0,CLP,42.0,2023-12-12 00:00:00.000000,2024-01-01 00:00:00.000000,departamento,Arriendo,agency
TT-2024-01-000720,toctoc,HUECHURABA,Metropolitana,16.49,UF,55.5,2023-12-17 00:00:00.000000,2024-01-01 00:00:00.000000,DEPARTAMENTO,ARRIENDO,agency
TT-2024-01-001489,toctoc,Maipú,Metropolitana,375000.0,CLP,41.2,2023-10-17 00:00:00.000000,2024-01-08 00:00:00.000000,departamento,arriendo,agency
TT-2024-01-000577,toctoc,Las Condes,Metropolitana,1000000.0,CLP,47.1,2023-12-25 00:00:00.000000,2024-01-01 00:00:00.000000,Departamento,ARRIENDO,owner_direct
TT-2024-01-000975,toctoc,San Miguel,Metropolitana,545000.0,CLP,38.9,2023-12-24 00:00:00.000000,2024-01-01 00:00:00.000000,departamento,Arriendo,owner_direct
TT-2024-01-001792,toctoc,Estación Central,Metropolitana,735000.0,CLP,105.9,2023-11-13 00:00:00.000000,2024-01-08 00:00:00.000000,departamento,arriendo,agency
TT-2024-01-005052,toctoc,Santiago,Metropolitana,575000.0,CLP,39.9,2023-12-17 00:00:00.000000,2024-01-29 00:00:00.000000,departamento,arriendo,owner_direct
TT-2024-01-001389,toctoc,Las Condes,Metropolitana,27.16,UF,42.4,2023-12-04 00:00:00.000000,2024-01-08 00:00:00.000000,departamento,arriendo,owner_direct
TT-2024-01-004937,toctoc,Independencia,Metropolitana,420000.0,CLP,37.6,2023-12-31 00:00:00.000000,2024-01-29 00:00:00.000000,departamento,ARRIENDO,agency
TT-2024-01-000626,toctoc,Las Condes,Metropolitana,1170000.0,CLP,77.5,2023-12-12 00:00:00.000000,2024-01-01 00:00:00.000000,departamento,Arriendo,agency
TT-2024-01-003363,toctoc,Quilicura,Metropolitana,325000.0,CLP,29.7,2024-01-07 00:00:00.000000,2024-01-22 00:00:00.000000,departamento,Arriendo,agency
TT-2024-01-002124,toctoc,Macul,Metropolitana,10.54,UF,28.0,2023-12-13 00:00:00.000000,2024-01-08 00:00:00.000000,departamento,ARRIENDO,agency
TT-2024-01-000031,toctoc,Santiago,Metropolitana,13.38,UF,35.7,2023-12-20 00:00:00.000000,2024-01-01 00:00:00.000000,Departamento,Arriendo,agency
TT-2024-01-000035,toctoc,Vitacura,Metropolitana,935000.0,CLP,40.8,2023-12-24 00:00:00.000000,2024-01-01 00:00:00.000000,departamento,Arriendo,agency
TT-2024-01-004521,toctoc,Quinta Normal,Metropolitana,13.11,UF,41.5,2024-01-20 00:00:00.000000,2024-01-29 00:00:00.000000,departamento,ARRIENDO,agency
TT-2024-01-004717,toctoc,Macul,Metropolitana,17.84,UF,65.0,2024-01-11 00:00:00.000000,2024-01-29 00:00:00.000000,Departamento,arriendo,agency
TT-2024-01-000583,toctoc,Providencia,Metropolitana,24.19,UF,47.2,2023-12-12 00:00:00.000000,2024-01-01 00:00:00.000000,DEPARTAMENTO,arriendo,owner_direct
TT-2024-01-000111,toctoc,Quilicura,Metropolitana,10.68,UF,34.1,2023-12-17 00:00:00.000000,2024-01-01 00:00:00.000000,departamento,arriendo,agency
TT-2024-01-003716,toctoc,Peñalolén,Metropolitana,15.81,UF,57.3,2023-12-27 00:00:00.000000,2024-01-22 00:00:00.000000,departamento,ARRIENDO,owner_direct
TT-2024-01-000025,toctoc,Maipú,Metropolitana,12.84,UF,58.0,2023-11-09 00:00:00.000000,2024-01-01 00:00:00.000000,DEPARTAMENTO,Arriendo,owner_direct
TT-2024-01-002661,toctoc,Quilicura,Metropolitana,14.86,UF,63.9,2023-10-25 00:00:00.000000,2024-01-15 00:00:00.000000,Departamento,Arriendo,owner_direct
TT-2024-01-002947,toctoc,Independencia,Metropolitana,10.81,UF,32.4,2023-12-07 00:00:00.000000,2024-01-15 00:00:00.000000,Departamento,ARRIENDO,agency
TT-2024-01-001971,toctoc,La Florida,Metropolitana,665000.0,CLP,67.1,2023-12-26 00:00:00.000000,2024-01-08 00:00:00.000000,Departamento,Arriendo,agency
TT-2024-01-005443,toctoc,Independencia,Metropolitana,15.0,UF,38.7,2023-12-24 00:00:00.000000,2024-01-29 00:00:00.000000,Departamento,Arriendo,owner_direct
TT-2024-01-004263,toctoc,Huechuraba,Metropolitana,14.59,UF,33.3,2024-01-01 00:00:00.000000,2024-01-22 00:00:00.000000,departamento,arriendo,owner_direct
TT-2024-01-001216,toctoc,Estación Central,Metropolitana,420000.0,CLP,37.7,2023-12-02 00:00:00.000000,2024-01-08 00:00:00.000000,Departamento,arriendo,owner_direct
TT-2024-01-002460,toctoc,La Reina,Metropolitana,44.32,UF,147.7,2023-12-26 00:00:00.000000,2024-01-15 00:00:00.000000,DEPARTAMENTO,ARRIENDO,agency
TT-2024-01-001411,toctoc,Santiago,Metropolitana,15.41,UF,29.4,2023-12-25 00:00:00.000000,2024-01-08 00:00:00.000000,DEPARTAMENTO,Arriendo,owner_direct
TT-2024-01-004435,toctoc,Macul,Metropolitana,15.54,UF,44.2,2023-12-13 00:00:00.000000,2024-01-29 00:00:00.000000,DEPARTAMENTO,Arriendo,agency
TT-2024-01-004458,toctoc,Huechuraba,Metropolitana,625000.0,CLP,50.4,2024-01-05 00:00:00.000000,2024-01-29 00:00:00.000000,DEPARTAMENTO,Arriendo,agency
TT-2024-01-003800,toctoc,Cerrillos,Metropolitana,14.19,UF,59.0,2023-12-31 00:00:00.000000,2024-01-22 00:00:00.000000,departamento,arriendo,owner_direct
TT-2024-01-000327,toctoc,La Florida,Metropolitana,425000.0,CLP,37.4,2023-12-15 00:00:00.000000,2024-01-01 00:00:00.000000,DEPARTAMENTO,Arriendo,owner_direct
TT-2024-01-003480,toctoc,Macul ,Metropolitana,18.11,UF,72.9,2024-01-10 00:00:00.000000,2024-01-22 00:00:00.000000,departamento,arriendo,agency
TT-2024-01-002159,toctoc,Ñuñoa,Metropolitana,910000.0,CLP,64.9,2023-12-16 00:00:00.000000,2024-01-08 00:00:00.000000,DEPARTAMENTO,arriendo,agency
TT-2024-01-002154,toctoc,Vitacura,Metropolitana,19.19,UF,32.1,2023-12-23 00:00:00.000000,2024-01-08 00:00:00.000000,departamento,arriendo,owner_direct
TT-2024-01-000884,toctoc,Estación Central ,Metropolitana,690000.0,CLP,83.7,2023-11-12 00:00:00.000000,2024-01-01 00:00:00.000000,Departamento,ARRIENDO,agency
TT-2024-01-004919,toctoc,La Reina,Metropolitana,16.35,UF,43.4,2023-12-18 00:00:00.000000,2024-01-29 00:00:00.000000,departamento,arriendo,owner_direct
TT-2024-01-003084,toctoc,Las Condes,Metropolitana,21.89,UF,32.8,2023-12-14 00:00:00.000000,2024-01-15 00:00:00.000000,DEPARTAMENTO,ARRIENDO,owner_direct
TT-2024-01-004008,toctoc,La Florida ,Metropolitana,14.86,UF,57.7,2024-01-02 00:00:00.000000,2024-01-22 00:00:00.000000,departamento,ARRIENDO,
TT-2024-01-001809,toctoc,Quinta Normal,Metropolitana,13.38,UF,44.4,2023-11-09 00:00:00.000000,2024-01-08 00:00:00.000000,DEPARTAMENTO,Arriendo,owner_direct
TT-2024-01-002829,toctoc,Pudahuel,Metropolitana,10.27,UF,34.9,2023-12-24 00:00:00.000000,2024-01-15 00:00:00.000000,Departamento,Arriendo,agency
TT-2024-01-003718,toctoc,Maipú,Metropolitana,615000.0,CLP,72.7,2023-07-27 00:00:00.000000,2024-01-22 00:00:00.000000,DEPARTAMENTO,ARRIENDO,owner_direct
TT-2024-01-004311,toctoc,La Florida,Metropolitana,12.7,UF,52.4,2024-01-19 00:00:00.000000,2024-01-22 00:00:00.000000,Departamento,ARRIENDO,agency
TT-2024-01-003004,toctoc,Estación Central,Metropolitana,12.16,UF,38.6,2023-11-21 00:00:00.000000,2024-01-15 00:00:00.000000,DEPARTAMENTO,ARRIENDO,agency
TT-2024-01-002273,toctoc,Pudahuel,Metropolitana,395000.0,CLP,46.0,2023-12-28 00:00:00.000000,2024-01-08 00:00:00.000000,departamento,Arriendo,agency
TT-2024-01-002421,toctoc,La Florida,Metropolitana,17.16,UF,60.7,2023-12-23 00:00:00.000000,2024-01-15 00:00:00.000000,departamento,Arriendo,agency
TT-2024-01-004809,toctoc,Estación Central,Metropolitana,17.43,UF,67.5,2023-09-26 00:00:00.000000,2024-01-29 00:00:00.000000,DEPARTAMENTO,arriendo,agency
TT-2024-01-004189,toctoc,La Florida,Metropolitana,11.35,UF,50.6,2024-01-09 00:00:00.000000,2024-01-22 00:00:00.000000,departamento,arriendo,owner_direct
TT-2024-01-005363,toctoc,Ñuñoa,Metropolitana,16.08,UF,35.5,2024-01-03 00:00:00.000000,2024-01-29 00:00:00.000000,departamento,Arriendo,agency
TT-2024-01-001822,toctoc,Santiago,Metropolitana,15.68,UF,40.1,2023-12-31 00:00:00.000000,2024-01-08 00:00:00.000000,DEPARTAMENTO,ARRIENDO,agency
TT-2024-01-001771,toctoc,San Joaquín,Metropolitana,570000.0,CLP,50.4,2023-12-05 00:00:00.000000,2024-01-08 00:00:00.000000,departamento,ARRIENDO,owner_direct
TT-2024-01-001888,toctoc,Conchalí,Metropolitana,535000.0,CLP,42.6,2023-10-01 00:00:00.000000,2024-01-08 00:00:00.000000,DEPARTAMENTO,arriendo,agency
TT-2024-01-001984,toctoc,Recoleta,Metropolitana,11.89,UF,34.0,2023-11-28 00:00:00.000000,2024-01-08 00:00:00.000000,departamento,Arriendo,owner_direct
TT-2024-01-001048,toctoc,San Miguel,Metropolitana,1095000.0,CLP,149.1,2023-11-03 00:00:00.000000,2024-01-01 00:00:00.000000,DEPARTAMENTO,Arriendo,agency
TT-2024-01-004255,toctoc,Estación Central,Metropolitana,760000.0,CLP,82.4,2023-12-29 00:00:00.000000,2024-01-22 00:00:00.000000,DEPARTAMENTO,ARRIENDO,agency
TT-2024-01-005495,toctoc, Macul,Metropolitana,410000.0,CLP,26.9,2024-01-24 00:00:00.000000,2024-01-29 00:00:00.000000,departamento,arriendo,owner_direct
TT-2024-01-001738,toctoc,Estación Central,Metropolitana,475000.0,CLP,59.0,2023-10-10 00:00:00.000000,2024-01-08 00:00:00.000000,departamento,ARRIENDO,agency
TT-2024-01-005396,toctoc,Las Condes,Metropolitana,26.08,UF,45.3,2023-09-18 00:00:00.000000,2024-01-29 00:00:00.000000,departamento,ARRIENDO,agency
TT-2024-01-002082,toctoc,La Florida,Metropolitana,585000.0,CLP,63.4,2023-12-14 00:00:00.000000,2024-01-08 00:00:00.000000,departamento,arriendo,agency
TT-2024-01-001307,toctoc,Puente Alto,Metropolitana,10.54,UF,36.3,2023-12-22 00:00:00.000000,2024-01-08 00:00:00.000000,Departamento,ARRIENDO,owner_direct
TT-2024-01-004565,toctoc,San Miguel,Metropolitana,12.43,UF,38.6,2023-09-04 00:00:00.000000,2024-01-29 00:00:00.000000,Departamento,arriendo,agency
TT-2024-01-003960,toctoc,Santiago,Metropolitana,500000.0,CLP,42.7,2023-12-17 00:00:00.000000,2024-01-22 00:00:00.000000,departamento,Arriendo,agency
TT-2024-01-000038,toctoc,Santiago,Metropolitana,820000.0,CLP,79.9,2023-09-06 00:00:00.000000,2024-01-01 00:00:00.000000,departamento,arriendo,agency
TT-2024-01-001237,toctoc,PEÑALOLÉN,Metropolitana,12.7,UF,45.6,2024-01-03 00:00:00.000000,2024-01-08 00:00:00.000000,DEPARTAMENTO,arriendo,owner_direct
TT-2024-01-003392,toctoc,La Florida,Metropolitana,485000.0,CLP,50.6,2023-10-26 00:00:00.000000,2024-01-22 00:00:00.000000,Departamento,Arriendo,owner_direct
TT-2024-01-001711,toctoc,Maipú,Metropolitana,85.14,UF,32.8,2023-11-30 00:00:00.000000,2024-01-08 00:00:00.000000,Departamento,ARRIENDO,agency
TT-2024-01-002364,toctoc,Pudahuel,Metropolitana,11.76,UF,39.4,2023-12-24 00:00:00.000000,2024-01-15 00:00:00.000000,Departamento,arriendo,agency
TT-2024-01-005075,toctoc,Independencia,Metropolitana,10.95,UF,39.3,2024-01-25 00:00:00.000000,2024-01-29 00:00:00.000000,DEPARTAMENTO,ARRIENDO,agency
TT-2024-01-005475,toctoc,Santiago,Metropolitana,12.16,UF,26.7,2023-12-30 00:00:00.000000,2024-01-29 00:00:00.000000,DEPARTAMENTO,Arriendo,agency
TT-2024-01-000742,toctoc,Estación Central,Metropolitana,475000.0,CLP,47.2,2023-12-15 00:00:00.000000,2024-01-01 00:00:00.000000,DEPARTAMENTO,arriendo,owner_direct
TT-2024-01-005401,toctoc,San Joaquín,Metropolitana,10.54,UF,31.3,2024-01-17 00:00:00.000000,2024-01-29 00:00:00.000000,DEPARTAMENTO,Arriendo,owner_direct
TT-2024-01-000361,toctoc,San Miguel,Metropolitana,16.08,UF,47.9,2023-08-08 00:00:00.000000,2024-01-01 00:00:00.000000,departamento,arriendo,agency
TT-2024-01-001878,toctoc,Conchalí,Metropolitana,11.49,UF,44.1,2023-11-18 00:00:00.000000,2024-01-08 00:00:00.000000,DEPARTAMENTO,arriendo,agency
TT-2024-01-000526,toctoc,Recoleta,Metropolitana,430000.0,CLP,37.8,2023-12-12 00:00:00.000000,2024-01-01 00:00:00.000000,Departamento,ARRIENDO,owner_direct
TT-2024-01-000090,toctoc,San Miguel,Metropolitana,13.65,UF,40.2,2023-12-05 00:00:00.000000,2024-01-01 00:00:00.000000,DEPARTAMENTO,ARRIENDO,
TT-2024-01-002330,toctoc,La Reina,Metropolitana,730000.0,CLP,31.4,2023-11-20 00:00:00.000000,2024-01-08 00:00:00.000000,Departamento,Arriendo,agency
TT-2024-01-004531,toctoc,Pudahuel,Metropolitana,8.11,UF,37.7,2024-01-14 00:00:00.000000,2024-01-29 00:00:00.000000,departamento,Arriendo,owner_direct
TT-2024-01-004307,toctoc,Lo Barnechea,Metropolitana,19.19,UF,37.2,2024-01-17 00:00:00.000000,2024-01-22 00:00:00.000000,departamento,Arriendo,agency
TT-2024-01-003458,toctoc,San Miguel,Metropolitana,14.73,UF,53.6,2024-01-17 00:00:00.000000,2024-01-22 00:00:00.000000,departamento,Arriendo,agency
TT-2024-01-001737,toctoc,Estación Central,Metropolitana,495000.0,CLP,51.0,2023-12-11 00:00:00.000000,2024-01-08 00:00:00.000000,DEPARTAMENTO,ARRIENDO,agency
TT-2024-01-002126,toctoc,Maipú,Metropolitana,380000.0,CLP,45.4,2023-11-16 00:00:00.000000,2024-01-08 00:00:00.000000,Departamento,ARRIENDO,agency
TT-2024-01-005065,toctoc,Puente Alto,Metropolitana,610000.0,CLP,85.3,2023-06-30 00:00:00.000000,2024-01-29 00:00:00.000000,Departamento,Arriendo,agency
TT-2024-01-004642,toctoc,providencia,Metropolitana,18.92,UF,35.2,2024-01-23 00:00:00.000000,2024-01-29 00:00:00.000000,Departamento,Arriendo,agency
TT-2024-01-000763,toctoc,Providencia,Metropolitana,24.86,UF,50.7,2023-12-07 00:00:00.000000,2024-01-01 00:00:00.000000,DEPARTAMENTO,ARRIENDO,agency
TT-2024-01-004810,toctoc,Estación Central,Metropolitana,350000.0,CLP,29.1,2023-12-19 00:00:00.000000,2024-01-29 00:00:00.000000,Departamento,ARRIENDO,agency
TT-2024-01-005463,toctoc,Independencia,Metropolitana,425000.0,CLP,42.9,2023-12-29 00:00:00.000000,2024-01-29 00:00:00.000000,departamento,Arriendo,agency
TT-2024-01-001460,toctoc,Santiago,Metropolitana,620000.0,CLP,52.6,2023-12-23 00:00:00.000000,2024-01-08 00:00:00.000000,Departamento,ARRIENDO,agency
TT-2024-01-004723,toctoc,Providencia,Metropolitana,940000.0,CLP,62.9,2023-12-29 00:00:00.000000,2024-01-29 00:00:00.000000,DEPARTAMENTO,Arriendo,agency
TT-2024-01-003867,toctoc,Lo Barnechea,Metropolitana,1215000.0,CLP,78.0,2023-12-30 00:00:00.000000,2024-01-22 00:00:00.000000,departamento,ARRIENDO,agency
TT-2024-01-001214,toctoc,Providencia,Metropolitana,22.97,UF,47.5,2023-12-18 00:00:00.000000,2024-01-08 00:00:00.000000,Departamento,ARRIENDO,agency
TT-2024-01-003126,toctoc,La Reina,Metropolitana,20.0,UF,54.6,2023-11-22 00:00:00.000000,2024-01-15 00:00:00.000000,DEPARTAMENTO,Arriendo,owner_direct
TT-2024-01-003687,toctoc,La Cisterna,Metropolitana,10.81,UF,40.9,2023-12-12 00:00:00.000000,2024-01-22 00:00:00.000000,DEPARTAMENTO,arriendo,agency
TT-2024-01-000176,toctoc,Quinta Normal,Metropolitana,16.76,UF,76.9,2023-12-18 00:00:00.000000,2024-01-01 00:00:00.000000,departamento,Arriendo,
TT-2024-01-001485,toctoc,Independencia,Metropolitana,505000.0,CLP,41.4,2023-12-12 00:00:00.000000,2024-01-08 00:00:00.000000,departamento,ARRIENDO,owner_direct
TT-2024-01-004527,toctoc,Maipú,Metropolitana,11.35,UF,44.4,2023-12-27 00:00:00.000000,2024-01-29 00:00:00.000000,Departamento,ARRIENDO,agency
TT-2024-01-000815,toctoc,Ñuñoa,Metropolitana,855000.0,CLP,66.3,2023-12-15 00:00:00.000000,2024-01-01 00:00:00.000000,DEPARTAMENTO,arriendo,agency
TT-2024-01-003796,toctoc,Santiago,Metropolitana,500000.0,CLP,38.7,2024-01-06 00:00:00.000000,2024-01-22 00:00:00.000000,Departamento,ARRIENDO,owner_direct
TT-2024-01-000119,toctoc,San Miguel,Metropolitana,630000.0,CLP,57.7,2023-11-13 00:00:00.000000,2024-01-01 00:00:00.000000,DEPARTAMENTO,arriendo,owner_direct
TT-2024-01-002726,toctoc,La Cisterna,Metropolitana,13.38,UF,42.4,2024-01-06 00:00:00.000000,2024-01-15 00:00:00.000000,DEPARTAMENTO,Arriendo,owner_direct
TT-2024-01-000906,toctoc,La Florida,Metropolitana,16.89,UF,53.2,2023-06-06 00:00:00.000000,2024-01-01 00:00:00.000000,departamento,ARRIENDO,agency
TT-2024-01-001993,toctoc,Maipú,Metropolitana,13.11,UF,54.0,2023-08-12 00:00:00.000000,2024-01-08 00:00:00.000000,DEPARTAMENTO,Arriendo,owner_direct
TT-2024-01-001256,toctoc,Macul,Metropolitana,845000.0,CLP,93.9,2023-12-05 00:00:00.000000,2024-01-08 00:00:00.000000,Departamento,arriendo,agency
TT-2024-01-003756,toctoc,San Miguel,Metropolitana,640000.0,CLP,62.9,2024-01-02 00:00:00.000000,2024-01-22 00:00:00.000000,departamento,Arriendo,agency
TT-2024-01-001182,toctoc,La Florida,Metropolitana,380000.0,CLP,29.3,2023-11-10 00:00:00.000000,2024-01-01 00:00:00.000000,DEPARTAMENTO,arriendo,agency
TT-2024-01-004777,toctoc,Estación Central,Metropolitana,10.81,UF,37.7,2024-01-18 00:00:00.000000,2024-01-29 00:00:00.000000,Departamento,arriendo,owner_direct
TT-2024-01-001063,toctoc,La Florida,Metropolitana,16.62,UF,63.6,2023-11-23 00:00:00.000000,2024-01-01 00:00:00.000000,DEPARTAMENTO,ARRIENDO,owner_direct
TT-2024-01-003513,toctoc,Las Condes,Metropolitana,22.03,UF,37.3,2023-11-30 00:00:00.000000,2024-01-22 00:00:00.000000,DEPARTAMENTO,ARRIENDO,owner_direct
TT-2024-01-004021,toctoc,Las Condes,Metropolitana,1450000.0,CLP,88.2,2023-12-31 00:00:00.000000,2024-01-22 00:00:00.000000,DEPARTAMENTO,ARRIENDO,owner_direct
TT-2024-01-003628,toctoc,Macul,Metropolitana,600000.0,CLP,56.3,2024-01-09 00:00:00.000000,2024-01-22 00:00:00.000000,Departamento,Arriendo,owner_direct
TT-2024-01-000434,toctoc,Vitacura,Metropolitana,29.46,UF,46.4,2023-11-29 00:00:00.000000,2024-01-01 00:00:00.000000,departamento,arriendo,agency
TT-2024-01-001207,toctoc,Independencia,Metropolitana,15.95,UF,54.1,2024-01-05 00:00:00.000000,2024-01-08 00:00:00.000000,Departamento,arriendo,owner_direct
TT-2024-01-003224,toctoc,Quilicura,Metropolitana,15.95,UF,70.2,2024-01-03 00:00:00.000000,2024-01-15 00:00:00.000000,departamento,arriendo,
TT-2024-01-005279,toctoc,La Florida,Metropolitana,28.51,UF,117.1,2023-09-20 00:00:00.000000,2024-01-29 00:00:00.000000,DEPARTAMENTO,arriendo,agency
TT-2024-01-000854,toctoc,Macul,Metropolitana,745000.0,CLP,94.4,2023-11-24 00:00:00.000000,2024-01-01 00:00:00.000000,DEPARTAMENTO,ARRIENDO,agency
TT-2024-01-001561,toctoc,Quilicura,Metropolitana,510000.0,CLP,71.0,2023-12-01 00:00:00.000000,2024-01-08 00:00:00.000000,Departamento,arriendo,agency
TT-2024-01-003263,toctoc,Las Condes,Metropolitana,24.05,UF,31.6,2023-12-26 00:00:00.000000,2024-01-15 00:00:00.000000,DEPARTAMENTO,Arriendo,agency
TT-2024-01-004820,toctoc,San Miguel,Metropolitana,500000.0,CLP,35.1,2023-12-05 00:00:00.000000,2024-01-29 00:00:00.000000,departamento,arriendo,agency
TT-2024-01-004604,toctoc,Ñuñoa,Metropolitana,620000.0,CLP,40.5,2024-01-13 00:00:00.000000,2024-01-29 00:00:00.000000,Departamento,arriendo,agency
TT-2024-01-000923,toctoc,Providencia,Metropolitana,24.86,UF,47.2,2023-12-13 00:00:00.000000,2024-01-01 00:00:00.000000,departamento,arriendo,agency
TT-2024-01-003961,toctoc,San Joaquín,Metropolitana,11.22,UF,33.5,2023-11-11 00:00:00.000000,2024-01-22 00:00:00.000000,departamento,ARRIENDO,agency
TT-2024-01-000197,toctoc,Maipú,Metropolitana,11.89,UF,33.9,2023-12-23 00:00:00.000000,2024-01-01 00:00:00.000000,DEPARTAMENTO,ARRIENDO,
TT-2024-01-005438,toctoc,Conchalí,Metropolitana,10.41,UF,40.8,2024-01-25 00:00:00.000000,2024-01-29 00:00:00.000000,departamento,arriendo,agency
TT-2024-01-004537,toctoc,Ñuñoa,Metropolitana,565000.0,CLP,43.3,2024-01-05 00:00:00.000000,2024-01-29 00:00:00.000000,Departamento,arriendo,agency
TT-2024-01-001910,toctoc,Ñuñoa,Metropolitana,16.89,UF,51.9,2023-11-30 00:00:00.000000,2024-01-08 00:00:00.000000,Departamento,Arriendo,owner_direct
TT-2024-01-005029,toctoc,Independencia,Metropolitana,940000.0,CLP,112.0,2023-12-31 00:00:00.000000,2024-01-29 00:00:00.000000,Departamento,arriendo,owner_direct
TT-2024-01-003132,toctoc,Las Condes,Metropolitana,33.11,UF,74.5,2024-01-08 00:00:00.000000,2024-01-15 00:00:00.000000,departamento,Arriendo,agency
TT-2024-01-003242,toctoc,Peñalolén,Metropolitana,14.73,UF,55.6,2023-11-11 00:00:00.000000,2024-01-15 00:00:00.000000,DEPARTAMENTO,Arriendo,agency
TT-2024-01-002585,toctoc,San Miguel,Metropolitana,17.3,UF,60.7,2023-12-28 00:00:00.000000,2024-01-15 00:00:00.000000,Departamento,Arriendo,owner_direct
TT-2024-01-002280,toctoc,Maipú,Metropolitana,505000.0,CLP,61.3,2024-01-02 00:00:00.000000,2024-01-08 00:00:00.000000,departamento,arriendo,agency
TT-2024-01-003275,toctoc,San Miguel,Metropolitana,16.62,UF,56.2,2023-08-06 00:00:00.000000,2024-01-15 00:00:00.000000,DEPARTAMENTO,Arriendo,owner_direct
TT-2024-01-002066,toctoc,Independencia,Metropolitana,15.95,UF,73.2,2023-11-28 00:00:00.000000,2024-01-08 00:00:00.000000,Departamento,Arriendo,agency
TT-2024-01-003161,toctoc,Providencia,Metropolitana,23.24,UF,35.0,2023-12-19 00:00:00.000000,2024-01-15 00:00:00.000000,Departamento,arriendo,agency
TT-2024-01-002531,toctoc,RECOLETA,Metropolitana,565000.0,CLP,61.3,2023-12-30 00:00:00.000000,2024-01-15 00:00:00.000000,Departamento,arriendo,agency
TT-2024-01-001732,toctoc,Conchalí,Metropolitana,10.68,UF,26.1,2023-11-28 00:00:00.000000,2024-01-08 00:00:00.000000,DEPARTAMENTO,ARRIENDO,agency
TT-2024-01-005292,toctoc,La Florida,Metropolitana,425000.0,CLP,38.9,2024-01-04 00:00:00.000000,2024-01-29 00:00:00.000000,DEPARTAMENTO,arriendo,agency
TT-2024-01-002312,toctoc,Las Condes,Metropolitana,1190000.0,CLP,52.7,2023-10-19 00:00:00.000000,2024-01-08 00:00:00.000000,departamento,Arriendo,agency
TT-2024-01-001169,toctoc,Estación Central,Metropolitana,14.86,UF,67.3,2023-12-10 00:00:00.000000,2024-01-01 00:00:00.000000,Departamento,arriendo,agency
TT-2024-01-002218,toctoc,Ñuñoa,Metropolitana,29.32,UF,99.5,2023-10-21 00:00:00.000000,2024-01-08 00:00:00.000000,Departamento,arriendo,agency
TT-2024-01-001076,toctoc,Maipú,Metropolitana,640000.0,CLP,66.1,2023-11-11 00:00:00.000000,2024-01-01 00:00:00.000000,DEPARTAMENTO,Arriendo,agency
TT-2024-01-004460,toctoc,Las Condes,Metropolitana,45.0,UF,89.2,2024-01-12 00:00:00.000000,2024-01-29 00:00:00.000000,departamento,arriendo,owner_direct
TT-2024-01-000147,toctoc,san miguel,Metropolitana,27.57,UF,87.5,2023-09-28 00:00:00.000000,2024-01-01 00:00:00.000000,Departamento,ARRIENDO,owner_direct
TT-2024-01-004688,toctoc,Santiago,Metropolitana,19.05,UF,64.7,2024-01-13 00:00:00.000000,2024-01-29 00:00:00.000000,DEPARTAMENTO,arriendo,agency
TT-2024-01-004083,toctoc,Lo Barnechea,Metropolitana,18.11,UF,36.1,2023-11-09 00:00:00.000000,2024-01-22 00:00:00.000000,Departamento,Arriendo,agency
TT-2024-01-005112,toctoc,Santiago,Metropolitana,20.41,UF,71.0,2024-01-23 00:00:00.000000,2024-01-29 00:00:00.000000,Departamento,arriendo,owner_direct
TT-2024-01-002368,toctoc,La Florida,Metropolitana,9.19,UF,26.0,2023-12-18 00:00:00.000000,2024-01-15 00:00:00.000000,DEPARTAMENTO,arriendo,agency
TT-2024-01-002908,toctoc,Peñalolén,Metropolitana,850000.0,CLP,78.8,2024-01-06 00:00:00.000000,2024-01-15 00:00:00.000000,departamento,ARRIENDO,agency
TT-2024-01-005280,toctoc,La Florida,Metropolitana,11.89,UF,39.9,2024-01-20 00:00:00.000000,2024-01-29 00:00:00.000000,DEPARTAMENTO,Arriendo,owner_direct
TT-2024-01-004773,toctoc,San Miguel,Metropolitana,32.84,UF,118.2,2024-01-20 00:00:00.000000,2024-01-29 00:00:00.000000,DEPARTAMENTO,Arriendo,agency
TT-2024-01-005376,toctoc,Las Condes,Metropolitana,21.89,UF,29.1,2023-12-12 00:00:00.000000,2024-01-29 00:00:00.000000,DEPARTAMENTO,ARRIENDO,owner_direct
TT-2024-01-001542,toctoc,Puente Alto,Metropolitana,565000.0,CLP,66.8,2023-12-20 00:00:00.000000,2024-01-08 00:00:00.000000,Departamento,ARRIENDO,agency
TT-2024-01-003600,toctoc,Conchalí,Metropolitana,605000.0,CLP,66.2,2023-12-23 00:00:00.000000,2024-01-22 00:00:00.000000,Departamento,Arriendo,owner_direct
TT-2024-01-000207,toctoc,La Cisterna,Metropolitana,14.86,UF,43.3,2023-11-27 00:00:00.000000,2024-01-01 00:00:00.000000,DEPARTAMENTO,arriendo,agency
TT-2024-01-004260,toctoc,Ñuñoa,Metropolitana,430000.0,CLP,27.5,2024-01-04 00:00:00.000000,2024-01-22 00:00:00.000000,departamento,ARRIENDO,owner_direct
TT-2024-01-001354,toctoc,Independencia,Metropolitana,505000.0,CLP,32.0,2023-11-28 00:00:00.000000,2024-01-08 00:00:00.000000,departamento,Arriendo,owner_direct
TT-2024-01-002703,toctoc,Quilicura,Metropolitana,16.76,UF,56.2,2024-01-05 00:00:00.000000,2024-01-15 00:00:00.000000,DEPARTAMENTO,ARRIENDO,agency
TT-2024-01-003231,toctoc,La Florida,Metropolitana,525000.0,CLP,55.4,2024-01-08 00:00:00.000000,2024-01-15 00:00:00.000000,Departamento,ARRIENDO,agency
TT-2024-01-003797,toctoc,puente alto,Metropolitana,8.24,UF,28.4,2024-01-03 00:00:00.000000,2024-01-22 00:00:00.000000,Departamento,arriendo,owner_direct
TT-2024-01-004581,toctoc,Santiago,Metropolitana,11.76,UF,30.7,2024-01-22 00:00:00.000000,2024-01-29 00:00:00.000000,Departamento,ARRIENDO,agency
TT-2024-01-000588,toctoc,Cerrillos,Metropolitana,385000.0,CLP,29.9,2023-12-10 00:00:00.000000,2024-01-01 00:00:00.000000,departamento,ARRIENDO,owner_direct
TT-2024-01-002165,toctoc,Recoleta,Metropolitana,15.14,UF,47.3,2023-12-12 00:00:00.000000,2024-01-08 00:00:00.000000,Departamento,Arriendo,agency
TT-2024-01-005298,toctoc,LAS CONDES,Metropolitana,1125000.0,CLP,59.8,2024-01-20 00:00:00.000000,2024-01-29 00:00:00.000000,DEPARTAMENTO,arriendo,owner_direct
TT-2024-01-004039,toctoc,Estación Central,Metropolitana,13.11,UF,52.5,2024-01-02 00:00:00.000000,2024-01-22 00:00:00.000000,Departamento,arriendo,owner_direct
TT-2024-01-003299,toctoc,Maipú,Metropolitana,585000.0,CLP,84.6,2023-11-27 00:00:00.000000,2024-01-22 00:00:00.000000,DEPARTAMENTO,arriendo,agency
TT-2024-01-003003,toctoc,San Miguel,Metropolitana,25.27,UF,122.2,2024-01-02 00:00:00.000000,2024-01-15 00:00:00.000000,Departamento,ARRIENDO,agency
TT-2024-01-002298,toctoc,Quinta Normal,Metropolitana,25.27,UF,110.5,2023-12-02 00:00:00.000000,2024-01-08 00:00:00.000000,departamento,ARRIENDO,owner_direct
TT-2024-01-003918,toctoc,Conchalí,Metropolitana,10.27,UF,39.6,2023-12-12 00:00:00.000000,2024-01-22 00:00:00.000000,Departamento,arriendo,owner_direct
TT-2024-01-001556,toctoc,Providencia,Metropolitana,24.59,UF,45.4,2023-12-10 00:00:00.000000,2024-01-08 00:00:00.000000,Departamento,arriendo,owner_direct
TT-2024-01-002609,toctoc,Santiago,Metropolitana,23.51,UF,76.8,2024-01-12 00:00:00.000000,2024-01-15 00:00:00.000000,Departamento,arriendo,agency
TT-2024-01-004281,toctoc,Ñuñoa,Metropolitana,540000.0,CLP,29.7,2023-12-31 00:00:00.000000,2024-01-22 00:00:00.000000,Departamento,arriendo,agency
TT-2024-01-003114,toctoc,Macul,Metropolitana,12.7,UF,57.1,2023-11-30 00:00:00.000000,2024-01-15 00:00:00.000000,DEPARTAMENTO,ARRIENDO,owner_direct
TT-2024-01-004787,toctoc,Maipú,Metropolitana,13.51,UF,61.7,2024-01-26 00:00:00.000000,2024-01-29 00:00:00.000000,DEPARTAMENTO,ARRIENDO,agency
TT-2024-01-003484,toctoc,La Florida,Metropolitana,17.3,UF,58.4,2023-10-17 00:00:00.000000,2024-01-22 00:00:00.000000,departamento,Arriendo,agency
TT-2024-01-001421,toctoc,La Florida,Metropolitana,15.54,UF,62.7,2023-12-18 00:00:00.000000,2024-01-08 00:00:00.000000,departamento,Arriendo,agency
TT-2024-01-002526,toctoc,maipú,Metropolitana,605000.0,CLP,65.0,2024-01-07 00:00:00.000000,2024-01-15 00:00:00.000000,DEPARTAMENTO,Arriendo,agency
TT-2024-01-003613,toctoc,Las Condes,Metropolitana,27.84,UF,49.2,2024-01-15 00:00:00.000000,2024-01-22 00:00:00.000000,departamento,Arriendo,agency
TT-2024-01-000477,toctoc,Providencia,Metropolitana,28.92,UF,61.4,2023-12-18 00:00:00.000000,2024-01-01 00:00:00.000000,Departamento,arriendo,agency
TT-2024-01-004741,toctoc,Pudahuel,Metropolitana,385000.0,CLP,26.4,2024-01-19 00:00:00.000000,2024-01-29 00:00:00.000000,DEPARTAMENTO,Arriendo,agency
TT-2024-01-004790,toctoc,Ñuñoa,Metropolitana,555000.0,CLP,33.1,2023-12-30 00:00:00.000000,2024-01-29 00:00:00.000000,DEPARTAMENTO,arriendo,agency
TT-2024-01-002827,toctoc,Puente Alto,Metropolitana,10.0,UF,29.3,2023-07-17 00:00:00.000000,2024-01-15 00:00:00.000000,departamento,ARRIENDO,agency
TT-2024-01-001041,toctoc,La Cisterna,Metropolitana,660000.0,CLP,66.7,2023-12-03 00:00:00.000000,2024-01-01 00:00:00.000000,departamento,Arriendo,agency
TT-2024-01-002578,toctoc,La Florida,Metropolitana,17.43,UF,71.0,2023-12-26 00:00:00.000000,2024-01-15 00:00:00.000000,departamento,Arriendo,owner_direct
TT-2024-01-001137,toctoc,Macul,Metropolitana,15.14,UF,45.6,2023-11-19 00:00:00.000000,2024-01-01 00:00:00.000000,DEPARTAMENTO,Arriendo,agency
TT-2024-01-001827,toctoc,Independencia,Metropolitana,125.95,UF,650.0,2023-11-25 00:00:00.000000,2024-01-08 00:00:00.000000,departamento,ARRIENDO,owner_direct
TT-2024-01-004859,toctoc,Puente Alto,Metropolitana,10.81,UF,38.5,2024-01-22 00:00:00.000000,2024-01-29 00:00:00.000000,DEPARTAMENTO,ARRIENDO,owner_direct
TT-2024-01-005117,toctoc,Santiago,Metropolitana,710000.0,CLP,59.7,2023-12-15 00:00:00.000000,2024-01-29 00:00:00.000000,departamento,ARRIENDO,agency
TT-2024-01-003116,toctoc,Providencia,Metropolitana,825000.0,CLP,39.5,2023-12-11 00:00:00.000000,2024-01-15 00:00:00.000000,Departamento,Arriendo,agency
TT-2024-01-003608,toctoc,Lo Barnechea,Metropolitana,23.51,UF,46.8,2024-01-19 00:00:00.000000,2024-01-22 00:00:00.000000,departamento,arriendo,agency
TT-2024-01-000009,toctoc,Peñalolén,Metropolitana,635000.0,CLP,71.0,2023-12-23 00:00:00.000000,2024-01-01 00:00:00.000000,DEPARTAMENTO,ARRIENDO,agency
TT-2024-01-001777,toctoc,Independencia,Metropolitana,375000.0,CLP,33.9,2023-09-29 00:00:00.000000,2024-01-08 00:00:00.000000,Departamento,arriendo,owner_direct
TT-2024-01-001730,toctoc,Santiago,Metropolitana,15.0,UF,36.2,2023-12-06 00:00:00.000000,2024-01-08 00:00:00.000000,departamento,arriendo,agency
TT-2024-01-004532,toctoc,Santiago,Metropolitana,520000.0,CLP,45.6,2024-01-08 00:00:00.000000,2024-01-29 00:00:00.000000,departamento,arriendo,agency
TT-2024-01-000275,toctoc,Quinta Normal,Metropolitana,365000.0,CLP,30.1,2023-10-31 00:00:00.000000,2024-01-01 00:00:00.000000,Departamento,arriendo,agency
TT-2024-01-001549,toctoc,Maipú,Metropolitana,425000.0,CLP,44.3,2023-12-16 00:00:00.000000,2024-01-08 00:00:00.000000,DEPARTAMENTO,arriendo,owner_direct
TT-2024-01-004218,toctoc,Estación Central,Metropolitana,16.89,UF,55.0,2023-12-17 00:00:00.000000,2024-01-22 00:00:00.000000,Departamento,Arriendo,
TT-2024-01-005408,toctoc,Estación Central,Metropolitana,11.35,UF,33.6,2024-01-14 00:00:00.000000,2024-01-29 00:00:00.000000,DEPARTAMENTO,Arriendo,owner_direct
TT-2024-01-001584,toctoc,Las Condes,Metropolitana,18.78,UF,10.0,2023-12-18 00:00:00.000000,2024-01-08 00:00:00.000000,Departamento,ARRIENDO,owner_direct
TT-2024-01-000223,toctoc,La Florida,Metropolitana,12.3,UF,36.3,2023-11-16 00:00:00.000000,2024-01-01 00:00:00.000000,Departamento,ARRIENDO,agency
TT-2024-01-001728,toctoc,Las Condes,Metropolitana,860000.0,CLP,42.9,2024-01-02 00:00:00.000000,2024-01-08 00:00:00.000000,DEPARTAMENTO,arriendo,agency
TT-2024-01-001812,toctoc,Estación Central,Metropolitana,24.86,UF,101.9,2023-12-16 00:00:00.000000,2024-01-08 00:00:00.000000,DEPARTAMENTO,arriendo,agency
TT-2024-01-004076,toctoc,INDEPENDENCIA,Metropolitana,15.27,UF,60.9,2023-12-28 00:00:00.000000,2024-01-22 00:00:00.000000,DEPARTAMENTO,ARRIENDO,agency
TT-2024-01-000024,toctoc,Quinta Normal,Metropolitana,10.68,UF,30.2,2023-12-17 00:00:00.000000,2024-01-01 00:00:00.000000,Departamento,ARRIENDO,agency
TT-2024-01-002770,toctoc,Lo Barnechea,Metropolitana,23.78,UF,40.9,2024-01-07 00:00:00.000000,2024-01-15 00:00:00.000000,DEPARTAMENTO,ARRIENDO,agency
TT-2024-01-002923,toctoc,Santiago,Metropolitana,17.03,UF,64.8,2023-12-02 00:00:00.000000,2024-01-15 00:00:00.000000,Departamento,ARRIENDO,agency
TT-2024-01-001909,toctoc,San Miguel,Metropolitana,12.43,UF,25.3,2023-11-16 00:00:00.000000,2024-01-08 00:00:00.000000,DEPARTAMENTO,arriendo,owner_direct
TT-2024-01-000772,toctoc,La Florida,Metropolitana,14.59,UF,57.5,2023-12-21 00:00:00.000000,2024-01-01 00:00:00.000000,Departamento,ARRIENDO,agency
TT-2024-01-003849,toctoc,La Cisterna,Metropolitana,14.05,UF,52.0,2023-12-02 00:00:00.000000,2024-01-22 00:00:00.000000,departamento,Arriendo,owner_direct
TT-2024-01-001441,toctoc,Las Condes,Metropolitana,23.65,UF,35.8,2023-12-23 00:00:00.000000,2024-01-08 00:00:00.000000,Departamento,Arriendo,owner_direct
TT-2024-01-001660,toctoc,Santiago,Metropolitana,17.97,UF,51.2,2023-12-18 00:00:00.000000,2024-01-08 00:00:00.000000,DEPARTAMENTO,Arriendo,owner_direct
TT-2024-01-000861,toctoc,Cerrillos,Metropolitana,20.95,UF,92.8,2023-07-23 00:00:00.000000,2024-01-01 00:00:00.000000,DEPARTAMENTO,arriendo,agency
TT-2024-01-002115,toctoc,San Joaquín,Metropolitana,565000.0,CLP,40.4,2023-11-25 00:00:00.000000,2024-01-08 00:00:00.000000,departamento,ARRIENDO,agency
TT-2024-01-004945,toctoc,Lo Barnechea,Metropolitana,31.22,UF,63.5,2023-12-07 00:00:00.000000,2024-01-29 00:00:00.000000,DEPARTAMENTO,ARRIENDO,agency
TT-2024-01-000823,toctoc,Santiago,Metropolitana,16.89,UF,51.7,2023-11-26 00:00:00.000000,2024-01-01 00:00:00.000000,DEPARTAMENTO,Arriendo,agency
TT-2024-01-001473,toctoc,Lo Barnechea,Metropolitana,22.97,UF,44.6,2023-12-30 00:00:00.000000,2024-01-08 00:00:00.000000,departamento,Arriendo,agency
TT-2024-01-000262,toctoc,Quilicura,Metropolitana,635000.0,CLP,93.9,2023-12-01 00:00:00.000000,2024-01-01 00:00:00.000000,DEPARTAMENTO,Arriendo,agency
TT-2024-01-000104,toctoc,Conchalí,Metropolitana,725000.0,CLP,82.7,2023-12-13 00:00:00.000000,2024-01-01 00:00:00.000000,departamento,Arriendo,owner_direct
TT-2024-01-004318,toctoc,Santiago,Metropolitana,520000.0,CLP,46.5,2024-01-13 00:00:00.000000,2024-01-22 00:00:00.000000,departamento,Arriendo,owner_direct
TT-2024-01-004800,toctoc,Macul,Metropolitana,18.38,UF,53.7,2023-12-16 00:00:00.000000,2024-01-29 00:00:00.000000,departamento,ARRIENDO,owner_direct
TT-2024-01-003140,toctoc,Santiago,Metropolitana,665000.0,CLP,49.1,2023-11-25 00:00:00.000000,2024-01-15 00:00:00.000000,departamento,Arriendo,owner_direct
TT-2024-01-004631,toctoc,Maipú,Metropolitana,14.05,UF,54.9,2024-01-07 00:00:00.000000,2024-01-29 00:00:00.000000,DEPARTAMENTO,ARRIENDO,agency
TT-2024-01-000887,toctoc,Santiago,Metropolitana,13.51,UF,30.5,2023-11-16 00:00:00.000000,2024-01-01 00:00:00.000000,DEPARTAMENTO,Arriendo,agency
TT-2024-01-000825,toctoc,Las Condes,Metropolitana,30.27,UF,51.2,2023-12-28 00:00:00.000000,2024-01-01 00:00:00.000000,departamento,arriendo,owner_direct
TT-2024-01-004825,toctoc,Cerrillos,Metropolitana,395000.0,CLP,50.4,2024-01-18 00:00:00.000000,2024-01-29 00:00:00.000000,departamento,ARRIENDO,agency
TT-2024-01-005351,toctoc,Ñuñoa,Metropolitana,16.49,UF,39.9,2024-01-15 00:00:00.000000,2024-01-29 00:00:00.000000,Departamento,ARRIENDO,agency
TT-2024-01-004904,toctoc,Peñalolén,Metropolitana,570000.0,CLP,50.9,2024-01-20 00:00:00.000000,2024-01-29 00:00:00.000000,departamento,arriendo,agency
TT-2024-01-001449,toctoc,Huechuraba,Metropolitana,12.43,UF,36.4,2023-12-11 00:00:00.000000,2024-01-08 00:00:00.000000,departamento,Arriendo,owner_direct
TT-2024-01-002288,toctoc,La Reina,Metropolitana,21.89,UF,51.1,2023-12-06 00:00:00.000000,2024-01-08 00:00:00.000000,DEPARTAMENTO,arriendo,owner_direct
TT-2024-01-003911,toctoc,Las Condes,Metropolitana,27.3,UF,56.0,2023-12-31 00:00:00.000000,2024-01-22 00:00:00.000000,Departamento,ARRIENDO,agency
TT-2024-01-004078,toctoc,Huechuraba,Metropolitana,17.3,UF,49.1,2024-01-12 00:00:00.000000,2024-01-22 00:00:00.000000,Departamento,arriendo,owner_direct
TT-2024-01-000939,toctoc,Las Condes,Metropolitana,22.7,UF,33.8,2023-12-24 00:00:00.000000,2024-01-01 00:00:00.000000,Departamento,ARRIENDO,owner_direct
TT-2024-01-003302,toctoc,Estación Central,Metropolitana,11.76,UF,46.9,2023-12-26 00:00:00.000000,2024-01-22 00:00:00.000000,DEPARTAMENTO,ARRIENDO,
TT-2024-01-002476,toctoc,Ñuñoa,Metropolitana,26.49,UF,99.6,2024-01-08 00:00:00.000000,2024-01-15 00:00:00.000000,DEPARTAMENTO,ARRIENDO,agency
TT-2024-01-004955,toctoc,Providencia,Metropolitana,25.68,UF,56.4,2024-01-19 00:00:00.000000,2024-01-29 00:00:00.000000,Departamento,ARRIENDO,owner_direct
TT-2024-01-005166,toctoc,San Joaquín,Metropolitana,12.7,UF,30.6,2023-11-28 00:00:00.000000,2024-01-29 00:00:00.000000,departamento,ARRIENDO,owner_direct
TT-2024-01-001481,toctoc,San Miguel,Metropolitana,12.7,UF,43.3,2023-12-27 00:00:00.000000,2024-01-08 00:00:00.000000,DEPARTAMENTO,arriendo,agency
TT-2024-01-001504,toctoc,Puente Alto,Metropolitana,9.86,UF,31.3,2023-11-17 00:00:00.000000,2024-01-08 00:00:00.000000,Departamento,arriendo,agency
TT-2024-01-003657,toctoc,Providencia,Metropolitana,825000.0,CLP,41.3,2023-12-21 00:00:00.000000,2024-01-22 00:00:00.000000,Departamento,Arriendo,agency
TT-2024-01-000126,toctoc,Santiago,Metropolitana,470000.0,CLP,30.3,2023-12-20 00:00:00.000000,2024-01-01 00:00:00.000000,DEPARTAMENTO,arriendo,agency
TT-2024-01-004217,toctoc,Estación Central,Metropolitana,680000.0,CLP,71.6,2024-01-08 00:00:00.000000,2024-01-22 00:00:00.000000,DEPARTAMENTO,arriendo,owner_direct
TT-2024-01-000452,toctoc,Estación Central,Metropolitana,11.49,UF,39.7,2023-12-17 00:00:00.000000,2024-01-01 00:00:00.000000,DEPARTAMENTO,arriendo,agency
TT-2024-01-004475,toctoc,La Cisterna,Metropolitana,595000.0,CLP,68.9,2024-01-01 00:00:00.000000,2024-01-29 00:00:00.000000,departamento,ARRIENDO,owner_direct
TT-2024-01-000492,toctoc,San Miguel,Metropolitana,755000.0,CLP,65.7,2023-12-07 00:00:00.000000,2024-01-01 00:00:00.000000,DEPARTAMENTO,ARRIENDO,agency
TT-2024-01-001023,toctoc,Pudahuel,Metropolitana,320000.0,CLP,37.8,2023-10-02 00:00:00.000000,2024-01-01 00:00:00.000000,departamento,arriendo,agency
TT-2024-01-001799,toctoc,Estación Central,Metropolitana,10.68,UF,32.4,2023-11-29 00:00:00.000000,2024-01-08 00:00:00.000000,Departamento,arriendo,owner_direct
TT-2024-01-003192,toctoc,Recoleta,Metropolitana,500000.0,CLP,45.8,2024-01-10 00:00:00.000000,2024-01-15 00:00:00.000000,Departamento,ARRIENDO,agency
TT-2024-01-002089,toctoc,Quilicura,Metropolitana,12.7,UF,48.5,2023-11-08 00:00:00.000000,2024-01-08 00:00:00.000000,departamento,arriendo,agency
TT-2024-01-002430,toctoc,Pudahuel,Metropolitana,460000.0,CLP,46.8,2023-12-03 00:00:00.000000,2024-01-15 00:00:00.000000,DEPARTAMENTO,ARRIENDO,agency
TT-2024-01-001448,toctoc,Independencia,Metropolitana,12.97,UF,52.3,2023-12-31 00:00:00.000000,2024-01-08 00:00:00.000000,departamento,ARRIENDO,agency
TT-2024-01-004468,toctoc,Maipú,Metropolitana,445000.0,CLP,38.3,2023-09-04 00:00:00.000000,2024-01-29 00:00:00.000000,DEPARTAMENTO,arriendo,agency
TT-2024-01-001352,toctoc,La Reina,Metropolitana,840000.0,CLP,61.4,2023-11-26 00:00:00.000000,2024-01-08 00:00:00.000000,departamento,Arriendo,owner_direct
TT-2024-01-000352,toctoc,Recoleta,Metropolitana,16.35,UF,54.2,2023-12-31 00:00:00.000000,2024-01-01 00:00:00.000000,departamento,ARRIENDO,owner_direct
TT-2024-01-001820,toctoc,La Florida,Metropolitana,11.89,UF,39.5,2023-12-06 00:00:00.000000,2024-01-08 00:00:00.000000,DEPARTAMENTO,arriendo,agency
TT-2024-01-001292,toctoc,Pudahuel,Metropolitana,375000.0,CLP,41.5,2023-12-17 00:00:00.000000,2024-01-08 00:00:00.000000,departamento,ARRIENDO,agency
TT-2024-01-005330,toctoc,Peñalolén,Metropolitana,755000.0,CLP,75.0,2024-01-18 00:00:00.000000,2024-01-29 00:00:00.000000,Departamento,Arriendo,agency
TT-2024-01-001830,toctoc,Santiago,Metropolitana,625000.0,CLP,49.0,2023-10-26 00:00:00.000000,2024-01-08 00:00:00.000000,Departamento,Arriendo,agency
TT-2024-01-004739,toctoc,La Florida,Metropolitana,525000.0,CLP,47.0,2023-11-08 00:00:00.000000,2024-01-29 00:00:00.000000,departamento,ARRIENDO,agency
TT-2024-01-003411,toctoc,Las Condes,Metropolitana,27.3,UF,34.4,2023-09-24 00:00:00.000000,2024-01-22 00:00:00.000000,DEPARTAMENTO,arriendo,agency
TT-2024-01-003829,toctoc,Recoleta,Metropolitana,435000.0,CLP,38.2,2024-01-02 00:00:00.000000,2024-01-22 00:00:00.000000,departamento,Arriendo,owner_direct
TT-2024-01-005059,toctoc,Independencia,Metropolitana,11.49,UF,37.1,2024-01-02 00:00:00.000000,2024-01-29 00:00:00.000000,Departamento,Arriendo,agency
TT-2024-01-004857,toctoc,Maipú,Metropolitana,12.3,UF,37.8,2023-12-25 00:00:00.000000,2024-01-29 00:00:00.000000,Departamento,Arriendo,agency
TT-2024-01-002492,toctoc,Conchalí,Metropolitana,515000.0,CLP,59.6,2023-12-26 00:00:00.000000,2024-01-15 00:00:00.000000,DEPARTAMENTO,Arriendo,owner_direct
TT-2024-01-004149,toctoc,Santiago,Metropolitana,720000.0,CLP,77.2,2023-12-16 00:00:00.000000,2024-01-22 00:00:00.000000,departamento,arriendo,agency
TT-2024-01-005015,toctoc,Providencia,Metropolitana,2910000.0,CLP,45.8,2024-01-15 00:00:00.000000,2024-01-29 00:00:00.000000,DEPARTAMENTO,ARRIENDO,agency
TT-2024-01-003405,toctoc,Las Condes,Metropolitana,32.16,UF,76.4,2023-11-10 00:00:00.000000,2024-01-22 00:00:00.000000,Departamento,Arriendo,agency
TT-2024-01-003029,toctoc,Ñuñoa,Metropolitana,625000.0,CLP,43.0,2023-06-25 00:00:00.000000,2024-01-15 00:00:00.000000,Departamento,arriendo,agency
TT-2024-01-004073,toctoc,Providencia,Metropolitana,20.0,UF,34.0,2024-01-13 00:00:00.000000,2024-01-22 00:00:00.000000,DEPARTAMENTO,Arriendo,owner_direct
TT-2024-01-003202,toctoc,Ñuñoa,Metropolitana,565000.0,CLP,32.9,2023-12-13 00:00:00.000000,2024-01-15 00:00:00.000000,DEPARTAMENTO,ARRIENDO,owner_direct
TT-2024-01-000774,toctoc,Santiago,Metropolitana,16.08,UF,53.8,2023-12-22 00:00:00.000000,2024-01-01 00:00:00.000000,DEPARTAMENTO,arriendo,owner_direct
TT-2024-01-003461,toctoc,Providencia,Metropolitana,26.08,UF,54.8,2023-12-19 00:00:00.000000,2024-01-22 00:00:00.000000,DEPARTAMENTO,Arriendo,
TT-2024-01-001992,toctoc,Santiago,Metropolitana,14.19,UF,36.3,2023-12-23 00:00:00.000000,2024-01-08 00:00:00.000000,DEPARTAMENTO,arriendo,agency
TT-2024-01-000962,toctoc, Quinta Normal,Metropolitana,11.62,UF,32.9,2023-05-18 00:00:00.000000,2024-01-01 00:00:00.000000,Departamento,arriendo,agency
TT-2024-01-001320,toctoc,Peñalolén,Metropolitana,16.62,UF,54.2,2023-12-30 00:00:00.000000,2024-01-08 00:00:00.000000,DEPARTAMENTO,ARRIENDO,owner_direct
TT-2024-01-000054,toctoc,Lo Barnechea,Metropolitana,20.95,UF,40.6,2023-11-09 00:00:00.000000,2024-01-01 00:00:00.000000,DEPARTAMENTO,arriendo,agency
TT-2024-01-000828,toctoc,Puente Alto,Metropolitana,360000.0,CLP,42.2,2023-11-24 00:00:00.000000,2024-01-01 00:00:00.000000,Departamento,ARRIENDO,agency
TT-2024-01-004778,toctoc,Ñuñoa,Metropolitana,830000.0,CLP,62.5,2024-01-11 00:00:00.000000,2024-01-29 00:00:00.000000,Departamento,arriendo,
TT-2024-01-001194,toctoc,Macul,Metropolitana,34.73,UF,156.2,2023-11-29 00:00:00.000000,2024-01-01 00:00:00.000000,Departamento,ARRIENDO,agency
TT-2024-01-003683,toctoc,Providencia,Metropolitana,28.65,UF,52.1,2023-11-27 00:00:00.000000,2024-01-22 00:00:00.000000,Departamento,Arriendo,owner_direct
TT-2024-01-003234,toctoc,Estación Central,Metropolitana,15.54,UF,71.1,2023-12-17 00:00:00.000000,2024-01-15 00:00:00.000000,DEPARTAMENTO,ARRIENDO,agency
TT-2024-01-003028,toctoc,Ñuñoa,Metropolitana,25.81,UF,84.4,2023-12-16 00:00:00.000000,2024-01-15 00:00:00.000000,departamento,ARRIENDO,owner_direct
TT-2024-01-004855,toctoc,Ñuñoa,Metropolitana,23.78,UF,69.2,2024-01-07 00:00:00.000000,2024-01-29 00:00:00.000000,departamento,arriendo,agency
TT-2024-01-002640,toctoc,Santiago,Metropolitana,20.95,UF,75.1,2023-11-28 00:00:00.000000,2024-01-15 00:00:00.000000,Departamento,Arriendo,agency
TT-2024-01-000276,toctoc,Quinta Normal,Metropolitana,500000.0,CLP,50.7,2023-10-17 00:00:00.000000,2024-01-01 00:00:00.000000,Departamento,arriendo,agency
TT-2024-01-000496,toctoc,La Florida,Metropolitana,585000.0,CLP,58.2,2023-11-28 00:00:00.000000,2024-01-01 00:00:00.000000,Departamento,Arriendo,agency
TT-2024-01-005188,toctoc,Estación Central,Metropolitana,620000.0,CLP,49.6,2023-12-31 00:00:00.000000,2024-01-29 00:00:00.000000,Departamento,ARRIENDO,owner_direct
TT-2024-01-004615,toctoc,Providencia,Metropolitana,1410000.0,CLP,91.7,2024-01-14 00:00:00.000000,2024-01-29 00:00:00.000000,departamento,ARRIENDO,agency
TT-2024-01-004290,toctoc,Puente Alto,Metropolitana,505000.0,CLP,53.8,2024-01-07 00:00:00.000000,2024-01-22 00:00:00.000000,departamento,Arriendo,agency
TT-2024-01-004699,toctoc,Puente Alto,Metropolitana,11.35,UF,44.7,2024-01-20 00:00:00.000000,2024-01-29 00:00:00.000000,DEPARTAMENTO,arriendo,agency
TT-2024-01-004572,toctoc,Santiago,Metropolitana,1290000.0,CLP,130.8,2024-01-20 00:00:00.000000,2024-01-29 00:00:00.000000,DEPARTAMENTO,Arriendo,agency
TT-2024-01-005043,toctoc,San Miguel,Metropolitana,575000.0,CLP,71.3,2024-01-20 00:00:00.000000,2024-01-29 00:00:00.000000,Departamento,ARRIENDO,agency
TT-2024-01-004155,toctoc,Macul,Metropolitana,22.3,UF,62.3,2024-01-06 00:00:00.000000,2024-01-22 00:00:00.000000,departamento,Arriendo,agency
TT-2024-01-004457,toctoc,Ñuñoa,Metropolitana,800000.0,CLP,45.4,2023-12-12 00:00:00.000000,2024-01-29 00:00:00.000000,DEPARTAMENTO,ARRIENDO,owner_direct
TT-2024-01-004372,toctoc,Recoleta,Metropolitana,11.08,UF,30.8,2024-01-21 00:00:00.000000,2024-01-29 00:00:00.000000,Departamento,Arriendo,agency
TT-2024-01-003621,toctoc,Lo Barnechea,Metropolitana,760000.0,CLP,38.7,2024-01-08 00:00:00.000000,2024-01-22 00:00:00.000000,Departamento,Arriendo,agency
TT-2024-01-000355,toctoc,Santiago,Metropolitana,2870000.0,CLP,73.6,2023-11-18 00:00:00.000000,2024-01-01 00:00:00.000000,DEPARTAMENTO,ARRIENDO,owner_direct
TT-2024-01-004994,toctoc,Ñuñoa,Metropolitana,755000.0,CLP,58.8,2024-01-16 00:00:00.000000,2024-01-29 00:00:00.000000,departamento,Arriendo,agency
TT-2024-01-000226,toctoc,San Miguel,Metropolitana,14.05,UF,47.1,2023-12-12 00:00:00.000000,2024-01-01 00:00:00.000000,Departamento,arriendo,agency
TT-2024-01-002084,toctoc,la florida,Metropolitana,545000.0,CLP,65.5,2023-11-10 00:00:00.000000,2024-01-08 00:00:00.000000,Departamento,arriendo,owner_direct
TT-2024-01-003609,toctoc,Quinta Normal,Metropolitana,12.84,UF,47.8,2023-12-25 00:00:00.000000,2024-01-22 00:00:00.000000,DEPARTAMENTO,ARRIENDO,agency
TT-2024-01-000364,toctoc,Huechuraba,Metropolitana,480000.0,CLP,33.2,2023-12-03 00:00:00.000000,2024-01-01 00:00:00.000000,departamento,Arriendo,agency
TT-2024-01-000042,toctoc,Estación Central,Metropolitana,400000.0,CLP,31.9,2023-12-07 00:00:00.000000,2024-01-01 00:00:00.000000,Departamento,arriendo,agency
TT-2024-01-003948,toctoc,Peñalolén,Metropolitana,9.73,UF,25.6,2024-01-19 00:00:00.000000,2024-01-22 00:00:00.000000,DEPARTAMENTO,arriendo,
TT-2024-01-003561,toctoc,Macul,Metropolitana,530000.0,CLP,45.3,2023-11-22 00:00:00.000000,2024-01-22 00:00:00.000000,departamento,arriendo,owner_direct
TT-2024-01-001936,toctoc,Ñuñoa,Metropolitana,17.03,UF,33.4,2023-12-21 00:00:00.000000,2024-01-08 00:00:00.000000,Departamento,ARRIENDO,agency
TT-2024-01-000033,toctoc,Santiago,Metropolitana,11.62,UF,25.3,2023-12-19 00:00:00.000000,2024-01-01 00:00:00.000000,DEPARTAMENTO,arriendo,agency
TT-2024-01-004095,toctoc,Recoleta,Metropolitana,490000.0,CLP,48.7,2023-12-25 00:00:00.000000,2024-01-22 00:00:00.000000,Departamento,arriendo,agency
TT-2024-01-004515,toctoc,Quilicura,Metropolitana,390000.0,CLP,26.7,2023-12-28 00:00:00.000000,2024-01-29 00:00:00.000000,DEPARTAMENTO,Arriendo,agency
TT-2024-01-005341,toctoc,Santiago,Metropolitana,560000.0,CLP,38.5,2024-01-25 00:00:00.000000,2024-01-29 00:00:00.000000,Departamento,arriendo,owner_direct
TT-2024-01-005479,toctoc,Las Condes,Metropolitana,26.35,UF,43.2,2023-12-03 00:00:00.000000,2024-01-29 00:00:00.000000,Departamento,Arriendo,agency
TT-2024-01-001613,toctoc,Recoleta,Metropolitana,475000.0,CLP,45.5,2023-12-31 00:00:00.000000,2024-01-08 00:00:00.000000,DEPARTAMENTO,ARRIENDO,owner_direct
TT-2024-01-004636,toctoc,Macul,Metropolitana,490000.0,CLP,42.8,2024-01-06 00:00:00.000000,2024-01-29 00:00:00.000000,DEPARTAMENTO,Arriendo,agency
TT-2024-01-004980,toctoc,Conchalí,Metropolitana,16.89,UF,81.1,2024-01-08 00:00:00.000000,2024-01-29 00:00:00.000000,Departamento,ARRIENDO,owner_direct
TT-2024-01-004006,toctoc,Recoleta,Metropolitana,20.14,UF,74.1,2024-01-05 00:00:00.000000,2024-01-22 00:00:00.000000,DEPARTAMENTO,ARRIENDO,agency
TT-2024-01-001999,toctoc,Huechuraba,Metropolitana,13.92,UF,27.4,2023-11-27 00:00:00.000000,2024-01-08 00:00:00.000000,departamento,arriendo,agency
TT-2024-01-002887,toctoc,Estación Central,Metropolitana,9.59,UF,29.2,2023-11-22 00:00:00.000000,2024-01-15 00:00:00.000000,Departamento,arriendo,agency
TT-2024-01-003730,toctoc,Independencia,Metropolitana,8.65,UF,24.9,2024-01-13 00:00:00.000000,2024-01-22 00:00:00.000000,DEPARTAMENTO,Arriendo,agency
TT-2024-01-004477,toctoc,Santiago,Metropolitana,17.97,UF,49.6,2024-01-20 00:00:00.000000,2024-01-29 00:00:00.000000,Departamento,ARRIENDO,owner_direct
TT-2024-01-002469,toctoc,San Miguel,Metropolitana,13.65,UF,38.5,2024-01-01 00:00:00.000000,2024-01-15 00:00:00.000000,Departamento,ARRIENDO,agency
TT-2024-01-004273,toctoc,Las Condes,Metropolitana,1115000.0,CLP,53.3,2024-01-09 00:00:00.000000,2024-01-22 00:00:00.000000,DEPARTAMENTO,arriendo,agency
TT-2024-01-000704,toctoc,ÑUÑOA,Metropolitana,525000.0,CLP,31.0,2023-12-27 00:00:00.000000,2024-01-01 00:00:00.000000,Departamento,Arriendo,owner_direct
TT-2024-01-001658,toctoc,Macul,Metropolitana,665000.0,CLP,57.1,2023-08-10 00:00:00.000000,2024-01-08 00:00:00.000000,Departamento,Arriendo,agency
TT-2024-01-004905,toctoc,Maipú,Metropolitana,13.11,UF,42.3,2023-10-07 00:00:00.000000,2024-01-29 00:00:00.000000,Departamento,ARRIENDO,agency
TT-2024-01-005267,toctoc,Quilicura,Metropolitana,385000.0,CLP,1.0,2023-12-17 00:00:00.000000,2024-01-29 00:00:00.000000,DEPARTAMENTO,arriendo,agency
TT-2024-01-001417,toctoc,Santiago,Metropolitana,28.11,UF,28.8,2023-11-02 00:00:00.000000,2024-01-08 00:00:00.000000,departamento,Arriendo,agency
TT-2024-01-001632,toctoc,Pudahuel,Metropolitana,440000.0,CLP,45.7,2023-11-14 00:00:00.000000,2024-01-08 00:00:00.000000,departamento,Arriendo,agency
TT-2024-01-002479,toctoc,Las Condes,Metropolitana,36.08,UF,75.3,2023-12-30 00:00:00.000000,2024-01-15 00:00:00.000000,Departamento,Arriendo,agency
TT-2024-01-001121,toctoc,San Joaquín,Metropolitana,9.73,UF,23.9,2023-11-12 00:00:00.000000,2024-01-01 00:00:00.000000,DEPARTAMENTO,Arriendo,agency
TT-2024-01-001466,toctoc,Quinta Normal,Metropolitana,610000.0,CLP,64.8,2024-01-06 00:00:00.000000,2024-01-08 00:00:00.000000,departamento,Arriendo,agency
TT-2024-01-003951,toctoc,Lo Barnechea,Metropolitana,27.03,UF,60.8,2024-01-13 00:00:00.000000,2024-01-22 00:00:00.000000,Departamento,arriendo,
TT-2024-01-003200,toctoc,Maipú,Metropolitana,10.54,UF,35.2,2023-11-26 00:00:00.000000,2024-01-15 00:00:00.000000,DEPARTAMENTO,Arriendo,owner_direct
TT-2024-01-004355,toctoc,Las Condes,Metropolitana,27.84,UF,38.6,2024-01-15 00:00:00.000000,2024-01-29 00:00:00.000000,Departamento,arriendo,owner_direct
TT-2024-01-001596,toctoc,Cerrillos,Metropolitana,515000.0,CLP,63.5,2023-12-11 00:00:00.000000,2024-01-08 00:00:00.000000,DEPARTAMENTO,arriendo,owner_direct
TT-2024-01-003138,toctoc,La Florida,Metropolitana,21.89,UF,92.1,2024-01-12 00:00:00.000000,2024-01-15 00:00:00.000000,departamento,arriendo,agency
TT-2024-01-004434,toctoc,San Miguel,Metropolitana,12.03,UF,41.7,2023-06-26 00:00:00.000000,2024-01-29 00:00:00.000000,Departamento,Arriendo,agency
TT-2024-01-002626,toctoc,Estación Central,Metropolitana,405000.0,CLP,31.3,2023-11-19 00:00:00.000000,2024-01-15 00:00:00.000000,DEPARTAMENTO,arriendo,agency
TT-2024-01-004793,toctoc,Providencia,Metropolitana,22.3,UF,32.3,2023-09-15 00:00:00.000000,2024-01-29 00:00:00.000000,Departamento,arriendo,agency
TT-2024-01-000806,toctoc,Independencia,Metropolitana,12.57,UF,46.0,2023-12-27 00:00:00.000000,2024-01-01 00:00:00.000000,Departamento,ARRIENDO,owner_direct
TT-2024-01-004407,toctoc,Estación Central,Metropolitana,16.22,UF,57.1,2024-01-14 00:00:00.000000,2024-01-29 00:00:00.000000,departamento,Arriendo,owner_direct
TT-2024-01-002624,toctoc,Puente Alto,Metropolitana,545000.0,CLP,60.1,2023-11-23 00:00:00.000000,2024-01-15 00:00:00.000000,DEPARTAMENTO,arriendo,agency
TT-2024-01-004710,toctoc,Estación Central,Metropolitana,3335000.0,CLP,124.4,2023-12-22 00:00:00.000000,2024-01-29 00:00:00.000000,departamento,Arriendo,agency
TT-2024-01-004266,toctoc,La Florida,Metropolitana,505000.0,CLP,53.0,2023-12-07 00:00:00.000000,2024-01-22 00:00:00.000000,Departamento,Arriendo,agency
TT-2024-01-004005,toctoc,Santiago,Metropolitana,21.76,UF,86.5,2023-12-07 00:00:00.000000,2024-01-22 00:00:00.000000,DEPARTAMENTO,arriendo,owner_direct
TT-2024-01-000832,toctoc,Puente Alto,Metropolitana,13.78,UF,61.5,2023-12-14 00:00:00.000000,2024-01-01 00:00:00.000000,DEPARTAMENTO,ARRIENDO,owner_direct
TT-2024-01-001816,toctoc,La Florida,Metropolitana,550000.0,CLP,64.4,2023-12-24 00:00:00.000000,2024-01-08 00:00:00.000000,Departamento,Arriendo,owner_direct
TT-2024-01-000241,toctoc,Maipú,Metropolitana,455000.0,CLP,45.5,2023-10-21 00:00:00.000000,2024-01-01 00:00:00.000000,DEPARTAMENTO,Arriendo,agency
TT-2024-01-000635,toctoc,Santiago,Metropolitana,590000.0,CLP,50.8,2023-12-15 00:00:00.000000,2024-01-01 00:00:00.000000,DEPARTAMENTO,ARRIENDO,agency
TT-2024-01-000314,toctoc, Providencia,Metropolitana,36.76,UF,108.8,2023-12-21 00:00:00.000000,2024-01-01 00:00:00.000000,Departamento,ARRIENDO,agency
TT-2024-01-003505,toctoc,Ñuñoa,Metropolitana,1200000.0,CLP,84.8,2024-01-04 00:00:00.000000,2024-01-22 00:00:00.000000,DEPARTAMENTO,ARRIENDO,
TT-2024-01-005144,toctoc,Recoleta,Metropolitana,400000.0,CLP,42.6,2024-01-03 00:00:00.000000,2024-01-29 00:00:00.000000,DEPARTAMENTO,arriendo,agency
TT-2024-01-001268,toctoc,Conchalí,Metropolitana,470000.0,CLP,48.0,2023-12-17 00:00:00.000000,2024-01-08 00:00:00.000000,departamento,Arriendo,agency
TT-2024-01-003470,toctoc,Quilicura,Metropolitana,15.0,UF,70.1,2023-12-27 00:00:00.000000,2024-01-22 00:00:00.000000,Departamento,arriendo,agency
TT-2024-01-000713,toctoc,Recoleta,Metropolitana,530000.0,CLP,52.2,2023-11-28 00:00:00.000000,2024-01-01 00:00:00.000000,DEPARTAMENTO,ARRIENDO,agency
TT-2024-01-000450,toctoc,Huechuraba,Metropolitana,545000.0,CLP,34.8,2023-12-24 00:00:00.000000,2024-01-01 00:00:00.000000,departamento,arriendo,agency
TT-2024-01-000746,toctoc,Ñuñoa,Metropolitana,690000.0,CLP,47.2,2023-12-21 00:00:00.000000,2024-01-01 00:00:00.000000,DEPARTAMENTO,ARRIENDO,agency
TT-2024-01-002649,toctoc,Ñuñoa,Metropolitana,1295000.0,CLP,130.6,2023-09-06 00:00:00.000000,2024-01-15 00:00:00.000000,DEPARTAMENTO,Arriendo,agency
TT-2024-01-003839,toctoc,Macul,Metropolitana,17.16,UF,57.5,2024-01-11 00:00:00.000000,2024-01-22 00:00:00.000000,departamento,ARRIENDO,agency
TT-2024-01-001101,toctoc,Huechuraba,Metropolitana,18.65,UF,65.3,2023-12-17 00:00:00.000000,2024-01-01 00:00:00.000000,Departamento,arriendo,agency
TT-2024-01-003009,toctoc,Santiago,Metropolitana,15.27,UF,48.3,2024-01-09 00:00:00.000000,2024-01-15 00:00:00.000000,departamento,ARRIENDO,owner_direct
TT-2024-01-004882,toctoc,Santiago,Metropolitana,13.24,UF,33.8,2023-12-31 00:00:00.000000,2024-01-29 00:00:00.000000,DEPARTAMENTO,arriendo,owner_direct
TT-2024-01-004179,toctoc,San Joaquín,Metropolitana,370000.0,CLP,27.8,2023-10-27 00:00:00.000000,2024-01-22 00:00:00.000000,DEPARTAMENTO,Arriendo,agency
TT-2024-01-003017,toctoc,Santiago,Metropolitana,19.32,UF,64.3,2023-12-27 00:00:00.000000,2024-01-15 00:00:00.000000,departamento,Arriendo,owner_direct
TT-2024-01-001755,toctoc,Independencia,Metropolitana,15.41,UF,61.8,2023-12-22 00:00:00.000000,2024-01-08 00:00:00.000000,departamento,Arriendo,owner_direct
TT-2024-01-000638,toctoc,Providencia,Metropolitana,960000.0,CLP,51.2,2023-12-23 00:00:00.000000,2024-01-01 00:00:00.000000,departamento,ARRIENDO,agency
TT-2024-01-001657,toctoc,Independencia,Metropolitana,17.16,UF,65.7,2023-12-26 00:00:00.000000,2024-01-08 00:00:00.000000,departamento,Arriendo,owner_direct
TT-2024-01-002850,toctoc,Lo Barnechea,Metropolitana,960000.0,CLP,65.0,2024-01-12 00:00:00.000000,2024-01-15 00:00:00.000000,DEPARTAMENTO,ARRIENDO,agency
TT-2024-01-003759,toctoc,Santiago,Metropolitana,460000.0,CLP,40.4,2024-01-02 00:00:00.000000,2024-01-22 00:00:00.000000,Departamento,ARRIENDO,owner_direct
TT-2024-01-000883,toctoc,Estación Central,Metropolitana,535000.0,CLP,57.9,2023-09-19 00:00:00.000000,2024-01-01 00:00:00.000000,departamento,arriendo,agency
TT-2024-01-004315,toctoc,Santiago,Metropolitana,19.32,UF,47.8,2024-01-12 00:00:00.000000,2024-01-22 00:00:00.000000,Departamento,ARRIENDO,agency
TT-2024-01-003409,toctoc,Quilicura,Metropolitana,15.0,UF,64.6,2023-12-30 00:00:00.000000,2024-01-22 00:00:00.000000,departamento,arriendo,owner_direct
TT-2024-01-005301,toctoc,Las Condes,Metropolitana,33.38,UF,72.2,2024-01-24 00:00:00.000000,2024-01-29 00:00:00.000000,Departamento,Arriendo,agency
TT-2024-01-000994,toctoc,Santiago,Metropolitana,1065000.0,CLP,117.4,2023-11-27 00:00:00.000000,2024-01-01 00:00:00.000000,DEPARTAMENTO,ARRIENDO,agency
TT-2024-01-004317,toctoc,Santiago,Metropolitana,15.27,UF,45.4,2023-12-04 00:00:00.000000,2024-01-22 00:00:00.000000,Departamento,ARRIENDO,agency
TT-2024-01-000101,toctoc,Recoleta,Metropolitana,18.24,UF,61.4,2023-12-16 00:00:00.000000,2024-01-01 00:00:00.000000,departamento,Arriendo,agency
TT-2024-01-005472,toctoc,Quinta Normal,Metropolitana,12.43,UF,39.2,2023-12-25 00:00:00.000000,2024-01-29 00:00:00.000000,Departamento,Arriendo,agency
TT-2024-01-000619,toctoc,Las Condes,Metropolitana,975000.0,CLP,70.1,2023-12-14 00:00:00.000000,2024-01-01 00:00:00.000000,Departamento,Arriendo,agency
TT-2024-01-003214,toctoc,Providencia ,Metropolitana,845000.0,CLP,37.9,2024-01-12 00:00:00.000000,2024-01-15 00:00:00.000000,DEPARTAMENTO,Arriendo,agency
TT-2024-01-000797,toctoc,La Florida,Metropolitana,1280000.0,CLP,53.7,2023-11-28 00:00:00.000000,2024-01-01 00:00:00.000000,Departamento,Arriendo,owner_direct
TT-2024-01-000045,toctoc,Providencia,Metropolitana,40.41,UF,99.9,2023-12-20 00:00:00.000000,2024-01-01 00:00:00.000000,departamento,ARRIENDO,agency
TT-2024-01-002819,toctoc,Estación Central,Metropolitana,11.89,UF,36.1,2023-12-27 00:00:00.000000,2024-01-15 00:00:00.000000,Departamento,ARRIENDO,agency
TT-2024-01-001978,toctoc,MAIPÚ,Metropolitana,375000.0,CLP,27.9,2023-12-02 00:00:00.000000,2024-01-08 00:00:00.000000,Departamento,arriendo,owner_direct
TT-2024-01-001550,toctoc,Santiago,Metropolitana,21.22,UF,71.0,2023-11-24 00:00:00.000000,2024-01-08 00:00:00.000000,departamento,arriendo,owner_direct
TT-2024-01-005254,toctoc,Puente Alto,Metropolitana,410000.0,CLP,46.2,2023-12-06 00:00:00.000000,2024-01-29 00:00:00.000000,DEPARTAMENTO,ARRIENDO,agency
TT-2024-01-004921,toctoc,Macul,Metropolitana,19.46,UF,67.3,2024-01-05 00:00:00.000000,2024-01-29 00:00:00.000000,departamento,arriendo,agency
TT-2024-01-004784,toctoc,Puente Alto,Metropolitana,455000.0,CLP,54.5,2024-01-15 00:00:00.000000,2024-01-29 00:00:00.000000,Departamento,ARRIENDO,owner_direct
TT-2024-01-001225,toctoc,Santiago,Metropolitana,995000.0,CLP,92.4,2023-12-17 00:00:00.000000,2024-01-08 00:00:00.000000,DEPARTAMENTO,ARRIENDO,owner_direct
TT-2024-01-003163,toctoc,Santiago,Metropolitana,505000.0,CLP,31.8,2024-01-04 00:00:00.000000,2024-01-15 00:00:00.000000,departamento,ARRIENDO,agency
TT-2024-01-001868,toctoc,La Florida,Metropolitana,605000.0,CLP,72.3,2023-11-24 00:00:00.000000,2024-01-08 00:00:00.000000,Departamento,ARRIENDO,owner_direct
TT-2024-01-004125,toctoc,Huechuraba,Metropolitana,18.24,UF,52.8,2023-12-17 00:00:00.000000,2024-01-22 00:00:00.000000,DEPARTAMENTO,ARRIENDO,agency
TT-2024-01-003794,toctoc,Las Condes,Metropolitana,28.24,UF,53.4,2024-01-05 00:00:00.000000,2024-01-22 00:00:00.000000,departamento,arriendo,owner_direct
TT-2024-01-001684,toctoc,Independencia,Metropolitana,505000.0,CLP,62.6,2023-11-27 00:00:00.000000,2024-01-08 00:00:00.000000,Departamento,arriendo,agency
TT-2024-01-003522,toctoc,Huechuraba,Metropolitana,21.35,UF,61.5,2023-08-05 00:00:00.000000,2024-01-22 00:00:00.000000,DEPARTAMENTO,ARRIENDO,agency
TT-2024-01-001563,toctoc,Puente Alto,Metropolitana,10.27,UF,44.7,2023-11-26 00:00:00.000000,2024-01-08 00:00:00.000000,departamento,arriendo,agency
TT-2024-01-002167,toctoc,La Florida,Metropolitana,535000.0,CLP,39.6,2023-12-12 00:00:00.000000,2024-01-08 00:00:00.000000,Departamento,arriendo,agency
TT-2024-01-001692,toctoc,La Florida,Metropolitana,490000.0,CLP,41.9,2023-06-20 00:00:00.000000,2024-01-08 00:00:00.000000,Departamento,ARRIENDO,
TT-2024-01-002805,toctoc,Estación Central,Metropolitana,14.46,UF,45.4,2023-12-15 00:00:00.000000,2024-01-15 00:00:00.000000,DEPARTAMENTO,arriendo,agency
TT-2024-01-004517,toctoc,Cerrillos,Metropolitana,520000.0,CLP,48.1,2024-01-06 00:00:00.000000,2024-01-29 00:00:00.000000,departamento,Arriendo,owner_direct
TT-2024-01-004791,toctoc,Renca,Metropolitana,575000.0,CLP,104.1,2023-12-06 00:00:00.000000,2024-01-29 00:00:00.000000,Departamento,Arriendo,agency
TT-2024-01-002087,toctoc,Lo Barnechea,Metropolitana,770000.0,CLP,42.6,2024-01-02 00:00:00.000000,2024-01-08 00:00:00.000000,departamento,arriendo,agency
TT-2024-01-001947,toctoc,Puente Alto,Metropolitana,775000.0,CLP,103.0,2023-11-08 00:00:00.000000,2024-01-08 00:00:00.000000,Departamento,arriendo,agency
TT-2024-01-002222,toctoc,Independencia,Metropolitana,15.0,UF,48.1,2024-01-04 00:00:00.000000,2024-01-08 00:00:00.000000,Departamento,Arriendo,owner_direct
TT-2024-01-004524,toctoc,La Cisterna,Metropolitana,12.16,UF,49.5,2023-12-17 00:00:00.000000,2024-01-29 00:00:00.000000,departamento,ARRIENDO,owner_direct
TT-2024-01-001394,toctoc,Cerrillos,Metropolitana,130.0,UF,36.4,2023-12-24 00:00:00.000000,2024-01-08 00:00:00.000000,departamento,Arriendo,owner_direct
TT-2024-01-003568,toctoc,La Florida,Metropolitana,15.27,UF,57.4,2023-12-30 00:00:00.000000,2024-01-22 00:00:00.000000,departamento,Arriendo,owner_direct
TT-2024-01-000814,toctoc,Ñuñoa,Metropolitana,15.54,UF,28.0,2023-12-19 00:00:00.000000,2024-01-01 00:00:00.000000,DEPARTAMENTO,Arriendo,agency
TT-2024-01-001469,toctoc,Providencia,Metropolitana,23.51,UF,57.4,2023-12-01 00:00:00.000000,2024-01-08 00:00:00.000000,DEPARTAMENTO,Arriendo,agency
TT-2024-01-004096,toctoc,Santiago,Metropolitana,655000.0,CLP,51.1,2023-08-16 00:00:00.000000,2024-01-22 00:00:00.000000,departamento,arriendo,owner_direct
TT-2024-01-005404,toctoc,Maipú,Metropolitana,390000.0,CLP,37.4,2024-01-14 00:00:00.000000,2024-01-29 00:00:00.000000,DEPARTAMENTO,Arriendo,owner_direct
TT-2024-01-002412,toctoc,Ñuñoa,Metropolitana,890000.0,CLP,68.3,2024-01-01 00:00:00.000000,2024-01-15 00:00:00.000000,Departamento,Arriendo,agency
TT-2024-01-003016,toctoc,Santiago,Metropolitana,20.54,UF,71.6,2024-01-06 00:00:00.000000,2024-01-15 00:00:00.000000,DEPARTAMENTO,Arriendo,agency
TT-2024-01-000799,toctoc,La Florida,Metropolitana,14.19,UF,61.9,2023-11-30 00:00:00.000000,2024-01-01 00:00:00.000000,departamento,Arriendo,agency
TT-2024-01-002478,toctoc,Estación Central,Metropolitana,17.7,UF,93.9,2023-12-06 00:00:00.000000,2024-01-15 00:00:00.000000,departamento,ARRIENDO,agency
TT-2024-01-002772,toctoc,Santiago,Metropolitana,17.57,UF,52.0,2023-12-15 00:00:00.000000,2024-01-15 00:00:00.000000,Departamento,ARRIENDO,owner_direct
TT-2024-01-000014,toctoc,Las Condes,Metropolitana,22.3,UF,29.6,2023-08-31 00:00:00.000000,2024-01-01 00:00:00.000000,DEPARTAMENTO,ARRIENDO,owner_direct
TT-2024-01-001634,toctoc,Ñuñoa,Metropolitana,925000.0,CLP,63.5,2023-12-26 00:00:00.000000,2024-01-08 00:00:00.000000,DEPARTAMENTO,Arriendo,owner_direct
TT-2024-01-000138,toctoc,Santiago,Metropolitana,21.22,UF,75.5,2023-12-07 00:00:00.000000,2024-01-01 00:00:00.000000,DEPARTAMENTO,arriendo,owner_direct
TT-2024-01-001293,toctoc,Peñalolén,Metropolitana,18.24,UF,75.0,2024-01-06 00:00:00.000000,2024-01-08 00:00:00.000000,DEPARTAMENTO,ARRIENDO,agency
TT-2024-01-004815,toctoc,Renca,Metropolitana,11.62,UF,51.4,2023-12-29 00:00:00.000000,2024-01-29 00:00:00.000000,departamento,arriendo,owner_direct
TT-2024-01-002462,toctoc,La Florida,Metropolitana,465000.0,CLP,48.5,2023-12-30 00:00:00.000000,2024-01-15 00:00:00.000000,DEPARTAMENTO,arriendo,owner_direct
TT-2024-01-001122,toctoc,Las Condes,Metropolitana,1090000.0,CLP,41.1,2023-08-25 00:00:00.000000,2024-01-01 00:00:00.000000,DEPARTAMENTO,arriendo,agency
TT-2024-01-005464,toctoc,Estación Central,Metropolitana,17.7,UF,68.7,2023-12-18 00:00:00.000000,2024-01-29 00:00:00.000000,Departamento,arriendo,agency
TT-2024-01-000533,toctoc,San Miguel,Metropolitana,12.43,UF,39.5,2023-11-14 00:00:00.000000,2024-01-01 00:00:00.000000,departamento,Arriendo,owner_direct
TT-2024-01-002262,toctoc,Quinta Normal,Metropolitana,535000.0,CLP,54.9,2023-12-31 00:00:00.000000,2024-01-08 00:00:00.000000,departamento,arriendo,owner_direct
TT-2024-01-004547,toctoc,Recoleta,Metropolitana,515000.0,CLP,56.5,2023-12-22 00:00:00.000000,2024-01-29 00:00:00.000000,DEPARTAMENTO,arriendo,owner_direct
TT-2024-01-000152,toctoc,Estación Central,Metropolitana,435000.0,CLP,43.7,2023-12-11 00:00:00.000000,2024-01-01 00:00:00.000000,Departamento,ARRIENDO,agency
TT-2024-01-000641,toctoc,Peñalolén,Metropolitana,10.27,UF,28.5,2023-12-09 00:00:00.000000,2024-01-01 00:00:00.000000,Departamento,arriendo,agency
TT-2024-01-004599,toctoc,Santiago,Metropolitana,11.08,UF,5.0,2023-12-31 00:00:00.000000,2024-01-29 00:00:00.000000,Departamento,arriendo,owner_direct
TT-2024-01-000982,toctoc,Providencia,Metropolitana,1200000.0,CLP,70.3,2023-12-26 00:00:00.000000,2024-01-01 00:00:00.000000,DEPARTAMENTO,ARRIENDO,
TT-2024-01-000756,toctoc,Estación Central,Metropolitana,9.86,UF,30.7,2023-12-06 00:00:00.000000,2024-01-01 00:00:00.000000,DEPARTAMENTO,ARRIENDO,agency
TT-2024-01-002347,toctoc,Pudahuel,Metropolitana,21.22,UF,91.8,2023-11-29 00:00:00.000000,2024-01-08 00:00:00.000000,DEPARTAMENTO,ARRIENDO,owner_direct
TT-2024-01-000473,toctoc,La Florida,Metropolitana,565000.0,CLP,51.9,2023-12-13 00:00:00.000000,2024-01-01 00:00:00.000000,DEPARTAMENTO,Arriendo,owner_direct
TT-2024-01-004196,toctoc,Las Condes ,Metropolitana,780000.0,CLP,47.5,2024-01-07 00:00:00.000000,2024-01-22 00:00:00.000000,Departamento,Arriendo,agency
TT-2024-01-001391,toctoc,Recoleta,Metropolitana,18.65,UF,77.8,2023-12-28 00:00:00.000000,2024-01-08 00:00:00.000000,Departamento,arriendo,agency
TT-2024-01-003245,toctoc,Providencia,Metropolitana,22.16,UF,52.4,2024-01-14 00:00:00.000000,2024-01-15 00:00:00.000000,Departamento,Arriendo,agency
TT-2024-01-002511,toctoc,Recoleta,Metropolitana,640000.0,CLP,78.2,2023-07-02 00:00:00.000000,2024-01-15 00:00:00.000000,departamento,Arriendo,owner_direct
TT-2024-01-001239,toctoc,La Florida,Metropolitana,13.78,UF,53.1,2023-12-15 00:00:00.000000,2024-01-08 00:00:00.000000,Departamento,arriendo,owner_direct
TT-2024-01-000127,toctoc,Santiago,Metropolitana,390000.0,CLP,25.6,2023-11-25 00:00:00.000000,2024-01-01 00:00:00.000000,Departamento,ARRIENDO,agency
TT-2024-01-002243,toctoc,Renca,Metropolitana,400000.0,CLP,58.3,2023-12-31 00:00:00.000000,2024-01-08 00:00:00.000000,DEPARTAMENTO,Arriendo,
TT-2024-01-003432,toctoc,Peñalolén,Metropolitana,9.59,UF,20.0,2023-12-20 00:00:00.000000,2024-01-22 00:00:00.000000,DEPARTAMENTO,arriendo,agency
TT-2024-01-000481,toctoc,Santiago,Metropolitana,14.73,UF,39.2,2023-12-22 00:00:00.000000,2024-01-01 00:00:00.000000,Departamento,ARRIENDO,agency
TT-2024-01-000100,toctoc,Lo Barnechea,Metropolitana,22.7,UF,45.3,2023-12-11 00:00:00.000000,2024-01-01 00:00:00.000000,DEPARTAMENTO,Arriendo,owner_direct
TT-2024-01-001905,toctoc,Puente Alto,Metropolitana,12.43,UF,54.4,2023-12-11 00:00:00.000000,2024-01-08 00:00:00.000000,Departamento,arriendo,agency
TT-2024-01-003690,toctoc,San Joaquín,Metropolitana,685000.0,CLP,91.0,2023-11-07 00:00:00.000000,2024-01-22 00:00:00.000000,DEPARTAMENTO,Arriendo,agency
TT-2024-01-004340,toctoc,Santiago,Metropolitana,22.43,UF,69.7,2023-12-27 00:00:00.000000,2024-01-22 00:00:00.000000,departamento,Arriendo,owner_direct
TT-2024-01-002573,toctoc,La Florida,Metropolitana,430000.0,CLP,37.6,2024-01-03 00:00:00.000000,2024-01-15 00:00:00.000000,Departamento,arriendo,agency
TT-2024-01-003440,toctoc,Providencia,Metropolitana,18.24,UF,38.7,2023-11-15 00:00:00.000000,2024-01-22 00:00:00.000000,departamento,ARRIENDO,owner_direct
TT-2024-01-000079,toctoc,Santiago,Metropolitana,735000.0,CLP,63.2,2023-12-20 00:00:00.000000,2024-01-01 00:00:00.000000,Departamento,Arriendo,agency
TT-2024-01-002681,toctoc,Las Condes,Metropolitana,965000.0,CLP,44.6,2023-11-17 00:00:00.000000,2024-01-15 00:00:00.000000,Departamento,Arriendo,owner_direct
TT-2024-01-001745,toctoc,Peñalolén,Metropolitana,930000.0,CLP,88.3,2023-07-18 00:00:00.000000,2024-01-08 00:00:00.000000,Departamento,ARRIENDO,agency
TT-2024-01-004455,toctoc,Quinta Normal,Metropolitana,14.32,UF,52.6,2024-01-19 00:00:00.000000,2024-01-29 00:00:00.000000,DEPARTAMENTO,Arriendo,agency
TT-2024-01-003875,toctoc,Santiago,Metropolitana,19.46,UF,74.4,2024-01-01 00:00:00.000000,2024-01-22 00:00:00.000000,departamento,ARRIENDO,agency
TT-2024-01-000624,toctoc,Estación Central,Metropolitana,12.84,UF,55.3,2023-10-10 00:00:00.000000,2024-01-01 00:00:00.000000,Departamento,arriendo,owner_direct
TT-2024-01-005119,toctoc,Maipú,Metropolitana,575000.0,CLP,62.2,2024-01-04 00:00:00.000000,2024-01-29 00:00:00.000000,DEPARTAMENTO,arriendo,
TT-2024-01-004883,toctoc,La Cisterna,Metropolitana,13.11,UF,66.9,2023-11-21 00:00:00.000000,2024-01-29 00:00:00.000000,DEPARTAMENTO,ARRIENDO,owner_direct
TT-2024-01-003149,toctoc,La Cisterna,Metropolitana,550000.0,CLP,63.8,2024-01-02 00:00:00.000000,2024-01-15 00:00:00.000000,DEPARTAMENTO,ARRIENDO,owner_direct
TT-2024-01-001316,toctoc,Providencia,Metropolitana,730000.0,CLP,36.1,2024-01-02 00:00:00.000000,2024-01-08 00:00:00.000000,departamento,arriendo,agency
TT-2024-01-002352,toctoc,Puente Alto,Metropolitana,10.68,UF,48.1,2023-11-30 00:00:00.000000,2024-01-08 00:00:00.000000,DEPARTAMENTO,arriendo,agency
TT-2024-01-003117,toctoc,Las Condes,Metropolitana,30.54,UF,67.8,2023-11-09 00:00:00.000000,2024-01-15 00:00:00.000000,departamento,arriendo,agency
TT-2024-01-002420,toctoc,La Florida,Metropolitana,21.22,UF,88.9,2023-12-31 00:00:00.000000,2024-01-15 00:00:00.000000,Departamento,ARRIENDO,agency
TT-2024-01-002717,toctoc,Peñalolén,Metropolitana,13.78,UF,34.9,2024-01-12 00:00:00.000000,2024-01-15 00:00:00.000000,Departamento,ARRIENDO,owner_direct
TT-2024-01-003581,toctoc,Vitacura,Metropolitana,32.3,UF,49.2,2023-12-18 00:00:00.000000,2024-01-22 00:00:00.000000,DEPARTAMENTO,Arriendo,owner_direct
TT-2024-01-004444,toctoc, Providencia,Metropolitana,37.03,UF,94.4,2024-01-09 00:00:00.000000,2024-01-29 00:00:00.000000,Departamento,Arriendo,owner_direct
TT-2024-01-002844,toctoc,Santiago,Metropolitana,25.41,UF,92.5,2024-01-08 00:00:00.000000,2024-01-15 00:00:00.000000,departamento,Arriendo,owner_direct
TT-2024-01-002075,toctoc,Providencia,Metropolitana,1050000.0,CLP,46.3,2023-12-14 00:00:00.000000,2024-01-08 00:00:00.000000,departamento,ARRIENDO,agency
TT-2024-01-000122,toctoc,Vitacura,Metropolitana,30.0,UF,40.7,2023-12-17 00:00:00.000000,2024-01-01 00:00:00.000000,DEPARTAMENTO,ARRIENDO,agency
TT-2024-01-003899,toctoc,La Cisterna,Metropolitana,44.32,UF,50.8,2024-01-05 00:00:00.000000,2024-01-22 00:00:00.000000,DEPARTAMENTO,arriendo,agency
TT-2024-01-004041,toctoc,Estación Central,Metropolitana,16.89,UF,74.8,2023-12-07 00:00:00.000000,2024-01-22 00:00:00.000000,Departamento,arriendo,agency
TT-2024-01-001279,toctoc,Providencia,Metropolitana,25.41,UF,50.3,2023-12-17 00:00:00.000000,2024-01-08 00:00:00.000000,departamento,ARRIENDO,owner_direct
TT-2024-01-002877,toctoc,Las Condes,Metropolitana,30.95,UF,68.4,2024-01-02 00:00:00.000000,2024-01-15 00:00:00.000000,departamento,arriendo,agency
TT-2024-01-004582,toctoc,Providencia,Metropolitana,1065000.0,CLP,52.1,2023-12-06 00:00:00.000000,2024-01-29 00:00:00.000000,Departamento,ARRIENDO,agency
TT-2024-01-004907,toctoc,Providencia,Metropolitana,1270000.0,CLP,73.6,2024-01-11 00:00:00.000000,2024-01-29 00:00:00.000000,departamento,arriendo,agency
TT-2024-01-000508,toctoc,Maipú,Metropolitana,480000.0,CLP,45.3,2023-11-01 00:00:00.000000,2024-01-01 00:00:00.000000,DEPARTAMENTO,Arriendo,owner_direct
TT-2024-01-004408,toctoc,Macul,Metropolitana,14.32,UF,42.4,2023-12-20 00:00:00.000000,2024-01-29 00:00:00.000000,Departamento,arriendo,owner_direct
TT-2024-01-000687,toctoc,Santiago,Metropolitana,12.16,UF,30.2,2023-12-09 00:00:00.000000,2024-01-01 00:00:00.000000,DEPARTAMENTO,ARRIENDO,agency
TT-2024-01-001894,toctoc,Lo Barnechea,Metropolitana,23.11,UF,48.4,2023-10-19 00:00:00.000000,2024-01-08 00:00:00.000000,departamento,ARRIENDO,owner_direct
TT-2024-01-000899,toctoc,San Miguel,Metropolitana,19.32,UF,56.9,2023-12-08 00:00:00.000000,2024-01-01 00:00:00.000000,departamento,ARRIENDO,agency
TT-2024-01-000845,toctoc,Cerrillos,Metropolitana,15.81,UF,56.4,2023-12-13 00:00:00.000000,2024-01-01 00:00:00.000000,Departamento,Arriendo,agency
TT-2024-01-004553,toctoc,Estación Central,Metropolitana,13.65,UF,46.0,2024-01-04 00:00:00.000000,2024-01-29 00:00:00.000000,Departamento,Arriendo,owner_direct
TT-2024-01-002892,toctoc,La Florida,Metropolitana,420000.0,CLP,12.0,2023-12-10 00:00:00.000000,2024-01-15 00:00:00.000000,departamento,Arriendo,agency
TT-2024-01-003357,toctoc,La Florida,Metropolitana,16.49,UF,49.4,2023-12-23 00:00:00.000000,2024-01-22 00:00:00.000000,departamento,ARRIENDO,agency
TT-2024-01-003652,toctoc,San Miguel,Metropolitana,695000.0,CLP,82.5,2023-12-18 00:00:00.000000,2024-01-22 00:00:00.000000,departamento,Arriendo,agency
TT-2024-01-001355,toctoc,Pudahuel,Metropolitana,12.3,UF,48.6,2023-12-06 00:00:00.000000,2024-01-08 00:00:00.000000,departamento,arriendo,agency
TT-2024-01-001620,toctoc,Independencia,Metropolitana,380000.0,CLP,27.6,2024-01-05 00:00:00.000000,2024-01-08 00:00:00.000000,departamento,arriendo,agency
TT-2024-01-002926,toctoc,Quinta Normal,Metropolitana,455000.0,CLP,47.8,2023-12-25 00:00:00.000000,2024-01-15 00:00:00.000000,departamento,ARRIENDO,agency
TT-2024-01-004869,toctoc,San Miguel,Metropolitana,12.57,UF,38.8,2024-01-15 00:00:00.000000,2024-01-29 00:00:00.000000,Departamento,Arriendo,agency
TT-2024-01-000876,toctoc,La Reina,Metropolitana,595000.0,CLP,37.3,2023-12-13 00:00:00.000000,2024-01-01 00:00:00.000000,departamento,arriendo,agency
TT-2024-01-004646,toctoc,Cerrillos,Metropolitana,19.19,UF,71.3,2023-12-16 00:00:00.000000,2024-01-29 00:00:00.000000,DEPARTAMENTO,ARRIENDO,agency
TT-2024-01-000568,toctoc,Renca,Metropolitana,9.59,UF,32.9,2023-12-21 00:00:00.000000,2024-01-01 00:00:00.000000,DEPARTAMENTO,ARRIENDO,owner_direct
TT-2024-01-005180,toctoc,independencia,Metropolitana,31.35,UF,136.3,2024-01-18 00:00:00.000000,2024-01-29 00:00:00.000000,DEPARTAMENTO,Arriendo,agency
TT-2024-01-000346,toctoc,Recoleta,Metropolitana,10.0,UF,51.0,2023-12-09 00:00:00.000000,2024-01-01 00:00:00.000000,DEPARTAMENTO,Arriendo,owner_direct
TT-2024-01-001622,toctoc,Santiago,Metropolitana,570000.0,CLP,47.3,2023-12-07 00:00:00.000000,2024-01-08 00:00:00.000000,DEPARTAMENTO,arriendo,owner_direct
TT-2024-01-005320,toctoc,Independencia,Metropolitana,13.11,UF,55.3,2024-01-17 00:00:00.000000,2024-01-29 00:00:00.000000,departamento,arriendo,owner_direct
TT-2024-01-004277,toctoc,Estación Central,Metropolitana,11.89,UF,32.3,2023-12-27 00:00:00.000000,2024-01-22 00:00:00.000000,departamento,Arriendo,owner_direct
TT-2024-01-001014,toctoc,Peñalolén,Metropolitana,16.89,UF,82.8,2023-11-10 00:00:00.000000,2024-01-01 00:00:00.000000,Departamento,ARRIENDO,agency
TT-2024-01-003747,toctoc,Independencia,Metropolitana,21.89,UF,117.2,2023-12-21 00:00:00.000000,2024-01-22 00:00:00.000000,DEPARTAMENTO,arriendo,agency
TT-2024-01-000208,toctoc,Providencia,Metropolitana,27.3,UF,51.7,2023-12-12 00:00:00.000000,2024-01-01 00:00:00.000000,Departamento,Arriendo,agency
TT-2024-01-005457,toctoc,La Reina,Metropolitana,18.92,UF,46.2,2023-12-19 00:00:00.000000,2024-01-29 00:00:00.000000,departamento,Arriendo,agency
TT-2024-01-004375,toctoc,La Florida,Metropolitana,15.14,UF,54.5,2023-11-28 00:00:00.000000,2024-01-29 00:00:00.000000,DEPARTAMENTO,Arriendo,agency
TT-2024-01-005478,toctoc,Quilicura,Metropolitana,640000.0,CLP,62.7,2023-11-19 00:00:00.000000,2024-01-29 00:00:00.000000,Departamento,arriendo,agency
TT-2024-01-002673,toctoc,San Miguel,Metropolitana,630000.0,CLP,56.8,2023-12-29 00:00:00.000000,2024-01-15 00:00:00.000000,DEPARTAMENTO,Arriendo,
TT-2024-01-000912,toctoc,Santiago,Metropolitana,540000.0,CLP,47.6,2023-11-21 00:00:00.000000,2024-01-01 00:00:00.000000,DEPARTAMENTO,Arriendo,owner_direct
TT-2024-01-001655,toctoc,Independencia,Metropolitana,15.41,UF,50.7,2023-11-29 00:00:00.000000,2024-01-08 00:00:00.000000,DEPARTAMENTO,ARRIENDO,owner_direct
TT-2024-01-001807,toctoc,Estación Central,Metropolitana,500000.0,CLP,66.3,2024-01-01 00:00:00.000000,2024-01-08 00:00:00.000000,Departamento,ARRIENDO,owner_direct
TT-2024-01-000948,toctoc,Estación Central,Metropolitana,550000.0,CLP,45.2,2023-12-17 00:00:00.000000,2024-01-01 00:00:00.000000,Departamento,Arriendo,owner_direct
TT-2024-01-000029,toctoc,Huechuraba,Metropolitana,13.92,UF,34.3,2023-12-29 00:00:00.000000,2024-01-01 00:00:00.000000,DEPARTAMENTO,Arriendo,agency
TT-2024-01-004630,toctoc,Ñuñoa,Metropolitana,15.54,UF,5.0,2024-01-08 00:00:00.000000,2024-01-29 00:00:00.000000,Departamento,ARRIENDO,agency
TT-2024-01-000066,toctoc,San Joaquín,Metropolitana,22.84,UF,103.1,2023-12-23 00:00:00.000000,2024-01-01 00:00:00.000000,DEPARTAMENTO,ARRIENDO,agency
TT-2024-01-000199,toctoc,Recoleta ,Metropolitana,460000.0,CLP,40.8,2023-09-03 00:00:00.000000,2024-01-01 00:00:00.000000,DEPARTAMENTO,ARRIENDO,agency
TT-2024-01-001664,toctoc,Cerrillos,Metropolitana,14.46,UF,45.0,2023-12-23 00:00:00.000000,2024-01-08 00:00:00.000000,departamento,Arriendo,agency
TT-2024-01-001314,toctoc,Cerrillos,Metropolitana,635000.0,CLP,64.6,2023-12-18 00:00:00.000000,2024-01-08 00:00:00.000000,departamento,ARRIENDO,owner_direct
TT-2024-01-001920,toctoc,Santiago,Metropolitana,55.81,UF,250.0,2024-01-03 00:00:00.000000,2024-01-08 00:00:00.000000,Departamento,Arriendo,owner_direct
TT-2024-01-002736,toctoc,Pudahuel,Metropolitana,11.08,UF,46.8,2023-12-13 00:00:00.000000,2024-01-15 00:00:00.000000,departamento,Arriendo,agency
TT-2024-01-003878,toctoc,Santiago,Metropolitana,465000.0,CLP,27.3,2024-01-11 00:00:00.000000,2024-01-22 00:00:00.000000,DEPARTAMENTO,ARRIENDO,agency
TT-2024-01-004237,toctoc, Ñuñoa,Metropolitana,550000.0,CLP,27.8,2024-01-17 00:00:00.000000,2024-01-22 00:00:00.000000,Departamento,ARRIENDO,agency
TT-2024-01-005336,toctoc,La Florida,Metropolitana,10.81,UF,31.1,2023-12-25 00:00:00.000000,2024-01-29 00:00:00.000000,DEPARTAMENTO,arriendo,owner_direct
TT-2024-01-001980,toctoc,La Florida,Metropolitana,640000.0,CLP,58.3,2023-09-16 00:00:00.000000,2024-01-08 00:00:00.000000,departamento,arriendo,agency
TT-2024-01-004082,toctoc,INDEPENDENCIA,Metropolitana,855000.0,CLP,115.9,2023-12-10 00:00:00.000000,2024-01-22 00:00:00.000000,Departamento,ARRIENDO,owner_direct
TT-2024-01-003460,toctoc,Las Condes,Metropolitana,23.65,UF,45.0,2024-01-16 00:00:00.000000,2024-01-22 00:00:00.000000,departamento,Arriendo,owner_direct
TT-2024-01-002101,toctoc,Maipú,Metropolitana,515000.0,CLP,64.0,2023-12-11 00:00:00.000000,2024-01-08 00:00:00.000000,DEPARTAMENTO,ARRIENDO,agency
TT-2024-01-000394,toctoc,Maipú,Metropolitana,520000.0,CLP,52.3,2023-12-16 00:00:00.000000,2024-01-01 00:00:00.000000,Departamento,arriendo,owner_direct
TT-2024-01-002359,toctoc,Santiago,Metropolitana,790000.0,CLP,87.1,2023-10-24 00:00:00.000000,2024-01-08 00:00:00.000000,DEPARTAMENTO,arriendo,owner_direct
TT-2024-01-003836,toctoc,Lo Barnechea,Metropolitana,980000.0,CLP,51.6,2023-12-17 00:00:00.000000,2024-01-22 00:00:00.000000,Departamento,Arriendo,
TT-2024-01-001967,toctoc,Quilicura,Metropolitana,520000.0,CLP,48.8,2023-12-28 00:00:00.000000,2024-01-08 00:00:00.000000,Departamento,Arriendo,owner_direct
TT-2024-01-002837,toctoc,Macul,Metropolitana,17.43,UF,62.9,2023-12-27 00:00:00.000000,2024-01-15 00:00:00.000000,departamento,ARRIENDO,
TT-2024-01-003606,toctoc,Providencia,Metropolitana,27.57,UF,72.0,2024-01-08 00:00:00.000000,2024-01-22 00:00:00.000000,DEPARTAMENTO,Arriendo,owner_direct
TT-2024-01-004271,toctoc,Ñuñoa,Metropolitana,24.19,UF,76.9,2024-01-02 00:00:00.000000,2024-01-22 00:00:00.000000,DEPARTAMENTO,Arriendo,agency
TT-2024-01-001974,toctoc,Puente Alto,Metropolitana,375000.0,CLP,54.0,2023-12-10 00:00:00.000000,2024-01-08 00:00:00.000000,DEPARTAMENTO,arriendo,agency
TT-2024-01-004126,toctoc,Santiago,Metropolitana,780000.0,CLP,63.9,2024-01-14 00:00:00.000000,2024-01-22 00:00:00.000000,departamento,Arriendo,agency
TT-2024-01-004175,toctoc,Maipú,Metropolitana,9.73,UF,24.6,2023-12-19 00:00:00.000000,2024-01-22 00:00:00.000000,DEPARTAMENTO,arriendo,owner_direct
TT-2024-01-001310,toctoc,Huechuraba,Metropolitana,12.84,UF,1.0,2023-11-26 00:00:00.000000,2024-01-08 00:00:00.000000,DEPARTAMENTO,Arriendo,agency
TT-2024-01-000330,toctoc,San Joaquín,Metropolitana,515000.0,CLP,57.7,2023-08-28 00:00:00.000000,2024-01-01 00:00:00.000000,departamento,Arriendo,owner_direct
TT-2024-01-004606,toctoc, San Miguel,Metropolitana,670000.0,CLP,68.8,2023-10-07 00:00:00.000000,2024-01-29 00:00:00.000000,Departamento,arriendo,owner_direct
TT-2024-01-004371,toctoc,Maipú,Metropolitana,15.0,UF,52.4,2024-01-11 00:00:00.000000,2024-01-29 00:00:00.000000,departamento,arriendo,agency
TT-2024-01-000171,toctoc,Pudahuel,Metropolitana,13.51,UF,57.7,2023-11-30 00:00:00.000000,2024-01-01 00:00:00.000000,Departamento,arriendo,owner_direct
TT-2024-01-001886,toctoc,Estación Central,Metropolitana,8.24,UF,26.9,2023-12-30 00:00:00.000000,2024-01-08 00:00:00.000000,Departamento,ARRIENDO,agency
TT-2024-01-001882,toctoc,Santiago,Metropolitana,485000.0,CLP,29.4,2023-12-22 00:00:00.000000,2024-01-08 00:00:00.000000,Departamento,ARRIENDO,agency
TT-2024-01-001437,toctoc,Ñuñoa,Metropolitana,15.54,UF,26.0,2023-09-02 00:00:00.000000,2024-01-08 00:00:00.000000,departamento,Arriendo,
TT-2024-01-004663,toctoc,Quinta Normal,Metropolitana,14.32,UF,52.0,2024-01-08 00:00:00.000000,2024-01-29 00:00:00.000000,DEPARTAMENTO,Arriendo,owner_direct
TT-2024-01-002734,toctoc,Estación Central,Metropolitana,11.89,UF,42.2,2024-01-09 00:00:00.000000,2024-01-15 00:00:00.000000,Departamento,Arriendo,agency
TT-2024-01-001348,toctoc,Santiago,Metropolitana,14.86,UF,39.5,2023-12-29 00:00:00.000000,2024-01-08 00:00:00.000000,Departamento,Arriendo,owner_direct
TT-2024-01-000694,toctoc,Puente Alto,Metropolitana,490000.0,CLP,47.2,2023-12-11 00:00:00.000000,2024-01-01 00:00:00.000000,Departamento,ARRIENDO,agency
TT-2024-01-001001,toctoc,Santiago,Metropolitana,24.32,UF,100.1,2023-12-10 00:00:00.000000,2024-01-01 00:00:00.000000,DEPARTAMENTO,ARRIENDO,owner_direct
TT-2024-01-000838,toctoc,La Reina,Metropolitana,19.59,UF,39.7,2023-12-23 00:00:00.000000,2024-01-01 00:00:00.000000,departamento,ARRIENDO,owner_direct
TT-2024-01-004060,toctoc,San Miguel,Metropolitana,15.54,UF,47.1,2024-01-17 00:00:00.000000,2024-01-22 00:00:00.000000,DEPARTAMENTO,Arriendo,agency
TT-2024-01-005297,toctoc,Independencia,Metropolitana,450000.0,CLP,38.5,2023-12-27 00:00:00.000000,2024-01-29 00:00:00.000000,Departamento,ARRIENDO,agency
TT-2024-01-002954,toctoc,Cerrillos,Metropolitana,15.14,UF,53.6,2023-12-19 00:00:00.000000,2024-01-15 00:00:00.000000,Departamento,Arriendo,agency
TT-2024-01-000835,toctoc,La Florida,Metropolitana,605000.0,CLP,49.9,2023-12-22 00:00:00.000000,2024-01-01 00:00:00.000000,Departamento,ARRIENDO,agency
TT-2024-01-002183,toctoc,Peñalolén,Metropolitana,545000.0,CLP,63.0,2023-07-10 00:00:00.000000,2024-01-08 00:00:00.000000,DEPARTAMENTO,arriendo,owner_direct
TT-2024-01-004706,toctoc,Santiago,Metropolitana,485000.0,CLP,25.4,2024-01-01 00:00:00.000000,2024-01-29 00:00:00.000000,Departamento,ARRIENDO,agency
TT-2024-01-002249,toctoc,SAN MIGUEL,Metropolitana,780000.0,CLP,70.6,2023-12-04 00:00:00.000000,2024-01-08 00:00:00.000000,DEPARTAMENTO,arriendo,agency
TT-2024-01-004522,toctoc,Macul,Metropolitana,720000.0,CLP,80.6,2023-12-23 00:00:00.000000,2024-01-29 00:00:00.000000,departamento,arriendo,agency
TT-2024-01-000001,toctoc,Independencia,Metropolitana,640000.0,CLP,91.2,2023-10-23 00:00:00.000000,2024-01-01 00:00:00.000000,Departamento,ARRIENDO,owner_direct
TT-2024-01-000467,toctoc,Santiago,Metropolitana,1060000.0,CLP,94.8,2023-12-22 00:00:00.000000,2024-01-01 00:00:00.000000,Departamento,Arriendo,agency
TT-2024-01-002977,toctoc,Puente Alto,Metropolitana,385000.0,CLP,40.8,2023-12-18 00:00:00.000000,2024-01-15 00:00:00.000000,Departamento,arriendo,owner_direct
TT-2024-01-002935,toctoc,San Joaquín,Metropolitana,12.57,UF,51.9,2023-12-07 00:00:00.000000,2024-01-15 00:00:00.000000,Departamento,arriendo,agency
TT-2024-01-002246,toctoc,Estación Central,Metropolitana,11.49,UF,36.0,2023-12-02 00:00:00.000000,2024-01-08 00:00:00.000000,Departamento,arriendo,agency
TT-2024-01-002497,toctoc,Santiago,Metropolitana,14.73,UF,42.4,2023-12-31 00:00:00.000000,2024-01-15 00:00:00.000000,Departamento,Arriendo,agency
TT-2024-01-002606,toctoc,Huechuraba,Metropolitana,810000.0,CLP,80.6,2023-12-13 00:00:00.000000,2024-01-15 00:00:00.000000,Departamento,arriendo,agency
TT-2024-01-002724,toctoc,Santiago,Metropolitana,14.59,UF,49.8,2023-11-28 00:00:00.000000,2024-01-15 00:00:00.000000,DEPARTAMENTO,Arriendo,agency
TT-2024-01-000037,toctoc,Macul,Metropolitana,12.03,UF,32.5,2023-12-04 00:00:00.000000,2024-01-01 00:00:00.000000,Departamento,arriendo,agency
TT-2024-01-002748,toctoc,Ñuñoa,Metropolitana,18.24,UF,38.5,2023-10-04 00:00:00.000000,2024-01-15 00:00:00.000000,DEPARTAMENTO,arriendo,agency
TT-2024-01-001029,toctoc,Quilicura,Metropolitana,11.76,UF,42.3,2023-11-28 00:00:00.000000,2024-01-01 00:00:00.000000,Departamento,ARRIENDO,agency
TT-2024-01-003787,toctoc,La Florida,Metropolitana,13.24,UF,42.7,2023-12-11 00:00:00.000000,2024-01-22 00:00:00.000000,DEPARTAMENTO,ARRIENDO,agency
TT-2024-01-004299,toctoc,San Miguel,Metropolitana,500000.0,CLP,30.7,2024-01-05 00:00:00.000000,2024-01-22 00:00:00.000000,Departamento,Arriendo,owner_direct
TT-2024-01-001716,toctoc,Quilicura,Metropolitana,10.95,UF,43.9,2023-12-01 00:00:00.000000,2024-01-08 00:00:00.000000,Departamento,arriendo,agency
TT-2024-01-005247,toctoc,Santiago,Metropolitana,14.46,UF,40.8,2024-01-12 00:00:00.000000,2024-01-29 00:00:00.000000,Departamento,Arriendo,owner_direct
TT-2024-01-003065,toctoc,Huechuraba,Metropolitana,12.97,UF,27.9,2023-12-31 00:00:00.000000,2024-01-15 00:00:00.000000,Departamento,ARRIENDO,owner_direct
TT-2024-01-001714,toctoc,Peñalolén,Metropolitana,18.38,UF,76.3,2023-11-13 00:00:00.000000,2024-01-08 00:00:00.000000,departamento,ARRIENDO,owner_direct
TT-2024-01-000094,toctoc,Maipú,Metropolitana,14.73,UF,60.0,2023-12-04 00:00:00.000000,2024-01-01 00:00:00.000000,departamento,arriendo,
TT-2024-01-005130,toctoc,Maipú,Metropolitana,815000.0,CLP,107.5,2024-01-11 00:00:00.000000,2024-01-29 00:00:00.000000,departamento,arriendo,owner_direct
TT-2024-01-003380,toctoc,La Florida,Metropolitana,435000.0,CLP,42.5,2024-01-19 00:00:00.000000,2024-01-22 00:00:00.000000,Departamento,arriendo,owner_direct
TT-2024-01-001951,toctoc,Santiago,Metropolitana,15.68,UF,40.6,2023-12-27 00:00:00.000000,2024-01-08 00:00:00.000000,departamento,ARRIENDO,agency
TT-2024-01-001075,toctoc,Estación Central,Metropolitana,13.24,UF,44.7,2023-11-18 00:00:00.000000,2024-01-01 00:00:00.000000,DEPARTAMENTO,arriendo,agency
TT-2024-01-001703,toctoc,Ñuñoa ,Metropolitana,615000.0,CLP,36.1,2023-12-11 00:00:00.000000,2024-01-08 00:00:00.000000,Departamento,ARRIENDO,owner_direct
TT-2024-01-002415,toctoc,Las Condes,Metropolitana,33.78,UF,71.8,2023-11-26 00:00:00.000000,2024-01-15 00:00:00.000000,departamento,Arriendo,agency
TT-2024-01-001259,toctoc,Providencia,Metropolitana,26.62,UF,79.3,2023-12-22 00:00:00.000000,2024-01-08 00:00:00.000000,departamento,ARRIENDO,agency
TT-2024-01-001360,toctoc,Las Condes,Metropolitana,1115000.0,CLP,59.7,2023-08-13 00:00:00.000000,2024-01-08 00:00:00.000000,departamento,ARRIENDO,owner_direct
TT-2024-01-005271,toctoc,Estación Central,Metropolitana,550000.0,CLP,50.6,2024-01-11 00:00:00.000000,2024-01-29 00:00:00.000000,DEPARTAMENTO,ARRIENDO,agency
TT-2024-01-000158,toctoc,Ñuñoa,Metropolitana,14.73,UF,29.7,2023-12-11 00:00:00.000000,2024-01-01 00:00:00.000000,departamento,ARRIENDO,owner_direct
TT-2024-01-003666,toctoc,Pudahuel,Metropolitana,11.35,UF,47.4,2023-12-27 00:00:00.000000,2024-01-22 00:00:00.000000,departamento,ARRIENDO,agency
TT-2024-01-002030,toctoc,Independencia,Metropolitana,20.95,UF,83.4,2023-12-10 00:00:00.000000,2024-01-08 00:00:00.000000,DEPARTAMENTO,Arriendo,owner_direct
TT-2024-01-002155,toctoc,Estación Central,Metropolitana,13.65,UF,53.4,2023-12-03 00:00:00.000000,2024-01-08 00:00:00.000000,departamento,arriendo,agency
TT-2024-01-002191,toctoc,La Florida,Metropolitana,21.76,UF,84.0,2023-12-22 00:00:00.000000,2024-01-08 00:00:00.000000,departamento,arriendo,agency
TT-2024-01-000891,toctoc,Quilicura,Metropolitana,9.59,UF,41.2,2023-12-25 00:00:00.000000,2024-01-01 00:00:00.000000,departamento,ARRIENDO,agency
TT-2024-01-001767,toctoc,Cerrillos,Metropolitana,12.84,UF,42.8,2023-09-20 00:00:00.000000,2024-01-08 00:00:00.000000,Departamento,Arriendo,owner_direct
TT-2024-01-003250,toctoc,Macul,Metropolitana,885000.0,CLP,103.9,2024-01-01 00:00:00.000000,2024-01-15 00:00:00.000000,Departamento,Arriendo,agency
TT-2024-01-004022,toctoc,LA FLORIDA,Metropolitana,13.51,UF,42.5,2024-01-12 00:00:00.000000,2024-01-22 00:00:00.000000,departamento,ARRIENDO,agency
TT-2024-01-000444,toctoc,Recoleta,Metropolitana,12.03,UF,44.2,2023-11-29 00:00:00.000000,2024-01-01 00:00:00.000000,Departamento,Arriendo,agency
TT-2024-01-000724,toctoc,Puente Alto,Metropolitana,12.16,UF,54.4,2023-11-19 00:00:00.000000,2024-01-01 00:00:00.000000,DEPARTAMENTO,ARRIENDO,agency
TT-2024-01-003578,toctoc,Quinta Normal,Metropolitana,410000.0,CLP,48.4,2024-01-12 00:00:00.000000,2024-01-22 00:00:00.000000,departamento,ARRIENDO,agency
TT-2024-01-004077,toctoc,Macul,Metropolitana,565000.0,CLP,32.7,2024-01-02 00:00:00.000000,2024-01-22 00:00:00.000000,Departamento,Arriendo,agency
TT-2024-01-000634,toctoc,Las Condes,Metropolitana,1305000.0,CLP,69.9,2023-12-22 00:00:00.000000,2024-01-01 00:00:00.000000,DEPARTAMENTO,arriendo,owner_direct
TT-2024-01-002551,toctoc,Macul,Metropolitana,595000.0,CLP,57.4,2024-01-06 00:00:00.000000,2024-01-15 00:00:00.000000,DEPARTAMENTO,Arriendo,agency
TT-2024-01-005026,toctoc,Macul,Metropolitana,14.46,UF,40.4,2024-01-27 00:00:00.000000,2024-01-29 00:00:00.000000,departamento,ARRIENDO,owner_direct
TT-2024-01-005183,toctoc,Pudahuel,Metropolitana,12.97,UF,58.3,2023-08-31 00:00:00.000000,2024-01-29 00:00:00.000000,DEPARTAMENTO,arriendo,agency
TT-2024-01-000640,toctoc,Ñuñoa,Metropolitana,465000.0,CLP,12.0,2023-12-20 00:00:00.000000,2024-01-01 00:00:00.000000,DEPARTAMENTO,arriendo,agency
TT-2024-01-004335,toctoc,San Miguel,Metropolitana,12.7,UF,36.0,2023-11-19 00:00:00.000000,2024-01-22 00:00:00.000000,departamento,Arriendo,agency
TT-2024-01-002931,toctoc,Pudahuel,Metropolitana,925000.0,CLP,115.1,2024-01-09 00:00:00.000000,2024-01-15 00:00:00.000000,departamento,Arriendo,agency
TT-2024-01-002553,toctoc,Quilicura,Metropolitana,9.19,UF,32.4,2023-12-13 00:00:00.000000,2024-01-15 00:00:00.000000,DEPARTAMENTO,ARRIENDO,owner_direct
TT-2024-01-004153,toctoc,Santiago,Metropolitana,14.59,UF,39.8,2024-01-09 00:00:00.000000,2024-01-22 00:00:00.000000,DEPARTAMENTO,Arriendo,agency
TT-2024-01-000151,toctoc,LA FLORIDA,Metropolitana,20.41,UF,75.9,2023-12-09 00:00:00.000000,2024-01-01 00:00:00.000000,departamento,arriendo,agency
TT-2024-01-001410,toctoc,Estación Central,Metropolitana,4020000.0,CLP,45.0,2024-01-07 00:00:00.000000,2024-01-08 00:00:00.000000,DEPARTAMENTO,arriendo,agency
TT-2024-01-005053,toctoc,Las Condes,Metropolitana,27.3,UF,42.4,2024-01-23 00:00:00.000000,2024-01-29 00:00:00.000000,Departamento,ARRIENDO,agency
TT-2024-01-000005,toctoc,Providencia,Metropolitana,24.32,UF,58.2,2023-12-25 00:00:00.000000,2024-01-01 00:00:00.000000,departamento,arriendo,owner_direct
TT-2024-01-005432,toctoc,La Cisterna,Metropolitana,9.86,UF,37.9,2024-01-16 00:00:00.000000,2024-01-29 00:00:00.000000,DEPARTAMENTO,ARRIENDO,agency
TT-2024-01-000928,toctoc,Estación Central,Metropolitana,16.76,UF,76.6,2023-12-02 00:00:00.000000,2024-01-01 00:00:00.000000,departamento,ARRIENDO,agency
TT-2024-01-002297,toctoc,Ñuñoa,Metropolitana,17.16,UF,39.6,2023-12-14 00:00:00.000000,2024-01-08 00:00:00.000000,departamento,arriendo,owner_direct
TT-2024-01-001020,toctoc,Peñalolén,Metropolitana,410000.0,CLP,31.0,2023-12-14 00:00:00.000000,2024-01-01 00:00:00.000000,departamento,ARRIENDO,agency
TT-2024-01-003917,toctoc,Las Condes,Metropolitana,1095000.0,CLP,57.7,2023-12-31 00:00:00.000000,2024-01-22 00:00:00.000000,departamento,arriendo,agency
TT-2024-01-002431,toctoc,Maipú,Metropolitana,14.46,UF,56.4,2024-01-04 00:00:00.000000,2024-01-15 00:00:00.000000,Departamento,Arriendo,agency
TT-2024-01-005452,toctoc,Cerrillos,Metropolitana,11.35,UF,39.5,2024-01-09 00:00:00.000000,2024-01-29 00:00:00.000000,departamento,ARRIENDO,agency
TT-2024-01-002823,toctoc,Lo Barnechea,Metropolitana,18.51,UF,42.7,2023-12-22 00:00:00.000000,2024-01-15 00:00:00.000000,Departamento,ARRIENDO,agency
TT-2024-01-001067,toctoc,Macul,Metropolitana,15.41,UF,49.1,2023-10-27 00:00:00.000000,2024-01-01 00:00:00.000000,Departamento,Arriendo,owner_direct
TT-2024-01-005165,toctoc,Las Condes,Metropolitana,25.0,UF,50.5,2023-09-13 00:00:00.000000,2024-01-29 00:00:00.000000,departamento,arriendo,owner_direct
TT-2024-01-003665,toctoc,Providencia,Metropolitana,25.81,UF,46.3,2024-01-05 00:00:00.000000,2024-01-22 00:00:00.000000,DEPARTAMENTO,ARRIENDO,owner_direct
TT-2024-01-002234,toctoc,Macul,Metropolitana,445000.0,CLP,33.3,2023-12-21 00:00:00.000000,2024-01-08 00:00:00.000000,Departamento,arriendo,owner_direct
TT-2024-01-002580,toctoc,Santiago,Metropolitana,22.3,UF,84.5,2023-12-15 00:00:00.000000,2024-01-15 00:00:00.000000,Departamento,arriendo,owner_direct
TT-2024-01-000018,toctoc,Ñuñoa,Metropolitana,550000.0,CLP,24.1,2023-06-30 00:00:00.000000,2024-01-01 00:00:00.000000,departamento,Arriendo,owner_direct
TT-2024-01-000462,toctoc,La Florida,Metropolitana,650000.0,CLP,61.7,2023-12-22 00:00:00.000000,2024-01-01 00:00:00.000000,Departamento,Arriendo,agency
TT-2024-01-004389,toctoc,Recoleta,Metropolitana,315000.0,CLP,31.5,2023-12-26 00:00:00.000000,2024-01-29 00:00:00.000000,DEPARTAMENTO,arriendo,agency
TT-2024-01-004268,toctoc,Ñuñoa,Metropolitana,28.11,UF,84.6,2023-12-12 00:00:00.000000,2024-01-22 00:00:00.000000,Departamento,arriendo,owner_direct
TT-2024-01-001798,toctoc,Independencia,Metropolitana,585000.0,CLP,63.5,2023-12-19 00:00:00.000000,2024-01-08 00:00:00.000000,departamento,Arriendo,owner_direct
TT-2024-01-004004,toctoc,Pudahuel,Metropolitana,475000.0,CLP,50.2,2023-12-28 00:00:00.000000,2024-01-22 00:00:00.000000,departamento,arriendo,agency
TT-2024-01-001600,toctoc,Macul,Metropolitana,650000.0,CLP,54.5,2024-01-01 00:00:00.000000,2024-01-08 00:00:00.000000,Departamento,Arriendo,agency
TT-2024-01-001284,toctoc,Independencia,Metropolitana,510000.0,CLP,57.2,2023-12-15 00:00:00.000000,2024-01-08 00:00:00.000000,DEPARTAMENTO,arriendo,agency
TT-2024-01-003786,toctoc,Independencia,Metropolitana,385000.0,CLP,29.1,2024-01-10 00:00:00.000000,2024-01-22 00:00:00.000000,departamento,arriendo,owner_direct
TT-2024-01-002027,toctoc,Conchalí,Metropolitana,400000.0,CLP,32.9,2023-12-14 00:00:00.000000,2024-01-08 00:00:00.000000,departamento,arriendo,agency
TT-2024-01-002026,toctoc,Huechuraba,Metropolitana,585000.0,CLP,56.5,2023-12-22 00:00:00.000000,2024-01-08 00:00:00.000000,departamento,ARRIENDO,agency
TT-2024-01-000416,toctoc,Ñuñoa,Metropolitana,23.65,UF,60.2,2023-08-10 00:00:00.000000,2024-01-01 00:00:00.000000,Departamento,ARRIENDO,agency
TT-2024-01-002199,toctoc,Cerrillos,Metropolitana,9.86,UF,30.0,2023-12-23 00:00:00.000000,2024-01-08 00:00:00.000000,Departamento,ARRIENDO,agency
TT-2024-01-003081,toctoc,La Reina,Metropolitana,26.22,UF,52.3,2023-12-31 00:00:00.000000,2024-01-15 00:00:00.000000,departamento,Arriendo,owner_direct
TT-2024-01-004246,toctoc,Macul,Metropolitana,880000.0,CLP,100.7,2024-01-12 00:00:00.000000,2024-01-22 00:00:00.000000,departamento,Arriendo,agency
TT-2024-01-001475,toctoc,San Miguel,Metropolitana,14.05,UF,45.3,2023-12-30 00:00:00.000000,2024-01-08 00:00:00.000000,Departamento,ARRIENDO,owner_direct
TT-2024-01-003051,toctoc,Lo Barnechea,Metropolitana,28.24,UF,47.7,2023-12-23 00:00:00.000000,2024-01-15 00:00:00.000000,Departamento,arriendo,agency
TT-2024-01-003493,toctoc,CONCHALÍ,Metropolitana,18.24,UF,100.3,2023-08-20 00:00:00.000000,2024-01-22 00:00:00.000000,departamento,arriendo,agency
TT-2024-01-002866,toctoc,La Florida,Metropolitana,13.24,UF,38.6,2023-12-04 00:00:00.000000,2024-01-15 00:00:00.000000,Departamento,arriendo,owner_direct
TT-2024-01-003895,toctoc,Peñalolén,Metropolitana,630000.0,CLP,61.6,2024-01-08 00:00:00.000000,2024-01-22 00:00:00.000000,departamento,Arriendo,agency
TT-2024-01-000987,toctoc,Quinta Normal,Metropolitana,16.89,UF,66.0,2023-12-11 00:00:00.000000,2024-01-01 00:00:00.000000,departamento,Arriendo,agency
TT-2024-01-002434,toctoc,Santiago,Metropolitana,545000.0,CLP,46.1,2023-12-08 00:00:00.000000,2024-01-15 00:00:00.000000,DEPARTAMENTO,ARRIENDO,owner_direct
TT-2024-01-001100,toctoc,La Reina,Metropolitana,20.54,UF,42.3,2023-12-14 00:00:00.000000,2024-01-01 00:00:00.000000,DEPARTAMENTO,ARRIENDO,agency
TT-2024-01-001328,toctoc,Renca,Metropolitana,385000.0,CLP,27.6,2023-11-19 00:00:00.000000,2024-01-08 00:00:00.000000,DEPARTAMENTO,ARRIENDO,owner_direct
TT-2024-01-001064,toctoc,Puente Alto,Metropolitana,455000.0,CLP,49.9,2023-12-20 00:00:00.000000,2024-01-01 00:00:00.000000,Departamento,arriendo,agency
TT-2024-01-004329,toctoc,Estación Central,Metropolitana,980000.0,CLP,160.0,2024-01-19 00:00:00.000000,2024-01-22 00:00:00.000000,departamento,Arriendo,owner_direct
TT-2024-01-000114,toctoc,Santiago,Metropolitana,605000.0,CLP,58.2,2023-12-19 00:00:00.000000,2024-01-01 00:00:00.000000,departamento,arriendo,agency
TT-2024-01-003644,toctoc,PEÑALOLÉN,Metropolitana,12.3,UF,44.9,2023-12-14 00:00:00.000000,2024-01-22 00:00:00.000000,DEPARTAMENTO,ARRIENDO,agency
TT-2024-01-005086,toctoc,San Miguel,Metropolitana,645000.0,CLP,58.6,2024-01-08 00:00:00.000000,2024-01-29 00:00:00.000000,departamento,arriendo,owner_direct
TT-2024-01-002461,toctoc,Macul,Metropolitana,15.81,UF,41.8,2023-07-27 00:00:00.000000,2024-01-15 00:00:00.000000,DEPARTAMENTO,Arriendo,agency
TT-2024-01-003916,toctoc,Estación Central,Metropolitana,11.49,UF,44.6,2023-12-20 00:00:00.000000,2024-01-22 00:00:00.000000,DEPARTAMENTO,arriendo,agency
TT-2024-01-002173,toctoc,Macul,Metropolitana,26.22,UF,97.4,2023-10-15 00:00:00.000000,2024-01-08 00:00:00.000000,Departamento,arriendo,agency
TT-2024-01-000465,toctoc,Las Condes,Metropolitana,1150000.0,CLP,59.7,2023-11-10 00:00:00.000000,2024-01-01 00:00:00.000000,DEPARTAMENTO,Arriendo,owner_direct
TT-2024-01-003563,toctoc,Macul,Metropolitana,15.27,UF,42.5,2023-12-19 00:00:00.000000,2024-01-22 00:00:00.000000,DEPARTAMENTO,arriendo,owner_direct
TT-2024-01-003816,toctoc,Las Condes,Metropolitana,1185000.0,CLP,47.1,2023-12-15 00:00:00.000000,2024-01-22 00:00:00.000000,DEPARTAMENTO,Arriendo,agency
TT-2024-01-001612,toctoc,Ñuñoa,Metropolitana,1120000.0,CLP,96.1,2023-12-01 00:00:00.000000,2024-01-08 00:00:00.000000,DEPARTAMENTO,arriendo,agency
TT-2024-01-002346,toctoc,Huechuraba,Metropolitana,19.32,UF,68.1,2023-12-26 00:00:00.000000,2024-01-08 00:00:00.000000,Departamento,arriendo,agency
TT-2024-01-003292,toctoc,Providencia,Metropolitana,860000.0,CLP,41.7,2023-12-16 00:00:00.000000,2024-01-22 00:00:00.000000,DEPARTAMENTO,ARRIENDO,owner_direct
TT-2024-01-001597,toctoc,Ñuñoa,Metropolitana,262.84,UF,65.4,2023-12-19 00:00:00.000000,2024-01-08 00:00:00.000000,departamento,Arriendo,owner_direct
TT-2024-01-001109,toctoc,Santiago,Metropolitana,27.43,UF,102.5,2023-11-19 00:00:00.000000,2024-01-01 00:00:00.000000,DEPARTAMENTO,Arriendo,agency
TT-2024-01-003102,toctoc,Macul,Metropolitana,19.32,UF,53.3,2024-01-05 00:00:00.000000,2024-01-15 00:00:00.000000,DEPARTAMENTO,ARRIENDO,owner_direct
TT-2024-01-004504,toctoc,Providencia,Metropolitana,32.7,UF,71.4,2023-12-15 00:00:00.000000,2024-01-29 00:00:00.000000,Departamento,ARRIENDO,owner_direct
TT-2024-01-004991,toctoc,Macul,Metropolitana,19.19,UF,68.6,2024-01-11 00:00:00.000000,2024-01-29 00:00:00.000000,Departamento,Arriendo,agency
TT-2024-01-005159,toctoc,La Reina,Metropolitana,740000.0,CLP,45.7,2024-01-18 00:00:00.000000,2024-01-29 00:00:00.000000,departamento,ARRIENDO,agency
TT-2024-01-004724,toctoc,Macul,Metropolitana,455000.0,CLP,31.0,2023-10-03 00:00:00.000000,2024-01-29 00:00:00.000000,Departamento,Arriendo,agency
TT-2024-01-000200,toctoc,Vitacura,Metropolitana,54.46,UF,100.5,2023-10-19 00:00:00.000000,2024-01-01 00:00:00.000000,DEPARTAMENTO,ARRIENDO,agency
TT-2024-01-005283,toctoc,Renca,Metropolitana,385000.0,CLP,31.9,2023-08-14 00:00:00.000000,2024-01-29 00:00:00.000000,departamento,arriendo,agency
TT-2024-01-002605,toctoc,Ñuñoa,Metropolitana,1420000.0,CLP,111.7,2023-12-31 00:00:00.000000,2024-01-15 00:00:00.000000,departamento,arriendo,agency
TT-2024-01-000339,toctoc,Macul,Metropolitana,520000.0,CLP,45.0,2023-12-19 00:00:00.000000,2024-01-01 00:00:00.000000,departamento,arriendo,owner_direct
TT-2024-01-001836,toctoc,Las Condes,Metropolitana,33.65,UF,84.9,2023-12-31 00:00:00.000000,2024-01-08 00:00:00.000000,departamento,ARRIENDO,agency
TT-2024-01-001229,toctoc,Santiago,Metropolitana,470000.0,CLP,31.4,2023-11-15 00:00:00.000000,2024-01-08 00:00:00.000000,departamento,ARRIENDO,agency
TT-2024-01-004709,toctoc,Huechuraba,Metropolitana,17.3,UF,43.8,2024-01-01 00:00:00.000000,2024-01-29 00:00:00.000000,DEPARTAMENTO,ARRIENDO,agency
TT-2024-01-002274,toctoc,Pudahuel,Metropolitana,13.65,UF,52.5,2024-01-01 00:00:00.000000,2024-01-08 00:00:00.000000,DEPARTAMENTO,arriendo,agency
TT-2024-01-002429,toctoc,Estación Central,Metropolitana,12.3,UF,54.4,2023-12-18 00:00:00.000000,2024-01-15 00:00:00.000000,departamento,arriendo,agency
TT-2024-01-000425,toctoc,La Cisterna,Metropolitana,640000.0,CLP,80.2,2023-11-21 00:00:00.000000,2024-01-01 00:00:00.000000,DEPARTAMENTO,ARRIENDO,owner_direct
TT-2024-01-000677,toctoc,Santiago,Metropolitana,835000.0,CLP,79.0,2023-10-07 00:00:00.000000,2024-01-01 00:00:00.000000,departamento,Arriendo,owner_direct
TT-2024-01-004749,toctoc,Quinta Normal,Metropolitana,19.05,UF,103.5,2023-12-03 00:00:00.000000,2024-01-29 00:00:00.000000,Departamento,Arriendo,owner_direct
TT-2024-01-002401,toctoc,Providencia,Metropolitana,22.03,UF,46.0,2023-12-06 00:00:00.000000,2024-01-15 00:00:00.000000,DEPARTAMENTO,Arriendo,agency
TT-2024-01-001295,toctoc,Macul,Metropolitana,660000.0,CLP,60.5,2024-01-05 00:00:00.000000,2024-01-08 00:00:00.000000,DEPARTAMENTO,ARRIENDO,agency
TT-2024-01-002157,toctoc,Providencia,Metropolitana,25.95,UF,43.9,2024-01-01 00:00:00.000000,2024-01-08 00:00:00.000000,departamento,Arriendo,agency
TT-2024-01-000551,toctoc,La Florida,Metropolitana,715000.0,CLP,73.3,2023-12-04 00:00:00.000000,2024-01-01 00:00:00.000000,DEPARTAMENTO,Arriendo,owner_direct
TT-2024-01-005085,toctoc,Recoleta,Metropolitana,540000.0,CLP,44.3,2024-01-20 00:00:00.000000,2024-01-29 00:00:00.000000,Departamento,Arriendo,agency
TT-2024-01-005027,toctoc,Estación Central,Metropolitana,13.51,UF,40.5,2023-12-25 00:00:00.000000,2024-01-29 00:00:00.000000,departamento,Arriendo,owner_direct
TT-2024-01-002537,toctoc,Conchalí,Metropolitana,36.62,UF,43.5,2024-01-12 00:00:00.000000,2024-01-15 00:00:00.000000,Departamento,Arriendo,agency
TT-2024-01-003806,toctoc,Quinta Normal,Metropolitana,625000.0,CLP,80.1,2024-01-05 00:00:00.000000,2024-01-22 00:00:00.000000,departamento,ARRIENDO,agency
TT-2024-01-000399,toctoc,San Miguel,Metropolitana,12.43,UF,26.9,2023-12-24 00:00:00.000000,2024-01-01 00:00:00.000000,DEPARTAMENTO,Arriendo,agency
TT-2024-01-003655,toctoc,Santiago,Metropolitana,440000.0,CLP,30.0,2024-01-14 00:00:00.000000,2024-01-22 00:00:00.000000,departamento,Arriendo,agency
TT-2024-01-001917,toctoc,La Florida,Metropolitana,605000.0,CLP,59.8,2023-11-25 00:00:00.000000,2024-01-08 00:00:00.000000,departamento,ARRIENDO,owner_direct
TT-2024-01-003342,toctoc,Estación Central,Metropolitana,410000.0,CLP,38.8,2023-11-23 00:00:00.000000,2024-01-22 00:00:00.000000,DEPARTAMENTO,ARRIENDO,owner_direct
TT-2024-01-005305,toctoc,Las Condes,Metropolitana,875000.0,CLP,40.4,2024-01-09 00:00:00.000000,2024-01-29 00:00:00.000000,departamento,Arriendo,owner_direct
TT-2024-01-001148,toctoc,San Miguel,Metropolitana,755000.0,CLP,74.4,2023-12-10 00:00:00.000000,2024-01-01 00:00:00.000000,DEPARTAMENTO,arriendo,agency
TT-2024-01-004841,toctoc,Lo Barnechea,Metropolitana,785000.0,CLP,42.8,2024-01-15 00:00:00.000000,2024-01-29 00:00:00.000000,DEPARTAMENTO,ARRIENDO,agency
TT-2024-01-000972,toctoc,Santiago,Metropolitana,17.16,UF,39.7,2023-11-16 00:00:00.000000,2024-01-01 00:00:00.000000,departamento,arriendo,agency
TT-2024-01-004081,toctoc,estación central,Metropolitana,365000.0,CLP,31.6,2024-01-10 00:00:00.000000,2024-01-22 00:00:00.000000,DEPARTAMENTO,ARRIENDO,owner_direct
TT-2024-01-005083,toctoc,Santiago,Metropolitana,720000.0,CLP,61.2,2023-12-29 00:00:00.000000,2024-01-29 00:00:00.000000,departamento,Arriendo,owner_direct
TT-2024-01-003766,toctoc,Peñalolén,Metropolitana,495000.0,CLP,43.7,2023-08-16 00:00:00.000000,2024-01-22 00:00:00.000000,Departamento,Arriendo,owner_direct
TT-2024-01-000289,toctoc,Santiago,Metropolitana,16.08,UF,47.7,2023-07-23 00:00:00.000000,2024-01-01 00:00:00.000000,Departamento,ARRIENDO,agency
TT-2024-01-002291,toctoc,La Florida,Metropolitana,11.22,UF,30.7,2023-12-27 00:00:00.000000,2024-01-08 00:00:00.000000,DEPARTAMENTO,Arriendo,agency
TT-2024-01-000523,toctoc,Providencia,Metropolitana,26.08,UF,45.2,2023-11-29 00:00:00.000000,2024-01-01 00:00:00.000000,DEPARTAMENTO,ARRIENDO,
TT-2024-01-003435,toctoc,Providencia,Metropolitana,925000.0,CLP,39.2,2024-01-06 00:00:00.000000,2024-01-22 00:00:00.000000,departamento,arriendo,
TT-2024-01-004343,toctoc,Ñuñoa,Metropolitana,20.95,UF,54.3,2024-01-08 00:00:00.000000,2024-01-22 00:00:00.000000,Departamento,ARRIENDO,owner_direct
TT-2024-01-004498,toctoc,Puente Alto,Metropolitana,365000.0,CLP,35.7,2023-12-26 00:00:00.000000,2024-01-29 00:00:00.000000,departamento,arriendo,owner_direct
TT-2024-01-001741,toctoc,Las Condes,Metropolitana,29.19,UF,60.2,2023-12-29 00:00:00.000000,2024-01-08 00:00:00.000000,departamento,ARRIENDO,owner_direct
TT-2024-01-001839,toctoc,Santiago,Metropolitana,13.24,UF,28.9,2023-12-28 00:00:00.000000,2024-01-08 00:00:00.000000,departamento,arriendo,agency
TT-2024-01-003732,toctoc,San Joaquín,Metropolitana,13.92,UF,48.0,2024-01-14 00:00:00.000000,2024-01-22 00:00:00.000000,departamento,arriendo,owner_direct
TT-2024-01-000097,toctoc,La Florida,Metropolitana,16.35,UF,58.4,2023-12-06 00:00:00.000000,2024-01-01 00:00:00.000000,DEPARTAMENTO,ARRIENDO,owner_direct
TT-2024-01-002858,toctoc,Macul,Metropolitana,750000.0,CLP,72.6,2023-12-20 00:00:00.000000,2024-01-15 00:00:00.000000,departamento,ARRIENDO,
TT-2024-01-001609,toctoc,Quinta Normal,Metropolitana,450000.0,CLP,34.3,2023-12-14 00:00:00.000000,2024-01-08 00:00:00.000000,Departamento,Arriendo,owner_direct
TT-2024-01-002601,toctoc, Ñuñoa,Metropolitana,16.08,UF,38.7,2023-12-29 00:00:00.000000,2024-01-15 00:00:00.000000,DEPARTAMENTO,arriendo,agency
TT-2024-01-000059,toctoc,Conchalí,Metropolitana,12.7,UF,51.3,2023-12-09 00:00:00.000000,2024-01-01 00:00:00.000000,Departamento,ARRIENDO,agency
TT-2024-01-004267,toctoc,Quilicura,Metropolitana,420000.0,CLP,40.3,2024-01-16 00:00:00.000000,2024-01-22 00:00:00.000000,Departamento,arriendo,agency
TT-2024-01-001130,toctoc,Providencia,Metropolitana,905000.0,CLP,53.5,2023-12-10 00:00:00.000000,2024-01-01 00:00:00.000000,DEPARTAMENTO,ARRIENDO,owner_direct
TT-2024-01-003301,toctoc,Estación Central,Metropolitana,460000.0,CLP,49.1,2023-12-14 00:00:00.000000,2024-01-22 00:00:00.000000,DEPARTAMENTO,arriendo,owner_direct
TT-2024-01-001351,toctoc,Estación Central,Metropolitana,545000.0,CLP,66.6,2023-12-18 00:00:00.000000,2024-01-08 00:00:00.000000,Departamento,arriendo,agency
TT-2024-01-001154,toctoc,La Florida,Metropolitana,14.46,UF,42.0,2023-11-29 00:00:00.000000,2024-01-01 00:00:00.000000,DEPARTAMENTO,ARRIENDO,agency
TT-2024-01-002595,toctoc,La Florida,Metropolitana,530000.0,CLP,53.9,2024-01-11 00:00:00.000000,2024-01-15 00:00:00.000000,DEPARTAMENTO,arriendo,agency
TT-2024-01-004548,toctoc,Maipú,Metropolitana,700000.0,CLP,90.3,2024-01-28 00:00:00.000000,2024-01-29 00:00:00.000000,Departamento,arriendo,agency
TT-2024-01-001263,toctoc,Conchalí,Metropolitana,13.92,UF,45.5,2023-12-24 00:00:00.000000,2024-01-08 00:00:00.000000,departamento,arriendo,owner_direct
TT-2024-01-003358,toctoc,La Reina,Metropolitana,1335000.0,CLP,93.7,2023-10-26 00:00:00.000000,2024-01-22 00:00:00.000000,DEPARTAMENTO,Arriendo,agency
TT-2024-01-001925,toctoc,Huechuraba,Metropolitana,20.81,UF,81.5,2023-12-02 00:00:00.000000,2024-01-08 00:00:00.000000,DEPARTAMENTO,Arriendo,agency
TT-2024-01-001957,toctoc,Lo Barnechea,Metropolitana,32.57,UF,80.6,2023-12-18 00:00:00.000000,2024-01-08 00:00:00.000000,DEPARTAMENTO,arriendo,agency
TT-2024-01-005433,toctoc,Independencia,Metropolitana,425000.0,CLP,37.9,2024-01-18 00:00:00.000000,2024-01-29 00:00:00.000000,DEPARTAMENTO,arriendo,agency
TT-2024-01-000502,toctoc,La Florida,Metropolitana,13.65,UF,44.2,2023-08-10 00:00:00.000000,2024-01-01 00:00:00.000000,DEPARTAMENTO,ARRIENDO,agency
TT-2024-01-000944,toctoc,Macul,Metropolitana,14.59,UF,41.2,2023-12-12 00:00:00.000000,2024-01-01 00:00:00.000000,departamento,ARRIENDO,agency
TT-2024-01-001136,toctoc,Huechuraba,Metropolitana,665000.0,CLP,55.4,2023-11-20 00:00:00.000000,2024-01-01 00:00:00.000000,Departamento,arriendo,agency
TT-2024-01-002815,toctoc,Santiago,Metropolitana,13.92,UF,30.6,2024-01-03 00:00:00.000000,2024-01-15 00:00:00.000000,Departamento,Arriendo,owner_direct
TT-2024-01-001912,toctoc,Quinta Normal,Metropolitana,12.3,UF,37.6,2023-12-04 00:00:00.000000,2024-01-08 00:00:00.000000,DEPARTAMENTO,Arriendo,agency
TT-2024-01-002184,toctoc,Estación Central,Metropolitana,19.46,UF,85.4,2023-12-17 00:00:00.000000,2024-01-08 00:00:00.000000,departamento,arriendo,owner_direct
TT-2024-01-002871,toctoc,Recoleta,Metropolitana,420000.0,CLP,36.6,2023-12-30 00:00:00.000000,2024-01-15 00:00:00.000000,Departamento,ARRIENDO,agency
TT-2024-01-002801,toctoc,Estación Central,Metropolitana,17.3,UF,69.7,2023-12-31 00:00:00.000000,2024-01-15 00:00:00.000000,DEPARTAMENTO,ARRIENDO,agency
TT-2024-01-005374,toctoc,Macul,Metropolitana,12.97,UF,52.8,2024-01-21 00:00:00.000000,2024-01-29 00:00:00.000000,Departamento,Arriendo,owner_direct
TT-2024-01-000204,toctoc,Quinta Normal,Metropolitana,15.27,UF,64.8,2023-11-08 00:00:00.000000,2024-01-01 00:00:00.000000,Departamento,arriendo,owner_direct
TT-2024-01-001502,toctoc,Las Condes,Metropolitana,855000.0,CLP,31.7,2023-12-25 00:00:00.000000,2024-01-08 00:00:00.000000,Departamento,arriendo,agency
TT-2024-01-002622,toctoc,Ñuñoa,Metropolitana,16.62,UF,51.3,2023-12-20 00:00:00.000000,2024-01-15 00:00:00.000000,departamento,ARRIENDO,agency
TT-2024-01-000487,toctoc,La Florida,Metropolitana,14.86,UF,53.5,2023-11-23 00:00:00.000000,2024-01-01 00:00:00.000000,DEPARTAMENTO,ARRIENDO,owner_direct
TT-2024-01-002787,toctoc,Independencia,Metropolitana,435000.0,CLP,33.2,2023-12-12 00:00:00.000000,2024-01-15 00:00:00.000000,DEPARTAMENTO,Arriendo,agency
TT-2024-01-003944,toctoc,Santiago,Metropolitana,23.38,UF,67.2,2023-12-27 00:00:00.000000,2024-01-22 00:00:00.000000,departamento,ARRIENDO,agency
TT-2024-01-003585,toctoc,Las Condes,Metropolitana,27.3,UF,57.4,2023-10-26 00:00:00.000000,2024-01-22 00:00:00.000000,Departamento,Arriendo,owner_direct
TT-2024-01-002915,toctoc,Recoleta,Metropolitana,12.97,UF,56.0,2023-12-30 00:00:00.000000,2024-01-15 00:00:00.000000,Departamento,ARRIENDO,agency
TT-2024-01-004020,toctoc,Estación Central,Metropolitana,13.38,UF,57.3,2023-12-15 00:00:00.000000,2024-01-22 00:00:00.000000,Departamento,ARRIENDO,owner_direct
TT-2024-01-002972,toctoc,La Florida,Metropolitana,10.0,UF,24.9,2024-01-01 00:00:00.000000,2024-01-15 00:00:00.000000,Departamento,ARRIENDO,agency
TT-2024-01-001981,toctoc,Santiago,Metropolitana,12.03,UF,41.0,2023-12-04 00:00:00.000000,2024-01-08 00:00:00.000000,DEPARTAMENTO,arriendo,agency
TT-2024-01-000504,toctoc,Santiago,Metropolitana,20.14,UF,61.6,2023-12-23 00:00:00.000000,2024-01-01 00:00:00.000000,DEPARTAMENTO,ARRIENDO,owner_direct
TT-2024-01-004898,toctoc,Maipú,Metropolitana,555000.0,CLP,47.7,2023-12-14 00:00:00.000000,2024-01-29 00:00:00.000000,departamento,Arriendo,agency
TT-2024-01-004863,toctoc,Santiago,Metropolitana,36.08,UF,130.6,2024-01-16 00:00:00.000000,2024-01-29 00:00:00.000000,Departamento,ARRIENDO,agency
TT-2024-01-000888,toctoc,Providencia,Metropolitana,20.54,UF,36.6,2023-12-06 00:00:00.000000,2024-01-01 00:00:00.000000,DEPARTAMENTO,Arriendo,owner_direct
TT-2024-01-002550,toctoc, San Miguel,Metropolitana,18.78,UF,62.1,2023-12-22 00:00:00.000000,2024-01-15 00:00:00.000000,Departamento,arriendo,agency
TT-2024-01-003445,toctoc,Las Condes,Metropolitana,29.86,UF,68.5,2024-01-07 00:00:00.000000,2024-01-22 00:00:00.000000,departamento,arriendo,agency
TT-2024-01-004933,toctoc,San Miguel,Metropolitana,14.73,UF,35.1,2024-01-14 00:00:00.000000,2024-01-29 00:00:00.000000,DEPARTAMENTO,ARRIENDO,owner_direct
TT-2024-01-003466,toctoc,Santiago,Metropolitana,550000.0,CLP,47.5,2023-12-24 00:00:00.000000,2024-01-22 00:00:00.000000,departamento,Arriendo,agency
TT-2024-01-000572,toctoc,San Joaquín,Metropolitana,15.81,UF,77.4,2023-09-18 00:00:00.000000,2024-01-01 00:00:00.000000,Departamento,Arriendo,agency
TT-2024-01-002625,toctoc,La Reina,Metropolitana,20.41,UF,45.0,2023-12-28 00:00:00.000000,2024-01-15 00:00:00.000000,DEPARTAMENTO,Arriendo,owner_direct
TT-2024-01-005307,toctoc,Recoleta,Metropolitana,505000.0,CLP,41.6,2023-12-29 00:00:00.000000,2024-01-29 00:00:00.000000,Departamento,ARRIENDO,agency
TT-2024-01-002450,toctoc,Ñuñoa,Metropolitana,560000.0,CLP,32.4,2023-12-16 00:00:00.000000,2024-01-15 00:00:00.000000,departamento,arriendo,agency
TT-2024-01-002000,toctoc,San Joaquín,Metropolitana,13.11,UF,43.0,2023-11-17 00:00:00.000000,2024-01-08 00:00:00.000000,DEPARTAMENTO,Arriendo,agency
TT-2024-01-005171,toctoc,San Miguel,Metropolitana,14.19,UF,36.8,2023-12-30 00:00:00.000000,2024-01-29 00:00:00.000000,Departamento,Arriendo,agency
TT-2024-01-001652,toctoc,Estación Central,Metropolitana,22.03,UF,123.6,2023-12-31 00:00:00.000000,2024-01-08 00:00:00.000000,Departamento,Arriendo,agency
TT-2024-01-003271,toctoc,San Miguel,Metropolitana,535000.0,CLP,43.4,2023-12-04 00:00:00.000000,2024-01-15 00:00:00.000000,DEPARTAMENTO,Arriendo,agency
TT-2024-01-001205,toctoc,La Florida,Metropolitana,535000.0,CLP,50.1,2023-12-29 00:00:00.000000,2024-01-08 00:00:00.000000,departamento,arriendo,agency
TT-2024-01-002229,toctoc,San Miguel,Metropolitana,11.89,UF,31.7,2023-12-31 00:00:00.000000,2024-01-08 00:00:00.000000,DEPARTAMENTO,arriendo,agency
TT-2024-01-004769,toctoc,SANTIAGO,Metropolitana,10.95,UF,36.4,2023-12-29 00:00:00.000000,2024-01-29 00:00:00.000000,Departamento,arriendo,agency
TT-2024-01-000063,toctoc,Estación Central,Metropolitana,685000.0,CLP,86.9,2023-11-05 00:00:00.000000,2024-01-01 00:00:00.000000,Departamento,ARRIENDO,owner_direct
TT-2024-01-004554,toctoc,Ñuñoa,Metropolitana,20.14,UF,54.0,2024-01-12 00:00:00.000000,2024-01-29 00:00:00.000000,departamento,Arriendo,agency
TT-2024-01-002272,toctoc,La Reina,Metropolitana,29.05,UF,91.4,2023-07-15 00:00:00.000000,2024-01-08 00:00:00.000000,Departamento,Arriendo,agency
TT-2024-01-003332,toctoc,Las Condes,Metropolitana,990000.0,CLP,63.5,2023-12-06 00:00:00.000000,2024-01-22 00:00:00.000000,DEPARTAMENTO,arriendo,agency
TT-2024-01-000822,toctoc,Estación Central,Metropolitana,14.19,UF,54.4,2023-12-18 00:00:00.000000,2024-01-01 00:00:00.000000,DEPARTAMENTO,arriendo,agency
TT-2024-01-003439,toctoc,Quinta Normal,Metropolitana,16.22,UF,61.6,2024-01-04 00:00:00.000000,2024-01-22 00:00:00.000000,Departamento,ARRIENDO,agency
TT-2024-01-000272,toctoc,Pudahuel,Metropolitana,9.05,UF,28.2,2023-12-25 00:00:00.000000,2024-01-01 00:00:00.000000,DEPARTAMENTO,ARRIENDO,agency
TT-2024-01-001347,toctoc,Santiago,Metropolitana,16.76,UF,37.6,2024-01-07 00:00:00.000000,2024-01-08 00:00:00.000000,Departamento,Arriendo,agency
TT-2024-01-003127,toctoc,Santiago,Metropolitana,450000.0,CLP,20.8,2023-07-05 00:00:00.000000,2024-01-15 00:00:00.000000,DEPARTAMENTO,ARRIENDO,owner_direct
TT-2024-01-004650,toctoc,Pudahuel,Metropolitana,17.43,UF,74.7,2023-10-29 00:00:00.000000,2024-01-29 00:00:00.000000,DEPARTAMENTO,ARRIENDO,owner_direct
TT-2024-01-003861,toctoc,Maipú,Metropolitana,390000.0,CLP,32.3,2024-01-10 00:00:00.000000,2024-01-22 00:00:00.000000,departamento,arriendo,
TT-2024-01-002025,toctoc,Estación Central,Metropolitana,17.57,UF,64.0,2023-12-08 00:00:00.000000,2024-01-08 00:00:00.000000,departamento,arriendo,owner_direct
TT-2024-01-005091,toctoc,Vitacura,Metropolitana,23.92,UF,38.7,2024-01-06 00:00:00.000000,2024-01-29 00:00:00.000000,departamento,ARRIENDO,owner_direct
TT-2024-01-003891,toctoc,Maipú ,Metropolitana,410000.0,CLP,34.0,2024-01-09 00:00:00.000000,2024-01-22 00:00:00.000000,Departamento,arriendo,agency
TT-2024-01-004432,toctoc,Ñuñoa,Metropolitana,23.11,UF,56.1,2024-01-06 00:00:00.000000,2024-01-29 00:00:00.000000,DEPARTAMENTO,arriendo,agency
TT-2024-01-004026,toctoc,San Miguel,Metropolitana,575000.0,CLP,56.6,2023-12-30 00:00:00.000000,2024-01-22 00:00:00.000000,DEPARTAMENTO,Arriendo,agency
TT-2024-01-001187,toctoc,San Miguel,Metropolitana,11.89,UF,42.5,2023-11-13 00:00:00.000000,2024-01-01 00:00:00.000000,Departamento,ARRIENDO,agency
TT-2024-01-000795,toctoc,San Miguel,Metropolitana,16.22,UF,44.1,2023-12-16 00:00:00.000000,2024-01-01 00:00:00.000000,Departamento,arriendo,agency
TT-2024-01-001706,toctoc,Ñuñoa,Metropolitana,21.22,UF,45.1,2023-12-11 00:00:00.000000,2024-01-08 00:00:00.000000,Departamento,Arriendo,agency
TT-2024-01-003677,toctoc,Providencia,Metropolitana,1025000.0,CLP,62.3,2023-11-30 00:00:00.000000,2024-01-22 00:00:00.000000,departamento,ARRIENDO,agency
TT-2024-01-004681,toctoc,Maipú,Metropolitana,360000.0,CLP,25.2,2024-01-13 00:00:00.000000,2024-01-29 00:00:00.000000,departamento,ARRIENDO,agency
TT-2024-01-001108,toctoc,La Reina,Metropolitana,20.14,UF,36.0,2023-12-19 00:00:00.000000,2024-01-01 00:00:00.000000,Departamento,arriendo,owner_direct
TT-2024-01-001378,toctoc,Estación Central,Metropolitana,13.51,UF,50.7,2023-12-28 00:00:00.000000,2024-01-08 00:00:00.000000,departamento,ARRIENDO,owner_direct
TT-2024-01-003807,toctoc,Quilicura,Metropolitana,10.81,UF,43.4,2024-01-05 00:00:00.000000,2024-01-22 00:00:00.000000,DEPARTAMENTO,Arriendo,agency
TT-2024-01-001142,toctoc,La Reina,Metropolitana,1015000.0,CLP,54.7,2023-12-10 00:00:00.000000,2024-01-01 00:00:00.000000,departamento,arriendo,owner_direct
TT-2024-01-000365,toctoc,Peñalolén,Metropolitana,10.27,UF,26.3,2023-12-01 00:00:00.000000,2024-01-01 00:00:00.000000,DEPARTAMENTO,ARRIENDO,agency
TT-2024-01-001375,toctoc,Macul,Metropolitana,595000.0,CLP,47.0,2023-12-30 00:00:00.000000,2024-01-08 00:00:00.000000,Departamento,arriendo,agency
TT-2024-01-001535,toctoc,Santiago,Metropolitana,640000.0,CLP,56.1,2023-12-01 00:00:00.000000,2024-01-08 00:00:00.000000,DEPARTAMENTO,arriendo,agency
TT-2024-01-003753,toctoc,Estación Central,Metropolitana,475000.0,CLP,70.5,2023-12-13 00:00:00.000000,2024-01-22 00:00:00.000000,DEPARTAMENTO,ARRIENDO,agency
TT-2024-01-000555,toctoc,Pudahuel,Metropolitana,14.05,UF,46.8,2023-12-04 00:00:00.000000,2024-01-01 00:00:00.000000,departamento,arriendo,agency
TT-2024-01-005356,toctoc,Macul,Metropolitana,14.19,UF,42.6,2023-12-14 00:00:00.000000,2024-01-29 00:00:00.000000,Departamento,arriendo,agency
TT-2024-01-001179,toctoc,Independencia,Metropolitana,445000.0,CLP,40.2,2023-12-23 00:00:00.000000,2024-01-01 00:00:00.000000,DEPARTAMENTO,arriendo,agency
TT-2024-01-002139,toctoc,Maipú,Metropolitana,10.95,UF,35.5,2023-10-30 00:00:00.000000,2024-01-08 00:00:00.000000,DEPARTAMENTO,arriendo,agency
TT-2024-01-002251,toctoc,La Cisterna,Metropolitana,10.14,UF,41.6,2023-12-10 00:00:00.000000,2024-01-08 00:00:00.000000,departamento,ARRIENDO,owner_direct
TT-2024-01-001756,toctoc, La Florida,Metropolitana,12.57,UF,44.2,2023-12-17 00:00:00.000000,2024-01-08 00:00:00.000000,DEPARTAMENTO,ARRIENDO,agency
TT-2024-01-001536,toctoc,Providencia,Metropolitana,690000.0,CLP,38.9,2023-12-26 00:00:00.000000,2024-01-08 00:00:00.000000,Departamento,ARRIENDO,agency
TT-2024-01-002620,toctoc,Maipú,Metropolitana,12.43,UF,43.8,2023-12-28 00:00:00.000000,2024-01-15 00:00:00.000000,DEPARTAMENTO,arriendo,agency
TT-2024-01-004762,toctoc,Santiago,Metropolitana,17.84,UF,60.9,2023-12-24 00:00:00.000000,2024-01-29 00:00:00.000000,departamento,Arriendo,agency
TT-2024-01-000466,toctoc,Las Condes,Metropolitana,825000.0,CLP,34.5,2023-11-23 00:00:00.000000,2024-01-01 00:00:00.000000,DEPARTAMENTO,arriendo,owner_direct
TT-2024-01-002203,toctoc,Conchalí,Metropolitana,530000.0,CLP,68.8,2023-11-18 00:00:00.000000,2024-01-08 00:00:00.000000,DEPARTAMENTO,ARRIENDO,owner_direct
TT-2024-01-004398,toctoc,La Cisterna,Metropolitana,6680000.0,CLP,999.0,2023-10-02 00:00:00.000000,2024-01-29 00:00:00.000000,departamento,ARRIENDO,agency
TT-2024-01-003124,toctoc,Recoleta,Metropolitana,10.27,UF,23.6,2023-11-01 00:00:00.000000,2024-01-15 00:00:00.000000,Departamento,Arriendo,agency
TT-2024-01-001508,toctoc,Huechuraba,Metropolitana,17.84,UF,53.0,2023-12-09 00:00:00.000000,2024-01-08 00:00:00.000000,Departamento,Arriendo,owner_direct
TT-2024-01-001624,toctoc,La Reina,Metropolitana,25.54,UF,61.9,2023-12-27 00:00:00.000000,2024-01-08 00:00:00.000000,DEPARTAMENTO,arriendo,agency
TT-2024-01-005094,toctoc,San Miguel,Metropolitana,11.76,UF,32.1,2023-12-13 00:00:00.000000,2024-01-29 00:00:00.000000,Departamento,ARRIENDO,agency
TT-2024-01-003924,toctoc,Ñuñoa,Metropolitana,635000.0,CLP,34.5,2024-01-15 00:00:00.000000,2024-01-22 00:00:00.000000,Departamento,Arriendo,owner_direct
TT-2024-01-000254,toctoc,Quilicura,Metropolitana,570000.0,CLP,72.6,2023-10-30 00:00:00.000000,2024-01-01 00:00:00.000000,DEPARTAMENTO,ARRIENDO,agency
TT-2024-01-004348,toctoc,Quinta Normal,Metropolitana,16.22,UF,53.1,2023-12-23 00:00:00.000000,2024-01-22 00:00:00.000000,Departamento,ARRIENDO,owner_direct
TT-2024-01-003733,toctoc,Providencia,Metropolitana,26.35,UF,54.6,2023-09-30 00:00:00.000000,2024-01-22 00:00:00.000000,DEPARTAMENTO,ARRIENDO,
TT-2024-01-002136,toctoc,Puente Alto,Metropolitana,395000.0,CLP,33.8,2023-12-24 00:00:00.000000,2024-01-08 00:00:00.000000,departamento,Arriendo,owner_direct
TT-2024-01-002955,toctoc,Estación Central,Metropolitana,12.57,UF,50.6,2024-01-06 00:00:00.000000,2024-01-15 00:00:00.000000,Departamento,Arriendo,agency
TT-2024-01-000892,toctoc,La Reina,Metropolitana,310.14,UF,1200.0,2023-09-16 00:00:00.000000,2024-01-01 00:00:00.000000,DEPARTAMENTO,ARRIENDO,agency
TT-2024-01-000581,toctoc,San Miguel,Metropolitana,14.19,UF,52.5,2023-12-23 00:00:00.000000,2024-01-01 00:00:00.000000,DEPARTAMENTO,Arriendo,agency
TT-2024-01-001294,toctoc,Estación Central,Metropolitana,370000.0,CLP,38.2,2023-12-30 00:00:00.000000,2024-01-08 00:00:00.000000,departamento,Arriendo,owner_direct
TT-2024-01-002530,toctoc,San Joaquín,Metropolitana,520000.0,CLP,36.6,2023-12-13 00:00:00.000000,2024-01-15 00:00:00.000000,departamento,Arriendo,owner_direct
TT-2024-01-000585,toctoc,Santiago,Metropolitana,14.73,UF,41.7,2023-12-03 00:00:00.000000,2024-01-01 00:00:00.000000,DEPARTAMENTO,arriendo,agency
TT-2024-01-001272,toctoc,Las Condes,Metropolitana,930000.0,CLP,43.6,2023-12-18 00:00:00.000000,2024-01-08 00:00:00.000000,Departamento,Arriendo,agency
TT-2024-01-000557,toctoc,Huechuraba,Metropolitana,18.38,UF,59.2,2023-12-11 00:00:00.000000,2024-01-01 00:00:00.000000,Departamento,Arriendo,owner_direct
TT-2024-01-001914,toctoc,Maipú,Metropolitana,9.32,UF,30.6,2024-01-06 00:00:00.000000,2024-01-08 00:00:00.000000,Departamento,arriendo,agency
TT-2024-01-002737,toctoc,Independencia,Metropolitana,15.41,UF,54.5,2023-12-26 00:00:00.000000,2024-01-15 00:00:00.000000,DEPARTAMENTO,ARRIENDO,agency
TT-2024-01-002446,toctoc,Las Condes,Metropolitana,790000.0,CLP,33.0,2023-09-18 00:00:00.000000,2024-01-15 00:00:00.000000,Departamento,Arriendo,owner_direct
TT-2024-01-002746,toctoc,Ñuñoa,Metropolitana,810000.0,CLP,54.5,2023-12-07 00:00:00.000000,2024-01-15 00:00:00.000000,DEPARTAMENTO,ARRIENDO,owner_direct
TT-2024-01-001487,toctoc,Estación Central,Metropolitana,515000.0,CLP,47.5,2023-07-14 00:00:00.000000,2024-01-08 00:00:00.000000,departamento,arriendo,owner_direct
TT-2024-01-000335,toctoc,Providencia,Metropolitana,2015000.0,CLP,155.3,2023-12-19 00:00:00.000000,2024-01-01 00:00:00.000000,departamento,arriendo,agency
TT-2024-01-001507,toctoc,Ñuñoa,Metropolitana,595000.0,CLP,33.2,2023-12-22 00:00:00.000000,2024-01-08 00:00:00.000000,DEPARTAMENTO,ARRIENDO,owner_direct
TT-2024-01-000397,toctoc,la reina,Metropolitana,950000.0,CLP,59.4,2023-12-10 00:00:00.000000,2024-01-01 00:00:00.000000,departamento,arriendo,owner_direct
TT-2024-01-002873,toctoc,Las Condes,Metropolitana,28.51,UF,63.0,2023-11-27 00:00:00.000000,2024-01-15 00:00:00.000000,DEPARTAMENTO,ARRIENDO,owner_direct
TT-2024-01-002591,toctoc,Recoleta,Metropolitana,9.32,UF,27.6,2023-12-22 00:00:00.000000,2024-01-15 00:00:00.000000,DEPARTAMENTO,Arriendo,agency
TT-2024-01-000562,toctoc,Santiago,Metropolitana,795000.0,CLP,68.5,2023-12-23 00:00:00.000000,2024-01-01 00:00:00.000000,Departamento,ARRIENDO,agency
TT-2024-01-003315,toctoc,Providencia,Metropolitana,1075000.0,CLP,60.1,2024-01-07 00:00:00.000000,2024-01-22 00:00:00.000000,Departamento,arriendo,owner_direct
TT-2024-01-004137,toctoc,Estación Central,Metropolitana,530000.0,CLP,56.9,2023-12-19 00:00:00.000000,2024-01-22 00:00:00.000000,Departamento,arriendo,owner_direct
TT-2024-01-004529,toctoc,San Miguel,Metropolitana,12.7,UF,35.3,2023-12-13 00:00:00.000000,2024-01-29 00:00:00.000000,Departamento,ARRIENDO,agency
TT-2024-01-002948,toctoc,Santiago,Metropolitana,725000.0,CLP,44.5,2023-09-02 00:00:00.000000,2024-01-15 00:00:00.000000,DEPARTAMENTO,Arriendo,owner_direct
TT-2024-01-002588,toctoc,La Florida,Metropolitana,880000.0,CLP,105.9,2023-11-18 00:00:00.000000,2024-01-15 00:00:00.000000,departamento,Arriendo,owner_direct
TT-2024-01-004200,toctoc,Puente Alto,Metropolitana,405000.0,CLP,50.1,2024-01-11 00:00:00.000000,2024-01-22 00:00:00.000000,departamento,Arriendo,agency
TT-2024-01-001008,toctoc,Santiago,Metropolitana,545000.0,CLP,49.7,2023-12-17 00:00:00.000000,2024-01-01 00:00:00.000000,DEPARTAMENTO,ARRIENDO,owner_direct
TT-2024-01-005276,toctoc,Maipú,Metropolitana,12.97,UF,40.3,2024-01-11 00:00:00.000000,2024-01-29 00:00:00.000000,departamento,ARRIENDO,agency
TT-2024-01-004326,toctoc,San Joaquín,Metropolitana,430000.0,CLP,61.5,2023-12-14 00:00:00.000000,2024-01-22 00:00:00.000000,departamento,ARRIENDO,owner_direct
TT-2024-01-005062,toctoc,Lo Barnechea,Metropolitana,21.49,UF,35.2,2024-01-17 00:00:00.000000,2024-01-29 00:00:00.000000,departamento,arriendo,agency
TT-2024-01-004439,toctoc,San Miguel,Metropolitana,17.03,UF,57.2,2023-11-22 00:00:00.000000,2024-01-29 00:00:00.000000,DEPARTAMENTO,arriendo,owner_direct
TT-2024-01-000908,toctoc,Providencia ,Metropolitana,48.65,UF,120.1,2023-12-25 00:00:00.000000,2024-01-01 00:00:00.000000,departamento,arriendo,agency
TT-2024-01-004601,toctoc,Ñuñoa,Metropolitana,37.03,UF,108.1,2023-12-29 00:00:00.000000,2024-01-29 00:00:00.000000,DEPARTAMENTO,arriendo,agency
TT-2024-01-002341,toctoc,Estación Central,Metropolitana,10.54,UF,30.0,2023-12-05 00:00:00.000000,2024-01-08 00:00:00.000000,DEPARTAMENTO,Arriendo,agency
TT-2024-01-004540,toctoc,La Reina,Metropolitana,690000.0,CLP,31.9,2024-01-07 00:00:00.000000,2024-01-29 00:00:00.000000,Departamento,arriendo,agency
TT-2024-01-002293,toctoc,Macul,Metropolitana,15.54,UF,62.3,2023-12-17 00:00:00.000000,2024-01-08 00:00:00.000000,DEPARTAMENTO,arriendo,agency
TT-2024-01-000652,toctoc,Pudahuel,Metropolitana,10.81,UF,39.5,2023-09-04 00:00:00.000000,2024-01-01 00:00:00.000000,departamento,Arriendo,agency
TT-2024-01-003647,toctoc,Santiago,Metropolitana,595000.0,CLP,50.1,2024-01-12 00:00:00.000000,2024-01-22 00:00:00.000000,Departamento,Arriendo,agency
TT-2024-01-003254,toctoc,Macul,Metropolitana,555000.0,CLP,34.8,2023-12-07 00:00:00.000000,2024-01-15 00:00:00.000000,departamento,Arriendo,owner_direct
TT-2024-01-003273,toctoc,Maipú,Metropolitana,11.76,UF,41.6,2023-12-24 00:00:00.000000,2024-01-15 00:00:00.000000,DEPARTAMENTO,arriendo,agency
TT-2024-01-000997,toctoc,Las Condes,Metropolitana,25.95,UF,41.0,2023-11-29 00:00:00.000000,2024-01-01 00:00:00.000000,departamento,Arriendo,agency
TT-2024-01-004323,toctoc,La Reina,Metropolitana,30.41,UF,89.8,2023-12-30 00:00:00.000000,2024-01-22 00:00:00.000000,departamento,Arriendo,owner_direct
TT-2024-01-004899,toctoc,Puente Alto,Metropolitana,13.24,UF,74.8,2023-12-24 00:00:00.000000,2024-01-29 00:00:00.000000,Departamento,ARRIENDO,owner_direct
TT-2024-01-003078,toctoc,Santiago,Metropolitana,610000.0,CLP,44.4,2023-12-25 00:00:00.000000,2024-01-15 00:00:00.000000,DEPARTAMENTO,arriendo,agency
TT-2024-01-003912,toctoc,Quinta Normal,Metropolitana,370000.0,CLP,25.8,2024-01-10 00:00:00.000000,2024-01-22 00:00:00.000000,DEPARTAMENTO,ARRIENDO,agency
TT-2024-01-004440,toctoc,Santiago,Metropolitana,19.46,UF,61.6,2024-01-18 00:00:00.000000,2024-01-29 00:00:00.000000,departamento,ARRIENDO,agency
TT-2024-01-003441,toctoc,San Miguel,Metropolitana,650000.0,CLP,57.0,2023-12-17 00:00:00.000000,2024-01-22 00:00:00.000000,departamento,Arriendo,owner_direct
TT-2024-01-001479,toctoc,Puente Alto,Metropolitana,515000.0,CLP,57.3,2024-01-04 00:00:00.000000,2024-01-08 00:00:00.000000,Departamento,Arriendo,owner_direct
TT-2024-01-002991,toctoc,San Joaquín,Metropolitana,10.41,UF,37.4,2023-12-07 00:00:00.000000,2024-01-15 00:00:00.000000,Departamento,Arriendo,agency
TT-2024-01-003295,toctoc,Santiago,Metropolitana,12.84,UF,33.1,2024-01-04 00:00:00.000000,2024-01-22 00:00:00.000000,DEPARTAMENTO,arriendo,agency
TT-2024-01-005134,toctoc,Recoleta,Metropolitana,460000.0,CLP,39.6,2023-08-29 00:00:00.000000,2024-01-29 00:00:00.000000,Departamento,arriendo,agency
TT-2024-01-001344,toctoc,Huechuraba,Metropolitana,785000.0,CLP,64.6,2023-11-16 00:00:00.000000,2024-01-08 00:00:00.000000,Departamento,Arriendo,agency
TT-2024-01-004981,toctoc,Macul,Metropolitana,440000.0,CLP,25.5,2023-12-09 00:00:00.000000,2024-01-29 00:00:00.000000,DEPARTAMENTO,ARRIENDO,agency
TT-2024-01-002952,toctoc,Las Condes,Metropolitana,845000.0,CLP,26.6,2024-01-13 00:00:00.000000,2024-01-15 00:00:00.000000,DEPARTAMENTO,ARRIENDO,owner_direct
TT-2024-01-000685,toctoc,Ñuñoa,Metropolitana,16.76,UF,47.0,2023-12-22 00:00:00.000000,2024-01-01 00:00:00.000000,DEPARTAMENTO,Arriendo,agency
TT-2024-01-002230,toctoc,Pudahuel,Metropolitana,15.41,UF,60.4,2023-12-10 00:00:00.000000,2024-01-08 00:00:00.000000,Departamento,arriendo,agency
TT-2024-01-000437,toctoc,Peñalolén,Metropolitana,18.78,UF,68.4,2023-11-11 00:00:00.000000,2024-01-01 00:00:00.000000,DEPARTAMENTO,Arriendo,owner_direct
TT-2024-01-001327,toctoc,La Florida,Metropolitana,10.27,UF,26.5,2023-12-19 00:00:00.000000,2024-01-08 00:00:00.000000,departamento,Arriendo,agency
TT-2024-01-004070,toctoc,Macul,Metropolitana,845000.0,CLP,82.3,2023-11-19 00:00:00.000000,2024-01-22 00:00:00.000000,departamento,arriendo,agency
TT-2024-01-002752,toctoc,Ñuñoa,Metropolitana,18.51,UF,37.0,2023-12-21 00:00:00.000000,2024-01-15 00:00:00.000000,DEPARTAMENTO,ARRIENDO,agency
TT-2024-01-002329,toctoc,Santiago,Metropolitana,13.11,UF,36.3,2023-12-17 00:00:00.000000,2024-01-08 00:00:00.000000,departamento,ARRIENDO,agency
TT-2024-01-003620,toctoc,La Florida,Metropolitana,13.24,UF,40.6,2023-12-25 00:00:00.000000,2024-01-22 00:00:00.000000,Departamento,ARRIENDO,agency
TT-2024-01-004454,toctoc,Independencia,Metropolitana,13.65,UF,46.0,2023-11-15 00:00:00.000000,2024-01-29 00:00:00.000000,Departamento,Arriendo,owner_direct
TT-2024-01-000545,toctoc,Las Condes,Metropolitana,27.03,UF,66.2,2023-12-11 00:00:00.000000,2024-01-01 00:00:00.000000,DEPARTAMENTO,arriendo,agency
TT-2024-01-000558,toctoc,Macul,Metropolitana,545000.0,CLP,42.6,2023-12-07 00:00:00.000000,2024-01-01 00:00:00.000000,DEPARTAMENTO,ARRIENDO,agency
TT-2024-01-001983,toctoc,Recoleta,Metropolitana,10.95,UF,33.8,2023-12-15 00:00:00.000000,2024-01-08 00:00:00.000000,Departamento,arriendo,owner_direct
TT-2024-01-000739,toctoc,San Miguel,Metropolitana,540000.0,CLP,61.4,2023-07-06 00:00:00.000000,2024-01-01 00:00:00.000000,DEPARTAMENTO,Arriendo,owner_direct
TT-2024-01-003793,toctoc,Santiago,Metropolitana,22.57,UF,75.4,2023-08-08 00:00:00.000000,2024-01-22 00:00:00.000000,Departamento,ARRIENDO,agency
TT-2024-01-003734,toctoc,Huechuraba,Metropolitana,20.81,UF,63.1,2023-11-28 00:00:00.000000,2024-01-22 00:00:00.000000,DEPARTAMENTO,arriendo,owner_direct
TT-2024-01-005362,toctoc,Providencia,Metropolitana,630000.0,CLP,20.5,2024-01-23 00:00:00.000000,2024-01-29 00:00:00.000000,Departamento,ARRIENDO,owner_direct
TT-2024-01-004595,toctoc,San Miguel,Metropolitana,16.22,UF,52.4,2023-10-21 00:00:00.000000,2024-01-29 00:00:00.000000,DEPARTAMENTO,Arriendo,owner_direct
TT-2024-01-004990,toctoc,Quinta Normal,Metropolitana,390000.0,CLP,32.6,2024-01-14 00:00:00.000000,2024-01-29 00:00:00.000000,departamento,Arriendo,agency
TT-2024-01-000785,toctoc,Santiago,Metropolitana,16.22,UF,37.3,2023-12-15 00:00:00.000000,2024-01-01 00:00:00.000000,departamento,Arriendo,owner_direct
TT-2024-01-005481,toctoc,Las Condes,Metropolitana,32.97,UF,65.0,2024-01-14 00:00:00.000000,2024-01-29 00:00:00.000000,departamento,Arriendo,agency
TT-2024-01-004885,toctoc,Maipú,Metropolitana,530000.0,CLP,56.0,2023-12-18 00:00:00.000000,2024-01-29 00:00:00.000000,DEPARTAMENTO,arriendo,agency
TT-2024-01-002344,toctoc,Vitacura,Metropolitana,1125000.0,CLP,44.0,2023-12-15 00:00:00.000000,2024-01-08 00:00:00.000000,DEPARTAMENTO,arriendo,agency
TT-2024-01-004402,toctoc,Recoleta,Metropolitana,11.76,UF,46.6,2023-12-28 00:00:00.000000,2024-01-29 00:00:00.000000,departamento,arriendo,owner_direct
TT-2024-01-002018,toctoc,Lo Barnechea,Metropolitana,23.51,UF,64.8,2023-12-18 00:00:00.000000,2024-01-08 00:00:00.000000,Departamento,ARRIENDO,agency
TT-2024-01-001392,toctoc,Santiago,Metropolitana,14.05,UF,32.9,2023-09-21 00:00:00.000000,2024-01-08 00:00:00.000000,Departamento,Arriendo,agency
TT-2024-01-003965,toctoc,Renca,Metropolitana,580000.0,CLP,71.5,2023-08-23 00:00:00.000000,2024-01-22 00:00:00.000000,Departamento,Arriendo,owner_direct
TT-2024-01-000780,toctoc,Providencia,Metropolitana,1295000.0,CLP,121.9,2023-11-14 00:00:00.000000,2024-01-01 00:00:00.000000,departamento,Arriendo,agency
TT-2024-01-003579,toctoc,Independencia,Metropolitana,370000.0,CLP,36.8,2023-09-26 00:00:00.000000,2024-01-22 00:00:00.000000,Departamento,arriendo,agency
TT-2024-01-000947,toctoc,Santiago,Metropolitana,27.84,UF,107.3,2023-12-07 00:00:00.000000,2024-01-01 00:00:00.000000,Departamento,ARRIENDO,agency
TT-2024-01-004789,toctoc,San Miguel,Metropolitana,600000.0,CLP,53.8,2023-08-08 00:00:00.000000,2024-01-29 00:00:00.000000,departamento,ARRIENDO,agency
TT-2024-01-000041,toctoc,La Cisterna,Metropolitana,465000.0,CLP,44.1,2023-12-21 00:00:00.000000,2024-01-01 00:00:00.000000,departamento,Arriendo,agency
TT-2024-01-000595,toctoc,Las Condes,Metropolitana,1160000.0,CLP,64.9,2023-12-05 00:00:00.000000,2024-01-01 00:00:00.000000,departamento,ARRIENDO,owner_direct
TT-2024-01-000068,toctoc,La Florida,Metropolitana,15.54,UF,63.7,2023-11-16 00:00:00.000000,2024-01-01 00:00:00.000000,Departamento,arriendo,agency
TT-2024-01-000174,toctoc,Independencia,Metropolitana,840000.0,CLP,125.9,2023-12-06 00:00:00.000000,2024-01-01 00:00:00.000000,DEPARTAMENTO,ARRIENDO,agency
TT-2024-01-000010,toctoc,Las Condes,Metropolitana,1220000.0,CLP,82.1,2023-12-19 00:00:00.000000,2024-01-01 00:00:00.000000,Departamento,ARRIENDO,agency
TT-2024-01-001958,toctoc,Cerrillos,Metropolitana,14.46,UF,53.0,2023-12-22 00:00:00.000000,2024-01-08 00:00:00.000000,departamento,ARRIENDO,agency
TT-2024-01-003451,toctoc,Ñuñoa,Metropolitana,21.89,UF,53.0,2024-01-17 00:00:00.000000,2024-01-22 00:00:00.000000,departamento,arriendo,owner_direct
TT-2024-01-001361,toctoc,Recoleta,Metropolitana,655000.0,CLP,67.4,2023-11-25 00:00:00.000000,2024-01-08 00:00:00.000000,DEPARTAMENTO,ARRIENDO,agency
TT-2024-01-000141,toctoc,Santiago,Metropolitana,17.03,UF,42.8,2023-12-20 00:00:00.000000,2024-01-01 00:00:00.000000,DEPARTAMENTO,ARRIENDO,agency
TT-2024-01-003262,toctoc,Lo Barnechea,Metropolitana,3830000.0,CLP,400.0,2023-12-28 00:00:00.000000,2024-01-15 00:00:00.000000,Departamento,ARRIENDO,owner_direct
TT-2024-01-000755,toctoc,Santiago,Metropolitana,710000.0,CLP,76.2,2023-12-22 00:00:00.000000,2024-01-01 00:00:00.000000,departamento,arriendo,agency
TT-2024-01-004983,toctoc,Las Condes,Metropolitana,1110000.0,CLP,65.9,2023-07-04 00:00:00.000000,2024-01-29 00:00:00.000000,departamento,ARRIENDO,agency
TT-2024-01-002071,toctoc,Estación Central,Metropolitana,570000.0,CLP,56.6,2023-12-06 00:00:00.000000,2024-01-08 00:00:00.000000,Departamento,ARRIENDO,owner_direct
TT-2024-01-000979,toctoc,San Miguel,Metropolitana,15.95,UF,45.3,2023-12-16 00:00:00.000000,2024-01-01 00:00:00.000000,Departamento,Arriendo,agency
TT-2024-01-001398,toctoc,Recoleta,Metropolitana,10.14,UF,48.8,2023-12-30 00:00:00.000000,2024-01-08 00:00:00.000000,departamento,arriendo,agency
TT-2024-01-003539,toctoc,Providencia,Metropolitana,900000.0,CLP,47.5,2023-12-28 00:00:00.000000,2024-01-22 00:00:00.000000,departamento,ARRIENDO,agency
TT-2024-01-002775,toctoc,Santiago,Metropolitana,17.57,UF,62.4,2023-11-18 00:00:00.000000,2024-01-15 00:00:00.000000,Departamento,ARRIENDO,agency
TT-2024-01-002725,toctoc,LA CISTERNA,Metropolitana,17.97,UF,79.3,2023-11-21 00:00:00.000000,2024-01-15 00:00:00.000000,departamento,ARRIENDO,owner_direct
TT-2024-01-000051,toctoc,Providencia,Metropolitana,27.03,UF,52.7,2023-06-07 00:00:00.000000,2024-01-01 00:00:00.000000,departamento,arriendo,agency
TT-2024-01-005236,toctoc,Santiago,Metropolitana,11.22,UF,5.0,2024-01-23 00:00:00.000000,2024-01-29 00:00:00.000000,departamento,arriendo,agency
TT-2024-01-003103,toctoc,Santiago,Metropolitana,20.54,UF,74.3,2023-12-26 00:00:00.000000,2024-01-15 00:00:00.000000,departamento,Arriendo,owner_direct
TT-2024-01-003067,toctoc,La Reina,Metropolitana,730000.0,CLP,32.4,2023-12-19 00:00:00.000000,2024-01-15 00:00:00.000000,DEPARTAMENTO,arriendo,owner_direct
TT-2024-01-004378,toctoc,Las Condes,Metropolitana,45.68,UF,113.0,2024-01-11 00:00:00.000000,2024-01-29 00:00:00.000000,Departamento,ARRIENDO,agency
TT-2024-01-002759,toctoc,Ñuñoa,Metropolitana,16.62,UF,30.4,2023-12-16 00:00:00.000000,2024-01-15 00:00:00.000000,Departamento,arriendo,owner_direct
TT-2024-01-004210,toctoc,Las Condes,Metropolitana,29.73,UF,63.1,2023-12-31 00:00:00.000000,2024-01-22 00:00:00.000000,Departamento,Arriendo,agency
TT-2024-01-004655,toctoc,Recoleta,Metropolitana,16.08,UF,55.6,2024-01-09 00:00:00.000000,2024-01-29 00:00:00.000000,departamento,Arriendo,agency
TT-2024-01-004776,toctoc,San Miguel,Metropolitana,21.76,UF,73.8,2023-12-03 00:00:00.000000,2024-01-29 00:00:00.000000,DEPARTAMENTO,ARRIENDO,
TT-2024-01-002891,toctoc,La Cisterna,Metropolitana,665000.0,CLP,93.7,2023-12-27 00:00:00.000000,2024-01-15 00:00:00.000000,Departamento,Arriendo,owner_direct
TT-2024-01-002062,toctoc,Las Condes,Metropolitana,22.3,UF,33.3,2023-12-31 00:00:00.000000,2024-01-08 00:00:00.000000,DEPARTAMENTO,Arriendo,agency
TT-2024-01-000494,toctoc,San Miguel,Metropolitana,14.19,UF,34.0,2023-10-28 00:00:00.000000,2024-01-01 00:00:00.000000,departamento,Arriendo,agency
TT-2024-01-005211,toctoc,Conchalí,Metropolitana,12.03,UF,46.6,2023-11-08 00:00:00.000000,2024-01-29 00:00:00.000000,Departamento,ARRIENDO,owner_direct
TT-2024-01-003467,toctoc,La Florida,Metropolitana,12.84,UF,50.4,2023-12-28 00:00:00.000000,2024-01-22 00:00:00.000000,Departamento,arriendo,agency
TT-2024-01-000055,toctoc,Ñuñoa,Metropolitana,515000.0,CLP,31.8,2023-11-29 00:00:00.000000,2024-01-01 00:00:00.000000,departamento,Arriendo,agency
TT-2024-01-004247,toctoc,Cerrillos,Metropolitana,390000.0,CLP,30.8,2023-12-30 00:00:00.000000,2024-01-22 00:00:00.000000,DEPARTAMENTO,ARRIENDO,owner_direct
TT-2024-01-000540,toctoc,Macul,Metropolitana,13.92,UF,53.0,2023-11-29 00:00:00.000000,2024-01-01 00:00:00.000000,Departamento,Arriendo,owner_direct
TT-2024-01-001963,toctoc,Estación Central,Metropolitana,15.0,UF,56.2,2023-12-11 00:00:00.000000,2024-01-08 00:00:00.000000,departamento,arriendo,owner_direct
TT-2024-01-000315,toctoc,Estación Central,Metropolitana,545000.0,CLP,58.7,2023-11-14 00:00:00.000000,2024-01-01 00:00:00.000000,departamento,ARRIENDO,agency
TT-2024-01-002171,toctoc,Renca,Metropolitana,550000.0,CLP,75.9,2023-12-03 00:00:00.000000,2024-01-08 00:00:00.000000,departamento,ARRIENDO,owner_direct
TT-2024-01-004822,toctoc,San Miguel,Metropolitana,18.51,UF,74.8,2024-01-19 00:00:00.000000,2024-01-29 00:00:00.000000,Departamento,Arriendo,agency
TT-2024-01-000137,toctoc,Vitacura,Metropolitana,30.27,UF,39.0,2023-07-13 00:00:00.000000,2024-01-01 00:00:00.000000,departamento,arriendo,owner_direct
TT-2024-01-002356,toctoc,Santiago,Metropolitana,445000.0,CLP,32.6,2023-08-28 00:00:00.000000,2024-01-08 00:00:00.000000,DEPARTAMENTO,Arriendo,agency
TT-2024-01-002743,toctoc,San Miguel,Metropolitana,122.84,UF,650.0,2024-01-05 00:00:00.000000,2024-01-15 00:00:00.000000,Departamento,ARRIENDO,agency
TT-2024-01-001539,toctoc,Peñalolén,Metropolitana,15.27,UF,52.8,2023-12-27 00:00:00.000000,2024-01-08 00:00:00.000000,Departamento,arriendo,agency
TT-2024-01-002069,toctoc,Independencia,Metropolitana,11.49,UF,49.8,2023-12-17 00:00:00.000000,2024-01-08 00:00:00.000000,DEPARTAMENTO,Arriendo,owner_direct
TT-2024-01-001235,toctoc,Las Condes,Metropolitana,26.76,UF,43.4,2023-12-17 00:00:00.000000,2024-01-08 00:00:00.000000,Departamento,ARRIENDO,agency
TT-2024-01-002705,toctoc,Providencia,Metropolitana,890000.0,CLP,45.1,2023-12-03 00:00:00.000000,2024-01-15 00:00:00.000000,Departamento,ARRIENDO,agency
TT-2024-01-000731,toctoc,Renca,Metropolitana,810000.0,CLP,130.2,2023-08-06 00:00:00.000000,2024-01-01 00:00:00.000000,DEPARTAMENTO,Arriendo,agency
TT-2024-01-002324,toctoc,Santiago,Metropolitana,665000.0,CLP,66.3,2023-12-26 00:00:00.000000,2024-01-08 00:00:00.000000,Departamento,arriendo,agency
TT-2024-01-001204,toctoc,Lo Barnechea,Metropolitana,785000.0,CLP,48.6,2023-12-12 00:00:00.000000,2024-01-08 00:00:00.000000,DEPARTAMENTO,ARRIENDO,agency
TT-2024-01-005317,toctoc,Santiago,Metropolitana,20.27,UF,71.1,2024-01-05 00:00:00.000000,2024-01-29 00:00:00.000000,departamento,ARRIENDO,owner_direct
TT-2024-01-002303,toctoc,Recoleta,Metropolitana,15.27,UF,72.3,2023-11-27 00:00:00.000000,2024-01-08 00:00:00.000000,DEPARTAMENTO,Arriendo,owner_direct
TT-2024-01-000528,toctoc,San Miguel,Metropolitana,24.32,UF,103.7,2023-11-24 00:00:00.000000,2024-01-01 00:00:00.000000,Departamento,ARRIENDO,agency
TT-2024-01-004816,toctoc,La Florida,Metropolitana,20.0,UF,54.3,2023-11-17 00:00:00.000000,2024-01-29 00:00:00.000000,departamento,arriendo,agency
TT-2024-01-003306,toctoc,Pudahuel,Metropolitana,12.97,UF,56.1,2024-01-07 00:00:00.000000,2024-01-22 00:00:00.000000,departamento,Arriendo,owner_direct
TT-2024-01-002189,toctoc,Independencia,Metropolitana,760000.0,CLP,66.6,2023-12-20 00:00:00.000000,2024-01-08 00:00:00.000000,DEPARTAMENTO,arriendo,owner_direct
TT-2024-01-001942,toctoc,Recoleta,Metropolitana,12.43,UF,44.1,2023-12-27 00:00:00.000000,2024-01-08 00:00:00.000000,DEPARTAMENTO,ARRIENDO,agency
TT-2024-01-003386,toctoc,Las Condes,Metropolitana,26.35,UF,34.4,2024-01-05 00:00:00.000000,2024-01-22 00:00:00.000000,departamento,Arriendo,agency
TT-2024-01-003592,toctoc,Quilicura,Metropolitana,420000.0,CLP,52.7,2023-12-25 00:00:00.000000,2024-01-22 00:00:00.000000,Departamento,Arriendo,agency
TT-2024-01-004098,toctoc,San Miguel,Metropolitana,15.0,UF,43.1,2024-01-06 00:00:00.000000,2024-01-22 00:00:00.000000,departamento,Arriendo,owner_direct
TT-2024-01-000333,toctoc,Quilicura,Metropolitana,480000.0,CLP,62.8,2023-12-20 00:00:00.000000,2024-01-01 00:00:00.000000,DEPARTAMENTO,arriendo,agency
TT-2024-01-005293,toctoc,Providencia,Metropolitana,21.49,UF,29.6,2023-12-29 00:00:00.000000,2024-01-29 00:00:00.000000,departamento,Arriendo,owner_direct
TT-2024-01-003531,toctoc,Macul,Metropolitana,28.92,UF,107.4,2023-10-28 00:00:00.000000,2024-01-22 00:00:00.000000,DEPARTAMENTO,Arriendo,
TT-2024-01-002008,toctoc,Peñalolén,Metropolitana,570000.0,CLP,53.8,2023-12-14 00:00:00.000000,2024-01-08 00:00:00.000000,Departamento,Arriendo,agency
TT-2024-01-003527,toctoc,Estación Central,Metropolitana,410000.0,CLP,29.7,2023-11-06 00:00:00.000000,2024-01-22 00:00:00.000000,departamento,arriendo,agency
TT-2024-01-000802,toctoc,Independencia,Metropolitana,415000.0,CLP,36.0,2023-11-25 00:00:00.000000,2024-01-01 00:00:00.000000,DEPARTAMENTO,arriendo,agency
TT-2024-01-002764,toctoc,Santiago,Metropolitana,21.49,UF,70.8,2023-12-02 00:00:00.000000,2024-01-15 00:00:00.000000,departamento,arriendo,agency
TT-2024-01-002760,toctoc,Las Condes,Metropolitana,1395000.0,CLP,94.5,2023-12-18 00:00:00.000000,2024-01-15 00:00:00.000000,DEPARTAMENTO,ARRIENDO,agency
TT-2024-01-001045,toctoc,Huechuraba,Metropolitana,450000.0,CLP,27.7,2023-08-20 00:00:00.000000,2024-01-01 00:00:00.000000,DEPARTAMENTO,arriendo,owner_direct
TT-2024-01-005209,toctoc,Recoleta,Metropolitana,16.22,UF,61.5,2024-01-27 00:00:00.000000,2024-01-29 00:00:00.000000,departamento,arriendo,agency
TT-2024-01-004612,toctoc,Maipú,Metropolitana,565000.0,CLP,61.0,2024-01-16 00:00:00.000000,2024-01-29 00:00:00.000000,Departamento,ARRIENDO,agency
TT-2024-01-003293,toctoc,Pudahuel,Metropolitana,12.03,UF,37.9,2023-12-23 00:00:00.000000,2024-01-22 00:00:00.000000,departamento,Arriendo,owner_direct
TT-2024-01-000311,toctoc,Pudahuel,Metropolitana,10.81,UF,39.0,2023-12-24 00:00:00.000000,2024-01-01 00:00:00.000000,departamento,ARRIENDO,
TT-2024-01-004924,toctoc,Recoleta,Metropolitana,320000.0,CLP,31.6,2024-01-09 00:00:00.000000,2024-01-29 00:00:00.000000,DEPARTAMENTO,arriendo,owner_direct
TT-2024-01-004752,toctoc,Ñuñoa,Metropolitana,19.46,UF,51.1,2024-01-12 00:00:00.000000,2024-01-29 00:00:00.000000,Departamento,arriendo,agency
TT-2024-01-004300,toctoc,Lo Barnechea,Metropolitana,680000.0,CLP,46.1,2024-01-09 00:00:00.000000,2024-01-22 00:00:00.000000,Departamento,Arriendo,agency
TT-2024-01-005339,toctoc,Santiago,Metropolitana,955000.0,CLP,107.8,2024-01-24 00:00:00.000000,2024-01-29 00:00:00.000000,DEPARTAMENTO,arriendo,agency
TT-2024-01-003241,toctoc,Estación Central,Metropolitana,400000.0,CLP,31.1,2023-12-13 00:00:00.000000,2024-01-15 00:00:00.000000,departamento,ARRIENDO,agency
TT-2024-01-004130,toctoc,San Miguel,Metropolitana,725000.0,CLP,64.9,2023-12-20 00:00:00.000000,2024-01-22 00:00:00.000000,departamento,Arriendo,owner_direct
TT-2024-01-004489,toctoc,Maipú,Metropolitana,11.08,UF,40.7,2024-01-08 00:00:00.000000,2024-01-29 00:00:00.000000,departamento,ARRIENDO,owner_direct
TT-2024-01-005023,toctoc,Las Condes,Metropolitana,1140000.0,CLP,59.1,2023-11-25 00:00:00.000000,2024-01-29 00:00:00.000000,departamento,arriendo,agency
TT-2024-01-000162,toctoc,San Joaquín,Metropolitana,505000.0,CLP,55.0,2023-12-17 00:00:00.000000,2024-01-01 00:00:00.000000,departamento,Arriendo,agency
TT-2024-01-000679,toctoc,La Reina,Metropolitana,28.92,UF,97.4,2023-12-26 00:00:00.000000,2024-01-01 00:00:00.000000,DEPARTAMENTO,arriendo,owner_direct
TT-2024-01-003632,toctoc,La Reina,Metropolitana,16.22,UF,31.8,2023-12-30 00:00:00.000000,2024-01-22 00:00:00.000000,departamento,ARRIENDO,agency
TT-2024-01-003330,toctoc,Las Condes,Metropolitana,915000.0,CLP,48.6,2024-01-08 00:00:00.000000,2024-01-22 00:00:00.000000,Departamento,ARRIENDO,owner_direct
TT-2024-01-000767,toctoc,Providencia,Metropolitana,20.54,UF,30.5,2023-12-04 00:00:00.000000,2024-01-01 00:00:00.000000,Departamento,Arriendo,agency
TT-2024-01-000607,toctoc,Recoleta,Metropolitana,825000.0,CLP,100.6,2023-12-24 00:00:00.000000,2024-01-01 00:00:00.000000,Departamento,Arriendo,agency
TT-2024-01-004386,toctoc,Santiago,Metropolitana,20.95,UF,60.9,2024-01-17 00:00:00.000000,2024-01-29 00:00:00.000000,Departamento,Arriendo,agency
TT-2024-01-003375,toctoc,Lo Barnechea,Metropolitana,920000.0,CLP,59.2,2024-01-06 00:00:00.000000,2024-01-22 00:00:00.000000,DEPARTAMENTO,arriendo,owner_direct
TT-2024-01-000125,toctoc,Santiago,Metropolitana,15.54,UF,38.7,2023-12-12 00:00:00.000000,2024-01-01 00:00:00.000000,DEPARTAMENTO,Arriendo,agency
TT-2024-01-001796,toctoc,Ñuñoa,Metropolitana,1480000.0,CLP,148.8,2023-12-04 00:00:00.000000,2024-01-08 00:00:00.000000,DEPARTAMENTO,ARRIENDO,owner_direct
TT-2024-01-003517,toctoc,Providencia,Metropolitana,19.73,UF,36.2,2024-01-07 00:00:00.000000,2024-01-22 00:00:00.000000,DEPARTAMENTO,ARRIENDO,agency
TT-2024-01-004145,toctoc,Quilicura,Metropolitana,14.46,UF,94.3,2023-12-31 00:00:00.000000,2024-01-22 00:00:00.000000,DEPARTAMENTO,ARRIENDO,agency
TT-2024-01-003329,toctoc,Huechuraba,Metropolitana,675000.0,CLP,75.5,2024-01-07 00:00:00.000000,2024-01-22 00:00:00.000000,DEPARTAMENTO,Arriendo,agency
TT-2024-01-002374,toctoc,Providencia,Metropolitana,21.89,UF,47.3,2023-12-11 00:00:00.000000,2024-01-15 00:00:00.000000,Departamento,ARRIENDO,agency
TT-2024-01-005175,toctoc,San Joaquín,Metropolitana,570000.0,CLP,67.0,2023-12-11 00:00:00.000000,2024-01-29 00:00:00.000000,Departamento,ARRIENDO,agency
TT-2024-01-001111,toctoc,Ñuñoa,Metropolitana,725000.0,CLP,49.2,2023-12-06 00:00:00.000000,2024-01-01 00:00:00.000000,Departamento,Arriendo,agency
TT-2024-01-005196,toctoc,Cerrillos,Metropolitana,440000.0,CLP,32.5,2024-01-21 00:00:00.000000,2024-01-29 00:00:00.000000,DEPARTAMENTO,ARRIENDO,agency
TT-2024-01-001769,toctoc,Puente Alto,Metropolitana,148.11,UF,77.1,2024-01-04 00:00:00.000000,2024-01-08 00:00:00.000000,departamento,ARRIENDO,owner_direct
TT-2024-01-003952,toctoc,Puente Alto,Metropolitana,9.46,UF,44.4,2023-12-09 00:00:00.000000,2024-01-22 00:00:00.000000,Departamento,Arriendo,agency
TT-2024-01-001922,toctoc,La Florida,Metropolitana,6265000.0,CLP,59.5,2024-01-01 00:00:00.000000,2024-01-08 00:00:00.000000,DEPARTAMENTO,ARRIENDO,agency
TT-2024-01-001562,toctoc,Ñuñoa,Metropolitana,680000.0,CLP,46.3,2023-12-27 00:00:00.000000,2024-01-08 00:00:00.000000,DEPARTAMENTO,Arriendo,agency
TT-2024-01-001446,toctoc,Macul,Metropolitana,470000.0,CLP,45.7,2023-12-22 00:00:00.000000,2024-01-08 00:00:00.000000,departamento,arriendo,agency
TT-2024-01-002017,toctoc,VITACURA,Metropolitana,30.54,UF,40.6,2023-11-30 00:00:00.000000,2024-01-08 00:00:00.000000,departamento,Arriendo,agency
TT-2024-01-003688,toctoc,Ñuñoa,Metropolitana,15.14,UF,44.3,2023-12-29 00:00:00.000000,2024-01-22 00:00:00.000000,departamento,arriendo,agency
TT-2024-01-001650,toctoc,Providencia,Metropolitana,22.97,UF,41.2,2023-11-05 00:00:00.000000,2024-01-08 00:00:00.000000,DEPARTAMENTO,Arriendo,agency
TT-2024-01-001244,toctoc,Ñuñoa,Metropolitana,161.62,UF,650.0,2023-07-29 00:00:00.000000,2024-01-08 00:00:00.000000,DEPARTAMENTO,Arriendo,agency
TT-2024-01-000773,toctoc,Recoleta,Metropolitana,14.05,UF,54.1,2023-12-28 00:00:00.000000,2024-01-01 00:00:00.000000,DEPARTAMENTO,ARRIENDO,agency
TT-2024-01-004225,toctoc,Maipú,Metropolitana,8.38,UF,23.1,2024-01-03 00:00:00.000000,2024-01-22 00:00:00.000000,DEPARTAMENTO,ARRIENDO,agency
TT-2024-01-000007,toctoc,Vitacura,Metropolitana,25.14,UF,28.2,2023-11-15 00:00:00.000000,2024-01-01 00:00:00.000000,Departamento,arriendo,agency
TT-2024-01-004251,toctoc,Santiago,Metropolitana,16.22,UF,47.1,2024-01-08 00:00:00.000000,2024-01-22 00:00:00.000000,Departamento,ARRIENDO,owner_direct
TT-2024-01-000209,toctoc,Estación Central,Metropolitana,405000.0,CLP,38.0,2023-11-28 00:00:00.000000,2024-01-01 00:00:00.000000,departamento,ARRIENDO,agency
TT-2024-01-002304,toctoc,Estación Central,Metropolitana,12.84,UF,35.5,2023-12-09 00:00:00.000000,2024-01-08 00:00:00.000000,Departamento,Arriendo,
TT-2024-01-000938,toctoc,San Miguel,Metropolitana,16.35,UF,47.3,2023-12-14 00:00:00.000000,2024-01-01 00:00:00.000000,Departamento,ARRIENDO,agency
TT-2024-01-002309,toctoc,Ñuñoa,Metropolitana,1180000.0,CLP,90.4,2023-12-23 00:00:00.000000,2024-01-08 00:00:00.000000,DEPARTAMENTO,arriendo,agency
TT-2024-01-003534,toctoc,Huechuraba,Metropolitana,19.32,UF,81.9,2023-10-07 00:00:00.000000,2024-01-22 00:00:00.000000,departamento,arriendo,agency
TT-2024-01-002754,toctoc,Cerrillos,Metropolitana,14.59,UF,54.1,2024-01-03 00:00:00.000000,2024-01-15 00:00:00.000000,DEPARTAMENTO,ARRIENDO,owner_direct
TT-2024-01-001871,toctoc,Santiago,Metropolitana,13.92,UF,41.8,2023-12-29 00:00:00.000000,2024-01-08 00:00:00.000000,DEPARTAMENTO,Arriendo,owner_direct
TT-2024-01-001393,toctoc,La Reina,Metropolitana,710000.0,CLP,46.0,2023-12-21 00:00:00.000000,2024-01-08 00:00:00.000000,Departamento,Arriendo,owner_direct
TT-2024-01-001956,toctoc,Recoleta,Metropolitana,580000.0,CLP,59.8,2023-12-15 00:00:00.000000,2024-01-08 00:00:00.000000,Departamento,Arriendo,owner_direct
TT-2024-01-002076,toctoc,Quinta Normal,Metropolitana,395000.0,CLP,34.5,2023-12-31 00:00:00.000000,2024-01-08 00:00:00.000000,Departamento,arriendo,owner_direct
TT-2024-01-002629,toctoc,San Miguel,Metropolitana,15.27,UF,58.0,2023-12-20 00:00:00.000000,2024-01-15 00:00:00.000000,Departamento,arriendo,agency
TT-2024-01-005241,toctoc,Quinta Normal,Metropolitana,570000.0,CLP,70.4,2023-12-11 00:00:00.000000,2024-01-29 00:00:00.000000,departamento,ARRIENDO,owner_direct
TT-2024-01-000770,toctoc,Estación Central,Metropolitana,9.19,UF,40.0,2023-12-01 00:00:00.000000,2024-01-01 00:00:00.000000,DEPARTAMENTO,ARRIENDO,agency
TT-2024-01-001949,toctoc,Maipú,Metropolitana,10.14,UF,33.2,2023-12-01 00:00:00.000000,2024-01-08 00:00:00.000000,departamento,arriendo,agency
TT-2024-01-003909,toctoc,Ñuñoa,Metropolitana,810000.0,CLP,57.8,2023-12-28 00:00:00.000000,2024-01-22 00:00:00.000000,DEPARTAMENTO,Arriendo,owner_direct
TT-2024-01-004570,toctoc,Huechuraba,Metropolitana,15.27,UF,38.5,2023-12-27 00:00:00.000000,2024-01-29 00:00:00.000000,DEPARTAMENTO,arriendo,owner_direct
TT-2024-01-004727,toctoc,Huechuraba ,Metropolitana,625000.0,CLP,58.9,2023-12-11 00:00:00.000000,2024-01-29 00:00:00.000000,departamento,arriendo,agency
TT-2024-01-004543,toctoc,La Florida,Metropolitana,10.0,UF,31.4,2024-01-03 00:00:00.000000,2024-01-29 00:00:00.000000,DEPARTAMENTO,Arriendo,owner_direct
TT-2024-01-004783,toctoc,Maipú,Metropolitana,143.38,UF,57.1,2023-12-08 00:00:00.000000,2024-01-29 00:00:00.000000,Departamento,arriendo,owner_direct
TT-2024-01-001509,toctoc,Renca,Metropolitana,495000.0,CLP,59.2,2023-12-26 00:00:00.000000,2024-01-08 00:00:00.000000,Departamento,Arriendo,agency
TT-2024-01-000072,toctoc,Estación Central,Metropolitana,445000.0,CLP,49.4,2023-12-16 00:00:00.000000,2024-01-01 00:00:00.000000,Departamento,arriendo,agency
TT-2024-01-004564,toctoc,Ñuñoa,Metropolitana,18.38,UF,42.7,2024-01-27 00:00:00.000000,2024-01-29 00:00:00.000000,Departamento,arriendo,owner_direct
TT-2024-01-004563,toctoc,La Florida,Metropolitana,14.46,UF,68.8,2024-01-17 00:00:00.000000,2024-01-29 00:00:00.000000,DEPARTAMENTO,ARRIENDO,owner_direct
TT-2024-01-003529,toctoc,Puente Alto,Metropolitana,11.89,UF,46.2,2023-12-30 00:00:00.000000,2024-01-22 00:00:00.000000,Departamento,ARRIENDO,owner_direct
TT-2024-01-005397,toctoc,Maipú,Metropolitana,410000.0,CLP,38.0,2023-12-20 00:00:00.000000,2024-01-29 00:00:00.000000,DEPARTAMENTO,ARRIENDO,agency
TT-2024-01-001290,toctoc,Independencia,Metropolitana,16.76,UF,72.4,2023-12-30 00:00:00.000000,2024-01-08 00:00:00.000000,departamento,ARRIENDO,owner_direct
TT-2024-01-002406,toctoc,Ñuñoa,Metropolitana,18.38,UF,49.6,2023-12-14 00:00:00.000000,2024-01-15 00:00:00.000000,departamento,Arriendo,owner_direct
TT-2024-01-001750,toctoc,Santiago,Metropolitana,555000.0,CLP,58.8,2023-08-06 00:00:00.000000,2024-01-08 00:00:00.000000,DEPARTAMENTO,Arriendo,owner_direct
TT-2024-01-004012,toctoc,San Joaquín,Metropolitana,11.08,UF,34.2,2023-12-11 00:00:00.000000,2024-01-22 00:00:00.000000,Departamento,arriendo,agency
TT-2024-01-002623,toctoc,Estación Central,Metropolitana,9.46,UF,29.1,2023-12-21 00:00:00.000000,2024-01-15 00:00:00.000000,DEPARTAMENTO,Arriendo,agency
TT-2024-01-005251,toctoc,Recoleta,Metropolitana,450000.0,CLP,33.4,2024-01-22 00:00:00.000000,2024-01-29 00:00:00.000000,DEPARTAMENTO,arriendo,
TT-2024-01-005476,toctoc,San Miguel,Metropolitana,510000.0,CLP,43.0,2024-01-11 00:00:00.000000,2024-01-29 00:00:00.000000,Departamento,arriendo,agency
TT-2024-01-003137,toctoc,La Florida,Metropolitana,645000.0,CLP,63.6,2023-12-15 00:00:00.000000,2024-01-15 00:00:00.000000,DEPARTAMENTO,Arriendo,owner_direct
TT-2024-01-000145,toctoc,Maipú,Metropolitana,11.89,UF,50.2,2023-12-20 00:00:00.000000,2024-01-01 00:00:00.000000,Departamento,Arriendo,agency
TT-2024-01-002029,toctoc,Providencia,Metropolitana,30.68,UF,73.2,2023-12-20 00:00:00.000000,2024-01-08 00:00:00.000000,departamento,ARRIENDO,agency
TT-2024-01-002211,toctoc,Providencia,Metropolitana,21.62,UF,35.7,2023-11-12 00:00:00.000000,2024-01-08 00:00:00.000000,departamento,Arriendo,owner_direct
TT-2024-01-002496,toctoc,Quilicura,Metropolitana,475000.0,CLP,54.5,2023-11-11 00:00:00.000000,2024-01-15 00:00:00.000000,departamento,ARRIENDO,agency
TT-2024-01-005387,toctoc,San Miguel,Metropolitana,12.57,UF,33.4,2024-01-14 00:00:00.000000,2024-01-29 00:00:00.000000,Departamento,Arriendo,agency
TT-2024-01-004104,toctoc,Estación Central,Metropolitana,41.08,UF,44.4,2023-12-28 00:00:00.000000,2024-01-22 00:00:00.000000,departamento,Arriendo,owner_direct
TT-2024-01-003223,toctoc,Recoleta,Metropolitana,445000.0,CLP,47.4,2023-12-29 00:00:00.000000,2024-01-15 00:00:00.000000,DEPARTAMENTO,Arriendo,agency
TT-2024-01-004088,toctoc,Providencia,Metropolitana,27.3,UF,44.1,2023-12-17 00:00:00.000000,2024-01-22 00:00:00.000000,departamento,Arriendo,agency
TT-2024-01-002702,toctoc,Recoleta,Metropolitana,400000.0,CLP,37.5,2024-01-02 00:00:00.000000,2024-01-15 00:00:00.000000,Departamento,Arriendo,owner_direct
TT-2024-01-002269,toctoc,La Cisterna,Metropolitana,735000.0,CLP,69.4,2023-11-23 00:00:00.000000,2024-01-08 00:00:00.000000,DEPARTAMENTO,arriendo,agency
TT-2024-01-005249,toctoc,Macul,Metropolitana,470000.0,CLP,41.6,2023-11-14 00:00:00.000000,2024-01-29 00:00:00.000000,DEPARTAMENTO,arriendo,agency
TT-2024-01-004429,toctoc,Puente Alto,Metropolitana,10.81,UF,46.4,2024-01-09 00:00:00.000000,2024-01-29 00:00:00.000000,DEPARTAMENTO,arriendo,owner_direct
TT-2024-01-002627,toctoc,La Florida,Metropolitana,635000.0,CLP,69.5,2024-01-06 00:00:00.000000,2024-01-15 00:00:00.000000,departamento,ARRIENDO,agency
TT-2024-01-005289,toctoc,La Florida,Metropolitana,14.86,UF,40.9,2024-01-18 00:00:00.000000,2024-01-29 00:00:00.000000,DEPARTAMENTO,ARRIENDO,agency
TT-2024-01-003496,toctoc,Quinta Normal,Metropolitana,860000.0,CLP,122.8,2023-12-24 00:00:00.000000,2024-01-22 00:00:00.000000,departamento,ARRIENDO,owner_direct
TT-2024-01-002215,toctoc,Providencia,Metropolitana,20.27,UF,41.5,2023-12-15 00:00:00.000000,2024-01-08 00:00:00.000000,departamento,ARRIENDO,agency
TT-2024-01-005393,toctoc,San Miguel,Metropolitana,25.68,UF,105.3,2023-12-14 00:00:00.000000,2024-01-29 00:00:00.000000,departamento,arriendo,owner_direct
TT-2024-01-005494,toctoc,Ñuñoa,Metropolitana,1090000.0,CLP,84.3,2024-01-19 00:00:00.000000,2024-01-29 00:00:00.000000,departamento,arriendo,owner_direct
TT-2024-01-000350,toctoc,Cerrillos,Metropolitana,730000.0,CLP,100.3,2023-09-03 00:00:00.000000,2024-01-01 00:00:00.000000,departamento,ARRIENDO,agency
TT-2024-01-000985,toctoc,Ñuñoa,Metropolitana,22.43,UF,59.7,2023-11-17 00:00:00.000000,2024-01-01 00:00:00.000000,departamento,arriendo,agency
TT-2024-01-000087,toctoc,Ñuñoa,Metropolitana,23.92,UF,57.8,2023-06-19 00:00:00.000000,2024-01-01 00:00:00.000000,Departamento,ARRIENDO,agency
TT-2024-01-004840,toctoc,Lo Barnechea,Metropolitana,915000.0,CLP,70.0,2024-01-02 00:00:00.000000,2024-01-29 00:00:00.000000,departamento,arriendo,owner_direct
TT-2024-01-000323,toctoc,Lo Barnechea,Metropolitana,20.54,UF,31.4,2023-12-21 00:00:00.000000,2024-01-01 00:00:00.000000,Departamento,arriendo,agency
TT-2024-01-002125,toctoc,La Florida,Metropolitana,14.73,UF,36.8,2023-11-07 00:00:00.000000,2024-01-08 00:00:00.000000,DEPARTAMENTO,arriendo,agency
TT-2024-01-003506,toctoc,La Florida,Metropolitana,12.84,UF,38.4,2024-01-04 00:00:00.000000,2024-01-22 00:00:00.000000,Departamento,ARRIENDO,agency
TT-2024-01-003838,toctoc,Maipú,Metropolitana,485000.0,CLP,37.7,2023-09-13 00:00:00.000000,2024-01-22 00:00:00.000000,DEPARTAMENTO,Arriendo,agency
TT-2024-01-005021,toctoc,Santiago,Metropolitana,425000.0,CLP,28.0,2023-12-30 00:00:00.000000,2024-01-29 00:00:00.000000,departamento,Arriendo,agency
TT-2024-01-001213,toctoc,independencia,Metropolitana,10.54,UF,25.1,2024-01-02 00:00:00.000000,2024-01-08 00:00:00.000000,Departamento,arriendo,agency
TT-2024-01-000957,toctoc,vitacura,Metropolitana,920000.0,CLP,36.3,2023-11-30 00:00:00.000000,2024-01-01 00:00:00.000000,Departamento,Arriendo,agency
TT-2024-01-003371,toctoc,San Miguel,Metropolitana,17.3,UF,64.5,2024-01-17 00:00:00.000000,2024-01-22 00:00:00.000000,Departamento,ARRIENDO,agency
TT-2024-01-001383,toctoc,Huechuraba,Metropolitana,625000.0,CLP,51.7,2023-12-02 00:00:00.000000,2024-01-08 00:00:00.000000,Departamento,Arriendo,agency
TT-2024-01-004302,toctoc,santiago,Metropolitana,15.81,UF,39.3,2024-01-07 00:00:00.000000,2024-01-22 00:00:00.000000,departamento,ARRIENDO,agency
TT-2024-01-002930,toctoc,Estación Central,Metropolitana,505000.0,CLP,56.1,2023-11-19 00:00:00.000000,2024-01-15 00:00:00.000000,DEPARTAMENTO,Arriendo,agency
TT-2024-01-005394,toctoc,La Reina,Metropolitana,17.43,UF,23.6,2023-11-21 00:00:00.000000,2024-01-29 00:00:00.000000,Departamento,arriendo,owner_direct
TT-2024-01-000064,toctoc,Las Condes,Metropolitana,1920000.0,CLP,126.8,2023-12-22 00:00:00.000000,2024-01-01 00:00:00.000000,Departamento,Arriendo,agency
TT-2024-01-004867,toctoc,Quinta Normal,Metropolitana,11.76,UF,32.3,2024-01-15 00:00:00.000000,2024-01-29 00:00:00.000000,DEPARTAMENTO,ARRIENDO,agency
TT-2024-01-000083,toctoc,Santiago,Metropolitana,570000.0,CLP,41.6,2023-12-02 00:00:00.000000,2024-01-01 00:00:00.000000,Departamento,ARRIENDO,agency
TT-2024-01-002393,toctoc,Las Condes,Metropolitana,32.16,UF,65.9,2023-12-17 00:00:00.000000,2024-01-15 00:00:00.000000,departamento,arriendo,owner_direct
TT-2024-01-001444,toctoc,San Miguel,Metropolitana,700000.0,CLP,87.4,2023-12-02 00:00:00.000000,2024-01-08 00:00:00.000000,departamento,arriendo,owner_direct
TT-2024-01-003896,toctoc,Huechuraba,Metropolitana,16.76,UF,62.9,2023-11-21 00:00:00.000000,2024-01-22 00:00:00.000000,DEPARTAMENTO,Arriendo,owner_direct
TT-2024-01-002263,toctoc,Macul,Metropolitana,540000.0,CLP,43.1,2023-12-18 00:00:00.000000,2024-01-08 00:00:00.000000,Departamento,Arriendo,agency
TT-2024-01-003976,toctoc,Quinta Normal,Metropolitana,13.38,UF,48.8,2024-01-06 00:00:00.000000,2024-01-22 00:00:00.000000,DEPARTAMENTO,ARRIENDO,agency
TT-2024-01-003499,toctoc,Lo Barnechea,Metropolitana,1020000.0,CLP,59.2,2024-01-17 00:00:00.000000,2024-01-22 00:00:00.000000,DEPARTAMENTO,Arriendo,agency
TT-2024-01-004289,toctoc,Independencia,Metropolitana,13.51,UF,46.5,2023-06-28 00:00:00.000000,2024-01-22 00:00:00.000000,Departamento,ARRIENDO,agency
TT-2024-01-003047,toctoc,Estación Central,Metropolitana,390000.0,CLP,41.4,2023-12-19 00:00:00.000000,2024-01-15 00:00:00.000000,DEPARTAMENTO,Arriendo,agency
TT-2024-01-001152,toctoc,La Reina,Metropolitana,23.92,UF,55.4,2023-04-15 00:00:00.000000,2024-01-01 00:00:00.000000,Departamento,ARRIENDO,owner_direct
TT-2024-01-002758,toctoc,Quilicura,Metropolitana,4655000.0,CLP,58.9,2023-06-16 00:00:00.000000,2024-01-15 00:00:00.000000,departamento,Arriendo,agency
TT-2024-01-004316,toctoc,La Florida,Metropolitana,650000.0,CLP,68.7,2024-01-03 00:00:00.000000,2024-01-22 00:00:00.000000,departamento,arriendo,agency
TT-2024-01-005102,toctoc,Santiago,Metropolitana,530000.0,CLP,42.7,2023-12-28 00:00:00.000000,2024-01-29 00:00:00.000000,departamento,Arriendo,agency
TT-2024-01-003251,toctoc,Maipú,Metropolitana,12.97,UF,69.4,2023-10-20 00:00:00.000000,2024-01-15 00:00:00.000000,departamento,arriendo,owner_direct
TT-2024-01-004118,toctoc,Lo Barnechea,Metropolitana,745000.0,CLP,34.0,2024-01-10 00:00:00.000000,2024-01-22 00:00:00.000000,Departamento,Arriendo,agency
TT-2024-01-004626,toctoc,Vitacura,Metropolitana,30.81,UF,45.0,2024-01-17 00:00:00.000000,2024-01-29 00:00:00.000000,departamento,Arriendo,owner_direct
TT-2024-01-000846,toctoc,Puente Alto,Metropolitana,715000.0,CLP,89.2,2023-10-21 00:00:00.000000,2024-01-01 00:00:00.000000,Departamento,ARRIENDO,agency
TT-2024-01-001668,toctoc,Recoleta,Metropolitana,10.81,UF,44.6,2023-12-31 00:00:00.000000,2024-01-08 00:00:00.000000,Departamento,arriendo,agency
TT-2024-01-004878,toctoc,San Joaquín,Metropolitana,365000.0,CLP,32.4,2024-01-08 00:00:00.000000,2024-01-29 00:00:00.000000,DEPARTAMENTO,Arriendo,agency
TT-2024-01-001224,toctoc,Ñuñoa,Metropolitana,730000.0,CLP,62.1,2023-12-18 00:00:00.000000,2024-01-08 00:00:00.000000,Departamento,ARRIENDO,agency
TT-2024-01-002097,toctoc,Conchalí,Metropolitana,530000.0,CLP,54.7,2023-10-10 00:00:00.000000,2024-01-08 00:00:00.000000,departamento,ARRIENDO,owner_direct
TT-2024-01-002028,toctoc,La Florida,Metropolitana,12.97,UF,31.8,2023-12-28 00:00:00.000000,2024-01-08 00:00:00.000000,Departamento,arriendo,owner_direct
TT-2024-01-002753,toctoc,Ñuñoa,Metropolitana,505000.0,CLP,24.8,2023-12-29 00:00:00.000000,2024-01-15 00:00:00.000000,DEPARTAMENTO,Arriendo,agency
TT-2024-01-003319,toctoc,La Florida,Metropolitana,570000.0,CLP,70.9,2023-12-29 00:00:00.000000,2024-01-22 00:00:00.000000,DEPARTAMENTO,ARRIENDO,agency
TT-2024-01-000779,toctoc,La Florida,Metropolitana,700000.0,CLP,74.5,2023-11-30 00:00:00.000000,2024-01-01 00:00:00.000000,departamento,ARRIENDO,agency
TT-2024-01-001850,toctoc,Providencia,Metropolitana,25.68,UF,41.3,2023-12-29 00:00:00.000000,2024-01-08 00:00:00.000000,Departamento,Arriendo,agency
TT-2024-01-003658,toctoc,San Miguel,Metropolitana,16.08,UF,56.3,2023-12-31 00:00:00.000000,2024-01-22 00:00:00.000000,Departamento,arriendo,owner_direct
TT-2024-01-004538,toctoc,Santiago,Metropolitana,20.41,UF,63.2,2023-07-22 00:00:00.000000,2024-01-29 00:00:00.000000,DEPARTAMENTO,ARRIENDO,agency
TT-2024-01-002969,toctoc,Vitacura,Metropolitana,24.59,UF,23.1,2024-01-10 00:00:00.000000,2024-01-15 00:00:00.000000,Departamento,ARRIENDO,agency
TT-2024-01-003833,toctoc,Conchalí,Metropolitana,590000.0,CLP,57.0,2023-12-04 00:00:00.000000,2024-01-22 00:00:00.000000,Departamento,arriendo,agency
TT-2024-01-000478,toctoc,Quinta Normal,Metropolitana,12.57,UF,47.8,2023-12-14 00:00:00.000000,2024-01-01 00:00:00.000000,Departamento,arriendo,owner_direct
TT-2024-01-001073,toctoc,Vitacura,Metropolitana,37.57,UF,79.2,2023-11-17 00:00:00.000000,2024-01-01 00:00:00.000000,Departamento,ARRIENDO,agency
TT-2024-01-003826,toctoc,Las Condes,Metropolitana,29.59,UF,63.2,2023-12-12 00:00:00.000000,2024-01-22 00:00:00.000000,DEPARTAMENTO,Arriendo,owner_direct
TT-2024-01-005233,toctoc,Maipú,Metropolitana,13.65,UF,53.4,2024-01-07 00:00:00.000000,2024-01-29 00:00:00.000000,departamento,ARRIENDO,agency
TT-2024-01-003667,toctoc,Estación Central,Metropolitana,10.41,UF,32.4,2023-11-18 00:00:00.000000,2024-01-22 00:00:00.000000,departamento,Arriendo,agency
TT-2024-01-001087,toctoc,La Cisterna,Metropolitana,755000.0,CLP,108.9,2023-12-13 00:00:00.000000,2024-01-01 00:00:00.000000,departamento,arriendo,owner_direct
TT-2024-01-005369,toctoc,Huechuraba,Metropolitana,35.54,UF,131.1,2024-01-08 00:00:00.000000,2024-01-29 00:00:00.000000,departamento,arriendo,agency
TT-2024-01-000214,toctoc,San Joaquín,Metropolitana,12.84,UF,41.8,2023-12-25 00:00:00.000000,2024-01-01 00:00:00.000000,Departamento,ARRIENDO,owner_direct
TT-2024-01-000636,toctoc,Las Condes,Metropolitana,20.14,UF,21.0,2023-11-26 00:00:00.000000,2024-01-01 00:00:00.000000,departamento,ARRIENDO,agency
TT-2024-01-002979,toctoc,Peñalolén,Metropolitana,17.03,UF,51.4,2023-12-02 00:00:00.000000,2024-01-15 00:00:00.000000,Departamento,arriendo,owner_direct
TT-2024-01-001779,toctoc,Puente Alto,Metropolitana,390000.0,CLP,45.0,2023-12-07 00:00:00.000000,2024-01-08 00:00:00.000000,departamento,ARRIENDO,
TT-2024-01-002831,toctoc,La Reina,Metropolitana,22.97,UF,45.5,2024-01-07 00:00:00.000000,2024-01-15 00:00:00.000000,departamento,arriendo,agency
TT-2024-01-001932,toctoc,Estación Central,Metropolitana,12.97,UF,60.1,2023-12-22 00:00:00.000000,2024-01-08 00:00:00.000000,DEPARTAMENTO,Arriendo,agency
TT-2024-01-004690,toctoc,San Miguel,Metropolitana,21.35,UF,90.6,2024-01-26 00:00:00.000000,2024-01-29 00:00:00.000000,Departamento,Arriendo,agency
TT-2024-01-003811,toctoc,Santiago,Metropolitana,24.46,UF,97.5,2023-06-27 00:00:00.000000,2024-01-22 00:00:00.000000,departamento,Arriendo,owner_direct
TT-2024-01-002070,toctoc,Las Condes,Metropolitana,1225000.0,CLP,70.7,2023-12-16 00:00:00.000000,2024-01-08 00:00:00.000000,DEPARTAMENTO,Arriendo,agency
TT-2024-01-004230,toctoc,Santiago,Metropolitana,18.11,UF,63.1,2023-10-31 00:00:00.000000,2024-01-22 00:00:00.000000,Departamento,arriendo,owner_direct
TT-2024-01-002735,toctoc,Peñalolén,Metropolitana,14.59,UF,46.5,2024-01-08 00:00:00.000000,2024-01-15 00:00:00.000000,departamento,ARRIENDO,agency
TT-2024-01-003172,toctoc,Santiago,Metropolitana,17.97,UF,56.6,2023-11-25 00:00:00.000000,2024-01-15 00:00:00.000000,Departamento,Arriendo,agency
TT-2024-01-002598,toctoc,Providencia,Metropolitana,45.95,UF,107.2,2023-11-17 00:00:00.000000,2024-01-15 00:00:00.000000,departamento,arriendo,agency
TT-2024-01-002542,toctoc,San Miguel,Metropolitana,21.35,UF,68.1,2023-09-03 00:00:00.000000,2024-01-15 00:00:00.000000,DEPARTAMENTO,arriendo,agency
TT-2024-01-001252,toctoc,La Florida,Metropolitana,50.68,UF,67.9,2023-08-06 00:00:00.000000,2024-01-08 00:00:00.000000,departamento,arriendo,agency
TT-2024-01-002080,toctoc,Macul,Metropolitana,580000.0,CLP,39.9,2023-12-23 00:00:00.000000,2024-01-08 00:00:00.000000,departamento,ARRIENDO,owner_direct
TT-2024-01-002567,toctoc,Huechuraba,Metropolitana,15.68,UF,32.2,2023-11-27 00:00:00.000000,2024-01-15 00:00:00.000000,DEPARTAMENTO,Arriendo,agency
TT-2024-01-002284,toctoc,Independencia,Metropolitana,12.03,UF,42.0,2023-12-21 00:00:00.000000,2024-01-08 00:00:00.000000,departamento,Arriendo,owner_direct
TT-2024-01-002036,toctoc,Huechuraba,Metropolitana,16.76,UF,46.3,2023-08-20 00:00:00.000000,2024-01-08 00:00:00.000000,Departamento,ARRIENDO,agency
TT-2024-01-003671,toctoc,La Cisterna,Metropolitana,12.7,UF,41.2,2024-01-07 00:00:00.000000,2024-01-22 00:00:00.000000,departamento,arriendo,owner_direct
TT-2024-01-004593,toctoc,Recoleta,Metropolitana,12.97,UF,35.7,2024-01-14 00:00:00.000000,2024-01-29 00:00:00.000000,DEPARTAMENTO,Arriendo,owner_direct
TT-2024-01-004643,toctoc,Ñuñoa,Metropolitana,17.57,UF,55.9,2024-01-15 00:00:00.000000,2024-01-29 00:00:00.000000,departamento,arriendo,owner_direct
TT-2024-01-002985,toctoc,Las Condes,Metropolitana,970000.0,CLP,42.7,2024-01-05 00:00:00.000000,2024-01-15 00:00:00.000000,departamento,ARRIENDO,owner_direct
TT-2024-01-004966,toctoc,La Reina,Metropolitana,980000.0,CLP,65.0,2024-01-22 00:00:00.000000,2024-01-29 00:00:00.000000,departamento,ARRIENDO,owner_direct
TT-2024-01-000370,toctoc,Providencia,Metropolitana,25.95,UF,64.3,2023-11-15 00:00:00.000000,2024-01-01 00:00:00.000000,departamento,arriendo,agency
TT-2024-01-005069,toctoc,Santiago,Metropolitana,28.38,UF,137.3,2023-12-10 00:00:00.000000,2024-01-29 00:00:00.000000,departamento,arriendo,agency
TT-2024-01-001236,toctoc,Ñuñoa,Metropolitana,805000.0,CLP,61.6,2023-11-11 00:00:00.000000,2024-01-08 00:00:00.000000,Departamento,ARRIENDO,owner_direct
TT-2024-01-000995,toctoc,Ñuñoa,Metropolitana,640000.0,CLP,51.5,2023-12-14 00:00:00.000000,2024-01-01 00:00:00.000000,departamento,arriendo,
TT-2024-01-000017,toctoc,Independencia,Metropolitana,420000.0,CLP,29.8,2023-12-28 00:00:00.000000,2024-01-01 00:00:00.000000,departamento,ARRIENDO,owner_direct
TT-2024-01-000725,toctoc,Puente Alto,Metropolitana,12.97,UF,62.2,2023-12-12 00:00:00.000000,2024-01-01 00:00:00.000000,departamento,ARRIENDO,owner_direct
TT-2024-01-002358,toctoc,Maipú,Metropolitana,11.62,UF,49.9,2024-01-02 00:00:00.000000,2024-01-08 00:00:00.000000,departamento,ARRIENDO,agency
TT-2024-01-001384,toctoc,Recoleta,Metropolitana,355000.0,CLP,24.3,2023-12-29 00:00:00.000000,2024-01-08 00:00:00.000000,DEPARTAMENTO,Arriendo,agency
TT-2024-01-002919,toctoc,Independencia,Metropolitana,13.11,UF,56.2,2023-11-23 00:00:00.000000,2024-01-15 00:00:00.000000,Departamento,ARRIENDO,owner_direct
TT-2024-01-001639,toctoc,Las Condes,Metropolitana,24.86,UF,39.4,2023-12-25 00:00:00.000000,2024-01-08 00:00:00.000000,DEPARTAMENTO,arriendo,agency
TT-2024-01-005284,toctoc,Puente Alto,Metropolitana,505000.0,CLP,46.8,2024-01-17 00:00:00.000000,2024-01-29 00:00:00.000000,departamento,Arriendo,owner_direct
TT-2024-01-003892,toctoc,Macul,Metropolitana,600000.0,CLP,66.3,2023-11-30 00:00:00.000000,2024-01-22 00:00:00.000000,departamento,arriendo,agency
TT-2024-01-001889,toctoc,San Miguel,Metropolitana,14.73,UF,32.7,2024-01-02 00:00:00.000000,2024-01-08 00:00:00.000000,departamento,arriendo,agency
TT-2024-01-000793,toctoc,Providencia,Metropolitana,900000.0,CLP,53.2,2023-12-21 00:00:00.000000,2024-01-01 00:00:00.000000,Departamento,ARRIENDO,agency
TT-2024-01-000961,toctoc,Lo Barnechea,Metropolitana,805000.0,CLP,47.0,2023-12-25 00:00:00.000000,2024-01-01 00:00:00.000000,DEPARTAMENTO,arriendo,agency
TT-2024-01-000503,toctoc,Huechuraba,Metropolitana,27.16,UF,108.4,2023-12-12 00:00:00.000000,2024-01-01 00:00:00.000000,Departamento,arriendo,agency
TT-2024-01-004116,toctoc,San Miguel,Metropolitana,425000.0,CLP,1.0,2024-01-01 00:00:00.000000,2024-01-22 00:00:00.000000,Departamento,arriendo,agency
TT-2024-01-004659,toctoc,Macul,Metropolitana,17.7,UF,69.5,2024-01-16 00:00:00.000000,2024-01-29 00:00:00.000000,departamento,ARRIENDO,agency
TT-2024-01-004144,toctoc,Independencia,Metropolitana,815000.0,CLP,111.4,2023-12-16 00:00:00.000000,2024-01-22 00:00:00.000000,departamento,ARRIENDO,agency
TT-2024-01-005115,toctoc,Santiago,Metropolitana,810000.0,CLP,69.2,2023-12-29 00:00:00.000000,2024-01-29 00:00:00.000000,Departamento,ARRIENDO,agency
TT-2024-01-000107,toctoc,Las Condes,Metropolitana,19.19,UF,37.2,2023-12-16 00:00:00.000000,2024-01-01 00:00:00.000000,DEPARTAMENTO,ARRIENDO,agency
TT-2024-01-000098,toctoc,San Joaquín,Metropolitana,15.95,UF,71.8,2023-12-17 00:00:00.000000,2024-01-01 00:00:00.000000,departamento,Arriendo,owner_direct
TT-2024-01-001114,toctoc,Las Condes,Metropolitana,1405000.0,CLP,120.5,2023-12-16 00:00:00.000000,2024-01-01 00:00:00.000000,Departamento,ARRIENDO,agency
TT-2024-01-005070,toctoc,La Cisterna,Metropolitana,460000.0,CLP,45.2,2024-01-09 00:00:00.000000,2024-01-29 00:00:00.000000,Departamento,arriendo,agency
TT-2024-01-003195,toctoc,Maipú,Metropolitana,10.54,UF,39.6,2024-01-07 00:00:00.000000,2024-01-15 00:00:00.000000,Departamento,arriendo,owner_direct
TT-2024-01-000488,toctoc,Independencia ,Metropolitana,450000.0,CLP,45.0,2023-12-24 00:00:00.000000,2024-01-01 00:00:00.000000,DEPARTAMENTO,arriendo,owner_direct
TT-2024-01-003468,toctoc,Puente Alto,Metropolitana,11.08,UF,37.4,2023-12-13 00:00:00.000000,2024-01-22 00:00:00.000000,Departamento,Arriendo,owner_direct
TT-2024-01-002055,toctoc,La Cisterna,Metropolitana,330000.0,CLP,27.8,2023-11-02 00:00:00.000000,2024-01-08 00:00:00.000000,DEPARTAMENTO,arriendo,owner_direct
TT-2024-01-002728,toctoc,Ñuñoa,Metropolitana,15.54,UF,31.2,2023-08-23 00:00:00.000000,2024-01-15 00:00:00.000000,Departamento,ARRIENDO,
TT-2024-01-005067,toctoc,San Joaquín,Metropolitana,15.14,UF,75.6,2024-01-15 00:00:00.000000,2024-01-29 00:00:00.000000,DEPARTAMENTO,ARRIENDO,agency
TT-2024-01-005467,toctoc,Santiago,Metropolitana,17.7,UF,65.3,2024-01-21 00:00:00.000000,2024-01-29 00:00:00.000000,DEPARTAMENTO,ARRIENDO,owner_direct
TT-2024-01-002418,toctoc,Las Condes,Metropolitana,44.73,UF,112.6,2023-12-24 00:00:00.000000,2024-01-15 00:00:00.000000,departamento,arriendo,owner_direct
TT-2024-01-004721,toctoc,Providencia,Metropolitana,27.57,UF,57.9,2024-01-27 00:00:00.000000,2024-01-29 00:00:00.000000,Departamento,Arriendo,agency
TT-2024-01-001887,toctoc,San Miguel,Metropolitana,16.08,UF,61.0,2024-01-01 00:00:00.000000,2024-01-08 00:00:00.000000,DEPARTAMENTO,arriendo,owner_direct
TT-2024-01-004683,toctoc,Puente Alto,Metropolitana,340000.0,CLP,34.2,2023-12-23 00:00:00.000000,2024-01-29 00:00:00.000000,departamento,arriendo,agency
TT-2024-01-001302,toctoc,Quilicura,Metropolitana,12.43,UF,48.4,2023-12-19 00:00:00.000000,2024-01-08 00:00:00.000000,DEPARTAMENTO,arriendo,agency
TT-2024-01-002551,toctoc,Macul,Metropolitana,595000.0,CLP,57.4,2024-01-06 00:00:00.000000,2024-01-15 00:00:00.000000,DEPARTAMENTO,Arriendo,agency
TT-2024-01-004413,toctoc,Las Condes,Metropolitana,805000.0,CLP,38.9,2023-11-07 00:00:00.000000,2024-01-29 00:00:00.000000,DEPARTAMENTO,arriendo,owner_direct
TT-2024-01-004950,toctoc,Independencia,Metropolitana,15.68,UF,71.5,2024-01-12 00:00:00.000000,2024-01-29 00:00:00.000000,Departamento,Arriendo,agency
TT-2024-01-005416,toctoc,San Miguel,Metropolitana,15.95,UF,66.4,2024-01-27 00:00:00.000000,2024-01-29 00:00:00.000000,Departamento,ARRIENDO,owner_direct
TT-2024-01-003322,toctoc,Providencia,Metropolitana,37.7,UF,86.2,2023-10-10 00:00:00.000000,2024-01-22 00:00:00.000000,DEPARTAMENTO,ARRIENDO,owner_direct
TT-2024-01-001823,toctoc,Providencia,Metropolitana,750000.0,CLP,55.7,2023-12-04 00:00:00.000000,2024-01-08 00:00:00.000000,Departamento,Arriendo,owner_direct
TT-2024-01-000850,toctoc,Santiago,Metropolitana,725000.0,CLP,56.7,2023-12-11 00:00:00.000000,2024-01-01 00:00:00.000000,Departamento,arriendo,owner_direct
TT-2024-01-000744,toctoc,Providencia,Metropolitana,23.24,UF,42.2,2023-12-15 00:00:00.000000,2024-01-01 00:00:00.000000,DEPARTAMENTO,ARRIENDO,agency
TT-2024-01-000113,toctoc,Santiago,Metropolitana,485000.0,CLP,41.5,2023-12-11 00:00:00.000000,2024-01-01 00:00:00.000000,Departamento,arriendo,agency
TT-2024-01-005274,toctoc,Peñalolén,Metropolitana,660000.0,CLP,58.8,2023-12-27 00:00:00.000000,2024-01-29 00:00:00.000000,departamento,arriendo,agency
TT-2024-01-002900,toctoc,Estación Central,Metropolitana,15.41,UF,60.1,2023-10-05 00:00:00.000000,2024-01-15 00:00:00.000000,departamento,arriendo,agency
TT-2024-01-004902,toctoc,Huechuraba,Metropolitana,14.32,UF,36.9,2024-01-21 00:00:00.000000,2024-01-29 00:00:00.000000,Departamento,ARRIENDO,agency
TT-2024-01-001515,toctoc,Las Condes,Metropolitana,1280000.0,CLP,59.2,2023-12-18 00:00:00.000000,2024-01-08 00:00:00.000000,DEPARTAMENTO,Arriendo,owner_direct
TT-2024-01-004596,toctoc,Las Condes,Metropolitana,1795000.0,CLP,116.7,2024-01-22 00:00:00.000000,2024-01-29 00:00:00.000000,DEPARTAMENTO,arriendo,owner_direct
TT-2024-01-001569,toctoc,Las Condes,Metropolitana,895000.0,CLP,36.6,2023-12-18 00:00:00.000000,2024-01-08 00:00:00.000000,departamento,ARRIENDO,owner_direct
TT-2024-01-004373,toctoc,Las Condes,Metropolitana,885000.0,CLP,47.1,2023-10-29 00:00:00.000000,2024-01-29 00:00:00.000000,departamento,Arriendo,owner_direct
TT-2024-01-002557,toctoc,Providencia,Metropolitana,32.43,UF,69.5,2023-12-28 00:00:00.000000,2024-01-15 00:00:00.000000,Departamento,ARRIENDO,owner_direct
TT-2024-01-000628,toctoc,Santiago,Metropolitana,12.03,UF,32.3,2023-12-05 00:00:00.000000,2024-01-01 00:00:00.000000,Departamento,Arriendo,owner_direct
TT-2024-01-000505,toctoc,La Florida,Metropolitana,18.65,UF,63.7,2023-12-03 00:00:00.000000,2024-01-01 00:00:00.000000,DEPARTAMENTO,Arriendo,agency
TT-2024-01-003865,toctoc,Ñuñoa,Metropolitana,905000.0,CLP,55.0,2024-01-03 00:00:00.000000,2024-01-22 00:00:00.000000,departamento,ARRIENDO,
TT-2024-01-002390,toctoc,Providencia,Metropolitana,25.54,UF,36.9,2023-12-11 00:00:00.000000,2024-01-15 00:00:00.000000,DEPARTAMENTO,arriendo,agency
TT-2024-01-001127,toctoc,Estación Central,Metropolitana,12.84,UF,50.6,2023-10-02 00:00:00.000000,2024-01-01 00:00:00.000000,Departamento,Arriendo,agency
TT-2024-01-004161,toctoc,Independencia,Metropolitana,325000.0,CLP,27.0,2023-07-16 00:00:00.000000,2024-01-22 00:00:00.000000,departamento,ARRIENDO,owner_direct
TT-2024-01-001977,toctoc,Vitacura,Metropolitana,1125000.0,CLP,44.3,2023-12-29 00:00:00.000000,2024-01-08 00:00:00.000000,departamento,Arriendo,owner_direct
TT-2024-01-001794,toctoc,Santiago ,Metropolitana,635000.0,CLP,43.1,2024-01-04 00:00:00.000000,2024-01-08 00:00:00.000000,Departamento,ARRIENDO,agency
TT-2024-01-000395,toctoc,Santiago,Metropolitana,15.0,UF,43.3,2023-11-29 00:00:00.000000,2024-01-01 00:00:00.000000,departamento,arriendo,owner_direct
TT-2024-01-003837,toctoc,Recoleta,Metropolitana,17.43,UF,77.3,2023-11-27 00:00:00.000000,2024-01-22 00:00:00.000000,DEPARTAMENTO,arriendo,agency
TT-2024-01-002889,toctoc,Independencia,Metropolitana,16.35,UF,74.8,2023-12-29 00:00:00.000000,2024-01-15 00:00:00.000000,DEPARTAMENTO,arriendo,owner_direct
TT-2024-01-003764,toctoc,Las Condes,Metropolitana,1335000.0,CLP,71.4,2024-01-03 00:00:00.000000,2024-01-22 00:00:00.000000,Departamento,ARRIENDO,agency
TT-2024-01-004085,toctoc,Peñalolén,Metropolitana,1045000.0,CLP,119.8,2023-12-26 00:00:00.000000,2024-01-22 00:00:00.000000,DEPARTAMENTO,arriendo,owner_direct
TT-2024-01-003669,toctoc,Quilicura,Metropolitana,11.89,UF,30.9,2023-10-02 00:00:00.000000,2024-01-22 00:00:00.000000,departamento,arriendo,agency
TT-2024-01-001898,toctoc,Maipú,Metropolitana,410000.0,CLP,32.1,2023-12-10 00:00:00.000000,2024-01-08 00:00:00.000000,DEPARTAMENTO,arriendo,agency
TT-2024-01-001189,toctoc,Recoleta,Metropolitana,465000.0,CLP,54.5,2023-11-17 00:00:00.000000,2024-01-01 00:00:00.000000,departamento,Arriendo,agency
TT-2024-01-004079,toctoc,Recoleta,Metropolitana,13.24,UF,54.3,2024-01-01 00:00:00.000000,2024-01-22 00:00:00.000000,DEPARTAMENTO,arriendo,agency
TT-2024-01-002323,toctoc,La Florida,Metropolitana,575000.0,CLP,56.1,2023-12-31 00:00:00.000000,2024-01-08 00:00:00.000000,Departamento,Arriendo,agency
TT-2024-01-000648,toctoc,Santiago,Metropolitana,17.57,UF,55.4,2023-12-11 00:00:00.000000,2024-01-01 00:00:00.000000,Departamento,ARRIENDO,owner_direct
TT-2024-01-000697,toctoc,La Reina,Metropolitana,1125000.0,CLP,89.6,2023-12-22 00:00:00.000000,2024-01-01 00:00:00.000000,departamento,arriendo,owner_direct
TT-2024-01-001557,toctoc,Macul,Metropolitana,14.73,UF,50.3,2023-12-26 00:00:00.000000,2024-01-08 00:00:00.000000,Departamento,Arriendo,owner_direct
TT-2024-01-000531,toctoc,Macul,Metropolitana,13.92,UF,43.4,2023-07-07 00:00:00.000000,2024-01-01 00:00:00.000000,Departamento,ARRIENDO,agency
TT-2024-01-001367,toctoc,La Cisterna,Metropolitana,14.73,UF,55.1,2023-12-20 00:00:00.000000,2024-01-08 00:00:00.000000,DEPARTAMENTO,Arriendo,agency
TT-2024-01-003835,toctoc,Santiago,Metropolitana,510000.0,CLP,45.8,2024-01-05 00:00:00.000000,2024-01-22 00:00:00.000000,Departamento,arriendo,agency
TT-2024-01-003039,toctoc,San Joaquín,Metropolitana,13.92,UF,55.2,2023-12-24 00:00:00.000000,2024-01-15 00:00:00.000000,DEPARTAMENTO,ARRIENDO,owner_direct
TT-2024-01-004261,toctoc,Estación Central,Metropolitana,12.3,UF,62.9,2023-10-08 00:00:00.000000,2024-01-22 00:00:00.000000,DEPARTAMENTO,Arriendo,agency
TT-2024-01-002339,toctoc,Santiago,Metropolitana,11.89,UF,26.4,2023-12-09 00:00:00.000000,2024-01-08 00:00:00.000000,Departamento,Arriendo,agency
TT-2024-01-004209,toctoc,Estación Central,Metropolitana,14.73,UF,58.2,2024-01-08 00:00:00.000000,2024-01-22 00:00:00.000000,departamento,arriendo,owner_direct
TT-2024-01-001831,toctoc,Providencia,Metropolitana,28.78,UF,60.6,2023-12-27 00:00:00.000000,2024-01-08 00:00:00.000000,departamento,Arriendo,agency
TT-2024-01-001234,toctoc,La Florida,Metropolitana,13.11,UF,33.9,2023-12-30 00:00:00.000000,2024-01-08 00:00:00.000000,Departamento,arriendo,owner_direct
TT-2024-01-003113,toctoc,Peñalolén,Metropolitana,525000.0,CLP,57.8,2023-07-02 00:00:00.000000,2024-01-15 00:00:00.000000,DEPARTAMENTO,arriendo,agency
TT-2024-01-001680,toctoc,Estación Central,Metropolitana,500000.0,CLP,45.6,2023-07-24 00:00:00.000000,2024-01-08 00:00:00.000000,DEPARTAMENTO,arriendo,agency
TT-2024-01-001388,toctoc,San Miguel,Metropolitana,515000.0,CLP,36.2,2023-12-19 00:00:00.000000,2024-01-08 00:00:00.000000,DEPARTAMENTO,ARRIENDO,owner_direct
TT-2024-01-000989,toctoc,San Miguel ,Metropolitana,555000.0,CLP,51.1,2023-10-02 00:00:00.000000,2024-01-01 00:00:00.000000,Departamento,ARRIENDO,owner_direct
TT-2024-01-003058,toctoc,Macul,Metropolitana,540000.0,CLP,45.4,2023-12-27 00:00:00.000000,2024-01-15 00:00:00.000000,DEPARTAMENTO,ARRIENDO,agency
TT-2024-01-000867,toctoc,Ñuñoa,Metropolitana,680000.0,CLP,41.3,2023-10-27 00:00:00.000000,2024-01-01 00:00:00.000000,Departamento,Arriendo,agency
TT-2024-01-002370,toctoc,Maipú,Metropolitana,16.89,UF,112.3,2023-12-16 00:00:00.000000,2024-01-15 00:00:00.000000,departamento,arriendo,agency
TT-2024-01-001903,toctoc,Santiago,Metropolitana,15.14,UF,62.9,2023-08-28 00:00:00.000000,2024-01-08 00:00:00.000000,departamento,arriendo,agency
TT-2024-01-002011,toctoc,San Miguel,Metropolitana,410000.0,CLP,26.4,2023-12-22 00:00:00.000000,2024-01-08 00:00:00.000000,DEPARTAMENTO,ARRIENDO,owner_direct
TT-2024-01-005010,toctoc,Estación Central,Metropolitana,615000.0,CLP,72.3,2024-01-21 00:00:00.000000,2024-01-29 00:00:00.000000,DEPARTAMENTO,ARRIENDO,owner_direct
TT-2024-01-001677,toctoc,Recoleta,Metropolitana,24.19,UF,124.0,2023-12-19 00:00:00.000000,2024-01-08 00:00:00.000000,DEPARTAMENTO,Arriendo,agency
TT-2024-01-003651,toctoc,Santiago,Metropolitana,12.43,UF,40.4,2024-01-14 00:00:00.000000,2024-01-22 00:00:00.000000,DEPARTAMENTO,Arriendo,owner_direct
TT-2024-01-005346,toctoc,Las Condes,Metropolitana,1025000.0,CLP,52.0,2024-01-05 00:00:00.000000,2024-01-29 00:00:00.000000,departamento,ARRIENDO,agency
TT-2024-01-001665,toctoc,Providencia,Metropolitana,855000.0,CLP,48.4,2023-12-29 00:00:00.000000,2024-01-08 00:00:00.000000,Departamento,ARRIENDO,owner_direct
TT-2024-01-003057,toctoc,Estación Central,Metropolitana,450000.0,CLP,34.9,2024-01-06 00:00:00.000000,2024-01-15 00:00:00.000000,DEPARTAMENTO,ARRIENDO,owner_direct
TT-2024-01-003779,toctoc,Santiago,Metropolitana,6295000.0,CLP,52.6,2023-12-12 00:00:00.000000,2024-01-22 00:00:00.000000,Departamento,Arriendo,agency
TT-2024-01-002473,toctoc,Maipú,Metropolitana,13.11,UF,60.0,2023-12-06 00:00:00.000000,2024-01-15 00:00:00.000000,Departamento,Arriendo,agency
TT-2024-01-004771,toctoc,Maipú,Metropolitana,14.59,UF,70.7,2023-12-17 00:00:00.000000,2024-01-29 00:00:00.000000,DEPARTAMENTO,ARRIENDO,agency
TT-2024-01-000618,toctoc,Santiago,Metropolitana,655000.0,CLP,66.3,2023-12-21 00:00:00.000000,2024-01-01 00:00:00.000000,DEPARTAMENTO,ARRIENDO,agency
TT-2024-01-005046,toctoc,Quinta Normal,Metropolitana,12.7,UF,46.0,2024-01-07 00:00:00.000000,2024-01-29 00:00:00.000000,Departamento,arriendo,agency
TT-2024-01-002878,toctoc,Santiago,Metropolitana,17.97,UF,80.0,2023-12-31 00:00:00.000000,2024-01-15 00:00:00.000000,DEPARTAMENTO,Arriendo,agency
TT-2024-01-003147,toctoc,Estación Central,Metropolitana,18.51,UF,94.0,2023-09-27 00:00:00.000000,2024-01-15 00:00:00.000000,DEPARTAMENTO,ARRIENDO,agency
TT-2024-01-001161,toctoc,La Florida,Metropolitana,470000.0,CLP,45.6,2023-12-27 00:00:00.000000,2024-01-01 00:00:00.000000,DEPARTAMENTO,arriendo,agency
TT-2024-01-000065,toctoc,Huechuraba,Metropolitana,755000.0,CLP,90.4,2023-11-29 00:00:00.000000,2024-01-01 00:00:00.000000,Departamento,Arriendo,agency
TT-2024-01-002594,toctoc,Cerrillos,Metropolitana,810000.0,CLP,107.4,2023-09-27 00:00:00.000000,2024-01-15 00:00:00.000000,departamento,arriendo,owner_direct
TT-2024-01-001645,toctoc,San Miguel,Metropolitana,11.08,UF,36.8,2023-11-18 00:00:00.000000,2024-01-08 00:00:00.000000,departamento,Arriendo,agency
TT-2024-01-004054,toctoc,La Florida,Metropolitana,510000.0,CLP,54.3,2023-12-20 00:00:00.000000,2024-01-22 00:00:00.000000,Departamento,ARRIENDO,agency
TT-2024-01-004744,toctoc,Providencia,Metropolitana,1060000.0,CLP,54.9,2024-01-04 00:00:00.000000,2024-01-29 00:00:00.000000,departamento,Arriendo,agency
TT-2024-01-003148,toctoc,La Cisterna,Metropolitana,610000.0,CLP,77.0,2024-01-07 00:00:00.000000,2024-01-15 00:00:00.000000,DEPARTAMENTO,arriendo,agency
TT-2024-01-001705,toctoc,San Miguel,Metropolitana,17.97,UF,58.3,2023-12-23 00:00:00.000000,2024-01-08 00:00:00.000000,Departamento,Arriendo,agency
TT-2024-01-001494,toctoc,Quilicura,Metropolitana,425000.0,CLP,67.6,2023-12-26 00:00:00.000000,2024-01-08 00:00:00.000000,Departamento,arriendo,agency
TT-2024-01-004328,toctoc,Ñuñoa,Metropolitana,770000.0,CLP,42.4,2024-01-12 00:00:00.000000,2024-01-22 00:00:00.000000,departamento,Arriendo,agency
TT-2024-01-005225,toctoc,Independencia,Metropolitana,12.3,UF,43.5,2024-01-19 00:00:00.000000,2024-01-29 00:00:00.000000,departamento,arriendo,agency
TT-2024-01-003547,toctoc,Maipú,Metropolitana,12.7,UF,44.9,2024-01-15 00:00:00.000000,2024-01-22 00:00:00.000000,DEPARTAMENTO,arriendo,owner_direct
TT-2024-01-002023,toctoc,Ñuñoa,Metropolitana,630000.0,CLP,42.0,2023-11-30 00:00:00.000000,2024-01-08 00:00:00.000000,DEPARTAMENTO,ARRIENDO,owner_direct
TT-2024-01-002410,toctoc,Huechuraba,Metropolitana,495000.0,CLP,28.1,2024-01-06 00:00:00.000000,2024-01-15 00:00:00.000000,DEPARTAMENTO,Arriendo,owner_direct
TT-2024-01-002117,toctoc,La Florida,Metropolitana,16.08,UF,41.8,2023-12-14 00:00:00.000000,2024-01-08 00:00:00.000000,Departamento,Arriendo,agency
TT-2024-01-000463,toctoc,Peñalolén,Metropolitana,725000.0,CLP,72.0,2023-11-30 00:00:00.000000,2024-01-01 00:00:00.000000,Departamento,arriendo,agency
TT-2024-01-004232,toctoc,Independencia,Metropolitana,16.62,UF,71.7,2024-01-13 00:00:00.000000,2024-01-22 00:00:00.000000,DEPARTAMENTO,arriendo,agency
TT-2024-01-000300,toctoc,Ñuñoa,Metropolitana,17.7,UF,38.9,2023-12-15 00:00:00.000000,2024-01-01 00:00:00.000000,departamento,Arriendo,agency
TT-2024-01-000318,toctoc, Quilicura,Metropolitana,425000.0,CLP,47.8,2023-12-04 00:00:00.000000,2024-01-01 00:00:00.000000,Departamento,ARRIENDO,agency
TT-2024-01-000860,toctoc,Las Condes,Metropolitana,1130000.0,CLP,52.5,2023-12-27 00:00:00.000000,2024-01-01 00:00:00.000000,DEPARTAMENTO,arriendo,agency
TT-2024-01-000060,toctoc,Macul,Metropolitana,530000.0,CLP,57.4,2023-11-23 00:00:00.000000,2024-01-01 00:00:00.000000,DEPARTAMENTO,ARRIENDO,agency
TT-2024-01-002639,toctoc,La Florida,Metropolitana,880000.0,CLP,122.3,2023-11-15 00:00:00.000000,2024-01-15 00:00:00.000000,DEPARTAMENTO,ARRIENDO,agency
TT-2024-01-002917,toctoc,La Reina,Metropolitana,21.22,UF,62.5,2024-01-10 00:00:00.000000,2024-01-15 00:00:00.000000,departamento,arriendo,owner_direct
TT-2024-01-004112,toctoc,Estación Central,Metropolitana,12.97,UF,47.1,2023-12-31 00:00:00.000000,2024-01-22 00:00:00.000000,departamento,Arriendo,owner_direct
TT-2024-01-003362,toctoc,La Florida,Metropolitana,12.97,UF,53.9,2023-11-26 00:00:00.000000,2024-01-22 00:00:00.000000,departamento,arriendo,agency
TT-2024-01-003905,toctoc,Providencia,Metropolitana,990000.0,CLP,68.5,2023-07-22 00:00:00.000000,2024-01-22 00:00:00.000000,DEPARTAMENTO,Arriendo,agency
TT-2024-01-005465,toctoc,Estación Central,Metropolitana,8.51,UF,24.8,2024-01-14 00:00:00.000000,2024-01-29 00:00:00.000000,departamento,ARRIENDO,owner_direct
TT-2024-01-004692,toctoc,Estación Central,Metropolitana,15.95,UF,67.7,2024-01-02 00:00:00.000000,2024-01-29 00:00:00.000000,Departamento,ARRIENDO,agency
TT-2024-01-003247,toctoc,Conchalí,Metropolitana,14.19,UF,62.3,2023-12-22 00:00:00.000000,2024-01-15 00:00:00.000000,DEPARTAMENTO,arriendo,owner_direct
TT-2024-01-004140,toctoc,Ñuñoa,Metropolitana,19.59,UF,43.7,2023-12-31 00:00:00.000000,2024-01-22 00:00:00.000000,DEPARTAMENTO,arriendo,owner_direct
TT-2024-01-000381,toctoc,Macul,Metropolitana,650000.0,CLP,69.8,2023-12-22 00:00:00.000000,2024-01-01 00:00:00.000000,DEPARTAMENTO,arriendo,agency
TT-2024-01-004491,toctoc,Ñuñoa,Metropolitana,20.68,UF,54.3,2024-01-26 00:00:00.000000,2024-01-29 00:00:00.000000,Departamento,Arriendo,owner_direct
TT-2024-01-001589,toctoc,San Miguel,Metropolitana,12.43,UF,50.4,2023-12-07 00:00:00.000000,2024-01-08 00:00:00.000000,Departamento,ARRIENDO,owner_direct
TT-2024-01-004697,toctoc,San Miguel ,Metropolitana,525000.0,CLP,57.0,2024-01-24 00:00:00.000000,2024-01-29 00:00:00.000000,departamento,ARRIENDO,owner_direct
TT-2024-01-005087,toctoc,La Florida,Metropolitana,10.54,UF,28.7,2024-01-11 00:00:00.000000,2024-01-29 00:00:00.000000,departamento,Arriendo,agency
TT-2024-01-000248,toctoc,Quinta Normal,Metropolitana,17.43,UF,74.8,2023-12-24 00:00:00.000000,2024-01-01 00:00:00.000000,departamento,ARRIENDO,agency
TT-2024-01-005277,toctoc,Quinta Normal,Metropolitana,560000.0,CLP,56.7,2024-01-15 00:00:00.000000,2024-01-29 00:00:00.000000,departamento,arriendo,agency
TT-2024-01-002682,toctoc,Macul,Metropolitana,13.92,UF,30.8,2023-12-04 00:00:00.000000,2024-01-15 00:00:00.000000,departamento,arriendo,agency
TT-2024-01-005147,toctoc,Providencia,Metropolitana,26.89,UF,66.9,2023-12-26 00:00:00.000000,2024-01-29 00:00:00.000000,DEPARTAMENTO,arriendo,owner_direct
TT-2024-01-001298,toctoc,Santiago,Metropolitana,580000.0,CLP,32.5,2024-01-01 00:00:00.000000,2024-01-08 00:00:00.000000,departamento,ARRIENDO,agency
TT-2024-01-001662,toctoc,Independencia,Metropolitana,14.59,UF,56.2,2023-12-08 00:00:00.000000,2024-01-08 00:00:00.000000,Departamento,Arriendo,agency
TT-2024-01-001832,toctoc,San Miguel,Metropolitana,765000.0,CLP,73.6,2023-11-23 00:00:00.000000,2024-01-08 00:00:00.000000,DEPARTAMENTO,arriendo,agency
TT-2024-01-000201,toctoc,Conchalí,Metropolitana,325000.0,CLP,29.7,2023-12-29 00:00:00.000000,2024-01-01 00:00:00.000000,Departamento,ARRIENDO,owner_direct
TT-2024-01-003141,toctoc,Maipú,Metropolitana,600000.0,CLP,64.5,2023-12-05 00:00:00.000000,2024-01-15 00:00:00.000000,Departamento,Arriendo,agency
TT-2024-01-002294,toctoc, San Joaquín,Metropolitana,17.16,UF,71.2,2023-12-07 00:00:00.000000,2024-01-08 00:00:00.000000,DEPARTAMENTO,Arriendo,agency
TT-2024-01-001933,toctoc,Huechuraba,Metropolitana,560000.0,CLP,53.6,2023-12-28 00:00:00.000000,2024-01-08 00:00:00.000000,DEPARTAMENTO,ARRIENDO,owner_direct
TT-2024-01-003636,toctoc,Peñalolén,Metropolitana,16.89,UF,58.2,2024-01-10 00:00:00.000000,2024-01-22 00:00:00.000000,DEPARTAMENTO,Arriendo,agency
TT-2024-01-003805,toctoc,San Miguel,Metropolitana,14.32,UF,40.9,2023-10-13 00:00:00.000000,2024-01-22 00:00:00.000000,departamento,arriendo,agency
TT-2024-01-004566,toctoc,Cerrillos,Metropolitana,15.68,UF,62.8,2023-12-30 00:00:00.000000,2024-01-29 00:00:00.000000,DEPARTAMENTO,arriendo,owner_direct
TT-2024-01-003855,toctoc,La Cisterna,Metropolitana,570000.0,CLP,60.0,2023-12-20 00:00:00.000000,2024-01-22 00:00:00.000000,departamento,ARRIENDO,
TT-2024-01-001331,toctoc,Peñalolén,Metropolitana,16.22,UF,47.2,2023-12-23 00:00:00.000000,2024-01-08 00:00:00.000000,departamento,arriendo,agency
TT-2024-01-003018,toctoc,Independencia,Metropolitana,17.03,UF,93.2,2023-12-16 00:00:00.000000,2024-01-15 00:00:00.000000,DEPARTAMENTO,arriendo,
TT-2024-01-002111,toctoc,Lo Barnechea,Metropolitana,760000.0,CLP,35.2,2023-11-03 00:00:00.000000,2024-01-08 00:00:00.000000,Departamento,arriendo,agency
TT-2024-01-005324,toctoc,Vitacura,Metropolitana,31.22,UF,59.5,2024-01-04 00:00:00.000000,2024-01-29 00:00:00.000000,DEPARTAMENTO,arriendo,owner_direct
TT-2024-01-003463,toctoc,Ñuñoa,Metropolitana,705000.0,CLP,55.8,2024-01-13 00:00:00.000000,2024-01-22 00:00:00.000000,DEPARTAMENTO,arriendo,owner_direct
TT-2024-01-002988,toctoc,Conchalí,Metropolitana,17.16,UF,76.5,2023-12-24 00:00:00.000000,2024-01-15 00:00:00.000000,Departamento,ARRIENDO,agency
TT-2024-01-002533,toctoc,San Miguel,Metropolitana,10.54,UF,42.2,2024-01-03 00:00:00.000000,2024-01-15 00:00:00.000000,DEPARTAMENTO,arriendo,agency
TT-2024-01-003743,toctoc,Peñalolén,Metropolitana,13.92,UF,47.1,2023-12-25 00:00:00.000000,2024-01-22 00:00:00.000000,departamento,arriendo,agency
TT-2024-01-003121,toctoc,Santiago,Metropolitana,420000.0,CLP,28.2,2023-12-29 00:00:00.000000,2024-01-15 00:00:00.000000,departamento,Arriendo,agency
TT-2024-01-002547,toctoc,Santiago,Metropolitana,450000.0,CLP,28.3,2023-12-25 00:00:00.000000,2024-01-15 00:00:00.000000,departamento,Arriendo,owner_direct
TT-2024-01-004678,toctoc,Maipú,Metropolitana,22.7,UF,37.3,2023-12-23 00:00:00.000000,2024-01-29 00:00:00.000000,departamento,ARRIENDO,agency
TT-2024-01-001364,toctoc,La Florida,Metropolitana,13.92,UF,49.1,2024-01-01 00:00:00.000000,2024-01-08 00:00:00.000000,DEPARTAMENTO,arriendo,agency
TT-2024-01-000976,toctoc,Macul,Metropolitana,10.0,UF,25.3,2023-11-01 00:00:00.000000,2024-01-01 00:00:00.000000,departamento,ARRIENDO,owner_direct
TT-2024-01-000981,toctoc,Ñuñoa,Metropolitana,655000.0,CLP,34.7,2023-12-11 00:00:00.000000,2024-01-01 00:00:00.000000,departamento,arriendo,owner_direct
TT-2024-01-005418,toctoc,Huechuraba,Metropolitana,155.14,UF,31.5,2023-12-02 00:00:00.000000,2024-01-29 00:00:00.000000,departamento,Arriendo,agency
TT-2024-01-002252,toctoc,Providencia,Metropolitana,780000.0,CLP,36.4,2023-12-04 00:00:00.000000,2024-01-08 00:00:00.000000,DEPARTAMENTO,Arriendo,owner_direct
TT-2024-01-001525,toctoc,Peñalolén,Metropolitana,545000.0,CLP,42.8,2023-11-22 00:00:00.000000,2024-01-08 00:00:00.000000,DEPARTAMENTO,ARRIENDO,agency
TT-2024-01-003076,toctoc,Ñuñoa,Metropolitana,1010000.0,CLP,76.6,2023-12-24 00:00:00.000000,2024-01-15 00:00:00.000000,departamento,Arriendo,agency
TT-2024-01-001206,toctoc,Santiago,Metropolitana,21.35,UF,70.6,2023-12-20 00:00:00.000000,2024-01-08 00:00:00.000000,DEPARTAMENTO,Arriendo,agency
TT-2024-01-003288,toctoc,Independencia,Metropolitana,16.89,UF,61.6,2024-01-14 00:00:00.000000,2024-01-22 00:00:00.000000,Departamento,arriendo,agency
TT-2024-01-001938,toctoc,Santiago,Metropolitana,15.95,UF,47.3,2023-12-25 00:00:00.000000,2024-01-08 00:00:00.000000,DEPARTAMENTO,arriendo,owner_direct
TT-2024-01-004633,toctoc,Estación Central,Metropolitana,625000.0,CLP,79.5,2023-12-12 00:00:00.000000,2024-01-29 00:00:00.000000,Departamento,Arriendo,owner_direct
TT-2024-01-002777,toctoc,Maipú,Metropolitana,9.73,UF,42.5,2023-11-21 00:00:00.000000,2024-01-15 00:00:00.000000,departamento,ARRIENDO,owner_direct
TT-2024-01-002441,toctoc,Macul,Metropolitana,805000.0,CLP,76.4,2023-12-11 00:00:00.000000,2024-01-15 00:00:00.000000,DEPARTAMENTO,ARRIENDO,owner_direct
TT-2024-01-004087,toctoc,Ñuñoa,Metropolitana,675000.0,CLP,49.7,2023-12-23 00:00:00.000000,2024-01-22 00:00:00.000000,Departamento,arriendo,agency
TT-2024-01-001795,toctoc,Las Condes,Metropolitana,24.19,UF,50.0,2023-12-30 00:00:00.000000,2024-01-08 00:00:00.000000,DEPARTAMENTO,Arriendo,owner_direct
TT-2024-01-000768,toctoc,Recoleta,Metropolitana,13.24,UF,47.4,2023-10-26 00:00:00.000000,2024-01-01 00:00:00.000000,Departamento,arriendo,agency
TT-2024-01-004091,toctoc,Ñuñoa,Metropolitana,790000.0,CLP,64.2,2024-01-07 00:00:00.000000,2024-01-22 00:00:00.000000,Departamento,ARRIENDO,agency
TT-2024-01-000661,toctoc,La Cisterna,Metropolitana,17.16,UF,69.4,2023-12-12 00:00:00.000000,2024-01-01 00:00:00.000000,Departamento,arriendo,agency
TT-2024-01-004657,toctoc,Santiago,Metropolitana,560000.0,CLP,48.0,2023-12-27 00:00:00.000000,2024-01-29 00:00:00.000000,Departamento,arriendo,agency
TT-2024-01-000242,toctoc,San Miguel,Metropolitana,450000.0,CLP,33.9,2023-11-10 00:00:00.000000,2024-01-01 00:00:00.000000,departamento,arriendo,agency
TT-2024-01-003882,toctoc,Huechuraba,Metropolitana,525000.0,CLP,44.2,2023-12-11 00:00:00.000000,2024-01-22 00:00:00.000000,Departamento,ARRIENDO,owner_direct
TT-2024-01-000753,toctoc,Cerrillos,Metropolitana,430000.0,CLP,53.7,2023-11-28 00:00:00.000000,2024-01-01 00:00:00.000000,DEPARTAMENTO,arriendo,agency
TT-2024-01-000699,toctoc,Ñuñoa,Metropolitana,16.35,UF,33.2,2023-10-31 00:00:00.000000,2024-01-01 00:00:00.000000,departamento,ARRIENDO,owner_direct
TT-2024-01-004099,toctoc,Estación Central,Metropolitana,15.27,UF,52.8,2023-12-25 00:00:00.000000,2024-01-22 00:00:00.000000,Departamento,arriendo,agency
TT-2024-01-002613,toctoc,Providencia,Metropolitana,26.08,UF,52.7,2024-01-06 00:00:00.000000,2024-01-15 00:00:00.000000,departamento,Arriendo,owner_direct
TT-2024-01-004182,toctoc,La Florida,Metropolitana,490000.0,CLP,39.8,2023-10-26 00:00:00.000000,2024-01-22 00:00:00.000000,DEPARTAMENTO,arriendo,agency
TT-2024-01-002946,toctoc,Independencia,Metropolitana,460000.0,CLP,36.4,2023-12-06 00:00:00.000000,2024-01-15 00:00:00.000000,Departamento,Arriendo,owner_direct
TT-2024-01-002751,toctoc,Quilicura,Metropolitana,14.19,UF,64.9,2023-12-29 00:00:00.000000,2024-01-15 00:00:00.000000,departamento,ARRIENDO,agency
TT-2024-01-000082,toctoc,Providencia,Metropolitana,24.86,UF,49.5,2023-09-12 00:00:00.000000,2024-01-01 00:00:00.000000,departamento,Arriendo,owner_direct
TT-2024-01-004732,toctoc,Quilicura,Metropolitana,440000.0,CLP,37.9,2024-01-16 00:00:00.000000,2024-01-29 00:00:00.000000,Departamento,ARRIENDO,owner_direct
TT-2024-01-002856,toctoc,Santiago,Metropolitana,10.81,UF,25.4,2023-08-16 00:00:00.000000,2024-01-15 00:00:00.000000,Departamento,ARRIENDO,agency
TT-2024-01-002506,toctoc,Recoleta,Metropolitana,520000.0,CLP,49.6,2023-12-04 00:00:00.000000,2024-01-15 00:00:00.000000,departamento,arriendo,agency
TT-2024-01-000443,toctoc,Estación Central,Metropolitana,12.16,UF,44.4,2023-12-25 00:00:00.000000,2024-01-01 00:00:00.000000,Departamento,ARRIENDO,agency
TT-2024-01-002904,toctoc,La Florida,Metropolitana,15.95,UF,57.7,2024-01-13 00:00:00.000000,2024-01-15 00:00:00.000000,DEPARTAMENTO,arriendo,agency
TT-2024-01-001551,toctoc,Independencia,Metropolitana,570000.0,CLP,60.0,2024-01-03 00:00:00.000000,2024-01-08 00:00:00.000000,departamento,arriendo,owner_direct
TT-2024-01-001940,toctoc,Quilicura,Metropolitana,10.95,UF,46.2,2023-12-26 00:00:00.000000,2024-01-08 00:00:00.000000,departamento,Arriendo,owner_direct
TT-2024-01-001872,toctoc,Santiago,Metropolitana,555000.0,CLP,41.8,2023-12-20 00:00:00.000000,2024-01-08 00:00:00.000000,DEPARTAMENTO,ARRIENDO,agency
TT-2024-01-000294,toctoc,Huechuraba,Metropolitana,480000.0,CLP,30.8,2023-12-18 00:00:00.000000,2024-01-01 00:00:00.000000,Departamento,arriendo,agency
TT-2024-01-000191,toctoc,Ñuñoa,Metropolitana,830000.0,CLP,65.8,2023-12-26 00:00:00.000000,2024-01-01 00:00:00.000000,departamento,Arriendo,agency
TT-2024-01-004244,toctoc,Huechuraba,Metropolitana,15.41,UF,41.9,2023-12-07 00:00:00.000000,2024-01-22 00:00:00.000000,departamento,arriendo,owner_direct
TT-2024-01-001362,toctoc,Santiago,Metropolitana,1105000.0,CLP,101.3,2023-11-22 00:00:00.000000,2024-01-08 00:00:00.000000,Departamento,ARRIENDO,agency
TT-2024-01-002432,toctoc,Macul,Metropolitana,725000.0,CLP,57.9,2023-09-10 00:00:00.000000,2024-01-15 00:00:00.000000,departamento,arriendo,owner_direct
TT-2024-01-002259,toctoc,Providencia ,Metropolitana,31.22,UF,66.7,2023-12-11 00:00:00.000000,2024-01-08 00:00:00.000000,departamento,ARRIENDO,agency
TT-2024-01-000185,toctoc,Santiago,Metropolitana,21.35,UF,80.7,2023-12-22 00:00:00.000000,2024-01-01 00:00:00.000000,Departamento,arriendo,agency
TT-2024-01-005450,toctoc,Ñuñoa,Metropolitana,565000.0,CLP,32.0,2023-10-27 00:00:00.000000,2024-01-29 00:00:00.000000,Departamento,arriendo,agency
TT-2024-01-001464,toctoc,Pudahuel,Metropolitana,11.49,UF,45.8,2023-12-20 00:00:00.000000,2024-01-08 00:00:00.000000,Departamento,arriendo,owner_direct
TT-2024-01-002372,toctoc,Macul,Metropolitana,12.43,UF,21.9,2023-12-01 00:00:00.000000,2024-01-15 00:00:00.000000,DEPARTAMENTO,Arriendo,owner_direct
TT-2024-01-002194,toctoc,San Miguel,Metropolitana,14.86,UF,44.5,2023-11-01 00:00:00.000000,2024-01-08 00:00:00.000000,DEPARTAMENTO,arriendo,agency
TT-2024-01-000322,toctoc,Maipú,Metropolitana,970000.0,CLP,119.3,2023-12-19 00:00:00.000000,2024-01-01 00:00:00.000000,departamento,ARRIENDO,owner_direct
TT-2024-01-003822,toctoc,Ñuñoa,Metropolitana,20.54,UF,67.0,2024-01-07 00:00:00.000000,2024-01-22 00:00:00.000000,DEPARTAMENTO,ARRIENDO,agency
TT-2024-01-003281,toctoc,Independencia,Metropolitana,14.05,UF,49.2,2023-12-20 00:00:00.000000,2024-01-22 00:00:00.000000,departamento,Arriendo,agency
TT-2024-01-005039,toctoc,Santiago,Metropolitana,710000.0,CLP,59.8,2023-11-29 00:00:00.000000,2024-01-29 00:00:00.000000,DEPARTAMENTO,arriendo,agency
TT-2024-01-000721,toctoc,Quinta Normal,Metropolitana,9.19,UF,31.4,2023-12-13 00:00:00.000000,2024-01-01 00:00:00.000000,departamento,arriendo,agency
TT-2024-01-001520,toctoc,Independencia,Metropolitana,11.49,UF,28.8,2023-12-03 00:00:00.000000,2024-01-08 00:00:00.000000,departamento,Arriendo,owner_direct
TT-2024-01-002785,toctoc,Macul,Metropolitana,855000.0,CLP,96.2,2023-12-20 00:00:00.000000,2024-01-15 00:00:00.000000,DEPARTAMENTO,ARRIENDO,owner_direct
TT-2024-01-000383,toctoc,Macul,Metropolitana,745000.0,CLP,77.0,2023-12-10 00:00:00.000000,2024-01-01 00:00:00.000000,Departamento,Arriendo,owner_direct
TT-2024-01-003973,toctoc,Santiago,Metropolitana,695000.0,CLP,66.7,2024-01-05 00:00:00.000000,2024-01-22 00:00:00.000000,departamento,Arriendo,owner_direct
TT-2024-01-001989,toctoc,San Miguel,Metropolitana,785000.0,CLP,95.7,2024-01-06 00:00:00.000000,2024-01-08 00:00:00.000000,Departamento,arriendo,agency
TT-2024-01-005258,toctoc,San Miguel,Metropolitana,535000.0,CLP,40.6,2024-01-17 00:00:00.000000,2024-01-29 00:00:00.000000,Departamento,Arriendo,agency
TT-2024-01-005250,toctoc,maipú,Metropolitana,14.46,UF,57.1,2024-01-12 00:00:00.000000,2024-01-29 00:00:00.000000,DEPARTAMENTO,Arriendo,agency
TT-2024-01-001821,toctoc,Santiago,Metropolitana,27.57,UF,110.6,2023-11-18 00:00:00.000000,2024-01-08 00:00:00.000000,Departamento,Arriendo,agency
TT-2024-01-003580,toctoc,Santiago,Metropolitana,9605000.0,CLP,95.0,2024-01-02 00:00:00.000000,2024-01-22 00:00:00.000000,Departamento,ARRIENDO,agency
TT-2024-01-001465,toctoc,Maipú,Metropolitana,280000.0,CLP,35.2,2023-12-20 00:00:00.000000,2024-01-08 00:00:00.000000,departamento,Arriendo,agency
TT-2024-01-002520,toctoc,La Reina,Metropolitana,17.84,UF,40.1,2024-01-01 00:00:00.000000,2024-01-15 00:00:00.000000,departamento,ARRIENDO,agency
TT-2024-01-003162,toctoc,Ñuñoa,Metropolitana,635000.0,CLP,35.9,2023-12-25 00:00:00.000000,2024-01-15 00:00:00.000000,departamento,ARRIENDO,agency
TT-2024-01-000664,toctoc,Conchalí,Metropolitana,13.92,UF,52.2,2023-07-21 00:00:00.000000,2024-01-01 00:00:00.000000,Departamento,arriendo,owner_direct
TT-2024-01-000933,toctoc,Ñuñoa,Metropolitana,16.35,UF,35.5,2023-07-07 00:00:00.000000,2024-01-01 00:00:00.000000,DEPARTAMENTO,ARRIENDO,agency
TT-2024-01-005009,toctoc,Ñuñoa,Metropolitana,12.97,UF,32.6,2023-12-31 00:00:00.000000,2024-01-29 00:00:00.000000,Departamento,Arriendo,agency
TT-2024-01-001991,toctoc,Santiago,Metropolitana,15.41,UF,51.8,2023-12-11 00:00:00.000000,2024-01-08 00:00:00.000000,Departamento,Arriendo,owner_direct
TT-2024-01-002925,toctoc,La Florida,Metropolitana,14.73,UF,55.2,2024-01-12 00:00:00.000000,2024-01-15 00:00:00.000000,departamento,ARRIENDO,agency
TT-2024-01-001304,toctoc,las condes,Metropolitana,965000.0,CLP,40.1,2023-07-10 00:00:00.000000,2024-01-08 00:00:00.000000,DEPARTAMENTO,Arriendo,owner_direct
TT-2024-01-002426,toctoc,San Miguel,Metropolitana,705000.0,CLP,62.0,2023-10-01 00:00:00.000000,2024-01-15 00:00:00.000000,departamento,ARRIENDO,agency
TT-2024-01-005193,toctoc,Estación Central,Metropolitana,24.32,UF,106.4,2024-01-14 00:00:00.000000,2024-01-29 00:00:00.000000,DEPARTAMENTO,Arriendo,agency
TT-2024-01-000121,toctoc,Conchalí,Metropolitana,13.24,UF,56.6,2023-09-16 00:00:00.000000,2024-01-01 00:00:00.000000,departamento,arriendo,agency
TT-2024-01-003143,toctoc,Providencia,Metropolitana,875000.0,CLP,54.3,2024-01-05 00:00:00.000000,2024-01-15 00:00:00.000000,departamento,arriendo,
TT-2024-01-003914,toctoc,La Reina,Metropolitana,19.59,UF,41.9,2023-12-22 00:00:00.000000,2024-01-22 00:00:00.000000,Departamento,ARRIENDO,agency
TT-2024-01-003391,toctoc,Providencia,Metropolitana,1135000.0,CLP,65.4,2023-12-08 00:00:00.000000,2024-01-22 00:00:00.000000,DEPARTAMENTO,arriendo,agency
TT-2024-01-003099,toctoc,Independencia,Metropolitana,460000.0,CLP,38.4,2024-01-04 00:00:00.000000,2024-01-15 00:00:00.000000,DEPARTAMENTO,ARRIENDO,owner_direct
TT-2024-01-004560,toctoc,ESTACIÓN CENTRAL,Metropolitana,10.81,UF,37.3,2024-01-11 00:00:00.000000,2024-01-29 00:00:00.000000,departamento,arriendo,owner_direct
TT-2024-01-000650,toctoc,Santiago,Metropolitana,14.05,UF,41.2,2023-12-14 00:00:00.000000,2024-01-01 00:00:00.000000,Departamento,arriendo,owner_direct
TT-2024-01-004097,toctoc,Las Condes,Metropolitana,20.14,UF,30.6,2023-09-24 00:00:00.000000,2024-01-22 00:00:00.000000,departamento,ARRIENDO,agency
TT-2024-01-003085,toctoc,Estación Central,Metropolitana,12.97,UF,44.2,2023-12-23 00:00:00.000000,2024-01-15 00:00:00.000000,DEPARTAMENTO,arriendo,agency
TT-2024-01-000256,toctoc,Lo Barnechea,Metropolitana,1055000.0,CLP,64.2,2023-12-30 00:00:00.000000,2024-01-01 00:00:00.000000,Departamento,arriendo,agency
TT-2024-01-002138,toctoc,San Miguel,Metropolitana,580000.0,CLP,65.2,2023-08-16 00:00:00.000000,2024-01-08 00:00:00.000000,departamento,arriendo,owner_direct
TT-2024-01-001651,toctoc,Conchalí,Metropolitana,630000.0,CLP,69.6,2023-12-14 00:00:00.000000,2024-01-08 00:00:00.000000,Departamento,ARRIENDO,agency
TT-2024-01-005348,toctoc,Maipú,Metropolitana,405000.0,CLP,29.6,2024-01-09 00:00:00.000000,2024-01-29 00:00:00.000000,DEPARTAMENTO,arriendo,agency
TT-2024-01-003699,toctoc,Santiago,Metropolitana,15.14,UF,48.1,2024-01-02 00:00:00.000000,2024-01-22 00:00:00.000000,DEPARTAMENTO,Arriendo,agency
TT-2024-01-004528,toctoc,Quinta Normal,Metropolitana,460000.0,CLP,47.6,2024-01-25 00:00:00.000000,2024-01-29 00:00:00.000000,departamento,arriendo,owner_direct
TT-2024-01-000516,toctoc,Providencia,Metropolitana,24.46,UF,46.0,2023-12-30 00:00:00.000000,2024-01-01 00:00:00.000000,DEPARTAMENTO,arriendo,agency
TT-2024-01-001883,toctoc,Conchalí,Metropolitana,340000.0,CLP,31.3,2023-11-27 00:00:00.000000,2024-01-08 00:00:00.000000,departamento,arriendo,agency
TT-2024-01-004438,toctoc,Lo Barnechea,Metropolitana,35.14,UF,73.5,2024-01-23 00:00:00.000000,2024-01-29 00:00:00.000000,DEPARTAMENTO,Arriendo,agency
TT-2024-01-003423,toctoc,Recoleta,Metropolitana,20.0,UF,66.8,2023-11-15 00:00:00.000000,2024-01-22 00:00:00.000000,Departamento,arriendo,owner_direct
TT-2024-01-005306,toctoc,Estación Central,Metropolitana,14.05,UF,56.9,2024-01-23 00:00:00.000000,2024-01-29 00:00:00.000000,DEPARTAMENTO,arriendo,agency
TT-2024-01-002079,toctoc,Cerrillos,Metropolitana,11.49,UF,56.4,2023-12-23 00:00:00.000000,2024-01-08 00:00:00.000000,Departamento,arriendo,agency
TT-2024-01-002381,toctoc,Pudahuel,Metropolitana,13.24,UF,61.9,2023-12-17 00:00:00.000000,2024-01-15 00:00:00.000000,Departamento,ARRIENDO,owner_direct
TT-2024-01-001806,toctoc,Estación Central,Metropolitana,410000.0,CLP,27.6,2023-12-18 00:00:00.000000,2024-01-08 00:00:00.000000,DEPARTAMENTO,arriendo,agency
TT-2024-01-000499,toctoc,SANTIAGO,Metropolitana,890000.0,CLP,94.8,2023-11-29 00:00:00.000000,2024-01-01 00:00:00.000000,DEPARTAMENTO,arriendo,agency
TT-2024-01-000651,toctoc,Macul,Metropolitana,725000.0,CLP,61.1,2023-11-28 00:00:00.000000,2024-01-01 00:00:00.000000,departamento,Arriendo,agency
TT-2024-01-000807,toctoc,Santiago,Metropolitana,16.49,UF,49.1,2023-12-28 00:00:00.000000,2024-01-01 00:00:00.000000,departamento,ARRIENDO,agency
TT-2024-01-004162,toctoc,Quinta Normal,Metropolitana,460000.0,CLP,38.3,2024-01-03 00:00:00.000000,2024-01-22 00:00:00.000000,departamento,arriendo,agency
TT-2024-01-000422,toctoc,Ñuñoa,Metropolitana,22.3,UF,53.3,2023-12-22 00:00:00.000000,2024-01-01 00:00:00.000000,Departamento,ARRIENDO,agency
TT-2024-01-001955,toctoc,San Joaquín,Metropolitana,16.49,UF,53.4,2023-11-23 00:00:00.000000,2024-01-08 00:00:00.000000,departamento,Arriendo,agency
TT-2024-01-003150,toctoc,Santiago,Metropolitana,11.62,UF,34.9,2023-12-06 00:00:00.000000,2024-01-15 00:00:00.000000,Departamento,ARRIENDO,owner_direct
TT-2024-01-005156,toctoc,Huechuraba,Metropolitana,25.0,UF,109.8,2024-01-11 00:00:00.000000,2024-01-29 00:00:00.000000,DEPARTAMENTO,arriendo,owner_direct
TT-2024-01-002716,toctoc,Pudahuel,Metropolitana,505000.0,CLP,52.7,2023-12-16 00:00:00.000000,2024-01-15 00:00:00.000000,Departamento,arriendo,owner_direct
TT-2024-01-002391,toctoc,Cerrillos,Metropolitana,172.57,UF,75.1,2023-12-20 00:00:00.000000,2024-01-15 00:00:00.000000,DEPARTAMENTO,arriendo,owner_direct
TT-2024-01-000360,toctoc,Estación Central,Metropolitana,16.62,UF,56.8,2023-10-22 00:00:00.000000,2024-01-01 00:00:00.000000,departamento,arriendo,agency
TT-2024-01-003616,toctoc,Quilicura,Metropolitana,10.41,UF,41.2,2023-07-30 00:00:00.000000,2024-01-22 00:00:00.000000,DEPARTAMENTO,ARRIENDO,agency
TT-2024-01-004459,toctoc,SANTIAGO,Metropolitana,20.41,UF,62.6,2023-12-10 00:00:00.000000,2024-01-29 00:00:00.000000,Departamento,Arriendo,agency
TT-2024-01-002452,toctoc,Estación Central,Metropolitana,430000.0,CLP,52.6,2023-12-27 00:00:00.000000,2024-01-15 00:00:00.000000,DEPARTAMENTO,arriendo,owner_direct
TT-2024-01-004270,toctoc,Quilicura,Metropolitana,8.65,UF,28.1,2023-12-22 00:00:00.000000,2024-01-22 00:00:00.000000,DEPARTAMENTO,Arriendo,owner_direct
TT-2024-01-003000,toctoc,La Florida,Metropolitana,18.78,UF,81.0,2023-12-27 00:00:00.000000,2024-01-15 00:00:00.000000,Departamento,Arriendo,owner_direct
TT-2024-01-000372,toctoc,Ñuñoa,Metropolitana,830000.0,CLP,39.3,2023-11-11 00:00:00.000000,2024-01-01 00:00:00.000000,Departamento,ARRIENDO,agency
TT-2024-01-003198,toctoc,Santiago,Metropolitana,545000.0,CLP,48.3,2023-12-30 00:00:00.000000,2024-01-15 00:00:00.000000,departamento,Arriendo,owner_direct
TT-2024-01-003404,toctoc,Independencia,Metropolitana,10.41,UF,26.9,2023-12-04 00:00:00.000000,2024-01-22 00:00:00.000000,Departamento,arriendo,agency
TT-2024-01-003125,toctoc,La Cisterna,Metropolitana,18.38,UF,100.9,2023-12-12 00:00:00.000000,2024-01-15 00:00:00.000000,Departamento,Arriendo,agency
TT-2024-01-002983,toctoc,La Florida,Metropolitana,635000.0,CLP,60.6,2023-12-12 00:00:00.000000,2024-01-15 00:00:00.000000,DEPARTAMENTO,arriendo,agency
TT-2024-01-001405,toctoc,Las Condes,Metropolitana,1535000.0,CLP,85.6,2023-12-22 00:00:00.000000,2024-01-08 00:00:00.000000,DEPARTAMENTO,arriendo,owner_direct
TT-2024-01-005410,toctoc,Recoleta,Metropolitana,570000.0,CLP,52.7,2024-01-17 00:00:00.000000,2024-01-29 00:00:00.000000,Departamento,ARRIENDO,owner_direct
TT-2024-01-001976,toctoc,Pudahuel,Metropolitana,10.0,UF,41.5,2024-01-06 00:00:00.000000,2024-01-08 00:00:00.000000,DEPARTAMENTO,Arriendo,owner_direct
TT-2024-01-001329,toctoc,La Cisterna,Metropolitana,965000.0,CLP,119.8,2023-12-31 00:00:00.000000,2024-01-08 00:00:00.000000,departamento,ARRIENDO,agency
TT-2024-01-004089,toctoc,La Florida,Metropolitana,515000.0,CLP,56.1,2023-11-23 00:00:00.000000,2024-01-22 00:00:00.000000,DEPARTAMENTO,Arriendo,agency
TT-2024-01-003296,toctoc,La Cisterna,Metropolitana,520000.0,CLP,52.1,2024-01-13 00:00:00.000000,2024-01-22 00:00:00.000000,DEPARTAMENTO,Arriendo,
TT-2024-01-000689,toctoc,San Miguel,Metropolitana,16.08,UF,46.6,2023-12-19 00:00:00.000000,2024-01-01 00:00:00.000000,departamento,Arriendo,owner_direct
TT-2024-01-003515,toctoc,Estación Central,Metropolitana,605000.0,CLP,60.8,2024-01-12 00:00:00.000000,2024-01-22 00:00:00.000000,Departamento,Arriendo,owner_direct
TT-2024-01-003910,toctoc,Las Condes,Metropolitana,31.89,UF,94.9,2024-01-01 00:00:00.000000,2024-01-22 00:00:00.000000,DEPARTAMENTO,ARRIENDO,owner_direct
TT-2024-01-000251,toctoc,Providencia,Metropolitana,700000.0,CLP,32.4,2023-11-20 00:00:00.000000,2024-01-01 00:00:00.000000,DEPARTAMENTO,arriendo,agency
TT-2024-01-000148,toctoc,Las Condes,Metropolitana,870000.0,CLP,40.3,2023-10-15 00:00:00.000000,2024-01-01 00:00:00.000000,departamento,arriendo,agency
TT-2024-01-000393,toctoc,Santiago,Metropolitana,16.49,UF,65.7,2023-11-26 00:00:00.000000,2024-01-01 00:00:00.000000,departamento,ARRIENDO,agency
TT-2024-01-004714,toctoc,Vitacura,Metropolitana,1435000.0,CLP,92.4,2023-11-04 00:00:00.000000,2024-01-29 00:00:00.000000,departamento,arriendo,owner_direct
TT-2024-01-000139,toctoc,Maipú,Metropolitana,14.59,UF,62.7,2023-12-13 00:00:00.000000,2024-01-01 00:00:00.000000,DEPARTAMENTO,ARRIENDO,owner_direct
TT-2024-01-003258,toctoc,La Cisterna,Metropolitana,440000.0,CLP,33.7,2023-11-22 00:00:00.000000,2024-01-15 00:00:00.000000,DEPARTAMENTO,Arriendo,agency
TT-2024-01-000764,toctoc,Macul,Metropolitana,490000.0,CLP,30.9,2023-12-25 00:00:00.000000,2024-01-01 00:00:00.000000,DEPARTAMENTO,arriendo,agency
TT-2024-01-004190,toctoc,Renca,Metropolitana,530000.0,CLP,68.3,2024-01-03 00:00:00.000000,2024-01-22 00:00:00.000000,Departamento,arriendo,agency
TT-2024-01-004828,toctoc,Estación Central,Metropolitana,19.73,UF,69.2,2023-08-24 00:00:00.000000,2024-01-29 00:00:00.000000,Departamento,arriendo,agency
TT-2024-01-004897,toctoc,Providencia,Metropolitana,18.51,UF,24.3,2023-12-25 00:00:00.000000,2024-01-29 00:00:00.000000,Departamento,Arriendo,agency
TT-2024-01-003164,toctoc,Ñuñoa,Metropolitana,20.95,UF,41.9,2023-12-29 00:00:00.000000,2024-01-15 00:00:00.000000,departamento,Arriendo,agency
TT-2024-01-003436,toctoc,Las Condes,Metropolitana,24.86,UF,55.8,2023-12-11 00:00:00.000000,2024-01-22 00:00:00.000000,Departamento,ARRIENDO,agency
TT-2024-01-003139,toctoc,San Joaquín,Metropolitana,435000.0,CLP,34.0,2023-12-27 00:00:00.000000,2024-01-15 00:00:00.000000,Departamento,arriendo,agency
TT-2024-01-000998,toctoc,Santiago,Metropolitana,520000.0,CLP,43.8,2023-12-02 00:00:00.000000,2024-01-01 00:00:00.000000,DEPARTAMENTO,arriendo,owner_direct
TT-2024-01-001873,toctoc,Independencia,Metropolitana,17.16,UF,77.4,2023-11-18 00:00:00.000000,2024-01-08 00:00:00.000000,DEPARTAMENTO,Arriendo,owner_direct
TT-2024-01-002389,toctoc,Quilicura,Metropolitana,12.43,UF,45.4,2024-01-05 00:00:00.000000,2024-01-15 00:00:00.000000,departamento,ARRIENDO,owner_direct
TT-2024-01-000546,toctoc,La Florida,Metropolitana,15.27,UF,58.7,2023-12-09 00:00:00.000000,2024-01-01 00:00:00.000000,Departamento,Arriendo,owner_direct
TT-2024-01-005413,toctoc,Maipú,Metropolitana,520000.0,CLP,63.6,2024-01-13 00:00:00.000000,2024-01-29 00:00:00.000000,departamento,ARRIENDO,owner_direct
TT-2024-01-003884,toctoc,Ñuñoa,Metropolitana,1205000.0,CLP,110.4,2023-12-26 00:00:00.000000,2024-01-22 00:00:00.000000,DEPARTAMENTO,arriendo,agency
TT-2024-01-003256,toctoc,Lo Barnechea,Metropolitana,22.7,UF,41.8,2023-11-18 00:00:00.000000,2024-01-15 00:00:00.000000,DEPARTAMENTO,ARRIENDO,agency
TT-2024-01-001856,toctoc,Las Condes,Metropolitana,970000.0,CLP,51.9,2023-12-11 00:00:00.000000,2024-01-08 00:00:00.000000,Departamento,arriendo,agency
TT-2024-01-002776,toctoc,Vitacura,Metropolitana,255.95,UF,650.0,2023-12-21 00:00:00.000000,2024-01-15 00:00:00.000000,DEPARTAMENTO,arriendo,agency
TT-2024-01-004915,toctoc,La Florida,Metropolitana,465000.0,CLP,39.2,2024-01-19 00:00:00.000000,2024-01-29 00:00:00.000000,DEPARTAMENTO,arriendo,agency
TT-2024-01-000590,toctoc,Cerrillos,Metropolitana,1045000.0,CLP,119.5,2023-12-12 00:00:00.000000,2024-01-01 00:00:00.000000,departamento,arriendo,owner_direct
TT-2024-01-004696,toctoc,Santiago,Metropolitana,685000.0,CLP,66.7,2023-12-21 00:00:00.000000,2024-01-29 00:00:00.000000,Departamento,arriendo,agency
TT-2024-01-005028,toctoc,Estación Central,Metropolitana,9.19,UF,25.2,2023-12-14 00:00:00.000000,2024-01-29 00:00:00.000000,departamento,ARRIENDO,owner_direct
TT-2024-01-003570,toctoc,Las Condes,Metropolitana,26.62,UF,46.5,2023-11-27 00:00:00.000000,2024-01-22 00:00:00.000000,DEPARTAMENTO,ARRIENDO,owner_direct
TT-2024-01-002366,toctoc,Las Condes,Metropolitana,905000.0,CLP,49.0,2023-12-20 00:00:00.000000,2024-01-15 00:00:00.000000,departamento,Arriendo,agency
TT-2024-01-003483,toctoc,La Florida,Metropolitana,995000.0,CLP,34.8,2023-08-19 00:00:00.000000,2024-01-22 00:00:00.000000,departamento,ARRIENDO,owner_direct
TT-2024-01-002383,toctoc,Providencia,Metropolitana,18.92,UF,34.1,2023-11-24 00:00:00.000000,2024-01-15 00:00:00.000000,departamento,ARRIENDO,agency
TT-2024-01-002637,toctoc,San Miguel,Metropolitana,18.51,UF,65.5,2023-12-27 00:00:00.000000,2024-01-15 00:00:00.000000,DEPARTAMENTO,arriendo,agency
TT-2024-01-004050,toctoc,La Cisterna,Metropolitana,425000.0,CLP,36.7,2024-01-09 00:00:00.000000,2024-01-22 00:00:00.000000,departamento,ARRIENDO,agency
TT-2024-01-004677,toctoc,Vitacura,Metropolitana,6000000.0,CLP,400.0,2024-01-21 00:00:00.000000,2024-01-29 00:00:00.000000,DEPARTAMENTO,ARRIENDO,agency
TT-2024-01-005299,toctoc,Recoleta,Metropolitana,9.59,UF,29.9,2024-01-22 00:00:00.000000,2024-01-29 00:00:00.000000,DEPARTAMENTO,Arriendo,agency
TT-2024-01-002804,toctoc,Estación Central,Metropolitana,615000.0,CLP,73.0,2024-01-03 00:00:00.000000,2024-01-15 00:00:00.000000,DEPARTAMENTO,arriendo,agency
TT-2024-01-003661,toctoc,Lo Barnechea,Metropolitana,30.95,UF,60.3,2024-01-05 00:00:00.000000,2024-01-22 00:00:00.000000,DEPARTAMENTO,arriendo,agency
TT-2024-01-004664,toctoc,Independencia,Metropolitana,12.84,UF,46.0,2024-01-09 00:00:00.000000,2024-01-29 00:00:00.000000,departamento,ARRIENDO,agency
TT-2024-01-002963,toctoc,La Florida,Metropolitana,14.32,UF,46.5,2023-11-28 00:00:00.000000,2024-01-15 00:00:00.000000,Departamento,Arriendo,agency
TT-2024-01-004354,toctoc,Quinta Normal,Metropolitana,460000.0,CLP,37.0,2024-01-03 00:00:00.000000,2024-01-29 00:00:00.000000,departamento,arriendo,agency
TT-2024-01-001517,toctoc,San Joaquín,Metropolitana,520000.0,CLP,46.8,2024-01-05 00:00:00.000000,2024-01-08 00:00:00.000000,departamento,ARRIENDO,agency
TT-2024-01-005184,toctoc,Santiago,Metropolitana,775000.0,CLP,67.4,2024-01-18 00:00:00.000000,2024-01-29 00:00:00.000000,DEPARTAMENTO,Arriendo,owner_direct
TT-2024-01-002052,toctoc,Macul,Metropolitana,465000.0,CLP,36.9,2023-09-28 00:00:00.000000,2024-01-08 00:00:00.000000,DEPARTAMENTO,ARRIENDO,owner_direct
TT-2024-01-004923,toctoc,Providencia,Metropolitana,860000.0,CLP,52.5,2024-01-13 00:00:00.000000,2024-01-29 00:00:00.000000,Departamento,arriendo,owner_direct
TT-2024-01-002980,toctoc,Vitacura,Metropolitana,1020000.0,CLP,37.7,2023-12-11 00:00:00.000000,2024-01-15 00:00:00.000000,Departamento,Arriendo,agency
TT-2024-01-002540,toctoc,Santiago,Metropolitana,950000.0,CLP,99.4,2023-11-23 00:00:00.000000,2024-01-15 00:00:00.000000,DEPARTAMENTO,arriendo,agency
TT-2024-01-003902,toctoc,Las Condes,Metropolitana,880000.0,CLP,57.7,2023-12-18 00:00:00.000000,2024-01-22 00:00:00.000000,DEPARTAMENTO,ARRIENDO,agency
TT-2024-01-005263,toctoc,Maipú,Metropolitana,16.89,UF,60.3,2023-12-25 00:00:00.000000,2024-01-29 00:00:00.000000,departamento,Arriendo,agency
TT-2024-01-005240,toctoc,Macul,Metropolitana,660000.0,CLP,47.4,2024-01-01 00:00:00.000000,2024-01-29 00:00:00.000000,Departamento,ARRIENDO,agency
TT-2024-01-000340,toctoc,Las Condes,Metropolitana,1280000.0,CLP,65.9,2023-11-11 00:00:00.000000,2024-01-01 00:00:00.000000,Departamento,Arriendo,agency
TT-2024-01-003276,toctoc,Quinta Normal,Metropolitana,560000.0,CLP,63.8,2023-12-30 00:00:00.000000,2024-01-22 00:00:00.000000,departamento,arriendo,owner_direct
TT-2024-01-003249,toctoc,Estación Central,Metropolitana,13.11,UF,42.2,2023-12-11 00:00:00.000000,2024-01-15 00:00:00.000000,DEPARTAMENTO,Arriendo,agency
TT-2024-01-002314,toctoc,Macul,Metropolitana,14.86,UF,42.2,2023-11-29 00:00:00.000000,2024-01-08 00:00:00.000000,departamento,ARRIENDO,agency
TT-2024-01-001907,toctoc,Las Condes,Metropolitana,26.35,UF,48.6,2023-11-25 00:00:00.000000,2024-01-08 00:00:00.000000,DEPARTAMENTO,arriendo,owner_direct
TT-2024-01-001875,toctoc,Santiago,Metropolitana,605000.0,CLP,52.5,2023-12-21 00:00:00.000000,2024-01-08 00:00:00.000000,Departamento,arriendo,owner_direct
TT-2024-01-000293,toctoc,Puente Alto,Metropolitana,10.95,UF,35.7,2023-12-17 00:00:00.000000,2024-01-01 00:00:00.000000,Departamento,Arriendo,owner_direct
TT-2024-01-002377,toctoc,Providencia,Metropolitana,25.14,UF,54.4,2023-12-24 00:00:00.000000,2024-01-15 00:00:00.000000,departamento,Arriendo,agency
TT-2024-01-002399,toctoc,Providencia,Metropolitana,24.19,UF,50.6,2024-01-10 00:00:00.000000,2024-01-15 00:00:00.000000,Departamento,arriendo,agency
TT-2024-01-003024,toctoc,Santiago,Metropolitana,21.35,UF,58.6,2023-11-12 00:00:00.000000,2024-01-15 00:00:00.000000,DEPARTAMENTO,ARRIENDO,owner_direct
TT-2024-01-000809,toctoc,La Florida,Metropolitana,605000.0,CLP,64.3,2023-12-17 00:00:00.000000,2024-01-01 00:00:00.000000,departamento,ARRIENDO,agency
TT-2024-01-002645,toctoc,Quilicura,Metropolitana,400000.0,CLP,35.8,2023-12-11 00:00:00.000000,2024-01-15 00:00:00.000000,DEPARTAMENTO,ARRIENDO,owner_direct
TT-2024-01-005442,toctoc,La Cisterna,Metropolitana,10.41,UF,20.2,2023-09-21 00:00:00.000000,2024-01-29 00:00:00.000000,departamento,Arriendo,agency
TT-2024-01-004880,toctoc,Providencia,Metropolitana,25.68,UF,45.1,2023-10-27 00:00:00.000000,2024-01-29 00:00:00.000000,Departamento,arriendo,agency
TT-2024-01-003169,toctoc,San Joaquín,Metropolitana,11.08,UF,41.2,2023-11-11 00:00:00.000000,2024-01-15 00:00:00.000000,Departamento,ARRIENDO,agency
TT-2024-01-000733,toctoc,Ñuñoa,Metropolitana,29.73,UF,80.1,2023-12-13 00:00:00.000000,2024-01-01 00:00:00.000000,Departamento,Arriendo,owner_direct
TT-2024-01-003287,toctoc,Conchalí,Metropolitana,480000.0,CLP,64.0,2023-12-29 00:00:00.000000,2024-01-22 00:00:00.000000,Departamento,Arriendo,agency
TT-2024-01-005158,toctoc,Macul,Metropolitana,680000.0,CLP,61.2,2023-10-27 00:00:00.000000,2024-01-29 00:00:00.000000,Departamento,ARRIENDO,owner_direct
TT-2024-01-003339,toctoc,La Florida,Metropolitana,18.11,UF,80.5,2023-12-22 00:00:00.000000,2024-01-22 00:00:00.000000,DEPARTAMENTO,arriendo,agency
TT-2024-01-000959,toctoc,Macul,Metropolitana,12.16,UF,34.3,2023-12-01 00:00:00.000000,2024-01-01 00:00:00.000000,departamento,arriendo,agency
TT-2024-01-004670,toctoc,Estación Central,Metropolitana,490000.0,CLP,50.1,2024-01-19 00:00:00.000000,2024-01-29 00:00:00.000000,Departamento,arriendo,owner_direct
TT-2024-01-001601,toctoc,recoleta,Metropolitana,12.97,UF,42.9,2023-12-06 00:00:00.000000,2024-01-08 00:00:00.000000,departamento,Arriendo,agency
TT-2024-01-000132,toctoc,Recoleta,Metropolitana,12.03,UF,45.3,2023-12-15 00:00:00.000000,2024-01-01 00:00:00.000000,departamento,Arriendo,agency
TT-2024-01-003052,toctoc,Conchalí,Metropolitana,585000.0,CLP,56.1,2023-12-08 00:00:00.000000,2024-01-15 00:00:00.000000,Departamento,Arriendo,owner_direct
TT-2024-01-003091,toctoc,La Cisterna,Metropolitana,34.59,UF,51.6,2023-06-23 00:00:00.000000,2024-01-15 00:00:00.000000,departamento,Arriendo,agency
TT-2024-01-002546,toctoc,San Miguel,Metropolitana,16.62,UF,58.2,2023-12-23 00:00:00.000000,2024-01-15 00:00:00.000000,DEPARTAMENTO,arriendo,owner_direct
TT-2024-01-001400,toctoc,Huechuraba,Metropolitana,20.0,UF,64.2,2023-12-26 00:00:00.000000,2024-01-08 00:00:00.000000,Departamento,Arriendo,agency
TT-2024-01-004889,toctoc,Las Condes,Metropolitana,1060000.0,CLP,67.5,2024-01-13 00:00:00.000000,2024-01-29 00:00:00.000000,Departamento,ARRIENDO,owner_direct
TT-2024-01-000560,toctoc,Macul,Metropolitana,17.03,UF,51.1,2023-12-10 00:00:00.000000,2024-01-01 00:00:00.000000,DEPARTAMENTO,arriendo,owner_direct
TT-2024-01-004436,toctoc,San Miguel,Metropolitana,13.78,UF,45.4,2024-01-12 00:00:00.000000,2024-01-29 00:00:00.000000,departamento,ARRIENDO,agency
TT-2024-01-005163,toctoc,Santiago,Metropolitana,14.86,UF,48.5,2023-12-28 00:00:00.000000,2024-01-29 00:00:00.000000,Departamento,Arriendo,owner_direct
TT-2024-01-000343,toctoc,Independencia ,Metropolitana,10.27,UF,35.8,2023-11-28 00:00:00.000000,2024-01-01 00:00:00.000000,DEPARTAMENTO,arriendo,owner_direct
TT-2024-01-004558,toctoc,Ñuñoa,Metropolitana,425000.0,CLP,27.7,2024-01-09 00:00:00.000000,2024-01-29 00:00:00.000000,DEPARTAMENTO,ARRIENDO,agency
TT-2024-01-002035,toctoc,Ñuñoa,Metropolitana,895000.0,CLP,74.4,2023-12-30 00:00:00.000000,2024-01-08 00:00:00.000000,Departamento,Arriendo,agency
TT-2024-01-000601,toctoc,Providencia,Metropolitana,44.32,UF,100.1,2023-12-13 00:00:00.000000,2024-01-01 00:00:00.000000,Departamento,Arriendo,agency
TT-2024-01-002096,toctoc,Independencia,Metropolitana,9.73,UF,12.0,2023-11-29 00:00:00.000000,2024-01-08 00:00:00.000000,DEPARTAMENTO,arriendo,owner_direct
TT-2024-01-003166,toctoc,San Miguel,Metropolitana,19.19,UF,67.9,2024-01-02 00:00:00.000000,2024-01-15 00:00:00.000000,departamento,Arriendo,agency
TT-2024-01-004409,toctoc,Vitacura,Metropolitana,985000.0,CLP,38.7,2024-01-03 00:00:00.000000,2024-01-29 00:00:00.000000,departamento,Arriendo,agency
TT-2024-01-005164,toctoc,Santiago,Metropolitana,2070000.0,CLP,56.4,2024-01-04 00:00:00.000000,2024-01-29 00:00:00.000000,Departamento,ARRIENDO,owner_direct
TT-2024-01-004849,toctoc,Vitacura,Metropolitana,1100000.0,CLP,38.3,2024-01-20 00:00:00.000000,2024-01-29 00:00:00.000000,DEPARTAMENTO,arriendo,owner_direct
TT-2024-01-001366,toctoc,Quinta Normal,Metropolitana,370000.0,CLP,23.5,2023-10-25 00:00:00.000000,2024-01-08 00:00:00.000000,DEPARTAMENTO,Arriendo,owner_direct
TT-2024-01-002120,toctoc,Quinta Normal,Metropolitana,12.84,UF,42.3,2023-06-18 00:00:00.000000,2024-01-08 00:00:00.000000,DEPARTAMENTO,arriendo,owner_direct
TT-2024-01-002863,toctoc,San Miguel,Metropolitana,585000.0,CLP,56.3,2023-12-14 00:00:00.000000,2024-01-15 00:00:00.000000,departamento,arriendo,owner_direct
TT-2024-01-001002,toctoc,La Florida,Metropolitana,14.05,UF,61.8,2023-11-23 00:00:00.000000,2024-01-01 00:00:00.000000,DEPARTAMENTO,Arriendo,agency
TT-2024-01-002614,toctoc,San Joaquín,Metropolitana,12.3,UF,49.4,2023-12-13 00:00:00.000000,2024-01-15 00:00:00.000000,DEPARTAMENTO,Arriendo,agency
TT-2024-01-004242,toctoc,Independencia,Metropolitana,520000.0,CLP,46.6,2024-01-15 00:00:00.000000,2024-01-22 00:00:00.000000,Departamento,Arriendo,agency
TT-2024-01-003389,toctoc,Lo Barnechea,Metropolitana,20.0,UF,28.8,2023-12-16 00:00:00.000000,2024-01-22 00:00:00.000000,Departamento,arriendo,agency
TT-2024-01-001814,toctoc,Estación Central,Metropolitana,600000.0,CLP,63.3,2023-10-15 00:00:00.000000,2024-01-08 00:00:00.000000,Departamento,Arriendo,owner_direct
TT-2024-01-003955,toctoc,Maipú,Metropolitana,465000.0,CLP,59.0,2023-12-25 00:00:00.000000,2024-01-22 00:00:00.000000,DEPARTAMENTO,arriendo,agency
TT-2024-01-002253,toctoc,Santiago,Metropolitana,16.22,UF,47.4,2023-10-05 00:00:00.000000,2024-01-08 00:00:00.000000,departamento,Arriendo,agency
TT-2024-01-004746,toctoc,santiago,Metropolitana,700000.0,CLP,70.5,2024-01-06 00:00:00.000000,2024-01-29 00:00:00.000000,DEPARTAMENTO,arriendo,agency
TT-2024-01-001346,toctoc,La Florida,Metropolitana,15.81,UF,63.3,2023-12-12 00:00:00.000000,2024-01-08 00:00:00.000000,departamento,ARRIENDO,agency
TT-2024-01-001432,toctoc,Maipú,Metropolitana,14.05,UF,52.8,2023-12-25 00:00:00.000000,2024-01-08 00:00:00.000000,DEPARTAMENTO,arriendo,owner_direct
TT-2024-01-003073,toctoc,Santiago,Metropolitana,540000.0,CLP,43.1,2024-01-08 00:00:00.000000,2024-01-15 00:00:00.000000,Departamento,arriendo,owner_direct
TT-2024-01-000172,toctoc,Recoleta,Metropolitana,350000.0,CLP,29.4,2023-06-30 00:00:00.000000,2024-01-01 00:00:00.000000,Departamento,arriendo,owner_direct
TT-2024-01-004117,toctoc,Estación Central,Metropolitana,450000.0,CLP,34.9,2024-01-10 00:00:00.000000,2024-01-22 00:00:00.000000,departamento,ARRIENDO,agency
TT-2024-01-004449,toctoc,Maipú,Metropolitana,13.24,UF,53.5,2023-12-24 00:00:00.000000,2024-01-29 00:00:00.000000,departamento,arriendo,agency
TT-2024-01-003190,toctoc,Quinta Normal,Metropolitana,370000.0,CLP,35.9,2023-07-03 00:00:00.000000,2024-01-15 00:00:00.000000,Departamento,ARRIENDO,agency
TT-2024-01-002224,toctoc,Ñuñoa,Metropolitana,20.0,UF,65.1,2023-07-18 00:00:00.000000,2024-01-08 00:00:00.000000,departamento,ARRIENDO,agency
TT-2024-01-002608,toctoc,La Florida,Metropolitana,14.46,UF,52.9,2023-12-23 00:00:00.000000,2024-01-15 00:00:00.000000,departamento,arriendo,agency
TT-2024-01-003365,toctoc,Ñuñoa,Metropolitana,1005000.0,CLP,86.6,2024-01-12 00:00:00.000000,2024-01-22 00:00:00.000000,departamento,Arriendo,agency
TT-2024-01-000843,toctoc,Maipú,Metropolitana,21.08,UF,85.9,2023-07-28 00:00:00.000000,2024-01-01 00:00:00.000000,departamento,arriendo,agency
TT-2024-01-003889,toctoc,Santiago,Metropolitana,15.0,UF,47.9,2024-01-06 00:00:00.000000,2024-01-22 00:00:00.000000,Departamento,Arriendo,agency
TT-2024-01-005014,toctoc,Santiago,Metropolitana,655000.0,CLP,58.3,2023-12-31 00:00:00.000000,2024-01-29 00:00:00.000000,DEPARTAMENTO,ARRIENDO,owner_direct
TT-2024-01-000916,toctoc,La Florida,Metropolitana,15.27,UF,51.8,2023-12-05 00:00:00.000000,2024-01-01 00:00:00.000000,DEPARTAMENTO,arriendo,owner_direct
TT-2024-01-001713,toctoc,Lo Barnechea,Metropolitana,26.62,UF,49.2,2024-01-03 00:00:00.000000,2024-01-08 00:00:00.000000,departamento,ARRIENDO,owner_direct
TT-2024-01-004135,toctoc,Santiago,Metropolitana,15.54,UF,42.7,2023-12-07 00:00:00.000000,2024-01-22 00:00:00.000000,departamento,arriendo,agency
TT-2024-01-001522,toctoc,Santiago,Metropolitana,23.65,UF,83.2,2023-11-27 00:00:00.000000,2024-01-08 00:00:00.000000,Departamento,Arriendo,agency
TT-2024-01-002792,toctoc,Huechuraba,Metropolitana,15.27,UF,37.5,2023-12-24 00:00:00.000000,2024-01-15 00:00:00.000000,departamento,arriendo,owner_direct
TT-2024-01-003093,toctoc,Santiago,Metropolitana,615000.0,CLP,66.9,2023-12-28 00:00:00.000000,2024-01-15 00:00:00.000000,departamento,Arriendo,agency
TT-2024-01-004941,toctoc,Ñuñoa,Metropolitana,890000.0,CLP,66.6,2024-01-03 00:00:00.000000,2024-01-29 00:00:00.000000,Departamento,ARRIENDO,
TT-2024-01-000236,toctoc, Santiago,Metropolitana,17.7,UF,53.7,2023-12-27 00:00:00.000000,2024-01-01 00:00:00.000000,Departamento,arriendo,agency
TT-2024-01-002879,toctoc,Providencia,Metropolitana,19.46,UF,34.5,2024-01-01 00:00:00.000000,2024-01-15 00:00:00.000000,Departamento,ARRIENDO,agency
TT-2024-01-002710,toctoc,La Cisterna,Metropolitana,11.08,UF,42.1,2023-11-21 00:00:00.000000,2024-01-15 00:00:00.000000,departamento,ARRIENDO,owner_direct
TT-2024-01-002169,toctoc,Ñuñoa,Metropolitana,730000.0,CLP,40.6,2023-09-27 00:00:00.000000,2024-01-08 00:00:00.000000,departamento,ARRIENDO,agency
TT-2024-01-000266,toctoc,Providencia,Metropolitana,910000.0,CLP,60.3,2023-12-09 00:00:00.000000,2024-01-01 00:00:00.000000,Departamento,ARRIENDO,owner_direct
TT-2024-01-001527,toctoc,Santiago,Metropolitana,565000.0,CLP,51.4,2023-12-22 00:00:00.000000,2024-01-08 00:00:00.000000,departamento,Arriendo,agency
TT-2024-01-004157,toctoc,Pudahuel,Metropolitana,10.81,UF,35.8,2024-01-01 00:00:00.000000,2024-01-22 00:00:00.000000,Departamento,ARRIENDO,owner_direct
TT-2024-01-001084,toctoc,San Miguel,Metropolitana,750000.0,CLP,79.0,2023-11-02 00:00:00.000000,2024-01-01 00:00:00.000000,Departamento,arriendo,agency
TT-2024-01-001514,toctoc,Ñuñoa,Metropolitana,38.78,UF,102.8,2023-10-25 00:00:00.000000,2024-01-08 00:00:00.000000,Departamento,arriendo,agency
TT-2024-01-000369,toctoc,HUECHURABA,Metropolitana,12.84,UF,39.2,2023-12-14 00:00:00.000000,2024-01-01 00:00:00.000000,DEPARTAMENTO,Arriendo,owner_direct
TT-2024-01-003005,toctoc,Macul,Metropolitana,16.08,UF,45.3,2024-01-02 00:00:00.000000,2024-01-15 00:00:00.000000,DEPARTAMENTO,ARRIENDO,owner_direct
TT-2024-01-004342,toctoc,La Florida,Metropolitana,14.46,UF,43.0,2024-01-16 00:00:00.000000,2024-01-22 00:00:00.000000,Departamento,Arriendo,
TT-2024-01-005036,toctoc,Estación Central,Metropolitana,9.73,UF,42.0,2023-12-24 00:00:00.000000,2024-01-29 00:00:00.000000,Departamento,arriendo,agency
TT-2024-01-003782,toctoc,Las Condes,Metropolitana,26.76,UF,66.2,2023-11-13 00:00:00.000000,2024-01-22 00:00:00.000000,Departamento,arriendo,agency
TT-2024-01-001913,toctoc,Recoleta,Metropolitana,20.0,UF,85.2,2023-12-30 00:00:00.000000,2024-01-08 00:00:00.000000,DEPARTAMENTO,arriendo,agency
TT-2024-01-005223,toctoc,San Miguel,Metropolitana,171.35,UF,64.3,2024-01-12 00:00:00.000000,2024-01-29 00:00:00.000000,Departamento,arriendo,agency
TT-2024-01-001870,toctoc,Recoleta,Metropolitana,16.08,UF,73.9,2023-12-26 00:00:00.000000,2024-01-08 00:00:00.000000,Departamento,arriendo,agency
TT-2024-01-002822,toctoc,Quinta Normal,Metropolitana,595000.0,CLP,57.6,2023-12-13 00:00:00.000000,2024-01-15 00:00:00.000000,DEPARTAMENTO,Arriendo,agency
TT-2024-01-001052,toctoc,La Cisterna,Metropolitana,15.41,UF,60.1,2023-12-11 00:00:00.000000,2024-01-01 00:00:00.000000,departamento,ARRIENDO,owner_direct
TT-2024-01-003689,toctoc,Estación Central ,Metropolitana,840000.0,CLP,97.9,2023-11-26 00:00:00.000000,2024-01-22 00:00:00.000000,DEPARTAMENTO,ARRIENDO,agency
TT-2024-01-003359,toctoc,Santiago,Metropolitana,570000.0,CLP,57.5,2024-01-14 00:00:00.000000,2024-01-22 00:00:00.000000,departamento,ARRIENDO,agency
TT-2024-01-001588,toctoc,Estación Central,Metropolitana,665000.0,CLP,70.7,2023-12-27 00:00:00.000000,2024-01-08 00:00:00.000000,DEPARTAMENTO,ARRIENDO,owner_direct
TT-2024-01-001379,toctoc,Santiago,Metropolitana,925000.0,CLP,99.6,2023-11-11 00:00:00.000000,2024-01-08 00:00:00.000000,Departamento,ARRIENDO,agency
TT-2024-01-001587,toctoc,Pudahuel,Metropolitana,11.35,UF,48.5,2023-12-30 00:00:00.000000,2024-01-08 00:00:00.000000,Departamento,arriendo,owner_direct
TT-2024-01-003473,toctoc,Santiago,Metropolitana,16.49,UF,60.6,2023-12-26 00:00:00.000000,2024-01-22 00:00:00.000000,Departamento,ARRIENDO,owner_direct
TT-2024-01-000105,toctoc,La Florida,Metropolitana,625000.0,CLP,61.9,2023-12-19 00:00:00.000000,2024-01-01 00:00:00.000000,Departamento,arriendo,owner_direct
TT-2024-01-003177,toctoc,Independencia,Metropolitana,4380000.0,CLP,29.6,2023-12-21 00:00:00.000000,2024-01-15 00:00:00.000000,Departamento,Arriendo,agency
TT-2024-01-002517,toctoc,Huechuraba,Metropolitana,37.7,UF,144.3,2023-11-25 00:00:00.000000,2024-01-15 00:00:00.000000,departamento,ARRIENDO,agency
TT-2024-01-001249,toctoc,Santiago,Metropolitana,740000.0,CLP,61.5,2023-10-29 00:00:00.000000,2024-01-08 00:00:00.000000,departamento,arriendo,agency
TT-2024-01-001267,toctoc,Santiago ,Metropolitana,16.35,UF,57.0,2023-12-26 00:00:00.000000,2024-01-08 00:00:00.000000,departamento,ARRIENDO,agency
TT-2024-01-001438,toctoc,Santiago,Metropolitana,775000.0,CLP,73.7,2023-11-21 00:00:00.000000,2024-01-08 00:00:00.000000,departamento,arriendo,agency
TT-2024-01-000791,toctoc,Ñuñoa,Metropolitana,15.81,UF,39.0,2023-12-12 00:00:00.000000,2024-01-01 00:00:00.000000,DEPARTAMENTO,arriendo,agency
TT-2024-01-000269,toctoc,Independencia,Metropolitana,515000.0,CLP,41.4,2023-12-19 00:00:00.000000,2024-01-01 00:00:00.000000,Departamento,arriendo,
TT-2024-01-001945,toctoc,Conchalí,Metropolitana,280000.0,CLP,31.6,2023-11-24 00:00:00.000000,2024-01-08 00:00:00.000000,Departamento,Arriendo,agency
TT-2024-01-003341,toctoc,Vitacura,Metropolitana,830000.0,CLP,31.3,2023-11-19 00:00:00.000000,2024-01-22 00:00:00.000000,departamento,Arriendo,agency
TT-2024-01-002709,toctoc,Peñalolén,Metropolitana,14.32,UF,44.2,2023-12-09 00:00:00.000000,2024-01-15 00:00:00.000000,DEPARTAMENTO,arriendo,owner_direct
TT-2024-01-002131,toctoc,La Cisterna,Metropolitana,15.0,UF,64.9,2023-12-08 00:00:00.000000,2024-01-08 00:00:00.000000,Departamento,arriendo,agency
TT-2024-01-004813,toctoc,San Miguel,Metropolitana,17.03,UF,63.9,2024-01-24 00:00:00.000000,2024-01-29 00:00:00.000000,departamento,ARRIENDO,owner_direct
TT-2024-01-003189,toctoc,Lo Barnechea,Metropolitana,795000.0,CLP,46.7,2023-12-27 00:00:00.000000,2024-01-15 00:00:00.000000,DEPARTAMENTO,Arriendo,agency
TT-2024-01-004545,toctoc,Santiago,Metropolitana,10.27,UF,29.0,2024-01-14 00:00:00.000000,2024-01-29 00:00:00.000000,Departamento,Arriendo,owner_direct
TT-2024-01-001618,toctoc,Providencia,Metropolitana,890000.0,CLP,44.6,2023-12-30 00:00:00.000000,2024-01-08 00:00:00.000000,departamento,arriendo,agency
TT-2024-01-005092,toctoc,Puente Alto,Metropolitana,430000.0,CLP,47.6,2024-01-19 00:00:00.000000,2024-01-29 00:00:00.000000,DEPARTAMENTO,arriendo,owner_direct
TT-2024-01-000389,toctoc,Quinta Normal,Metropolitana,340000.0,CLP,25.1,2023-11-16 00:00:00.000000,2024-01-01 00:00:00.000000,Departamento,Arriendo,owner_direct
TT-2024-01-003471,toctoc,Providencia,Metropolitana,1370000.0,CLP,77.1,2023-12-03 00:00:00.000000,2024-01-22 00:00:00.000000,Departamento,Arriendo,owner_direct
TT-2024-01-003588,toctoc,Santiago,Metropolitana,14.46,UF,44.6,2023-09-08 00:00:00.000000,2024-01-22 00:00:00.000000,Departamento,Arriendo,owner_direct
TT-2024-01-000410,toctoc,Las Condes,Metropolitana,25.54,UF,39.0,2023-12-09 00:00:00.000000,2024-01-01 00:00:00.000000,departamento,Arriendo,owner_direct
TT-2024-01-002466,toctoc,Providencia,Metropolitana,1155000.0,CLP,56.3,2023-11-22 00:00:00.000000,2024-01-15 00:00:00.000000,DEPARTAMENTO,arriendo,agency
TT-2024-01-001512,toctoc,Ñuñoa,Metropolitana,820000.0,CLP,68.9,2024-01-02 00:00:00.000000,2024-01-08 00:00:00.000000,departamento,arriendo,owner_direct
TT-2024-01-004806,toctoc,Ñuñoa,Metropolitana,885000.0,CLP,77.4,2024-01-08 00:00:00.000000,2024-01-29 00:00:00.000000,departamento,ARRIENDO,agency
TT-2024-01-005402,toctoc,Maipú,Metropolitana,415000.0,CLP,33.1,2024-01-15 00:00:00.000000,2024-01-29 00:00:00.000000,DEPARTAMENTO,arriendo,agency
TT-2024-01-001503,toctoc,Independencia,Metropolitana,10.81,UF,35.0,2023-12-27 00:00:00.000000,2024-01-08 00:00:00.000000,Departamento,ARRIENDO,agency
TT-2024-01-004715,toctoc,Quilicura,Metropolitana,12.7,UF,44.5,2024-01-05 00:00:00.000000,2024-01-29 00:00:00.000000,DEPARTAMENTO,Arriendo,agency
TT-2024-01-000714,toctoc,La Reina,Metropolitana,26.35,UF,71.3,2023-12-26 00:00:00.000000,2024-01-01 00:00:00.000000,DEPARTAMENTO,Arriendo,agency
TT-2024-01-001387,toctoc,Maipú,Metropolitana,12.84,UF,42.5,2023-12-01 00:00:00.000000,2024-01-08 00:00:00.000000,departamento,ARRIENDO,agency
TT-2024-01-004946,toctoc,La Florida,Metropolitana,11.49,UF,33.7,2024-01-12 00:00:00.000000,2024-01-29 00:00:00.000000,departamento,ARRIENDO,agency
TT-2024-01-002692,toctoc,San Joaquín,Metropolitana,10.95,UF,36.6,2024-01-11 00:00:00.000000,2024-01-15 00:00:00.000000,Departamento,Arriendo,agency
TT-2024-01-002768,toctoc,Macul,Metropolitana,650000.0,CLP,66.4,2023-12-26 00:00:00.000000,2024-01-15 00:00:00.000000,DEPARTAMENTO,Arriendo,agency
TT-2024-01-002944,toctoc,Santiago,Metropolitana,11.35,UF,28.1,2023-12-24 00:00:00.000000,2024-01-15 00:00:00.000000,departamento,arriendo,
TT-2024-01-001079,toctoc,Las Condes,Metropolitana,37.97,UF,70.6,2023-07-15 00:00:00.000000,2024-01-01 00:00:00.000000,Departamento,arriendo,agency
TT-2024-01-000616,toctoc,Cerrillos,Metropolitana,16.22,UF,76.2,2023-12-21 00:00:00.000000,2024-01-01 00:00:00.000000,Departamento,Arriendo,owner_direct
TT-2024-01-005073,toctoc,Recoleta,Metropolitana,17.16,UF,68.8,2023-12-26 00:00:00.000000,2024-01-29 00:00:00.000000,DEPARTAMENTO,Arriendo,owner_direct
TT-2024-01-000587,toctoc,Puente Alto,Metropolitana,365000.0,CLP,35.1,2023-12-26 00:00:00.000000,2024-01-01 00:00:00.000000,DEPARTAMENTO,ARRIENDO,agency
TT-2024-01-000571,toctoc,Quinta Normal,Metropolitana,13.11,UF,54.3,2023-11-30 00:00:00.000000,2024-01-01 00:00:00.000000,DEPARTAMENTO,arriendo,agency
TT-2024-01-000617,toctoc,Macul,Metropolitana,475000.0,CLP,36.8,2023-12-15 00:00:00.000000,2024-01-01 00:00:00.000000,departamento,Arriendo,owner_direct
TT-2024-01-001168,toctoc,San Miguel,Metropolitana,495000.0,CLP,44.1,2023-09-10 00:00:00.000000,2024-01-01 00:00:00.000000,departamento,ARRIENDO,agency
TT-2024-01-002394,toctoc,Macul,Metropolitana,695000.0,CLP,50.5,2023-12-11 00:00:00.000000,2024-01-15 00:00:00.000000,departamento,arriendo,agency
TT-2024-01-000674,toctoc,maipú,Metropolitana,450000.0,CLP,40.8,2023-12-21 00:00:00.000000,2024-01-01 00:00:00.000000,departamento,ARRIENDO,agency
TT-2024-01-000184,toctoc,Ñuñoa,Metropolitana,266.62,UF,1200.0,2023-12-16 00:00:00.000000,2024-01-01 00:00:00.000000,DEPARTAMENTO,ARRIENDO,agency
TT-2024-01-004587,toctoc,Ñuñoa,Metropolitana,18.65,UF,44.9,2024-01-17 00:00:00.000000,2024-01-29 00:00:00.000000,DEPARTAMENTO,ARRIENDO,agency
TT-2024-01-003403,toctoc,Recoleta,Metropolitana,39.05,UF,28.7,2023-11-18 00:00:00.000000,2024-01-22 00:00:00.000000,DEPARTAMENTO,Arriendo,agency
TT-2024-01-004174,toctoc,Lo Barnechea,Metropolitana,2580000.0,CLP,30.1,2023-07-20 00:00:00.000000,2024-01-22 00:00:00.000000,Departamento,arriendo,owner_direct
TT-2024-01-002322,toctoc,Estación Central,Metropolitana,20.81,UF,99.6,2023-10-25 00:00:00.000000,2024-01-08 00:00:00.000000,Departamento,Arriendo,agency
TT-2024-01-004430,toctoc,Maipú,Metropolitana,11.89,UF,50.4,2024-01-08 00:00:00.000000,2024-01-29 00:00:00.000000,Departamento,Arriendo,agency
TT-2024-01-002143,toctoc,Cerrillos,Metropolitana,15.0,UF,45.5,2023-12-12 00:00:00.000000,2024-01-08 00:00:00.000000,departamento,ARRIENDO,owner_direct
TT-2024-01-003617,toctoc,La Florida,Metropolitana,17.7,UF,66.5,2024-01-01 00:00:00.000000,2024-01-22 00:00:00.000000,DEPARTAMENTO,Arriendo,owner_direct
TT-2024-01-005202,toctoc,Las Condes,Metropolitana,26.08,UF,53.0,2023-12-17 00:00:00.000000,2024-01-29 00:00:00.000000,departamento,arriendo,owner_direct
TT-2024-01-003877,toctoc,La Florida,Metropolitana,620000.0,CLP,72.1,2023-12-19 00:00:00.000000,2024-01-22 00:00:00.000000,departamento,ARRIENDO,owner_direct
TT-2024-01-002612,toctoc,Puente Alto,Metropolitana,550000.0,CLP,86.3,2023-08-05 00:00:00.000000,2024-01-15 00:00:00.000000,DEPARTAMENTO,ARRIENDO,agency
TT-2024-01-001399,toctoc,Quilicura,Metropolitana,12.16,UF,57.2,2024-01-04 00:00:00.000000,2024-01-08 00:00:00.000000,Departamento,ARRIENDO,agency
TT-2024-01-001132,toctoc,Ñuñoa,Metropolitana,7105000.0,CLP,42.1,2023-12-07 00:00:00.000000,2024-01-01 00:00:00.000000,Departamento,arriendo,agency
TT-2024-01-001241,toctoc,Peñalolén,Metropolitana,410000.0,CLP,21.7,2023-12-09 00:00:00.000000,2024-01-08 00:00:00.000000,Departamento,ARRIENDO,agency
TT-2024-01-000095,toctoc,San Miguel,Metropolitana,15.81,UF,56.2,2023-11-07 00:00:00.000000,2024-01-01 00:00:00.000000,departamento,ARRIENDO,agency
TT-2024-01-000027,toctoc,Estación Central,Metropolitana,19.86,UF,84.9,2023-12-16 00:00:00.000000,2024-01-01 00:00:00.000000,DEPARTAMENTO,arriendo,agency
TT-2024-01-001164,toctoc,Las Condes,Metropolitana,24.05,UF,48.8,2023-12-25 00:00:00.000000,2024-01-01 00:00:00.000000,departamento,ARRIENDO,agency
TT-2024-01-002995,toctoc,Ñuñoa,Metropolitana,17.7,UF,42.3,2024-01-06 00:00:00.000000,2024-01-15 00:00:00.000000,departamento,ARRIENDO,owner_direct
TT-2024-01-002653,toctoc,La Reina,Metropolitana,18.65,UF,38.2,2024-01-06 00:00:00.000000,2024-01-15 00:00:00.000000,DEPARTAMENTO,ARRIENDO,agency
TT-2024-01-004359,toctoc,Las Condes,Metropolitana,1240000.0,CLP,84.2,2023-12-07 00:00:00.000000,2024-01-29 00:00:00.000000,Departamento,arriendo,
TT-2024-01-003551,toctoc,puente alto,Metropolitana,350000.0,CLP,31.5,2023-12-29 00:00:00.000000,2024-01-22 00:00:00.000000,departamento,arriendo,agency
TT-2024-01-003770,toctoc,Las Condes,Metropolitana,23.24,UF,50.7,2023-10-04 00:00:00.000000,2024-01-22 00:00:00.000000,DEPARTAMENTO,ARRIENDO,agency
TT-2024-01-005131,toctoc,La Cisterna,Metropolitana,550000.0,CLP,52.9,2023-10-20 00:00:00.000000,2024-01-29 00:00:00.000000,DEPARTAMENTO,ARRIENDO,owner_direct
TT-2024-01-004061,toctoc,Estación Central,Metropolitana,11.08,UF,31.3,2023-12-25 00:00:00.000000,2024-01-22 00:00:00.000000,DEPARTAMENTO,arriendo,agency
TT-2024-01-000237,toctoc,Santiago,Metropolitana,9.59,UF,2.0,2023-12-15 00:00:00.000000,2024-01-01 00:00:00.000000,DEPARTAMENTO,Arriendo,agency
TT-2024-01-003433,toctoc,La Florida,Metropolitana,440000.0,CLP,41.3,2024-01-09 00:00:00.000000,2024-01-22 00:00:00.000000,DEPARTAMENTO,Arriendo,agency
TT-2024-01-000387,toctoc,Peñalolén,Metropolitana,615000.0,CLP,42.4,2023-11-08 00:00:00.000000,2024-01-01 00:00:00.000000,DEPARTAMENTO,Arriendo,agency
TT-2024-01-004484,toctoc,La Cisterna,Metropolitana,22.43,UF,129.7,2023-12-21 00:00:00.000000,2024-01-29 00:00:00.000000,departamento,Arriendo,agency
TT-2024-01-003305,toctoc,ESTACIÓN CENTRAL,Metropolitana,17.43,UF,60.4,2024-01-18 00:00:00.000000,2024-01-22 00:00:00.000000,Departamento,Arriendo,owner_direct
TT-2024-01-002336,toctoc,Las Condes,Metropolitana,1340000.0,CLP,72.4,2023-12-17 00:00:00.000000,2024-01-08 00:00:00.000000,DEPARTAMENTO,ARRIENDO,agency
TT-2024-01-003417,toctoc,Maipú,Metropolitana,420000.0,CLP,46.3,2024-01-18 00:00:00.000000,2024-01-22 00:00:00.000000,departamento,ARRIENDO,agency
TT-2024-01-004055,toctoc,Santiago,Metropolitana,17.16,UF,53.6,2024-01-18 00:00:00.000000,2024-01-22 00:00:00.000000,departamento,arriendo,owner_direct
TT-2024-01-004802,toctoc,CONCHALÍ,Metropolitana,10.0,UF,34.7,2023-12-29 00:00:00.000000,2024-01-29 00:00:00.000000,departamento,ARRIENDO,agency
TT-2024-01-003731,toctoc,Ñuñoa,Metropolitana,665000.0,CLP,45.6,2023-12-17 00:00:00.000000,2024-01-22 00:00:00.000000,DEPARTAMENTO,ARRIENDO,
TT-2024-01-000940,toctoc,Huechuraba,Metropolitana,15.54,UF,67.9,2023-11-30 00:00:00.000000,2024-01-01 00:00:00.000000,Departamento,ARRIENDO,agency
TT-2024-01-003334,toctoc,Santiago,Metropolitana,21.22,UF,66.1,2023-08-11 00:00:00.000000,2024-01-22 00:00:00.000000,departamento,Arriendo,agency
TT-2024-01-005290,toctoc,Macul,Metropolitana,15.54,UF,39.1,2024-01-04 00:00:00.000000,2024-01-29 00:00:00.000000,DEPARTAMENTO,Arriendo,owner_direct
TT-2024-01-000198,toctoc,Independencia,Metropolitana,27.43,UF,139.9,2023-07-11 00:00:00.000000,2024-01-01 00:00:00.000000,Departamento,Arriendo,agency
TT-2024-01-002175,toctoc,La Florida,Metropolitana,405000.0,CLP,8.0,2023-12-21 00:00:00.000000,2024-01-08 00:00:00.000000,departamento,ARRIENDO,agency
TT-2024-01-002279,toctoc,La Florida,Metropolitana,2675000.0,CLP,93.3,2023-12-13 00:00:00.000000,2024-01-08 00:00:00.000000,Departamento,Arriendo,agency
TT-2024-01-005409,toctoc,Las Condes,Metropolitana,28.78,UF,50.7,2024-01-07 00:00:00.000000,2024-01-29 00:00:00.000000,DEPARTAMENTO,arriendo,agency
TT-2024-01-004265,toctoc,San Miguel,Metropolitana,12.7,UF,40.9,2024-01-14 00:00:00.000000,2024-01-22 00:00:00.000000,DEPARTAMENTO,Arriendo,owner_direct
TT-2024-01-001156,toctoc,La Cisterna,Metropolitana,15.95,UF,55.3,2023-07-23 00:00:00.000000,2024-01-01 00:00:00.000000,departamento,Arriendo,owner_direct
TT-2024-01-002541,toctoc,Quinta Normal,Metropolitana,24.73,UF,125.5,2023-12-19 00:00:00.000000,2024-01-15 00:00:00.000000,DEPARTAMENTO,arriendo,agency
TT-2024-01-003194,toctoc,Quilicura,Metropolitana,22.16,UF,119.8,2024-01-06 00:00:00.000000,2024-01-15 00:00:00.000000,departamento,ARRIENDO,agency
TT-2024-01-005228,toctoc,Ñuñoa,Metropolitana,16.35,UF,64.0,2024-01-24 00:00:00.000000,2024-01-29 00:00:00.000000,DEPARTAMENTO,Arriendo,agency
TT-2024-01-000610,toctoc,Pudahuel,Metropolitana,490000.0,CLP,39.7,2023-11-18 00:00:00.000000,2024-01-01 00:00:00.000000,Departamento,Arriendo,
TT-2024-01-001124,toctoc,Macul,Metropolitana,19.86,UF,68.7,2023-12-12 00:00:00.000000,2024-01-01 00:00:00.000000,DEPARTAMENTO,ARRIENDO,owner_direct
TT-2024-01-004884,toctoc,Lo Barnechea,Metropolitana,790000.0,CLP,38.0,2023-12-06 00:00:00.000000,2024-01-29 00:00:00.000000,DEPARTAMENTO,Arriendo,agency
TT-2024-01-003033,toctoc,San Joaquín,Metropolitana,535000.0,CLP,58.4,2024-01-10 00:00:00.000000,2024-01-15 00:00:00.000000,DEPARTAMENTO,ARRIENDO,owner_direct
TT-2024-01-000542,toctoc,Independencia,Metropolitana,365000.0,CLP,33.9,2023-12-26 00:00:00.000000,2024-01-01 00:00:00.000000,Departamento,arriendo,owner_direct
TT-2024-01-003982,toctoc,Santiago,Metropolitana,530000.0,CLP,34.0,2024-01-18 00:00:00.000000,2024-01-22 00:00:00.000000,Departamento,ARRIENDO,agency
TT-2024-01-001538,toctoc,Providencia,Metropolitana,33.38,UF,62.0,2023-11-18 00:00:00.000000,2024-01-08 00:00:00.000000,DEPARTAMENTO,Arriendo,agency
TT-2024-01-002112,toctoc,La Florida,Metropolitana,415000.0,CLP,25.3,2023-12-23 00:00:00.000000,2024-01-08 00:00:00.000000,Departamento,Arriendo,agency
TT-2024-01-004541,toctoc,Recoleta,Metropolitana,11.76,UF,41.1,2023-12-21 00:00:00.000000,2024-01-29 00:00:00.000000,Departamento,Arriendo,agency
TT-2024-01-001068,toctoc,San Miguel,Metropolitana,670000.0,CLP,49.7,2023-12-16 00:00:00.000000,2024-01-01 00:00:00.000000,DEPARTAMENTO,ARRIENDO,agency
TT-2024-01-004704,toctoc,La Reina,Metropolitana,705000.0,CLP,38.0,2024-01-18 00:00:00.000000,2024-01-29 00:00:00.000000,departamento,arriendo,owner_direct
TT-2024-01-003959,toctoc,Providencia,Metropolitana,780000.0,CLP,32.6,2023-12-08 00:00:00.000000,2024-01-22 00:00:00.000000,DEPARTAMENTO,arriendo,agency
TT-2024-01-003420,toctoc,Cerrillos,Metropolitana,515000.0,CLP,49.2,2023-12-18 00:00:00.000000,2024-01-22 00:00:00.000000,departamento,ARRIENDO,agency
TT-2024-01-004141,toctoc,Cerrillos,Metropolitana,12.3,UF,47.6,2024-01-17 00:00:00.000000,2024-01-22 00:00:00.000000,DEPARTAMENTO,arriendo,agency
TT-2024-01-001380,toctoc,Independencia,Metropolitana,20.0,UF,82.7,2023-11-19 00:00:00.000000,2024-01-08 00:00:00.000000,DEPARTAMENTO,ARRIENDO,agency
TT-2024-01-001326,toctoc,Las Condes,Metropolitana,26.89,UF,37.7,2023-12-10 00:00:00.000000,2024-01-08 00:00:00.000000,DEPARTAMENTO,arriendo,agency
TT-2024-01-001643,toctoc,PROVIDENCIA,Metropolitana,990000.0,CLP,60.7,2023-12-10 00:00:00.000000,2024-01-08 00:00:00.000000,Departamento,ARRIENDO,owner_direct
TT-2024-01-004590,toctoc,Recoleta,Metropolitana,900000.0,CLP,108.6,2023-12-15 00:00:00.000000,2024-01-29 00:00:00.000000,Departamento,ARRIENDO,owner_direct
TT-2024-01-004003,toctoc,Estación Central,Metropolitana,16.49,UF,65.4,2024-01-01 00:00:00.000000,2024-01-22 00:00:00.000000,Departamento,arriendo,agency
TT-2024-01-002137,toctoc,Maipú,Metropolitana,11.49,UF,41.8,2023-12-05 00:00:00.000000,2024-01-08 00:00:00.000000,Departamento,arriendo,agency
TT-2024-01-001458,toctoc,La Florida,Metropolitana,14.32,UF,45.5,2023-10-29 00:00:00.000000,2024-01-08 00:00:00.000000,DEPARTAMENTO,Arriendo,owner_direct
TT-2024-01-004181,toctoc,Providencia,Metropolitana,33.51,UF,68.8,2024-01-05 00:00:00.000000,2024-01-22 00:00:00.000000,departamento,ARRIENDO,owner_direct
TT-2024-01-000580,toctoc,Cerrillos,Metropolitana,665000.0,CLP,50.4,2023-12-02 00:00:00.000000,2024-01-01 00:00:00.000000,departamento,Arriendo,agency
TT-2024-01-004337,toctoc,Santiago,Metropolitana,39.05,UF,132.9,2023-10-13 00:00:00.000000,2024-01-22 00:00:00.000000,departamento,arriendo,agency
TT-2024-01-002181,toctoc,San Miguel,Metropolitana,16.35,UF,48.9,2023-12-15 00:00:00.000000,2024-01-08 00:00:00.000000,departamento,ARRIENDO,owner_direct
TT-2024-01-000457,toctoc,Macul,Metropolitana,550000.0,CLP,37.8,2023-11-20 00:00:00.000000,2024-01-01 00:00:00.000000,Departamento,arriendo,agency
TT-2024-01-004996,toctoc,Quinta Normal,Metropolitana,12.43,UF,38.6,2024-01-21 00:00:00.000000,2024-01-29 00:00:00.000000,DEPARTAMENTO,Arriendo,agency
TT-2024-01-002960,toctoc,Huechuraba ,Metropolitana,1330000.0,CLP,141.5,2023-11-25 00:00:00.000000,2024-01-15 00:00:00.000000,DEPARTAMENTO,arriendo,owner_direct
TT-2024-01-005146,toctoc,La Florida,Metropolitana,10.81,UF,25.3,2024-01-12 00:00:00.000000,2024-01-29 00:00:00.000000,DEPARTAMENTO,arriendo,agency
TT-2024-01-000740,toctoc,Puente Alto,Metropolitana,485000.0,CLP,69.0,2023-11-08 00:00:00.000000,2024-01-01 00:00:00.000000,Departamento,arriendo,agency
TT-2024-01-000049,toctoc,La Florida,Metropolitana,11.76,UF,31.1,2023-12-30 00:00:00.000000,2024-01-01 00:00:00.000000,DEPARTAMENTO,arriendo,agency
TT-2024-01-003182,toctoc,Las Condes,Metropolitana,20.27,UF,24.7,2023-12-25 00:00:00.000000,2024-01-15 00:00:00.000000,DEPARTAMENTO,Arriendo,agency
TT-2024-01-000934,toctoc,Vitacura,Metropolitana,1190000.0,CLP,41.6,2023-12-21 00:00:00.000000,2024-01-01 00:00:00.000000,Departamento,Arriendo,agency
TT-2024-01-001050,toctoc,Santiago,Metropolitana,17.97,UF,64.3,2023-12-26 00:00:00.000000,2024-01-01 00:00:00.000000,departamento,ARRIENDO,owner_direct
TT-2024-01-002757,toctoc,Macul ,Metropolitana,10.95,UF,26.4,2024-01-14 00:00:00.000000,2024-01-15 00:00:00.000000,Departamento,arriendo,owner_direct
TT-2024-01-004473,toctoc,San Miguel,Metropolitana,15.68,UF,46.8,2023-12-29 00:00:00.000000,2024-01-29 00:00:00.000000,Departamento,Arriendo,owner_direct
TT-2024-01-003703,toctoc,Lo Barnechea,Metropolitana,27.3,UF,61.2,2023-12-27 00:00:00.000000,2024-01-22 00:00:00.000000,DEPARTAMENTO,Arriendo,owner_direct
TT-2024-01-004296,toctoc,Las Condes,Metropolitana,975000.0,CLP,56.0,2024-01-12 00:00:00.000000,2024-01-22 00:00:00.000000,Departamento,ARRIENDO,owner_direct
TT-2024-01-004031,toctoc,Santiago,Metropolitana,15.95,UF,43.1,2024-01-15 00:00:00.000000,2024-01-22 00:00:00.000000,Departamento,Arriendo,agency
TT-2024-01-001533,toctoc,La Florida,Metropolitana,14.46,UF,53.5,2023-12-23 00:00:00.000000,2024-01-08 00:00:00.000000,DEPARTAMENTO,Arriendo,agency
TT-2024-01-005004,toctoc,Estación Central,Metropolitana,18.11,UF,72.1,2024-01-13 00:00:00.000000,2024-01-29 00:00:00.000000,departamento,ARRIENDO,owner_direct
TT-2024-01-001960,toctoc,Puente Alto,Metropolitana,12.03,UF,43.2,2023-06-30 00:00:00.000000,2024-01-08 00:00:00.000000,departamento,ARRIENDO,owner_direct
TT-2024-01-003348,toctoc,Santiago,Metropolitana,605000.0,CLP,65.1,2023-10-24 00:00:00.000000,2024-01-22 00:00:00.000000,DEPARTAMENTO,ARRIENDO,agency
TT-2024-01-004280,toctoc,la florida,Metropolitana,450000.0,CLP,37.3,2024-01-09 00:00:00.000000,2024-01-22 00:00:00.000000,departamento,arriendo,owner_direct
TT-2024-01-000196,toctoc,San Joaquín,Metropolitana,13.24,UF,44.1,2023-12-03 00:00:00.000000,2024-01-01 00:00:00.000000,departamento,arriendo,agency
TT-2024-01-002896,toctoc,Ñuñoa,Metropolitana,142.7,UF,29.6,2023-12-08 00:00:00.000000,2024-01-15 00:00:00.000000,DEPARTAMENTO,ARRIENDO,owner_direct
TT-2024-01-000873,toctoc,Quinta Normal,Metropolitana,12.16,UF,37.5,2023-12-03 00:00:00.000000,2024-01-01 00:00:00.000000,Departamento,arriendo,agency
TT-2024-01-002544,toctoc,Estación Central,Metropolitana,690000.0,CLP,72.0,2023-12-23 00:00:00.000000,2024-01-15 00:00:00.000000,departamento,Arriendo,owner_direct
TT-2024-01-004474,toctoc,Huechuraba,Metropolitana,465000.0,CLP,35.0,2024-01-06 00:00:00.000000,2024-01-29 00:00:00.000000,departamento,arriendo,agency
TT-2024-01-000569,toctoc,Las Condes,Metropolitana,975000.0,CLP,46.1,2023-12-03 00:00:00.000000,2024-01-01 00:00:00.000000,Departamento,arriendo,agency
TT-2024-01-002810,toctoc,Providencia,Metropolitana,22.84,UF,42.4,2024-01-02 00:00:00.000000,2024-01-15 00:00:00.000000,departamento,ARRIENDO,agency
TT-2024-01-001876,toctoc,Ñuñoa,Metropolitana,14.59,UF,29.8,2023-11-27 00:00:00.000000,2024-01-08 00:00:00.000000,Departamento,arriendo,owner_direct
TT-2024-01-005126,toctoc,Santiago,Metropolitana,14.59,UF,49.6,2023-12-14 00:00:00.000000,2024-01-29 00:00:00.000000,departamento,ARRIENDO,agency
TT-2024-01-002502,toctoc,Puente Alto,Metropolitana,400000.0,CLP,46.1,2023-12-24 00:00:00.000000,2024-01-15 00:00:00.000000,Departamento,arriendo,agency
TT-2024-01-002459,toctoc,Quilicura,Metropolitana,390000.0,CLP,38.5,2023-12-24 00:00:00.000000,2024-01-15 00:00:00.000000,DEPARTAMENTO,ARRIENDO,agency
TT-2024-01-003544,toctoc,Santiago,Metropolitana,16.49,UF,50.8,2023-11-14 00:00:00.000000,2024-01-22 00:00:00.000000,DEPARTAMENTO,ARRIENDO,agency
TT-2024-01-004893,toctoc,Independencia,Metropolitana,22.03,UF,127.8,2024-01-03 00:00:00.000000,2024-01-29 00:00:00.000000,DEPARTAMENTO,Arriendo,agency
TT-2024-01-003446,toctoc,Estación Central,Metropolitana,500000.0,CLP,53.0,2024-01-03 00:00:00.000000,2024-01-22 00:00:00.000000,DEPARTAMENTO,Arriendo,agency
TT-2024-01-005243,toctoc,Ñuñoa ,Metropolitana,19.86,UF,52.8,2023-07-26 00:00:00.000000,2024-01-29 00:00:00.000000,DEPARTAMENTO,arriendo,owner_direct
TT-2024-01-001424,toctoc,Estación Central,Metropolitana,12.43,UF,42.4,2023-11-07 00:00:00.000000,2024-01-08 00:00:00.000000,departamento,ARRIENDO,agency
TT-2024-01-003858,toctoc,San Joaquín,Metropolitana,480000.0,CLP,52.3,2024-01-15 00:00:00.000000,2024-01-22 00:00:00.000000,DEPARTAMENTO,arriendo,agency
TT-2024-01-003954,toctoc,Providencia,Metropolitana,22.97,UF,34.2,2023-12-16 00:00:00.000000,2024-01-22 00:00:00.000000,DEPARTAMENTO,arriendo,owner_direct
TT-2024-01-003755,toctoc,LA FLORIDA,Metropolitana,17.3,UF,70.7,2023-12-23 00:00:00.000000,2024-01-22 00:00:00.000000,DEPARTAMENTO,arriendo,agency
TT-2024-01-004010,toctoc,Maipú,Metropolitana,440000.0,CLP,47.0,2024-01-03 00:00:00.000000,2024-01-22 00:00:00.000000,DEPARTAMENTO,arriendo,agency
TT-2024-01-000440,toctoc,Santiago,Metropolitana,13.51,UF,46.0,2023-11-08 00:00:00.000000,2024-01-01 00:00:00.000000,DEPARTAMENTO,Arriendo,agency
TT-2024-01-004591,toctoc,Macul,Metropolitana,685000.0,CLP,73.4,2024-01-11 00:00:00.000000,2024-01-29 00:00:00.000000,departamento,ARRIENDO,agency
TT-2024-01-000229,toctoc,Quilicura,Metropolitana,390000.0,CLP,35.8,2023-12-21 00:00:00.000000,2024-01-01 00:00:00.000000,departamento,ARRIENDO,agency
TT-2024-01-001055,toctoc,Independencia,Metropolitana,22.16,UF,97.1,2023-10-21 00:00:00.000000,2024-01-01 00:00:00.000000,DEPARTAMENTO,Arriendo,agency
TT-2024-01-001436,toctoc,La Florida,Metropolitana,118.78,UF,40.1,2023-12-12 00:00:00.000000,2024-01-08 00:00:00.000000,Departamento,ARRIENDO,owner_direct
TT-2024-01-005244,toctoc,Providencia,Metropolitana,880000.0,CLP,40.7,2023-12-23 00:00:00.000000,2024-01-29 00:00:00.000000,departamento,ARRIENDO,agency
TT-2024-01-004257,toctoc,La Florida,Metropolitana,12.57,UF,30.0,2023-11-12 00:00:00.000000,2024-01-22 00:00:00.000000,DEPARTAMENTO,arriendo,agency
TT-2024-01-004184,toctoc,La Cisterna,Metropolitana,785000.0,CLP,86.8,2024-01-04 00:00:00.000000,2024-01-22 00:00:00.000000,departamento,ARRIENDO,owner_direct
TT-2024-01-001598,toctoc,Ñuñoa,Metropolitana,20.81,UF,49.3,2023-11-09 00:00:00.000000,2024-01-08 00:00:00.000000,departamento,Arriendo,owner_direct
TT-2024-01-004530,toctoc,Providencia,Metropolitana,790000.0,CLP,30.8,2024-01-06 00:00:00.000000,2024-01-29 00:00:00.000000,DEPARTAMENTO,arriendo,
TT-2024-01-001860,toctoc,Santiago,Metropolitana,560000.0,CLP,44.2,2023-11-14 00:00:00.000000,2024-01-08 00:00:00.000000,Departamento,ARRIENDO,agency
TT-2024-01-000297,toctoc,La Florida,Metropolitana,13.38,UF,40.4,2023-12-13 00:00:00.000000,2024-01-01 00:00:00.000000,departamento,Arriendo,agency
TT-2024-01-004113,toctoc,Las Condes,Metropolitana,25.95,UF,47.3,2023-12-14 00:00:00.000000,2024-01-22 00:00:00.000000,DEPARTAMENTO,arriendo,agency
TT-2024-01-002938,toctoc,San Miguel,Metropolitana,715000.0,CLP,75.8,2023-12-03 00:00:00.000000,2024-01-15 00:00:00.000000,DEPARTAMENTO,Arriendo,agency
TT-2024-01-003712,toctoc,Ñuñoa,Metropolitana,630000.0,CLP,36.7,2023-12-24 00:00:00.000000,2024-01-22 00:00:00.000000,Departamento,Arriendo,agency
TT-2024-01-002130,toctoc,Providencia,Metropolitana,102.7,UF,49.7,2023-12-30 00:00:00.000000,2024-01-08 00:00:00.000000,Departamento,ARRIENDO,
TT-2024-01-000271,toctoc,Quinta Normal,Metropolitana,14.19,UF,48.3,2023-12-23 00:00:00.000000,2024-01-01 00:00:00.000000,DEPARTAMENTO,arriendo,agency
TT-2024-01-001743,toctoc,Macul,Metropolitana,12.03,UF,30.5,2023-12-25 00:00:00.000000,2024-01-08 00:00:00.000000,Departamento,ARRIENDO,owner_direct
TT-2024-01-004748,toctoc,Estación Central,Metropolitana,142.7,UF,45.4,2023-07-28 00:00:00.000000,2024-01-29 00:00:00.000000,DEPARTAMENTO,ARRIENDO,agency
TT-2024-01-003244,toctoc,La Florida,Metropolitana,16.35,UF,59.1,2024-01-05 00:00:00.000000,2024-01-15 00:00:00.000000,departamento,Arriendo,agency
TT-2024-01-003026,toctoc,Ñuñoa,Metropolitana,22.16,UF,57.5,2023-11-25 00:00:00.000000,2024-01-15 00:00:00.000000,departamento,Arriendo,owner_direct
TT-2024-01-004322,toctoc,San Miguel,Metropolitana,14.32,UF,38.5,2023-12-29 00:00:00.000000,2024-01-22 00:00:00.000000,departamento,arriendo,agency
TT-2024-01-000847,toctoc,Ñuñoa,Metropolitana,21.35,UF,57.1,2023-12-16 00:00:00.000000,2024-01-01 00:00:00.000000,Departamento,arriendo,owner_direct
TT-2024-01-000578,toctoc,Ñuñoa,Metropolitana,535000.0,CLP,31.5,2023-10-04 00:00:00.000000,2024-01-01 00:00:00.000000,departamento,arriendo,owner_direct
TT-2024-01-001753,toctoc,Peñalolén,Metropolitana,955000.0,CLP,87.6,2023-12-04 00:00:00.000000,2024-01-08 00:00:00.000000,Departamento,arriendo,owner_direct
TT-2024-01-003025,toctoc,Providencia,Metropolitana,23.65,UF,40.7,2023-11-30 00:00:00.000000,2024-01-15 00:00:00.000000,departamento,arriendo,agency
TT-2024-01-005044,toctoc,Estación Central,Metropolitana,14.32,UF,46.3,2024-01-22 00:00:00.000000,2024-01-29 00:00:00.000000,Departamento,Arriendo,agency
TT-2024-01-002941,toctoc,Las Condes,Metropolitana,27.7,UF,53.6,2023-12-19 00:00:00.000000,2024-01-15 00:00:00.000000,DEPARTAMENTO,ARRIENDO,owner_direct
TT-2024-01-003343,toctoc,Independencia,Metropolitana,570000.0,CLP,44.0,2023-08-07 00:00:00.000000,2024-01-22 00:00:00.000000,departamento,arriendo,agency
TT-2024-01-001659,toctoc,Quilicura,Metropolitana,9.46,UF,35.0,2023-12-10 00:00:00.000000,2024-01-08 00:00:00.000000,Departamento,Arriendo,agency
TT-2024-01-004788,toctoc,Santiago,Metropolitana,345000.0,CLP,23.5,2023-12-28 00:00:00.000000,2024-01-29 00:00:00.000000,DEPARTAMENTO,Arriendo,agency
TT-2024-01-003526,toctoc,Estación Central,Metropolitana,13.38,UF,43.5,2023-10-17 00:00:00.000000,2024-01-22 00:00:00.000000,departamento,ARRIENDO,agency
TT-2024-01-000328,toctoc,San Miguel,Metropolitana,735000.0,CLP,59.2,2023-07-07 00:00:00.000000,2024-01-01 00:00:00.000000,Departamento,ARRIENDO,agency
TT-2024-01-002838,toctoc,Puente Alto,Metropolitana,13.65,UF,48.9,2023-12-14 00:00:00.000000,2024-01-15 00:00:00.000000,DEPARTAMENTO,arriendo,agency
TT-2024-01-005326,toctoc,Estación Central,Metropolitana,585000.0,CLP,52.3,2023-12-25 00:00:00.000000,2024-01-29 00:00:00.000000,Departamento,arriendo,agency
TT-2024-01-001899,toctoc,Santiago,Metropolitana,13.65,UF,29.6,2023-11-19 00:00:00.000000,2024-01-08 00:00:00.000000,departamento,Arriendo,agency
TT-2024-01-000509,toctoc,Santiago,Metropolitana,23.78,UF,99.8,2023-12-21 00:00:00.000000,2024-01-01 00:00:00.000000,Departamento,arriendo,agency
TT-2024-01-004947,toctoc,La Florida,Metropolitana,740000.0,CLP,88.2,2024-01-06 00:00:00.000000,2024-01-29 00:00:00.000000,Departamento,ARRIENDO,agency
TT-2024-01-002161,toctoc,San Joaquín,Metropolitana,585000.0,CLP,63.2,2023-10-28 00:00:00.000000,2024-01-08 00:00:00.000000,Departamento,arriendo,agency
TT-2024-01-002109,toctoc,Santiago,Metropolitana,12.16,UF,37.3,2023-12-09 00:00:00.000000,2024-01-08 00:00:00.000000,Departamento,ARRIENDO,owner_direct
TT-2024-01-002307,toctoc,La Florida,Metropolitana,20.0,UF,85.2,2023-12-23 00:00:00.000000,2024-01-08 00:00:00.000000,departamento,arriendo,owner_direct
TT-2024-01-000554,toctoc,Santiago,Metropolitana,14.32,UF,56.7,2023-12-21 00:00:00.000000,2024-01-01 00:00:00.000000,departamento,ARRIENDO,agency
TT-2024-01-002890,toctoc,Macul,Metropolitana,20.54,UF,81.3,2023-12-04 00:00:00.000000,2024-01-15 00:00:00.000000,DEPARTAMENTO,arriendo,agency
TT-2024-01-003859,toctoc,La Florida,Metropolitana,15.27,UF,60.9,2023-11-03 00:00:00.000000,2024-01-22 00:00:00.000000,departamento,Arriendo,
TT-2024-01-003211,toctoc,San Miguel ,Metropolitana,730000.0,CLP,81.6,2023-09-16 00:00:00.000000,2024-01-15 00:00:00.000000,Departamento,ARRIENDO,agency
TT-2024-01-000924,toctoc,Estación Central,Metropolitana,11.49,UF,35.1,2023-11-29 00:00:00.000000,2024-01-01 00:00:00.000000,Departamento,arriendo,owner_direct
TT-2024-01-001890,toctoc,Recoleta,Metropolitana,490000.0,CLP,33.6,2023-12-15 00:00:00.000000,2024-01-08 00:00:00.000000,Departamento,ARRIENDO,agency
TT-2024-01-001404,toctoc,Santiago,Metropolitana,980000.0,CLP,102.5,2023-11-24 00:00:00.000000,2024-01-08 00:00:00.000000,DEPARTAMENTO,arriendo,agency
TT-2024-01-005174,toctoc,Peñalolén,Metropolitana,620000.0,CLP,55.9,2023-11-16 00:00:00.000000,2024-01-29 00:00:00.000000,Departamento,arriendo,agency
TT-2024-01-000334,toctoc,Las Condes,Metropolitana,18.38,UF,34.7,2023-12-23 00:00:00.000000,2024-01-01 00:00:00.000000,Departamento,ARRIENDO,agency
TT-2024-01-004523,toctoc,Independencia,Metropolitana,455000.0,CLP,46.8,2024-01-17 00:00:00.000000,2024-01-29 00:00:00.000000,Departamento,Arriendo,agency
TT-2024-01-003901,toctoc,Quinta Normal,Metropolitana,610000.0,CLP,84.2,2023-11-01 00:00:00.000000,2024-01-22 00:00:00.000000,DEPARTAMENTO,Arriendo,agency
TT-2024-01-004972,toctoc, Santiago,Metropolitana,14.73,UF,43.0,2024-01-18 00:00:00.000000,2024-01-29 00:00:00.000000,Departamento,ARRIENDO,agency
TT-2024-01-002515,toctoc,San Miguel,Metropolitana,625000.0,CLP,48.4,2024-01-03 00:00:00.000000,2024-01-15 00:00:00.000000,departamento,Arriendo,owner_direct
TT-2024-01-001026,toctoc,Maipú,Metropolitana,13.38,UF,47.8,2023-12-10 00:00:00.000000,2024-01-01 00:00:00.000000,departamento,Arriendo,agency
TT-2024-01-001693,toctoc,San Miguel,Metropolitana,470000.0,CLP,44.1,2023-11-21 00:00:00.000000,2024-01-08 00:00:00.000000,Departamento,arriendo,owner_direct
TT-2024-01-004574,toctoc,Lo Barnechea,Metropolitana,1060000.0,CLP,61.9,2023-12-25 00:00:00.000000,2024-01-29 00:00:00.000000,departamento,Arriendo,agency
TT-2024-01-005016,toctoc,Santiago,Metropolitana,14.59,UF,48.6,2023-11-13 00:00:00.000000,2024-01-29 00:00:00.000000,Departamento,Arriendo,owner_direct
TT-2024-01-000943,toctoc,La Florida,Metropolitana,515000.0,CLP,53.4,2023-12-26 00:00:00.000000,2024-01-01 00:00:00.000000,DEPARTAMENTO,arriendo,agency
TT-2024-01-000076,toctoc,Estación Central,Metropolitana,16.76,UF,72.6,2023-12-07 00:00:00.000000,2024-01-01 00:00:00.000000,departamento,arriendo,agency
TT-2024-01-004049,toctoc,San Joaquín,Metropolitana,385000.0,CLP,41.0,2023-12-16 00:00:00.000000,2024-01-22 00:00:00.000000,DEPARTAMENTO,ARRIENDO,agency
TT-2024-01-000493,toctoc,Santiago,Metropolitana,14.86,UF,30.2,2023-10-05 00:00:00.000000,2024-01-01 00:00:00.000000,departamento,Arriendo,
TT-2024-01-005357,toctoc,Las Condes,Metropolitana,905000.0,CLP,24.3,2023-07-05 00:00:00.000000,2024-01-29 00:00:00.000000,DEPARTAMENTO,Arriendo,owner_direct
TT-2024-01-003270,toctoc,Santiago,Metropolitana,535000.0,CLP,39.9,2023-08-22 00:00:00.000000,2024-01-15 00:00:00.000000,DEPARTAMENTO,ARRIENDO,agency
TT-2024-01-002363,toctoc,Santiago,Metropolitana,14.05,UF,37.6,2023-12-25 00:00:00.000000,2024-01-15 00:00:00.000000,departamento,Arriendo,agency
TT-2024-01-003494,toctoc,Conchalí,Metropolitana,2280000.0,CLP,400.0,2024-01-02 00:00:00.000000,2024-01-22 00:00:00.000000,DEPARTAMENTO,Arriendo,owner_direct
TT-2024-01-000529,toctoc,San Miguel,Metropolitana,11.08,UF,38.2,2023-10-27 00:00:00.000000,2024-01-01 00:00:00.000000,DEPARTAMENTO,Arriendo,agency
TT-2024-01-003646,toctoc,San Miguel,Metropolitana,14.05,UF,40.0,2023-11-27 00:00:00.000000,2024-01-22 00:00:00.000000,Departamento,ARRIENDO,owner_direct
TT-2024-01-005013,toctoc,Santiago,Metropolitana,26.89,UF,120.7,2024-01-22 00:00:00.000000,2024-01-29 00:00:00.000000,Departamento,Arriendo,
TT-2024-01-004014,toctoc,Santiago,Metropolitana,555000.0,CLP,40.6,2023-11-18 00:00:00.000000,2024-01-22 00:00:00.000000,Departamento,Arriendo,agency
TT-2024-01-004969,toctoc,Quilicura,Metropolitana,490000.0,CLP,62.4,2024-01-12 00:00:00.000000,2024-01-29 00:00:00.000000,departamento,arriendo,owner_direct
TT-2024-01-004619,toctoc,La Florida,Metropolitana,17.43,UF,64.9,2024-01-03 00:00:00.000000,2024-01-29 00:00:00.000000,DEPARTAMENTO,ARRIENDO,agency
TT-2024-01-003361,toctoc,Las Condes,Metropolitana,25.81,UF,54.1,2023-12-16 00:00:00.000000,2024-01-22 00:00:00.000000,DEPARTAMENTO,Arriendo,owner_direct
TT-2024-01-001953,toctoc,Las Condes,Metropolitana,26.49,UF,36.2,2023-12-15 00:00:00.000000,2024-01-08 00:00:00.000000,Departamento,arriendo,owner_direct
TT-2024-01-003045,toctoc,Las Condes,Metropolitana,31.22,UF,50.0,2024-01-01 00:00:00.000000,2024-01-15 00:00:00.000000,departamento,arriendo,agency
TT-2024-01-005365,toctoc,Huechuraba,Metropolitana,12.16,UF,27.4,2024-01-14 00:00:00.000000,2024-01-29 00:00:00.000000,departamento,arriendo,owner_direct
TT-2024-01-003089,toctoc,Las Condes,Metropolitana,19.59,UF,8.0,2023-12-23 00:00:00.000000,2024-01-15 00:00:00.000000,departamento,Arriendo,owner_direct
TT-2024-01-000683,toctoc,RECOLETA,Metropolitana,10.68,UF,29.7,2023-11-30 00:00:00.000000,2024-01-01 00:00:00.000000,Departamento,Arriendo,owner_direct
TT-2024-01-003272,toctoc,Estación Central,Metropolitana,565000.0,CLP,74.8,2023-12-27 00:00:00.000000,2024-01-15 00:00:00.000000,departamento,arriendo,agency
TT-2024-01-005097,toctoc,Las Condes,Metropolitana,41.76,UF,94.1,2024-01-28 00:00:00.000000,2024-01-29 00:00:00.000000,departamento,Arriendo,agency
TT-2024-01-000901,toctoc,Independencia,Metropolitana,14.86,UF,49.2,2023-10-27 00:00:00.000000,2024-01-01 00:00:00.000000,DEPARTAMENTO,ARRIENDO,agency
TT-2024-01-000344,toctoc,Vitacura,Metropolitana,27.3,UF,32.6,2023-12-06 00:00:00.000000,2024-01-01 00:00:00.000000,DEPARTAMENTO,ARRIENDO,agency
TT-2024-01-003416,toctoc,Macul,Metropolitana,15.27,UF,47.4,2023-11-30 00:00:00.000000,2024-01-22 00:00:00.000000,DEPARTAMENTO,ARRIENDO,agency
TT-2024-01-000413,toctoc,Estación Central,Metropolitana,445000.0,CLP,38.6,2023-12-14 00:00:00.000000,2024-01-01 00:00:00.000000,DEPARTAMENTO,arriendo,owner_direct
TT-2024-01-004892,toctoc,La Florida,Metropolitana,13.24,UF,52.4,2024-01-11 00:00:00.000000,2024-01-29 00:00:00.000000,departamento,arriendo,owner_direct
TT-2024-01-005017,toctoc,Independencia,Metropolitana,500000.0,CLP,60.8,2023-12-04 00:00:00.000000,2024-01-29 00:00:00.000000,Departamento,ARRIENDO,agency
TT-2024-01-004256,toctoc,Macul,Metropolitana,770000.0,CLP,79.5,2023-12-16 00:00:00.000000,2024-01-22 00:00:00.000000,Departamento,arriendo,agency
TT-2024-01-000047,toctoc,Conchalí,Metropolitana,485000.0,CLP,39.2,2023-12-29 00:00:00.000000,2024-01-01 00:00:00.000000,departamento,arriendo,owner_direct
TT-2024-01-000404,toctoc,La Florida,Metropolitana,555000.0,CLP,64.1,2023-12-13 00:00:00.000000,2024-01-01 00:00:00.000000,DEPARTAMENTO,ARRIENDO,agency
TT-2024-01-004737,toctoc,Peñalolén,Metropolitana,440000.0,CLP,29.5,2024-01-03 00:00:00.000000,2024-01-29 00:00:00.000000,departamento,arriendo,owner_direct
TT-2024-01-004613,toctoc,Independencia ,Metropolitana,490000.0,CLP,38.4,2024-01-21 00:00:00.000000,2024-01-29 00:00:00.000000,DEPARTAMENTO,Arriendo,agency
TT-2024-01-002427,toctoc,La Cisterna,Metropolitana,15.14,UF,36.2,2023-12-26 00:00:00.000000,2024-01-15 00:00:00.000000,departamento,arriendo,agency
TT-2024-01-000108,toctoc,Santiago,Metropolitana,22.03,UF,81.1,2023-12-25 00:00:00.000000,2024-01-01 00:00:00.000000,Departamento,ARRIENDO,agency
TT-2024-01-005100,toctoc,Ñuñoa,Metropolitana,17.84,UF,48.7,2024-01-13 00:00:00.000000,2024-01-29 00:00:00.000000,DEPARTAMENTO,ARRIENDO,agency
TT-2024-01-005237,toctoc,Estación Central,Metropolitana,415000.0,CLP,37.8,2024-01-23 00:00:00.000000,2024-01-29 00:00:00.000000,DEPARTAMENTO,Arriendo,agency
TT-2024-01-004370,toctoc,La Florida,Metropolitana,510000.0,CLP,48.1,2023-12-23 00:00:00.000000,2024-01-29 00:00:00.000000,DEPARTAMENTO,arriendo,agency
TT-2024-01-003027,toctoc,INDEPENDENCIA,Metropolitana,600000.0,CLP,49.0,2023-11-27 00:00:00.000000,2024-01-15 00:00:00.000000,DEPARTAMENTO,ARRIENDO,agency
TT-2024-01-001081,toctoc,Santiago,Metropolitana,20.27,UF,68.0,2023-12-10 00:00:00.000000,2024-01-01 00:00:00.000000,Departamento,Arriendo,agency
TT-2024-01-003679,toctoc,Lo Barnechea,Metropolitana,22.43,UF,54.4,2024-01-07 00:00:00.000000,2024-01-22 00:00:00.000000,Departamento,ARRIENDO,agency
TT-2024-01-003519,toctoc,San Joaquín,Metropolitana,555000.0,CLP,61.7,2024-01-01 00:00:00.000000,2024-01-22 00:00:00.000000,DEPARTAMENTO,Arriendo,owner_direct
TT-2024-01-002437,toctoc,San Miguel,Metropolitana,24.32,UF,91.7,2023-12-30 00:00:00.000000,2024-01-15 00:00:00.000000,departamento,arriendo,owner_direct
TT-2024-01-005152,toctoc,Santiago,Metropolitana,445000.0,CLP,30.2,2023-11-18 00:00:00.000000,2024-01-29 00:00:00.000000,DEPARTAMENTO,Arriendo,agency
TT-2024-01-001811,toctoc,San Miguel ,Metropolitana,395000.0,CLP,36.2,2024-01-01 00:00:00.000000,2024-01-08 00:00:00.000000,Departamento,arriendo,agency
TT-2024-01-003175,toctoc,Independencia,Metropolitana,11.89,UF,38.8,2023-12-10 00:00:00.000000,2024-01-15 00:00:00.000000,Departamento,arriendo,agency
TT-2024-01-003591,toctoc,Ñuñoa,Metropolitana,800000.0,CLP,68.2,2023-12-11 00:00:00.000000,2024-01-22 00:00:00.000000,Departamento,arriendo,agency
TT-2024-01-004738,toctoc,Providencia,Metropolitana,1190000.0,CLP,59.0,2023-12-31 00:00:00.000000,2024-01-29 00:00:00.000000,Departamento,ARRIENDO,agency
TT-2024-01-001097,toctoc,La Reina,Metropolitana,795000.0,CLP,48.6,2023-12-02 00:00:00.000000,2024-01-01 00:00:00.000000,Departamento,ARRIENDO,agency
TT-2024-01-002276,toctoc,Renca,Metropolitana,13.65,UF,87.9,2023-12-20 00:00:00.000000,2024-01-08 00:00:00.000000,DEPARTAMENTO,Arriendo,owner_direct
TT-2024-01-002968,toctoc,Macul,Metropolitana,12.57,UF,29.4,2024-01-03 00:00:00.000000,2024-01-15 00:00:00.000000,departamento,Arriendo,owner_direct
TT-2024-01-005242,toctoc,Recoleta,Metropolitana,510000.0,CLP,47.3,2024-01-04 00:00:00.000000,2024-01-29 00:00:00.000000,departamento,Arriendo,agency
TT-2024-01-004205,toctoc,LA CISTERNA,Metropolitana,11.35,UF,34.0,2023-11-28 00:00:00.000000,2024-01-22 00:00:00.000000,DEPARTAMENTO,Arriendo,agency
TT-2024-01-000474,toctoc,Peñalolén,Metropolitana,12.57,UF,53.9,2023-11-05 00:00:00.000000,2024-01-01 00:00:00.000000,departamento,arriendo,agency
TT-2024-01-000288,toctoc,Conchalí,Metropolitana,475000.0,CLP,42.5,2023-12-20 00:00:00.000000,2024-01-01 00:00:00.000000,departamento,Arriendo,agency
TT-2024-01-001323,toctoc,Santiago,Metropolitana,14.73,UF,42.7,2023-12-21 00:00:00.000000,2024-01-08 00:00:00.000000,DEPARTAMENTO,arriendo,owner_direct
TT-2024-01-003936,toctoc,Ñuñoa,Metropolitana,17.57,UF,37.7,2024-01-04 00:00:00.000000,2024-01-22 00:00:00.000000,departamento,ARRIENDO,agency
TT-2024-01-005444,toctoc,Providencia,Metropolitana,23.51,UF,54.3,2024-01-17 00:00:00.000000,2024-01-29 00:00:00.000000,DEPARTAMENTO,arriendo,agency
TT-2024-01-001810,toctoc,Ñuñoa,Metropolitana,23.11,UF,58.3,2023-12-20 00:00:00.000000,2024-01-08 00:00:00.000000,DEPARTAMENTO,Arriendo,agency
TT-2024-01-003969,toctoc,Santiago,Metropolitana,10.81,UF,34.8,2024-01-14 00:00:00.000000,2024-01-22 00:00:00.000000,departamento,arriendo,agency
TT-2024-01-005125,toctoc,Estación Central,Metropolitana,460000.0,CLP,43.2,2023-12-31 00:00:00.000000,2024-01-29 00:00:00.000000,DEPARTAMENTO,Arriendo,agency
TT-2024-01-003802,toctoc,San Miguel,Metropolitana,15.95,UF,47.1,2023-12-29 00:00:00.000000,2024-01-22 00:00:00.000000,DEPARTAMENTO,Arriendo,owner_direct
TT-2024-01-001923,toctoc,Ñuñoa,Metropolitana,17.43,UF,38.2,2023-12-22 00:00:00.000000,2024-01-08 00:00:00.000000,Departamento,Arriendo,agency
TT-2024-01-002408,toctoc,Independencia,Metropolitana,16.62,UF,82.4,2024-01-11 00:00:00.000000,2024-01-15 00:00:00.000000,DEPARTAMENTO,Arriendo,agency
TT-2024-01-004111,toctoc,Quilicura,Metropolitana,395000.0,CLP,42.4,2023-12-19 00:00:00.000000,2024-01-22 00:00:00.000000,DEPARTAMENTO,Arriendo,owner_direct
TT-2024-01-000247,toctoc,Macul,Metropolitana,620000.0,CLP,46.6,2023-10-24 00:00:00.000000,2024-01-01 00:00:00.000000,DEPARTAMENTO,arriendo,agency
TT-2024-01-002761,toctoc,Santiago,Metropolitana,560000.0,CLP,40.7,2023-12-25 00:00:00.000000,2024-01-15 00:00:00.000000,departamento,arriendo,agency
TT-2024-01-001576,toctoc,Las Condes,Metropolitana,19.46,UF,29.5,2023-11-07 00:00:00.000000,2024-01-08 00:00:00.000000,DEPARTAMENTO,arriendo,agency
TT-2024-01-004644,toctoc,Pudahuel,Metropolitana,12.03,UF,52.2,2023-11-30 00:00:00.000000,2024-01-29 00:00:00.000000,DEPARTAMENTO,arriendo,agency
TT-2024-01-000917,toctoc,Ñuñoa,Metropolitana,19.19,UF,40.5,2023-10-05 00:00:00.000000,2024-01-01 00:00:00.000000,departamento,Arriendo,agency
TT-2024-01-004928,toctoc,La Florida,Metropolitana,670000.0,CLP,65.0,2023-11-14 00:00:00.000000,2024-01-29 00:00:00.000000,DEPARTAMENTO,ARRIENDO,agency
TT-2024-01-000594,toctoc,Las Condes,Metropolitana,1060000.0,CLP,49.4,2023-12-08 00:00:00.000000,2024-01-01 00:00:00.000000,Departamento,ARRIENDO,owner_direct
TT-2024-01-001098,toctoc,Huechuraba,Metropolitana,12.84,UF,39.2,2023-12-01 00:00:00.000000,2024-01-01 00:00:00.000000,DEPARTAMENTO,arriendo,agency
TT-2024-01-002118,toctoc,San Miguel,Metropolitana,16.76,UF,67.7,2023-12-18 00:00:00.000000,2024-01-08 00:00:00.000000,Departamento,Arriendo,agency
TT-2024-01-001544,toctoc,Maipú,Metropolitana,435000.0,CLP,39.3,2023-12-29 00:00:00.000000,2024-01-08 00:00:00.000000,DEPARTAMENTO,Arriendo,owner_direct
TT-2024-01-005116,toctoc,Huechuraba,Metropolitana,17.57,UF,47.2,2024-01-23 00:00:00.000000,2024-01-29 00:00:00.000000,departamento,ARRIENDO,owner_direct
TT-2024-01-002493,toctoc,Cerrillos,Metropolitana,10.68,UF,35.8,2023-12-23 00:00:00.000000,2024-01-15 00:00:00.000000,Departamento,arriendo,agency
TT-2024-01-003719,toctoc,Conchalí,Metropolitana,12.43,UF,55.6,2023-12-19 00:00:00.000000,2024-01-22 00:00:00.000000,departamento,arriendo,agency
TT-2024-01-003469,toctoc,Puente Alto,Metropolitana,11.22,UF,41.0,2023-12-15 00:00:00.000000,2024-01-22 00:00:00.000000,departamento,Arriendo,agency
TT-2024-01-002942,toctoc,Providencia,Metropolitana,770000.0,CLP,39.2,2023-12-27 00:00:00.000000,2024-01-15 00:00:00.000000,Departamento,ARRIENDO,owner_direct
TT-2024-01-001246,toctoc,Macul,Metropolitana,13.92,UF,32.8,2023-12-22 00:00:00.000000,2024-01-08 00:00:00.000000,departamento,Arriendo,agency
TT-2024-01-003868,toctoc,Recoleta,Metropolitana,22.3,UF,98.3,2023-12-17 00:00:00.000000,2024-01-22 00:00:00.000000,departamento,ARRIENDO,agency
TT-2024-01-004238,toctoc,La Reina,Metropolitana,565000.0,CLP,26.4,2023-12-28 00:00:00.000000,2024-01-22 00:00:00.000000,Departamento,ARRIENDO,agency
TT-2024-01-001505,toctoc,Ñuñoa,Metropolitana,21.22,UF,50.7,2023-11-29 00:00:00.000000,2024-01-08 00:00:00.000000,DEPARTAMENTO,arriendo,owner_direct
TT-2024-01-004405,toctoc,Macul,Metropolitana,145.14,UF,41.3,2024-01-07 00:00:00.000000,2024-01-29 00:00:00.000000,DEPARTAMENTO,ARRIENDO,agency
TT-2024-01-003848,toctoc,Renca,Metropolitana,11.22,UF,47.7,2024-01-13 00:00:00.000000,2024-01-22 00:00:00.000000,DEPARTAMENTO,ARRIENDO,agency
TT-2024-01-001313,toctoc,Independencia,Metropolitana,21.35,UF,80.4,2023-07-04 00:00:00.000000,2024-01-08 00:00:00.000000,departamento,arriendo,agency
TT-2024-01-003061,toctoc,Maipú,Metropolitana,490000.0,CLP,59.9,2024-01-13 00:00:00.000000,2024-01-15 00:00:00.000000,DEPARTAMENTO,arriendo,owner_direct
TT-2024-01-002651,toctoc,Independencia,Metropolitana,15.41,UF,60.1,2023-12-26 00:00:00.000000,2024-01-15 00:00:00.000000,Departamento,ARRIENDO,owner_direct
TT-2024-01-004188,toctoc,Maipú,Metropolitana,440000.0,CLP,41.1,2024-01-04 00:00:00.000000,2024-01-22 00:00:00.000000,DEPARTAMENTO,Arriendo,owner_direct
TT-2024-01-005445,toctoc,La Florida,Metropolitana,610000.0,CLP,70.2,2024-01-25 00:00:00.000000,2024-01-29 00:00:00.000000,DEPARTAMENTO,arriendo,owner_direct
TT-2024-01-005383,toctoc,Providencia,Metropolitana,17.84,UF,29.9,2024-01-17 00:00:00.000000,2024-01-29 00:00:00.000000,departamento,Arriendo,agency
TT-2024-01-003074,toctoc,Providencia,Metropolitana,940000.0,CLP,45.9,2023-12-18 00:00:00.000000,2024-01-15 00:00:00.000000,DEPARTAMENTO,Arriendo,agency
TT-2024-01-002188,toctoc,SANTIAGO,Metropolitana,12.7,UF,29.9,2023-12-01 00:00:00.000000,2024-01-08 00:00:00.000000,departamento,arriendo,owner_direct
TT-2024-01-004248,toctoc,Las Condes,Metropolitana,42.43,UF,85.3,2023-10-15 00:00:00.000000,2024-01-22 00:00:00.000000,departamento,ARRIENDO,owner_direct
TT-2024-01-001082,toctoc,Providencia,Metropolitana,14.32,UF,23.5,2023-12-12 00:00:00.000000,2024-01-01 00:00:00.000000,Departamento,ARRIENDO,agency
TT-2024-01-004394,toctoc,Estación Central ,Metropolitana,15.14,UF,44.9,2024-01-20 00:00:00.000000,2024-01-29 00:00:00.000000,Departamento,ARRIENDO,agency
TT-2024-01-000287,toctoc,La Florida,Metropolitana,435000.0,CLP,39.3,2023-12-20 00:00:00.000000,2024-01-01 00:00:00.000000,Departamento,arriendo,agency
TT-2024-01-001486,toctoc,La Florida,Metropolitana,465000.0,CLP,41.5,2023-12-21 00:00:00.000000,2024-01-08 00:00:00.000000,Departamento,arriendo,agency
TT-2024-01-000777,toctoc,Maipú,Metropolitana,9.05,UF,28.4,2023-12-20 00:00:00.000000,2024-01-01 00:00:00.000000,Departamento,ARRIENDO,
TT-2024-01-004314,toctoc,Santiago,Metropolitana,18.65,UF,76.4,2023-12-18 00:00:00.000000,2024-01-22 00:00:00.000000,DEPARTAMENTO,ARRIENDO,agency
TT-2024-01-002688,toctoc,ÑUÑOA,Metropolitana,990000.0,CLP,76.7,2023-12-13 00:00:00.000000,2024-01-15 00:00:00.000000,departamento,Arriendo,owner_direct
TT-2024-01-004470,toctoc,san joaquín,Metropolitana,14.73,UF,57.1,2023-12-04 00:00:00.000000,2024-01-29 00:00:00.000000,departamento,Arriendo,agency
TT-2024-01-000190,toctoc, Santiago,Metropolitana,670000.0,CLP,43.0,2023-12-27 00:00:00.000000,2024-01-01 00:00:00.000000,Departamento,Arriendo,owner_direct
TT-2024-01-002769,toctoc,Santiago,Metropolitana,14.32,UF,31.7,2023-12-05 00:00:00.000000,2024-01-15 00:00:00.000000,Departamento,Arriendo,owner_direct
TT-2024-01-002950,toctoc,Maipú,Metropolitana,455000.0,CLP,42.7,2024-01-01 00:00:00.000000,2024-01-15 00:00:00.000000,DEPARTAMENTO,Arriendo,owner_direct
TT-2024-01-003963,toctoc,Conchalí,Metropolitana,15.81,UF,67.0,2024-01-09 00:00:00.000000,2024-01-22 00:00:00.000000,departamento,Arriendo,agency
TT-2024-01-001547,toctoc,San Miguel,Metropolitana,12.57,UF,24.5,2023-11-28 00:00:00.000000,2024-01-08 00:00:00.000000,Departamento,Arriendo,agency
TT-2024-01-000192,toctoc,La Florida,Metropolitana,15.95,UF,54.6,2023-12-17 00:00:00.000000,2024-01-01 00:00:00.000000,Departamento,Arriendo,owner_direct
TT-2024-01-003408,toctoc,La Cisterna,Metropolitana,485000.0,CLP,44.9,2023-12-10 00:00:00.000000,2024-01-22 00:00:00.000000,DEPARTAMENTO,Arriendo,owner_direct
TT-2024-01-005469,toctoc,Independencia,Metropolitana,7265000.0,CLP,95.8,2024-01-20 00:00:00.000000,2024-01-29 00:00:00.000000,departamento,ARRIENDO,agency
TT-2024-01-004239,toctoc,San Miguel,Metropolitana,2340000.0,CLP,45.2,2024-01-10 00:00:00.000000,2024-01-22 00:00:00.000000,Departamento,ARRIENDO,agency
TT-2024-01-005025,toctoc,Estación Central,Metropolitana,520000.0,CLP,59.2,2023-12-28 00:00:00.000000,2024-01-29 00:00:00.000000,DEPARTAMENTO,arriendo,agency
TT-2024-01-002615,toctoc,macul,Metropolitana,15.81,UF,53.9,2023-12-30 00:00:00.000000,2024-01-15 00:00:00.000000,Departamento,Arriendo,owner_direct
TT-2024-01-000235,toctoc,Las Condes,Metropolitana,24.86,UF,35.4,2023-12-14 00:00:00.000000,2024-01-01 00:00:00.000000,departamento,arriendo,owner_direct
TT-2024-01-002888,toctoc,Santiago,Metropolitana,22.7,UF,74.1,2024-01-12 00:00:00.000000,2024-01-15 00:00:00.000000,departamento,Arriendo,agency
TT-2024-01-002375,toctoc,Ñuñoa,Metropolitana,485000.0,CLP,31.0,2023-12-03 00:00:00.000000,2024-01-15 00:00:00.000000,DEPARTAMENTO,Arriendo,agency
TT-2024-01-003906,toctoc,Lo Barnechea,Metropolitana,29.05,UF,78.2,2023-12-03 00:00:00.000000,2024-01-22 00:00:00.000000,departamento,Arriendo,owner_direct
TT-2024-01-002221,toctoc,Providencia,Metropolitana,24.46,UF,50.8,2023-11-20 00:00:00.000000,2024-01-08 00:00:00.000000,DEPARTAMENTO,ARRIENDO,agency
TT-2024-01-000426,toctoc,Estación Central,Metropolitana,22.84,UF,93.0,2023-08-06 00:00:00.000000,2024-01-01 00:00:00.000000,DEPARTAMENTO,arriendo,agency
TT-2024-01-005224,toctoc,Quilicura,Metropolitana,15.14,UF,72.9,2023-12-16 00:00:00.000000,2024-01-29 00:00:00.000000,DEPARTAMENTO,Arriendo,
TT-2024-01-003400,toctoc,Las Condes,Metropolitana,19.05,UF,27.7,2024-01-14 00:00:00.000000,2024-01-22 00:00:00.000000,DEPARTAMENTO,Arriendo,owner_direct
TT-2024-01-001200,toctoc,Lo Barnechea,Metropolitana,37.03,UF,78.6,2023-11-04 00:00:00.000000,2024-01-08 00:00:00.000000,Departamento,arriendo,agency
TT-2024-01-003482,toctoc,Santiago,Metropolitana,485000.0,CLP,38.1,2024-01-15 00:00:00.000000,2024-01-22 00:00:00.000000,DEPARTAMENTO,ARRIENDO,owner_direct
TT-2024-01-003355,toctoc,quilicura,Metropolitana,12.7,UF,43.9,2024-01-03 00:00:00.000000,2024-01-22 00:00:00.000000,DEPARTAMENTO,ARRIENDO,owner_direct
TT-2024-01-003523,toctoc,Independencia,Metropolitana,465000.0,CLP,46.5,2023-12-08 00:00:00.000000,2024-01-22 00:00:00.000000,departamento,ARRIENDO,owner_direct
TT-2024-01-000813,toctoc,La Cisterna,Metropolitana,615000.0,CLP,67.3,2023-12-25 00:00:00.000000,2024-01-01 00:00:00.000000,departamento,ARRIENDO,agency
TT-2024-01-001599,toctoc,Cerrillos,Metropolitana,14.32,UF,44.1,2024-01-01 00:00:00.000000,2024-01-08 00:00:00.000000,DEPARTAMENTO,Arriendo,agency
TT-2024-01-002894,toctoc,Vitacura,Metropolitana,30.0,UF,41.0,2023-12-27 00:00:00.000000,2024-01-15 00:00:00.000000,departamento,arriendo,agency
TT-2024-01-004158,toctoc,Las Condes,Metropolitana,21.08,UF,34.9,2024-01-01 00:00:00.000000,2024-01-22 00:00:00.000000,departamento,ARRIENDO,agency
TT-2024-01-000428,toctoc,Santiago,Metropolitana,17.16,UF,59.3,2023-12-11 00:00:00.000000,2024-01-01 00:00:00.000000,Departamento,ARRIENDO,agency
TT-2024-01-000298,toctoc,La Florida,Metropolitana,635000.0,CLP,58.7,2023-12-19 00:00:00.000000,2024-01-01 00:00:00.000000,departamento,Arriendo,agency
TT-2024-01-000285,toctoc,Maipú,Metropolitana,10.41,UF,35.6,2023-10-31 00:00:00.000000,2024-01-01 00:00:00.000000,Departamento,arriendo,agency
TT-2024-01-001845,toctoc,Santiago,Metropolitana,22.03,UF,87.3,2023-11-26 00:00:00.000000,2024-01-08 00:00:00.000000,departamento,Arriendo,agency
TT-2024-01-002811,toctoc,Renca,Metropolitana,21.49,UF,144.5,2024-01-04 00:00:00.000000,2024-01-15 00:00:00.000000,departamento,ARRIENDO,owner_direct
TT-2024-01-002038,toctoc,Quinta Normal,Metropolitana,690000.0,CLP,95.3,2023-07-29 00:00:00.000000,2024-01-08 00:00:00.000000,departamento,arriendo,agency
TT-2024-01-000857,toctoc,Santiago,Metropolitana,505000.0,CLP,29.3,2023-11-27 00:00:00.000000,2024-01-01 00:00:00.000000,Departamento,Arriendo,agency
TT-2024-01-004623,toctoc,Estación Central,Metropolitana,13.38,UF,58.3,2023-12-25 00:00:00.000000,2024-01-29 00:00:00.000000,departamento,ARRIENDO,agency
TT-2024-01-005386,toctoc,La Florida,Metropolitana,570000.0,CLP,62.6,2024-01-09 00:00:00.000000,2024-01-29 00:00:00.000000,DEPARTAMENTO,Arriendo,agency
TT-2024-01-003695,toctoc,Estación Central,Metropolitana,485000.0,CLP,62.4,2023-12-17 00:00:00.000000,2024-01-22 00:00:00.000000,Departamento,ARRIENDO,agency
TT-2024-01-005096,toctoc,San Miguel,Metropolitana,15.95,UF,57.3,2024-01-13 00:00:00.000000,2024-01-29 00:00:00.000000,DEPARTAMENTO,ARRIENDO,owner_direct
TT-2024-01-003235,toctoc,Quinta Normal,Metropolitana,495000.0,CLP,44.2,2023-11-25 00:00:00.000000,2024-01-15 00:00:00.000000,Departamento,Arriendo,agency
TT-2024-01-004279,toctoc,Estación Central,Metropolitana,610000.0,CLP,71.0,2023-12-31 00:00:00.000000,2024-01-22 00:00:00.000000,DEPARTAMENTO,Arriendo,agency
TT-2024-01-005256,toctoc,Las Condes,Metropolitana,24.86,UF,48.1,2024-01-14 00:00:00.000000,2024-01-29 00:00:00.000000,departamento,arriendo,owner_direct
TT-2024-01-000778,toctoc,macul,Metropolitana,12.03,UF,33.2,2023-12-25 00:00:00.000000,2024-01-01 00:00:00.000000,Departamento,arriendo,owner_direct
TT-2024-01-003449,toctoc,Quinta Normal,Metropolitana,540000.0,CLP,44.3,2023-12-24 00:00:00.000000,2024-01-22 00:00:00.000000,departamento,ARRIENDO,agency
TT-2024-01-003710,toctoc,San Miguel,Metropolitana,15.0,UF,54.7,2023-12-10 00:00:00.000000,2024-01-22 00:00:00.000000,departamento,Arriendo,agency
TT-2024-01-001107,toctoc,Recoleta,Metropolitana,14.86,UF,51.3,2023-12-14 00:00:00.000000,2024-01-01 00:00:00.000000,DEPARTAMENTO,arriendo,agency
TT-2024-01-001610,toctoc,Providencia,Metropolitana,29.19,UF,58.6,2023-11-26 00:00:00.000000,2024-01-08 00:00:00.000000,DEPARTAMENTO,Arriendo,agency
TT-2024-01-000757,toctoc,Pudahuel,Metropolitana,9.59,UF,36.7,2023-11-22 00:00:00.000000,2024-01-01 00:00:00.000000,DEPARTAMENTO,arriendo,agency
TT-2024-01-001895,toctoc,Las Condes,Metropolitana,655000.0,CLP,22.4,2023-11-06 00:00:00.000000,2024-01-08 00:00:00.000000,departamento,arriendo,agency
TT-2024-01-003203,toctoc,Macul,Metropolitana,15.68,UF,52.3,2023-12-26 00:00:00.000000,2024-01-15 00:00:00.000000,Departamento,arriendo,agency
TT-2024-01-000909,toctoc,Recoleta,Metropolitana,12.57,UF,54.0,2023-06-15 00:00:00.000000,2024-01-01 00:00:00.000000,DEPARTAMENTO,Arriendo,agency
TT-2024-01-003988,toctoc,Santiago,Metropolitana,520000.0,CLP,42.0,2023-12-23 00:00:00.000000,2024-01-22 00:00:00.000000,DEPARTAMENTO,Arriendo,agency
TT-2024-01-004929,toctoc,Peñalolén,Metropolitana,15.0,UF,47.9,2023-12-30 00:00:00.000000,2024-01-29 00:00:00.000000,Departamento,Arriendo,agency
TT-2024-01-000447,toctoc,Puente Alto,Metropolitana,550000.0,CLP,99.2,2023-12-14 00:00:00.000000,2024-01-01 00:00:00.000000,DEPARTAMENTO,Arriendo,owner_direct
TT-2024-01-004229,toctoc,Ñuñoa,Metropolitana,16.76,UF,33.1,2023-12-22 00:00:00.000000,2024-01-22 00:00:00.000000,departamento,arriendo,owner_direct
TT-2024-01-000745,toctoc,San Miguel,Metropolitana,560000.0,CLP,57.4,2023-12-22 00:00:00.000000,2024-01-01 00:00:00.000000,departamento,ARRIENDO,
TT-2024-01-001072,toctoc,Maipú,Metropolitana,13.92,UF,48.7,2023-12-17 00:00:00.000000,2024-01-01 00:00:00.000000,departamento,Arriendo,agency
TT-2024-01-004755,toctoc,Recoleta,Metropolitana,14.32,UF,43.4,2023-12-25 00:00:00.000000,2024-01-29 00:00:00.000000,DEPARTAMENTO,Arriendo,agency
TT-2024-01-001915,toctoc,Estación Central,Metropolitana,16.76,UF,64.4,2023-12-06 00:00:00.000000,2024-01-08 00:00:00.000000,DEPARTAMENTO,ARRIENDO,agency
TT-2024-01-003933,toctoc,Providencia,Metropolitana,21.89,UF,31.2,2024-01-14 00:00:00.000000,2024-01-22 00:00:00.000000,Departamento,ARRIENDO,agency
TT-2024-01-005334,toctoc,San Miguel,Metropolitana,18.11,UF,62.1,2024-01-13 00:00:00.000000,2024-01-29 00:00:00.000000,departamento,Arriendo,owner_direct
TT-2024-01-004382,toctoc,Huechuraba,Metropolitana,800000.0,CLP,66.9,2024-01-22 00:00:00.000000,2024-01-29 00:00:00.000000,departamento,ARRIENDO,agency
TT-2024-01-003327,toctoc,Las Condes,Metropolitana,1425000.0,CLP,80.0,2024-01-11 00:00:00.000000,2024-01-22 00:00:00.000000,departamento,arriendo,agency
TT-2024-01-005191,toctoc,La Florida,Metropolitana,12.3,UF,39.1,2024-01-08 00:00:00.000000,2024-01-29 00:00:00.000000,DEPARTAMENTO,ARRIENDO,agency
TT-2024-01-003122,toctoc,Santiago,Metropolitana,16.62,UF,48.7,2023-12-25 00:00:00.000000,2024-01-15 00:00:00.000000,DEPARTAMENTO,arriendo,owner_direct
TT-2024-01-002220,toctoc,Estación Central,Metropolitana,12.43,UF,38.6,2023-11-26 00:00:00.000000,2024-01-08 00:00:00.000000,departamento,Arriendo,agency
TT-2024-01-004501,toctoc,Recoleta,Metropolitana,12.43,UF,47.7,2023-12-29 00:00:00.000000,2024-01-29 00:00:00.000000,Departamento,ARRIENDO,agency
TT-2024-01-002893,toctoc,Quinta Normal,Metropolitana,450000.0,CLP,29.8,2023-11-28 00:00:00.000000,2024-01-15 00:00:00.000000,Departamento,Arriendo,agency
TT-2024-01-002910,toctoc,Independencia,Metropolitana,525000.0,CLP,43.9,2023-12-31 00:00:00.000000,2024-01-15 00:00:00.000000,DEPARTAMENTO,arriendo,agency
TT-2024-01-003185,toctoc,Conchalí,Metropolitana,9.73,UF,38.5,2023-11-09 00:00:00.000000,2024-01-15 00:00:00.000000,departamento,arriendo,agency
TT-2024-01-004918,toctoc,Peñalolén,Metropolitana,31.22,UF,133.5,2023-11-25 00:00:00.000000,2024-01-29 00:00:00.000000,DEPARTAMENTO,Arriendo,agency
TT-2024-01-002313,toctoc,Quinta Normal,Metropolitana,560000.0,CLP,65.9,2023-12-21 00:00:00.000000,2024-01-08 00:00:00.000000,departamento,arriendo,owner_direct
TT-2024-01-001964,toctoc,Ñuñoa,Metropolitana,10.14,UF,23.5,2023-12-26 00:00:00.000000,2024-01-08 00:00:00.000000,Departamento,Arriendo,owner_direct
TT-2024-01-000475,toctoc,Macul,Metropolitana,14.19,UF,42.9,2023-12-04 00:00:00.000000,2024-01-01 00:00:00.000000,DEPARTAMENTO,ARRIENDO,owner_direct
TT-2024-01-002010,toctoc,San Miguel,Metropolitana,27.97,UF,122.5,2023-09-25 00:00:00.000000,2024-01-08 00:00:00.000000,Departamento,Arriendo,agency
TT-2024-01-000722,toctoc,Ñuñoa,Metropolitana,16.49,UF,32.5,2023-11-06 00:00:00.000000,2024-01-01 00:00:00.000000,Departamento,ARRIENDO,agency
TT-2024-01-005189,toctoc,Maipú,Metropolitana,385000.0,CLP,28.3,2023-12-10 00:00:00.000000,2024-01-29 00:00:00.000000,Departamento,arriendo,agency
TT-2024-01-002206,toctoc,Independencia,Metropolitana,510000.0,CLP,49.0,2023-11-14 00:00:00.000000,2024-01-08 00:00:00.000000,departamento,Arriendo,agency
TT-2024-01-003422,toctoc,San Joaquín,Metropolitana,12.03,UF,36.9,2024-01-06 00:00:00.000000,2024-01-22 00:00:00.000000,departamento,Arriendo,agency
TT-2024-01-000698,toctoc,Macul,Metropolitana,17.3,UF,64.7,2023-11-25 00:00:00.000000,2024-01-01 00:00:00.000000,departamento,ARRIENDO,agency
TT-2024-01-004044,toctoc,Estación Central,Metropolitana,24.19,UF,103.2,2023-12-03 00:00:00.000000,2024-01-22 00:00:00.000000,DEPARTAMENTO,arriendo,owner_direct
TT-2024-01-002534,toctoc,Quilicura,Metropolitana,13.78,UF,56.1,2024-01-03 00:00:00.000000,2024-01-15 00:00:00.000000,DEPARTAMENTO,arriendo,
TT-2024-01-001785,toctoc,Providencia,Metropolitana,20.81,UF,37.2,2023-12-30 00:00:00.000000,2024-01-08 00:00:00.000000,DEPARTAMENTO,Arriendo,agency
TT-2024-01-001339,toctoc,Maipú,Metropolitana,535000.0,CLP,63.5,2023-12-29 00:00:00.000000,2024-01-08 00:00:00.000000,Departamento,Arriendo,owner_direct
TT-2024-01-001104,toctoc,Cerrillos,Metropolitana,14.46,UF,45.2,2023-11-29 00:00:00.000000,2024-01-01 00:00:00.000000,Departamento,ARRIENDO,agency
TT-2024-01-002475,toctoc,La Cisterna,Metropolitana,795000.0,CLP,104.2,2023-12-27 00:00:00.000000,2024-01-15 00:00:00.000000,DEPARTAMENTO,arriendo,agency
TT-2024-01-000623,toctoc,Ñuñoa ,Metropolitana,19.19,UF,47.5,2023-11-25 00:00:00.000000,2024-01-01 00:00:00.000000,departamento,Arriendo,owner_direct
TT-2024-01-002151,toctoc,Maipú,Metropolitana,545000.0,CLP,62.0,2023-12-30 00:00:00.000000,2024-01-08 00:00:00.000000,departamento,Arriendo,agency
TT-2024-01-004365,toctoc,Recoleta,Metropolitana,16.35,UF,48.8,2024-01-18 00:00:00.000000,2024-01-29 00:00:00.000000,DEPARTAMENTO,arriendo,owner_direct
TT-2024-01-001585,toctoc,Santiago,Metropolitana,14.59,UF,42.0,2023-12-28 00:00:00.000000,2024-01-08 00:00:00.000000,departamento,arriendo,agency
TT-2024-01-003395,toctoc,Las Condes,Metropolitana,27.7,UF,45.2,2024-01-03 00:00:00.000000,2024-01-22 00:00:00.000000,DEPARTAMENTO,arriendo,agency
TT-2024-01-000549,toctoc,La Florida,Metropolitana,22.84,UF,111.5,2023-12-10 00:00:00.000000,2024-01-01 00:00:00.000000,departamento,ARRIENDO,agency
TT-2024-01-002007,toctoc,La Reina,Metropolitana,1340000.0,CLP,97.0,2023-10-26 00:00:00.000000,2024-01-08 00:00:00.000000,Departamento,arriendo,owner_direct
TT-2024-01-003524,toctoc,San Miguel,Metropolitana,12.43,UF,35.7,2023-10-26 00:00:00.000000,2024-01-22 00:00:00.000000,Departamento,ARRIENDO,agency
TT-2024-01-003396,toctoc, Ñuñoa,Metropolitana,580000.0,CLP,42.6,2023-11-19 00:00:00.000000,2024-01-22 00:00:00.000000,DEPARTAMENTO,ARRIENDO,agency
TT-2024-01-000423,toctoc,Estación Central,Metropolitana,11.76,UF,39.0,2023-06-22 00:00:00.000000,2024-01-01 00:00:00.000000,Departamento,arriendo,agency
TT-2024-01-002507,toctoc,Vitacura,Metropolitana,1810000.0,CLP,81.6,2023-08-03 00:00:00.000000,2024-01-15 00:00:00.000000,Departamento,Arriendo,agency
TT-2024-01-004074,toctoc,Santiago,Metropolitana,1320000.0,CLP,127.7,2024-01-05 00:00:00.000000,2024-01-22 00:00:00.000000,DEPARTAMENTO,arriendo,agency
TT-2024-01-001037,toctoc,Recoleta,Metropolitana,16.76,UF,61.0,2023-12-06 00:00:00.000000,2024-01-01 00:00:00.000000,departamento,Arriendo,agency
TT-2024-01-000735,toctoc,Estación Central,Metropolitana,370000.0,CLP,31.1,2023-11-08 00:00:00.000000,2024-01-01 00:00:00.000000,DEPARTAMENTO,Arriendo,owner_direct
TT-2024-01-000898,toctoc,Providencia,Metropolitana,1165000.0,CLP,61.4,2023-11-26 00:00:00.000000,2024-01-01 00:00:00.000000,Departamento,arriendo,agency
TT-2024-01-002040,toctoc,Santiago,Metropolitana,580000.0,CLP,53.5,2023-12-26 00:00:00.000000,2024-01-08 00:00:00.000000,departamento,Arriendo,agency
TT-2024-01-001270,toctoc,Ñuñoa,Metropolitana,27.03,UF,84.5,2023-12-24 00:00:00.000000,2024-01-08 00:00:00.000000,DEPARTAMENTO,ARRIENDO,owner_direct
TT-2024-01-002899,toctoc,Santiago,Metropolitana,11.62,UF,27.6,2023-12-05 00:00:00.000000,2024-01-15 00:00:00.000000,DEPARTAMENTO,Arriendo,agency
TT-2024-01-000949,toctoc,Independencia,Metropolitana,515000.0,CLP,53.7,2023-12-04 00:00:00.000000,2024-01-01 00:00:00.000000,DEPARTAMENTO,Arriendo,agency
TT-2024-01-001345,toctoc,San Joaquín,Metropolitana,745000.0,CLP,83.0,2023-10-28 00:00:00.000000,2024-01-08 00:00:00.000000,DEPARTAMENTO,ARRIENDO,agency
TT-2024-01-001318,toctoc,Independencia,Metropolitana,18.51,UF,81.7,2023-08-11 00:00:00.000000,2024-01-08 00:00:00.000000,DEPARTAMENTO,Arriendo,owner_direct
TT-2024-01-005368,toctoc,Estación Central,Metropolitana,400000.0,CLP,39.6,2023-12-25 00:00:00.000000,2024-01-29 00:00:00.000000,DEPARTAMENTO,Arriendo,agency
TT-2024-01-000965,toctoc,Peñalolén,Metropolitana,10.81,UF,30.1,2023-11-23 00:00:00.000000,2024-01-01 00:00:00.000000,DEPARTAMENTO,Arriendo,agency
TT-2024-01-001966,toctoc,Independencia,Metropolitana,415000.0,CLP,40.4,2023-12-26 00:00:00.000000,2024-01-08 00:00:00.000000,DEPARTAMENTO,Arriendo,owner_direct
TT-2024-01-003328,toctoc,Recoleta,Metropolitana,24.86,UF,95.8,2023-07-11 00:00:00.000000,2024-01-22 00:00:00.000000,departamento,ARRIENDO,owner_direct
TT-2024-01-000182,toctoc,Vitacura,Metropolitana,30.27,UF,42.1,2023-11-26 00:00:00.000000,2024-01-01 00:00:00.000000,Departamento,ARRIENDO,owner_direct
TT-2024-01-000164,toctoc,Peñalolén,Metropolitana,720000.0,CLP,65.5,2023-12-06 00:00:00.000000,2024-01-01 00:00:00.000000,Departamento,ARRIENDO,agency
TT-2024-01-000681,toctoc,La Florida,Metropolitana,410000.0,CLP,37.9,2023-12-04 00:00:00.000000,2024-01-01 00:00:00.000000,DEPARTAMENTO,ARRIENDO,owner_direct
TT-2024-01-005378,toctoc,Cerrillos,Metropolitana,605000.0,CLP,79.1,2023-12-28 00:00:00.000000,2024-01-29 00:00:00.000000,DEPARTAMENTO,ARRIENDO,owner_direct
TT-2024-01-002457,toctoc,La Cisterna,Metropolitana,10.68,UF,35.9,2023-11-11 00:00:00.000000,2024-01-15 00:00:00.000000,Departamento,arriendo,owner_direct
TT-2024-01-000983,toctoc,Quilicura,Metropolitana,440000.0,CLP,59.5,2023-12-21 00:00:00.000000,2024-01-01 00:00:00.000000,departamento,ARRIENDO,agency
TT-2024-01-003434,toctoc,Peñalolén,Metropolitana,13.24,UF,39.8,2024-01-04 00:00:00.000000,2024-01-22 00:00:00.000000,DEPARTAMENTO,ARRIENDO,owner_direct
TT-2024-01-004930,toctoc,Santiago,Metropolitana,15.14,UF,36.1,2023-12-24 00:00:00.000000,2024-01-29 00:00:00.000000,DEPARTAMENTO,ARRIENDO,agency
TT-2024-01-000913,toctoc,Santiago,Metropolitana,13.51,UF,52.8,2023-11-19 00:00:00.000000,2024-01-01 00:00:00.000000,Departamento,Arriendo,agency
TT-2024-01-002261,toctoc,Estación Central,Metropolitana,14.05,UF,57.2,2023-09-09 00:00:00.000000,2024-01-08 00:00:00.000000,Departamento,ARRIENDO,owner_direct
TT-2024-01-001439,toctoc,Ñuñoa,Metropolitana,18.92,UF,53.9,2023-12-17 00:00:00.000000,2024-01-08 00:00:00.000000,DEPARTAMENTO,Arriendo,agency
TT-2024-01-004058,toctoc,Independencia,Metropolitana,14.73,UF,56.7,2023-10-27 00:00:00.000000,2024-01-22 00:00:00.000000,Departamento,Arriendo,agency
TT-2024-01-000647,toctoc,San Miguel,Metropolitana,17.16,UF,64.9,2023-11-25 00:00:00.000000,2024-01-01 00:00:00.000000,Departamento,arriendo,agency
TT-2024-01-000907,toctoc,Las Condes,Metropolitana,1225000.0,CLP,63.2,2023-12-24 00:00:00.000000,2024-01-01 00:00:00.000000,Departamento,ARRIENDO,owner_direct
TT-2024-01-000715,toctoc,Santiago,Metropolitana,650000.0,CLP,62.3,2023-12-16 00:00:00.000000,2024-01-01 00:00:00.000000,departamento,Arriendo,agency
TT-2024-01-003372,toctoc,San Joaquín,Metropolitana,16.08,UF,60.8,2024-01-09 00:00:00.000000,2024-01-22 00:00:00.000000,Departamento,ARRIENDO,agency
TT-2024-01-001409,toctoc,Recoleta,Metropolitana,405000.0,CLP,23.8,2023-12-27 00:00:00.000000,2024-01-08 00:00:00.000000,departamento,Arriendo,owner_direct
TT-2024-01-003627,toctoc,Estación Central,Metropolitana,580000.0,CLP,62.7,2024-01-05 00:00:00.000000,2024-01-22 00:00:00.000000,DEPARTAMENTO,ARRIENDO,agency
TT-2024-01-003229,toctoc,Estación Central,Metropolitana,605000.0,CLP,69.3,2023-11-20 00:00:00.000000,2024-01-15 00:00:00.000000,Departamento,Arriendo,owner_direct
TT-2024-01-005477,toctoc,Lo Barnechea,Metropolitana,24.59,UF,51.5,2023-12-29 00:00:00.000000,2024-01-29 00:00:00.000000,DEPARTAMENTO,ARRIENDO,agency
TT-2024-01-003775,toctoc,Cerrillos,Metropolitana,460000.0,CLP,50.0,2024-01-12 00:00:00.000000,2024-01-22 00:00:00.000000,departamento,ARRIENDO,agency
TT-2024-01-000732,toctoc,Macul,Metropolitana,685000.0,CLP,57.7,2023-06-26 00:00:00.000000,2024-01-01 00:00:00.000000,departamento,ARRIENDO,agency
TT-2024-01-000812,toctoc,Santiago ,Metropolitana,12.84,UF,31.2,2023-11-28 00:00:00.000000,2024-01-01 00:00:00.000000,Departamento,arriendo,agency
TT-2024-01-002073,toctoc,Vitacura ,Metropolitana,27.7,UF,31.3,2023-12-27 00:00:00.000000,2024-01-08 00:00:00.000000,departamento,arriendo,owner_direct
TT-2024-01-001430,toctoc,Ñuñoa,Metropolitana,12.7,UF,30.4,2023-12-17 00:00:00.000000,2024-01-08 00:00:00.000000,departamento,ARRIENDO,agency
TT-2024-01-005135,toctoc,Lo Barnechea,Metropolitana,26.22,UF,56.3,2023-12-18 00:00:00.000000,2024-01-29 00:00:00.000000,departamento,ARRIENDO,owner_direct
TT-2024-01-004102,toctoc,Lo Barnechea,Metropolitana,620000.0,CLP,33.8,2024-01-01 00:00:00.000000,2024-01-22 00:00:00.000000,departamento,ARRIENDO,owner_direct
TT-2024-01-004219,toctoc,La Florida,Metropolitana,6895000.0,CLP,1200.0,2023-12-05 00:00:00.000000,2024-01-22 00:00:00.000000,DEPARTAMENTO,arriendo,owner_direct
TT-2024-01-001478,toctoc,La Florida,Metropolitana,15.95,UF,58.0,2023-12-05 00:00:00.000000,2024-01-08 00:00:00.000000,Departamento,Arriendo,agency
TT-2024-01-001537,toctoc,Cerrillos,Metropolitana,600000.0,CLP,50.3,2023-12-20 00:00:00.000000,2024-01-08 00:00:00.000000,departamento,ARRIENDO,agency
TT-2024-01-001676,toctoc,Cerrillos,Metropolitana,14.19,UF,53.2,2023-12-27 00:00:00.000000,2024-01-08 00:00:00.000000,DEPARTAMENTO,Arriendo,owner_direct
TT-2024-01-001593,toctoc,Ñuñoa,Metropolitana,19.46,UF,52.0,2024-01-04 00:00:00.000000,2024-01-08 00:00:00.000000,departamento,arriendo,agency
TT-2024-01-001341,toctoc,Macul,Metropolitana,465000.0,CLP,28.0,2023-12-12 00:00:00.000000,2024-01-08 00:00:00.000000,DEPARTAMENTO,ARRIENDO,agency
TT-2024-01-004824,toctoc,San Miguel,Metropolitana,11.35,UF,10.0,2023-12-22 00:00:00.000000,2024-01-29 00:00:00.000000,DEPARTAMENTO,ARRIENDO,agency
TT-2024-01-004122,toctoc,Lo Barnechea,Metropolitana,32.43,UF,60.9,2024-01-06 00:00:00.000000,2024-01-22 00:00:00.000000,DEPARTAMENTO,arriendo,agency
TT-2024-01-000543,toctoc,Quilicura,Metropolitana,13.11,UF,57.1,2023-12-21 00:00:00.000000,2024-01-01 00:00:00.000000,DEPARTAMENTO,ARRIENDO,agency
TT-2024-01-000142,toctoc,La Cisterna,Metropolitana,21.35,UF,99.1,2023-11-28 00:00:00.000000,2024-01-01 00:00:00.000000,Departamento,Arriendo,owner_direct
TT-2024-01-003429,toctoc,Santiago,Metropolitana,535000.0,CLP,42.8,2024-01-15 00:00:00.000000,2024-01-22 00:00:00.000000,departamento,ARRIENDO,owner_direct
TT-2024-01-001477,toctoc,La Cisterna,Metropolitana,430000.0,CLP,37.9,2023-10-09 00:00:00.000000,2024-01-08 00:00:00.000000,departamento,ARRIENDO,owner_direct
TT-2024-01-004437,toctoc,Independencia,Metropolitana,13.24,UF,32.0,2024-01-14 00:00:00.000000,2024-01-29 00:00:00.000000,DEPARTAMENTO,ARRIENDO,owner_direct
TT-2024-01-000716,toctoc,Santiago,Metropolitana,16.49,UF,48.2,2023-09-03 00:00:00.000000,2024-01-01 00:00:00.000000,departamento,ARRIENDO,owner_direct
TT-2024-01-001840,toctoc,Peñalolén,Metropolitana,605000.0,CLP,63.4,2023-11-01 00:00:00.000000,2024-01-08 00:00:00.000000,DEPARTAMENTO,arriendo,agency
TT-2024-01-002697,toctoc,Macul,Metropolitana,610000.0,CLP,52.2,2023-12-30 00:00:00.000000,2024-01-15 00:00:00.000000,departamento,arriendo,agency
TT-2024-01-000992,toctoc,Independencia,Metropolitana,580000.0,CLP,62.2,2023-12-09 00:00:00.000000,2024-01-01 00:00:00.000000,DEPARTAMENTO,Arriendo,agency
TT-2024-01-003700,toctoc,Lo Barnechea,Metropolitana,695000.0,CLP,33.7,2023-12-29 00:00:00.000000,2024-01-22 00:00:00.000000,Departamento,arriendo,agency
TT-2024-01-000263,toctoc,Macul,Metropolitana,800000.0,CLP,63.2,2023-12-29 00:00:00.000000,2024-01-01 00:00:00.000000,DEPARTAMENTO,ARRIENDO,
TT-2024-01-003233,toctoc,Quinta Normal,Metropolitana,665000.0,CLP,77.8,2023-12-15 00:00:00.000000,2024-01-15 00:00:00.000000,Departamento,Arriendo,owner_direct
TT-2024-01-000603,toctoc,Macul,Metropolitana,1405000.0,CLP,158.8,2023-11-05 00:00:00.000000,2024-01-01 00:00:00.000000,departamento,ARRIENDO,owner_direct
TT-2024-01-004730,toctoc,Santiago,Metropolitana,610000.0,CLP,49.8,2023-12-19 00:00:00.000000,2024-01-29 00:00:00.000000,Departamento,arriendo,owner_direct
TT-2024-01-003752,toctoc,Recoleta,Metropolitana,9.05,UF,40.8,2024-01-14 00:00:00.000000,2024-01-22 00:00:00.000000,departamento,ARRIENDO,agency
TT-2024-01-002361,toctoc,Santiago,Metropolitana,15.41,UF,45.6,2023-12-11 00:00:00.000000,2024-01-08 00:00:00.000000,DEPARTAMENTO,arriendo,agency
TT-2024-01-004890,toctoc,San Miguel,Metropolitana,750000.0,CLP,65.9,2024-01-19 00:00:00.000000,2024-01-29 00:00:00.000000,departamento,arriendo,agency
TT-2024-01-005034,toctoc,Ñuñoa,Metropolitana,875000.0,CLP,58.8,2024-01-02 00:00:00.000000,2024-01-29 00:00:00.000000,departamento,Arriendo,owner_direct
TT-2024-01-005337,toctoc,Quinta Normal,Metropolitana,11.76,UF,56.6,2023-12-11 00:00:00.000000,2024-01-29 00:00:00.000000,departamento,arriendo,agency
TT-2024-01-000788,toctoc,santiago,Metropolitana,860000.0,CLP,73.0,2023-12-17 00:00:00.000000,2024-01-01 00:00:00.000000,DEPARTAMENTO,arriendo,agency
TT-2024-01-001546,toctoc,Quilicura,Metropolitana,7.97,UF,23.7,2023-12-05 00:00:00.000000,2024-01-08 00:00:00.000000,DEPARTAMENTO,Arriendo,agency
TT-2024-01-000028,toctoc,Santiago,Metropolitana,20.27,UF,80.1,2023-11-29 00:00:00.000000,2024-01-01 00:00:00.000000,Departamento,ARRIENDO,agency
TT-2024-01-003390,toctoc,Providencia,Metropolitana,1090000.0,CLP,77.7,2023-12-18 00:00:00.000000,2024-01-22 00:00:00.000000,DEPARTAMENTO,arriendo,owner_direct
TT-2024-01-002984,toctoc,La Florida,Metropolitana,13.92,UF,39.7,2023-12-27 00:00:00.000000,2024-01-15 00:00:00.000000,departamento,Arriendo,agency
TT-2024-01-003444,toctoc,Macul,Metropolitana,570000.0,CLP,66.5,2023-12-29 00:00:00.000000,2024-01-22 00:00:00.000000,departamento,ARRIENDO,agency
TT-2024-01-003937,toctoc,Maipú,Metropolitana,11.89,UF,40.4,2024-01-07 00:00:00.000000,2024-01-22 00:00:00.000000,Departamento,Arriendo,agency
TT-2024-01-003393,toctoc,Recoleta,Metropolitana,580000.0,CLP,58.1,2024-01-08 00:00:00.000000,2024-01-22 00:00:00.000000,departamento,Arriendo,agency
TT-2024-01-005470,toctoc,Ñuñoa,Metropolitana,735000.0,CLP,64.4,2023-12-14 00:00:00.000000,2024-01-29 00:00:00.000000,departamento,arriendo,agency
TT-2024-01-000181,toctoc,Santiago,Metropolitana,590000.0,CLP,48.2,2023-12-10 00:00:00.000000,2024-01-01 00:00:00.000000,Departamento,ARRIENDO,agency
TT-2024-01-001325,toctoc,Estación Central,Metropolitana,12.3,UF,42.5,2024-01-04 00:00:00.000000,2024-01-08 00:00:00.000000,departamento,arriendo,agency
TT-2024-01-000353,toctoc,La Reina,Metropolitana,725000.0,CLP,38.1,2023-12-16 00:00:00.000000,2024-01-01 00:00:00.000000,DEPARTAMENTO,arriendo,agency
TT-2024-01-004575,toctoc,Maipú,Metropolitana,385000.0,CLP,29.2,2024-01-07 00:00:00.000000,2024-01-29 00:00:00.000000,departamento,ARRIENDO,agency
TT-2024-01-000310,toctoc,San Miguel,Metropolitana,345000.0,CLP,31.2,2023-12-18 00:00:00.000000,2024-01-01 00:00:00.000000,DEPARTAMENTO,Arriendo,owner_direct
TT-2024-01-004785,toctoc,Peñalolén,Metropolitana,525000.0,CLP,33.5,2024-01-02 00:00:00.000000,2024-01-29 00:00:00.000000,Departamento,arriendo,owner_direct
TT-2024-01-001433,toctoc,Santiago,Metropolitana,19.05,UF,68.6,2023-10-10 00:00:00.000000,2024-01-08 00:00:00.000000,Departamento,arriendo,owner_direct
TT-2024-01-001096,toctoc,Lo Barnechea,Metropolitana,760000.0,CLP,35.1,2023-11-19 00:00:00.000000,2024-01-01 00:00:00.000000,departamento,ARRIENDO,owner_direct
TT-2024-01-002289,toctoc,Cerrillos,Metropolitana,10.95,UF,40.5,2023-12-12 00:00:00.000000,2024-01-08 00:00:00.000000,Departamento,Arriendo,agency
TT-2024-01-004708,toctoc,Conchalí,Metropolitana,14.32,UF,46.6,2024-01-09 00:00:00.000000,2024-01-29 00:00:00.000000,departamento,ARRIENDO,agency
TT-2024-01-002396,toctoc,San Miguel,Metropolitana,17.16,UF,60.6,2024-01-04 00:00:00.000000,2024-01-15 00:00:00.000000,Departamento,ARRIENDO,agency
TT-2024-01-003225,toctoc,Macul,Metropolitana,435000.0,CLP,24.8,2023-12-25 00:00:00.000000,2024-01-15 00:00:00.000000,DEPARTAMENTO,Arriendo,agency
TT-2024-01-004826,toctoc,Quinta Normal,Metropolitana,560000.0,CLP,45.1,2024-01-06 00:00:00.000000,2024-01-29 00:00:00.000000,DEPARTAMENTO,arriendo,agency
TT-2024-01-001078,toctoc,Estación Central,Metropolitana,475000.0,CLP,49.6,2023-12-05 00:00:00.000000,2024-01-01 00:00:00.000000,departamento,arriendo,agency
TT-2024-01-002886,toctoc,Recoleta,Metropolitana,600000.0,CLP,64.6,2024-01-08 00:00:00.000000,2024-01-15 00:00:00.000000,departamento,ARRIENDO,agency
TT-2024-01-004555,toctoc,Independencia,Metropolitana,725000.0,CLP,77.5,2024-01-22 00:00:00.000000,2024-01-29 00:00:00.000000,DEPARTAMENTO,arriendo,agency
TT-2024-01-000701,toctoc,Macul,Metropolitana,600000.0,CLP,45.5,2023-12-10 00:00:00.000000,2024-01-01 00:00:00.000000,DEPARTAMENTO,ARRIENDO,agency
TT-2024-01-002448,toctoc,Providencia,Metropolitana,22.97,UF,44.3,2023-12-30 00:00:00.000000,2024-01-15 00:00:00.000000,Departamento,Arriendo,agency
TT-2024-01-005429,toctoc,Maipú ,Metropolitana,555000.0,CLP,52.7,2024-01-03 00:00:00.000000,2024-01-29 00:00:00.000000,departamento,ARRIENDO,agency
TT-2024-01-002100,toctoc,Cerrillos,Metropolitana,21.76,UF,88.6,2023-11-19 00:00:00.000000,2024-01-08 00:00:00.000000,Departamento,arriendo,owner_direct
TT-2024-01-001203,toctoc,San Joaquín,Metropolitana,595000.0,CLP,62.2,2024-01-05 00:00:00.000000,2024-01-08 00:00:00.000000,departamento,ARRIENDO,owner_direct
TT-2024-01-000303,toctoc,Santiago,Metropolitana,16.08,UF,41.4,2023-11-02 00:00:00.000000,2024-01-01 00:00:00.000000,departamento,Arriendo,agency
TT-2024-01-001747,toctoc,Santiago,Metropolitana,15.81,UF,42.8,2023-12-12 00:00:00.000000,2024-01-08 00:00:00.000000,departamento,arriendo,agency
TT-2024-01-002472,toctoc,Huechuraba,Metropolitana,655000.0,CLP,51.0,2023-12-24 00:00:00.000000,2024-01-15 00:00:00.000000,Departamento,arriendo,agency
TT-2024-01-001018,toctoc,Providencia,Metropolitana,17.43,UF,36.5,2023-12-26 00:00:00.000000,2024-01-01 00:00:00.000000,DEPARTAMENTO,Arriendo,owner_direct
TT-2024-01-000212,toctoc,Santiago,Metropolitana,540000.0,CLP,50.0,2023-12-29 00:00:00.000000,2024-01-01 00:00:00.000000,departamento,ARRIENDO,agency
TT-2024-01-000903,toctoc,Recoleta,Metropolitana,13.78,UF,48.6,2023-12-09 00:00:00.000000,2024-01-01 00:00:00.000000,departamento,Arriendo,agency
TT-2024-01-003694,toctoc,San Miguel,Metropolitana,13.11,UF,36.9,2024-01-08 00:00:00.000000,2024-01-22 00:00:00.000000,DEPARTAMENTO,ARRIENDO,owner_direct
TT-2024-01-000484,toctoc,Santiago,Metropolitana,11.62,UF,26.8,2023-12-11 00:00:00.000000,2024-01-01 00:00:00.000000,departamento,arriendo,agency
TT-2024-01-004579,toctoc,Puente Alto,Metropolitana,515000.0,CLP,68.1,2024-01-16 00:00:00.000000,2024-01-29 00:00:00.000000,DEPARTAMENTO,ARRIENDO,owner_direct
TT-2024-01-001582,toctoc,Ñuñoa,Metropolitana,525000.0,CLP,40.6,2023-12-27 00:00:00.000000,2024-01-08 00:00:00.000000,DEPARTAMENTO,ARRIENDO,owner_direct
TT-2024-01-005419,toctoc,La Florida,Metropolitana,12.03,UF,44.7,2024-01-13 00:00:00.000000,2024-01-29 00:00:00.000000,Departamento,ARRIENDO,owner_direct
TT-2024-01-002238,toctoc,San Miguel,Metropolitana,30.95,UF,148.5,2024-01-01 00:00:00.000000,2024-01-08 00:00:00.000000,DEPARTAMENTO,ARRIENDO,agency
TT-2024-01-000553,toctoc,La Florida,Metropolitana,475000.0,CLP,54.7,2023-12-25 00:00:00.000000,2024-01-01 00:00:00.000000,DEPARTAMENTO,Arriendo,agency
TT-2024-01-002225,toctoc,Santiago,Metropolitana,785000.0,CLP,71.1,2023-12-09 00:00:00.000000,2024-01-08 00:00:00.000000,Departamento,arriendo,owner_direct
TT-2024-01-004814,toctoc,Recoleta,Metropolitana,485000.0,CLP,38.3,2023-12-28 00:00:00.000000,2024-01-29 00:00:00.000000,DEPARTAMENTO,arriendo,agency
TT-2024-01-001725,toctoc,Estación Central,Metropolitana,570000.0,CLP,76.2,2023-12-14 00:00:00.000000,2024-01-08 00:00:00.000000,Departamento,arriendo,owner_direct
TT-2024-01-003957,toctoc,Quilicura,Metropolitana,9.32,UF,36.8,2023-12-26 00:00:00.000000,2024-01-22 00:00:00.000000,departamento,ARRIENDO,agency
TT-2024-01-004925,toctoc,Estación Central,Metropolitana,10.95,UF,47.4,2023-12-24 00:00:00.000000,2024-01-29 00:00:00.000000,DEPARTAMENTO,arriendo,agency
TT-2024-01-000862,toctoc,La Florida,Metropolitana,15.27,UF,36.0,2023-11-28 00:00:00.000000,2024-01-01 00:00:00.000000,DEPARTAMENTO,arriendo,owner_direct
TT-2024-01-003594,toctoc,Peñalolén,Metropolitana,670000.0,CLP,67.6,2023-12-15 00:00:00.000000,2024-01-22 00:00:00.000000,departamento,Arriendo,agency
TT-2024-01-003492,toctoc,renca,Metropolitana,13.51,UF,51.2,2023-12-28 00:00:00.000000,2024-01-22 00:00:00.000000,Departamento,ARRIENDO,owner_direct
TT-2024-01-001648,toctoc,La Cisterna,Metropolitana,480000.0,CLP,41.4,2023-09-05 00:00:00.000000,2024-01-08 00:00:00.000000,Departamento,Arriendo,owner_direct
TT-2024-01-001865,toctoc,Independencia,Metropolitana,585000.0,CLP,54.6,2023-12-26 00:00:00.000000,2024-01-08 00:00:00.000000,DEPARTAMENTO,Arriendo,agency
TT-2024-01-001016,toctoc,Maipú,Metropolitana,12.16,UF,44.1,2023-11-23 00:00:00.000000,2024-01-01 00:00:00.000000,DEPARTAMENTO,ARRIENDO,owner_direct
TT-2024-01-001162,toctoc,Cerrillos,Metropolitana,19.59,UF,89.1,2023-12-17 00:00:00.000000,2024-01-01 00:00:00.000000,Departamento,arriendo,owner_direct
TT-2024-01-002500,toctoc,Cerrillos,Metropolitana,12.84,UF,40.4,2024-01-04 00:00:00.000000,2024-01-15 00:00:00.000000,DEPARTAMENTO,arriendo,agency
TT-2024-01-001842,toctoc,Santiago,Metropolitana,20.81,UF,70.8,2023-12-07 00:00:00.000000,2024-01-08 00:00:00.000000,departamento,Arriendo,agency
TT-2024-01-003311,toctoc,La Cisterna,Metropolitana,440000.0,CLP,34.3,2024-01-02 00:00:00.000000,2024-01-22 00:00:00.000000,Departamento,ARRIENDO,agency
TT-2024-01-002477,toctoc,Macul,Metropolitana,14.05,UF,39.1,2023-12-26 00:00:00.000000,2024-01-15 00:00:00.000000,departamento,ARRIENDO,agency
TT-2024-01-001995,toctoc,Providencia,Metropolitana,21.08,UF,46.7,2023-12-02 00:00:00.000000,2024-01-08 00:00:00.000000,DEPARTAMENTO,arriendo,owner_direct
TT-2024-01-002102,toctoc,Lo Barnechea,Metropolitana,34.46,UF,80.8,2023-11-29 00:00:00.000000,2024-01-08 00:00:00.000000,departamento,arriendo,owner_direct
TT-2024-01-001356,toctoc,Independencia,Metropolitana,530000.0,CLP,44.6,2023-12-25 00:00:00.000000,2024-01-08 00:00:00.000000,departamento,ARRIENDO,owner_direct
TT-2024-01-004173,toctoc,Santiago,Metropolitana,16.22,UF,61.5,2024-01-04 00:00:00.000000,2024-01-22 00:00:00.000000,departamento,Arriendo,agency
TT-2024-01-001800,toctoc,Santiago,Metropolitana,480000.0,CLP,42.1,2023-12-29 00:00:00.000000,2024-01-08 00:00:00.000000,Departamento,Arriendo,agency
TT-2024-01-000367,toctoc,Santiago,Metropolitana,450000.0,CLP,31.4,2023-12-01 00:00:00.000000,2024-01-01 00:00:00.000000,DEPARTAMENTO,Arriendo,agency
TT-2024-01-002788,toctoc,San Miguel,Metropolitana,11.22,UF,26.9,2023-12-29 00:00:00.000000,2024-01-15 00:00:00.000000,departamento,ARRIENDO,agency
TT-2024-01-004705,toctoc,Las Condes,Metropolitana,995000.0,CLP,43.5,2024-01-07 00:00:00.000000,2024-01-29 00:00:00.000000,Departamento,ARRIENDO,agency
TT-2024-01-000459,toctoc,Ñuñoa,Metropolitana,15.41,UF,36.8,2023-11-17 00:00:00.000000,2024-01-01 00:00:00.000000,Departamento,arriendo,agency
TT-2024-01-000946,toctoc,Recoleta,Metropolitana,645000.0,CLP,59.1,2023-11-09 00:00:00.000000,2024-01-01 00:00:00.000000,departamento,arriendo,owner_direct
TT-2024-01-002628,toctoc,Santiago,Metropolitana,500000.0,CLP,37.3,2024-01-01 00:00:00.000000,2024-01-15 00:00:00.000000,DEPARTAMENTO,Arriendo,agency
TT-2024-01-004506,toctoc,La Florida,Metropolitana,12.7,UF,41.6,2024-01-22 00:00:00.000000,2024-01-29 00:00:00.000000,Departamento,ARRIENDO,agency
TT-2024-01-001611,toctoc,Las Condes,Metropolitana,22.84,UF,43.6,2023-10-18 00:00:00.000000,2024-01-08 00:00:00.000000,Departamento,Arriendo,owner_direct
TT-2024-01-001166,toctoc,Santiago,Metropolitana,840000.0,CLP,86.3,2023-12-03 00:00:00.000000,2024-01-01 00:00:00.000000,departamento,arriendo,agency
TT-2024-01-001459,toctoc,Providencia,Metropolitana,26.62,UF,58.0,2023-12-28 00:00:00.000000,2024-01-08 00:00:00.000000,DEPARTAMENTO,arriendo,agency
TT-2024-01-003060,toctoc,Independencia,Metropolitana,14.59,UF,56.9,2023-12-14 00:00:00.000000,2024-01-15 00:00:00.000000,departamento,Arriendo,owner_direct
TT-2024-01-004780,toctoc,Independencia,Metropolitana,385000.0,CLP,25.7,2024-01-17 00:00:00.000000,2024-01-29 00:00:00.000000,Departamento,arriendo,owner_direct
TT-2024-01-002015,toctoc,Santiago,Metropolitana,25.81,UF,100.6,2023-11-10 00:00:00.000000,2024-01-08 00:00:00.000000,DEPARTAMENTO,ARRIENDO,owner_direct
TT-2024-01-000451,toctoc,San Miguel,Metropolitana,13.38,UF,47.9,2023-12-05 00:00:00.000000,2024-01-01 00:00:00.000000,Departamento,ARRIENDO,agency
TT-2024-01-001419,toctoc,Huechuraba,Metropolitana,15.14,UF,32.0,2023-12-31 00:00:00.000000,2024-01-08 00:00:00.000000,departamento,Arriendo,owner_direct
TT-2024-01-003840,toctoc,Estación Central,Metropolitana,11.22,UF,49.9,2024-01-15 00:00:00.000000,2024-01-22 00:00:00.000000,DEPARTAMENTO,arriendo,agency
TT-2024-01-000296,toctoc,Santiago,Metropolitana,16.35,UF,50.8,2023-12-16 00:00:00.000000,2024-01-01 00:00:00.000000,DEPARTAMENTO,Arriendo,agency
TT-2024-01-004649,toctoc,Renca,Metropolitana,13.92,UF,61.7,2024-01-24 00:00:00.000000,2024-01-29 00:00:00.000000,DEPARTAMENTO,Arriendo,agency
TT-2024-01-000564,toctoc,La Florida,Metropolitana,14.73,UF,42.5,2023-07-25 00:00:00.000000,2024-01-01 00:00:00.000000,DEPARTAMENTO,ARRIENDO,owner_direct
TT-2024-01-005008,toctoc,Ñuñoa,Metropolitana,13.92,UF,37.0,2023-12-23 00:00:00.000000,2024-01-29 00:00:00.000000,Departamento,ARRIENDO,agency
TT-2024-01-001202,toctoc,Macul,Metropolitana,1000000.0,CLP,115.0,2024-01-04 00:00:00.000000,2024-01-08 00:00:00.000000,DEPARTAMENTO,Arriendo,agency
TT-2024-01-000538,toctoc,Estación Central,Metropolitana,9.46,UF,28.9,2023-12-19 00:00:00.000000,2024-01-01 00:00:00.000000,departamento,Arriendo,owner_direct
TT-2024-01-004986,toctoc,Ñuñoa,Metropolitana,18.11,UF,51.4,2023-12-11 00:00:00.000000,2024-01-29 00:00:00.000000,Departamento,ARRIENDO,agency
TT-2024-01-001116,toctoc,La Reina,Metropolitana,21.35,UF,46.6,2023-12-10 00:00:00.000000,2024-01-01 00:00:00.000000,DEPARTAMENTO,arriendo,owner_direct
TT-2024-01-000385,toctoc,Santiago,Metropolitana,485000.0,CLP,32.3,2023-12-22 00:00:00.000000,2024-01-01 00:00:00.000000,departamento,ARRIENDO,agency
TT-2024-01-001545,toctoc,Maipú,Metropolitana,375000.0,CLP,35.9,2023-12-16 00:00:00.000000,2024-01-08 00:00:00.000000,departamento,ARRIENDO,agency
TT-2024-01-004873,toctoc,Pudahuel,Metropolitana,17.97,UF,88.0,2024-01-07 00:00:00.000000,2024-01-29 00:00:00.000000,Departamento,ARRIENDO,agency
TT-2024-01-000811,toctoc,Estación Central,Metropolitana,530000.0,CLP,43.0,2023-12-15 00:00:00.000000,2024-01-01 00:00:00.000000,departamento,arriendo,agency
TT-2024-01-003660,toctoc,Independencia,Metropolitana,10.27,UF,29.2,2024-01-11 00:00:00.000000,2024-01-22 00:00:00.000000,DEPARTAMENTO,ARRIENDO,agency
TT-2024-01-004485,toctoc,Puente Alto,Metropolitana,16.22,UF,66.2,2024-01-12 00:00:00.000000,2024-01-29 00:00:00.000000,departamento,ARRIENDO,agency
TT-2024-01-004576,toctoc,Las Condes,Metropolitana,19.73,UF,35.8,2023-12-21 00:00:00.000000,2024-01-29 00:00:00.000000,departamento,Arriendo,agency
TT-2024-01-001278,toctoc,Maipú,Metropolitana,405000.0,CLP,37.7,2023-12-05 00:00:00.000000,2024-01-08 00:00:00.000000,Departamento,arriendo,owner_direct
TT-2024-01-003857,toctoc,Quinta Normal,Metropolitana,25.0,UF,133.5,2024-01-17 00:00:00.000000,2024-01-22 00:00:00.000000,DEPARTAMENTO,arriendo,owner_direct
TT-2024-01-005133,toctoc,Estación Central,Metropolitana,610000.0,CLP,61.3,2024-01-19 00:00:00.000000,2024-01-29 00:00:00.000000,Departamento,arriendo,agency
TT-2024-01-002906,toctoc,Estación Central,Metropolitana,675000.0,CLP,79.4,2023-12-29 00:00:00.000000,2024-01-15 00:00:00.000000,Departamento,ARRIENDO,agency
TT-2024-01-000608,toctoc,San Joaquín,Metropolitana,8.92,UF,25.7,2023-11-15 00:00:00.000000,2024-01-01 00:00:00.000000,Departamento,arriendo,agency
TT-2024-01-000354,toctoc,Santiago,Metropolitana,570000.0,CLP,44.4,2023-12-10 00:00:00.000000,2024-01-01 00:00:00.000000,Departamento,Arriendo,owner_direct
TT-2024-01-002317,toctoc,Maipú,Metropolitana,15.54,UF,76.9,2023-12-13 00:00:00.000000,2024-01-08 00:00:00.000000,departamento,ARRIENDO,agency
TT-2024-01-002048,toctoc,Peñalolén,Metropolitana,485000.0,CLP,37.8,2024-01-02 00:00:00.000000,2024-01-08 00:00:00.000000,departamento,arriendo,owner_direct
TT-2024-01-000351,toctoc,Santiago,Metropolitana,555000.0,CLP,42.1,2023-11-26 00:00:00.000000,2024-01-01 00:00:00.000000,DEPARTAMENTO,Arriendo,agency
TT-2024-01-005459,toctoc,San Joaquín,Metropolitana,380000.0,CLP,39.0,2024-01-19 00:00:00.000000,2024-01-29 00:00:00.000000,DEPARTAMENTO,Arriendo,owner_direct
TT-2024-01-001855,toctoc,Santiago,Metropolitana,14.05,UF,44.8,2023-12-30 00:00:00.000000,2024-01-08 00:00:00.000000,departamento,Arriendo,agency
TT-2024-01-001935,toctoc,San Miguel,Metropolitana,610000.0,CLP,67.0,2023-11-28 00:00:00.000000,2024-01-08 00:00:00.000000,Departamento,arriendo,agency
TT-2024-01-000541,toctoc,Recoleta,Metropolitana,11.89,UF,33.7,2023-09-22 00:00:00.000000,2024-01-01 00:00:00.000000,DEPARTAMENTO,ARRIENDO,agency
TT-2024-01-003681,toctoc,Independencia,Metropolitana,555000.0,CLP,63.1,2023-11-26 00:00:00.000000,2024-01-22 00:00:00.000000,departamento,ARRIENDO,agency
TT-2024-01-004932,toctoc,La Florida,Metropolitana,19.73,UF,73.4,2024-01-27 00:00:00.000000,2024-01-29 00:00:00.000000,departamento,Arriendo,agency
TT-2024-01-000864,toctoc,San Miguel,Metropolitana,19.32,UF,66.1,2023-11-30 00:00:00.000000,2024-01-01 00:00:00.000000,Departamento,ARRIENDO,agency
TT-2024-01-000918,toctoc,Providencia,Metropolitana,37.43,UF,105.7,2023-11-12 00:00:00.000000,2024-01-01 00:00:00.000000,departamento,Arriendo,owner_direct
TT-2024-01-001635,toctoc,La Florida,Metropolitana,15.81,UF,59.1,2023-12-03 00:00:00.000000,2024-01-08 00:00:00.000000,Departamento,Arriendo,owner_direct
TT-2024-01-001834,toctoc,Santiago,Metropolitana,17.7,UF,57.7,2023-12-29 00:00:00.000000,2024-01-08 00:00:00.000000,departamento,arriendo,agency
TT-2024-01-002258,toctoc,Las Condes,Metropolitana,1185000.0,CLP,66.9,2023-12-21 00:00:00.000000,2024-01-08 00:00:00.000000,Departamento,arriendo,agency
TT-2024-01-002485,toctoc,Santiago,Metropolitana,16.22,UF,42.8,2024-01-06 00:00:00.000000,2024-01-15 00:00:00.000000,departamento,Arriendo,agency
TT-2024-01-001138,toctoc,San Miguel,Metropolitana,555000.0,CLP,44.5,2023-12-25 00:00:00.000000,2024-01-01 00:00:00.000000,Departamento,Arriendo,owner_direct
TT-2024-01-001028,toctoc,La Florida,Metropolitana,16.62,UF,84.3,2023-12-11 00:00:00.000000,2024-01-01 00:00:00.000000,DEPARTAMENTO,ARRIENDO,agency
TT-2024-01-004086,toctoc,Recoleta,Metropolitana,14.05,UF,54.8,2023-12-10 00:00:00.000000,2024-01-22 00:00:00.000000,departamento,ARRIENDO,agency
TT-2024-01-003313,toctoc,Recoleta,Metropolitana,925000.0,CLP,136.7,2023-10-10 00:00:00.000000,2024-01-22 00:00:00.000000,Departamento,Arriendo,agency
TT-2024-01-004962,toctoc,Santiago,Metropolitana,490000.0,CLP,40.5,2024-01-03 00:00:00.000000,2024-01-29 00:00:00.000000,DEPARTAMENTO,Arriendo,owner_direct
TT-2024-01-004456,toctoc,Estación Central,Metropolitana,11.49,UF,38.9,2023-12-01 00:00:00.000000,2024-01-29 00:00:00.000000,departamento,arriendo,agency
TT-2024-01-002813,toctoc,Quinta Normal,Metropolitana,445000.0,CLP,56.8,2023-11-15 00:00:00.000000,2024-01-15 00:00:00.000000,departamento,ARRIENDO,agency
TT-2024-01-004292,toctoc,Recoleta,Metropolitana,13.24,UF,56.6,2023-11-15 00:00:00.000000,2024-01-22 00:00:00.000000,departamento,arriendo,agency
TT-2024-01-001032,toctoc,Estación Central,Metropolitana,13.51,UF,61.9,2023-12-08 00:00:00.000000,2024-01-01 00:00:00.000000,Departamento,arriendo,agency
TT-2024-01-003908,toctoc,Estación Central,Metropolitana,9.73,UF,38.8,2024-01-10 00:00:00.000000,2024-01-22 00:00:00.000000,departamento,arriendo,agency
TT-2024-01-003758,toctoc,Pudahuel,Metropolitana,10.95,UF,33.6,2023-12-17 00:00:00.000000,2024-01-22 00:00:00.000000,Departamento,Arriendo,agency
TT-2024-01-003953,toctoc,Santiago,Metropolitana,22.97,UF,71.7,2024-01-12 00:00:00.000000,2024-01-22 00:00:00.000000,departamento,Arriendo,owner_direct
TT-2024-01-001373,toctoc,Santiago,Metropolitana,17.7,UF,59.8,2023-12-15 00:00:00.000000,2024-01-08 00:00:00.000000,Departamento,arriendo,owner_direct
TT-2024-01-002704,toctoc,Ñuñoa,Metropolitana,19.73,UF,46.8,2024-01-05 00:00:00.000000,2024-01-15 00:00:00.000000,departamento,ARRIENDO,owner_direct
TT-2024-01-000672,toctoc,SANTIAGO,Metropolitana,14.59,UF,41.7,2023-11-30 00:00:00.000000,2024-01-01 00:00:00.000000,departamento,Arriendo,agency
TT-2024-01-000449,toctoc,Providencia,Metropolitana,22.57,UF,52.2,2023-12-15 00:00:00.000000,2024-01-01 00:00:00.000000,departamento,arriendo,agency
TT-2024-01-003012,toctoc,Las Condes,Metropolitana,1090000.0,CLP,57.5,2023-10-21 00:00:00.000000,2024-01-15 00:00:00.000000,Departamento,arriendo,owner_direct
TT-2024-01-001322,toctoc,Santiago,Metropolitana,11.62,UF,26.9,2023-11-30 00:00:00.000000,2024-01-08 00:00:00.000000,DEPARTAMENTO,ARRIENDO,owner_direct
TT-2024-01-004833,toctoc,La Reina,Metropolitana,33.51,UF,89.1,2024-01-10 00:00:00.000000,2024-01-29 00:00:00.000000,Departamento,ARRIENDO,agency
TT-2024-01-004351,toctoc,Maipú,Metropolitana,26.35,UF,132.9,2024-01-09 00:00:00.000000,2024-01-22 00:00:00.000000,DEPARTAMENTO,arriendo,agency
TT-2024-01-005219,toctoc,Ñuñoa,Metropolitana,15.68,UF,21.7,2023-12-28 00:00:00.000000,2024-01-29 00:00:00.000000,departamento,ARRIENDO,owner_direct
TT-2024-01-001672,toctoc,Renca,Metropolitana,365000.0,CLP,44.2,2023-12-09 00:00:00.000000,2024-01-08 00:00:00.000000,departamento,ARRIENDO,agency
TT-2024-01-003472,toctoc,LA CISTERNA,Metropolitana,14.19,UF,58.5,2023-12-23 00:00:00.000000,2024-01-22 00:00:00.000000,Departamento,Arriendo,owner_direct
TT-2024-01-000020,toctoc,La Cisterna,Metropolitana,17.3,UF,79.6,2023-12-11 00:00:00.000000,2024-01-01 00:00:00.000000,departamento,Arriendo,agency
TT-2024-01-000579,toctoc,Ñuñoa,Metropolitana,21.76,UF,55.8,2023-11-22 00:00:00.000000,2024-01-01 00:00:00.000000,Departamento,ARRIENDO,agency
TT-2024-01-002789,toctoc,La Florida,Metropolitana,610000.0,CLP,47.9,2023-12-20 00:00:00.000000,2024-01-15 00:00:00.000000,Departamento,arriendo,agency
TT-2024-01-003318,toctoc,Santiago,Metropolitana,18.92,UF,51.3,2023-11-16 00:00:00.000000,2024-01-22 00:00:00.000000,DEPARTAMENTO,Arriendo,agency
TT-2024-01-002244,toctoc,Estación Central,Metropolitana,15.0,UF,55.5,2023-11-29 00:00:00.000000,2024-01-08 00:00:00.000000,departamento,arriendo,agency
TT-2024-01-000589,toctoc,Santiago,Metropolitana,15.41,UF,40.4,2023-11-25 00:00:00.000000,2024-01-01 00:00:00.000000,DEPARTAMENTO,arriendo,owner_direct
TT-2024-01-003742,toctoc, Las Condes,Metropolitana,26.76,UF,37.8,2023-06-19 00:00:00.000000,2024-01-22 00:00:00.000000,DEPARTAMENTO,ARRIENDO,agency
TT-2024-01-004410,toctoc,Recoleta,Metropolitana,485000.0,CLP,55.2,2023-08-05 00:00:00.000000,2024-01-29 00:00:00.000000,departamento,Arriendo,agency
TT-2024-01-003044,toctoc,Ñuñoa,Metropolitana,21.62,UF,67.4,2023-12-28 00:00:00.000000,2024-01-15 00:00:00.000000,departamento,arriendo,agency
TT-2024-01-001497,toctoc,Estación Central,Metropolitana,10.41,UF,31.0,2023-12-05 00:00:00.000000,2024-01-08 00:00:00.000000,DEPARTAMENTO,ARRIENDO,agency
TT-2024-01-002965,toctoc,Maipú,Metropolitana,625000.0,CLP,81.0,2023-11-22 00:00:00.000000,2024-01-15 00:00:00.000000,departamento,Arriendo,agency
TT-2024-01-000073,toctoc,Ñuñoa,Metropolitana,480000.0,CLP,28.4,2023-11-27 00:00:00.000000,2024-01-01 00:00:00.000000,departamento,Arriendo,agency
TT-2024-01-003920,toctoc,Ñuñoa,Metropolitana,1170000.0,CLP,109.9,2024-01-12 00:00:00.000000,2024-01-22 00:00:00.000000,Departamento,Arriendo,owner_direct
TT-2024-01-000597,toctoc,San Miguel,Metropolitana,15.68,UF,49.6,2023-11-23 00:00:00.000000,2024-01-01 00:00:00.000000,DEPARTAMENTO,ARRIENDO,agency
TT-2024-01-005312,toctoc,La Florida ,Metropolitana,575000.0,CLP,67.6,2024-01-21 00:00:00.000000,2024-01-29 00:00:00.000000,departamento,Arriendo,agency
TT-2024-01-004707,toctoc,Santiago,Metropolitana,14.86,UF,44.0,2023-12-20 00:00:00.000000,2024-01-29 00:00:00.000000,departamento,Arriendo,agency
TT-2024-01-001528,toctoc,Maipú,Metropolitana,10.95,UF,21.3,2023-11-07 00:00:00.000000,2024-01-08 00:00:00.000000,Departamento,Arriendo,agency
TT-2024-01-005203,toctoc,Ñuñoa,Metropolitana,16.35,UF,34.1,2023-11-15 00:00:00.000000,2024-01-29 00:00:00.000000,Departamento,Arriendo,agency
TT-2024-01-003996,toctoc,Santiago,Metropolitana,515000.0,CLP,33.7,2023-12-22 00:00:00.000000,2024-01-22 00:00:00.000000,Departamento,arriendo,owner_direct
TT-2024-01-004227,toctoc,San Miguel,Metropolitana,740000.0,CLP,71.8,2023-12-18 00:00:00.000000,2024-01-22 00:00:00.000000,DEPARTAMENTO,Arriendo,agency
TT-2024-01-001140,toctoc,Ñuñoa,Metropolitana,860000.0,CLP,65.8,2023-12-12 00:00:00.000000,2024-01-01 00:00:00.000000,Departamento,ARRIENDO,owner_direct
TT-2024-01-003145,toctoc,Estación Central,Metropolitana,18.65,UF,67.1,2023-12-22 00:00:00.000000,2024-01-15 00:00:00.000000,Departamento,ARRIENDO,agency
TT-2024-01-002841,toctoc,providencia,Metropolitana,650000.0,CLP,46.1,2024-01-11 00:00:00.000000,2024-01-15 00:00:00.000000,Departamento,arriendo,agency
TT-2024-01-004965,toctoc,Quilicura,Metropolitana,12.43,UF,37.0,2024-01-16 00:00:00.000000,2024-01-29 00:00:00.000000,Departamento,arriendo,agency
TT-2024-01-002525,toctoc,Santiago,Metropolitana,615000.0,CLP,44.0,2023-08-26 00:00:00.000000,2024-01-15 00:00:00.000000,departamento,Arriendo,agency
TT-2024-01-004516,toctoc,Macul,Metropolitana,15.41,UF,54.9,2024-01-15 00:00:00.000000,2024-01-29 00:00:00.000000,departamento,arriendo,agency
TT-2024-01-003715,toctoc,Vitacura,Metropolitana,1735000.0,CLP,91.2,2023-12-13 00:00:00.000000,2024-01-22 00:00:00.000000,DEPARTAMENTO,arriendo,owner_direct
TT-2024-01-000316,toctoc,Maipú,Metropolitana,17.16,UF,66.1,2023-12-19 00:00:00.000000,2024-01-01 00:00:00.000000,Departamento,arriendo,owner_direct
TT-2024-01-005380,toctoc,Santiago,Metropolitana,29.46,UF,116.6,2024-01-05 00:00:00.000000,2024-01-29 00:00:00.000000,departamento,ARRIENDO,agency
TT-2024-01-002596,toctoc,Providencia,Metropolitana,1055000.0,CLP,67.6,2024-01-06 00:00:00.000000,2024-01-15 00:00:00.000000,DEPARTAMENTO,arriendo,agency
TT-2024-01-002198,toctoc,La Reina,Metropolitana,935000.0,CLP,65.7,2023-11-09 00:00:00.000000,2024-01-08 00:00:00.000000,Departamento,arriendo,owner_direct
TT-2024-01-004676,toctoc,Providencia,Metropolitana,34.86,UF,77.8,2024-01-17 00:00:00.000000,2024-01-29 00:00:00.000000,DEPARTAMENTO,arriendo,agency
TT-2024-01-001321,toctoc,Las Condes,Metropolitana,1055000.0,CLP,65.6,2023-12-04 00:00:00.000000,2024-01-08 00:00:00.000000,departamento,ARRIENDO,agency
TT-2024-01-001636,toctoc,Estación Central,Metropolitana,12.7,UF,51.0,2023-11-24 00:00:00.000000,2024-01-08 00:00:00.000000,departamento,Arriendo,agency
TT-2024-01-001280,toctoc,Santiago,Metropolitana,19.32,UF,63.5,2023-12-04 00:00:00.000000,2024-01-08 00:00:00.000000,Departamento,arriendo,agency
TT-2024-01-002897,toctoc,Santiago,Metropolitana,17.43,UF,52.7,2023-12-25 00:00:00.000000,2024-01-15 00:00:00.000000,Departamento,arriendo,owner_direct
TT-2024-01-005220,toctoc,La Florida,Metropolitana,9.59,UF,22.5,2024-01-27 00:00:00.000000,2024-01-29 00:00:00.000000,DEPARTAMENTO,ARRIENDO,owner_direct
TT-2024-01-002714,toctoc,Maipú,Metropolitana,400000.0,CLP,32.9,2024-01-05 00:00:00.000000,2024-01-15 00:00:00.000000,Departamento,arriendo,agency
TT-2024-01-000210,toctoc,Macul,Metropolitana,15.0,UF,47.5,2023-11-24 00:00:00.000000,2024-01-01 00:00:00.000000,DEPARTAMENTO,ARRIENDO,owner_direct
TT-2024-01-005354,toctoc,Recoleta,Metropolitana,410000.0,CLP,35.9,2024-01-05 00:00:00.000000,2024-01-29 00:00:00.000000,departamento,ARRIENDO,agency
TT-2024-01-001299,toctoc,Macul,Metropolitana,14.86,UF,46.4,2023-12-19 00:00:00.000000,2024-01-08 00:00:00.000000,Departamento,ARRIENDO,agency
TT-2024-01-003610,toctoc,Recoleta,Metropolitana,10.81,UF,40.1,2024-01-11 00:00:00.000000,2024-01-22 00:00:00.000000,departamento,arriendo,owner_direct
TT-2024-01-000598,toctoc,Pudahuel,Metropolitana,15.27,UF,68.4,2023-12-24 00:00:00.000000,2024-01-01 00:00:00.000000,DEPARTAMENTO,Arriendo,owner_direct
TT-2024-01-005186,toctoc,Ñuñoa,Metropolitana,620000.0,CLP,32.0,2024-01-12 00:00:00.000000,2024-01-29 00:00:00.000000,DEPARTAMENTO,Arriendo,agency
TT-2024-01-001369,toctoc,Santiago,Metropolitana,15.27,UF,37.3,2023-12-13 00:00:00.000000,2024-01-08 00:00:00.000000,Departamento,Arriendo,agency
TT-2024-01-000539,toctoc,La Reina,Metropolitana,620000.0,CLP,35.1,2023-09-03 00:00:00.000000,2024-01-01 00:00:00.000000,DEPARTAMENTO,ARRIENDO,agency
TT-2024-01-004758,toctoc,Las Condes,Metropolitana,1105000.0,CLP,55.5,2024-01-06 00:00:00.000000,2024-01-29 00:00:00.000000,departamento,arriendo,agency
TT-2024-01-004198,toctoc,estación central,Metropolitana,630000.0,CLP,86.2,2024-01-20 00:00:00.000000,2024-01-22 00:00:00.000000,Departamento,Arriendo,agency
TT-2024-01-000048,toctoc,San Joaquín,Metropolitana,11.89,UF,28.3,2023-11-05 00:00:00.000000,2024-01-01 00:00:00.000000,DEPARTAMENTO,arriendo,agency
TT-2024-01-003298,toctoc,La Cisterna,Metropolitana,9.59,UF,30.1,2024-01-07 00:00:00.000000,2024-01-22 00:00:00.000000,departamento,ARRIENDO,owner_direct
TT-2024-01-001858,toctoc,Lo Barnechea,Metropolitana,32.03,UF,69.8,2023-10-13 00:00:00.000000,2024-01-08 00:00:00.000000,DEPARTAMENTO,Arriendo,agency
TT-2024-01-004483,toctoc,Ñuñoa,Metropolitana,1180000.0,CLP,87.0,2024-01-11 00:00:00.000000,2024-01-29 00:00:00.000000,DEPARTAMENTO,ARRIENDO,owner_direct
TT-2024-01-005051,toctoc,La Florida,Metropolitana,15.27,UF,50.5,2024-01-15 00:00:00.000000,2024-01-29 00:00:00.000000,DEPARTAMENTO,ARRIENDO,agency
TT-2024-01-004680,toctoc,Peñalolén,Metropolitana,14.05,UF,45.9,2024-01-09 00:00:00.000000,2024-01-29 00:00:00.000000,Departamento,ARRIENDO,
TT-2024-01-005260,toctoc,Quilicura,Metropolitana,585000.0,CLP,83.2,2023-12-01 00:00:00.000000,2024-01-29 00:00:00.000000,Departamento,Arriendo,agency
TT-2024-01-005428,toctoc,La Florida,Metropolitana,720000.0,CLP,75.2,2024-01-19 00:00:00.000000,2024-01-29 00:00:00.000000,Departamento,Arriendo,agency
TT-2024-01-000363,toctoc,Macul,Metropolitana,15.68,UF,51.7,2023-12-25 00:00:00.000000,2024-01-01 00:00:00.000000,DEPARTAMENTO,ARRIENDO,owner_direct
TT-2024-01-003543,toctoc,Puente Alto ,Metropolitana,350000.0,CLP,40.3,2024-01-05 00:00:00.000000,2024-01-22 00:00:00.000000,departamento,ARRIENDO,owner_direct
TT-2024-01-002634,toctoc,Conchalí,Metropolitana,25.41,UF,42.4,2023-12-13 00:00:00.000000,2024-01-15 00:00:00.000000,Departamento,ARRIENDO,agency
TT-2024-01-001511,toctoc,Providencia,Metropolitana,26.35,UF,62.1,2023-12-29 00:00:00.000000,2024-01-08 00:00:00.000000,departamento,Arriendo,agency
TT-2024-01-003810,toctoc,Santiago,Metropolitana,21.76,UF,64.6,2023-12-09 00:00:00.000000,2024-01-22 00:00:00.000000,Departamento,arriendo,agency
TT-2024-01-002555,toctoc,San Joaquín,Metropolitana,15.41,UF,61.5,2024-01-01 00:00:00.000000,2024-01-15 00:00:00.000000,Departamento,ARRIENDO,agency
TT-2024-01-000295,toctoc,La Cisterna,Metropolitana,555000.0,CLP,54.7,2023-11-17 00:00:00.000000,2024-01-01 00:00:00.000000,departamento,Arriendo,agency
TT-2024-01-001483,toctoc,Puente Alto,Metropolitana,13.24,UF,52.4,2024-01-03 00:00:00.000000,2024-01-08 00:00:00.000000,Departamento,Arriendo,agency
TT-2024-01-002455,toctoc,Ñuñoa,Metropolitana,17.16,UF,44.4,2023-11-25 00:00:00.000000,2024-01-15 00:00:00.000000,departamento,arriendo,agency
TT-2024-01-001628,toctoc, Ñuñoa,Metropolitana,650000.0,CLP,39.0,2023-12-26 00:00:00.000000,2024-01-08 00:00:00.000000,Departamento,ARRIENDO,agency
TT-2024-01-003232,toctoc,Santiago,Metropolitana,810000.0,CLP,70.0,2024-01-10 00:00:00.000000,2024-01-15 00:00:00.000000,departamento,ARRIENDO,owner_direct
TT-2024-01-000728,toctoc,Independencia,Metropolitana,14.05,UF,45.2,2023-12-26 00:00:00.000000,2024-01-01 00:00:00.000000,DEPARTAMENTO,ARRIENDO,owner_direct
TT-2024-01-003842,toctoc,Maipú,Metropolitana,27.03,UF,151.1,2023-11-22 00:00:00.000000,2024-01-22 00:00:00.000000,DEPARTAMENTO,ARRIENDO,agency
TT-2024-01-003130,toctoc,Estación Central,Metropolitana,475000.0,CLP,36.5,2023-08-09 00:00:00.000000,2024-01-15 00:00:00.000000,DEPARTAMENTO,Arriendo,owner_direct
TT-2024-01-001847,toctoc,Huechuraba,Metropolitana,18.38,UF,55.9,2023-12-01 00:00:00.000000,2024-01-08 00:00:00.000000,DEPARTAMENTO,ARRIENDO,agency
TT-2024-01-001950,toctoc,Puente Alto,Metropolitana,3520000.0,CLP,650.0,2023-12-18 00:00:00.000000,2024-01-08 00:00:00.000000,Departamento,ARRIENDO,agency
TT-2024-01-002971,toctoc,La Florida,Metropolitana,16.62,UF,66.5,2023-07-21 00:00:00.000000,2024-01-15 00:00:00.000000,departamento,ARRIENDO,
TT-2024-01-001760,toctoc,Las Condes,Metropolitana,21.49,UF,32.1,2024-01-01 00:00:00.000000,2024-01-08 00:00:00.000000,Departamento,Arriendo,owner_direct
TT-2024-01-001729,toctoc, Santiago,Metropolitana,630000.0,CLP,49.8,2023-12-30 00:00:00.000000,2024-01-08 00:00:00.000000,Departamento,ARRIENDO,owner_direct
TT-2024-01-003614,toctoc,Las Condes,Metropolitana,1185000.0,CLP,47.0,2023-08-16 00:00:00.000000,2024-01-22 00:00:00.000000,DEPARTAMENTO,Arriendo,agency
TT-2024-01-000657,toctoc,Santiago,Metropolitana,13.65,UF,37.3,2023-12-25 00:00:00.000000,2024-01-01 00:00:00.000000,DEPARTAMENTO,arriendo,owner_direct
TT-2024-01-002501,toctoc,Renca,Metropolitana,330000.0,CLP,43.6,2023-12-23 00:00:00.000000,2024-01-15 00:00:00.000000,departamento,arriendo,agency
TT-2024-01-002861,toctoc,Recoleta,Metropolitana,670000.0,CLP,76.3,2023-12-19 00:00:00.000000,2024-01-15 00:00:00.000000,departamento,ARRIENDO,agency
TT-2024-01-001282,toctoc,San Miguel,Metropolitana,475000.0,CLP,38.8,2023-12-16 00:00:00.000000,2024-01-08 00:00:00.000000,DEPARTAMENTO,arriendo,agency
TT-2024-01-002296,toctoc,Quinta Normal,Metropolitana,410000.0,CLP,41.7,2023-12-23 00:00:00.000000,2024-01-08 00:00:00.000000,Departamento,Arriendo,owner_direct
TT-2024-01-005281,toctoc,Vitacura,Metropolitana,825000.0,CLP,47.9,2024-01-12 00:00:00.000000,2024-01-29 00:00:00.000000,Departamento,Arriendo,agency
TT-2024-01-004167,toctoc,Providencia,Metropolitana,1175000.0,CLP,53.2,2024-01-12 00:00:00.000000,2024-01-22 00:00:00.000000,DEPARTAMENTO,arriendo,agency
TT-2024-01-000155,toctoc,Santiago,Metropolitana,11.35,UF,24.5,2023-10-06 00:00:00.000000,2024-01-01 00:00:00.000000,Departamento,Arriendo,agency
TT-2024-01-000429,toctoc,Las Condes,Metropolitana,22.03,UF,27.5,2023-12-22 00:00:00.000000,2024-01-01 00:00:00.000000,DEPARTAMENTO,ARRIENDO,owner_direct
TT-2024-01-000659,toctoc,Pudahuel,Metropolitana,475000.0,CLP,51.9,2023-12-16 00:00:00.000000,2024-01-01 00:00:00.000000,Departamento,Arriendo,owner_direct
TT-2024-01-004301,toctoc,Las Condes,Metropolitana,19.59,UF,24.2,2023-12-29 00:00:00.000000,2024-01-22 00:00:00.000000,departamento,ARRIENDO,owner_direct
TT-2024-01-003659,toctoc,Estación Central,Metropolitana,15.95,UF,65.2,2023-12-23 00:00:00.000000,2024-01-22 00:00:00.000000,Departamento,ARRIENDO,agency
TT-2024-01-001266,toctoc,San Miguel,Metropolitana,12.97,UF,40.3,2023-12-19 00:00:00.000000,2024-01-08 00:00:00.000000,Departamento,Arriendo,agency
TT-2024-01-002875,toctoc,La Reina,Metropolitana,835000.0,CLP,65.0,2023-12-31 00:00:00.000000,2024-01-15 00:00:00.000000,Departamento,arriendo,agency
TT-2024-01-004353,toctoc,Santiago,Metropolitana,17.16,UF,56.2,2024-01-19 00:00:00.000000,2024-01-29 00:00:00.000000,DEPARTAMENTO,Arriendo,owner_direct
TT-2024-01-001965,toctoc,Ñuñoa,Metropolitana,17.03,UF,43.7,2023-12-31 00:00:00.000000,2024-01-08 00:00:00.000000,Departamento,ARRIENDO,owner_direct
TT-2024-01-002610,toctoc,La Reina,Metropolitana,21.49,UF,57.4,2024-01-03 00:00:00.000000,2024-01-15 00:00:00.000000,departamento,Arriendo,agency
TT-2024-01-003804,toctoc,La Florida,Metropolitana,13.78,UF,49.1,2023-12-12 00:00:00.000000,2024-01-22 00:00:00.000000,DEPARTAMENTO,arriendo,agency
TT-2024-01-003193,toctoc,Independencia,Metropolitana,12.43,UF,52.2,2023-10-29 00:00:00.000000,2024-01-15 00:00:00.000000,departamento,Arriendo,agency
TT-2024-01-002464,toctoc,La Florida,Metropolitana,14.59,UF,35.7,2024-01-06 00:00:00.000000,2024-01-15 00:00:00.000000,DEPARTAMENTO,ARRIENDO,agency
TT-2024-01-004344,toctoc,Ñuñoa,Metropolitana,15.81,UF,43.0,2023-12-11 00:00:00.000000,2024-01-22 00:00:00.000000,Departamento,Arriendo,agency
TT-2024-01-002114,toctoc,Recoleta,Metropolitana,460000.0,CLP,54.9,2023-12-24 00:00:00.000000,2024-01-08 00:00:00.000000,DEPARTAMENTO,Arriendo,agency
TT-2024-01-000415,toctoc,Peñalolén,Metropolitana,10.0,UF,24.1,2023-08-18 00:00:00.000000,2024-01-01 00:00:00.000000,Departamento,Arriendo,agency
TT-2024-01-002445,toctoc,La Cisterna,Metropolitana,11.35,UF,26.0,2023-12-06 00:00:00.000000,2024-01-15 00:00:00.000000,departamento,Arriendo,agency
TT-2024-01-000830,toctoc,Conchalí,Metropolitana,19.46,UF,101.3,2023-12-09 00:00:00.000000,2024-01-01 00:00:00.000000,Departamento,Arriendo,agency
TT-2024-01-004002,toctoc,Santiago,Metropolitana,17.97,UF,53.7,2023-12-21 00:00:00.000000,2024-01-22 00:00:00.000000,DEPARTAMENTO,ARRIENDO,agency
TT-2024-01-004811,toctoc,Maipú,Metropolitana,15.95,UF,60.7,2023-12-22 00:00:00.000000,2024-01-29 00:00:00.000000,departamento,ARRIENDO,agency
TT-2024-01-002641,toctoc,Independencia,Metropolitana,13.38,UF,49.4,2023-12-18 00:00:00.000000,2024-01-15 00:00:00.000000,departamento,arriendo,agency
TT-2024-01-002806,toctoc,Maipú,Metropolitana,11.35,UF,30.8,2023-12-25 00:00:00.000000,2024-01-15 00:00:00.000000,departamento,arriendo,agency
TT-2024-01-004240,toctoc,Peñalolén,Metropolitana,14.73,UF,47.3,2023-10-25 00:00:00.000000,2024-01-22 00:00:00.000000,departamento,arriendo,owner_direct
TT-2024-01-002518,toctoc,San Miguel,Metropolitana,13.38,UF,37.1,2024-01-05 00:00:00.000000,2024-01-15 00:00:00.000000,departamento,Arriendo,agency
TT-2024-01-005093,toctoc,Santiago,Metropolitana,22.84,UF,83.5,2024-01-17 00:00:00.000000,2024-01-29 00:00:00.000000,departamento,arriendo,agency
TT-2024-01-001117,toctoc,La Florida,Metropolitana,17.16,UF,58.7,2023-12-27 00:00:00.000000,2024-01-01 00:00:00.000000,departamento,Arriendo,agency
TT-2024-01-003424,toctoc,La Florida,Metropolitana,12.16,UF,53.9,2023-12-26 00:00:00.000000,2024-01-22 00:00:00.000000,Departamento,Arriendo,agency
TT-2024-01-004431,toctoc,Vitacura,Metropolitana,1675000.0,CLP,98.0,2024-01-26 00:00:00.000000,2024-01-29 00:00:00.000000,DEPARTAMENTO,Arriendo,owner_direct
TT-2024-01-005319,toctoc,Peñalolén,Metropolitana,13.51,UF,48.8,2024-01-12 00:00:00.000000,2024-01-29 00:00:00.000000,departamento,ARRIENDO,agency
TT-2024-01-004656,toctoc,Puente Alto,Metropolitana,13.24,UF,44.3,2023-05-29 00:00:00.000000,2024-01-29 00:00:00.000000,Departamento,arriendo,agency
TT-2024-01-003035,toctoc,Macul,Metropolitana,18.24,UF,62.4,2023-12-09 00:00:00.000000,2024-01-15 00:00:00.000000,departamento,arriendo,agency
TT-2024-01-002799,toctoc,Peñalolén,Metropolitana,505000.0,CLP,42.7,2023-12-30 00:00:00.000000,2024-01-15 00:00:00.000000,Departamento,arriendo,agency
TT-2024-01-005229,toctoc,Renca,Metropolitana,8.92,UF,32.7,2024-01-04 00:00:00.000000,2024-01-29 00:00:00.000000,Departamento,Arriendo,agency
TT-2024-01-003204,toctoc,Maipú,Metropolitana,18.11,UF,82.3,2023-12-25 00:00:00.000000,2024-01-15 00:00:00.000000,departamento,Arriendo,owner_direct
TT-2024-01-005411,toctoc,Pudahuel,Metropolitana,13.92,UF,63.6,2024-01-04 00:00:00.000000,2024-01-29 00:00:00.000000,Departamento,arriendo,agency
TT-2024-01-003739,toctoc,San Miguel,Metropolitana,29.32,UF,37.3,2023-07-31 00:00:00.000000,2024-01-22 00:00:00.000000,Departamento,arriendo,agency
TT-2024-01-002072,toctoc,Ñuñoa,Metropolitana,620000.0,CLP,40.7,2023-12-31 00:00:00.000000,2024-01-08 00:00:00.000000,DEPARTAMENTO,arriendo,agency
TT-2024-01-003929,toctoc,Puente Alto,Metropolitana,415000.0,CLP,33.1,2023-12-31 00:00:00.000000,2024-01-22 00:00:00.000000,Departamento,arriendo,agency
TT-2024-01-004926,toctoc,Peñalolén,Metropolitana,4230000.0,CLP,30.9,2024-01-20 00:00:00.000000,2024-01-29 00:00:00.000000,departamento,arriendo,agency
TT-2024-01-001065,toctoc,Santiago,Metropolitana,18.65,UF,49.5,2023-12-14 00:00:00.000000,2024-01-01 00:00:00.000000,DEPARTAMENTO,Arriendo,agency
TT-2024-01-000131,toctoc,Independencia,Metropolitana,14.86,UF,69.1,2023-12-25 00:00:00.000000,2024-01-01 00:00:00.000000,departamento,ARRIENDO,agency
TT-2024-01-002164,toctoc,Peñalolén,Metropolitana,11.89,UF,36.0,2023-12-17 00:00:00.000000,2024-01-08 00:00:00.000000,DEPARTAMENTO,ARRIENDO,owner_direct
TT-2024-01-003286,toctoc,Santiago,Metropolitana,22.43,UF,69.6,2023-12-14 00:00:00.000000,2024-01-22 00:00:00.000000,departamento,Arriendo,agency
TT-2024-01-002987,toctoc,Santiago,Metropolitana,530000.0,CLP,32.2,2023-12-13 00:00:00.000000,2024-01-15 00:00:00.000000,DEPARTAMENTO,Arriendo,agency
TT-2024-01-000019,toctoc,Estación Central,Metropolitana,12.03,UF,47.1,2023-07-04 00:00:00.000000,2024-01-01 00:00:00.000000,DEPARTAMENTO,Arriendo,owner_direct
TT-2024-01-003872,toctoc,Lo Barnechea,Metropolitana,33.92,UF,69.5,2023-10-12 00:00:00.000000,2024-01-22 00:00:00.000000,DEPARTAMENTO,ARRIENDO,agency
TT-2024-01-001986,toctoc,Ñuñoa,Metropolitana,17.97,UF,41.9,2023-11-23 00:00:00.000000,2024-01-08 00:00:00.000000,DEPARTAMENTO,arriendo,agency
TT-2024-01-003180,toctoc,Las Condes,Metropolitana,855000.0,CLP,39.5,2024-01-11 00:00:00.000000,2024-01-15 00:00:00.000000,departamento,Arriendo,owner_direct
TT-2024-01-000980,toctoc,Independencia,Metropolitana,20.81,UF,76.8,2023-12-24 00:00:00.000000,2024-01-01 00:00:00.000000,departamento,arriendo,agency
TT-2024-01-001177,toctoc,Providencia,Metropolitana,23.51,UF,43.6,2023-12-01 00:00:00.000000,2024-01-01 00:00:00.000000,DEPARTAMENTO,arriendo,agency
TT-2024-01-001427,toctoc,Ñuñoa,Metropolitana,31.22,UF,112.4,2023-11-27 00:00:00.000000,2024-01-08 00:00:00.000000,DEPARTAMENTO,Arriendo,agency
TT-2024-01-003478,toctoc,La Reina,Metropolitana,860000.0,CLP,44.8,2023-08-02 00:00:00.000000,2024-01-22 00:00:00.000000,DEPARTAMENTO,Arriendo,owner_direct
TT-2024-01-000103,toctoc,San Joaquín,Metropolitana,13.78,UF,48.7,2023-12-20 00:00:00.000000,2024-01-01 00:00:00.000000,DEPARTAMENTO,Arriendo,agency
TT-2024-01-005006,toctoc,Santiago,Metropolitana,15.14,UF,48.4,2024-01-11 00:00:00.000000,2024-01-29 00:00:00.000000,Departamento,arriendo,agency
TT-2024-01-003413,toctoc,Huechuraba,Metropolitana,500000.0,CLP,33.8,2023-12-14 00:00:00.000000,2024-01-22 00:00:00.000000,departamento,Arriendo,agency
TT-2024-01-001833,toctoc,La Florida,Metropolitana,480000.0,CLP,40.0,2023-12-13 00:00:00.000000,2024-01-08 00:00:00.000000,DEPARTAMENTO,arriendo,agency
TT-2024-01-004397,toctoc,Ñuñoa,Metropolitana,22.16,UF,58.9,2023-12-12 00:00:00.000000,2024-01-29 00:00:00.000000,departamento,ARRIENDO,agency
TT-2024-01-003947,toctoc,Santiago,Metropolitana,565000.0,CLP,47.8,2023-12-23 00:00:00.000000,2024-01-22 00:00:00.000000,Departamento,Arriendo,owner_direct
TT-2024-01-003602,toctoc,Providencia,Metropolitana,29.32,UF,56.7,2023-12-24 00:00:00.000000,2024-01-22 00:00:00.000000,Departamento,arriendo,agency
TT-2024-01-000438,toctoc,Maipú,Metropolitana,16.35,UF,68.1,2023-12-16 00:00:00.000000,2024-01-01 00:00:00.000000,Departamento,Arriendo,owner_direct
TT-2024-01-003237,toctoc,Santiago,Metropolitana,22.43,UF,74.8,2023-12-25 00:00:00.000000,2024-01-15 00:00:00.000000,DEPARTAMENTO,arriendo,owner_direct
TT-2024-01-003218,toctoc,Ñuñoa,Metropolitana,555000.0,CLP,33.5,2023-11-22 00:00:00.000000,2024-01-15 00:00:00.000000,departamento,ARRIENDO,agency
TT-2024-01-005253,toctoc,Cerrillos,Metropolitana,615000.0,CLP,76.0,2024-01-23 00:00:00.000000,2024-01-29 00:00:00.000000,departamento,Arriendo,owner_direct
TT-2024-01-003264,toctoc,Macul,Metropolitana,500000.0,CLP,42.0,2024-01-08 00:00:00.000000,2024-01-15 00:00:00.000000,Departamento,Arriendo,agency
TT-2024-01-000582,toctoc,Santiago,Metropolitana,710000.0,CLP,61.6,2023-12-18 00:00:00.000000,2024-01-01 00:00:00.000000,departamento,Arriendo,agency
TT-2024-01-001930,toctoc,Cerrillos,Metropolitana,460000.0,CLP,47.6,2023-11-07 00:00:00.000000,2024-01-08 00:00:00.000000,DEPARTAMENTO,ARRIENDO,agency
TT-2024-01-000870,toctoc,Huechuraba,Metropolitana,26.49,UF,86.6,2023-12-21 00:00:00.000000,2024-01-01 00:00:00.000000,Departamento,ARRIENDO,agency
TT-2024-01-003919,toctoc,Independencia,Metropolitana,11.35,UF,38.6,2023-08-01 00:00:00.000000,2024-01-22 00:00:00.000000,Departamento,Arriendo,agency
TT-2024-01-002817,toctoc,Providencia,Metropolitana,25.54,UF,55.9,2023-12-26 00:00:00.000000,2024-01-15 00:00:00.000000,departamento,arriendo,owner_direct
TT-2024-01-001689,toctoc,Santiago,Metropolitana,980000.0,CLP,110.1,2023-11-09 00:00:00.000000,2024-01-08 00:00:00.000000,Departamento,arriendo,agency
TT-2024-01-004479,toctoc,Macul,Metropolitana,26.08,UF,102.3,2023-12-16 00:00:00.000000,2024-01-29 00:00:00.000000,Departamento,arriendo,owner_direct
TT-2024-01-004249,toctoc,Quinta Normal,Metropolitana,19.32,UF,69.8,2023-09-30 00:00:00.000000,2024-01-22 00:00:00.000000,departamento,ARRIENDO,owner_direct
TT-2024-01-002720,toctoc,Macul,Metropolitana,22.97,UF,76.1,2024-01-05 00:00:00.000000,2024-01-15 00:00:00.000000,DEPARTAMENTO,arriendo,agency
TT-2024-01-004953,toctoc,Santiago,Metropolitana,490000.0,CLP,40.4,2023-12-18 00:00:00.000000,2024-01-29 00:00:00.000000,departamento,ARRIENDO,agency
TT-2024-01-002417,toctoc,Peñalolén,Metropolitana,11.89,UF,35.1,2023-11-16 00:00:00.000000,2024-01-15 00:00:00.000000,Departamento,Arriendo,agency
TT-2024-01-005200,toctoc,La Florida,Metropolitana,15.14,UF,60.5,2024-01-11 00:00:00.000000,2024-01-29 00:00:00.000000,Departamento,ARRIENDO,agency
TT-2024-01-002503,toctoc,San Miguel,Metropolitana,14.19,UF,59.5,2023-12-24 00:00:00.000000,2024-01-15 00:00:00.000000,departamento,arriendo,agency
TT-2024-01-005206,toctoc,Independencia,Metropolitana,515000.0,CLP,48.9,2024-01-06 00:00:00.000000,2024-01-29 00:00:00.000000,departamento,ARRIENDO,agency
TT-2024-01-001223,toctoc,Macul,Metropolitana,985000.0,CLP,89.0,2023-12-05 00:00:00.000000,2024-01-08 00:00:00.000000,Departamento,Arriendo,agency
TT-2024-01-000955,toctoc,Conchalí,Metropolitana,440000.0,CLP,45.4,2023-12-18 00:00:00.000000,2024-01-01 00:00:00.000000,departamento,Arriendo,agency
TT-2024-01-002001,toctoc,Providencia,Metropolitana,27.3,UF,60.8,2023-12-15 00:00:00.000000,2024-01-08 00:00:00.000000,departamento,arriendo,agency
TT-2024-01-004549,toctoc,Santiago,Metropolitana,645000.0,CLP,49.3,2023-10-23 00:00:00.000000,2024-01-29 00:00:00.000000,departamento,arriendo,agency
TT-2024-01-001700,toctoc,San Joaquín,Metropolitana,9.73,UF,30.2,2023-12-31 00:00:00.000000,2024-01-08 00:00:00.000000,Departamento,Arriendo,owner_direct
TT-2024-01-001773,toctoc,La Florida,Metropolitana,520000.0,CLP,37.8,2023-06-12 00:00:00.000000,2024-01-08 00:00:00.000000,DEPARTAMENTO,arriendo,owner_direct
TT-2024-01-003854,toctoc,Providencia,Metropolitana,920000.0,CLP,35.4,2024-01-17 00:00:00.000000,2024-01-22 00:00:00.000000,DEPARTAMENTO,arriendo,owner_direct
TT-2024-01-000673,toctoc,Lo Barnechea,Metropolitana,28.51,UF,63.9,2023-09-24 00:00:00.000000,2024-01-01 00:00:00.000000,departamento,Arriendo,owner_direct
TT-2024-01-000611,toctoc,Santiago,Metropolitana,22.84,UF,83.5,2023-12-04 00:00:00.000000,2024-01-01 00:00:00.000000,departamento,Arriendo,agency
TT-2024-01-002581,toctoc,Las Condes,Metropolitana,22.57,UF,39.7,2023-11-23 00:00:00.000000,2024-01-15 00:00:00.000000,departamento,ARRIENDO,agency
TT-2024-01-005210,toctoc,Lo Barnechea,Metropolitana,21.08,UF,48.6,2023-12-24 00:00:00.000000,2024-01-29 00:00:00.000000,Departamento,ARRIENDO,agency
TT-2024-01-003071,toctoc,Santiago,Metropolitana,18.51,UF,61.1,2024-01-11 00:00:00.000000,2024-01-15 00:00:00.000000,DEPARTAMENTO,ARRIENDO,agency
TT-2024-01-001707,toctoc,Santiago,Metropolitana,21.22,UF,62.2,2023-10-28 00:00:00.000000,2024-01-08 00:00:00.000000,Departamento,arriendo,owner_direct
TT-2024-01-001688,toctoc,Recoleta,Metropolitana,800000.0,CLP,72.5,2023-09-22 00:00:00.000000,2024-01-08 00:00:00.000000,departamento,arriendo,owner_direct
TT-2024-01-001690,toctoc,Las Condes,Metropolitana,1055000.0,CLP,52.1,2024-01-01 00:00:00.000000,2024-01-08 00:00:00.000000,DEPARTAMENTO,arriendo,agency
TT-2024-01-000140,toctoc,La Reina,Metropolitana,20.54,UF,45.2,2023-11-26 00:00:00.000000,2024-01-01 00:00:00.000000,DEPARTAMENTO,arriendo,agency
TT-2024-01-003950,toctoc,Santiago,Metropolitana,17.03,UF,67.0,2023-12-25 00:00:00.000000,2024-01-22 00:00:00.000000,Departamento,ARRIENDO,agency
TT-2024-01-003485,toctoc,Maipú,Metropolitana,115.0,UF,47.1,2023-12-28 00:00:00.000000,2024-01-22 00:00:00.000000,Departamento,arriendo,agency
TT-2024-01-003080,toctoc,Estación Central,Metropolitana,10.27,UF,34.8,2023-12-27 00:00:00.000000,2024-01-15 00:00:00.000000,Departamento,arriendo,agency
TT-2024-01-000357,toctoc,Santiago,Metropolitana,550000.0,CLP,36.7,2023-10-25 00:00:00.000000,2024-01-01 00:00:00.000000,departamento,Arriendo,owner_direct
TT-2024-01-004303,toctoc,Conchalí,Metropolitana,605000.0,CLP,64.8,2024-01-11 00:00:00.000000,2024-01-22 00:00:00.000000,departamento,arriendo,owner_direct
TT-2024-01-000421,toctoc,Independencia,Metropolitana,15.68,UF,60.0,2023-11-25 00:00:00.000000,2024-01-01 00:00:00.000000,DEPARTAMENTO,Arriendo,agency
TT-2024-01-001653,toctoc,Conchalí,Metropolitana,620000.0,CLP,65.1,2023-12-19 00:00:00.000000,2024-01-08 00:00:00.000000,departamento,Arriendo,owner_direct
TT-2024-01-001006,toctoc,San Miguel,Metropolitana,18.11,UF,59.7,2023-07-23 00:00:00.000000,2024-01-01 00:00:00.000000,DEPARTAMENTO,ARRIENDO,agency
TT-2024-01-002046,toctoc,Peñalolén,Metropolitana,14.73,UF,48.8,2023-12-20 00:00:00.000000,2024-01-08 00:00:00.000000,DEPARTAMENTO,Arriendo,agency
TT-2024-01-004894,toctoc,La Florida,Metropolitana,11.62,UF,41.9,2023-12-15 00:00:00.000000,2024-01-29 00:00:00.000000,DEPARTAMENTO,arriendo,agency
TT-2024-01-002711,toctoc,Santiago,Metropolitana,16.62,UF,51.0,2024-01-04 00:00:00.000000,2024-01-15 00:00:00.000000,departamento,arriendo,agency
TT-2024-01-004393,toctoc,La Florida,Metropolitana,565000.0,CLP,51.7,2023-12-21 00:00:00.000000,2024-01-29 00:00:00.000000,Departamento,ARRIENDO,owner_direct
TT-2024-01-002566,toctoc,Estación Central,Metropolitana,460000.0,CLP,44.7,2024-01-05 00:00:00.000000,2024-01-15 00:00:00.000000,Departamento,ARRIENDO,agency
TT-2024-01-000021,toctoc,Ñuñoa,Metropolitana,16.76,UF,33.3,2023-12-04 00:00:00.000000,2024-01-01 00:00:00.000000,departamento,arriendo,owner_direct
TT-2024-01-002045,toctoc,Providencia,Metropolitana,25.95,UF,48.3,2023-12-15 00:00:00.000000,2024-01-08 00:00:00.000000,departamento,ARRIENDO,agency
TT-2024-01-000436,toctoc,Peñalolén,Metropolitana,470000.0,CLP,34.0,2023-12-14 00:00:00.000000,2024-01-01 00:00:00.000000,departamento,Arriendo,owner_direct
TT-2024-01-002513,toctoc,Santiago,Metropolitana,12.16,UF,29.8,2024-01-14 00:00:00.000000,2024-01-15 00:00:00.000000,departamento,Arriendo,owner_direct
TT-2024-01-004598,toctoc,Macul,Metropolitana,665000.0,CLP,62.0,2023-11-25 00:00:00.000000,2024-01-29 00:00:00.000000,departamento,arriendo,agency
TT-2024-01-001135,toctoc,lo barnechea,Metropolitana,23.65,UF,48.8,2023-12-14 00:00:00.000000,2024-01-01 00:00:00.000000,DEPARTAMENTO,ARRIENDO,agency
TT-2024-01-000085,toctoc,Independencia,Metropolitana,495000.0,CLP,42.2,2023-11-06 00:00:00.000000,2024-01-01 00:00:00.000000,Departamento,arriendo,owner_direct
TT-2024-01-003698,toctoc,Renca,Metropolitana,8.51,UF,36.9,2023-09-21 00:00:00.000000,2024-01-22 00:00:00.000000,DEPARTAMENTO,Arriendo,owner_direct
TT-2024-01-000260,toctoc,Peñalolén,Metropolitana,23.65,UF,108.2,2023-12-21 00:00:00.000000,2024-01-01 00:00:00.000000,departamento,arriendo,owner_direct
TT-2024-01-003577,toctoc,Santiago,Metropolitana,13.38,UF,40.9,2024-01-11 00:00:00.000000,2024-01-22 00:00:00.000000,departamento,arriendo,agency
TT-2024-01-003791,toctoc,Puente Alto,Metropolitana,13.24,UF,49.5,2024-01-02 00:00:00.000000,2024-01-22 00:00:00.000000,Departamento,Arriendo,agency
TT-2024-01-000146,toctoc,Lo Barnechea,Metropolitana,970000.0,CLP,55.3,2023-12-22 00:00:00.000000,2024-01-01 00:00:00.000000,Departamento,Arriendo,agency
TT-2024-01-005422,toctoc,Maipú,Metropolitana,610000.0,CLP,73.7,2023-11-17 00:00:00.000000,2024-01-29 00:00:00.000000,departamento,Arriendo,owner_direct
TT-2024-01-004421,toctoc,Peñalolén,Metropolitana,13.78,UF,45.7,2024-01-13 00:00:00.000000,2024-01-29 00:00:00.000000,Departamento,ARRIENDO,agency
TT-2024-01-005095,toctoc,La Florida,Metropolitana,670000.0,CLP,66.7,2023-12-19 00:00:00.000000,2024-01-29 00:00:00.000000,Departamento,ARRIENDO,owner_direct
TT-2024-01-003354,toctoc,Estación Central,Metropolitana,18.51,UF,78.6,2024-01-14 00:00:00.000000,2024-01-22 00:00:00.000000,departamento,ARRIENDO,agency
TT-2024-01-001581,toctoc,Santiago,Metropolitana,13.24,UF,33.0,2023-11-27 00:00:00.000000,2024-01-08 00:00:00.000000,Departamento,arriendo,agency
TT-2024-01-002741,toctoc,Las Condes,Metropolitana,22.97,UF,43.4,2024-01-07 00:00:00.000000,2024-01-15 00:00:00.000000,departamento,ARRIENDO,owner_direct
TT-2024-01-000897,toctoc,San Joaquín,Metropolitana,760000.0,CLP,84.2,2023-12-01 00:00:00.000000,2024-01-01 00:00:00.000000,Departamento,Arriendo,agency
TT-2024-01-005063,toctoc,San Miguel,Metropolitana,15.54,UF,64.0,2023-12-30 00:00:00.000000,2024-01-29 00:00:00.000000,DEPARTAMENTO,ARRIENDO,owner_direct
TT-2024-01-003927,toctoc,Conchalí,Metropolitana,500000.0,CLP,46.2,2023-12-07 00:00:00.000000,2024-01-22 00:00:00.000000,departamento,Arriendo,owner_direct
TT-2024-01-003110,toctoc,Estación Central,Metropolitana,10.81,UF,32.8,2024-01-05 00:00:00.000000,2024-01-15 00:00:00.000000,Departamento,Arriendo,owner_direct
TT-2024-01-004757,toctoc,Maipú,Metropolitana,530000.0,CLP,53.6,2024-01-14 00:00:00.000000,2024-01-29 00:00:00.000000,DEPARTAMENTO,Arriendo,owner_direct
TT-2024-01-003476,toctoc,Quinta Normal,Metropolitana,12.03,UF,41.6,2023-12-16 00:00:00.000000,2024-01-22 00:00:00.000000,DEPARTAMENTO,arriendo,agency
TT-2024-01-004262,toctoc,Las Condes,Metropolitana,20.27,UF,35.3,2024-01-13 00:00:00.000000,2024-01-22 00:00:00.000000,DEPARTAMENTO,Arriendo,agency
TT-2024-01-004367,toctoc,Recoleta,Metropolitana,375000.0,CLP,29.1,2024-01-14 00:00:00.000000,2024-01-29 00:00:00.000000,DEPARTAMENTO,arriendo,owner_direct
TT-2024-01-004291,toctoc,Lo Barnechea,Metropolitana,915000.0,CLP,59.4,2024-01-05 00:00:00.000000,2024-01-22 00:00:00.000000,Departamento,ARRIENDO,owner_direct
TT-2024-01-004544,toctoc,Pudahuel,Metropolitana,10.14,UF,45.6,2023-12-22 00:00:00.000000,2024-01-29 00:00:00.000000,DEPARTAMENTO,ARRIENDO,agency
TT-2024-01-001687,toctoc,La Florida,Metropolitana,635000.0,CLP,59.1,2023-12-22 00:00:00.000000,2024-01-08 00:00:00.000000,DEPARTAMENTO,ARRIENDO,owner_direct
TT-2024-01-000902,toctoc,San Miguel,Metropolitana,600000.0,CLP,45.6,2023-12-14 00:00:00.000000,2024-01-01 00:00:00.000000,DEPARTAMENTO,Arriendo,agency
TT-2024-01-001060,toctoc,Pudahuel,Metropolitana,17.3,UF,77.6,2023-12-13 00:00:00.000000,2024-01-01 00:00:00.000000,departamento,arriendo,owner_direct
TT-2024-01-004276,toctoc,La Florida,Metropolitana,14.59,UF,49.9,2023-11-23 00:00:00.000000,2024-01-22 00:00:00.000000,DEPARTAMENTO,arriendo,agency
TT-2024-01-004624,toctoc,Conchalí,Metropolitana,11.22,UF,40.2,2024-01-16 00:00:00.000000,2024-01-29 00:00:00.000000,Departamento,arriendo,agency
TT-2024-01-003297,toctoc,La Florida,Metropolitana,14.86,UF,55.4,2024-01-12 00:00:00.000000,2024-01-22 00:00:00.000000,DEPARTAMENTO,Arriendo,owner_direct
TT-2024-01-005436,toctoc,Ñuñoa,Metropolitana,21.35,UF,53.5,2023-12-25 00:00:00.000000,2024-01-29 00:00:00.000000,departamento,arriendo,owner_direct
TT-2024-01-004399,toctoc,Peñalolén,Metropolitana,14.46,UF,43.4,2024-01-23 00:00:00.000000,2024-01-29 00:00:00.000000,DEPARTAMENTO,Arriendo,agency
TT-2024-01-004356,toctoc,Estación Central,Metropolitana,13.38,UF,44.1,2023-12-12 00:00:00.000000,2024-01-29 00:00:00.000000,departamento,arriendo,agency
TT-2024-01-003216,toctoc,La Reina ,Metropolitana,1000000.0,CLP,62.1,2023-12-01 00:00:00.000000,2024-01-15 00:00:00.000000,Departamento,ARRIENDO,agency
TT-2024-01-000866,toctoc,Pudahuel,Metropolitana,11.89,UF,45.5,2023-12-07 00:00:00.000000,2024-01-01 00:00:00.000000,DEPARTAMENTO,arriendo,agency
TT-2024-01-000227,toctoc,Lo Barnechea,Metropolitana,21.08,UF,45.6,2023-12-21 00:00:00.000000,2024-01-01 00:00:00.000000,DEPARTAMENTO,ARRIENDO,agency
TT-2024-01-002774,toctoc,Estación Central,Metropolitana,495000.0,CLP,62.6,2023-12-09 00:00:00.000000,2024-01-15 00:00:00.000000,DEPARTAMENTO,arriendo,agency
TT-2024-01-000922,toctoc,Independencia,Metropolitana,13.11,UF,39.6,2023-12-20 00:00:00.000000,2024-01-01 00:00:00.000000,DEPARTAMENTO,Arriendo,owner_direct
TT-2024-01-000921,toctoc,Macul,Metropolitana,24.19,UF,89.2,2023-12-10 00:00:00.000000,2024-01-01 00:00:00.000000,Departamento,ARRIENDO,owner_direct
TT-2024-01-000368,toctoc,Las Condes,Metropolitana,1115000.0,CLP,92.6,2023-12-20 00:00:00.000000,2024-01-01 00:00:00.000000,departamento,arriendo,owner_direct
TT-2024-01-001118,toctoc,Providencia,Metropolitana,27.03,UF,44.8,2023-12-22 00:00:00.000000,2024-01-01 00:00:00.000000,departamento,Arriendo,agency
TT-2024-01-001113,toctoc,Estación Central,Metropolitana,550000.0,CLP,50.9,2023-12-27 00:00:00.000000,2024-01-01 00:00:00.000000,departamento,arriendo,owner_direct
TT-2024-01-005441,toctoc,Las Condes,Metropolitana,1000000.0,CLP,49.4,2024-01-20 00:00:00.000000,2024-01-29 00:00:00.000000,DEPARTAMENTO,Arriendo,agency
TT-2024-01-004283,toctoc,Quinta Normal,Metropolitana,600000.0,CLP,64.0,2024-01-17 00:00:00.000000,2024-01-22 00:00:00.000000,DEPARTAMENTO,Arriendo,owner_direct
TT-2024-01-001819,toctoc,Recoleta,Metropolitana,14.59,UF,54.2,2023-12-27 00:00:00.000000,2024-01-08 00:00:00.000000,departamento,ARRIENDO,agency
TT-2024-01-001540,toctoc,VITACURA,Metropolitana,840000.0,CLP,32.2,2023-08-18 00:00:00.000000,2024-01-08 00:00:00.000000,DEPARTAMENTO,arriendo,agency
TT-2024-01-004001,toctoc,Providencia,Metropolitana,1125000.0,CLP,57.1,2024-01-04 00:00:00.000000,2024-01-22 00:00:00.000000,departamento,Arriendo,owner_direct
TT-2024-01-000693,toctoc,Las Condes,Metropolitana,28.24,UF,56.5,2023-11-16 00:00:00.000000,2024-01-01 00:00:00.000000,DEPARTAMENTO,ARRIENDO,agency
TT-2024-01-002909,toctoc,Ñuñoa,Metropolitana,825000.0,CLP,50.2,2023-12-13 00:00:00.000000,2024-01-15 00:00:00.000000,departamento,ARRIENDO,agency
TT-2024-01-000678,toctoc,La Florida,Metropolitana,900000.0,CLP,97.7,2023-12-31 00:00:00.000000,2024-01-01 00:00:00.000000,DEPARTAMENTO,Arriendo,agency
TT-2024-01-000279,toctoc,Huechuraba,Metropolitana,12.7,UF,30.0,2023-12-15 00:00:00.000000,2024-01-01 00:00:00.000000,Departamento,arriendo,agency
TT-2024-01-002350,toctoc,Peñalolén,Metropolitana,21.22,UF,93.9,2023-11-28 00:00:00.000000,2024-01-08 00:00:00.000000,Departamento,Arriendo,
TT-2024-01-000586,toctoc,Recoleta,Metropolitana,510000.0,CLP,38.3,2023-12-15 00:00:00.000000,2024-01-01 00:00:00.000000,Departamento,ARRIENDO,agency
TT-2024-01-003253,toctoc,Santiago,Metropolitana,19.59,UF,50.8,2024-01-05 00:00:00.000000,2024-01-15 00:00:00.000000,DEPARTAMENTO,ARRIENDO,agency
TT-2024-01-001133,toctoc,La Reina,Metropolitana,19.59,UF,59.6,2023-11-20 00:00:00.000000,2024-01-01 00:00:00.000000,departamento,arriendo,owner_direct
TT-2024-01-005423,toctoc,Estación Central,Metropolitana,14.05,UF,57.2,2024-01-16 00:00:00.000000,2024-01-29 00:00:00.000000,Departamento,arriendo,agency
TT-2024-01-004827,toctoc,La Florida,Metropolitana,18.24,UF,57.4,2024-01-19 00:00:00.000000,2024-01-29 00:00:00.000000,Departamento,ARRIENDO,owner_direct
TT-2024-01-002509,toctoc,Renca,Metropolitana,10.54,UF,41.2,2024-01-11 00:00:00.000000,2024-01-15 00:00:00.000000,DEPARTAMENTO,Arriendo,agency
TT-2024-01-000302,toctoc,La Florida,Metropolitana,430000.0,CLP,28.9,2023-12-18 00:00:00.000000,2024-01-01 00:00:00.000000,Departamento,arriendo,agency
TT-2024-01-003394,toctoc,Santiago,Metropolitana,23.65,UF,94.0,2023-11-28 00:00:00.000000,2024-01-22 00:00:00.000000,Departamento,Arriendo,agency
TT-2024-01-000006,toctoc,San Miguel,Metropolitana,13.38,UF,43.0,2023-11-20 00:00:00.000000,2024-01-01 00:00:00.000000,Departamento,arriendo,agency
TT-2024-01-000855,toctoc,La Reina,Metropolitana,630000.0,CLP,30.1,2023-12-24 00:00:00.000000,2024-01-01 00:00:00.000000,Departamento,arriendo,agency
TT-2024-01-001786,toctoc,Renca,Metropolitana,3585000.0,CLP,41.3,2023-12-19 00:00:00.000000,2024-01-08 00:00:00.000000,Departamento,Arriendo,agency
TT-2024-01-005421,toctoc,La Reina,Metropolitana,19.32,UF,28.3,2024-01-19 00:00:00.000000,2024-01-29 00:00:00.000000,Departamento,ARRIENDO,owner_direct
TT-2024-01-004380,toctoc,Peñalolén,Metropolitana,475000.0,CLP,39.0,2023-12-28 00:00:00.000000,2024-01-29 00:00:00.000000,departamento,Arriendo,agency
TT-2024-01-000216,toctoc,Huechuraba,Metropolitana,560000.0,CLP,64.8,2023-12-03 00:00:00.000000,2024-01-01 00:00:00.000000,DEPARTAMENTO,arriendo,agency
TT-2024-01-004480,toctoc,Santiago,Metropolitana,17.3,UF,50.6,2024-01-06 00:00:00.000000,2024-01-29 00:00:00.000000,departamento,ARRIENDO,agency
TT-2024-01-002574,toctoc,Providencia,Metropolitana,32.84,UF,83.5,2023-11-27 00:00:00.000000,2024-01-15 00:00:00.000000,DEPARTAMENTO,Arriendo,agency
TT-2024-01-003725,toctoc,La Cisterna,Metropolitana,22.3,UF,114.4,2023-09-15 00:00:00.000000,2024-01-22 00:00:00.000000,Departamento,Arriendo,agency
TT-2024-01-000405,toctoc,La Cisterna,Metropolitana,625000.0,CLP,66.6,2023-11-17 00:00:00.000000,2024-01-01 00:00:00.000000,departamento,Arriendo,agency
TT-2024-01-005286,toctoc,Quilicura,Metropolitana,705000.0,CLP,110.9,2024-01-23 00:00:00.000000,2024-01-29 00:00:00.000000,Departamento,Arriendo,agency
TT-2024-01-005412,toctoc,Santiago,Metropolitana,18.92,UF,62.5,2023-12-28 00:00:00.000000,2024-01-29 00:00:00.000000,departamento,Arriendo,owner_direct
TT-2024-01-001150,toctoc,Ñuñoa,Metropolitana,22.43,UF,57.3,2023-12-12 00:00:00.000000,2024-01-01 00:00:00.000000,Departamento,Arriendo,agency
TT-2024-01-003847,toctoc,San Joaquín,Metropolitana,15.54,UF,52.2,2024-01-06 00:00:00.000000,2024-01-22 00:00:00.000000,DEPARTAMENTO,arriendo,owner_direct
TT-2024-01-003993,toctoc,Ñuñoa,Metropolitana,24.46,UF,76.4,2024-01-12 00:00:00.000000,2024-01-22 00:00:00.000000,Departamento,ARRIENDO,agency
TT-2024-01-003450,toctoc,Ñuñoa,Metropolitana,21.89,UF,77.2,2023-10-06 00:00:00.000000,2024-01-22 00:00:00.000000,departamento,ARRIENDO,agency
TT-2024-01-000925,toctoc,Santiago,Metropolitana,151.22,UF,49.3,2023-12-12 00:00:00.000000,2024-01-01 00:00:00.000000,Departamento,arriendo,agency
TT-2024-01-001727,toctoc,Conchalí,Metropolitana,740000.0,CLP,101.0,2023-12-16 00:00:00.000000,2024-01-08 00:00:00.000000,DEPARTAMENTO,ARRIENDO,owner_direct
TT-2024-01-000964,toctoc,Maipú,Metropolitana,345000.0,CLP,20.0,2023-12-05 00:00:00.000000,2024-01-01 00:00:00.000000,DEPARTAMENTO,ARRIENDO,agency
TT-2024-01-003556,toctoc,Ñuñoa,Metropolitana,840000.0,CLP,60.5,2024-01-15 00:00:00.000000,2024-01-22 00:00:00.000000,DEPARTAMENTO,arriendo,agency
TT-2024-01-000567,toctoc,Las Condes,Metropolitana,21.08,UF,34.0,2023-11-30 00:00:00.000000,2024-01-01 00:00:00.000000,DEPARTAMENTO,arriendo,agency
TT-2024-01-003709,toctoc,Pudahuel,Metropolitana,14.19,UF,52.1,2023-12-04 00:00:00.000000,2024-01-22 00:00:00.000000,DEPARTAMENTO,Arriendo,owner_direct
TT-2024-01-004471,toctoc,Independencia,Metropolitana,18.78,UF,61.1,2023-12-24 00:00:00.000000,2024-01-29 00:00:00.000000,departamento,arriendo,owner_direct
TT-2024-01-005496,toctoc,La Reina,Metropolitana,1120000.0,CLP,71.2,2024-01-06 00:00:00.000000,2024-01-29 00:00:00.000000,departamento,ARRIENDO,owner_direct
TT-2024-01-000396,toctoc,Estación Central,Metropolitana,475000.0,CLP,40.5,2023-11-22 00:00:00.000000,2024-01-01 00:00:00.000000,departamento,arriendo,owner_direct
TT-2024-01-004390,toctoc,Lo Barnechea,Metropolitana,1015000.0,CLP,68.9,2024-01-07 00:00:00.000000,2024-01-29 00:00:00.000000,departamento,arriendo,owner_direct
TT-2024-01-001586,toctoc,Santiago,Metropolitana,15.41,UF,45.5,2023-11-10 00:00:00.000000,2024-01-08 00:00:00.000000,Departamento,ARRIENDO,owner_direct
TT-2024-01-002786,toctoc,Estación Central,Metropolitana,110.54,UF,650.0,2023-12-11 00:00:00.000000,2024-01-15 00:00:00.000000,departamento,Arriendo,agency
TT-2024-01-003007,toctoc,Vitacura,Metropolitana,1365000.0,CLP,57.7,2024-01-09 00:00:00.000000,2024-01-15 00:00:00.000000,DEPARTAMENTO,arriendo,owner_direct
TT-2024-01-001408,toctoc,Renca,Metropolitana,10.41,UF,42.1,2023-12-30 00:00:00.000000,2024-01-08 00:00:00.000000,Departamento,arriendo,owner_direct
TT-2024-01-002104,toctoc,Santiago,Metropolitana,17.03,UF,37.1,2023-12-25 00:00:00.000000,2024-01-08 00:00:00.000000,departamento,ARRIENDO,agency
TT-2024-01-002207,toctoc,Santiago,Metropolitana,660000.0,CLP,47.4,2024-01-03 00:00:00.000000,2024-01-08 00:00:00.000000,Departamento,ARRIENDO,owner_direct
TT-2024-01-004779,toctoc,Macul,Metropolitana,415000.0,CLP,24.0,2023-10-15 00:00:00.000000,2024-01-29 00:00:00.000000,Departamento,arriendo,agency
TT-2024-01-003152,toctoc,Ñuñoa,Metropolitana,25.41,UF,55.1,2023-12-28 00:00:00.000000,2024-01-15 00:00:00.000000,DEPARTAMENTO,ARRIENDO,owner_direct
TT-2024-01-000441,toctoc,Estación Central,Metropolitana,9.86,UF,35.6,2023-12-26 00:00:00.000000,2024-01-01 00:00:00.000000,departamento,ARRIENDO,owner_direct
TT-2024-01-001554,toctoc,Cerrillos,Metropolitana,470000.0,CLP,39.9,2023-12-21 00:00:00.000000,2024-01-08 00:00:00.000000,departamento,ARRIENDO,owner_direct
TT-2024-01-000796,toctoc,VITACURA,Metropolitana,1435000.0,CLP,71.9,2023-12-01 00:00:00.000000,2024-01-01 00:00:00.000000,departamento,ARRIENDO,owner_direct
TT-2024-01-004794,toctoc,Pudahuel,Metropolitana,14.19,UF,62.5,2023-12-30 00:00:00.000000,2024-01-29 00:00:00.000000,departamento,ARRIENDO,agency
TT-2024-01-004661,toctoc,Providencia,Metropolitana,33.11,UF,74.8,2024-01-07 00:00:00.000000,2024-01-29 00:00:00.000000,DEPARTAMENTO,Arriendo,agency
TT-2024-01-003873,toctoc,Santiago,Metropolitana,11.22,UF,30.6,2023-12-27 00:00:00.000000,2024-01-22 00:00:00.000000,DEPARTAMENTO,ARRIENDO,agency
TT-2024-01-004138,toctoc,Las Condes,Metropolitana,1940000.0,CLP,124.4,2024-01-10 00:00:00.000000,2024-01-22 00:00:00.000000,Departamento,Arriendo,agency
TT-2024-01-005485,toctoc,San Miguel,Metropolitana,390000.0,CLP,31.0,2024-01-04 00:00:00.000000,2024-01-29 00:00:00.000000,departamento,ARRIENDO,agency
TT-2024-01-000123,toctoc,Macul,Metropolitana,690000.0,CLP,62.2,2023-11-21 00:00:00.000000,2024-01-01 00:00:00.000000,departamento,ARRIENDO,owner_direct
TT-2024-01-005020,toctoc,Santiago,Metropolitana,14.86,UF,41.4,2024-01-06 00:00:00.000000,2024-01-29 00:00:00.000000,Departamento,arriendo,owner_direct
TT-2024-01-003746,toctoc,Providencia,Metropolitana,1115000.0,CLP,62.4,2023-12-25 00:00:00.000000,2024-01-22 00:00:00.000000,Departamento,arriendo,agency
TT-2024-01-002270,toctoc,La Cisterna,Metropolitana,16.35,UF,69.7,2024-01-04 00:00:00.000000,2024-01-08 00:00:00.000000,Departamento,Arriendo,owner_direct
TT-2024-01-003378,toctoc,Maipú,Metropolitana,505000.0,CLP,46.9,2023-08-01 00:00:00.000000,2024-01-22 00:00:00.000000,Departamento,ARRIENDO,owner_direct
TT-2024-01-002311,toctoc,San Miguel,Metropolitana,25.0,UF,99.2,2023-12-08 00:00:00.000000,2024-01-08 00:00:00.000000,departamento,Arriendo,agency
TT-2024-01-001516,toctoc,Peñalolén,Metropolitana,550000.0,CLP,55.1,2023-09-23 00:00:00.000000,2024-01-08 00:00:00.000000,Departamento,ARRIENDO,agency
TT-2024-01-000084,toctoc,San Miguel,Metropolitana,535000.0,CLP,54.5,2023-12-25 00:00:00.000000,2024-01-01 00:00:00.000000,DEPARTAMENTO,Arriendo,owner_direct
TT-2024-01-005162,toctoc,Las Condes,Metropolitana,43.11,UF,98.0,2023-10-09 00:00:00.000000,2024-01-29 00:00:00.000000,departamento,arriendo,owner_direct
TT-2024-01-001789,toctoc,La Florida,Metropolitana,15.0,UF,45.4,2023-11-26 00:00:00.000000,2024-01-08 00:00:00.000000,Departamento,arriendo,agency
TT-2024-01-002895,toctoc,Independencia,Metropolitana,555000.0,CLP,64.0,2023-11-26 00:00:00.000000,2024-01-15 00:00:00.000000,departamento,Arriendo,owner_direct
TT-2024-01-004864,toctoc,Providencia,Metropolitana,1015000.0,CLP,40.3,2023-12-30 00:00:00.000000,2024-01-29 00:00:00.000000,DEPARTAMENTO,ARRIENDO,owner_direct
TT-2024-01-002140,toctoc,Santiago,Metropolitana,20.54,UF,82.6,2023-12-16 00:00:00.000000,2024-01-08 00:00:00.000000,Departamento,arriendo,agency
TT-2024-01-002674,toctoc,Vitacura,Metropolitana,26.08,UF,45.3,2024-01-05 00:00:00.000000,2024-01-15 00:00:00.000000,departamento,Arriendo,agency
TT-2024-01-002934,toctoc,Huechuraba,Metropolitana,14.32,UF,52.0,2023-12-25 00:00:00.000000,2024-01-15 00:00:00.000000,departamento,ARRIENDO,agency
TT-2024-01-000468,toctoc,San Joaquín,Metropolitana,540000.0,CLP,79.1,2023-11-27 00:00:00.000000,2024-01-01 00:00:00.000000,Departamento,arriendo,agency
TT-2024-01-001163,toctoc,Las Condes,Metropolitana,24.32,UF,37.0,2023-12-02 00:00:00.000000,2024-01-01 00:00:00.000000,Departamento,Arriendo,agency
TT-2024-01-001638,toctoc,Estación Central,Metropolitana,10.27,UF,27.9,2023-12-02 00:00:00.000000,2024-01-08 00:00:00.000000,departamento,arriendo,owner_direct
TT-2024-01-003082,toctoc,Pudahuel,Metropolitana,405000.0,CLP,32.3,2024-01-12 00:00:00.000000,2024-01-15 00:00:00.000000,DEPARTAMENTO,ARRIENDO,agency
TT-2024-01-002543,toctoc,San Joaquín,Metropolitana,445000.0,CLP,47.5,2023-12-31 00:00:00.000000,2024-01-15 00:00:00.000000,Departamento,Arriendo,agency
TT-2024-01-004693,toctoc,Santiago,Metropolitana,12.84,UF,32.7,2023-12-16 00:00:00.000000,2024-01-29 00:00:00.000000,DEPARTAMENTO,arriendo,
TT-2024-01-001173,toctoc,Pudahuel,Metropolitana,11.35,UF,43.4,2023-12-20 00:00:00.000000,2024-01-01 00:00:00.000000,Departamento,ARRIENDO,agency
TT-2024-01-002998,toctoc,Renca,Metropolitana,525000.0,CLP,47.7,2023-12-24 00:00:00.000000,2024-01-15 00:00:00.000000,Departamento,ARRIENDO,agency
TT-2024-01-002305,toctoc,Estación Central,Metropolitana,475000.0,CLP,37.9,2023-12-03 00:00:00.000000,2024-01-08 00:00:00.000000,Departamento,Arriendo,agency
TT-2024-01-005103,toctoc,La Reina ,Metropolitana,32.97,UF,110.6,2023-11-10 00:00:00.000000,2024-01-29 00:00:00.000000,Departamento,ARRIENDO,agency
TT-2024-01-002174,toctoc,Santiago,Metropolitana,12.84,UF,31.3,2023-11-30 00:00:00.000000,2024-01-08 00:00:00.000000,Departamento,Arriendo,agency
TT-2024-01-004871,toctoc,Las Condes,Metropolitana,46.62,UF,106.6,2023-12-17 00:00:00.000000,2024-01-29 00:00:00.000000,DEPARTAMENTO,Arriendo,agency
TT-2024-01-004728,toctoc,Santiago,Metropolitana,14.73,UF,50.3,2023-12-29 00:00:00.000000,2024-01-29 00:00:00.000000,departamento,Arriendo,owner_direct
TT-2024-01-001808,toctoc,Quinta Normal,Metropolitana,835000.0,CLP,121.0,2023-12-25 00:00:00.000000,2024-01-08 00:00:00.000000,departamento,arriendo,agency
TT-2024-01-004150,toctoc,Santiago,Metropolitana,775000.0,CLP,71.0,2024-01-19 00:00:00.000000,2024-01-22 00:00:00.000000,DEPARTAMENTO,arriendo,owner_direct
TT-2024-01-004221,toctoc,Puente Alto,Metropolitana,8.92,UF,33.0,2023-12-29 00:00:00.000000,2024-01-22 00:00:00.000000,DEPARTAMENTO,Arriendo,owner_direct
TT-2024-01-000308,toctoc,Huechuraba,Metropolitana,415000.0,CLP,34.6,2023-11-29 00:00:00.000000,2024-01-01 00:00:00.000000,departamento,arriendo,agency
TT-2024-01-005434,toctoc,Macul,Metropolitana,10.41,UF,28.6,2024-01-05 00:00:00.000000,2024-01-29 00:00:00.000000,departamento,Arriendo,agency
TT-2024-01-005427,toctoc,Las Condes,Metropolitana,27.7,UF,45.9,2023-12-11 00:00:00.000000,2024-01-29 00:00:00.000000,DEPARTAMENTO,arriendo,owner_direct
TT-2024-01-004448,toctoc,San Joaquín,Metropolitana,11.35,UF,38.6,2024-01-17 00:00:00.000000,2024-01-29 00:00:00.000000,Departamento,ARRIENDO,owner_direct
TT-2024-01-001193,toctoc,Providencia,Metropolitana,26.76,UF,69.4,2023-08-09 00:00:00.000000,2024-01-01 00:00:00.000000,DEPARTAMENTO,Arriendo,agency
TT-2024-01-001990,toctoc,Macul,Metropolitana,555000.0,CLP,36.8,2023-10-26 00:00:00.000000,2024-01-08 00:00:00.000000,departamento,arriendo,agency
TT-2024-01-004571,toctoc,Macul,Metropolitana,415000.0,CLP,31.1,2023-12-27 00:00:00.000000,2024-01-29 00:00:00.000000,departamento,Arriendo,owner_direct
TT-2024-01-002034,toctoc,Estación Central,Metropolitana,13.92,UF,57.5,2023-06-08 00:00:00.000000,2024-01-08 00:00:00.000000,DEPARTAMENTO,ARRIENDO,owner_direct
TT-2024-01-003894,toctoc,Santiago,Metropolitana,365000.0,CLP,23.3,2024-01-04 00:00:00.000000,2024-01-22 00:00:00.000000,departamento,arriendo,agency
TT-2024-01-002187,toctoc,Ñuñoa,Metropolitana,21.62,UF,66.0,2023-12-08 00:00:00.000000,2024-01-08 00:00:00.000000,DEPARTAMENTO,ARRIENDO,owner_direct
TT-2024-01-001748,toctoc,Santiago,Metropolitana,615000.0,CLP,44.6,2024-01-03 00:00:00.000000,2024-01-08 00:00:00.000000,DEPARTAMENTO,Arriendo,agency
TT-2024-01-002148,toctoc,Conchalí,Metropolitana,11.08,UF,43.8,2023-12-09 00:00:00.000000,2024-01-08 00:00:00.000000,departamento,Arriendo,agency
TT-2024-01-002784,toctoc,Estación Central,Metropolitana,625000.0,CLP,68.6,2023-11-19 00:00:00.000000,2024-01-15 00:00:00.000000,DEPARTAMENTO,Arriendo,agency
TT-2024-01-004978,toctoc,Las Condes,Metropolitana,38.38,UF,69.8,2024-01-12 00:00:00.000000,2024-01-29 00:00:00.000000,Departamento,arriendo,owner_direct
TT-2024-01-005275,toctoc,santiago,Metropolitana,15.14,UF,42.0,2023-12-04 00:00:00.000000,2024-01-29 00:00:00.000000,Departamento,Arriendo,agency
TT-2024-01-002870,toctoc,Santiago,Metropolitana,20.0,UF,69.9,2024-01-04 00:00:00.000000,2024-01-15 00:00:00.000000,DEPARTAMENTO,arriendo,agency
TT-2024-01-004911,toctoc,Recoleta,Metropolitana,14.73,UF,57.7,2024-01-11 00:00:00.000000,2024-01-29 00:00:00.000000,Departamento,ARRIENDO,agency
TT-2024-01-002265,toctoc,Las Condes,Metropolitana,890000.0,CLP,50.1,2023-12-31 00:00:00.000000,2024-01-08 00:00:00.000000,Departamento,Arriendo,agency
TT-2024-01-002398,toctoc,La Florida,Metropolitana,12.03,UF,41.4,2023-11-25 00:00:00.000000,2024-01-15 00:00:00.000000,DEPARTAMENTO,arriendo,agency
TT-2024-01-003704,toctoc,Conchalí,Metropolitana,355000.0,CLP,34.0,2023-12-04 00:00:00.000000,2024-01-22 00:00:00.000000,Departamento,Arriendo,agency
TT-2024-01-003176,toctoc,Providencia,Metropolitana,26.49,UF,35.4,2023-07-12 00:00:00.000000,2024-01-15 00:00:00.000000,departamento,arriendo,owner_direct
TT-2024-01-001397,toctoc,Cerrillos ,Metropolitana,765000.0,CLP,105.1,2023-12-26 00:00:00.000000,2024-01-08 00:00:00.000000,departamento,Arriendo,agency
TT-2024-01-003983,toctoc,Providencia,Metropolitana,970000.0,CLP,44.3,2024-01-15 00:00:00.000000,2024-01-22 00:00:00.000000,DEPARTAMENTO,Arriendo,owner_direct
TT-2024-01-001717,toctoc,Lo Barnechea,Metropolitana,31.22,UF,74.2,2023-06-15 00:00:00.000000,2024-01-08 00:00:00.000000,DEPARTAMENTO,ARRIENDO,agency
TT-2024-01-005333,toctoc,Ñuñoa,Metropolitana,22.7,UF,63.5,2023-08-01 00:00:00.000000,2024-01-29 00:00:00.000000,DEPARTAMENTO,ARRIENDO,agency
TT-2024-01-004433,toctoc,Conchalí,Metropolitana,9.86,UF,49.4,2024-01-15 00:00:00.000000,2024-01-29 00:00:00.000000,departamento,ARRIENDO,agency
TT-2024-01-001880,toctoc,Independencia,Metropolitana,16.89,UF,67.0,2023-12-03 00:00:00.000000,2024-01-08 00:00:00.000000,Departamento,Arriendo,agency
TT-2024-01-001982,toctoc,La Cisterna,Metropolitana,15.54,UF,51.4,2023-12-30 00:00:00.000000,2024-01-08 00:00:00.000000,DEPARTAMENTO,Arriendo,agency
TT-2024-01-001921,toctoc, Pudahuel,Metropolitana,510000.0,CLP,50.2,2023-12-14 00:00:00.000000,2024-01-08 00:00:00.000000,departamento,ARRIENDO,agency
TT-2024-01-003208,toctoc,Santiago,Metropolitana,19.59,UF,62.6,2023-12-29 00:00:00.000000,2024-01-15 00:00:00.000000,departamento,arriendo,agency
TT-2024-01-003799,toctoc,Estación Central,Metropolitana,15.27,UF,52.0,2024-01-11 00:00:00.000000,2024-01-22 00:00:00.000000,departamento,ARRIENDO,agency
TT-2024-01-001972,toctoc,La Cisterna,Metropolitana,13.51,UF,43.7,2024-01-02 00:00:00.000000,2024-01-08 00:00:00.000000,departamento,Arriendo,agency
TT-2024-01-005182,toctoc,Ñuñoa,Metropolitana,16.22,UF,37.5,2024-01-12 00:00:00.000000,2024-01-29 00:00:00.000000,Departamento,ARRIENDO,agency
TT-2024-01-005361,toctoc,san joaquín,Metropolitana,14.46,UF,47.6,2024-01-02 00:00:00.000000,2024-01-29 00:00:00.000000,departamento,ARRIENDO,
TT-2024-01-001698,toctoc,Estación Central,Metropolitana,595000.0,CLP,65.8,2023-12-31 00:00:00.000000,2024-01-08 00:00:00.000000,departamento,ARRIENDO,agency
TT-2024-01-002667,toctoc,Ñuñoa,Metropolitana,15.81,UF,40.3,2023-12-16 00:00:00.000000,2024-01-15 00:00:00.000000,departamento,ARRIENDO,agency
TT-2024-01-004065,toctoc,Quinta Normal,Metropolitana,580000.0,CLP,56.5,2023-12-26 00:00:00.000000,2024-01-22 00:00:00.000000,DEPARTAMENTO,ARRIENDO,agency
TT-2024-01-001401,toctoc,Independencia,Metropolitana,12.03,UF,49.7,2023-12-27 00:00:00.000000,2024-01-08 00:00:00.000000,DEPARTAMENTO,ARRIENDO,agency
TT-2024-01-004669,toctoc,Pudahuel,Metropolitana,11.49,UF,34.9,2023-12-20 00:00:00.000000,2024-01-29 00:00:00.000000,Departamento,arriendo,agency
TT-2024-01-003520,toctoc,Macul,Metropolitana,650000.0,CLP,53.1,2024-01-01 00:00:00.000000,2024-01-22 00:00:00.000000,Departamento,ARRIENDO,agency
TT-2024-01-003426,toctoc,Estación Central,Metropolitana,11.49,UF,32.8,2023-09-18 00:00:00.000000,2024-01-22 00:00:00.000000,departamento,arriendo,agency
TT-2024-01-003998,toctoc,Estación Central,Metropolitana,20.95,UF,91.5,2023-12-29 00:00:00.000000,2024-01-22 00:00:00.000000,Departamento,Arriendo,agency
TT-2024-01-000544,toctoc,Santiago,Metropolitana,18.92,UF,57.1,2023-12-27 00:00:00.000000,2024-01-01 00:00:00.000000,departamento,ARRIENDO,
TT-2024-01-004384,toctoc,San Miguel,Metropolitana,460000.0,CLP,48.5,2024-01-02 00:00:00.000000,2024-01-29 00:00:00.000000,departamento,arriendo,owner_direct
TT-2024-01-000471,toctoc,Ñuñoa,Metropolitana,17.57,UF,42.7,2023-12-20 00:00:00.000000,2024-01-01 00:00:00.000000,Departamento,Arriendo,owner_direct
TT-2024-01-002257,toctoc,Santiago,Metropolitana,16.08,UF,43.5,2023-12-13 00:00:00.000000,2024-01-08 00:00:00.000000,DEPARTAMENTO,arriendo,agency
TT-2024-01-003819,toctoc,Lo Barnechea,Metropolitana,21.89,UF,31.8,2023-12-06 00:00:00.000000,2024-01-22 00:00:00.000000,DEPARTAMENTO,arriendo,owner_direct
TT-2024-01-002880,toctoc,Quinta Normal,Metropolitana,410000.0,CLP,36.1,2023-12-21 00:00:00.000000,2024-01-15 00:00:00.000000,departamento,arriendo,agency
TT-2024-01-003336,toctoc,macul,Metropolitana,415000.0,CLP,37.2,2024-01-14 00:00:00.000000,2024-01-22 00:00:00.000000,departamento,ARRIENDO,agency
TT-2024-01-003490,toctoc,Lo Barnechea,Metropolitana,22.57,UF,50.3,2023-12-19 00:00:00.000000,2024-01-22 00:00:00.000000,Departamento,arriendo,owner_direct
TT-2024-01-002068,toctoc,Providencia,Metropolitana,22.57,UF,36.6,2023-12-21 00:00:00.000000,2024-01-08 00:00:00.000000,departamento,ARRIENDO,agency
TT-2024-01-004327,toctoc,San Miguel,Metropolitana,695000.0,CLP,62.8,2024-01-01 00:00:00.000000,2024-01-22 00:00:00.000000,DEPARTAMENTO,arriendo,
TT-2024-01-004868,toctoc,Maipú,Metropolitana,10.68,UF,41.9,2023-12-26 00:00:00.000000,2024-01-29 00:00:00.000000,departamento,ARRIENDO,agency
TT-2024-01-004109,toctoc,Cerrillos,Metropolitana,460000.0,CLP,41.4,2023-09-11 00:00:00.000000,2024-01-22 00:00:00.000000,DEPARTAMENTO,ARRIENDO,owner_direct
TT-2024-01-004057,toctoc,Maipú,Metropolitana,425000.0,CLP,49.1,2023-09-12 00:00:00.000000,2024-01-22 00:00:00.000000,departamento,ARRIENDO,agency
TT-2024-01-002150,toctoc,Estación Central,Metropolitana,13.24,UF,46.8,2023-11-03 00:00:00.000000,2024-01-08 00:00:00.000000,departamento,Arriendo,agency
TT-2024-01-001780,toctoc,Estación Central,Metropolitana,595000.0,CLP,55.5,2023-05-24 00:00:00.000000,2024-01-08 00:00:00.000000,Departamento,Arriendo,agency
TT-2024-01-003146,toctoc,Santiago,Metropolitana,10.41,UF,26.7,2023-11-19 00:00:00.000000,2024-01-15 00:00:00.000000,DEPARTAMENTO,arriendo,agency
TT-2024-01-001035,toctoc,Las Condes,Metropolitana,1340000.0,CLP,72.9,2023-11-16 00:00:00.000000,2024-01-01 00:00:00.000000,Departamento,Arriendo,owner_direct
TT-2024-01-003676,toctoc,Santiago,Metropolitana,11.08,UF,29.5,2023-12-10 00:00:00.000000,2024-01-22 00:00:00.000000,Departamento,ARRIENDO,owner_direct
TT-2024-01-000680,toctoc,Cerrillos,Metropolitana,15.54,UF,52.3,2023-12-02 00:00:00.000000,2024-01-01 00:00:00.000000,Departamento,ARRIENDO,agency
TT-2024-01-003100,toctoc,Las Condes,Metropolitana,26.76,UF,58.4,2023-12-23 00:00:00.000000,2024-01-15 00:00:00.000000,DEPARTAMENTO,arriendo,
TT-2024-01-002121,toctoc,San Miguel,Metropolitana,12.97,UF,40.7,2023-11-29 00:00:00.000000,2024-01-08 00:00:00.000000,Departamento,Arriendo,agency
TT-2024-01-002005,toctoc,San Miguel,Metropolitana,740000.0,CLP,90.4,2023-12-20 00:00:00.000000,2024-01-08 00:00:00.000000,Departamento,arriendo,agency
TT-2024-01-004464,toctoc,Santiago,Metropolitana,475000.0,CLP,1.0,2024-01-20 00:00:00.000000,2024-01-29 00:00:00.000000,DEPARTAMENTO,arriendo,agency
TT-2024-01-004368,toctoc, Providencia,Metropolitana,785000.0,CLP,39.5,2024-01-24 00:00:00.000000,2024-01-29 00:00:00.000000,DEPARTAMENTO,Arriendo,owner_direct
TT-2024-01-001395,toctoc,Estación Central,Metropolitana,27.43,UF,113.7,2023-12-26 00:00:00.000000,2024-01-08 00:00:00.000000,DEPARTAMENTO,ARRIENDO,agency
TT-2024-01-001285,toctoc,Macul,Metropolitana,17.16,UF,60.4,2023-11-26 00:00:00.000000,2024-01-08 00:00:00.000000,DEPARTAMENTO,ARRIENDO,agency
TT-2024-01-003246,toctoc,Peñalolén,Metropolitana,32.16,UF,28.7,2023-12-24 00:00:00.000000,2024-01-15 00:00:00.000000,Departamento,ARRIENDO,
TT-2024-01-002700,toctoc,Independencia,Metropolitana,11.89,UF,39.2,2024-01-09 00:00:00.000000,2024-01-15 00:00:00.000000,DEPARTAMENTO,arriendo,owner_direct
TT-2024-01-001939,toctoc,Cerrillos,Metropolitana,11.35,UF,40.4,2023-12-29 00:00:00.000000,2024-01-08 00:00:00.000000,DEPARTAMENTO,arriendo,agency
TT-2024-01-000133,toctoc,Ñuñoa,Metropolitana,575000.0,CLP,22.6,2023-12-03 00:00:00.000000,2024-01-01 00:00:00.000000,DEPARTAMENTO,ARRIENDO,agency
TT-2024-01-001296,toctoc,San Joaquín,Metropolitana,520000.0,CLP,62.4,2023-12-14 00:00:00.000000,2024-01-08 00:00:00.000000,DEPARTAMENTO,ARRIENDO,agency
TT-2024-01-001429,toctoc,San Miguel,Metropolitana,540000.0,CLP,39.4,2023-11-26 00:00:00.000000,2024-01-08 00:00:00.000000,DEPARTAMENTO,Arriendo,agency
TT-2024-01-004254,toctoc,Puente Alto,Metropolitana,10.68,UF,32.5,2023-11-12 00:00:00.000000,2024-01-22 00:00:00.000000,Departamento,ARRIENDO,agency
TT-2024-01-001541,toctoc,Santiago,Metropolitana,11.49,UF,28.6,2023-12-24 00:00:00.000000,2024-01-08 00:00:00.000000,departamento,Arriendo,agency
TT-2024-01-003913,toctoc,San Miguel,Metropolitana,14.59,UF,42.7,2023-12-24 00:00:00.000000,2024-01-22 00:00:00.000000,departamento,Arriendo,agency
TT-2024-01-001159,toctoc,La Florida,Metropolitana,915000.0,CLP,100.0,2023-12-12 00:00:00.000000,2024-01-01 00:00:00.000000,departamento,Arriendo,agency
TT-2024-01-004836,toctoc,Quinta Normal,Metropolitana,17.43,UF,81.5,2023-11-30 00:00:00.000000,2024-01-29 00:00:00.000000,Departamento,ARRIENDO,owner_direct
TT-2024-01-005321,toctoc,Lo Barnechea,Metropolitana,715000.0,CLP,35.0,2024-01-12 00:00:00.000000,2024-01-29 00:00:00.000000,Departamento,arriendo,agency
TT-2024-01-002519,toctoc,Quinta Normal,Metropolitana,1830000.0,CLP,71.5,2024-01-12 00:00:00.000000,2024-01-15 00:00:00.000000,DEPARTAMENTO,arriendo,owner_direct
TT-2024-01-000914,toctoc,La Florida,Metropolitana,515000.0,CLP,52.5,2023-11-26 00:00:00.000000,2024-01-01 00:00:00.000000,Departamento,Arriendo,
TT-2024-01-001558,toctoc,Ñuñoa,Metropolitana,805000.0,CLP,57.8,2024-01-01 00:00:00.000000,2024-01-08 00:00:00.000000,Departamento,ARRIENDO,
TT-2024-01-001074,toctoc,Santiago,Metropolitana,20.81,UF,58.7,2023-12-17 00:00:00.000000,2024-01-01 00:00:00.000000,DEPARTAMENTO,ARRIENDO,agency
TT-2024-01-000349,toctoc,Providencia,Metropolitana,25.14,UF,47.4,2023-12-25 00:00:00.000000,2024-01-01 00:00:00.000000,DEPARTAMENTO,arriendo,agency
TT-2024-01-001089,toctoc,Macul,Metropolitana,15.41,UF,40.9,2023-12-18 00:00:00.000000,2024-01-01 00:00:00.000000,Departamento,ARRIENDO,agency
TT-2024-01-000535,toctoc,estación central,Metropolitana,390000.0,CLP,29.7,2023-12-08 00:00:00.000000,2024-01-01 00:00:00.000000,Departamento,ARRIENDO,agency
TT-2024-01-002301,toctoc,MAIPÚ,Metropolitana,345000.0,CLP,31.1,2023-12-18 00:00:00.000000,2024-01-08 00:00:00.000000,Departamento,arriendo,agency
TT-2024-01-003956,toctoc,QUILICURA,Metropolitana,14.59,UF,59.5,2023-09-10 00:00:00.000000,2024-01-22 00:00:00.000000,Departamento,ARRIENDO,owner_direct
TT-2024-01-002232,toctoc,La Reina,Metropolitana,775000.0,CLP,48.6,2024-01-03 00:00:00.000000,2024-01-08 00:00:00.000000,Departamento,arriendo,agency
TT-2024-01-001908,toctoc,Estación Central,Metropolitana,11.76,UF,45.5,2023-12-01 00:00:00.000000,2024-01-08 00:00:00.000000,departamento,arriendo,agency
TT-2024-01-000062,toctoc,Las Condes,Metropolitana,18.24,UF,31.5,2023-12-24 00:00:00.000000,2024-01-01 00:00:00.000000,DEPARTAMENTO,Arriendo,agency
TT-2024-01-002419,toctoc,San Miguel,Metropolitana,595000.0,CLP,47.6,2024-01-07 00:00:00.000000,2024-01-15 00:00:00.000000,departamento,arriendo,agency
TT-2024-01-005037,toctoc,Pudahuel,Metropolitana,180.0,UF,98.1,2023-12-27 00:00:00.000000,2024-01-29 00:00:00.000000,DEPARTAMENTO,ARRIENDO,agency
TT-2024-01-004667,toctoc,La Florida,Metropolitana,21.49,UF,99.6,2023-11-26 00:00:00.000000,2024-01-29 00:00:00.000000,departamento,arriendo,agency
TT-2024-01-000561,toctoc,Maipú,Metropolitana,450000.0,CLP,54.1,2023-07-22 00:00:00.000000,2024-01-01 00:00:00.000000,departamento,arriendo,owner_direct
TT-2024-01-003863,toctoc,Estación Central,Metropolitana,9.86,UF,28.3,2024-01-05 00:00:00.000000,2024-01-22 00:00:00.000000,Departamento,arriendo,owner_direct
TT-2024-01-001011,toctoc,Estación Central,Metropolitana,14.46,UF,50.7,2023-12-09 00:00:00.000000,2024-01-01 00:00:00.000000,DEPARTAMENTO,Arriendo,agency
TT-2024-01-003851,toctoc,Pudahuel,Metropolitana,410000.0,CLP,40.3,2023-11-19 00:00:00.000000,2024-01-22 00:00:00.000000,Departamento,Arriendo,agency
TT-2024-01-003497,toctoc,La Florida,Metropolitana,14.19,UF,46.2,2023-12-23 00:00:00.000000,2024-01-22 00:00:00.000000,departamento,ARRIENDO,agency
TT-2024-01-000470,toctoc,La Florida,Metropolitana,745000.0,CLP,67.6,2023-10-28 00:00:00.000000,2024-01-01 00:00:00.000000,Departamento,Arriendo,owner_direct
TT-2024-01-005480,toctoc,Huechuraba,Metropolitana,16.76,UF,57.5,2023-10-04 00:00:00.000000,2024-01-29 00:00:00.000000,departamento,Arriendo,agency
TT-2024-01-001125,toctoc,Santiago,Metropolitana,5645000.0,CLP,54.5,2023-08-01 00:00:00.000000,2024-01-01 00:00:00.000000,Departamento,arriendo,owner_direct
TT-2024-01-001572,toctoc,La Florida,Metropolitana,18.78,UF,70.1,2023-12-13 00:00:00.000000,2024-01-08 00:00:00.000000,departamento,arriendo,agency
TT-2024-01-004831,toctoc,Puente Alto,Metropolitana,12.84,UF,56.6,2024-01-24 00:00:00.000000,2024-01-29 00:00:00.000000,DEPARTAMENTO,ARRIENDO,owner_direct
TT-2024-01-000420,toctoc,Ñuñoa,Metropolitana,1060000.0,CLP,89.8,2023-11-01 00:00:00.000000,2024-01-01 00:00:00.000000,Departamento,Arriendo,owner_direct
TT-2024-01-000801,toctoc,Pudahuel,Metropolitana,390000.0,CLP,38.9,2023-12-30 00:00:00.000000,2024-01-01 00:00:00.000000,DEPARTAMENTO,Arriendo,agency
TT-2024-01-000868,toctoc,Santiago,Metropolitana,15.41,UF,43.6,2023-12-03 00:00:00.000000,2024-01-01 00:00:00.000000,DEPARTAMENTO,Arriendo,owner_direct
TT-2024-01-000929,toctoc,Peñalolén,Metropolitana,13.51,UF,40.9,2023-12-01 00:00:00.000000,2024-01-01 00:00:00.000000,DEPARTAMENTO,arriendo,owner_direct
TT-2024-01-004917,toctoc,Providencia,Metropolitana,19.73,UF,31.6,2023-12-31 00:00:00.000000,2024-01-29 00:00:00.000000,Departamento,ARRIENDO,owner_direct
TT-2024-01-002554,toctoc,Santiago,Metropolitana,15.54,UF,41.2,2023-12-31 00:00:00.000000,2024-01-15 00:00:00.000000,departamento,ARRIENDO,owner_direct
TT-2024-01-004183,toctoc,La Reina,Metropolitana,655000.0,CLP,37.3,2023-07-01 00:00:00.000000,2024-01-22 00:00:00.000000,Departamento,arriendo,owner_direct
TT-2024-01-003662,toctoc,Santiago,Metropolitana,755000.0,CLP,68.9,2023-07-21 00:00:00.000000,2024-01-22 00:00:00.000000,departamento,arriendo,agency
TT-2024-01-001092,toctoc,La Reina,Metropolitana,685000.0,CLP,37.5,2023-11-07 00:00:00.000000,2024-01-01 00:00:00.000000,Departamento,Arriendo,agency
TT-2024-01-002316,toctoc,Estación Central,Metropolitana,15.27,UF,61.6,2023-12-25 00:00:00.000000,2024-01-08 00:00:00.000000,Departamento,arriendo,owner_direct
TT-2024-01-004388,toctoc,Providencia,Metropolitana,19.32,UF,35.9,2024-01-13 00:00:00.000000,2024-01-29 00:00:00.000000,Departamento,ARRIENDO,agency
TT-2024-01-000321,toctoc,Santiago,Metropolitana,20.95,UF,74.6,2023-12-22 00:00:00.000000,2024-01-01 00:00:00.000000,Departamento,arriendo,agency
TT-2024-01-000919,toctoc,Maipú,Metropolitana,4985000.0,CLP,59.8,2023-12-08 00:00:00.000000,2024-01-01 00:00:00.000000,DEPARTAMENTO,Arriendo,owner_direct
TT-2024-01-004203,toctoc,Quinta Normal,Metropolitana,15.41,UF,57.6,2024-01-14 00:00:00.000000,2024-01-22 00:00:00.000000,Departamento,arriendo,agency
TT-2024-01-003104,toctoc,Santiago,Metropolitana,13.11,UF,34.2,2023-12-22 00:00:00.000000,2024-01-15 00:00:00.000000,DEPARTAMENTO,ARRIENDO,owner_direct
TT-2024-01-005400,toctoc,Quinta Normal,Metropolitana,580000.0,CLP,50.3,2023-12-30 00:00:00.000000,2024-01-29 00:00:00.000000,departamento,ARRIENDO,agency
TT-2024-01-002499,toctoc,La Reina,Metropolitana,26.89,UF,63.0,2024-01-12 00:00:00.000000,2024-01-15 00:00:00.000000,departamento,ARRIENDO,owner_direct
TT-2024-01-004605,toctoc,Santiago,Metropolitana,17.84,UF,59.3,2023-09-09 00:00:00.000000,2024-01-29 00:00:00.000000,Departamento,Arriendo,owner_direct
TT-2024-01-002834,toctoc,Santiago,Metropolitana,570000.0,CLP,41.1,2023-12-26 00:00:00.000000,2024-01-15 00:00:00.000000,departamento,Arriendo,agency
TT-2024-01-003781,toctoc,Cerrillos,Metropolitana,12.16,UF,36.2,2023-12-24 00:00:00.000000,2024-01-22 00:00:00.000000,Departamento,Arriendo,owner_direct
TT-2024-01-004845,toctoc,La Cisterna,Metropolitana,17.57,UF,61.6,2023-09-29 00:00:00.000000,2024-01-29 00:00:00.000000,Departamento,arriendo,agency
TT-2024-01-002729,toctoc,Quinta Normal,Metropolitana,430000.0,CLP,44.3,2024-01-06 00:00:00.000000,2024-01-15 00:00:00.000000,departamento,ARRIENDO,
TT-2024-01-005001,toctoc,Conchalí,Metropolitana,585000.0,CLP,62.3,2024-01-09 00:00:00.000000,2024-01-29 00:00:00.000000,Departamento,ARRIENDO,agency
TT-2024-01-000717,toctoc,Santiago,Metropolitana,575000.0,CLP,52.4,2023-12-25 00:00:00.000000,2024-01-01 00:00:00.000000,departamento,Arriendo,agency
TT-2024-01-005234,toctoc,Macul,Metropolitana,18.51,UF,67.1,2024-01-12 00:00:00.000000,2024-01-29 00:00:00.000000,departamento,arriendo,agency
TT-2024-01-001054,toctoc,San Joaquín,Metropolitana,15.14,UF,70.2,2023-12-22 00:00:00.000000,2024-01-01 00:00:00.000000,DEPARTAMENTO,arriendo,agency
TT-2024-01-002098,toctoc,Peñalolén,Metropolitana,19.46,UF,60.8,2023-12-05 00:00:00.000000,2024-01-08 00:00:00.000000,Departamento,Arriendo,agency
TT-2024-01-000896,toctoc,Santiago,Metropolitana,52.03,UF,250.0,2023-12-25 00:00:00.000000,2024-01-01 00:00:00.000000,DEPARTAMENTO,ARRIENDO,agency
TT-2024-01-004914,toctoc,Recoleta,Metropolitana,535000.0,CLP,47.8,2023-12-30 00:00:00.000000,2024-01-29 00:00:00.000000,departamento,ARRIENDO,agency
TT-2024-01-003850,toctoc,Estación Central,Metropolitana,18.65,UF,85.4,2023-12-10 00:00:00.000000,2024-01-22 00:00:00.000000,Departamento,arriendo,agency
TT-2024-01-002691,toctoc,Estación Central,Metropolitana,525000.0,CLP,45.0,2023-12-24 00:00:00.000000,2024-01-15 00:00:00.000000,DEPARTAMENTO,Arriendo,agency
TT-2024-01-000671,toctoc,Ñuñoa,Metropolitana,14.59,UF,33.3,2023-08-16 00:00:00.000000,2024-01-01 00:00:00.000000,departamento,Arriendo,agency
TT-2024-01-001759,toctoc,Macul,Metropolitana,425000.0,CLP,26.6,2023-12-23 00:00:00.000000,2024-01-08 00:00:00.000000,DEPARTAMENTO,arriendo,agency
TT-2024-01-001580,toctoc,Estación Central,Metropolitana,15.81,UF,61.0,2023-10-30 00:00:00.000000,2024-01-08 00:00:00.000000,departamento,Arriendo,agency
TT-2024-01-001350,toctoc,Santiago,Metropolitana,520000.0,CLP,38.8,2023-12-26 00:00:00.000000,2024-01-08 00:00:00.000000,departamento,ARRIENDO,owner_direct
TT-2024-01-005262,toctoc,La Reina,Metropolitana,1025000.0,CLP,75.1,2024-01-04 00:00:00.000000,2024-01-29 00:00:00.000000,Departamento,ARRIENDO,agency
TT-2024-01-002953,toctoc,Conchalí,Metropolitana,365000.0,CLP,44.1,2024-01-04 00:00:00.000000,2024-01-15 00:00:00.000000,Departamento,arriendo,agency
TT-2024-01-005493,toctoc,La Reina,Metropolitana,885000.0,CLP,41.4,2024-01-21 00:00:00.000000,2024-01-29 00:00:00.000000,DEPARTAMENTO,Arriendo,owner_direct
TT-2024-01-001615,toctoc,Ñuñoa,Metropolitana,19.19,UF,50.1,2023-12-25 00:00:00.000000,2024-01-08 00:00:00.000000,DEPARTAMENTO,arriendo,agency
TT-2024-01-004503,toctoc,Recoleta,Metropolitana,9.73,UF,25.8,2024-01-03 00:00:00.000000,2024-01-29 00:00:00.000000,DEPARTAMENTO,ARRIENDO,agency
TT-2024-01-001038,toctoc,Estación Central,Metropolitana,11.35,UF,39.0,2023-11-27 00:00:00.000000,2024-01-01 00:00:00.000000,Departamento,arriendo,agency
TT-2024-01-003648,toctoc,La Florida,Metropolitana,810000.0,CLP,98.4,2023-12-20 00:00:00.000000,2024-01-22 00:00:00.000000,Departamento,arriendo,agency
TT-2024-01-004446,toctoc,Santiago,Metropolitana,15.27,UF,61.4,2023-12-03 00:00:00.000000,2024-01-29 00:00:00.000000,departamento,ARRIENDO,owner_direct
TT-2024-01-003197,toctoc,Estación Central,Metropolitana,450000.0,CLP,49.5,2023-12-26 00:00:00.000000,2024-01-15 00:00:00.000000,departamento,Arriendo,owner_direct
TT-2024-01-003856,toctoc,Renca,Metropolitana,7.84,UF,26.4,2023-12-31 00:00:00.000000,2024-01-22 00:00:00.000000,departamento,arriendo,agency
TT-2024-01-004233,toctoc,San Miguel,Metropolitana,13.92,UF,53.8,2023-12-13 00:00:00.000000,2024-01-22 00:00:00.000000,departamento,Arriendo,agency
TT-2024-01-000089,toctoc,Macul,Metropolitana,490000.0,CLP,33.4,2023-12-28 00:00:00.000000,2024-01-01 00:00:00.000000,DEPARTAMENTO,arriendo,agency
TT-2024-01-004906,toctoc, Renca,Metropolitana,355000.0,CLP,36.7,2024-01-14 00:00:00.000000,2024-01-29 00:00:00.000000,DEPARTAMENTO,arriendo,agency
TT-2024-01-001583,toctoc,Recoleta,Metropolitana,485000.0,CLP,48.1,2024-01-04 00:00:00.000000,2024-01-08 00:00:00.000000,Departamento,arriendo,owner_direct
TT-2024-01-000249,toctoc, Santiago,Metropolitana,615000.0,CLP,55.6,2023-12-08 00:00:00.000000,2024-01-01 00:00:00.000000,DEPARTAMENTO,ARRIENDO,agency
TT-2024-01-000329,toctoc,San Joaquín,Metropolitana,10.81,UF,34.6,2023-12-09 00:00:00.000000,2024-01-01 00:00:00.000000,departamento,Arriendo,agency
TT-2024-01-004015,toctoc,Ñuñoa,Metropolitana,635000.0,CLP,44.4,2024-01-05 00:00:00.000000,2024-01-22 00:00:00.000000,Departamento,arriendo,owner_direct
TT-2024-01-000261,toctoc,Santiago,Metropolitana,515000.0,CLP,44.3,2023-12-13 00:00:00.000000,2024-01-01 00:00:00.000000,DEPARTAMENTO,Arriendo,agency
TT-2024-01-004798,toctoc,Providencia,Metropolitana,28.11,UF,55.3,2024-01-21 00:00:00.000000,2024-01-29 00:00:00.000000,Departamento,Arriendo,agency
TT-2024-01-000228,toctoc,Maipú,Metropolitana,12.43,UF,52.6,2023-12-27 00:00:00.000000,2024-01-01 00:00:00.000000,departamento,ARRIENDO,owner_direct
TT-2024-01-003131,toctoc,Independencia,Metropolitana,19.32,UF,82.2,2023-12-26 00:00:00.000000,2024-01-15 00:00:00.000000,DEPARTAMENTO,ARRIENDO,agency
TT-2024-01-003206,toctoc,Providencia,Metropolitana,24.59,UF,38.9,2023-12-02 00:00:00.000000,2024-01-15 00:00:00.000000,DEPARTAMENTO,ARRIENDO,owner_direct
TT-2024-01-000013,toctoc,La Florida,Metropolitana,485000.0,CLP,40.2,2023-11-10 00:00:00.000000,2024-01-01 00:00:00.000000,DEPARTAMENTO,arriendo,agency
TT-2024-01-004943,toctoc,SANTIAGO,Metropolitana,15.27,UF,44.1,2024-01-01 00:00:00.000000,2024-01-29 00:00:00.000000,DEPARTAMENTO,arriendo,agency
TT-2024-01-001772,toctoc,Santiago,Metropolitana,11.49,UF,24.7,2023-12-29 00:00:00.000000,2024-01-08 00:00:00.000000,departamento,ARRIENDO,agency
TT-2024-01-005123,toctoc,La Florida,Metropolitana,465000.0,CLP,36.3,2024-01-18 00:00:00.000000,2024-01-29 00:00:00.000000,DEPARTAMENTO,ARRIENDO,agency
TT-2024-01-001450,toctoc,Las Condes ,Metropolitana,1030000.0,CLP,52.6,2023-12-27 00:00:00.000000,2024-01-08 00:00:00.000000,DEPARTAMENTO,arriendo,agency
TT-2024-01-003041,toctoc,Independencia,Metropolitana,16.35,UF,57.1,2023-12-28 00:00:00.000000,2024-01-15 00:00:00.000000,departamento,arriendo,agency
TT-2024-01-003685,toctoc,Providencia,Metropolitana,22.03,UF,42.2,2023-10-17 00:00:00.000000,2024-01-22 00:00:00.000000,departamento,Arriendo,
TT-2024-01-003414,toctoc,Macul,Metropolitana,605000.0,CLP,44.2,2023-11-09 00:00:00.000000,2024-01-22 00:00:00.000000,DEPARTAMENTO,Arriendo,agency
TT-2024-01-001813,toctoc,Pudahuel,Metropolitana,130.68,UF,44.8,2023-12-15 00:00:00.000000,2024-01-08 00:00:00.000000,Departamento,ARRIENDO,agency
TT-2024-01-004487,toctoc,La Florida,Metropolitana,14.86,UF,48.0,2024-01-20 00:00:00.000000,2024-01-29 00:00:00.000000,Departamento,ARRIENDO,owner_direct
TT-2024-01-001261,toctoc,Santiago,Metropolitana,13.51,UF,31.5,2023-12-28 00:00:00.000000,2024-01-08 00:00:00.000000,departamento,arriendo,owner_direct
TT-2024-01-004557,toctoc,Santiago,Metropolitana,13.65,UF,48.3,2024-01-19 00:00:00.000000,2024-01-29 00:00:00.000000,departamento,arriendo,agency
TT-2024-01-004916,toctoc,Ñuñoa,Metropolitana,19.46,UF,44.4,2024-01-07 00:00:00.000000,2024-01-29 00:00:00.000000,departamento,Arriendo,agency
TT-2024-01-002860,toctoc,San Joaquín,Metropolitana,15.68,UF,77.3,2023-08-05 00:00:00.000000,2024-01-15 00:00:00.000000,departamento,arriendo,agency
TT-2024-01-001994,toctoc,Estación Central,Metropolitana,15.41,UF,58.4,2024-01-02 00:00:00.000000,2024-01-08 00:00:00.000000,departamento,Arriendo,agency
TT-2024-01-001390,toctoc,Providencia,Metropolitana,890000.0,CLP,34.7,2023-12-05 00:00:00.000000,2024-01-08 00:00:00.000000,Departamento,ARRIENDO,owner_direct
TT-2024-01-004465,toctoc,Ñuñoa,Metropolitana,610000.0,CLP,45.9,2024-01-15 00:00:00.000000,2024-01-29 00:00:00.000000,departamento,ARRIENDO,agency
TT-2024-01-005484,toctoc,San Miguel,Metropolitana,18.65,UF,61.2,2024-01-14 00:00:00.000000,2024-01-29 00:00:00.000000,departamento,Arriendo,agency
TT-2024-01-003633,toctoc,Ñuñoa,Metropolitana,26.35,UF,87.3,2023-10-26 00:00:00.000000,2024-01-22 00:00:00.000000,departamento,Arriendo,agency
TT-2024-01-002816,toctoc,Quinta Normal,Metropolitana,400000.0,CLP,37.6,2023-12-24 00:00:00.000000,2024-01-15 00:00:00.000000,DEPARTAMENTO,arriendo,owner_direct
TT-2024-01-005325,toctoc,Quilicura,Metropolitana,350000.0,CLP,35.3,2023-11-22 00:00:00.000000,2024-01-29 00:00:00.000000,DEPARTAMENTO,ARRIENDO,agency
TT-2024-01-001758,toctoc,Estación Central,Metropolitana,560000.0,CLP,53.8,2023-12-19 00:00:00.000000,2024-01-08 00:00:00.000000,DEPARTAMENTO,ARRIENDO,owner_direct
TT-2024-01-000096,toctoc,Santiago,Metropolitana,15.14,UF,55.6,2023-12-20 00:00:00.000000,2024-01-01 00:00:00.000000,Departamento,arriendo,agency
TT-2024-01-001471,toctoc,Providencia,Metropolitana,49.59,UF,137.0,2024-01-03 00:00:00.000000,2024-01-08 00:00:00.000000,Departamento,Arriendo,agency
TT-2024-01-000894,toctoc,Estación Central,Metropolitana,11.08,UF,32.1,2023-11-04 00:00:00.000000,2024-01-01 00:00:00.000000,DEPARTAMENTO,arriendo,agency
TT-2024-01-000655,toctoc,San Joaquín,Metropolitana,14.19,UF,59.2,2023-10-30 00:00:00.000000,2024-01-01 00:00:00.000000,Departamento,Arriendo,agency
TT-2024-01-001869,toctoc,San Miguel,Metropolitana,12.43,UF,45.8,2024-01-02 00:00:00.000000,2024-01-08 00:00:00.000000,departamento,Arriendo,owner_direct
TT-2024-01-001943,toctoc,Puente Alto,Metropolitana,10.27,UF,35.9,2023-09-13 00:00:00.000000,2024-01-08 00:00:00.000000,Departamento,arriendo,owner_direct
TT-2024-01-001425,toctoc,INDEPENDENCIA,Metropolitana,650000.0,CLP,88.8,2023-12-11 00:00:00.000000,2024-01-08 00:00:00.000000,departamento,arriendo,agency
TT-2024-01-000374,toctoc,Ñuñoa,Metropolitana,850000.0,CLP,74.2,2023-12-24 00:00:00.000000,2024-01-01 00:00:00.000000,Departamento,Arriendo,agency
TT-2024-01-005187,toctoc,San Miguel,Metropolitana,27.97,UF,130.8,2024-01-16 00:00:00.000000,2024-01-29 00:00:00.000000,Departamento,Arriendo,agency
TT-2024-01-002132,toctoc,Renca,Metropolitana,16.22,UF,73.8,2023-12-28 00:00:00.000000,2024-01-08 00:00:00.000000,Departamento,ARRIENDO,owner_direct
TT-2024-01-003702,toctoc,Providencia,Metropolitana,955000.0,CLP,49.3,2024-01-13 00:00:00.000000,2024-01-22 00:00:00.000000,DEPARTAMENTO,arriendo,owner_direct
TT-2024-01-004204,toctoc,Estación Central,Metropolitana,9.73,UF,26.4,2023-12-23 00:00:00.000000,2024-01-22 00:00:00.000000,Departamento,Arriendo,agency
TT-2024-01-002053,toctoc,Providencia,Metropolitana,1065000.0,CLP,62.5,2023-11-29 00:00:00.000000,2024-01-08 00:00:00.000000,Departamento,Arriendo,owner_direct
TT-2024-01-003210,toctoc,Quinta Normal,Metropolitana,13.65,UF,43.7,2023-12-31 00:00:00.000000,2024-01-15 00:00:00.000000,departamento,ARRIENDO,owner_direct
TT-2024-01-000115,toctoc,La Florida,Metropolitana,565000.0,CLP,62.6,2023-12-07 00:00:00.000000,2024-01-01 00:00:00.000000,departamento,arriendo,agency
TT-2024-01-004192,toctoc,Huechuraba,Metropolitana,555000.0,CLP,44.0,2023-09-22 00:00:00.000000,2024-01-22 00:00:00.000000,departamento,Arriendo,owner_direct
TT-2024-01-003209,toctoc,Providencia,Metropolitana,27.3,UF,47.5,2024-01-03 00:00:00.000000,2024-01-15 00:00:00.000000,DEPARTAMENTO,ARRIENDO,owner_direct
TT-2024-01-002376,toctoc,Peñalolén,Metropolitana,17.43,UF,57.5,2023-11-26 00:00:00.000000,2024-01-15 00:00:00.000000,DEPARTAMENTO,Arriendo,agency
TT-2024-01-005080,toctoc,Providencia,Metropolitana,885000.0,CLP,47.1,2024-01-26 00:00:00.000000,2024-01-29 00:00:00.000000,Departamento,Arriendo,agency
TT-2024-01-000398,toctoc,Ñuñoa,Metropolitana,585000.0,CLP,33.6,2023-12-27 00:00:00.000000,2024-01-01 00:00:00.000000,DEPARTAMENTO,ARRIENDO,agency
TT-2024-01-003673,toctoc,Lo Barnechea,Metropolitana,935000.0,CLP,53.7,2023-12-27 00:00:00.000000,2024-01-22 00:00:00.000000,DEPARTAMENTO,ARRIENDO,agency
TT-2024-01-001621,toctoc,Santiago,Metropolitana,445000.0,CLP,22.6,2023-12-19 00:00:00.000000,2024-01-08 00:00:00.000000,departamento,arriendo,agency
TT-2024-01-001271,toctoc,Quilicura,Metropolitana,54.19,UF,58.9,2023-12-13 00:00:00.000000,2024-01-08 00:00:00.000000,Departamento,arriendo,agency
TT-2024-01-000519,toctoc,Las Condes,Metropolitana,930000.0,CLP,36.8,2023-11-09 00:00:00.000000,2024-01-01 00:00:00.000000,Departamento,Arriendo,agency
TT-2024-01-000537,toctoc,Las Condes,Metropolitana,28.11,UF,46.2,2023-12-12 00:00:00.000000,2024-01-01 00:00:00.000000,departamento,ARRIENDO,owner_direct
TT-2024-01-000973,toctoc,Santiago,Metropolitana,515000.0,CLP,39.6,2023-12-16 00:00:00.000000,2024-01-01 00:00:00.000000,Departamento,ARRIENDO,agency
TT-2024-01-001319,toctoc,San Miguel,Metropolitana,510000.0,CLP,36.0,2023-06-12 00:00:00.000000,2024-01-08 00:00:00.000000,departamento,Arriendo,agency
TT-2024-01-001191,toctoc,San Joaquín,Metropolitana,11.08,UF,35.8,2023-12-17 00:00:00.000000,2024-01-01 00:00:00.000000,departamento,arriendo,agency
TT-2024-01-003566,toctoc,La Reina,Metropolitana,885000.0,CLP,49.8,2023-12-28 00:00:00.000000,2024-01-22 00:00:00.000000,DEPARTAMENTO,arriendo,agency
TT-2024-01-003155,toctoc,SANTIAGO,Metropolitana,19.59,UF,64.2,2024-01-01 00:00:00.000000,2024-01-15 00:00:00.000000,departamento,Arriendo,agency
TT-2024-01-003312,toctoc,Ñuñoa,Metropolitana,600000.0,CLP,39.5,2023-12-28 00:00:00.000000,2024-01-22 00:00:00.000000,departamento,arriendo,owner_direct
TT-2024-01-004206,toctoc,Estación Central,Metropolitana,13.11,UF,52.1,2024-01-06 00:00:00.000000,2024-01-22 00:00:00.000000,Departamento,Arriendo,agency
TT-2024-01-002680,toctoc,Las Condes,Metropolitana,25.81,UF,41.3,2023-07-03 00:00:00.000000,2024-01-15 00:00:00.000000,Departamento,ARRIENDO,owner_direct
TT-2024-01-003397,toctoc,Huechuraba,Metropolitana,475000.0,CLP,30.9,2024-01-11 00:00:00.000000,2024-01-22 00:00:00.000000,DEPARTAMENTO,Arriendo,agency
TT-2024-01-003159,toctoc,Estación Central,Metropolitana,14.59,UF,63.4,2023-12-10 00:00:00.000000,2024-01-15 00:00:00.000000,Departamento,ARRIENDO,owner_direct
TT-2024-01-001493,toctoc,Estación Central,Metropolitana,15.95,UF,58.9,2023-11-30 00:00:00.000000,2024-01-08 00:00:00.000000,Departamento,ARRIENDO,owner_direct
TT-2024-01-004653,toctoc,Providencia,Metropolitana,1440000.0,CLP,78.5,2024-01-22 00:00:00.000000,2024-01-29 00:00:00.000000,departamento,ARRIENDO,owner_direct
TT-2024-01-001790,toctoc,Puente Alto,Metropolitana,11.76,UF,46.6,2024-01-01 00:00:00.000000,2024-01-08 00:00:00.000000,Departamento,arriendo,owner_direct
TT-2024-01-003511,toctoc,Las Condes,Metropolitana,27.16,UF,51.9,2023-12-10 00:00:00.000000,2024-01-22 00:00:00.000000,DEPARTAMENTO,Arriendo,agency
TT-2024-01-000747,toctoc,Independencia,Metropolitana,11.08,UF,37.7,2023-10-01 00:00:00.000000,2024-01-01 00:00:00.000000,departamento,ARRIENDO,owner_direct
TT-2024-01-003500,toctoc,Huechuraba,Metropolitana,20.27,UF,71.2,2023-12-03 00:00:00.000000,2024-01-22 00:00:00.000000,DEPARTAMENTO,arriendo,agency
TT-2024-01-000990,toctoc,Independencia,Metropolitana,13.78,UF,44.5,2023-11-11 00:00:00.000000,2024-01-01 00:00:00.000000,DEPARTAMENTO,arriendo,agency
TT-2024-01-003321,toctoc,Las Condes,Metropolitana,36.76,UF,81.4,2023-12-11 00:00:00.000000,2024-01-22 00:00:00.000000,departamento,arriendo,agency
TT-2024-01-002232,toctoc,La Reina,Metropolitana,775000.0,CLP,48.6,2024-01-03 00:00:00.000000,2024-01-08 00:00:00.000000,Departamento,arriendo,agency
TT-2024-01-003768,toctoc,Independencia,Metropolitana,7030000.0,CLP,999.0,2023-09-24 00:00:00.000000,2024-01-22 00:00:00.000000,DEPARTAMENTO,arriendo,agency
TT-2024-01-000839,toctoc,La Reina,Metropolitana,22.7,UF,72.4,2023-12-15 00:00:00.000000,2024-01-01 00:00:00.000000,Departamento,ARRIENDO,agency
TT-2024-01-005082,toctoc,Independencia,Metropolitana,19.86,UF,67.3,2023-12-24 00:00:00.000000,2024-01-29 00:00:00.000000,Departamento,arriendo,agency
TT-2024-01-001462,toctoc,Lo Barnechea,Metropolitana,865000.0,CLP,40.5,2023-12-23 00:00:00.000000,2024-01-08 00:00:00.000000,departamento,Arriendo,agency
TT-2024-01-000630,toctoc,Santiago,Metropolitana,685000.0,CLP,51.5,2023-11-30 00:00:00.000000,2024-01-01 00:00:00.000000,departamento,Arriendo,agency
TT-2024-01-003653,toctoc,Recoleta,Metropolitana,465000.0,CLP,42.6,2023-08-27 00:00:00.000000,2024-01-22 00:00:00.000000,departamento,ARRIENDO,agency
TT-2024-01-002949,toctoc,Maipú,Metropolitana,550000.0,CLP,57.3,2023-11-27 00:00:00.000000,2024-01-15 00:00:00.000000,departamento,Arriendo,agency
TT-2024-01-001146,toctoc,San Miguel,Metropolitana,15.81,UF,47.4,2023-11-09 00:00:00.000000,2024-01-01 00:00:00.000000,DEPARTAMENTO,ARRIENDO,owner_direct
TT-2024-01-003831,toctoc,San Joaquín,Metropolitana,460000.0,CLP,31.8,2024-01-02 00:00:00.000000,2024-01-22 00:00:00.000000,DEPARTAMENTO,Arriendo,owner_direct
TT-2024-01-005106,toctoc,Ñuñoa,Metropolitana,21.89,UF,75.4,2024-01-20 00:00:00.000000,2024-01-29 00:00:00.000000,departamento,Arriendo,owner_direct
TT-2024-01-001874,toctoc,Puente Alto,Metropolitana,580000.0,CLP,87.0,2023-12-27 00:00:00.000000,2024-01-08 00:00:00.000000,DEPARTAMENTO,ARRIENDO,agency
TT-2024-01-002264,toctoc,San Joaquín ,Metropolitana,470000.0,CLP,63.0,2023-12-11 00:00:00.000000,2024-01-08 00:00:00.000000,Departamento,arriendo,agency
TT-2024-01-001258,toctoc,Santiago,Metropolitana,14.86,UF,56.8,2024-01-05 00:00:00.000000,2024-01-08 00:00:00.000000,Departamento,ARRIENDO,agency
TT-2024-01-005455,toctoc,Las Condes,Metropolitana,920000.0,CLP,42.0,2024-01-17 00:00:00.000000,2024-01-29 00:00:00.000000,DEPARTAMENTO,ARRIENDO,agency
TT-2024-01-001046,toctoc,La Cisterna,Metropolitana,20.95,UF,102.4,2023-11-04 00:00:00.000000,2024-01-01 00:00:00.000000,DEPARTAMENTO,Arriendo,agency
TT-2024-01-003514,toctoc,San Miguel,Metropolitana,505000.0,CLP,41.9,2024-01-09 00:00:00.000000,2024-01-22 00:00:00.000000,departamento,ARRIENDO,owner_direct
TT-2024-01-002807,toctoc,Santiago,Metropolitana,24.32,UF,74.6,2023-12-30 00:00:00.000000,2024-01-15 00:00:00.000000,departamento,Arriendo,agency
TT-2024-01-001371,toctoc,Providencia,Metropolitana,870000.0,CLP,37.0,2023-12-11 00:00:00.000000,2024-01-08 00:00:00.000000,departamento,arriendo,owner_direct
TT-2024-01-000968,toctoc,Providencia,Metropolitana,1065000.0,CLP,79.1,2023-07-15 00:00:00.000000,2024-01-01 00:00:00.000000,departamento,ARRIENDO,agency
TT-2024-01-003639,toctoc,San Miguel,Metropolitana,820000.0,CLP,65.8,2023-07-31 00:00:00.000000,2024-01-22 00:00:00.000000,DEPARTAMENTO,ARRIENDO,agency
TT-2024-01-001412,toctoc,Estación Central,Metropolitana,1530000.0,CLP,50.4,2023-12-16 00:00:00.000000,2024-01-08 00:00:00.000000,Departamento,arriendo,agency
TT-2024-01-001099,toctoc,Estación Central,Metropolitana,585000.0,CLP,75.9,2023-08-11 00:00:00.000000,2024-01-01 00:00:00.000000,DEPARTAMENTO,arriendo,owner_direct
TT-2024-01-003593,toctoc,Santiago,Metropolitana,22.16,UF,59.7,2024-01-02 00:00:00.000000,2024-01-22 00:00:00.000000,DEPARTAMENTO,arriendo,agency
TT-2024-01-003876,toctoc,Independencia,Metropolitana,425000.0,CLP,39.3,2023-12-09 00:00:00.000000,2024-01-22 00:00:00.000000,DEPARTAMENTO,arriendo,owner_direct
TT-2024-01-000631,toctoc,Quinta Normal,Metropolitana,14.19,UF,56.0,2023-12-23 00:00:00.000000,2024-01-01 00:00:00.000000,Departamento,arriendo,owner_direct
TT-2024-01-001287,toctoc,Providencia,Metropolitana,965000.0,CLP,44.5,2023-12-16 00:00:00.000000,2024-01-08 00:00:00.000000,DEPARTAMENTO,Arriendo,agency
TT-2024-01-003324,toctoc,San Joaquín,Metropolitana,420000.0,CLP,31.7,2024-01-10 00:00:00.000000,2024-01-22 00:00:00.000000,departamento,Arriendo,owner_direct
TT-2024-01-004846,toctoc,San Miguel,Metropolitana,450000.0,CLP,28.0,2023-12-17 00:00:00.000000,2024-01-29 00:00:00.000000,departamento,arriendo,owner_direct
TT-2024-01-000771,toctoc,Estación Central,Metropolitana,14.73,UF,55.1,2023-11-27 00:00:00.000000,2024-01-01 00:00:00.000000,Departamento,arriendo,agency
TT-2024-01-001431,toctoc,La Reina,Metropolitana,19.19,UF,32.6,2023-12-25 00:00:00.000000,2024-01-08 00:00:00.000000,departamento,arriendo,agency
TT-2024-01-005497,toctoc,San Miguel,Metropolitana,16.76,UF,56.6,2023-12-29 00:00:00.000000,2024-01-29 00:00:00.000000,Departamento,Arriendo,agency
TT-2024-01-001674,toctoc,La Reina,Metropolitana,660000.0,CLP,40.6,2023-10-11 00:00:00.000000,2024-01-08 00:00:00.000000,DEPARTAMENTO,arriendo,agency
TT-2024-01-002172,toctoc,Las Condes,Metropolitana,36.62,UF,85.7,2023-10-16 00:00:00.000000,2024-01-08 00:00:00.000000,DEPARTAMENTO,Arriendo,owner_direct
TT-2024-01-002559,toctoc,Las Condes,Metropolitana,21.22,UF,37.4,2023-12-22 00:00:00.000000,2024-01-15 00:00:00.000000,Departamento,ARRIENDO,agency
TT-2024-01-003337,toctoc,Ñuñoa,Metropolitana,14.05,UF,28.0,2023-12-28 00:00:00.000000,2024-01-22 00:00:00.000000,Departamento,arriendo,owner_direct
TT-2024-01-004043,toctoc,Estación Central,Metropolitana,12.3,UF,33.9,2024-01-13 00:00:00.000000,2024-01-22 00:00:00.000000,DEPARTAMENTO,arriendo,agency
TT-2024-01-004862,toctoc,La Cisterna,Metropolitana,14.32,UF,56.1,2023-12-05 00:00:00.000000,2024-01-29 00:00:00.000000,DEPARTAMENTO,Arriendo,owner_direct
TT-2024-01-001243,toctoc,Lo Barnechea,Metropolitana,880000.0,CLP,47.1,2023-11-28 00:00:00.000000,2024-01-08 00:00:00.000000,departamento,ARRIENDO,agency
TT-2024-01-003830,toctoc,La Florida,Metropolitana,505000.0,CLP,44.3,2023-12-18 00:00:00.000000,2024-01-22 00:00:00.000000,DEPARTAMENTO,arriendo,agency
TT-2024-01-004428,toctoc,Recoleta,Metropolitana,680000.0,CLP,78.7,2023-12-16 00:00:00.000000,2024-01-29 00:00:00.000000,DEPARTAMENTO,ARRIENDO,agency
TT-2024-01-001247,toctoc,Estación Central,Metropolitana,13.11,UF,47.5,2023-12-05 00:00:00.000000,2024-01-08 00:00:00.000000,DEPARTAMENTO,arriendo,owner_direct
TT-2024-01-004462,toctoc,Santiago,Metropolitana,565000.0,CLP,58.6,2024-01-26 00:00:00.000000,2024-01-29 00:00:00.000000,departamento,ARRIENDO,agency
TT-2024-01-005168,toctoc,La Reina,Metropolitana,24.05,UF,63.9,2024-01-03 00:00:00.000000,2024-01-29 00:00:00.000000,departamento,Arriendo,owner_direct
TT-2024-01-004988,toctoc,Quilicura,Metropolitana,480000.0,CLP,60.3,2023-12-26 00:00:00.000000,2024-01-29 00:00:00.000000,DEPARTAMENTO,ARRIENDO,
TT-2024-01-005388,toctoc,Providencia,Metropolitana,730000.0,CLP,28.5,2023-12-31 00:00:00.000000,2024-01-29 00:00:00.000000,Departamento,Arriendo,agency
TT-2024-01-000371,toctoc,Recoleta,Metropolitana,14.59,UF,58.6,2023-12-14 00:00:00.000000,2024-01-01 00:00:00.000000,Departamento,ARRIENDO,agency
TT-2024-01-003257,toctoc,Quinta Normal,Metropolitana,480000.0,CLP,52.7,2024-01-07 00:00:00.000000,2024-01-15 00:00:00.000000,Departamento,Arriendo,owner_direct
TT-2024-01-000326,toctoc,Recoleta,Metropolitana,10.95,UF,45.6,2023-11-26 00:00:00.000000,2024-01-01 00:00:00.000000,Departamento,ARRIENDO,owner_direct
TT-2024-01-003112,toctoc,Recoleta,Metropolitana,12.03,UF,44.7,2023-12-14 00:00:00.000000,2024-01-15 00:00:00.000000,departamento,Arriendo,agency
TT-2024-01-000621,toctoc,San Joaquín,Metropolitana,14.32,UF,50.7,2023-11-05 00:00:00.000000,2024-01-01 00:00:00.000000,departamento,Arriendo,agency
TT-2024-01-003706,toctoc,Puente Alto,Metropolitana,340000.0,CLP,31.9,2023-12-30 00:00:00.000000,2024-01-22 00:00:00.000000,Departamento,arriendo,owner_direct
TT-2024-01-005081,toctoc,Maipú,Metropolitana,505000.0,CLP,56.2,2023-12-29 00:00:00.000000,2024-01-29 00:00:00.000000,Departamento,arriendo,owner_direct
TT-2024-01-004736,toctoc,Recoleta,Metropolitana,590000.0,CLP,62.2,2023-12-31 00:00:00.000000,2024-01-29 00:00:00.000000,DEPARTAMENTO,Arriendo,agency
TT-2024-01-000950,toctoc,Ñuñoa,Metropolitana,21.89,UF,63.6,2023-12-17 00:00:00.000000,2024-01-01 00:00:00.000000,Departamento,Arriendo,agency
TT-2024-01-003178,toctoc,Independencia,Metropolitana,25.41,UF,119.9,2023-12-26 00:00:00.000000,2024-01-15 00:00:00.000000,DEPARTAMENTO,arriendo,agency
TT-2024-01-003748,toctoc,La Cisterna,Metropolitana,17.97,UF,96.4,2023-12-09 00:00:00.000000,2024-01-22 00:00:00.000000,DEPARTAMENTO,arriendo,agency
TT-2024-01-000565,toctoc,Independencia,Metropolitana,10.41,UF,30.5,2023-11-08 00:00:00.000000,2024-01-01 00:00:00.000000,DEPARTAMENTO,ARRIENDO,agency
TT-2024-01-001474,toctoc,Las Condes,Metropolitana,965000.0,CLP,49.1,2023-11-20 00:00:00.000000,2024-01-08 00:00:00.000000,DEPARTAMENTO,ARRIENDO,owner_direct
TT-2024-01-004733,toctoc,Maipú,Metropolitana,740000.0,CLP,110.3,2024-01-27 00:00:00.000000,2024-01-29 00:00:00.000000,departamento,ARRIENDO,owner_direct
TT-2024-01-001861,toctoc,Recoleta,Metropolitana,620000.0,CLP,79.8,2023-12-23 00:00:00.000000,2024-01-08 00:00:00.000000,departamento,ARRIENDO,owner_direct
TT-2024-01-003368,toctoc,Estación Central,Metropolitana,345000.0,CLP,29.6,2023-12-16 00:00:00.000000,2024-01-22 00:00:00.000000,Departamento,Arriendo,agency
TT-2024-01-003098,toctoc,Peñalolén,Metropolitana,14.73,UF,44.8,2023-12-01 00:00:00.000000,2024-01-15 00:00:00.000000,DEPARTAMENTO,Arriendo,owner_direct
TT-2024-01-002058,toctoc,Quinta Normal,Metropolitana,11.89,UF,43.0,2023-10-22 00:00:00.000000,2024-01-08 00:00:00.000000,Departamento,ARRIENDO,
TT-2024-01-001891,toctoc,Las Condes,Metropolitana,22.7,UF,36.0,2023-12-18 00:00:00.000000,2024-01-08 00:00:00.000000,DEPARTAMENTO,Arriendo,agency
TT-2024-01-003453,toctoc,La Florida,Metropolitana,13.24,UF,44.6,2024-01-20 00:00:00.000000,2024-01-22 00:00:00.000000,departamento,arriendo,agency
TT-2024-01-001959,toctoc,Recoleta,Metropolitana,575000.0,CLP,61.4,2023-12-28 00:00:00.000000,2024-01-08 00:00:00.000000,departamento,ARRIENDO,owner_direct
TT-2024-01-002351,toctoc,Estación Central,Metropolitana,23.11,UF,100.1,2023-07-20 00:00:00.000000,2024-01-08 00:00:00.000000,departamento,arriendo,agency
TT-2024-01-002905,toctoc,Providencia,Metropolitana,32.3,UF,60.4,2024-01-04 00:00:00.000000,2024-01-15 00:00:00.000000,departamento,arriendo,owner_direct
TT-2024-01-000050,toctoc,ESTACIÓN CENTRAL,Metropolitana,430000.0,CLP,40.1,2023-12-11 00:00:00.000000,2024-01-01 00:00:00.000000,DEPARTAMENTO,Arriendo,agency
TT-2024-01-004942,toctoc,Conchalí,Metropolitana,565000.0,CLP,68.7,2023-12-29 00:00:00.000000,2024-01-29 00:00:00.000000,DEPARTAMENTO,arriendo,agency
TT-2024-01-003997,toctoc,La Cisterna,Metropolitana,535000.0,CLP,57.3,2024-01-03 00:00:00.000000,2024-01-22 00:00:00.000000,departamento,Arriendo,owner_direct
TT-2024-01-001418,toctoc,Providencia,Metropolitana,780000.0,CLP,41.9,2023-12-22 00:00:00.000000,2024-01-08 00:00:00.000000,departamento,Arriendo,owner_direct
TT-2024-01-001854,toctoc,MAIPÚ,Metropolitana,635000.0,CLP,66.3,2023-12-13 00:00:00.000000,2024-01-08 00:00:00.000000,Departamento,Arriendo,agency
TT-2024-01-000559,toctoc,Independencia,Metropolitana,800000.0,CLP,135.2,2023-12-31 00:00:00.000000,2024-01-01 00:00:00.000000,Departamento,Arriendo,owner_direct
TT-2024-01-000337,toctoc,La Cisterna,Metropolitana,10.14,UF,30.3,2023-12-16 00:00:00.000000,2024-01-01 00:00:00.000000,DEPARTAMENTO,ARRIENDO,owner_direct
TT-2024-01-000291,toctoc,Recoleta,Metropolitana,14.59,UF,67.5,2023-08-23 00:00:00.000000,2024-01-01 00:00:00.000000,departamento,Arriendo,owner_direct
TT-2024-01-000391,toctoc,Estación Central,Metropolitana,405000.0,CLP,38.8,2023-11-29 00:00:00.000000,2024-01-01 00:00:00.000000,DEPARTAMENTO,ARRIENDO,agency
TT-2024-01-003925,toctoc,Las Condes,Metropolitana,26.08,UF,45.8,2023-12-24 00:00:00.000000,2024-01-22 00:00:00.000000,DEPARTAMENTO,Arriendo,
TT-2024-01-000116,toctoc,Independencia,Metropolitana,685000.0,CLP,95.0,2023-12-22 00:00:00.000000,2024-01-01 00:00:00.000000,Departamento,ARRIENDO,
TT-2024-01-001095,toctoc,Santiago,Metropolitana,550000.0,CLP,47.4,2023-12-22 00:00:00.000000,2024-01-01 00:00:00.000000,DEPARTAMENTO,arriendo,agency
TT-2024-01-003974,toctoc,Maipú,Metropolitana,9.86,UF,29.3,2023-12-16 00:00:00.000000,2024-01-22 00:00:00.000000,departamento,arriendo,owner_direct
TT-2024-01-004500,toctoc,estación central,Metropolitana,15.27,UF,62.9,2024-01-03 00:00:00.000000,2024-01-29 00:00:00.000000,Departamento,arriendo,owner_direct
TT-2024-01-004922,toctoc,Quinta Normal,Metropolitana,13.51,UF,62.1,2023-12-16 00:00:00.000000,2024-01-29 00:00:00.000000,Departamento,arriendo,agency
TT-2024-01-003419,toctoc,La Cisterna,Metropolitana,425000.0,CLP,38.3,2023-12-15 00:00:00.000000,2024-01-22 00:00:00.000000,departamento,ARRIENDO,owner_direct
TT-2024-01-003277,toctoc,Santiago,Metropolitana,17.03,UF,58.2,2024-01-14 00:00:00.000000,2024-01-22 00:00:00.000000,DEPARTAMENTO,Arriendo,agency
TT-2024-01-003059,toctoc,Pudahuel,Metropolitana,405000.0,CLP,50.8,2023-11-23 00:00:00.000000,2024-01-15 00:00:00.000000,departamento,arriendo,agency
TT-2024-01-003991,toctoc,Santiago,Metropolitana,470000.0,CLP,30.1,2024-01-11 00:00:00.000000,2024-01-22 00:00:00.000000,DEPARTAMENTO,Arriendo,owner_direct
TT-2024-01-001918,toctoc,Estación Central,Metropolitana,15.27,UF,64.1,2023-12-19 00:00:00.000000,2024-01-08 00:00:00.000000,departamento,Arriendo,owner_direct
TT-2024-01-001275,toctoc,Estación Central,Metropolitana,11.22,UF,37.9,2023-12-18 00:00:00.000000,2024-01-08 00:00:00.000000,Departamento,Arriendo,agency
TT-2024-01-005340,toctoc,Macul,Metropolitana,17.57,UF,50.5,2023-12-30 00:00:00.000000,2024-01-29 00:00:00.000000,Departamento,arriendo,owner_direct
TT-2024-01-005107,toctoc,Las Condes,Metropolitana,1125000.0,CLP,54.6,2024-01-02 00:00:00.000000,2024-01-29 00:00:00.000000,Departamento,ARRIENDO,agency
TT-2024-01-001838,toctoc, Las Condes,Metropolitana,1010000.0,CLP,47.1,2023-12-20 00:00:00.000000,2024-01-08 00:00:00.000000,Departamento,ARRIENDO,agency
TT-2024-01-001445,toctoc,Estación Central,Metropolitana,690000.0,CLP,79.9,2024-01-03 00:00:00.000000,2024-01-08 00:00:00.000000,DEPARTAMENTO,Arriendo,owner_direct
TT-2024-01-004976,toctoc,Providencia,Metropolitana,890000.0,CLP,49.8,2023-08-22 00:00:00.000000,2024-01-29 00:00:00.000000,DEPARTAMENTO,Arriendo,owner_direct
TT-2024-01-005157,toctoc,Quilicura,Metropolitana,375000.0,CLP,38.5,2023-12-18 00:00:00.000000,2024-01-29 00:00:00.000000,departamento,Arriendo,agency
TT-2024-01-004597,toctoc,Huechuraba,Metropolitana,760000.0,CLP,53.8,2024-01-13 00:00:00.000000,2024-01-29 00:00:00.000000,Departamento,Arriendo,agency
TT-2024-01-004338,toctoc,Santiago,Metropolitana,15.14,UF,62.5,2023-12-23 00:00:00.000000,2024-01-22 00:00:00.000000,DEPARTAMENTO,arriendo,agency
TT-2024-01-004168,toctoc,Las Condes,Metropolitana,24.05,UF,33.3,2023-11-27 00:00:00.000000,2024-01-22 00:00:00.000000,departamento,Arriendo,agency
TT-2024-01-002494,toctoc,Pudahuel,Metropolitana,10.14,UF,31.1,2023-09-05 00:00:00.000000,2024-01-15 00:00:00.000000,departamento,ARRIENDO,agency
TT-2024-01-003611,toctoc,Providencia,Metropolitana,17.7,UF,24.6,2023-08-22 00:00:00.000000,2024-01-22 00:00:00.000000,departamento,ARRIENDO,owner_direct
TT-2024-01-003097,toctoc,Santiago,Metropolitana,13.38,UF,34.0,2023-12-28 00:00:00.000000,2024-01-15 00:00:00.000000,DEPARTAMENTO,arriendo,agency
TT-2024-01-003207,toctoc,Ñuñoa,Metropolitana,580000.0,CLP,33.1,2024-01-10 00:00:00.000000,2024-01-15 00:00:00.000000,Departamento,arriendo,owner_direct
TT-2024-01-000292,toctoc,Providencia,Metropolitana,23.24,UF,51.6,2023-12-25 00:00:00.000000,2024-01-01 00:00:00.000000,DEPARTAMENTO,Arriendo,owner_direct
TT-2024-01-004467,toctoc,La Cisterna,Metropolitana,520000.0,CLP,52.0,2023-12-22 00:00:00.000000,2024-01-29 00:00:00.000000,DEPARTAMENTO,Arriendo,agency
TT-2024-01-004358,toctoc,Providencia,Metropolitana,20.81,UF,37.7,2023-11-29 00:00:00.000000,2024-01-29 00:00:00.000000,DEPARTAMENTO,arriendo,agency
TT-2024-01-002354,toctoc,Ñuñoa,Metropolitana,830000.0,CLP,68.7,2023-12-28 00:00:00.000000,2024-01-08 00:00:00.000000,DEPARTAMENTO,ARRIENDO,agency
TT-2024-01-001667,toctoc,Puente Alto,Metropolitana,420000.0,CLP,54.1,2023-12-11 00:00:00.000000,2024-01-08 00:00:00.000000,DEPARTAMENTO,ARRIENDO,owner_direct
TT-2024-01-005090,toctoc,Peñalolén,Metropolitana,13.51,UF,47.7,2024-01-19 00:00:00.000000,2024-01-29 00:00:00.000000,departamento,Arriendo,owner_direct
TT-2024-01-000402,toctoc,San Miguel,Metropolitana,11.35,UF,10.0,2023-10-25 00:00:00.000000,2024-01-01 00:00:00.000000,DEPARTAMENTO,Arriendo,agency
TT-2024-01-000593,toctoc,Santiago,Metropolitana,495000.0,CLP,34.6,2023-11-25 00:00:00.000000,2024-01-01 00:00:00.000000,Departamento,arriendo,agency
TT-2024-01-000173,toctoc,La Florida,Metropolitana,14.73,UF,43.5,2023-10-25 00:00:00.000000,2024-01-01 00:00:00.000000,Departamento,Arriendo,agency
TT-2024-01-000305,toctoc,La Florida,Metropolitana,16.08,UF,71.1,2023-10-17 00:00:00.000000,2024-01-01 00:00:00.000000,DEPARTAMENTO,arriendo,owner_direct
TT-2024-01-004297,toctoc,La Florida,Metropolitana,10.68,UF,31.2,2024-01-13 00:00:00.000000,2024-01-22 00:00:00.000000,DEPARTAMENTO,Arriendo,owner_direct
TT-2024-01-003410,toctoc,Santiago,Metropolitana,34.46,UF,131.5,2023-12-10 00:00:00.000000,2024-01-22 00:00:00.000000,departamento,arriendo,agency
TT-2024-01-001359,toctoc,San Miguel,Metropolitana,625000.0,CLP,49.1,2023-12-27 00:00:00.000000,2024-01-08 00:00:00.000000,DEPARTAMENTO,ARRIENDO,owner_direct
TT-2024-01-002435,toctoc,Pudahuel,Metropolitana,665000.0,CLP,80.4,2024-01-02 00:00:00.000000,2024-01-15 00:00:00.000000,DEPARTAMENTO,arriendo,agency
TT-2024-01-000927,toctoc,Independencia,Metropolitana,14.19,UF,37.0,2023-11-15 00:00:00.000000,2024-01-01 00:00:00.000000,Departamento,arriendo,agency
TT-2024-01-003724,toctoc,Ñuñoa,Metropolitana,18.11,UF,45.5,2023-12-25 00:00:00.000000,2024-01-22 00:00:00.000000,Departamento,Arriendo,agency
TT-2024-01-002195,toctoc,Providencia,Metropolitana,29.32,UF,76.9,2023-11-11 00:00:00.000000,2024-01-08 00:00:00.000000,departamento,ARRIENDO,agency
TT-2024-01-002057,toctoc,La Florida,Metropolitana,18.65,UF,69.8,2024-01-07 00:00:00.000000,2024-01-08 00:00:00.000000,DEPARTAMENTO,ARRIENDO,owner_direct
TT-2024-01-004725,toctoc,Estación Central,Metropolitana,445000.0,CLP,49.0,2023-07-10 00:00:00.000000,2024-01-29 00:00:00.000000,Departamento,Arriendo,agency
TT-2024-01-002572,toctoc,Santiago,Metropolitana,14.46,UF,39.1,2023-12-29 00:00:00.000000,2024-01-15 00:00:00.000000,Departamento,ARRIENDO,owner_direct
TT-2024-01-004195,toctoc,Estación Central,Metropolitana,610000.0,CLP,78.7,2023-11-29 00:00:00.000000,2024-01-22 00:00:00.000000,DEPARTAMENTO,ARRIENDO,agency
TT-2024-01-001456,toctoc,Independencia,Metropolitana,10.0,UF,26.2,2023-12-15 00:00:00.000000,2024-01-08 00:00:00.000000,departamento,Arriendo,owner_direct
TT-2024-01-003474,toctoc,Huechuraba,Metropolitana,17.84,UF,54.8,2023-12-17 00:00:00.000000,2024-01-22 00:00:00.000000,Departamento,arriendo,agency
TT-2024-01-002328,toctoc,San Miguel,Metropolitana,19.19,UF,77.0,2023-12-14 00:00:00.000000,2024-01-08 00:00:00.000000,DEPARTAMENTO,Arriendo,owner_direct
TT-2024-01-005327,toctoc,Recoleta,Metropolitana,10.68,UF,34.9,2024-01-11 00:00:00.000000,2024-01-29 00:00:00.000000,departamento,arriendo,agency
TT-2024-01-004035,toctoc,Santiago,Metropolitana,515000.0,CLP,52.3,2024-01-08 00:00:00.000000,2024-01-22 00:00:00.000000,DEPARTAMENTO,ARRIENDO,owner_direct
TT-2024-01-000424,toctoc,Pudahuel,Metropolitana,15.14,UF,70.5,2023-12-29 00:00:00.000000,2024-01-01 00:00:00.000000,DEPARTAMENTO,Arriendo,agency
TT-2024-01-005449,toctoc,Santiago,Metropolitana,21.08,UF,88.4,2024-01-28 00:00:00.000000,2024-01-29 00:00:00.000000,DEPARTAMENTO,arriendo,agency
TT-2024-01-001866,toctoc,San Miguel,Metropolitana,11.89,UF,42.5,2023-12-17 00:00:00.000000,2024-01-08 00:00:00.000000,Departamento,ARRIENDO,owner_direct
TT-2024-01-003761,toctoc,Peñalolén,Metropolitana,13.78,UF,45.3,2024-01-11 00:00:00.000000,2024-01-22 00:00:00.000000,DEPARTAMENTO,arriendo,owner_direct
TT-2024-01-004169,toctoc,La Cisterna,Metropolitana,1520000.0,CLP,37.0,2023-12-30 00:00:00.000000,2024-01-22 00:00:00.000000,departamento,ARRIENDO,agency
TT-2024-01-003280,toctoc,La Cisterna,Metropolitana,9.73,UF,32.7,2023-12-14 00:00:00.000000,2024-01-22 00:00:00.000000,departamento,Arriendo,agency
TT-2024-01-005272,toctoc,Santiago,Metropolitana,560000.0,CLP,38.6,2024-01-06 00:00:00.000000,2024-01-29 00:00:00.000000,departamento,arriendo,agency
TT-2024-01-001896,toctoc,La Florida,Metropolitana,10.54,UF,32.7,2024-01-02 00:00:00.000000,2024-01-08 00:00:00.000000,departamento,arriendo,agency
TT-2024-01-003487,toctoc,Santiago,Metropolitana,870000.0,CLP,80.7,2024-01-18 00:00:00.000000,2024-01-22 00:00:00.000000,departamento,Arriendo,agency
TT-2024-01-002584,toctoc,Las Condes,Metropolitana,27.03,UF,51.8,2023-12-17 00:00:00.000000,2024-01-15 00:00:00.000000,departamento,arriendo,agency
TT-2024-01-004617,toctoc,Santiago,Metropolitana,20.41,UF,74.5,2024-01-06 00:00:00.000000,2024-01-29 00:00:00.000000,DEPARTAMENTO,Arriendo,agency
TT-2024-01-003151,toctoc,La Cisterna,Metropolitana,9.05,UF,27.6,2024-01-12 00:00:00.000000,2024-01-15 00:00:00.000000,Departamento,Arriendo,owner_direct
TT-2024-01-002936,toctoc,Lo Barnechea,Metropolitana,1210000.0,CLP,99.4,2024-01-03 00:00:00.000000,2024-01-15 00:00:00.000000,DEPARTAMENTO,arriendo,agency
TT-2024-01-000877,toctoc,Lo Barnechea,Metropolitana,30.95,UF,75.0,2023-11-19 00:00:00.000000,2024-01-01 00:00:00.000000,Departamento,Arriendo,owner_direct
TT-2024-01-003939,toctoc,Cerrillos,Metropolitana,795000.0,CLP,84.7,2023-12-28 00:00:00.000000,2024-01-22 00:00:00.000000,Departamento,Arriendo,owner_direct
TT-2024-01-000348,toctoc,Huechuraba,Metropolitana,555000.0,CLP,44.3,2023-12-10 00:00:00.000000,2024-01-01 00:00:00.000000,departamento,ARRIENDO,agency
TT-2024-01-002105,toctoc,Conchalí,Metropolitana,555000.0,CLP,54.8,2023-11-30 00:00:00.000000,2024-01-08 00:00:00.000000,Departamento,Arriendo,agency
TT-2024-01-003268,toctoc,Santiago,Metropolitana,20.0,UF,77.1,2023-12-28 00:00:00.000000,2024-01-15 00:00:00.000000,Departamento,ARRIENDO,agency
TT-2024-01-000230,toctoc,Macul,Metropolitana,12.43,UF,40.5,2023-12-12 00:00:00.000000,2024-01-01 00:00:00.000000,DEPARTAMENTO,Arriendo,owner_direct
TT-2024-01-000829,toctoc,Las Condes,Metropolitana,25.27,UF,52.8,2023-12-08 00:00:00.000000,2024-01-01 00:00:00.000000,departamento,arriendo,agency
TT-2024-01-002665,toctoc,Maipú,Metropolitana,16.62,UF,89.0,2023-11-29 00:00:00.000000,2024-01-15 00:00:00.000000,DEPARTAMENTO,Arriendo,owner_direct
TT-2024-01-003123,toctoc,Santiago,Metropolitana,565000.0,CLP,65.9,2023-11-30 00:00:00.000000,2024-01-15 00:00:00.000000,Departamento,ARRIENDO,agency
TT-2024-01-004404,toctoc,Estación Central,Metropolitana,11.49,UF,42.2,2024-01-16 00:00:00.000000,2024-01-29 00:00:00.000000,Departamento,Arriendo,owner_direct
TT-2024-01-001336,toctoc,Renca,Metropolitana,665000.0,CLP,88.6,2023-12-15 00:00:00.000000,2024-01-08 00:00:00.000000,DEPARTAMENTO,ARRIENDO,owner_direct
TT-2024-01-002719,toctoc,Independencia,Metropolitana,14.73,UF,44.5,2024-01-02 00:00:00.000000,2024-01-15 00:00:00.000000,departamento,arriendo,agency
TT-2024-01-002216,toctoc,San Joaquín,Metropolitana,520000.0,CLP,54.4,2023-12-13 00:00:00.000000,2024-01-08 00:00:00.000000,Departamento,Arriendo,agency
TT-2024-01-002793,toctoc,Macul,Metropolitana,15.81,UF,47.0,2024-01-03 00:00:00.000000,2024-01-15 00:00:00.000000,departamento,Arriendo,owner_direct
TT-2024-01-004345,toctoc,La Reina,Metropolitana,18.11,UF,32.1,2024-01-08 00:00:00.000000,2024-01-22 00:00:00.000000,Departamento,arriendo,agency
TT-2024-01-001434,toctoc,La Florida,Metropolitana,7085000.0,CLP,79.0,2023-12-17 00:00:00.000000,2024-01-08 00:00:00.000000,departamento,ARRIENDO,owner_direct
TT-2024-01-000258,toctoc,Santiago,Metropolitana,13.65,UF,33.6,2023-12-07 00:00:00.000000,2024-01-01 00:00:00.000000,departamento,arriendo,agency
TT-2024-01-001454,toctoc,Recoleta,Metropolitana,455000.0,CLP,30.7,2023-10-19 00:00:00.000000,2024-01-08 00:00:00.000000,Departamento,arriendo,agency
TT-2024-01-000240,toctoc,Santiago,Metropolitana,16.62,UF,46.6,2023-12-26 00:00:00.000000,2024-01-01 00:00:00.000000,Departamento,arriendo,agency
TT-2024-01-004482,toctoc,Cerrillos,Metropolitana,14.59,UF,66.0,2024-01-06 00:00:00.000000,2024-01-29 00:00:00.000000,departamento,arriendo,agency
TT-2024-01-005261,toctoc,Macul,Metropolitana,15.41,UF,35.2,2023-12-18 00:00:00.000000,2024-01-29 00:00:00.000000,departamento,arriendo,agency
TT-2024-01-003525,toctoc,Estación Central,Metropolitana,13.11,UF,60.8,2024-01-15 00:00:00.000000,2024-01-22 00:00:00.000000,departamento,arriendo,agency
TT-2024-01-004870,toctoc,Las Condes,Metropolitana,30.0,UF,55.5,2024-01-23 00:00:00.000000,2024-01-29 00:00:00.000000,DEPARTAMENTO,arriendo,owner_direct
TT-2024-01-000268,toctoc,San Miguel,Metropolitana,18.51,UF,58.7,2023-12-11 00:00:00.000000,2024-01-01 00:00:00.000000,departamento,ARRIENDO,agency
TT-2024-01-005437,toctoc,Estación Central,Metropolitana,17.16,UF,61.7,2024-01-22 00:00:00.000000,2024-01-29 00:00:00.000000,DEPARTAMENTO,arriendo,agency
TT-2024-01-002617,toctoc,La Florida,Metropolitana,14.59,UF,41.5,2023-12-23 00:00:00.000000,2024-01-15 00:00:00.000000,departamento,Arriendo,agency
TT-2024-01-005316,toctoc,Las Condes,Metropolitana,30.41,UF,47.5,2023-09-16 00:00:00.000000,2024-01-29 00:00:00.000000,departamento,arriendo,agency
TT-2024-01-004142,toctoc,Las Condes,Metropolitana,975000.0,CLP,51.8,2024-01-13 00:00:00.000000,2024-01-22 00:00:00.000000,DEPARTAMENTO,arriendo,owner_direct
TT-2024-01-000160,toctoc,Puente Alto,Metropolitana,12.57,UF,46.0,2023-12-30 00:00:00.000000,2024-01-01 00:00:00.000000,DEPARTAMENTO,arriendo,agency
TT-2024-01-005255,toctoc,Santiago,Metropolitana,14.32,UF,31.8,2024-01-11 00:00:00.000000,2024-01-29 00:00:00.000000,departamento,arriendo,agency
TT-2024-01-004665,toctoc,Las Condes,Metropolitana,1040000.0,CLP,57.1,2024-01-23 00:00:00.000000,2024-01-29 00:00:00.000000,departamento,ARRIENDO,agency
TT-2024-01-003897,toctoc,Independencia,Metropolitana,400000.0,CLP,32.6,2024-01-04 00:00:00.000000,2024-01-22 00:00:00.000000,Departamento,arriendo,agency
TT-2024-01-003399,toctoc,Puente Alto,Metropolitana,515000.0,CLP,48.2,2024-01-17 00:00:00.000000,2024-01-22 00:00:00.000000,Departamento,Arriendo,owner_direct
TT-2024-01-003340,toctoc,La Cisterna,Metropolitana,17.7,UF,78.7,2023-12-23 00:00:00.000000,2024-01-22 00:00:00.000000,Departamento,ARRIENDO,agency
TT-2024-01-004888,toctoc,Renca,Metropolitana,10.95,UF,42.7,2024-01-24 00:00:00.000000,2024-01-29 00:00:00.000000,departamento,Arriendo,agency
TT-2024-01-000786,toctoc,Estación Central,Metropolitana,10.41,UF,35.2,2023-12-26 00:00:00.000000,2024-01-01 00:00:00.000000,departamento,Arriendo,owner_direct
TT-2024-01-002498,toctoc,Santiago,Metropolitana,21.62,UF,65.7,2023-12-08 00:00:00.000000,2024-01-15 00:00:00.000000,DEPARTAMENTO,arriendo,agency
TT-2024-01-000703,toctoc,macul,Metropolitana,19.73,UF,65.4,2023-11-14 00:00:00.000000,2024-01-01 00:00:00.000000,DEPARTAMENTO,arriendo,agency
TT-2024-01-004740,toctoc,San Joaquín,Metropolitana,10.54,UF,12.0,2023-12-15 00:00:00.000000,2024-01-29 00:00:00.000000,Departamento,arriendo,owner_direct
TT-2024-01-004592,toctoc,La Florida,Metropolitana,11.89,UF,46.6,2024-01-28 00:00:00.000000,2024-01-29 00:00:00.000000,departamento,ARRIENDO,agency
TT-2024-01-001070,toctoc,San Miguel,Metropolitana,22.03,UF,71.8,2023-12-16 00:00:00.000000,2024-01-01 00:00:00.000000,DEPARTAMENTO,Arriendo,agency
TT-2024-01-004427,toctoc,Santiago,Metropolitana,17.7,UF,55.5,2024-01-01 00:00:00.000000,2024-01-29 00:00:00.000000,Departamento,arriendo,agency
TT-2024-01-003512,toctoc,San Miguel,Metropolitana,18.24,UF,48.6,2024-01-06 00:00:00.000000,2024-01-22 00:00:00.000000,departamento,Arriendo,owner_direct
TT-2024-01-000576,toctoc,Maipú,Metropolitana,17.7,UF,70.5,2023-12-26 00:00:00.000000,2024-01-01 00:00:00.000000,DEPARTAMENTO,arriendo,agency
TT-2024-01-004600,toctoc,Estación Central,Metropolitana,585000.0,CLP,69.3,2024-01-26 00:00:00.000000,2024-01-29 00:00:00.000000,Departamento,arriendo,owner_direct
TT-2024-01-001088,toctoc,Ñuñoa ,Metropolitana,24.86,UF,73.9,2023-07-22 00:00:00.000000,2024-01-01 00:00:00.000000,Departamento,Arriendo,agency
TT-2024-01-001987,toctoc,La Florida,Metropolitana,435000.0,CLP,33.5,2023-12-05 00:00:00.000000,2024-01-08 00:00:00.000000,departamento,arriendo,owner_direct
TT-2024-01-002300,toctoc,Maipú,Metropolitana,390000.0,CLP,40.3,2023-11-09 00:00:00.000000,2024-01-08 00:00:00.000000,Departamento,Arriendo,agency
TT-2024-01-003650,toctoc,San Miguel,Metropolitana,12.7,UF,42.1,2024-01-21 00:00:00.000000,2024-01-22 00:00:00.000000,departamento,Arriendo,owner_direct
TT-2024-01-004510,toctoc,Ñuñoa,Metropolitana,985000.0,CLP,82.4,2024-01-03 00:00:00.000000,2024-01-29 00:00:00.000000,DEPARTAMENTO,ARRIENDO,agency
TT-2024-01-001196,toctoc,Peñalolén,Metropolitana,535000.0,CLP,55.8,2023-11-13 00:00:00.000000,2024-01-01 00:00:00.000000,Departamento,arriendo,owner_direct
TT-2024-01-004756,toctoc,Conchalí,Metropolitana,12.97,UF,47.7,2024-01-17 00:00:00.000000,2024-01-29 00:00:00.000000,Departamento,Arriendo,owner_direct
TT-2024-01-000023,toctoc,Santiago,Metropolitana,15.0,UF,44.3,2023-11-24 00:00:00.000000,2024-01-01 00:00:00.000000,Departamento,ARRIENDO,owner_direct
TT-2024-01-001607,toctoc,La Florida,Metropolitana,19.46,UF,63.8,2023-12-23 00:00:00.000000,2024-01-08 00:00:00.000000,departamento,ARRIENDO,agency
TT-2024-01-000211,toctoc,Santiago,Metropolitana,17.57,UF,46.8,2023-12-25 00:00:00.000000,2024-01-01 00:00:00.000000,departamento,ARRIENDO,agency
TT-2024-01-001415,toctoc,Estación Central,Metropolitana,14.46,UF,60.6,2023-11-15 00:00:00.000000,2024-01-08 00:00:00.000000,departamento,arriendo,agency
TT-2024-01-004038,toctoc,Santiago,Metropolitana,13.92,UF,53.0,2023-12-25 00:00:00.000000,2024-01-22 00:00:00.000000,Departamento,arriendo,owner_direct
TT-2024-01-000525,toctoc,Independencia,Metropolitana,505000.0,CLP,57.8,2023-12-24 00:00:00.000000,2024-01-01 00:00:00.000000,DEPARTAMENTO,Arriendo,agency
TT-2024-01-005338,toctoc,Estación Central,Metropolitana,530000.0,CLP,57.9,2024-01-23 00:00:00.000000,2024-01-29 00:00:00.000000,departamento,Arriendo,agency
TT-2024-01-001274,toctoc,Renca,Metropolitana,17.43,UF,67.6,2023-12-18 00:00:00.000000,2024-01-08 00:00:00.000000,DEPARTAMENTO,ARRIENDO,owner_direct
TT-2024-01-000118,toctoc,Lo Barnechea,Metropolitana,885000.0,CLP,68.5,2023-12-15 00:00:00.000000,2024-01-01 00:00:00.000000,Departamento,arriendo,agency
TT-2024-01-003619,toctoc,La Florida,Metropolitana,15.27,UF,54.1,2023-12-19 00:00:00.000000,2024-01-22 00:00:00.000000,DEPARTAMENTO,Arriendo,owner_direct
TT-2024-01-003049,toctoc,Pudahuel,Metropolitana,9.59,UF,33.8,2023-09-13 00:00:00.000000,2024-01-15 00:00:00.000000,Departamento,ARRIENDO,agency
TT-2024-01-004461,toctoc,Cerrillos,Metropolitana,390000.0,CLP,37.9,2024-01-22 00:00:00.000000,2024-01-29 00:00:00.000000,DEPARTAMENTO,arriendo,owner_direct
TT-2024-01-003696,toctoc,Maipú,Metropolitana,405000.0,CLP,40.4,2023-12-12 00:00:00.000000,2024-01-22 00:00:00.000000,Departamento,ARRIENDO,agency
TT-2024-01-002597,toctoc,Macul,Metropolitana,12.16,UF,10.0,2023-07-24 00:00:00.000000,2024-01-15 00:00:00.000000,DEPARTAMENTO,arriendo,agency
TT-2024-01-001691,toctoc,Macul,Metropolitana,13.38,UF,33.6,2023-12-11 00:00:00.000000,2024-01-08 00:00:00.000000,Departamento,ARRIENDO,agency
TT-2024-01-000783,toctoc,San Joaquín,Metropolitana,24.73,UF,153.8,2023-11-22 00:00:00.000000,2024-01-01 00:00:00.000000,DEPARTAMENTO,ARRIENDO,agency
TT-2024-01-001863,toctoc,Lo Barnechea,Metropolitana,25.14,UF,45.9,2024-01-02 00:00:00.000000,2024-01-08 00:00:00.000000,DEPARTAMENTO,arriendo,owner_direct
TT-2024-01-000653,toctoc,RECOLETA,Metropolitana,395000.0,CLP,34.0,2023-07-21 00:00:00.000000,2024-01-01 00:00:00.000000,Departamento,Arriendo,agency
TT-2024-01-001382,toctoc,Estación Central,Metropolitana,400000.0,CLP,30.9,2023-12-22 00:00:00.000000,2024-01-08 00:00:00.000000,DEPARTAMENTO,ARRIENDO,agency
TT-2024-01-002411,toctoc,San Joaquín,Metropolitana,545000.0,CLP,58.6,2023-12-24 00:00:00.000000,2024-01-15 00:00:00.000000,Departamento,arriendo,agency
TT-2024-01-005012,toctoc,Maipú,Metropolitana,10.68,UF,57.3,2024-01-08 00:00:00.000000,2024-01-29 00:00:00.000000,DEPARTAMENTO,Arriendo,owner_direct
TT-2024-01-004412,toctoc,Lo Barnechea,Metropolitana,645000.0,CLP,37.3,2024-01-08 00:00:00.000000,2024-01-29 00:00:00.000000,departamento,ARRIENDO,agency
TT-2024-01-004466,toctoc,Ñuñoa,Metropolitana,16.08,UF,29.2,2023-11-29 00:00:00.000000,2024-01-29 00:00:00.000000,Departamento,arriendo,agency
TT-2024-01-001231,toctoc,La Cisterna,Metropolitana,15.81,UF,47.4,2023-12-24 00:00:00.000000,2024-01-08 00:00:00.000000,departamento,Arriendo,agency
TT-2024-01-004223,toctoc,Puente Alto,Metropolitana,19.73,UF,92.5,2023-11-28 00:00:00.000000,2024-01-22 00:00:00.000000,DEPARTAMENTO,ARRIENDO,agency
TT-2024-01-002177,toctoc,INDEPENDENCIA,Metropolitana,10.54,UF,34.3,2023-12-26 00:00:00.000000,2024-01-08 00:00:00.000000,Departamento,Arriendo,agency
TT-2024-01-002362,toctoc,La Reina,Metropolitana,64.46,UF,46.4,2024-01-06 00:00:00.000000,2024-01-15 00:00:00.000000,DEPARTAMENTO,arriendo,agency
TT-2024-01-001970,toctoc,Santiago,Metropolitana,11.35,UF,10.0,2023-12-11 00:00:00.000000,2024-01-08 00:00:00.000000,departamento,Arriendo,agency
TT-2024-01-000752,toctoc,Independencia,Metropolitana,510000.0,CLP,44.6,2023-12-18 00:00:00.000000,2024-01-01 00:00:00.000000,departamento,Arriendo,agency
TT-2024-01-002701,toctoc,ÑUÑOA,Metropolitana,23.92,UF,64.9,2024-01-10 00:00:00.000000,2024-01-15 00:00:00.000000,DEPARTAMENTO,arriendo,agency
TT-2024-01-002379,toctoc,Lo Barnechea,Metropolitana,1145000.0,CLP,88.2,2023-08-17 00:00:00.000000,2024-01-15 00:00:00.000000,Departamento,ARRIENDO,agency
TT-2024-01-005355,toctoc,Puente Alto,Metropolitana,18.92,UF,84.7,2024-01-23 00:00:00.000000,2024-01-29 00:00:00.000000,DEPARTAMENTO,arriendo,owner_direct
TT-2024-01-004628,toctoc,Peñalolén ,Metropolitana,850000.0,CLP,96.5,2024-01-18 00:00:00.000000,2024-01-29 00:00:00.000000,Departamento,ARRIENDO,agency
TT-2024-01-000686,toctoc,Providencia,Metropolitana,29.86,UF,58.1,2023-10-20 00:00:00.000000,2024-01-01 00:00:00.000000,Departamento,Arriendo,agency
TT-2024-01-002538,toctoc,Santiago,Metropolitana,12.16,UF,24.1,2023-12-29 00:00:00.000000,2024-01-15 00:00:00.000000,DEPARTAMENTO,arriendo,owner_direct
TT-2024-01-001594,toctoc,Macul,Metropolitana,12.3,UF,33.7,2023-12-20 00:00:00.000000,2024-01-08 00:00:00.000000,DEPARTAMENTO,Arriendo,agency
TT-2024-01-000080,toctoc,Quilicura,Metropolitana,495000.0,CLP,62.0,2023-12-17 00:00:00.000000,2024-01-01 00:00:00.000000,DEPARTAMENTO,arriendo,agency
TT-2024-01-001602,toctoc,Ñuñoa,Metropolitana,14.05,UF,29.3,2023-12-14 00:00:00.000000,2024-01-08 00:00:00.000000,Departamento,Arriendo,agency
TT-2024-01-001368,toctoc,Quinta Normal,Metropolitana,575000.0,CLP,72.0,2023-12-16 00:00:00.000000,2024-01-08 00:00:00.000000,departamento,ARRIENDO,agency
TT-2024-01-004009,toctoc,Peñalolén,Metropolitana,19.32,UF,65.6,2023-11-18 00:00:00.000000,2024-01-22 00:00:00.000000,Departamento,ARRIENDO,owner_direct
TT-2024-01-000719,toctoc,Santiago,Metropolitana,660000.0,CLP,42.1,2023-12-30 00:00:00.000000,2024-01-01 00:00:00.000000,DEPARTAMENTO,Arriendo,agency
TT-2024-01-000341,toctoc,Santiago,Metropolitana,12.3,UF,44.0,2023-12-19 00:00:00.000000,2024-01-01 00:00:00.000000,departamento,Arriendo,agency
TT-2024-01-004837,toctoc,Santiago,Metropolitana,17.97,UF,46.0,2023-12-27 00:00:00.000000,2024-01-29 00:00:00.000000,Departamento,ARRIENDO,agency
TT-2024-01-001592,toctoc,san joaquín,Metropolitana,705000.0,CLP,70.2,2023-12-08 00:00:00.000000,2024-01-08 00:00:00.000000,DEPARTAMENTO,Arriendo,agency
TT-2024-01-002142,toctoc,Puente Alto,Metropolitana,12.84,UF,50.3,2023-12-27 00:00:00.000000,2024-01-08 00:00:00.000000,DEPARTAMENTO,ARRIENDO,owner_direct
TT-2024-01-004067,toctoc,Recoleta,Metropolitana,805000.0,CLP,85.4,2023-11-07 00:00:00.000000,2024-01-22 00:00:00.000000,Departamento,arriendo,owner_direct
TT-2024-01-004635,toctoc,Conchalí,Metropolitana,11.22,UF,38.7,2024-01-21 00:00:00.000000,2024-01-29 00:00:00.000000,Departamento,arriendo,agency
TT-2024-01-001985,toctoc,Estación Central,Metropolitana,400000.0,CLP,30.8,2023-11-20 00:00:00.000000,2024-01-08 00:00:00.000000,Departamento,Arriendo,agency
TT-2024-01-004585,toctoc,Quinta Normal,Metropolitana,15.0,UF,55.6,2024-01-09 00:00:00.000000,2024-01-29 00:00:00.000000,Departamento,Arriendo,owner_direct
TT-2024-01-002310,toctoc,Vitacura,Metropolitana,1555000.0,CLP,91.7,2023-12-28 00:00:00.000000,2024-01-08 00:00:00.000000,DEPARTAMENTO,ARRIENDO,owner_direct
TT-2024-01-002706,toctoc,Pudahuel,Metropolitana,575000.0,CLP,63.7,2024-01-02 00:00:00.000000,2024-01-15 00:00:00.000000,Departamento,ARRIENDO,agency
TT-2024-01-002295,toctoc,Ñuñoa,Metropolitana,655000.0,CLP,45.5,2024-01-04 00:00:00.000000,2024-01-08 00:00:00.000000,Departamento,Arriendo,agency
TT-2024-01-004423,toctoc,Providencia,Metropolitana,760000.0,CLP,27.4,2023-12-24 00:00:00.000000,2024-01-29 00:00:00.000000,DEPARTAMENTO,ARRIENDO,agency
TT-2024-01-004629,toctoc,Conchalí,Metropolitana,15.68,UF,62.8,2024-01-09 00:00:00.000000,2024-01-29 00:00:00.000000,Departamento,Arriendo,owner_direct
TT-2024-01-001818,toctoc,Santiago,Metropolitana,13.24,UF,40.0,2023-11-20 00:00:00.000000,2024-01-08 00:00:00.000000,DEPARTAMENTO,arriendo,agency
TT-2024-01-002325,toctoc,Ñuñoa,Metropolitana,14.19,UF,26.0,2024-01-03 00:00:00.000000,2024-01-08 00:00:00.000000,DEPARTAMENTO,Arriendo,agency
TT-2024-01-000419,toctoc,Las Condes,Metropolitana,26.62,UF,43.0,2023-12-15 00:00:00.000000,2024-01-01 00:00:00.000000,Departamento,arriendo,agency
TT-2024-01-002635,toctoc,Ñuñoa,Metropolitana,40.81,UF,145.5,2023-12-24 00:00:00.000000,2024-01-15 00:00:00.000000,Departamento,ARRIENDO,agency
TT-2024-01-000232,toctoc,La Cisterna,Metropolitana,815000.0,CLP,75.3,2023-12-03 00:00:00.000000,2024-01-01 00:00:00.000000,DEPARTAMENTO,arriendo,agency
TT-2024-01-003023,toctoc,Peñalolén,Metropolitana,13.65,UF,46.9,2023-12-19 00:00:00.000000,2024-01-15 00:00:00.000000,departamento,Arriendo,owner_direct
TT-2024-01-002039,toctoc,Macul,Metropolitana,24.32,UF,90.9,2023-12-29 00:00:00.000000,2024-01-08 00:00:00.000000,departamento,Arriendo,agency
TT-2024-01-000319,toctoc,Macul,Metropolitana,21.49,UF,79.8,2023-11-17 00:00:00.000000,2024-01-01 00:00:00.000000,departamento,ARRIENDO,agency
TT-2024-01-002210,toctoc,Ñuñoa,Metropolitana,19.59,UF,53.4,2023-12-25 00:00:00.000000,2024-01-08 00:00:00.000000,Departamento,Arriendo,agency
TT-2024-01-000513,toctoc,San Miguel,Metropolitana,565000.0,CLP,36.7,2023-12-10 00:00:00.000000,2024-01-01 00:00:00.000000,DEPARTAMENTO,Arriendo,owner_direct
TT-2024-01-005217,toctoc,Las Condes,Metropolitana,21.49,UF,52.2,2023-12-25 00:00:00.000000,2024-01-29 00:00:00.000000,DEPARTAMENTO,ARRIENDO,agency
TT-2024-01-003597,toctoc,Estación Central,Metropolitana,14.46,UF,53.7,2024-01-07 00:00:00.000000,2024-01-22 00:00:00.000000,Departamento,arriendo,owner_direct
TT-2024-01-003006,toctoc,Macul,Metropolitana,15.14,UF,41.6,2024-01-10 00:00:00.000000,2024-01-15 00:00:00.000000,departamento,Arriendo,agency
TT-2024-01-002033,toctoc,La Florida,Metropolitana,13.78,UF,42.7,2024-01-03 00:00:00.000000,2024-01-08 00:00:00.000000,Departamento,ARRIENDO,agency
TT-2024-01-002964,toctoc,Puente Alto,Metropolitana,695000.0,CLP,89.5,2024-01-14 00:00:00.000000,2024-01-15 00:00:00.000000,DEPARTAMENTO,ARRIENDO,agency
TT-2024-01-003465,toctoc,Santiago,Metropolitana,500000.0,CLP,40.2,2023-12-21 00:00:00.000000,2024-01-22 00:00:00.000000,DEPARTAMENTO,ARRIENDO,owner_direct
TT-2024-01-002178,toctoc,Conchalí,Metropolitana,415000.0,CLP,54.2,2023-12-23 00:00:00.000000,2024-01-08 00:00:00.000000,departamento,arriendo,owner_direct
TT-2024-01-003575,toctoc,San Miguel,Metropolitana,16.35,UF,46.0,2023-12-04 00:00:00.000000,2024-01-22 00:00:00.000000,DEPARTAMENTO,ARRIENDO,agency
TT-2024-01-005425,toctoc,Estación Central,Metropolitana,660000.0,CLP,66.2,2023-12-31 00:00:00.000000,2024-01-29 00:00:00.000000,departamento,Arriendo,owner_direct
TT-2024-01-003425,toctoc,Santiago,Metropolitana,755000.0,CLP,67.3,2024-01-06 00:00:00.000000,2024-01-22 00:00:00.000000,departamento,Arriendo,owner_direct
TT-2024-01-001841,toctoc,Providencia,Metropolitana,1260000.0,CLP,70.6,2023-12-21 00:00:00.000000,2024-01-08 00:00:00.000000,DEPARTAMENTO,ARRIENDO,agency
TT-2024-01-005167,toctoc,Providencia,Metropolitana,21.62,UF,40.1,2024-01-23 00:00:00.000000,2024-01-29 00:00:00.000000,Departamento,ARRIENDO,owner_direct
TT-2024-01-000613,toctoc,La Cisterna,Metropolitana,640000.0,CLP,73.5,2023-12-28 00:00:00.000000,2024-01-01 00:00:00.000000,Departamento,Arriendo,owner_direct
TT-2024-01-000804,toctoc,Recoleta,Metropolitana,470000.0,CLP,45.5,2023-09-18 00:00:00.000000,2024-01-01 00:00:00.000000,departamento,Arriendo,owner_direct
TT-2024-01-004245,toctoc, Las Condes,Metropolitana,24.73,UF,42.6,2023-12-23 00:00:00.000000,2024-01-22 00:00:00.000000,departamento,Arriendo,agency
TT-2024-01-000373,toctoc,Santiago ,Metropolitana,19.59,UF,87.2,2023-12-11 00:00:00.000000,2024-01-01 00:00:00.000000,departamento,ARRIENDO,agency
TT-2024-01-001297,toctoc,Santiago,Metropolitana,17.84,UF,59.7,2024-01-01 00:00:00.000000,2024-01-08 00:00:00.000000,DEPARTAMENTO,arriendo,owner_direct
TT-2024-01-004765,toctoc,Macul,Metropolitana,575000.0,CLP,55.2,2024-01-20 00:00:00.000000,2024-01-29 00:00:00.000000,DEPARTAMENTO,Arriendo,agency
TT-2024-01-004648,toctoc,Santiago,Metropolitana,18.65,UF,54.9,2024-01-13 00:00:00.000000,2024-01-29 00:00:00.000000,DEPARTAMENTO,Arriendo,agency
TT-2024-01-004376,toctoc,La Cisterna,Metropolitana,525000.0,CLP,48.8,2024-01-22 00:00:00.000000,2024-01-29 00:00:00.000000,departamento,arriendo,owner_direct
TT-2024-01-001867,toctoc,Huechuraba,Metropolitana,17.84,UF,51.0,2023-11-27 00:00:00.000000,2024-01-08 00:00:00.000000,departamento,arriendo,agency
TT-2024-01-000274,toctoc,La Florida,Metropolitana,11.62,UF,41.3,2023-12-27 00:00:00.000000,2024-01-01 00:00:00.000000,Departamento,Arriendo,agency
TT-2024-01-001129,toctoc,Recoleta,Metropolitana,18.24,UF,87.1,2023-12-25 00:00:00.000000,2024-01-01 00:00:00.000000,DEPARTAMENTO,ARRIENDO,owner_direct
TT-2024-01-004042,toctoc,Cerrillos,Metropolitana,11.62,UF,31.3,2023-12-23 00:00:00.000000,2024-01-22 00:00:00.000000,Departamento,arriendo,agency
TT-2024-01-003215,toctoc,Pudahuel,Metropolitana,505000.0,CLP,50.3,2023-12-07 00:00:00.000000,2024-01-15 00:00:00.000000,DEPARTAMENTO,ARRIENDO,owner_direct
TT-2024-01-002842,toctoc,Huechuraba,Metropolitana,535000.0,CLP,30.6,2024-01-13 00:00:00.000000,2024-01-15 00:00:00.000000,DEPARTAMENTO,ARRIENDO,agency
TT-2024-01-004445,toctoc,Santiago,Metropolitana,12.3,UF,31.3,2024-01-10 00:00:00.000000,2024-01-29 00:00:00.000000,departamento,Arriendo,agency
TT-2024-01-002874,toctoc,Las Condes,Metropolitana,1135000.0,CLP,64.8,2023-12-20 00:00:00.000000,2024-01-15 00:00:00.000000,departamento,ARRIENDO,agency
TT-2024-01-004052,toctoc,Recoleta,Metropolitana,530000.0,CLP,44.4,2024-01-01 00:00:00.000000,2024-01-22 00:00:00.000000,departamento,Arriendo,agency
TT-2024-01-001531,toctoc,La Reina,Metropolitana,35.68,UF,115.9,2023-12-20 00:00:00.000000,2024-01-08 00:00:00.000000,DEPARTAMENTO,arriendo,owner_direct
TT-2024-01-001500,toctoc,San Joaquín,Metropolitana,11.08,UF,27.9,2023-12-14 00:00:00.000000,2024-01-08 00:00:00.000000,DEPARTAMENTO,Arriendo,owner_direct
TT-2024-01-005057,toctoc,Conchalí,Metropolitana,12.16,UF,45.8,2024-01-13 00:00:00.000000,2024-01-29 00:00:00.000000,departamento,arriendo,agency
TT-2024-01-005252,toctoc,La Cisterna,Metropolitana,11.35,UF,31.8,2024-01-16 00:00:00.000000,2024-01-29 00:00:00.000000,DEPARTAMENTO,ARRIENDO,owner_direct
TT-2024-01-004287,toctoc, Estación Central,Metropolitana,11.62,UF,26.6,2024-01-07 00:00:00.000000,2024-01-22 00:00:00.000000,DEPARTAMENTO,arriendo,agency
TT-2024-01-000790,toctoc,Ñuñoa,Metropolitana,26.22,UF,100.7,2023-12-24 00:00:00.000000,2024-01-01 00:00:00.000000,departamento,ARRIENDO,agency
TT-2024-01-004059,toctoc,Cerrillos,Metropolitana,555000.0,CLP,56.1,2024-01-13 00:00:00.000000,2024-01-22 00:00:00.000000,departamento,ARRIENDO,agency
TT-2024-01-002956,toctoc,Pudahuel,Metropolitana,17.84,UF,82.0,2023-11-22 00:00:00.000000,2024-01-15 00:00:00.000000,DEPARTAMENTO,arriendo,agency
TT-2024-01-003763,toctoc,San Miguel,Metropolitana,755000.0,CLP,82.1,2024-01-04 00:00:00.000000,2024-01-22 00:00:00.000000,Departamento,arriendo,agency
TT-2024-01-000233,toctoc,Santiago,Metropolitana,17.84,UF,53.2,2023-09-20 00:00:00.000000,2024-01-01 00:00:00.000000,DEPARTAMENTO,Arriendo,owner_direct
TT-2024-01-000869,toctoc,Independencia,Metropolitana,520000.0,CLP,45.6,2023-11-29 00:00:00.000000,2024-01-01 00:00:00.000000,Departamento,arriendo,
TT-2024-01-000309,toctoc,Santiago,Metropolitana,14.32,UF,45.4,2023-12-24 00:00:00.000000,2024-01-01 00:00:00.000000,Departamento,arriendo,agency
TT-2024-01-003333,toctoc,Vitacura,Metropolitana,1000000.0,CLP,35.9,2023-11-13 00:00:00.000000,2024-01-22 00:00:00.000000,Departamento,arriendo,owner_direct
TT-2024-01-001559,toctoc,San Joaquín,Metropolitana,15.0,UF,56.5,2023-12-18 00:00:00.000000,2024-01-08 00:00:00.000000,departamento,Arriendo,owner_direct
TT-2024-01-001443,toctoc,Santiago,Metropolitana,985000.0,CLP,103.3,2023-12-10 00:00:00.000000,2024-01-08 00:00:00.000000,DEPARTAMENTO,arriendo,owner_direct
TT-2024-01-005347,toctoc,Independencia,Metropolitana,13.51,UF,36.3,2024-01-19 00:00:00.000000,2024-01-29 00:00:00.000000,departamento,arriendo,agency
TT-2024-01-004877,toctoc,Las Condes,Metropolitana,835000.0,CLP,32.3,2023-12-30 00:00:00.000000,2024-01-29 00:00:00.000000,DEPARTAMENTO,arriendo,agency
TT-2024-01-000003,toctoc,Macul,Metropolitana,16.08,UF,53.2,2023-12-08 00:00:00.000000,2024-01-01 00:00:00.000000,Departamento,arriendo,agency
TT-2024-01-003128,toctoc,Recoleta,Metropolitana,11.35,UF,40.5,2023-12-11 00:00:00.000000,2024-01-15 00:00:00.000000,DEPARTAMENTO,arriendo,agency
TT-2024-01-001184,toctoc,La Florida,Metropolitana,12.97,UF,64.1,2023-12-11 00:00:00.000000,2024-01-01 00:00:00.000000,Departamento,ARRIENDO,owner_direct
TT-2024-01-005248,toctoc,Santiago,Metropolitana,705000.0,CLP,50.2,2023-12-11 00:00:00.000000,2024-01-29 00:00:00.000000,DEPARTAMENTO,Arriendo,owner_direct
TT-2024-01-002932,toctoc,San Miguel,Metropolitana,480000.0,CLP,52.2,2024-01-04 00:00:00.000000,2024-01-15 00:00:00.000000,departamento,Arriendo,owner_direct
TT-2024-01-004807,toctoc,Santiago,Metropolitana,690000.0,CLP,59.8,2023-12-07 00:00:00.000000,2024-01-29 00:00:00.000000,Departamento,Arriendo,owner_direct
TT-2024-01-001416,toctoc,Providencia,Metropolitana,24.59,UF,40.2,2023-11-15 00:00:00.000000,2024-01-08 00:00:00.000000,DEPARTAMENTO,Arriendo,agency
TT-2024-01-004934,toctoc,La Florida,Metropolitana,550000.0,CLP,59.1,2024-01-21 00:00:00.000000,2024-01-29 00:00:00.000000,Departamento,arriendo,agency
TT-2024-01-002589,toctoc,Las Condes,Metropolitana,20.27,UF,26.8,2024-01-06 00:00:00.000000,2024-01-15 00:00:00.000000,departamento,Arriendo,agency
TT-2024-01-002590,toctoc,Quinta Normal,Metropolitana,15.41,UF,54.9,2023-11-28 00:00:00.000000,2024-01-15 00:00:00.000000,Departamento,arriendo,owner_direct
TT-2024-01-002239,toctoc,Santiago,Metropolitana,640000.0,CLP,54.3,2023-12-04 00:00:00.000000,2024-01-08 00:00:00.000000,Departamento,ARRIENDO,agency
TT-2024-01-003307,toctoc,La Florida,Metropolitana,385000.0,CLP,32.1,2024-01-09 00:00:00.000000,2024-01-22 00:00:00.000000,DEPARTAMENTO,arriendo,agency
TT-2024-01-002424,toctoc,Estación Central,Metropolitana,12.57,UF,54.4,2024-01-04 00:00:00.000000,2024-01-15 00:00:00.000000,Departamento,Arriendo,agency
TT-2024-01-004792,toctoc,Recoleta,Metropolitana,12.97,UF,47.9,2023-08-19 00:00:00.000000,2024-01-29 00:00:00.000000,Departamento,ARRIENDO,agency
TT-2024-01-000749,toctoc,Maipú,Metropolitana,515000.0,CLP,51.1,2023-07-05 00:00:00.000000,2024-01-01 00:00:00.000000,DEPARTAMENTO,ARRIENDO,owner_direct
TT-2024-01-001637,toctoc,Ñuñoa,Metropolitana,860000.0,CLP,62.2,2024-01-05 00:00:00.000000,2024-01-08 00:00:00.000000,Departamento,arriendo,owner_direct
TT-2024-01-001422,toctoc,MAIPÚ,Metropolitana,495000.0,CLP,47.6,2023-07-13 00:00:00.000000,2024-01-08 00:00:00.000000,Departamento,Arriendo,agency
TT-2024-01-003798,toctoc,La Reina,Metropolitana,14.32,UF,28.8,2023-11-20 00:00:00.000000,2024-01-22 00:00:00.000000,Departamento,arriendo,agency
TT-2024-01-000253,toctoc,Vitacura,Metropolitana,39.86,UF,62.9,2023-11-22 00:00:00.000000,2024-01-01 00:00:00.000000,DEPARTAMENTO,arriendo,owner_direct
TT-2024-01-002835,toctoc,La Florida,Metropolitana,14.86,UF,49.5,2023-08-18 00:00:00.000000,2024-01-15 00:00:00.000000,Departamento,arriendo,agency
TT-2024-01-003266,toctoc,La Reina,Metropolitana,15.81,UF,42.6,2023-12-20 00:00:00.000000,2024-01-15 00:00:00.000000,DEPARTAMENTO,Arriendo,agency
TT-2024-01-005195,toctoc,Estación Central,Metropolitana,20.41,UF,84.3,2023-12-25 00:00:00.000000,2024-01-29 00:00:00.000000,DEPARTAMENTO,Arriendo,agency
TT-2024-01-003502,toctoc,Puente Alto,Metropolitana,17.43,UF,91.2,2024-01-06 00:00:00.000000,2024-01-22 00:00:00.000000,DEPARTAMENTO,Arriendo,agency
TT-2024-01-003915,toctoc,Pudahuel,Metropolitana,680000.0,CLP,88.5,2023-12-15 00:00:00.000000,2024-01-22 00:00:00.000000,departamento,ARRIENDO,owner_direct
TT-2024-01-003437,toctoc,La Cisterna,Metropolitana,11.49,UF,35.2,2024-01-15 00:00:00.000000,2024-01-22 00:00:00.000000,Departamento,arriendo,agency
TT-2024-01-001617,toctoc,Las Condes,Metropolitana,29.73,UF,50.0,2023-11-27 00:00:00.000000,2024-01-08 00:00:00.000000,departamento,ARRIENDO,agency
TT-2024-01-004569,toctoc, Ñuñoa,Metropolitana,17.3,UF,50.7,2024-01-14 00:00:00.000000,2024-01-29 00:00:00.000000,DEPARTAMENTO,arriendo,agency
TT-2024-01-002836,toctoc,Macul,Metropolitana,13.51,UF,35.7,2023-12-25 00:00:00.000000,2024-01-15 00:00:00.000000,DEPARTAMENTO,ARRIENDO,agency
TT-2024-01-002436,toctoc,La Reina,Metropolitana,890000.0,CLP,46.2,2023-12-31 00:00:00.000000,2024-01-15 00:00:00.000000,Departamento,ARRIENDO,owner_direct
TT-2024-01-000591,toctoc,Santiago,Metropolitana,22.97,UF,74.4,2023-07-15 00:00:00.000000,2024-01-01 00:00:00.000000,DEPARTAMENTO,arriendo,owner_direct
TT-2024-01-002884,toctoc,Estación Central,Metropolitana,11.22,UF,46.8,2023-12-15 00:00:00.000000,2024-01-15 00:00:00.000000,DEPARTAMENTO,arriendo,owner_direct
TT-2024-01-000729,toctoc,La Florida,Metropolitana,19.59,UF,104.9,2023-12-25 00:00:00.000000,2024-01-01 00:00:00.000000,departamento,Arriendo,owner_direct
TT-2024-01-001526,toctoc,Puente Alto,Metropolitana,21.62,UF,101.8,2023-08-07 00:00:00.000000,2024-01-08 00:00:00.000000,DEPARTAMENTO,ARRIENDO,agency
TT-2024-01-000706,toctoc,Las Condes,Metropolitana,40.54,UF,90.4,2023-10-14 00:00:00.000000,2024-01-01 00:00:00.000000,Departamento,ARRIENDO,owner_direct
TT-2024-01-002672,toctoc,Las Condes,Metropolitana,19.73,UF,26.7,2024-01-07 00:00:00.000000,2024-01-15 00:00:00.000000,Departamento,Arriendo,agency
TT-2024-01-001766,toctoc,Santiago,Metropolitana,74.32,UF,52.0,2023-12-16 00:00:00.000000,2024-01-08 00:00:00.000000,Departamento,arriendo,agency
TT-2024-01-004172,toctoc,Providencia,Metropolitana,8940000.0,CLP,49.6,2023-12-25 00:00:00.000000,2024-01-22 00:00:00.000000,DEPARTAMENTO,Arriendo,owner_direct
TT-2024-01-002482,toctoc,San Miguel,Metropolitana,375000.0,CLP,24.5,2024-01-05 00:00:00.000000,2024-01-15 00:00:00.000000,departamento,arriendo,owner_direct
TT-2024-01-000156,toctoc,Conchalí,Metropolitana,785000.0,CLP,89.0,2023-12-10 00:00:00.000000,2024-01-01 00:00:00.000000,DEPARTAMENTO,ARRIENDO,agency
TT-2024-01-002689,toctoc,Recoleta,Metropolitana,475000.0,CLP,39.5,2024-01-11 00:00:00.000000,2024-01-15 00:00:00.000000,departamento,ARRIENDO,agency
TT-2024-01-002240,toctoc,Providencia,Metropolitana,660000.0,CLP,31.0,2023-12-03 00:00:00.000000,2024-01-08 00:00:00.000000,departamento,Arriendo,agency
TT-2024-01-003173,toctoc,Macul,Metropolitana,640000.0,CLP,60.7,2023-12-29 00:00:00.000000,2024-01-15 00:00:00.000000,departamento,Arriendo,agency
TT-2024-01-001103,toctoc,San Joaquín,Metropolitana,505000.0,CLP,47.7,2023-12-19 00:00:00.000000,2024-01-01 00:00:00.000000,DEPARTAMENTO,arriendo,owner_direct
TT-2024-01-001217,toctoc,Recoleta,Metropolitana,19.59,UF,79.9,2024-01-01 00:00:00.000000,2024-01-08 00:00:00.000000,Departamento,arriendo,agency
TT-2024-01-003248,toctoc,La Florida,Metropolitana,545000.0,CLP,62.0,2023-12-10 00:00:00.000000,2024-01-15 00:00:00.000000,Departamento,Arriendo,agency
TT-2024-01-004909,toctoc,Santiago,Metropolitana,600000.0,CLP,45.8,2023-12-25 00:00:00.000000,2024-01-29 00:00:00.000000,Departamento,arriendo,agency
TT-2024-01-003518,toctoc,la florida,Metropolitana,13.51,UF,38.5,2024-01-10 00:00:00.000000,2024-01-22 00:00:00.000000,Departamento,Arriendo,agency
TT-2024-01-000643,toctoc,Santiago,Metropolitana,12.43,UF,43.9,2023-11-18 00:00:00.000000,2024-01-01 00:00:00.000000,DEPARTAMENTO,arriendo,agency
TT-2024-01-002208,toctoc,Ñuñoa,Metropolitana,25.68,UF,96.4,2023-12-17 00:00:00.000000,2024-01-08 00:00:00.000000,DEPARTAMENTO,Arriendo,agency
TT-2024-01-002756,toctoc,Estación Central,Metropolitana,710000.0,CLP,81.7,2023-12-22 00:00:00.000000,2024-01-15 00:00:00.000000,DEPARTAMENTO,Arriendo,agency
TT-2024-01-005054,toctoc,Providencia,Metropolitana,1350000.0,CLP,89.9,2024-01-22 00:00:00.000000,2024-01-29 00:00:00.000000,departamento,arriendo,agency
TT-2024-01-001826,toctoc,Maipú,Metropolitana,370000.0,CLP,37.7,2023-12-21 00:00:00.000000,2024-01-08 00:00:00.000000,Departamento,Arriendo,agency
TT-2024-01-005048,toctoc,Santiago,Metropolitana,12.3,UF,33.6,2023-12-21 00:00:00.000000,2024-01-29 00:00:00.000000,DEPARTAMENTO,ARRIENDO,owner_direct
TT-2024-01-003222,toctoc,Cerrillos,Metropolitana,17.03,UF,72.0,2023-12-23 00:00:00.000000,2024-01-15 00:00:00.000000,departamento,ARRIENDO,agency
TT-2024-01-003738,toctoc,La Cisterna,Metropolitana,24.05,UF,103.4,2023-12-12 00:00:00.000000,2024-01-22 00:00:00.000000,departamento,ARRIENDO,agency
TT-2024-01-004634,toctoc,Las Condes,Metropolitana,1100000.0,CLP,69.2,2023-12-20 00:00:00.000000,2024-01-29 00:00:00.000000,DEPARTAMENTO,Arriendo,owner_direct
TT-2024-01-001749,toctoc,La Florida,Metropolitana,440000.0,CLP,36.4,2023-10-18 00:00:00.000000,2024-01-08 00:00:00.000000,DEPARTAMENTO,Arriendo,agency
TT-2024-01-004033,toctoc,Santiago,Metropolitana,490000.0,CLP,46.7,2023-08-18 00:00:00.000000,2024-01-22 00:00:00.000000,DEPARTAMENTO,arriendo,agency
TT-2024-01-000649,toctoc,Las Condes,Metropolitana,20.54,UF,39.7,2023-12-15 00:00:00.000000,2024-01-01 00:00:00.000000,Departamento,ARRIENDO,agency
TT-2024-01-002611,toctoc,Las Condes,Metropolitana,26.49,UF,57.1,2023-12-17 00:00:00.000000,2024-01-15 00:00:00.000000,departamento,arriendo,agency
TT-2024-01-005110,toctoc,Renca,Metropolitana,10.27,UF,50.8,2023-07-22 00:00:00.000000,2024-01-29 00:00:00.000000,departamento,ARRIENDO,agency
TT-2024-01-000178,toctoc,Puente Alto,Metropolitana,440000.0,CLP,46.1,2023-11-06 00:00:00.000000,2024-01-01 00:00:00.000000,Departamento,Arriendo,owner_direct
TT-2024-01-002337,toctoc,Ñuñoa,Metropolitana,28.38,UF,100.6,2023-12-20 00:00:00.000000,2024-01-08 00:00:00.000000,departamento,arriendo,
TT-2024-01-005089,toctoc,Maipú,Metropolitana,425000.0,CLP,48.3,2024-01-01 00:00:00.000000,2024-01-29 00:00:00.000000,departamento,ARRIENDO,owner_direct
TT-2024-01-004090,toctoc,La Florida,Metropolitana,21.49,UF,110.6,2024-01-15 00:00:00.000000,2024-01-22 00:00:00.000000,DEPARTAMENTO,arriendo,agency
TT-2024-01-001877,toctoc,Providencia,Metropolitana,39.32,UF,83.3,2023-12-15 00:00:00.000000,2024-01-08 00:00:00.000000,departamento,Arriendo,owner_direct
TT-2024-01-004767,toctoc,La Florida,Metropolitana,18.11,UF,75.7,2024-01-03 00:00:00.000000,2024-01-29 00:00:00.000000,Departamento,Arriendo,agency
TT-2024-01-004703,toctoc,Peñalolén,Metropolitana,14.86,UF,49.6,2023-12-27 00:00:00.000000,2024-01-29 00:00:00.000000,DEPARTAMENTO,arriendo,agency
TT-2024-01-003008,toctoc,La Reina,Metropolitana,1590000.0,CLP,114.2,2023-12-19 00:00:00.000000,2024-01-15 00:00:00.000000,Departamento,ARRIENDO,owner_direct
TT-2024-01-003923,toctoc,Independencia,Metropolitana,11.49,UF,52.0,2023-11-27 00:00:00.000000,2024-01-22 00:00:00.000000,departamento,Arriendo,agency
TT-2024-01-005041,toctoc,Maipú,Metropolitana,10.27,UF,45.5,2023-12-22 00:00:00.000000,2024-01-29 00:00:00.000000,departamento,Arriendo,owner_direct
TT-2024-01-004381,toctoc,Puente Alto,Metropolitana,14.73,UF,63.8,2023-12-13 00:00:00.000000,2024-01-29 00:00:00.000000,departamento,Arriendo,agency
TT-2024-01-003042,toctoc,La Cisterna,Metropolitana,9.46,UF,22.8,2023-12-18 00:00:00.000000,2024-01-15 00:00:00.000000,Departamento,arriendo,owner_direct
TT-2024-01-004072,toctoc,ESTACIÓN CENTRAL,Metropolitana,13.24,UF,48.2,2023-11-14 00:00:00.000000,2024-01-22 00:00:00.000000,Departamento,arriendo,owner_direct
TT-2024-01-004252,toctoc,Macul ,Metropolitana,15.95,UF,45.7,2023-12-24 00:00:00.000000,2024-01-22 00:00:00.000000,DEPARTAMENTO,Arriendo,agency
TT-2024-01-000707,toctoc,Santiago,Metropolitana,750000.0,CLP,59.6,2023-11-25 00:00:00.000000,2024-01-01 00:00:00.000000,Departamento,ARRIENDO,agency
TT-2024-01-004364,toctoc,Recoleta,Metropolitana,645000.0,CLP,80.6,2024-01-07 00:00:00.000000,2024-01-29 00:00:00.000000,Departamento,ARRIENDO,owner_direct
TT-2024-01-001157,toctoc,Santiago,Metropolitana,630000.0,CLP,47.2,2023-12-15 00:00:00.000000,2024-01-01 00:00:00.000000,departamento,ARRIENDO,owner_direct
TT-2024-01-001524,toctoc,PROVIDENCIA,Metropolitana,1240000.0,CLP,78.4,2024-01-05 00:00:00.000000,2024-01-08 00:00:00.000000,departamento,ARRIENDO,owner_direct
TT-2024-01-001566,toctoc,Las Condes,Metropolitana,381.08,UF,1200.0,2023-11-22 00:00:00.000000,2024-01-08 00:00:00.000000,Departamento,arriendo,owner_direct
TT-2024-01-003643,toctoc,Las Condes ,Metropolitana,24.32,UF,40.0,2024-01-16 00:00:00.000000,2024-01-22 00:00:00.000000,Departamento,Arriendo,owner_direct
TT-2024-01-001051,toctoc,Providencia,Metropolitana,28.78,UF,46.2,2023-11-17 00:00:00.000000,2024-01-01 00:00:00.000000,departamento,ARRIENDO,agency
TT-2024-01-001220,toctoc,San Joaquín,Metropolitana,515000.0,CLP,49.2,2023-12-09 00:00:00.000000,2024-01-08 00:00:00.000000,Departamento,Arriendo,agency
TT-2024-01-003728,toctoc,Santiago,Metropolitana,500000.0,CLP,43.4,2023-12-20 00:00:00.000000,2024-01-22 00:00:00.000000,departamento,ARRIENDO,agency
TT-2024-01-002091,toctoc,Quinta Normal,Metropolitana,18.11,UF,81.9,2023-12-26 00:00:00.000000,2024-01-08 00:00:00.000000,DEPARTAMENTO,Arriendo,agency
TT-2024-01-003587,toctoc,Quilicura,Metropolitana,11.89,UF,50.2,2023-12-25 00:00:00.000000,2024-01-22 00:00:00.000000,departamento,Arriendo,owner_direct
TT-2024-01-005042,toctoc,Santiago,Metropolitana,20.0,UF,66.6,2024-01-12 00:00:00.000000,2024-01-29 00:00:00.000000,departamento,Arriendo,agency
TT-2024-01-004197,toctoc,Conchalí,Metropolitana,525000.0,CLP,54.2,2023-12-28 00:00:00.000000,2024-01-22 00:00:00.000000,Departamento,ARRIENDO,agency
TT-2024-01-001775,toctoc,Ñuñoa,Metropolitana,695000.0,CLP,37.4,2023-11-18 00:00:00.000000,2024-01-08 00:00:00.000000,departamento,Arriendo,owner_direct
TT-2024-01-001192,toctoc,Vitacura,Metropolitana,1220000.0,CLP,50.7,2023-12-08 00:00:00.000000,2024-01-01 00:00:00.000000,departamento,Arriendo,owner_direct
TT-2024-01-003291,toctoc,Santiago,Metropolitana,460000.0,CLP,31.0,2024-01-15 00:00:00.000000,2024-01-22 00:00:00.000000,Departamento,Arriendo,agency
TT-2024-01-005265,toctoc,Ñuñoa,Metropolitana,740000.0,CLP,73.4,2023-08-23 00:00:00.000000,2024-01-29 00:00:00.000000,departamento,Arriendo,owner_direct
TT-2024-01-002763,toctoc,Estación Central,Metropolitana,14.19,UF,64.5,2023-11-27 00:00:00.000000,2024-01-15 00:00:00.000000,DEPARTAMENTO,ARRIENDO,agency
TT-2024-01-001793,toctoc,La Cisterna,Metropolitana,405000.0,CLP,42.6,2023-12-13 00:00:00.000000,2024-01-08 00:00:00.000000,Departamento,arriendo,agency
TT-2024-01-005358,toctoc,Estación Central ,Metropolitana,12.57,UF,43.6,2024-01-15 00:00:00.000000,2024-01-29 00:00:00.000000,DEPARTAMENTO,arriendo,agency
TT-2024-01-003109,toctoc,Ñuñoa,Metropolitana,32.3,UF,84.0,2023-12-19 00:00:00.000000,2024-01-15 00:00:00.000000,DEPARTAMENTO,ARRIENDO,agency
TT-2024-01-001678,toctoc,Macul,Metropolitana,10.68,UF,29.8,2023-11-20 00:00:00.000000,2024-01-08 00:00:00.000000,DEPARTAMENTO,Arriendo,agency
TT-2024-01-002241,toctoc,Lo Barnechea,Metropolitana,26.08,UF,59.1,2023-12-20 00:00:00.000000,2024-01-08 00:00:00.000000,DEPARTAMENTO,Arriendo,agency
TT-2024-01-000052,toctoc,Puente Alto,Metropolitana,545000.0,CLP,61.0,2023-12-06 00:00:00.000000,2024-01-01 00:00:00.000000,Departamento,Arriendo,agency
TT-2024-01-000606,toctoc,San Miguel,Metropolitana,14.19,UF,40.0,2023-12-13 00:00:00.000000,2024-01-01 00:00:00.000000,departamento,arriendo,agency
TT-2024-01-003106,toctoc,Puente Alto,Metropolitana,540000.0,CLP,56.3,2024-01-06 00:00:00.000000,2024-01-15 00:00:00.000000,departamento,ARRIENDO,agency
TT-2024-01-002387,toctoc,Providencia,Metropolitana,33.11,UF,84.0,2023-12-19 00:00:00.000000,2024-01-15 00:00:00.000000,DEPARTAMENTO,ARRIENDO,agency
TT-2024-01-001679,toctoc,Independencia,Metropolitana,530000.0,CLP,43.8,2023-12-15 00:00:00.000000,2024-01-08 00:00:00.000000,Departamento,Arriendo,owner_direct
TT-2024-01-004638,toctoc,Independencia,Metropolitana,16.89,UF,57.7,2024-01-24 00:00:00.000000,2024-01-29 00:00:00.000000,DEPARTAMENTO,Arriendo,agency
TT-2024-01-004803,toctoc,Puente Alto,Metropolitana,480000.0,CLP,52.4,2024-01-02 00:00:00.000000,2024-01-29 00:00:00.000000,Departamento,ARRIENDO,agency
TT-2024-01-000012,toctoc,La Florida,Metropolitana,560000.0,CLP,49.6,2023-12-22 00:00:00.000000,2024-01-01 00:00:00.000000,DEPARTAMENTO,arriendo,agency
TT-2024-01-001077,toctoc,Lo Barnechea,Metropolitana,32.97,UF,81.1,2023-11-10 00:00:00.000000,2024-01-01 00:00:00.000000,departamento,Arriendo,agency
TT-2024-01-001311,toctoc,Macul,Metropolitana,585000.0,CLP,42.6,2023-12-11 00:00:00.000000,2024-01-08 00:00:00.000000,DEPARTAMENTO,Arriendo,agency
TT-2024-01-001626,toctoc,Maipú,Metropolitana,19.19,UF,74.0,2023-12-15 00:00:00.000000,2024-01-08 00:00:00.000000,DEPARTAMENTO,ARRIENDO,owner_direct
TT-2024-01-001396,toctoc,La Reina,Metropolitana,19.59,UF,40.9,2023-12-11 00:00:00.000000,2024-01-08 00:00:00.000000,departamento,ARRIENDO,owner_direct
TT-2024-01-004127,toctoc,Macul,Metropolitana,13.51,UF,42.3,2024-01-05 00:00:00.000000,2024-01-22 00:00:00.000000,DEPARTAMENTO,ARRIENDO,owner_direct
TT-2024-01-004120,toctoc,Recoleta,Metropolitana,10.54,UF,23.1,2024-01-03 00:00:00.000000,2024-01-22 00:00:00.000000,DEPARTAMENTO,Arriendo,owner_direct
TT-2024-01-002067,toctoc,Ñuñoa,Metropolitana,19.05,UF,42.3,2023-12-02 00:00:00.000000,2024-01-08 00:00:00.000000,departamento,Arriendo,agency
TT-2024-01-001685,toctoc,La Cisterna,Metropolitana,425000.0,CLP,39.3,2023-12-09 00:00:00.000000,2024-01-08 00:00:00.000000,DEPARTAMENTO,arriendo,agency
TT-2024-01-003887,toctoc,Estación Central,Metropolitana,485000.0,CLP,46.3,2024-01-16 00:00:00.000000,2024-01-22 00:00:00.000000,Departamento,ARRIENDO,agency
TT-2024-01-000411,toctoc,Providencia,Metropolitana,865000.0,CLP,36.7,2023-11-29 00:00:00.000000,2024-01-01 00:00:00.000000,DEPARTAMENTO,ARRIENDO,agency
TT-2024-01-000129,toctoc,Ñuñoa,Metropolitana,815000.0,CLP,49.2,2023-12-04 00:00:00.000000,2024-01-01 00:00:00.000000,DEPARTAMENTO,Arriendo,owner_direct
TT-2024-01-002479,toctoc,Las Condes,Metropolitana,36.08,UF,75.3,2023-12-30 00:00:00.000000,2024-01-15 00:00:00.000000,Departamento,Arriendo,agency
TT-2024-01-001043,toctoc,Independencia,Metropolitana,16.76,UF,63.8,2023-11-06 00:00:00.000000,2024-01-01 00:00:00.000000,departamento,ARRIENDO,agency
TT-2024-01-000900,toctoc,Ñuñoa,Metropolitana,590000.0,CLP,40.9,2023-12-07 00:00:00.000000,2024-01-01 00:00:00.000000,departamento,arriendo,agency
TT-2024-01-004618,toctoc,Ñuñoa,Metropolitana,745000.0,CLP,40.1,2023-10-07 00:00:00.000000,2024-01-29 00:00:00.000000,DEPARTAMENTO,ARRIENDO,owner_direct
TT-2024-01-004505,toctoc,La Cisterna,Metropolitana,13.24,UF,55.0,2023-12-25 00:00:00.000000,2024-01-29 00:00:00.000000,DEPARTAMENTO,Arriendo,agency
TT-2024-01-003640,toctoc,Maipú,Metropolitana,510000.0,CLP,57.8,2023-12-16 00:00:00.000000,2024-01-22 00:00:00.000000,Departamento,arriendo,owner_direct
TT-2024-01-002826,toctoc, Estación Central,Metropolitana,12.84,UF,57.4,2024-01-06 00:00:00.000000,2024-01-15 00:00:00.000000,DEPARTAMENTO,ARRIENDO,owner_direct
TT-2024-01-001534,toctoc,Recoleta,Metropolitana,18.24,UF,86.6,2024-01-06 00:00:00.000000,2024-01-08 00:00:00.000000,DEPARTAMENTO,ARRIENDO,agency
TT-2024-01-003686,toctoc,San Miguel,Metropolitana,13.11,UF,27.7,2024-01-11 00:00:00.000000,2024-01-22 00:00:00.000000,Departamento,ARRIENDO,owner_direct
TT-2024-01-003727,toctoc,La Cisterna,Metropolitana,15.27,UF,64.4,2023-12-22 00:00:00.000000,2024-01-22 00:00:00.000000,DEPARTAMENTO,Arriendo,agency
TT-2024-01-001804,toctoc,Macul,Metropolitana,15.68,UF,47.4,2023-11-12 00:00:00.000000,2024-01-08 00:00:00.000000,DEPARTAMENTO,ARRIENDO,agency
TT-2024-01-001080,toctoc,Estación Central,Metropolitana,705000.0,CLP,78.0,2023-12-19 00:00:00.000000,2024-01-01 00:00:00.000000,Departamento,arriendo,agency
TT-2024-01-000574,toctoc,Quinta Normal,Metropolitana,18.92,UF,110.4,2023-12-06 00:00:00.000000,2024-01-01 00:00:00.000000,DEPARTAMENTO,Arriendo,agency
TT-2024-01-005074,toctoc,Maipú,Metropolitana,500000.0,CLP,48.1,2023-12-25 00:00:00.000000,2024-01-29 00:00:00.000000,DEPARTAMENTO,ARRIENDO,agency
TT-2024-01-000800,toctoc,Estación Central,Metropolitana,700000.0,CLP,100.8,2023-11-25 00:00:00.000000,2024-01-01 00:00:00.000000,DEPARTAMENTO,arriendo,agency
TT-2024-01-005216,toctoc,Providencia,Metropolitana,760000.0,CLP,28.6,2024-01-02 00:00:00.000000,2024-01-29 00:00:00.000000,DEPARTAMENTO,arriendo,agency
TT-2024-01-002731,toctoc,Santiago,Metropolitana,505000.0,CLP,33.9,2023-12-15 00:00:00.000000,2024-01-15 00:00:00.000000,DEPARTAMENTO,ARRIENDO,owner_direct
TT-2024-01-004000,toctoc,La Reina,Metropolitana,34.32,UF,123.2,2023-12-25 00:00:00.000000,2024-01-22 00:00:00.000000,Departamento,Arriendo,agency
TT-2024-01-001056,toctoc,Huechuraba,Metropolitana,750000.0,CLP,73.0,2023-12-04 00:00:00.000000,2024-01-01 00:00:00.000000,departamento,Arriendo,agency
TT-2024-01-003971,toctoc,Recoleta,Metropolitana,460000.0,CLP,33.8,2023-10-02 00:00:00.000000,2024-01-22 00:00:00.000000,departamento,Arriendo,agency
TT-2024-01-002957,toctoc,Santiago,Metropolitana,17.03,UF,48.3,2023-12-09 00:00:00.000000,2024-01-15 00:00:00.000000,Departamento,arriendo,agency
TT-2024-01-005155,toctoc,Cerrillos,Metropolitana,14.05,UF,57.3,2024-01-01 00:00:00.000000,2024-01-29 00:00:00.000000,DEPARTAMENTO,Arriendo,agency
TT-2024-01-003845,toctoc,San Miguel,Metropolitana,11.62,UF,29.6,2024-01-05 00:00:00.000000,2024-01-22 00:00:00.000000,DEPARTAMENTO,ARRIENDO,agency
TT-2024-01-002903,toctoc,Huechuraba,Metropolitana,21.08,UF,60.9,2023-12-28 00:00:00.000000,2024-01-15 00:00:00.000000,DEPARTAMENTO,ARRIENDO,owner_direct
TT-2024-01-000004,toctoc,Quilicura,Metropolitana,510000.0,CLP,51.0,2023-11-27 00:00:00.000000,2024-01-01 00:00:00.000000,departamento,Arriendo,owner_direct
TT-2024-01-001746,toctoc,Peñalolén,Metropolitana,440000.0,CLP,33.3,2023-12-24 00:00:00.000000,2024-01-08 00:00:00.000000,departamento,ARRIENDO,agency
TT-2024-01-000879,toctoc,Conchalí,Metropolitana,795000.0,CLP,100.8,2023-12-02 00:00:00.000000,2024-01-01 00:00:00.000000,DEPARTAMENTO,ARRIENDO,agency
TT-2024-01-003871,toctoc,San Miguel,Metropolitana,720000.0,CLP,62.6,2024-01-14 00:00:00.000000,2024-01-22 00:00:00.000000,Departamento,Arriendo,agency
TT-2024-01-000769,toctoc,Estación Central,Metropolitana,710000.0,CLP,107.3,2023-12-07 00:00:00.000000,2024-01-01 00:00:00.000000,departamento,arriendo,owner_direct
TT-2024-01-000215,toctoc,Recoleta,Metropolitana,11.08,UF,33.5,2023-12-08 00:00:00.000000,2024-01-01 00:00:00.000000,Departamento,ARRIENDO,agency
TT-2024-01-003199,toctoc,Santiago,Metropolitana,545000.0,CLP,39.6,2023-12-15 00:00:00.000000,2024-01-15 00:00:00.000000,Departamento,ARRIENDO,owner_direct
TT-2024-01-002529,toctoc,Estación Central,Metropolitana,410000.0,CLP,35.9,2023-12-24 00:00:00.000000,2024-01-15 00:00:00.000000,departamento,ARRIENDO,owner_direct
TT-2024-01-001573,toctoc,Lo Barnechea,Metropolitana,6990000.0,CLP,650.0,2023-11-16 00:00:00.000000,2024-01-08 00:00:00.000000,departamento,arriendo,agency
TT-2024-01-002149,toctoc,Huechuraba,Metropolitana,13.51,UF,34.2,2023-12-31 00:00:00.000000,2024-01-08 00:00:00.000000,departamento,arriendo,agency
TT-2024-01-004418,toctoc,Ñuñoa,Metropolitana,16.22,UF,41.1,2024-01-10 00:00:00.000000,2024-01-29 00:00:00.000000,Departamento,ARRIENDO,agency
TT-2024-01-003083,toctoc,Macul,Metropolitana,15.14,UF,48.0,2024-01-04 00:00:00.000000,2024-01-15 00:00:00.000000,Departamento,Arriendo,agency
TT-2024-01-000081,toctoc,San Miguel,Metropolitana,465000.0,CLP,34.3,2023-12-11 00:00:00.000000,2024-01-01 00:00:00.000000,DEPARTAMENTO,ARRIENDO,owner_direct
TT-2024-01-004214,toctoc,Maipú,Metropolitana,13.51,UF,47.0,2023-09-18 00:00:00.000000,2024-01-22 00:00:00.000000,Departamento,Arriendo,owner_direct
TT-2024-01-004838,toctoc,Providencia,Metropolitana,27.3,UF,65.5,2023-12-27 00:00:00.000000,2024-01-29 00:00:00.000000,departamento,Arriendo,agency
TT-2024-01-000472,toctoc,Ñuñoa,Metropolitana,25.27,UF,71.3,2023-12-13 00:00:00.000000,2024-01-01 00:00:00.000000,departamento,Arriendo,agency
TT-2024-01-002867,toctoc,Macul ,Metropolitana,600000.0,CLP,40.8,2024-01-05 00:00:00.000000,2024-01-15 00:00:00.000000,DEPARTAMENTO,Arriendo,owner_direct
TT-2024-01-002582,toctoc,Ñuñoa,Metropolitana,14.32,UF,22.7,2023-12-27 00:00:00.000000,2024-01-15 00:00:00.000000,DEPARTAMENTO,ARRIENDO,agency
TT-2024-01-003335,toctoc,Santiago,Metropolitana,22.84,UF,68.4,2024-01-12 00:00:00.000000,2024-01-22 00:00:00.000000,departamento,ARRIENDO,agency
TT-2024-01-004672,toctoc,La Florida,Metropolitana,11.08,UF,36.0,2024-01-13 00:00:00.000000,2024-01-29 00:00:00.000000,DEPARTAMENTO,Arriendo,agency
TT-2024-01-002959,toctoc,Maipú,Metropolitana,20.95,UF,111.2,2023-12-01 00:00:00.000000,2024-01-15 00:00:00.000000,DEPARTAMENTO,ARRIENDO,agency
TT-2024-01-002773,toctoc,Recoleta,Metropolitana,775000.0,CLP,107.9,2023-11-26 00:00:00.000000,2024-01-15 00:00:00.000000,Departamento,Arriendo,agency
TT-2024-01-003760,toctoc,Ñuñoa,Metropolitana,15.0,UF,22.8,2023-12-31 00:00:00.000000,2024-01-22 00:00:00.000000,departamento,Arriendo,agency
TT-2024-01-000206,toctoc,Estación Central,Metropolitana,21.22,UF,103.7,2023-12-15 00:00:00.000000,2024-01-01 00:00:00.000000,departamento,arriendo,agency
TT-2024-01-001590,toctoc,Las Condes,Metropolitana,23.38,UF,64.9,2023-12-21 00:00:00.000000,2024-01-08 00:00:00.000000,departamento,Arriendo,agency
TT-2024-01-000257,toctoc,Independencia,Metropolitana,1315000.0,CLP,167.0,2023-08-31 00:00:00.000000,2024-01-01 00:00:00.000000,departamento,arriendo,agency
TT-2024-01-001952,toctoc,Puente Alto,Metropolitana,14.05,UF,77.0,2023-12-29 00:00:00.000000,2024-01-08 00:00:00.000000,DEPARTAMENTO,arriendo,agency
TT-2024-01-000458,toctoc,Santiago,Metropolitana,625000.0,CLP,52.2,2023-11-29 00:00:00.000000,2024-01-01 00:00:00.000000,DEPARTAMENTO,Arriendo,agency
TT-2024-01-000124,toctoc,Estación Central,Metropolitana,370000.0,CLP,29.9,2023-11-16 00:00:00.000000,2024-01-01 00:00:00.000000,departamento,Arriendo,agency
TT-2024-01-002642,toctoc,Las Condes,Metropolitana,19.19,UF,32.8,2023-11-24 00:00:00.000000,2024-01-15 00:00:00.000000,departamento,arriendo,agency
TT-2024-01-002839,toctoc,Recoleta,Metropolitana,11.22,UF,38.9,2024-01-01 00:00:00.000000,2024-01-15 00:00:00.000000,Departamento,arriendo,owner_direct
TT-2024-01-003036,toctoc,La Florida,Metropolitana,535000.0,CLP,54.5,2024-01-01 00:00:00.000000,2024-01-15 00:00:00.000000,DEPARTAMENTO,arriendo,agency
TT-2024-01-000366,toctoc,San Miguel,Metropolitana,635000.0,CLP,66.4,2023-12-28 00:00:00.000000,2024-01-01 00:00:00.000000,DEPARTAMENTO,Arriendo,agency
TT-2024-01-004886,toctoc,La Cisterna,Metropolitana,12.16,UF,46.1,2023-12-05 00:00:00.000000,2024-01-29 00:00:00.000000,Departamento,arriendo,owner_direct
TT-2024-01-004525,toctoc,Providencia,Metropolitana,25.81,UF,51.1,2024-01-16 00:00:00.000000,2024-01-29 00:00:00.000000,departamento,arriendo,agency
TT-2024-01-001751,toctoc,Quinta Normal,Metropolitana,615000.0,CLP,84.1,2023-12-28 00:00:00.000000,2024-01-08 00:00:00.000000,departamento,arriendo,agency
TT-2024-01-001829,toctoc,Las Condes,Metropolitana,23.38,UF,49.0,2023-12-26 00:00:00.000000,2024-01-08 00:00:00.000000,departamento,ARRIENDO,agency
TT-2024-01-004700,toctoc,Quinta Normal,Metropolitana,11.35,UF,42.8,2023-12-13 00:00:00.000000,2024-01-29 00:00:00.000000,departamento,ARRIENDO,agency
TT-2024-01-002332,toctoc,Las Condes,Metropolitana,29.86,UF,54.5,2023-12-30 00:00:00.000000,2024-01-08 00:00:00.000000,Departamento,Arriendo,agency
TT-2024-01-005218,toctoc,Lo Barnechea,Metropolitana,1095000.0,CLP,63.3,2024-01-10 00:00:00.000000,2024-01-29 00:00:00.000000,DEPARTAMENTO,ARRIENDO,owner_direct
TT-2024-01-003184,toctoc,Estación Central,Metropolitana,565000.0,CLP,56.8,2023-11-29 00:00:00.000000,2024-01-15 00:00:00.000000,departamento,arriendo,agency
TT-2024-01-000135,toctoc,Santiago,Metropolitana,555000.0,CLP,35.1,2023-12-16 00:00:00.000000,2024-01-01 00:00:00.000000,departamento,Arriendo,agency
TT-2024-01-005007,toctoc,Estación Central,Metropolitana,25.54,UF,116.2,2024-01-19 00:00:00.000000,2024-01-29 00:00:00.000000,departamento,ARRIENDO,owner_direct
TT-2024-01-000120,toctoc,Estación Central,Metropolitana,18.24,UF,73.9,2023-12-27 00:00:00.000000,2024-01-01 00:00:00.000000,departamento,ARRIENDO,agency
TT-2024-01-003165,toctoc,Huechuraba,Metropolitana,16.35,UF,56.9,2023-11-24 00:00:00.000000,2024-01-15 00:00:00.000000,departamento,Arriendo,agency
TT-2024-01-001815,toctoc,Estación Central,Metropolitana,20.81,UF,100.0,2023-12-16 00:00:00.000000,2024-01-08 00:00:00.000000,departamento,ARRIENDO,agency
TT-2024-01-004228,toctoc,Huechuraba,Metropolitana,19.19,UF,65.6,2024-01-14 00:00:00.000000,2024-01-22 00:00:00.000000,DEPARTAMENTO,ARRIENDO,owner_direct
TT-2024-01-000225,toctoc,Santiago,Metropolitana,735000.0,CLP,64.3,2023-09-24 00:00:00.000000,2024-01-01 00:00:00.000000,DEPARTAMENTO,ARRIENDO,owner_direct
TT-2024-01-002548,toctoc, Santiago,Metropolitana,20.95,UF,80.8,2023-12-08 00:00:00.000000,2024-01-15 00:00:00.000000,Departamento,arriendo,agency
TT-2024-01-001975,toctoc,Lo Barnechea,Metropolitana,715000.0,CLP,33.3,2023-12-17 00:00:00.000000,2024-01-08 00:00:00.000000,departamento,Arriendo,owner_direct
TT-2024-01-001447,toctoc,Maipú,Metropolitana,485000.0,CLP,58.1,2023-12-12 00:00:00.000000,2024-01-08 00:00:00.000000,Departamento,arriendo,agency
TT-2024-01-005035,toctoc,Santiago,Metropolitana,600000.0,CLP,53.8,2023-12-20 00:00:00.000000,2024-01-29 00:00:00.000000,departamento,ARRIENDO,agency
TT-2024-01-003212,toctoc,Santiago,Metropolitana,620000.0,CLP,49.8,2023-12-11 00:00:00.000000,2024-01-15 00:00:00.000000,departamento,ARRIENDO,agency
TT-2024-01-002660,toctoc,Quinta Normal,Metropolitana,17.84,UF,74.0,2023-12-16 00:00:00.000000,2024-01-15 00:00:00.000000,departamento,ARRIENDO,agency
TT-2024-01-001885,toctoc,Ñuñoa,Metropolitana,13.65,UF,31.5,2023-09-24 00:00:00.000000,2024-01-08 00:00:00.000000,Departamento,arriendo,agency
TT-2024-01-002260,toctoc,Peñalolén,Metropolitana,470000.0,CLP,29.4,2023-12-26 00:00:00.000000,2024-01-08 00:00:00.000000,Departamento,ARRIENDO,agency
TT-2024-01-002633,toctoc,Las Condes,Metropolitana,31.22,UF,48.8,2023-12-28 00:00:00.000000,2024-01-15 00:00:00.000000,departamento,Arriendo,owner_direct
TT-2024-01-000886,toctoc,San Miguel,Metropolitana,15.68,UF,46.1,2023-05-28 00:00:00.000000,2024-01-01 00:00:00.000000,Departamento,Arriendo,agency
TT-2024-01-000820,toctoc,Peñalolén,Metropolitana,18.51,UF,64.3,2023-12-29 00:00:00.000000,2024-01-01 00:00:00.000000,Departamento,ARRIENDO,agency
TT-2024-01-000775,toctoc,Huechuraba,Metropolitana,430000.0,CLP,30.3,2023-11-23 00:00:00.000000,2024-01-01 00:00:00.000000,departamento,arriendo,agency
TT-2024-01-000277,toctoc,Puente Alto,Metropolitana,475000.0,CLP,49.9,2023-12-26 00:00:00.000000,2024-01-01 00:00:00.000000,DEPARTAMENTO,ARRIENDO,agency
TT-2024-01-000500,toctoc,La Cisterna,Metropolitana,540000.0,CLP,53.2,2023-09-15 00:00:00.000000,2024-01-01 00:00:00.000000,Departamento,ARRIENDO,owner_direct
TT-2024-01-003142,toctoc,MACUL,Metropolitana,18.92,UF,72.3,2023-12-28 00:00:00.000000,2024-01-15 00:00:00.000000,departamento,arriendo,agency
TT-2024-01-001828,toctoc,Pudahuel,Metropolitana,11.49,UF,48.3,2023-12-20 00:00:00.000000,2024-01-08 00:00:00.000000,DEPARTAMENTO,Arriendo,agency
TT-2024-01-004879,toctoc,Lo Barnechea,Metropolitana,20.68,UF,41.3,2023-09-03 00:00:00.000000,2024-01-29 00:00:00.000000,departamento,Arriendo,agency
TT-2024-01-001042,toctoc,Las Condes,Metropolitana,1235000.0,CLP,59.5,2023-11-07 00:00:00.000000,2024-01-01 00:00:00.000000,departamento,Arriendo,agency
TT-2024-01-001694,toctoc,Macul,Metropolitana,14.59,UF,44.2,2024-01-01 00:00:00.000000,2024-01-08 00:00:00.000000,Departamento,arriendo,agency
TT-2024-01-004416,toctoc,Cerrillos,Metropolitana,535000.0,CLP,44.2,2023-12-28 00:00:00.000000,2024-01-29 00:00:00.000000,departamento,ARRIENDO,agency
TT-2024-01-000759,toctoc,Santiago,Metropolitana,475000.0,CLP,30.7,2023-12-31 00:00:00.000000,2024-01-01 00:00:00.000000,Departamento,ARRIENDO,agency
TT-2024-01-003853,toctoc,La Florida,Metropolitana,16.62,UF,57.5,2023-12-20 00:00:00.000000,2024-01-22 00:00:00.000000,departamento,arriendo,agency
TT-2024-01-003672,toctoc,MACUL,Metropolitana,580000.0,CLP,47.0,2023-12-20 00:00:00.000000,2024-01-22 00:00:00.000000,Departamento,arriendo,agency
TT-2024-01-005349,toctoc,Conchalí,Metropolitana,670000.0,CLP,70.2,2024-01-18 00:00:00.000000,2024-01-29 00:00:00.000000,DEPARTAMENTO,ARRIENDO,agency
TT-2024-01-001902,toctoc,Puente Alto,Metropolitana,18.24,UF,83.2,2023-12-25 00:00:00.000000,2024-01-08 00:00:00.000000,departamento,Arriendo,owner_direct
TT-2024-01-004191,toctoc,Santiago,Metropolitana,790000.0,CLP,75.1,2023-12-31 00:00:00.000000,2024-01-22 00:00:00.000000,DEPARTAMENTO,ARRIENDO,agency
TT-2024-01-001139,toctoc,Las Condes,Metropolitana,785000.0,CLP,32.1,2023-11-28 00:00:00.000000,2024-01-01 00:00:00.000000,departamento,Arriendo,agency
TT-2024-01-003668,toctoc,Vitacura,Metropolitana,29.19,UF,60.0,2024-01-10 00:00:00.000000,2024-01-22 00:00:00.000000,departamento,arriendo,owner_direct
TT-2024-01-005491,toctoc,Estación Central,Metropolitana,10.68,UF,41.1,2024-01-11 00:00:00.000000,2024-01-29 00:00:00.000000,DEPARTAMENTO,Arriendo,owner_direct
TT-2024-01-004426,toctoc,Recoleta,Metropolitana,620000.0,CLP,66.2,2024-01-08 00:00:00.000000,2024-01-29 00:00:00.000000,Departamento,ARRIENDO,agency
TT-2024-01-003136,toctoc,La Florida,Metropolitana,945000.0,CLP,29.4,2023-12-29 00:00:00.000000,2024-01-15 00:00:00.000000,departamento,Arriendo,owner_direct
TT-2024-01-003279,toctoc,Independencia,Metropolitana,27.03,UF,131.7,2023-12-22 00:00:00.000000,2024-01-22 00:00:00.000000,Departamento,Arriendo,agency
TT-2024-01-004400,toctoc,Santiago,Metropolitana,16.08,UF,45.0,2023-12-25 00:00:00.000000,2024-01-29 00:00:00.000000,DEPARTAMENTO,arriendo,agency
TT-2024-01-005227,toctoc,Santiago,Metropolitana,23.38,UF,80.2,2024-01-22 00:00:00.000000,2024-01-29 00:00:00.000000,DEPARTAMENTO,Arriendo,agency
TT-2024-01-003383,toctoc,Las Condes,Metropolitana,29.86,UF,76.1,2024-01-15 00:00:00.000000,2024-01-22 00:00:00.000000,Departamento,arriendo,owner_direct
TT-2024-01-004668,toctoc,Las Condes,Metropolitana,28.11,UF,63.0,2023-12-31 00:00:00.000000,2024-01-29 00:00:00.000000,departamento,Arriendo,owner_direct
TT-2024-01-002308,toctoc,Independencia,Metropolitana,14.59,UF,44.9,2023-12-12 00:00:00.000000,2024-01-08 00:00:00.000000,DEPARTAMENTO,Arriendo,agency
TT-2024-01-002170,toctoc,Estación Central,Metropolitana,19.19,UF,85.0,2023-12-24 00:00:00.000000,2024-01-08 00:00:00.000000,departamento,ARRIENDO,agency
TT-2024-01-004243,toctoc,Ñuñoa,Metropolitana,25.81,UF,91.7,2023-12-24 00:00:00.000000,2024-01-22 00:00:00.000000,departamento,Arriendo,agency
TT-2024-01-004156,toctoc,peñalolén,Metropolitana,13.65,UF,53.5,2023-12-25 00:00:00.000000,2024-01-22 00:00:00.000000,departamento,arriendo,owner_direct
TT-2024-01-002668,toctoc,La Reina,Metropolitana,960000.0,CLP,66.6,2023-12-21 00:00:00.000000,2024-01-15 00:00:00.000000,Departamento,arriendo,agency
TT-2024-01-002576,toctoc,Cerrillos,Metropolitana,420000.0,CLP,43.5,2024-01-05 00:00:00.000000,2024-01-15 00:00:00.000000,departamento,ARRIENDO,agency
TT-2024-01-000325,toctoc,Independencia,Metropolitana,800000.0,CLP,94.0,2023-11-20 00:00:00.000000,2024-01-01 00:00:00.000000,departamento,ARRIENDO,owner_direct
TT-2024-01-000859,toctoc,Recoleta,Metropolitana,16.89,UF,82.4,2023-12-19 00:00:00.000000,2024-01-01 00:00:00.000000,Departamento,Arriendo,agency
TT-2024-01-004180,toctoc,Santiago,Metropolitana,16.76,UF,35.9,2024-01-04 00:00:00.000000,2024-01-22 00:00:00.000000,departamento,ARRIENDO,owner_direct
TT-2024-01-001312,toctoc,Estación Central,Metropolitana,30.14,UF,27.9,2023-12-20 00:00:00.000000,2024-01-08 00:00:00.000000,DEPARTAMENTO,Arriendo,agency
TT-2024-01-004148,toctoc,Recoleta,Metropolitana,475000.0,CLP,39.9,2024-01-02 00:00:00.000000,2024-01-22 00:00:00.000000,DEPARTAMENTO,Arriendo,agency
TT-2024-01-001242,toctoc,Independencia,Metropolitana,630000.0,CLP,61.8,2023-12-13 00:00:00.000000,2024-01-08 00:00:00.000000,Departamento,Arriendo,agency
TT-2024-01-001027,toctoc,Macul,Metropolitana,705000.0,CLP,65.4,2023-11-23 00:00:00.000000,2024-01-01 00:00:00.000000,DEPARTAMENTO,arriendo,agency
TT-2024-01-004982,toctoc,La Florida,Metropolitana,16.35,UF,46.9,2024-01-04 00:00:00.000000,2024-01-29 00:00:00.000000,departamento,Arriendo,agency
TT-2024-01-003101,toctoc,Ñuñoa,Metropolitana,22.43,UF,66.0,2023-12-16 00:00:00.000000,2024-01-15 00:00:00.000000,Departamento,ARRIENDO,owner_direct
TT-2024-01-002846,toctoc,Independencia,Metropolitana,18.11,UF,54.9,2023-12-27 00:00:00.000000,2024-01-15 00:00:00.000000,departamento,ARRIENDO,agency
TT-2024-01-000926,toctoc,Macul,Metropolitana,1010000.0,CLP,103.7,2023-11-06 00:00:00.000000,2024-01-01 00:00:00.000000,departamento,Arriendo,agency
TT-2024-01-003030,toctoc,Santiago,Metropolitana,1225000.0,CLP,125.4,2023-12-20 00:00:00.000000,2024-01-15 00:00:00.000000,departamento,Arriendo,owner_direct
TT-2024-01-001190,toctoc,Estación Central,Metropolitana,12.84,UF,45.9,2023-11-22 00:00:00.000000,2024-01-01 00:00:00.000000,Departamento,Arriendo,owner_direct
TT-2024-01-002256,toctoc,Macul,Metropolitana,47.43,UF,35.0,2023-11-02 00:00:00.000000,2024-01-08 00:00:00.000000,Departamento,arriendo,agency
TT-2024-01-003541,toctoc,Puente Alto,Metropolitana,410000.0,CLP,38.2,2024-01-16 00:00:00.000000,2024-01-22 00:00:00.000000,Departamento,Arriendo,agency
TT-2024-01-001221,toctoc,La Reina,Metropolitana,800000.0,CLP,50.3,2023-12-31 00:00:00.000000,2024-01-08 00:00:00.000000,Departamento,ARRIENDO,agency
TT-2024-01-002732,toctoc,Estación Central,Metropolitana,18.38,UF,74.5,2024-01-09 00:00:00.000000,2024-01-15 00:00:00.000000,Departamento,arriendo,agency
TT-2024-01-003729,toctoc,Vitacura,Metropolitana,31.49,UF,47.8,2023-12-28 00:00:00.000000,2024-01-22 00:00:00.000000,DEPARTAMENTO,ARRIENDO,agency
TT-2024-01-004320,toctoc,Las Condes,Metropolitana,23.78,UF,51.1,2023-08-21 00:00:00.000000,2024-01-22 00:00:00.000000,departamento,arriendo,owner_direct
TT-2024-01-004957,toctoc,Ñuñoa,Metropolitana,685000.0,CLP,45.0,2023-12-23 00:00:00.000000,2024-01-29 00:00:00.000000,departamento,ARRIENDO,agency
TT-2024-01-001004,toctoc,San Miguel,Metropolitana,12.57,UF,38.3,2023-12-12 00:00:00.000000,2024-01-01 00:00:00.000000,DEPARTAMENTO,arriendo,agency
TT-2024-01-004110,toctoc,Ñuñoa,Metropolitana,690000.0,CLP,35.8,2023-11-09 00:00:00.000000,2024-01-22 00:00:00.000000,DEPARTAMENTO,ARRIENDO,owner_direct
TT-2024-01-004321,toctoc,Quilicura,Metropolitana,10.14,UF,30.0,2024-01-10 00:00:00.000000,2024-01-22 00:00:00.000000,DEPARTAMENTO,Arriendo,owner_direct
TT-2024-01-004443,toctoc,San Joaquín,Metropolitana,19.46,UF,83.8,2024-01-10 00:00:00.000000,2024-01-29 00:00:00.000000,DEPARTAMENTO,arriendo,
TT-2024-01-002065,toctoc,Santiago,Metropolitana,490000.0,CLP,23.0,2023-11-28 00:00:00.000000,2024-01-08 00:00:00.000000,departamento,arriendo,owner_direct
TT-2024-01-005204,toctoc,Conchalí,Metropolitana,460000.0,CLP,50.8,2023-11-16 00:00:00.000000,2024-01-29 00:00:00.000000,Departamento,ARRIENDO,agency
TT-2024-01-004101,toctoc,Recoleta,Metropolitana,505000.0,CLP,55.6,2023-12-31 00:00:00.000000,2024-01-22 00:00:00.000000,departamento,Arriendo,owner_direct
TT-2024-01-004876,toctoc,La Reina,Metropolitana,705000.0,CLP,41.9,2024-01-09 00:00:00.000000,2024-01-29 00:00:00.000000,departamento,Arriendo,owner_direct
TT-2024-01-003641,toctoc,La Reina,Metropolitana,16.35,UF,32.7,2024-01-06 00:00:00.000000,2024-01-22 00:00:00.000000,departamento,arriendo,agency
TT-2024-01-001666,toctoc,Maipú,Metropolitana,19.73,UF,84.1,2023-12-05 00:00:00.000000,2024-01-08 00:00:00.000000,Departamento,arriendo,owner_direct
TT-2024-01-004258,toctoc,Providencia,Metropolitana,20.68,UF,40.2,2024-01-01 00:00:00.000000,2024-01-22 00:00:00.000000,departamento,Arriendo,agency
TT-2024-01-001049,toctoc,Estación Central,Metropolitana,13.92,UF,62.6,2023-12-19 00:00:00.000000,2024-01-01 00:00:00.000000,DEPARTAMENTO,Arriendo,agency
TT-2024-01-003418,toctoc,Huechuraba,Metropolitana,24.19,UF,84.5,2023-12-30 00:00:00.000000,2024-01-22 00:00:00.000000,departamento,ARRIENDO,agency
TT-2024-01-004539,toctoc,Ñuñoa,Metropolitana,15.14,UF,33.1,2024-01-12 00:00:00.000000,2024-01-29 00:00:00.000000,Departamento,arriendo,agency
TT-2024-01-003757,toctoc,Santiago,Metropolitana,18.24,UF,51.7,2023-12-26 00:00:00.000000,2024-01-22 00:00:00.000000,DEPARTAMENTO,ARRIENDO,agency
TT-2024-01-004332,toctoc,Estación Central,Metropolitana,11.62,UF,50.3,2024-01-07 00:00:00.000000,2024-01-22 00:00:00.000000,DEPARTAMENTO,arriendo,owner_direct
TT-2024-01-005259,toctoc,Maipú,Metropolitana,11.49,UF,41.1,2023-12-29 00:00:00.000000,2024-01-29 00:00:00.000000,Departamento,arriendo,agency
TT-2024-01-001734,toctoc,Recoleta,Metropolitana,595000.0,CLP,55.9,2023-12-02 00:00:00.000000,2024-01-08 00:00:00.000000,Departamento,ARRIENDO,owner_direct
TT-2024-01-000056,toctoc,Puente Alto,Metropolitana,920000.0,CLP,140.1,2023-11-19 00:00:00.000000,2024-01-01 00:00:00.000000,Departamento,Arriendo,agency
TT-2024-01-002360,toctoc,Quilicura,Metropolitana,14.32,UF,68.1,2023-12-19 00:00:00.000000,2024-01-08 00:00:00.000000,DEPARTAMENTO,arriendo,agency
TT-2024-01-002647,toctoc,Huechuraba,Metropolitana,24.32,UF,96.8,2023-12-25 00:00:00.000000,2024-01-15 00:00:00.000000,Departamento,arriendo,agency
TT-2024-01-002744,toctoc,Vitacura,Metropolitana,51.89,UF,104.5,2023-11-19 00:00:00.000000,2024-01-15 00:00:00.000000,DEPARTAMENTO,arriendo,agency
TT-2024-01-003488,toctoc,Macul,Metropolitana,815000.0,CLP,75.9,2024-01-11 00:00:00.000000,2024-01-22 00:00:00.000000,DEPARTAMENTO,arriendo,agency
TT-2024-01-002176,toctoc,Recoleta,Metropolitana,425000.0,CLP,38.0,2023-12-14 00:00:00.000000,2024-01-08 00:00:00.000000,Departamento,Arriendo,owner_direct
TT-2024-01-004092,toctoc,San Miguel,Metropolitana,16.08,UF,60.9,2023-12-27 00:00:00.000000,2024-01-22 00:00:00.000000,DEPARTAMENTO,arriendo,agency
TT-2024-01-000727,toctoc,Independencia,Metropolitana,350000.0,CLP,26.1,2023-07-29 00:00:00.000000,2024-01-01 00:00:00.000000,departamento,ARRIENDO,agency
TT-2024-01-004913,toctoc,La Florida,Metropolitana,17.43,UF,53.0,2023-11-16 00:00:00.000000,2024-01-29 00:00:00.000000,DEPARTAMENTO,arriendo,agency
TT-2024-01-002552,toctoc,San Joaquín,Metropolitana,16.76,UF,86.3,2024-01-10 00:00:00.000000,2024-01-15 00:00:00.000000,departamento,arriendo,agency
TT-2024-01-001604,toctoc,Pudahuel,Metropolitana,650000.0,CLP,65.6,2023-12-22 00:00:00.000000,2024-01-08 00:00:00.000000,departamento,ARRIENDO,owner_direct
TT-2024-01-000264,toctoc,Providencia,Metropolitana,865000.0,CLP,34.8,2023-12-27 00:00:00.000000,2024-01-01 00:00:00.000000,departamento,Arriendo,agency
TT-2024-01-000911,toctoc,Providencia,Metropolitana,25.0,UF,33.3,2023-11-16 00:00:00.000000,2024-01-01 00:00:00.000000,Departamento,arriendo,agency
TT-2024-01-005194,toctoc,Santiago,Metropolitana,705000.0,CLP,72.6,2024-01-07 00:00:00.000000,2024-01-29 00:00:00.000000,DEPARTAMENTO,Arriendo,agency
TT-2024-01-004341,toctoc,Santiago,Metropolitana,12.16,UF,43.0,2023-12-13 00:00:00.000000,2024-01-22 00:00:00.000000,DEPARTAMENTO,ARRIENDO,agency
TT-2024-01-000154,toctoc,Huechuraba,Metropolitana,22.97,UF,86.0,2023-12-03 00:00:00.000000,2024-01-01 00:00:00.000000,DEPARTAMENTO,Arriendo,agency
TT-2024-01-001924,toctoc,Macul,Metropolitana,13.65,UF,40.7,2023-11-30 00:00:00.000000,2024-01-08 00:00:00.000000,departamento,Arriendo,agency
TT-2024-01-000400,toctoc,VITACURA,Metropolitana,24.46,UF,10.0,2023-12-27 00:00:00.000000,2024-01-01 00:00:00.000000,DEPARTAMENTO,arriendo,owner_direct
TT-2024-01-003105,toctoc,Lo Barnechea,Metropolitana,24.73,UF,44.0,2023-11-28 00:00:00.000000,2024-01-15 00:00:00.000000,Departamento,ARRIENDO,owner_direct
TT-2024-01-002281,toctoc,Providencia,Metropolitana,22.57,UF,40.3,2023-09-05 00:00:00.000000,2024-01-08 00:00:00.000000,Departamento,ARRIENDO,owner_direct
TT-2024-01-004993,toctoc,La Florida,Metropolitana,12.3,UF,47.6,2024-01-21 00:00:00.000000,2024-01-29 00:00:00.000000,departamento,ARRIENDO,owner_direct
TT-2024-01-002147,toctoc,Santiago,Metropolitana,450000.0,CLP,33.6,2024-01-05 00:00:00.000000,2024-01-08 00:00:00.000000,DEPARTAMENTO,ARRIENDO,owner_direct
TT-2024-01-003447,toctoc, Maipú,Metropolitana,15.54,UF,52.6,2024-01-02 00:00:00.000000,2024-01-22 00:00:00.000000,Departamento,Arriendo,agency
TT-2024-01-001742,toctoc,Providencia,Metropolitana,1405000.0,CLP,98.1,2023-12-23 00:00:00.000000,2024-01-08 00:00:00.000000,Departamento,Arriendo,agency
TT-2024-01-003675,toctoc,Estación Central,Metropolitana,11.08,UF,40.2,2023-12-22 00:00:00.000000,2024-01-22 00:00:00.000000,departamento,Arriendo,owner_direct
TT-2024-01-005352,toctoc,Ñuñoa,Metropolitana,27.03,UF,102.1,2023-12-30 00:00:00.000000,2024-01-29 00:00:00.000000,DEPARTAMENTO,ARRIENDO,agency
TT-2024-01-004163,toctoc,San Miguel,Metropolitana,32.57,UF,121.0,2023-08-04 00:00:00.000000,2024-01-22 00:00:00.000000,Departamento,arriendo,agency
TT-2024-01-004607,toctoc,Vitacura,Metropolitana,855000.0,CLP,48.8,2023-12-08 00:00:00.000000,2024-01-29 00:00:00.000000,Departamento,Arriendo,agency
TT-2024-01-003990,toctoc,Puente Alto,Metropolitana,12.84,UF,65.3,2023-11-30 00:00:00.000000,2024-01-22 00:00:00.000000,departamento,ARRIENDO,agency
TT-2024-01-002483,toctoc,Estación Central,Metropolitana,15.41,UF,65.7,2024-01-01 00:00:00.000000,2024-01-15 00:00:00.000000,Departamento,Arriendo,agency
TT-2024-01-002912,toctoc,Estación Central,Metropolitana,11.35,UF,33.8,2023-12-28 00:00:00.000000,2024-01-15 00:00:00.000000,DEPARTAMENTO,arriendo,agency
TT-2024-01-002381,toctoc,Pudahuel,Metropolitana,13.24,UF,61.9,2023-12-17 00:00:00.000000,2024-01-15 00:00:00.000000,Departamento,ARRIENDO,owner_direct
TT-2024-01-001470,toctoc,Cerrillos,Metropolitana,455000.0,CLP,38.9,2023-12-24 00:00:00.000000,2024-01-08 00:00:00.000000,Departamento,ARRIENDO,agency
TT-2024-01-001754,toctoc,Recoleta,Metropolitana,13.11,UF,48.7,2023-12-11 00:00:00.000000,2024-01-08 00:00:00.000000,departamento,ARRIENDO,owner_direct
TT-2024-01-004961,toctoc,Santiago ,Metropolitana,685000.0,CLP,57.6,2024-01-18 00:00:00.000000,2024-01-29 00:00:00.000000,DEPARTAMENTO,Arriendo,agency
TT-2024-01-001498,toctoc,Maipú,Metropolitana,12.84,UF,57.1,2023-12-12 00:00:00.000000,2024-01-08 00:00:00.000000,Departamento,arriendo,owner_direct
TT-2024-01-000620,toctoc,Recoleta,Metropolitana,730000.0,CLP,80.8,2023-12-22 00:00:00.000000,2024-01-01 00:00:00.000000,DEPARTAMENTO,arriendo,agency
TT-2024-01-001094,toctoc,La Reina,Metropolitana,730000.0,CLP,59.8,2023-11-29 00:00:00.000000,2024-01-01 00:00:00.000000,departamento,arriendo,agency
TT-2024-01-002747,toctoc,Providencia ,Metropolitana,1565000.0,CLP,94.3,2023-09-14 00:00:00.000000,2024-01-15 00:00:00.000000,Departamento,arriendo,agency
TT-2024-01-005431,toctoc,Huechuraba,Metropolitana,880000.0,CLP,67.6,2024-01-05 00:00:00.000000,2024-01-29 00:00:00.000000,DEPARTAMENTO,ARRIENDO,owner_direct
TT-2024-01-004936,toctoc,Estación Central ,Metropolitana,9.32,UF,10.0,2023-12-08 00:00:00.000000,2024-01-29 00:00:00.000000,DEPARTAMENTO,ARRIENDO,agency
TT-2024-01-002219,toctoc,Ñuñoa,Metropolitana,475000.0,CLP,28.9,2023-12-04 00:00:00.000000,2024-01-08 00:00:00.000000,departamento,arriendo,agency
TT-2024-01-002967,toctoc,Providencia,Metropolitana,1080000.0,CLP,60.4,2024-01-07 00:00:00.000000,2024-01-15 00:00:00.000000,departamento,Arriendo,owner_direct
TT-2024-01-004231,toctoc,Peñalolén,Metropolitana,795000.0,CLP,102.3,2023-12-29 00:00:00.000000,2024-01-22 00:00:00.000000,departamento,Arriendo,owner_direct
TT-2024-01-004187,toctoc,Puente Alto,Metropolitana,460000.0,CLP,53.1,2024-01-09 00:00:00.000000,2024-01-22 00:00:00.000000,departamento,ARRIENDO,agency
TT-2024-01-001030,toctoc,Lo Barnechea,Metropolitana,770000.0,CLP,33.6,2023-12-01 00:00:00.000000,2024-01-01 00:00:00.000000,DEPARTAMENTO,Arriendo,owner_direct
TT-2024-01-003220,toctoc,La Florida,Metropolitana,21.62,UF,82.2,2024-01-08 00:00:00.000000,2024-01-15 00:00:00.000000,departamento,arriendo,owner_direct
TT-2024-01-001467,toctoc,Peñalolén,Metropolitana,14.32,UF,40.8,2023-12-28 00:00:00.000000,2024-01-08 00:00:00.000000,DEPARTAMENTO,arriendo,agency
TT-2024-01-002723,toctoc,Santiago,Metropolitana,645000.0,CLP,54.9,2024-01-03 00:00:00.000000,2024-01-15 00:00:00.000000,departamento,ARRIENDO,agency
TT-2024-01-000239,toctoc,Estación Central,Metropolitana,16.08,UF,59.6,2023-12-19 00:00:00.000000,2024-01-01 00:00:00.000000,DEPARTAMENTO,ARRIENDO,agency
TT-2024-01-003308,toctoc,Estación Central,Metropolitana,17.7,UF,73.8,2023-12-10 00:00:00.000000,2024-01-22 00:00:00.000000,departamento,ARRIENDO,agency
TT-2024-01-004286,toctoc,Santiago,Metropolitana,575000.0,CLP,43.5,2024-01-14 00:00:00.000000,2024-01-22 00:00:00.000000,DEPARTAMENTO,Arriendo,agency
TT-2024-01-003064,toctoc,La Reina,Metropolitana,35.41,UF,110.8,2023-12-01 00:00:00.000000,2024-01-15 00:00:00.000000,Departamento,arriendo,agency
TT-2024-01-000660,toctoc,Providencia,Metropolitana,1025000.0,CLP,54.5,2023-10-20 00:00:00.000000,2024-01-01 00:00:00.000000,DEPARTAMENTO,ARRIENDO,agency
TT-2024-01-000527,toctoc,Las Condes,Metropolitana,25.41,UF,44.8,2023-12-19 00:00:00.000000,2024-01-01 00:00:00.000000,DEPARTAMENTO,arriendo,owner_direct
TT-2024-01-003977,toctoc,Peñalolén,Metropolitana,640000.0,CLP,58.0,2023-12-28 00:00:00.000000,2024-01-22 00:00:00.000000,departamento,ARRIENDO,owner_direct
TT-2024-01-004754,toctoc,Estación Central,Metropolitana,3485000.0,CLP,24.1,2024-01-13 00:00:00.000000,2024-01-29 00:00:00.000000,DEPARTAMENTO,ARRIENDO,owner_direct
TT-2024-01-001195,toctoc,Estación Central,Metropolitana,12.97,UF,51.9,2023-12-28 00:00:00.000000,2024-01-01 00:00:00.000000,Departamento,Arriendo,agency
TT-2024-01-003133,toctoc,Macul,Metropolitana,6790000.0,CLP,54.4,2023-09-30 00:00:00.000000,2024-01-15 00:00:00.000000,departamento,ARRIENDO,agency
TT-2024-01-004068,toctoc,Santiago,Metropolitana,775000.0,CLP,52.7,2023-07-29 00:00:00.000000,2024-01-22 00:00:00.000000,DEPARTAMENTO,arriendo,owner_direct
TT-2024-01-000166,toctoc,Las Condes,Metropolitana,900000.0,CLP,49.4,2023-11-14 00:00:00.000000,2024-01-01 00:00:00.000000,departamento,ARRIENDO,owner_direct
TT-2024-01-001176,toctoc,Huechuraba,Metropolitana,21.35,UF,67.1,2023-11-18 00:00:00.000000,2024-01-01 00:00:00.000000,Departamento,ARRIENDO,agency
TT-2024-01-003278,toctoc,Independencia,Metropolitana,480000.0,CLP,43.7,2024-01-05 00:00:00.000000,2024-01-22 00:00:00.000000,departamento,Arriendo,owner_direct
TT-2024-01-000407,toctoc,Santiago,Metropolitana,650000.0,CLP,58.6,2023-12-14 00:00:00.000000,2024-01-01 00:00:00.000000,DEPARTAMENTO,Arriendo,agency
TT-2024-01-002353,toctoc,Estación Central,Metropolitana,11.35,UF,46.5,2023-12-17 00:00:00.000000,2024-01-08 00:00:00.000000,departamento,arriendo,owner_direct
TT-2024-01-001238,toctoc,La Florida,Metropolitana,415000.0,CLP,31.8,2023-12-26 00:00:00.000000,2024-01-08 00:00:00.000000,departamento,arriendo,agency
TT-2024-01-001928,toctoc,Estación Central,Metropolitana,515000.0,CLP,45.9,2024-01-01 00:00:00.000000,2024-01-08 00:00:00.000000,DEPARTAMENTO,ARRIENDO,agency
TT-2024-01-004159,toctoc,Las Condes,Metropolitana,1015000.0,CLP,55.6,2024-01-02 00:00:00.000000,2024-01-22 00:00:00.000000,Departamento,ARRIENDO,owner_direct
TT-2024-01-000792,toctoc,Providencia,Metropolitana,1240000.0,CLP,68.9,2023-12-19 00:00:00.000000,2024-01-01 00:00:00.000000,departamento,ARRIENDO,owner_direct
TT-2024-01-003820,toctoc,Ñuñoa,Metropolitana,915000.0,CLP,62.0,2024-01-11 00:00:00.000000,2024-01-22 00:00:00.000000,departamento,ARRIENDO,agency
TT-2024-01-000418,toctoc,RECOLETA,Metropolitana,11.62,UF,42.0,2023-11-24 00:00:00.000000,2024-01-01 00:00:00.000000,Departamento,ARRIENDO,owner_direct
TT-2024-01-004502,toctoc,Maipú,Metropolitana,14.46,UF,56.6,2023-12-10 00:00:00.000000,2024-01-29 00:00:00.000000,Departamento,arriendo,agency
TT-2024-01-000632,toctoc,San Miguel,Metropolitana,575000.0,CLP,54.1,2023-11-28 00:00:00.000000,2024-01-01 00:00:00.000000,departamento,arriendo,agency
TT-2024-01-001791,toctoc,Lo Barnechea,Metropolitana,19.73,UF,31.9,2023-12-27 00:00:00.000000,2024-01-08 00:00:00.000000,Departamento,ARRIENDO,owner_direct
TT-2024-01-000015,toctoc,Ñuñoa,Metropolitana,15.41,UF,28.6,2023-11-14 00:00:00.000000,2024-01-01 00:00:00.000000,Departamento,ARRIENDO,agency
TT-2024-01-002074,toctoc,Ñuñoa,Metropolitana,29.73,UF,80.0,2023-12-18 00:00:00.000000,2024-01-08 00:00:00.000000,DEPARTAMENTO,Arriendo,owner_direct
TT-2024-01-002662,toctoc,Huechuraba,Metropolitana,1025000.0,CLP,94.3,2024-01-09 00:00:00.000000,2024-01-15 00:00:00.000000,Departamento,Arriendo,agency
TT-2024-01-004621,toctoc,Santiago,Metropolitana,675000.0,CLP,47.7,2023-08-24 00:00:00.000000,2024-01-29 00:00:00.000000,departamento,ARRIENDO,owner_direct
TT-2024-01-004165,toctoc,La Cisterna,Metropolitana,375000.0,CLP,38.8,2023-12-28 00:00:00.000000,2024-01-22 00:00:00.000000,departamento,ARRIENDO,agency
TT-2024-01-000842,toctoc,Macul,Metropolitana,740000.0,CLP,65.1,2023-11-04 00:00:00.000000,2024-01-01 00:00:00.000000,DEPARTAMENTO,ARRIENDO,owner_direct
TT-2024-01-001859,toctoc,Las Condes,Metropolitana,1035000.0,CLP,69.5,2023-12-31 00:00:00.000000,2024-01-08 00:00:00.000000,Departamento,arriendo,agency
TT-2024-01-003560,toctoc,Macul,Metropolitana,20.14,UF,67.8,2024-01-11 00:00:00.000000,2024-01-22 00:00:00.000000,Departamento,Arriendo,owner_direct
TT-2024-01-004034,toctoc,Pudahuel,Metropolitana,10.95,UF,39.5,2024-01-12 00:00:00.000000,2024-01-22 00:00:00.000000,Departamento,ARRIENDO,owner_direct
TT-2024-01-003240,toctoc,Ñuñoa,Metropolitana,24.46,UF,77.4,2023-10-26 00:00:00.000000,2024-01-15 00:00:00.000000,Departamento,Arriendo,agency
TT-2024-01-005038,toctoc,La Reina,Metropolitana,23.38,UF,54.2,2024-01-02 00:00:00.000000,2024-01-29 00:00:00.000000,departamento,ARRIENDO,agency
TT-2024-01-004066,toctoc,Estación Central,Metropolitana,13.11,UF,44.1,2023-12-28 00:00:00.000000,2024-01-22 00:00:00.000000,DEPARTAMENTO,Arriendo,
TT-2024-01-004107,toctoc,Estación Central,Metropolitana,585000.0,CLP,88.1,2023-11-07 00:00:00.000000,2024-01-22 00:00:00.000000,Departamento,ARRIENDO,agency
TT-2024-01-003943,toctoc,Ñuñoa,Metropolitana,955000.0,CLP,69.8,2024-01-05 00:00:00.000000,2024-01-22 00:00:00.000000,DEPARTAMENTO,ARRIENDO,agency
TT-2024-01-005342,toctoc,Ñuñoa,Metropolitana,28.78,UF,94.7,2023-12-29 00:00:00.000000,2024-01-29 00:00:00.000000,departamento,Arriendo,agency
TT-2024-01-004164,toctoc,Estación Central,Metropolitana,14.19,UF,49.3,2024-01-12 00:00:00.000000,2024-01-22 00:00:00.000000,departamento,Arriendo,agency
TT-2024-01-005113,toctoc,Estación Central,Metropolitana,610000.0,CLP,58.2,2024-01-14 00:00:00.000000,2024-01-29 00:00:00.000000,DEPARTAMENTO,ARRIENDO,agency
TT-2024-01-000930,toctoc,La Florida,Metropolitana,18.11,UF,62.7,2023-12-21 00:00:00.000000,2024-01-01 00:00:00.000000,DEPARTAMENTO,arriendo,agency
TT-2024-01-003674,toctoc,Providencia,Metropolitana,995000.0,CLP,47.8,2023-12-25 00:00:00.000000,2024-01-22 00:00:00.000000,DEPARTAMENTO,Arriendo,owner_direct
TT-2024-01-004861,toctoc,Huechuraba,Metropolitana,12.57,UF,43.6,2024-01-04 00:00:00.000000,2024-01-29 00:00:00.000000,Departamento,Arriendo,owner_direct
TT-2024-01-002043,toctoc,San Miguel,Metropolitana,19.59,UF,65.4,2023-12-25 00:00:00.000000,2024-01-08 00:00:00.000000,DEPARTAMENTO,ARRIENDO,agency
TT-2024-01-001762,toctoc,puente alto,Metropolitana,375000.0,CLP,27.3,2023-12-25 00:00:00.000000,2024-01-08 00:00:00.000000,DEPARTAMENTO,ARRIENDO,agency
TT-2024-01-005136,toctoc,Puente Alto,Metropolitana,11.08,UF,47.6,2024-01-03 00:00:00.000000,2024-01-29 00:00:00.000000,departamento,Arriendo,agency
TT-2024-01-004901,toctoc,Independencia,Metropolitana,15.54,UF,56.7,2023-12-28 00:00:00.000000,2024-01-29 00:00:00.000000,departamento,ARRIENDO,owner_direct
TT-2024-01-000128,toctoc,La Florida,Metropolitana,10.95,UF,28.2,2023-12-02 00:00:00.000000,2024-01-01 00:00:00.000000,Departamento,Arriendo,owner_direct
TT-2024-01-004363,toctoc,La Florida,Metropolitana,450000.0,CLP,41.5,2024-01-20 00:00:00.000000,2024-01-29 00:00:00.000000,DEPARTAMENTO,arriendo,agency
TT-2024-01-001752,toctoc,Quinta Normal,Metropolitana,12.97,UF,42.1,2023-09-21 00:00:00.000000,2024-01-08 00:00:00.000000,Departamento,arriendo,agency
TT-2024-01-001260,toctoc,Estación Central,Metropolitana,14.05,UF,47.3,2024-01-02 00:00:00.000000,2024-01-08 00:00:00.000000,Departamento,Arriendo,owner_direct
TT-2024-01-001461,toctoc,La Florida,Metropolitana,21.22,UF,85.4,2023-12-16 00:00:00.000000,2024-01-08 00:00:00.000000,Departamento,ARRIENDO,agency
TT-2024-01-003331,toctoc,Quinta Normal,Metropolitana,535000.0,CLP,48.9,2023-12-01 00:00:00.000000,2024-01-22 00:00:00.000000,DEPARTAMENTO,Arriendo,owner_direct
TT-2024-01-001630,toctoc,La Florida,Metropolitana,16.22,UF,57.2,2023-11-22 00:00:00.000000,2024-01-08 00:00:00.000000,departamento,ARRIENDO,agency
TT-2024-01-005370,toctoc,Estación Central,Metropolitana,12.43,UF,54.6,2023-10-24 00:00:00.000000,2024-01-29 00:00:00.000000,departamento,Arriendo,agency
TT-2024-01-002779,toctoc,Lo Barnechea,Metropolitana,22.3,UF,38.4,2023-12-06 00:00:00.000000,2024-01-15 00:00:00.000000,Departamento,arriendo,agency
TT-2024-01-002976,toctoc, Huechuraba,Metropolitana,455000.0,CLP,37.6,2024-01-02 00:00:00.000000,2024-01-15 00:00:00.000000,departamento,Arriendo,owner_direct
TT-2024-01-000668,toctoc, Las Condes,Metropolitana,27.57,UF,40.7,2023-11-24 00:00:00.000000,2024-01-01 00:00:00.000000,departamento,ARRIENDO,agency
TT-2024-01-000821,toctoc,Estación Central,Metropolitana,13.65,UF,49.8,2023-12-23 00:00:00.000000,2024-01-01 00:00:00.000000,departamento,arriendo,agency
TT-2024-01-000401,toctoc,Ñuñoa,Metropolitana,600000.0,CLP,36.8,2023-12-09 00:00:00.000000,2024-01-01 00:00:00.000000,Departamento,Arriendo,agency
TT-2024-01-002134,toctoc,Peñalolén,Metropolitana,705000.0,CLP,64.6,2023-12-23 00:00:00.000000,2024-01-08 00:00:00.000000,DEPARTAMENTO,Arriendo,owner_direct
TT-2024-01-004998,toctoc,Santiago,Metropolitana,15.54,UF,43.7,2023-08-23 00:00:00.000000,2024-01-29 00:00:00.000000,Departamento,ARRIENDO,owner_direct
TT-2024-01-002227,toctoc,Huechuraba,Metropolitana,251.35,UF,1200.0,2024-01-03 00:00:00.000000,2024-01-08 00:00:00.000000,DEPARTAMENTO,arriendo,owner_direct
TT-2024-01-000688,toctoc,La Cisterna,Metropolitana,600000.0,CLP,71.1,2023-12-27 00:00:00.000000,2024-01-01 00:00:00.000000,departamento,arriendo,agency
TT-2024-01-003883,toctoc,Vitacura,Metropolitana,33.78,UF,64.9,2024-01-02 00:00:00.000000,2024-01-22 00:00:00.000000,DEPARTAMENTO,arriendo,owner_direct
TT-2024-01-002593,toctoc,Macul,Metropolitana,12.3,UF,34.2,2023-12-30 00:00:00.000000,2024-01-15 00:00:00.000000,departamento,ARRIENDO,agency
TT-2024-01-004573,toctoc,Santiago,Metropolitana,490000.0,CLP,31.1,2024-01-19 00:00:00.000000,2024-01-29 00:00:00.000000,departamento,Arriendo,agency
TT-2024-01-000379,toctoc,Puente Alto,Metropolitana,17.97,UF,85.7,2023-08-29 00:00:00.000000,2024-01-01 00:00:00.000000,departamento,arriendo,agency
TT-2024-01-002144,toctoc,Maipú,Metropolitana,14.32,UF,49.8,2023-12-08 00:00:00.000000,2024-01-08 00:00:00.000000,DEPARTAMENTO,ARRIENDO,agency
TT-2024-01-003448,toctoc,San Miguel,Metropolitana,500000.0,CLP,37.5,2023-12-04 00:00:00.000000,2024-01-22 00:00:00.000000,DEPARTAMENTO,Arriendo,agency
TT-2024-01-000278,toctoc,Macul,Metropolitana,11.62,UF,35.6,2023-11-16 00:00:00.000000,2024-01-01 00:00:00.000000,DEPARTAMENTO,ARRIENDO,owner_direct
TT-2024-01-003385,toctoc,Estación Central,Metropolitana,595000.0,CLP,61.7,2024-01-04 00:00:00.000000,2024-01-22 00:00:00.000000,Departamento,arriendo,owner_direct
TT-2024-01-005060,toctoc,San Miguel,Metropolitana,22.43,UF,96.9,2023-12-13 00:00:00.000000,2024-01-29 00:00:00.000000,Departamento,ARRIENDO,agency
TT-2024-01-002468,toctoc,Macul,Metropolitana,505000.0,CLP,51.3,2023-12-27 00:00:00.000000,2024-01-15 00:00:00.000000,DEPARTAMENTO,Arriendo,owner_direct
TT-2024-01-005235,toctoc,Cerrillos,Metropolitana,12.03,UF,50.6,2024-01-27 00:00:00.000000,2024-01-29 00:00:00.000000,Departamento,ARRIENDO,agency
TT-2024-01-004551,toctoc,La Cisterna,Metropolitana,14.46,UF,49.7,2024-01-07 00:00:00.000000,2024-01-29 00:00:00.000000,DEPARTAMENTO,Arriendo,agency
TT-2024-01-005483,toctoc,Providencia,Metropolitana,20.54,UF,30.5,2024-01-27 00:00:00.000000,2024-01-29 00:00:00.000000,DEPARTAMENTO,Arriendo,agency
TT-2024-01-005018,toctoc,Providencia,Metropolitana,790000.0,CLP,44.6,2024-01-05 00:00:00.000000,2024-01-29 00:00:00.000000,departamento,Arriendo,agency
TT-2024-01-001722,toctoc,La Cisterna,Metropolitana,11.08,UF,32.6,2023-08-28 00:00:00.000000,2024-01-08 00:00:00.000000,Departamento,Arriendo,agency
TT-2024-01-001183,toctoc,Independencia,Metropolitana,16.76,UF,55.3,2023-12-21 00:00:00.000000,2024-01-01 00:00:00.000000,departamento,Arriendo,agency
TT-2024-01-000524,toctoc,San Miguel,Metropolitana,6715000.0,CLP,64.1,2023-12-03 00:00:00.000000,2024-01-01 00:00:00.000000,departamento,arriendo,owner_direct
TT-2024-01-001764,toctoc,San Miguel,Metropolitana,17.84,UF,53.5,2023-12-18 00:00:00.000000,2024-01-08 00:00:00.000000,DEPARTAMENTO,ARRIENDO,agency
TT-2024-01-005011,toctoc,Independencia,Metropolitana,700000.0,CLP,78.0,2023-11-03 00:00:00.000000,2024-01-29 00:00:00.000000,departamento,arriendo,agency
TT-2024-01-001057,toctoc,Recoleta,Metropolitana,665000.0,CLP,69.9,2023-12-07 00:00:00.000000,2024-01-01 00:00:00.000000,departamento,Arriendo,owner_direct
TT-2024-01-000803,toctoc,Huechuraba,Metropolitana,735000.0,CLP,60.9,2023-11-18 00:00:00.000000,2024-01-01 00:00:00.000000,Departamento,Arriendo,agency
TT-2024-01-001262,toctoc,Las Condes,Metropolitana,36.76,UF,79.0,2023-12-29 00:00:00.000000,2024-01-08 00:00:00.000000,DEPARTAMENTO,ARRIENDO,agency
TT-2024-01-002848,toctoc,Recoleta,Metropolitana,11.49,UF,27.7,2023-12-17 00:00:00.000000,2024-01-15 00:00:00.000000,DEPARTAMENTO,Arriendo,agency
TT-2024-01-003382,toctoc,independencia,Metropolitana,395000.0,CLP,36.5,2024-01-11 00:00:00.000000,2024-01-22 00:00:00.000000,Departamento,ARRIENDO,agency
TT-2024-01-000281,toctoc,Estación Central,Metropolitana,13.38,UF,57.4,2023-12-22 00:00:00.000000,2024-01-01 00:00:00.000000,departamento,arriendo,agency
TT-2024-01-003548,toctoc,Ñuñoa,Metropolitana,575000.0,CLP,31.0,2023-12-31 00:00:00.000000,2024-01-22 00:00:00.000000,Departamento,ARRIENDO,agency
TT-2024-01-000074,toctoc,San Miguel,Metropolitana,15.54,UF,48.8,2023-12-18 00:00:00.000000,2024-01-01 00:00:00.000000,Departamento,ARRIENDO,owner_direct
TT-2024-01-000971,toctoc,Maipú,Metropolitana,805000.0,CLP,88.0,2023-12-01 00:00:00.000000,2024-01-01 00:00:00.000000,DEPARTAMENTO,ARRIENDO,agency
TT-2024-01-004269,toctoc,La Florida,Metropolitana,515000.0,CLP,39.7,2023-12-18 00:00:00.000000,2024-01-22 00:00:00.000000,DEPARTAMENTO,ARRIENDO,owner_direct
TT-2024-01-001233,toctoc,Vitacura,Metropolitana,27.57,UF,44.4,2023-10-06 00:00:00.000000,2024-01-08 00:00:00.000000,DEPARTAMENTO,arriendo,owner_direct
TT-2024-01-004207,toctoc,Las Condes,Metropolitana,760000.0,CLP,12.0,2024-01-05 00:00:00.000000,2024-01-22 00:00:00.000000,Departamento,arriendo,agency
TT-2024-01-004858,toctoc,Estación Central,Metropolitana,355000.0,CLP,28.3,2023-07-29 00:00:00.000000,2024-01-29 00:00:00.000000,departamento,Arriendo,agency
TT-2024-01-004536,toctoc,Ñuñoa,Metropolitana,16.22,UF,41.0,2024-01-13 00:00:00.000000,2024-01-29 00:00:00.000000,departamento,Arriendo,owner_direct
TT-2024-01-003624,toctoc,Las Condes,Metropolitana,805000.0,CLP,30.3,2023-12-26 00:00:00.000000,2024-01-22 00:00:00.000000,departamento,Arriendo,agency
TT-2024-01-004734,toctoc,Santiago,Metropolitana,12.7,UF,5.0,2024-01-01 00:00:00.000000,2024-01-29 00:00:00.000000,DEPARTAMENTO,Arriendo,owner_direct
TT-2024-01-003285,toctoc,Pudahuel,Metropolitana,655000.0,CLP,73.2,2024-01-08 00:00:00.000000,2024-01-22 00:00:00.000000,departamento,ARRIENDO,owner_direct
TT-2024-01-001571,toctoc,Estación Central,Metropolitana,365000.0,CLP,23.5,2023-11-26 00:00:00.000000,2024-01-08 00:00:00.000000,Departamento,arriendo,agency
TT-2024-01-000612,toctoc,Recoleta,Metropolitana,14.19,UF,45.1,2023-12-30 00:00:00.000000,2024-01-01 00:00:00.000000,departamento,ARRIENDO,agency
TT-2024-01-005098,toctoc,Providencia,Metropolitana,24.32,UF,62.6,2024-01-04 00:00:00.000000,2024-01-29 00:00:00.000000,departamento,ARRIENDO,agency
TT-2024-01-002562,toctoc,Santiago,Metropolitana,18.38,UF,73.8,2023-12-27 00:00:00.000000,2024-01-15 00:00:00.000000,Departamento,Arriendo,agency
TT-2024-01-004735,toctoc,Huechuraba,Metropolitana,525000.0,CLP,54.7,2023-12-01 00:00:00.000000,2024-01-29 00:00:00.000000,departamento,arriendo,agency
TT-2024-01-003454,toctoc,Quilicura,Metropolitana,22.57,UF,128.6,2023-12-15 00:00:00.000000,2024-01-22 00:00:00.000000,departamento,ARRIENDO,owner_direct
TT-2024-01-002299,toctoc,Santiago,Metropolitana,17.7,UF,57.1,2023-12-01 00:00:00.000000,2024-01-08 00:00:00.000000,departamento,Arriendo,agency
TT-2024-01-000662,toctoc,La Florida,Metropolitana,14.46,UF,56.8,2023-11-18 00:00:00.000000,2024-01-01 00:00:00.000000,DEPARTAMENTO,Arriendo,agency
TT-2024-01-002865,toctoc,Santiago,Metropolitana,625000.0,CLP,64.2,2024-01-07 00:00:00.000000,2024-01-15 00:00:00.000000,departamento,arriendo,agency
TT-2024-01-004063,toctoc,Providencia,Metropolitana,805000.0,CLP,38.9,2023-12-31 00:00:00.000000,2024-01-22 00:00:00.000000,DEPARTAMENTO,Arriendo,owner_direct
TT-2024-01-000167,toctoc,Quilicura,Metropolitana,345000.0,CLP,33.9,2023-12-05 00:00:00.000000,2024-01-01 00:00:00.000000,departamento,Arriendo,agency
TT-2024-01-004766,toctoc,Independencia,Metropolitana,345000.0,CLP,38.0,2023-12-23 00:00:00.000000,2024-01-29 00:00:00.000000,Departamento,ARRIENDO,agency
TT-2024-01-001170,toctoc,La Reina,Metropolitana,805000.0,CLP,48.6,2023-12-14 00:00:00.000000,2024-01-01 00:00:00.000000,departamento,arriendo,agency
TT-2024-01-000885,toctoc,La Florida,Metropolitana,5275000.0,CLP,56.4,2023-12-03 00:00:00.000000,2024-01-01 00:00:00.000000,Departamento,ARRIENDO,owner_direct
TT-2024-01-001240,toctoc,Providencia,Metropolitana,1140000.0,CLP,76.7,2023-12-21 00:00:00.000000,2024-01-08 00:00:00.000000,DEPARTAMENTO,arriendo,agency
TT-2024-01-002024,toctoc,Quinta Normal,Metropolitana,520000.0,CLP,48.0,2023-12-11 00:00:00.000000,2024-01-08 00:00:00.000000,DEPARTAMENTO,ARRIENDO,agency
TT-2024-01-002153,toctoc,Pudahuel,Metropolitana,500000.0,CLP,56.4,2023-12-13 00:00:00.000000,2024-01-08 00:00:00.000000,DEPARTAMENTO,arriendo,owner_direct
TT-2024-01-003795,toctoc,San Joaquín,Metropolitana,520000.0,CLP,60.5,2024-01-16 00:00:00.000000,2024-01-22 00:00:00.000000,departamento,ARRIENDO,owner_direct
TT-2024-01-002285,toctoc,San Joaquín,Metropolitana,465000.0,CLP,49.5,2023-12-28 00:00:00.000000,2024-01-08 00:00:00.000000,departamento,ARRIENDO,owner_direct
TT-2024-01-000378,toctoc,Santiago,Metropolitana,10.81,UF,27.6,2023-12-25 00:00:00.000000,2024-01-01 00:00:00.000000,Departamento,arriendo,agency
TT-2024-01-001851,toctoc,La Florida,Metropolitana,545000.0,CLP,44.8,2024-01-03 00:00:00.000000,2024-01-08 00:00:00.000000,Departamento,Arriendo,agency
TT-2024-01-004224,toctoc,Peñalolén,Metropolitana,15.0,UF,44.1,2023-12-14 00:00:00.000000,2024-01-22 00:00:00.000000,Departamento,Arriendo,agency
TT-2024-01-003120,toctoc,Quinta Normal ,Metropolitana,540000.0,CLP,45.3,2023-11-20 00:00:00.000000,2024-01-15 00:00:00.000000,Departamento,arriendo,agency
TT-2024-01-003930,toctoc,Independencia,Metropolitana,12.97,UF,56.9,2024-01-16 00:00:00.000000,2024-01-22 00:00:00.000000,Departamento,Arriendo,agency
TT-2024-01-004362,toctoc,San Miguel,Metropolitana,650000.0,CLP,63.0,2024-01-09 00:00:00.000000,2024-01-29 00:00:00.000000,Departamento,Arriendo,owner_direct
TT-2024-01-003938,toctoc, Lo Barnechea,Metropolitana,905000.0,CLP,57.1,2024-01-08 00:00:00.000000,2024-01-22 00:00:00.000000,Departamento,Arriendo,owner_direct
TT-2024-01-004366,toctoc,La Florida,Metropolitana,560000.0,CLP,55.2,2024-01-15 00:00:00.000000,2024-01-29 00:00:00.000000,departamento,arriendo,agency
TT-2024-01-004486,toctoc,Santiago,Metropolitana,19.73,UF,60.3,2023-12-04 00:00:00.000000,2024-01-29 00:00:00.000000,DEPARTAMENTO,Arriendo,agency
TT-2024-01-000149,toctoc,Maipú,Metropolitana,10.81,UF,34.5,2023-11-25 00:00:00.000000,2024-01-01 00:00:00.000000,departamento,arriendo,agency
TT-2024-01-002141,toctoc,Las Condes,Metropolitana,1095000.0,CLP,45.6,2023-12-21 00:00:00.000000,2024-01-08 00:00:00.000000,Departamento,ARRIENDO,agency
TT-2024-01-005151,toctoc,Las Condes,Metropolitana,1120000.0,CLP,44.3,2024-01-16 00:00:00.000000,2024-01-29 00:00:00.000000,departamento,ARRIENDO,agency
TT-2024-01-000273,toctoc,Estación Central,Metropolitana,10.41,UF,34.6,2023-11-18 00:00:00.000000,2024-01-01 00:00:00.000000,DEPARTAMENTO,ARRIENDO,agency
TT-2024-01-001066,toctoc,La Florida,Metropolitana,460000.0,CLP,44.6,2023-12-13 00:00:00.000000,2024-01-01 00:00:00.000000,Departamento,Arriendo,agency
TT-2024-01-002042,toctoc,Renca,Metropolitana,355000.0,CLP,38.2,2023-12-17 00:00:00.000000,2024-01-08 00:00:00.000000,DEPARTAMENTO,Arriendo,owner_direct
TT-2024-01-004952,toctoc,Providencia,Metropolitana,20.81,UF,47.3,2023-12-02 00:00:00.000000,2024-01-29 00:00:00.000000,Departamento,arriendo,agency
TT-2024-01-003374,toctoc,San Joaquín,Metropolitana,20.81,UF,83.4,2023-12-19 00:00:00.000000,2024-01-22 00:00:00.000000,Departamento,arriendo,agency
TT-2024-01-004211,toctoc,San Miguel,Metropolitana,12.7,UF,38.2,2023-12-22 00:00:00.000000,2024-01-22 00:00:00.000000,departamento,arriendo,owner_direct
TT-2024-01-001093,toctoc,Santiago,Metropolitana,855000.0,CLP,66.3,2023-12-15 00:00:00.000000,2024-01-01 00:00:00.000000,Departamento,Arriendo,owner_direct
TT-2024-01-005058,toctoc,La Florida,Metropolitana,11.62,UF,33.4,2024-01-03 00:00:00.000000,2024-01-29 00:00:00.000000,Departamento,arriendo,agency
TT-2024-01-003846,toctoc,Maipú,Metropolitana,440000.0,CLP,58.8,2024-01-10 00:00:00.000000,2024-01-22 00:00:00.000000,departamento,Arriendo,owner_direct
TT-2024-01-000030,toctoc,Independencia,Metropolitana,14.59,UF,54.7,2023-11-30 00:00:00.000000,2024-01-01 00:00:00.000000,DEPARTAMENTO,Arriendo,owner_direct
TT-2024-01-003986,toctoc,Providencia,Metropolitana,24.32,UF,40.7,2023-12-22 00:00:00.000000,2024-01-22 00:00:00.000000,DEPARTAMENTO,ARRIENDO,agency
TT-2024-01-001844,toctoc,Quilicura,Metropolitana,17.03,UF,88.3,2023-12-13 00:00:00.000000,2024-01-08 00:00:00.000000,DEPARTAMENTO,arriendo,agency
TT-2024-01-001083,toctoc,Santiago,Metropolitana,535000.0,CLP,49.2,2023-12-14 00:00:00.000000,2024-01-01 00:00:00.000000,DEPARTAMENTO,ARRIENDO,agency
TT-2024-01-003022,toctoc,Maipú,Metropolitana,415000.0,CLP,37.9,2023-12-29 00:00:00.000000,2024-01-15 00:00:00.000000,departamento,arriendo,owner_direct
TT-2024-01-005329,toctoc,Puente Alto,Metropolitana,470000.0,CLP,56.2,2023-07-09 00:00:00.000000,2024-01-29 00:00:00.000000,departamento,ARRIENDO,agency
TT-2024-01-001218,toctoc,Ñuñoa,Metropolitana,20.41,UF,66.1,2023-12-22 00:00:00.000000,2024-01-08 00:00:00.000000,Departamento,arriendo,owner_direct
TT-2024-01-000043,toctoc,peñalolén,Metropolitana,575000.0,CLP,52.3,2023-12-02 00:00:00.000000,2024-01-01 00:00:00.000000,Departamento,Arriendo,agency
TT-2024-01-005453,toctoc,San Miguel,Metropolitana,425000.0,CLP,31.1,2023-12-11 00:00:00.000000,2024-01-29 00:00:00.000000,Departamento,ARRIENDO,owner_direct
TT-2024-01-003486,toctoc,Providencia,Metropolitana,705000.0,CLP,28.8,2023-12-23 00:00:00.000000,2024-01-22 00:00:00.000000,Departamento,Arriendo,agency
TT-2024-01-002876,toctoc,Recoleta,Metropolitana,405000.0,CLP,31.3,2023-12-15 00:00:00.000000,2024-01-15 00:00:00.000000,DEPARTAMENTO,ARRIENDO,agency
TT-2024-01-003156,toctoc,Vitacura,Metropolitana,2050000.0,CLP,109.5,2023-12-05 00:00:00.000000,2024-01-15 00:00:00.000000,DEPARTAMENTO,arriendo,agency
TT-2024-01-003407,toctoc,Pudahuel,Metropolitana,745000.0,CLP,89.0,2023-11-16 00:00:00.000000,2024-01-22 00:00:00.000000,departamento,Arriendo,agency
TT-2024-01-002602,toctoc,San Joaquín,Metropolitana,470000.0,CLP,34.8,2024-01-02 00:00:00.000000,2024-01-15 00:00:00.000000,DEPARTAMENTO,arriendo,owner_direct
TT-2024-01-001308,toctoc,La Reina,Metropolitana,22.84,UF,55.7,2023-12-05 00:00:00.000000,2024-01-08 00:00:00.000000,DEPARTAMENTO,arriendo,owner_direct
TT-2024-01-002106,toctoc,Estación Central ,Metropolitana,545000.0,CLP,53.9,2023-12-29 00:00:00.000000,2024-01-08 00:00:00.000000,departamento,Arriendo,owner_direct
TT-2024-01-003638,toctoc,Las Condes,Metropolitana,20.0,UF,33.5,2023-12-25 00:00:00.000000,2024-01-22 00:00:00.000000,departamento,arriendo,agency
TT-2024-01-004350,toctoc,Maipú,Metropolitana,18.11,UF,90.7,2023-12-11 00:00:00.000000,2024-01-22 00:00:00.000000,Departamento,Arriendo,agency
TT-2024-01-004075,toctoc,Pudahuel,Metropolitana,265000.0,CLP,30.2,2023-12-25 00:00:00.000000,2024-01-22 00:00:00.000000,DEPARTAMENTO,ARRIENDO,agency
TT-2024-01-001291,toctoc,Independencia,Metropolitana,575000.0,CLP,61.7,2023-12-19 00:00:00.000000,2024-01-08 00:00:00.000000,departamento,arriendo,agency
TT-2024-01-001337,toctoc,Providencia,Metropolitana,26.22,UF,52.4,2023-12-23 00:00:00.000000,2024-01-08 00:00:00.000000,Departamento,arriendo,agency
TT-2024-01-003812,toctoc,Las Condes,Metropolitana,30.95,UF,86.8,2023-12-10 00:00:00.000000,2024-01-22 00:00:00.000000,DEPARTAMENTO,ARRIENDO,owner_direct
TT-2024-01-005199,toctoc,Pudahuel,Metropolitana,11.89,UF,46.3,2024-01-22 00:00:00.000000,2024-01-29 00:00:00.000000,departamento,arriendo,agency
TT-2024-01-000202,toctoc,Estación Central,Metropolitana,11.49,UF,43.6,2023-12-20 00:00:00.000000,2024-01-01 00:00:00.000000,Departamento,Arriendo,agency
TT-2024-01-000910,toctoc,Independencia,Metropolitana,17.16,UF,61.0,2023-12-15 00:00:00.000000,2024-01-01 00:00:00.000000,Departamento,Arriendo,agency
TT-2024-01-000592,toctoc,Estación Central,Metropolitana,21.08,UF,92.0,2023-12-20 00:00:00.000000,2024-01-01 00:00:00.000000,Departamento,Arriendo,agency
TT-2024-01-000858,toctoc,Renca,Metropolitana,580000.0,CLP,89.8,2023-12-15 00:00:00.000000,2024-01-01 00:00:00.000000,DEPARTAMENTO,Arriendo,owner_direct
TT-2024-01-004851,toctoc,Recoleta,Metropolitana,11.62,UF,44.8,2024-01-08 00:00:00.000000,2024-01-29 00:00:00.000000,Departamento,arriendo,agency
TT-2024-01-000453,toctoc,Ñuñoa,Metropolitana,1015000.0,CLP,67.6,2023-12-17 00:00:00.000000,2024-01-01 00:00:00.000000,departamento,Arriendo,owner_direct
TT-2024-01-001491,toctoc,Quinta Normal,Metropolitana,15.0,UF,63.8,2023-09-03 00:00:00.000000,2024-01-08 00:00:00.000000,departamento,ARRIENDO,agency
TT-2024-01-005179,toctoc,Cerrillos,Metropolitana,510000.0,CLP,47.7,2024-01-13 00:00:00.000000,2024-01-29 00:00:00.000000,Departamento,ARRIENDO,agency
TT-2024-01-001906,toctoc,Quilicura,Metropolitana,16.49,UF,68.3,2023-12-04 00:00:00.000000,2024-01-08 00:00:00.000000,DEPARTAMENTO,ARRIENDO,agency
TT-2024-01-003777,toctoc,La Florida,Metropolitana,15.95,UF,64.5,2023-08-20 00:00:00.000000,2024-01-22 00:00:00.000000,DEPARTAMENTO,arriendo,owner_direct
TT-2024-01-004241,toctoc,Ñuñoa,Metropolitana,16.49,UF,40.1,2023-12-22 00:00:00.000000,2024-01-22 00:00:00.000000,Departamento,ARRIENDO,agency
TT-2024-01-000464,toctoc,Providencia,Metropolitana,960000.0,CLP,50.0,2023-08-13 00:00:00.000000,2024-01-01 00:00:00.000000,departamento,Arriendo,agency
TT-2024-01-000511,toctoc,La Reina,Metropolitana,17.43,UF,27.1,2023-11-23 00:00:00.000000,2024-01-01 00:00:00.000000,DEPARTAMENTO,arriendo,owner_direct
TT-2024-01-000317,toctoc,Independencia,Metropolitana,450000.0,CLP,36.2,2023-12-12 00:00:00.000000,2024-01-01 00:00:00.000000,departamento,Arriendo,owner_direct
TT-2024-01-005377,toctoc,Santiago,Metropolitana,620000.0,CLP,58.3,2023-12-14 00:00:00.000000,2024-01-29 00:00:00.000000,departamento,ARRIENDO,agency
TT-2024-01-002373,toctoc,LO BARNECHEA,Metropolitana,1065000.0,CLP,61.6,2023-11-24 00:00:00.000000,2024-01-15 00:00:00.000000,departamento,Arriendo,agency
TT-2024-01-003032,toctoc,Estación Central,Metropolitana,460000.0,CLP,34.4,2023-12-01 00:00:00.000000,2024-01-15 00:00:00.000000,departamento,ARRIENDO,agency
TT-2024-01-005154,toctoc,Santiago,Metropolitana,15.68,UF,47.3,2024-01-16 00:00:00.000000,2024-01-29 00:00:00.000000,departamento,ARRIENDO,agency
TT-2024-01-003269,toctoc,Ñuñoa,Metropolitana,28.51,UF,75.2,2023-08-30 00:00:00.000000,2024-01-15 00:00:00.000000,DEPARTAMENTO,ARRIENDO,agency
TT-2024-01-001484,toctoc,La Florida,Metropolitana,14.59,UF,54.7,2023-12-27 00:00:00.000000,2024-01-08 00:00:00.000000,Departamento,ARRIENDO,agency
TT-2024-01-005471,toctoc,Independencia,Metropolitana,14.73,UF,38.2,2024-01-03 00:00:00.000000,2024-01-29 00:00:00.000000,DEPARTAMENTO,ARRIENDO,agency
TT-2024-01-004850,toctoc,La Cisterna,Metropolitana,495000.0,CLP,53.2,2024-01-21 00:00:00.000000,2024-01-29 00:00:00.000000,Departamento,arriendo,agency
TT-2024-01-000417,toctoc,Santiago,Metropolitana,570000.0,CLP,48.8,2023-12-26 00:00:00.000000,2024-01-01 00:00:00.000000,departamento,arriendo,owner_direct
TT-2024-01-005226,toctoc,Santiago,Metropolitana,535000.0,CLP,39.3,2024-01-05 00:00:00.000000,2024-01-29 00:00:00.000000,departamento,ARRIENDO,agency
TT-2024-01-001403,toctoc,San Joaquín,Metropolitana,350000.0,CLP,32.9,2023-12-02 00:00:00.000000,2024-01-08 00:00:00.000000,Departamento,Arriendo,agency
TT-2024-01-003542,toctoc,Ñuñoa,Metropolitana,21.22,UF,59.8,2023-08-30 00:00:00.000000,2024-01-22 00:00:00.000000,departamento,Arriendo,agency
TT-2024-01-003635,toctoc,PROVIDENCIA,Metropolitana,21.22,UF,36.9,2023-10-22 00:00:00.000000,2024-01-22 00:00:00.000000,DEPARTAMENTO,arriendo,owner_direct
TT-2024-01-005314,toctoc,Estación Central,Metropolitana,8.51,UF,37.4,2024-01-18 00:00:00.000000,2024-01-29 00:00:00.000000,DEPARTAMENTO,ARRIENDO,agency
TT-2024-01-005190,toctoc,Santiago,Metropolitana,12.84,UF,42.7,2023-11-09 00:00:00.000000,2024-01-29 00:00:00.000000,departamento,arriendo,owner_direct
TT-2024-01-002451,toctoc,Providencia,Metropolitana,695000.0,CLP,33.0,2024-01-09 00:00:00.000000,2024-01-15 00:00:00.000000,DEPARTAMENTO,Arriendo,agency
TT-2024-01-002600,toctoc,Lo Barnechea,Metropolitana,23.11,UF,46.4,2023-11-13 00:00:00.000000,2024-01-15 00:00:00.000000,Departamento,ARRIENDO,owner_direct
TT-2024-01-001846,toctoc,Las Condes,Metropolitana,26.22,UF,39.9,2023-08-20 00:00:00.000000,2024-01-08 00:00:00.000000,Departamento,arriendo,agency
TT-2024-01-003187,toctoc,Peñalolén,Metropolitana,13.51,UF,45.4,2024-01-03 00:00:00.000000,2024-01-15 00:00:00.000000,departamento,Arriendo,owner_direct
TT-2024-01-001574,toctoc,Pudahuel,Metropolitana,11.35,UF,31.4,2023-12-23 00:00:00.000000,2024-01-08 00:00:00.000000,Departamento,Arriendo,owner_direct
TT-2024-01-004513,toctoc,Quinta Normal,Metropolitana,10.27,UF,33.4,2023-12-23 00:00:00.000000,2024-01-29 00:00:00.000000,departamento,arriendo,agency
TT-2024-01-001167,toctoc,Lo Barnechea,Metropolitana,38.65,UF,102.1,2023-12-09 00:00:00.000000,2024-01-01 00:00:00.000000,departamento,arriendo,agency
TT-2024-01-001145,toctoc,La Cisterna,Metropolitana,495000.0,CLP,44.1,2023-12-11 00:00:00.000000,2024-01-01 00:00:00.000000,departamento,arriendo,owner_direct
TT-2024-01-004610,toctoc,Las Condes,Metropolitana,41.76,UF,107.0,2023-12-25 00:00:00.000000,2024-01-29 00:00:00.000000,Departamento,ARRIENDO,agency
TT-2024-01-004027,toctoc,Recoleta,Metropolitana,530000.0,CLP,56.5,2023-12-26 00:00:00.000000,2024-01-22 00:00:00.000000,Departamento,ARRIENDO,agency
TT-2024-01-003769,toctoc,Las Condes,Metropolitana,1010000.0,CLP,35.2,2024-01-19 00:00:00.000000,2024-01-22 00:00:00.000000,departamento,arriendo,owner_direct
TT-2024-01-002081,toctoc,Macul,Metropolitana,14.59,UF,45.2,2023-11-29 00:00:00.000000,2024-01-08 00:00:00.000000,departamento,ARRIENDO,agency
TT-2024-01-005172,toctoc,Santiago,Metropolitana,22.16,UF,76.9,2024-01-10 00:00:00.000000,2024-01-29 00:00:00.000000,departamento,ARRIENDO,agency
TT-2024-01-000165,toctoc,Santiago,Metropolitana,600000.0,CLP,47.5,2023-11-03 00:00:00.000000,2024-01-01 00:00:00.000000,Departamento,ARRIENDO,agency
TT-2024-01-001069,toctoc,La Florida,Metropolitana,550000.0,CLP,68.6,2023-12-14 00:00:00.000000,2024-01-01 00:00:00.000000,Departamento,Arriendo,owner_direct
TT-2024-01-003962,toctoc,Providencia,Metropolitana,860000.0,CLP,40.7,2024-01-02 00:00:00.000000,2024-01-22 00:00:00.000000,departamento,Arriendo,agency
TT-2024-01-001174,toctoc,Cerrillos,Metropolitana,765000.0,CLP,76.0,2023-08-06 00:00:00.000000,2024-01-01 00:00:00.000000,Departamento,arriendo,agency
TT-2024-01-003344,toctoc,San Joaquín,Metropolitana,12.03,UF,43.0,2023-12-29 00:00:00.000000,2024-01-22 00:00:00.000000,DEPARTAMENTO,Arriendo,agency
TT-2024-01-001091,toctoc,Santiago,Metropolitana,12.16,UF,40.9,2023-11-15 00:00:00.000000,2024-01-01 00:00:00.000000,departamento,arriendo,owner_direct
TT-2024-01-003068,toctoc,La Florida,Metropolitana,445000.0,CLP,34.2,2024-01-05 00:00:00.000000,2024-01-15 00:00:00.000000,DEPARTAMENTO,ARRIENDO,agency
TT-2024-01-004160,toctoc,Providencia,Metropolitana,1070000.0,CLP,59.2,2024-01-03 00:00:00.000000,2024-01-22 00:00:00.000000,departamento,arriendo,agency
TT-2024-01-001044,toctoc,Macul,Metropolitana,630000.0,CLP,69.8,2023-11-15 00:00:00.000000,2024-01-01 00:00:00.000000,Departamento,Arriendo,agency
TT-2024-01-002707,toctoc,Estación Central,Metropolitana,9.46,UF,38.0,2023-12-23 00:00:00.000000,2024-01-15 00:00:00.000000,departamento,Arriendo,agency
TT-2024-01-004589,toctoc,Lo Barnechea,Metropolitana,27.7,UF,67.1,2024-01-16 00:00:00.000000,2024-01-29 00:00:00.000000,DEPARTAMENTO,Arriendo,agency
TT-2024-01-002385,toctoc,San Joaquín,Metropolitana,13.24,UF,48.9,2023-12-30 00:00:00.000000,2024-01-15 00:00:00.000000,DEPARTAMENTO,ARRIENDO,agency
TT-2024-01-002664,toctoc,Providencia,Metropolitana,18.24,UF,27.5,2023-07-29 00:00:00.000000,2024-01-15 00:00:00.000000,departamento,Arriendo,owner_direct
TT-2024-01-001577,toctoc,Estación Central,Metropolitana,21.35,UF,101.4,2023-09-05 00:00:00.000000,2024-01-08 00:00:00.000000,Departamento,arriendo,
TT-2024-01-004284,toctoc,San Miguel,Metropolitana,530000.0,CLP,37.2,2023-12-26 00:00:00.000000,2024-01-22 00:00:00.000000,departamento,arriendo,owner_direct
TT-2024-01-003346,toctoc,QUILICURA,Metropolitana,375000.0,CLP,25.7,2024-01-06 00:00:00.000000,2024-01-22 00:00:00.000000,Departamento,ARRIENDO,agency
TT-2024-01-001783,toctoc,Quinta Normal,Metropolitana,16.22,UF,76.3,2023-12-23 00:00:00.000000,2024-01-08 00:00:00.000000,departamento,ARRIENDO,agency
TT-2024-01-004499,toctoc,Estación Central,Metropolitana,410000.0,CLP,44.2,2023-12-21 00:00:00.000000,2024-01-29 00:00:00.000000,departamento,Arriendo,agency
TT-2024-01-005022,toctoc,Providencia,Metropolitana,22.3,UF,32.3,2024-01-25 00:00:00.000000,2024-01-29 00:00:00.000000,Departamento,Arriendo,agency
TT-2024-01-004478,toctoc,Huechuraba,Metropolitana,675000.0,CLP,63.8,2023-11-25 00:00:00.000000,2024-01-29 00:00:00.000000,Departamento,Arriendo,owner_direct
TT-2024-01-002009,toctoc,San Miguel,Metropolitana,480000.0,CLP,37.3,2023-12-17 00:00:00.000000,2024-01-08 00:00:00.000000,DEPARTAMENTO,arriendo,owner_direct
TT-2024-01-004673,toctoc,Santiago,Metropolitana,740000.0,CLP,60.3,2023-12-21 00:00:00.000000,2024-01-29 00:00:00.000000,DEPARTAMENTO,ARRIENDO,owner_direct
TT-2024-01-000863,toctoc,Santiago,Metropolitana,40.68,UF,51.6,2023-11-18 00:00:00.000000,2024-01-01 00:00:00.000000,DEPARTAMENTO,Arriendo,agency
TT-2024-01-003623,toctoc,Conchalí ,Metropolitana,10.54,UF,44.8,2023-12-26 00:00:00.000000,2024-01-22 00:00:00.000000,departamento,Arriendo,agency
TT-2024-01-004940,toctoc,San Miguel,Metropolitana,455000.0,CLP,37.9,2023-12-28 00:00:00.000000,2024-01-29 00:00:00.000000,departamento,arriendo,owner_direct
TT-2024-01-003841,toctoc,Maipú,Metropolitana,11.22,UF,41.9,2023-12-11 00:00:00.000000,2024-01-22 00:00:00.000000,Departamento,arriendo,agency
TT-2024-01-004272,toctoc,Lo Barnechea,Metropolitana,805000.0,CLP,61.8,2023-12-04 00:00:00.000000,2024-01-22 00:00:00.000000,DEPARTAMENTO,ARRIENDO,owner_direct
TT-2024-01-001151,toctoc,Maipú,Metropolitana,154.32,UF,51.3,2023-11-30 00:00:00.000000,2024-01-01 00:00:00.000000,Departamento,arriendo,owner_direct
TT-2024-01-005391,toctoc,Santiago,Metropolitana,13.78,UF,38.6,2024-01-19 00:00:00.000000,2024-01-29 00:00:00.000000,departamento,arriendo,owner_direct
TT-2024-01-005420,toctoc,La Florida,Metropolitana,605000.0,CLP,64.5,2024-01-07 00:00:00.000000,2024-01-29 00:00:00.000000,departamento,Arriendo,agency
TT-2024-01-000189,toctoc,Santiago,Metropolitana,520000.0,CLP,28.8,2023-12-24 00:00:00.000000,2024-01-01 00:00:00.000000,Departamento,Arriendo,agency
TT-2024-01-004567,toctoc,Ñuñoa,Metropolitana,18.24,UF,50.4,2023-07-11 00:00:00.000000,2024-01-29 00:00:00.000000,departamento,arriendo,owner_direct
TT-2024-01-003201,toctoc,Puente Alto,Metropolitana,10.54,UF,51.5,2023-12-01 00:00:00.000000,2024-01-15 00:00:00.000000,departamento,ARRIENDO,agency
TT-2024-01-005488,toctoc,Pudahuel,Metropolitana,12.84,UF,64.8,2023-12-31 00:00:00.000000,2024-01-29 00:00:00.000000,DEPARTAMENTO,arriendo,owner_direct
TT-2024-01-001141,toctoc,Estación Central,Metropolitana,9.59,UF,30.5,2023-12-02 00:00:00.000000,2024-01-01 00:00:00.000000,Departamento,ARRIENDO,agency
TT-2024-01-004275,toctoc,Peñalolén,Metropolitana,17.84,UF,55.2,2023-12-28 00:00:00.000000,2024-01-22 00:00:00.000000,DEPARTAMENTO,arriendo,agency
TT-2024-01-002832,toctoc,La Cisterna,Metropolitana,12.3,UF,32.0,2023-07-30 00:00:00.000000,2024-01-15 00:00:00.000000,departamento,Arriendo,owner_direct
TT-2024-01-000186,toctoc,San Miguel,Metropolitana,20.0,UF,73.1,2023-11-19 00:00:00.000000,2024-01-01 00:00:00.000000,departamento,arriendo,agency
TT-2024-01-001739,toctoc,Vitacura,Metropolitana,47.57,UF,121.6,2023-12-12 00:00:00.000000,2024-01-08 00:00:00.000000,DEPARTAMENTO,Arriendo,agency
TT-2024-01-002733,toctoc,Conchalí,Metropolitana,690000.0,CLP,100.6,2023-12-26 00:00:00.000000,2024-01-15 00:00:00.000000,DEPARTAMENTO,arriendo,agency
TT-2024-01-005304,toctoc,Cerrillos,Metropolitana,13.51,UF,49.7,2024-01-04 00:00:00.000000,2024-01-29 00:00:00.000000,Departamento,arriendo,agency
TT-2024-01-000931,toctoc,Independencia,Metropolitana,730000.0,CLP,66.5,2023-10-27 00:00:00.000000,2024-01-01 00:00:00.000000,departamento,arriendo,owner_direct
TT-2024-01-002160,toctoc,Maipú,Metropolitana,395000.0,CLP,39.8,2023-12-11 00:00:00.000000,2024-01-08 00:00:00.000000,Departamento,arriendo,
TT-2024-01-001149,toctoc,Quilicura,Metropolitana,17.7,UF,68.9,2023-11-27 00:00:00.000000,2024-01-01 00:00:00.000000,DEPARTAMENTO,ARRIENDO,owner_direct
TT-2024-01-003586,toctoc,Santiago,Metropolitana,16.08,UF,49.3,2023-12-19 00:00:00.000000,2024-01-22 00:00:00.000000,departamento,Arriendo,agency
TT-2024-01-003762,toctoc,Recoleta,Metropolitana,615000.0,CLP,62.4,2023-12-06 00:00:00.000000,2024-01-22 00:00:00.000000,Departamento,ARRIENDO,agency
TT-2024-01-005500,toctoc,Estación Central,Metropolitana,9.59,UF,2.0,2024-01-01 00:00:00.000000,2024-01-29 00:00:00.000000,departamento,Arriendo,agency
TT-2024-01-004119,toctoc,San Miguel,Metropolitana,675000.0,CLP,59.3,2023-12-22 00:00:00.000000,2024-01-22 00:00:00.000000,departamento,arriendo,agency
TT-2024-01-000798,toctoc,Vitacura,Metropolitana,26.22,UF,47.4,2023-11-23 00:00:00.000000,2024-01-01 00:00:00.000000,Departamento,Arriendo,owner_direct
TT-2024-01-003532,toctoc,La Florida,Metropolitana,13.24,UF,44.3,2024-01-06 00:00:00.000000,2024-01-22 00:00:00.000000,DEPARTAMENTO,ARRIENDO,owner_direct
TT-2024-01-002407,toctoc,Estación Central,Metropolitana,490000.0,CLP,53.9,2023-12-31 00:00:00.000000,2024-01-15 00:00:00.000000,DEPARTAMENTO,ARRIENDO,agency
TT-2024-01-004620,toctoc,Recoleta,Metropolitana,525000.0,CLP,43.1,2023-12-28 00:00:00.000000,2024-01-29 00:00:00.000000,departamento,ARRIENDO,agency
TT-2024-01-001492,toctoc,La Florida,Metropolitana,13.38,UF,41.4,2023-12-30 00:00:00.000000,2024-01-08 00:00:00.000000,DEPARTAMENTO,Arriendo,agency
TT-2024-01-000705,toctoc,Macul,Metropolitana,585000.0,CLP,56.2,2023-12-18 00:00:00.000000,2024-01-01 00:00:00.000000,departamento,Arriendo,agency
TT-2024-01-002762,toctoc,Estación Central,Metropolitana,435000.0,CLP,41.2,2024-01-07 00:00:00.000000,2024-01-15 00:00:00.000000,departamento,ARRIENDO,agency
TT-2024-01-005498,toctoc,Peñalolén,Metropolitana,710000.0,CLP,68.8,2024-01-22 00:00:00.000000,2024-01-29 00:00:00.000000,DEPARTAMENTO,arriendo,agency
TT-2024-01-000550,toctoc,Providencia,Metropolitana,845000.0,CLP,35.9,2023-12-16 00:00:00.000000,2024-01-01 00:00:00.000000,departamento,Arriendo,owner_direct
TT-2024-01-002003,toctoc,Providencia,Metropolitana,735000.0,CLP,44.3,2023-11-22 00:00:00.000000,2024-01-08 00:00:00.000000,Departamento,ARRIENDO,agency
TT-2024-01-000489,toctoc,Macul,Metropolitana,13.38,UF,41.2,2023-12-28 00:00:00.000000,2024-01-01 00:00:00.000000,Departamento,ARRIENDO,owner_direct
TT-2024-01-003618,toctoc,Providencia,Metropolitana,17.7,UF,28.3,2023-12-19 00:00:00.000000,2024-01-22 00:00:00.000000,departamento,ARRIENDO,agency
TT-2024-01-003737,toctoc,La Florida,Metropolitana,23.11,UF,110.0,2023-12-20 00:00:00.000000,2024-01-22 00:00:00.000000,departamento,ARRIENDO,agency
TT-2024-01-004071,toctoc,Lo Barnechea,Metropolitana,212.3,UF,47.7,2024-01-15 00:00:00.000000,2024-01-22 00:00:00.000000,DEPARTAMENTO,Arriendo,agency
TT-2024-01-001134,toctoc,Macul,Metropolitana,19.46,UF,66.1,2023-12-20 00:00:00.000000,2024-01-01 00:00:00.000000,DEPARTAMENTO,ARRIENDO,agency
TT-2024-01-005132,toctoc,Maipú ,Metropolitana,20.14,UF,115.5,2024-01-14 00:00:00.000000,2024-01-29 00:00:00.000000,DEPARTAMENTO,Arriendo,agency
TT-2024-01-003900,toctoc,Las Condes,Metropolitana,1115000.0,CLP,52.2,2023-12-24 00:00:00.000000,2024-01-22 00:00:00.000000,departamento,Arriendo,agency
TT-2024-01-003874,toctoc,Santiago,Metropolitana,11.22,UF,32.7,2024-01-03 00:00:00.000000,2024-01-22 00:00:00.000000,departamento,arriendo,owner_direct
TT-2024-01-005371,toctoc,Santiago,Metropolitana,570000.0,CLP,43.2,2023-11-29 00:00:00.000000,2024-01-29 00:00:00.000000,departamento,ARRIENDO,agency
TT-2024-01-005332,toctoc,Estación Central,Metropolitana,10.81,UF,43.5,2023-12-16 00:00:00.000000,2024-01-29 00:00:00.000000,departamento,arriendo,owner_direct
TT-2024-01-000498,toctoc,Independencia,Metropolitana,23.65,UF,126.3,2023-12-13 00:00:00.000000,2024-01-01 00:00:00.000000,departamento,ARRIENDO,owner_direct
TT-2024-01-004781,toctoc,Las Condes,Metropolitana,875000.0,CLP,53.1,2024-01-16 00:00:00.000000,2024-01-29 00:00:00.000000,departamento,ARRIENDO,owner_direct
TT-2024-01-002616,toctoc,Providencia,Metropolitana,30.95,UF,66.9,2023-12-31 00:00:00.000000,2024-01-15 00:00:00.000000,DEPARTAMENTO,Arriendo,owner_direct
TT-2024-01-001788,toctoc,Independencia,Metropolitana,14.59,UF,47.5,2023-07-08 00:00:00.000000,2024-01-08 00:00:00.000000,DEPARTAMENTO,Arriendo,owner_direct
TT-2024-01-002750,toctoc,Las Condes,Metropolitana,31.35,UF,67.9,2024-01-09 00:00:00.000000,2024-01-15 00:00:00.000000,Departamento,Arriendo,owner_direct
TT-2024-01-004045,toctoc,Puente Alto,Metropolitana,12.3,UF,61.8,2023-12-28 00:00:00.000000,2024-01-22 00:00:00.000000,departamento,ARRIENDO,agency
TT-2024-01-005490,toctoc,San Miguel,Metropolitana,15.95,UF,46.1,2024-01-06 00:00:00.000000,2024-01-29 00:00:00.000000,DEPARTAMENTO,ARRIENDO,agency
TT-2024-01-002913,toctoc,San Joaquín,Metropolitana,490000.0,CLP,43.9,2024-01-02 00:00:00.000000,2024-01-15 00:00:00.000000,DEPARTAMENTO,Arriendo,owner_direct
TT-2024-01-002821,toctoc,San Joaquín,Metropolitana,305000.0,CLP,30.9,2023-12-19 00:00:00.000000,2024-01-15 00:00:00.000000,departamento,ARRIENDO,owner_direct
TT-2024-01-004018,toctoc,Maipú,Metropolitana,12.16,UF,37.4,2024-01-04 00:00:00.000000,2024-01-22 00:00:00.000000,DEPARTAMENTO,ARRIENDO,agency
TT-2024-01-000161,toctoc,Pudahuel,Metropolitana,500000.0,CLP,48.9,2023-12-07 00:00:00.000000,2024-01-01 00:00:00.000000,departamento,Arriendo,owner_direct
TT-2024-01-004519,toctoc,Las Condes,Metropolitana,27.84,UF,50.3,2024-01-05 00:00:00.000000,2024-01-29 00:00:00.000000,DEPARTAMENTO,Arriendo,agency
TT-2024-01-005148,toctoc,Peñalolén,Metropolitana,710000.0,CLP,85.8,2024-01-13 00:00:00.000000,2024-01-29 00:00:00.000000,Departamento,arriendo,agency
TT-2024-01-005104,toctoc,Providencia,Metropolitana,27.16,UF,70.1,2023-12-31 00:00:00.000000,2024-01-29 00:00:00.000000,Departamento,arriendo,owner_direct
TT-2024-01-001175,toctoc,Providencia,Metropolitana,1385000.0,CLP,70.5,2023-11-24 00:00:00.000000,2024-01-01 00:00:00.000000,DEPARTAMENTO,ARRIENDO,agency
TT-2024-01-003043,toctoc,Santiago,Metropolitana,201.22,UF,66.1,2023-12-10 00:00:00.000000,2024-01-15 00:00:00.000000,Departamento,arriendo,agency
TT-2024-01-001979,toctoc,San Miguel,Metropolitana,15.54,UF,46.5,2023-12-08 00:00:00.000000,2024-01-08 00:00:00.000000,departamento,Arriendo,owner_direct
TT-2024-01-001744,toctoc,Independencia,Metropolitana,14.73,UF,64.3,2023-12-19 00:00:00.000000,2024-01-08 00:00:00.000000,Departamento,arriendo,agency
TT-2024-01-004508,toctoc,Providencia,Metropolitana,735000.0,CLP,32.4,2023-12-11 00:00:00.000000,2024-01-29 00:00:00.000000,Departamento,Arriendo,agency
TT-2024-01-003788,toctoc,Cerrillos,Metropolitana,475000.0,CLP,46.7,2024-01-14 00:00:00.000000,2024-01-22 00:00:00.000000,departamento,arriendo,agency
TT-2024-01-001451,toctoc,Estación Central,Metropolitana,490000.0,CLP,43.4,2023-10-31 00:00:00.000000,2024-01-08 00:00:00.000000,Departamento,ARRIENDO,agency
TT-2024-01-002495,toctoc,Maipú,Metropolitana,9.32,UF,34.4,2023-11-23 00:00:00.000000,2024-01-15 00:00:00.000000,DEPARTAMENTO,ARRIENDO,agency
TT-2024-01-005287,toctoc,Ñuñoa,Metropolitana,19.19,UF,32.4,2023-12-17 00:00:00.000000,2024-01-29 00:00:00.000000,DEPARTAMENTO,arriendo,agency
TT-2024-01-004956,toctoc,Recoleta,Metropolitana,13.78,UF,65.5,2023-12-20 00:00:00.000000,2024-01-29 00:00:00.000000,departamento,ARRIENDO,agency
TT-2024-01-002966,toctoc,Maipú,Metropolitana,13.24,UF,48.2,2023-12-29 00:00:00.000000,2024-01-15 00:00:00.000000,DEPARTAMENTO,arriendo,owner_direct
TT-2024-01-000663,toctoc,Estación Central,Metropolitana,16.49,UF,73.7,2023-11-25 00:00:00.000000,2024-01-01 00:00:00.000000,departamento,arriendo,agency
TT-2024-01-005121,toctoc,Cerrillos,Metropolitana,10.68,UF,42.4,2024-01-06 00:00:00.000000,2024-01-29 00:00:00.000000,Departamento,Arriendo,agency
TT-2024-01-002970,toctoc,Ñuñoa,Metropolitana,21.22,UF,62.2,2023-12-26 00:00:00.000000,2024-01-15 00:00:00.000000,Departamento,Arriendo,agency
TT-2024-01-004334,toctoc,Ñuñoa,Metropolitana,22.03,UF,53.7,2024-01-08 00:00:00.000000,2024-01-22 00:00:00.000000,departamento,Arriendo,agency
TT-2024-01-000954,toctoc,Providencia,Metropolitana,342.43,UF,85.2,2023-12-21 00:00:00.000000,2024-01-01 00:00:00.000000,Departamento,ARRIENDO,agency
TT-2024-01-003377,toctoc,Ñuñoa,Metropolitana,13.51,UF,28.4,2024-01-01 00:00:00.000000,2024-01-22 00:00:00.000000,DEPARTAMENTO,ARRIENDO,agency
TT-2024-01-003267,toctoc,Recoleta,Metropolitana,11.76,UF,45.9,2023-08-05 00:00:00.000000,2024-01-15 00:00:00.000000,DEPARTAMENTO,Arriendo,agency
TT-2024-01-005056,toctoc, Providencia,Metropolitana,33.11,UF,69.5,2024-01-18 00:00:00.000000,2024-01-29 00:00:00.000000,departamento,Arriendo,agency
TT-2024-01-004152,toctoc,Providencia,Metropolitana,22.57,UF,38.7,2023-12-25 00:00:00.000000,2024-01-22 00:00:00.000000,departamento,arriendo,agency
TT-2024-01-004577,toctoc,Independencia,Metropolitana,15.54,UF,59.2,2024-01-22 00:00:00.000000,2024-01-29 00:00:00.000000,Departamento,arriendo,agency
TT-2024-01-003818,toctoc,Quilicura,Metropolitana,10.95,UF,36.4,2023-12-15 00:00:00.000000,2024-01-22 00:00:00.000000,departamento,ARRIENDO,agency
TT-2024-01-002859,toctoc,Estación Central,Metropolitana,11.08,UF,30.8,2023-12-26 00:00:00.000000,2024-01-15 00:00:00.000000,DEPARTAMENTO,ARRIENDO,agency
TT-2024-01-001406,toctoc,Ñuñoa,Metropolitana,18.92,UF,47.8,2023-12-19 00:00:00.000000,2024-01-08 00:00:00.000000,departamento,Arriendo,agency
TT-2024-01-002532,toctoc,La Cisterna,Metropolitana,390000.0,CLP,27.5,2023-08-01 00:00:00.000000,2024-01-15 00:00:00.000000,Departamento,Arriendo,agency
TT-2024-01-000435,toctoc,San Joaquín,Metropolitana,12.3,UF,37.6,2023-12-12 00:00:00.000000,2024-01-01 00:00:00.000000,DEPARTAMENTO,ARRIENDO,agency
TT-2024-01-001564,toctoc,Las Condes,Metropolitana,21.49,UF,37.9,2023-12-26 00:00:00.000000,2024-01-08 00:00:00.000000,Departamento,ARRIENDO,agency
TT-2024-01-002054,toctoc,Santiago,Metropolitana,22.3,UF,78.4,2023-12-24 00:00:00.000000,2024-01-08 00:00:00.000000,DEPARTAMENTO,Arriendo,agency
TT-2024-01-001954,toctoc,Ñuñoa,Metropolitana,1150000.0,CLP,81.6,2023-12-15 00:00:00.000000,2024-01-08 00:00:00.000000,departamento,ARRIENDO,agency
TT-2024-01-003942,toctoc,Providencia,Metropolitana,30.81,UF,58.6,2024-01-08 00:00:00.000000,2024-01-22 00:00:00.000000,departamento,Arriendo,agency
TT-2024-01-003784,toctoc,Maipú,Metropolitana,16.49,UF,79.4,2024-01-12 00:00:00.000000,2024-01-22 00:00:00.000000,Departamento,arriendo,agency
TT-2024-01-000776,toctoc, Providencia,Metropolitana,830000.0,CLP,31.9,2023-12-08 00:00:00.000000,2024-01-01 00:00:00.000000,DEPARTAMENTO,Arriendo,agency
TT-2024-01-004874,toctoc,Conchalí,Metropolitana,11.22,UF,8.0,2024-01-01 00:00:00.000000,2024-01-29 00:00:00.000000,Departamento,arriendo,
TT-2024-01-002696,toctoc,Maipú,Metropolitana,430000.0,CLP,42.7,2023-11-18 00:00:00.000000,2024-01-15 00:00:00.000000,departamento,ARRIENDO,agency
TT-2024-01-002928,toctoc,Macul,Metropolitana,470000.0,CLP,40.3,2023-12-17 00:00:00.000000,2024-01-15 00:00:00.000000,Departamento,arriendo,agency
TT-2024-01-001778,toctoc,La Reina,Metropolitana,85.81,UF,56.9,2023-12-30 00:00:00.000000,2024-01-08 00:00:00.000000,Departamento,arriendo,agency
TT-2024-01-004213,toctoc,Independencia,Metropolitana,505000.0,CLP,43.8,2023-12-27 00:00:00.000000,2024-01-22 00:00:00.000000,departamento,Arriendo,agency
TT-2024-01-002847,toctoc,Conchalí,Metropolitana,450000.0,CLP,37.2,2023-12-15 00:00:00.000000,2024-01-15 00:00:00.000000,Departamento,ARRIENDO,agency
TT-2024-01-003153,toctoc,San Miguel,Metropolitana,420000.0,CLP,38.9,2023-12-16 00:00:00.000000,2024-01-15 00:00:00.000000,Departamento,ARRIENDO,agency
TT-2024-01-003735,toctoc,San Miguel,Metropolitana,520000.0,CLP,46.9,2023-12-17 00:00:00.000000,2024-01-22 00:00:00.000000,DEPARTAMENTO,ARRIENDO,agency
TT-2024-01-002397,toctoc,Puente Alto,Metropolitana,13.51,UF,48.0,2023-11-26 00:00:00.000000,2024-01-15 00:00:00.000000,departamento,Arriendo,agency
TT-2024-01-002504,toctoc,Ñuñoa,Metropolitana,850000.0,CLP,67.8,2023-12-16 00:00:00.000000,2024-01-15 00:00:00.000000,departamento,ARRIENDO,agency
TT-2024-01-000953,toctoc,Lo Barnechea,Metropolitana,32.97,UF,76.7,2023-12-20 00:00:00.000000,2024-01-01 00:00:00.000000,Departamento,Arriendo,agency
TT-2024-01-003843,toctoc,Estación Central,Metropolitana,12.03,UF,36.9,2024-01-11 00:00:00.000000,2024-01-22 00:00:00.000000,departamento,ARRIENDO,agency
TT-2024-01-004476,toctoc,La Reina,Metropolitana,36.22,UF,103.4,2024-01-03 00:00:00.000000,2024-01-29 00:00:00.000000,DEPARTAMENTO,Arriendo,agency
TT-2024-01-004151,toctoc,San Miguel,Metropolitana,16.49,UF,58.7,2023-12-25 00:00:00.000000,2024-01-22 00:00:00.000000,Departamento,arriendo,agency
TT-2024-01-002933,toctoc,Independencia,Metropolitana,520000.0,CLP,44.0,2023-12-08 00:00:00.000000,2024-01-15 00:00:00.000000,DEPARTAMENTO,Arriendo,agency
TT-2024-01-004093,toctoc,Puente Alto,Metropolitana,127.43,UF,47.0,2023-12-24 00:00:00.000000,2024-01-22 00:00:00.000000,departamento,arriendo,agency
TT-2024-01-004178,toctoc,quinta normal,Metropolitana,550000.0,CLP,57.8,2024-01-21 00:00:00.000000,2024-01-22 00:00:00.000000,Departamento,Arriendo,owner_direct
TT-2024-01-004542,toctoc,Ñuñoa,Metropolitana,23.65,UF,69.9,2024-01-13 00:00:00.000000,2024-01-29 00:00:00.000000,DEPARTAMENTO,arriendo,agency
TT-2024-01-000175,toctoc,Cerrillos,Metropolitana,15.95,UF,51.5,2023-12-02 00:00:00.000000,2024-01-01 00:00:00.000000,DEPARTAMENTO,arriendo,agency
TT-2024-01-004834,toctoc,La Reina,Metropolitana,24.73,UF,60.6,2024-01-03 00:00:00.000000,2024-01-29 00:00:00.000000,departamento,ARRIENDO,owner_direct
TT-2024-01-004288,toctoc,Ñuñoa,Metropolitana,17.7,UF,32.4,2023-12-23 00:00:00.000000,2024-01-22 00:00:00.000000,DEPARTAMENTO,Arriendo,owner_direct
TT-2024-01-002830,toctoc,Lo Barnechea,Metropolitana,18.65,UF,37.4,2023-12-01 00:00:00.000000,2024-01-15 00:00:00.000000,Departamento,ARRIENDO,agency
TT-2024-01-002523,toctoc,Recoleta,Metropolitana,16.35,UF,52.4,2023-11-26 00:00:00.000000,2024-01-15 00:00:00.000000,Departamento,ARRIENDO,agency
TT-2024-01-002093,toctoc,Santiago,Metropolitana,12.43,UF,33.2,2023-12-19 00:00:00.000000,2024-01-08 00:00:00.000000,departamento,ARRIENDO,agency
TT-2024-01-003464,toctoc,Maipú,Metropolitana,490000.0,CLP,53.9,2023-12-27 00:00:00.000000,2024-01-22 00:00:00.000000,Departamento,Arriendo,agency
TT-2024-01-001782,toctoc,Vitacura,Metropolitana,1190000.0,CLP,67.4,2023-12-17 00:00:00.000000,2024-01-08 00:00:00.000000,departamento,arriendo,agency
TT-2024-01-005024,toctoc,San Joaquín,Metropolitana,12.7,UF,46.9,2024-01-08 00:00:00.000000,2024-01-29 00:00:00.000000,departamento,Arriendo,agency
TT-2024-01-003475,toctoc,Cerrillos,Metropolitana,475000.0,CLP,57.7,2024-01-08 00:00:00.000000,2024-01-22 00:00:00.000000,DEPARTAMENTO,arriendo,
TT-2024-01-001605,toctoc,Las Condes,Metropolitana,25.81,UF,58.5,2023-12-27 00:00:00.000000,2024-01-08 00:00:00.000000,departamento,ARRIENDO,agency
TT-2024-01-003415,toctoc,La Reina,Metropolitana,19.73,UF,33.6,2024-01-10 00:00:00.000000,2024-01-22 00:00:00.000000,DEPARTAMENTO,Arriendo,agency
TT-2024-01-004586,toctoc,Renca,Metropolitana,350000.0,CLP,31.3,2023-12-07 00:00:00.000000,2024-01-29 00:00:00.000000,DEPARTAMENTO,Arriendo,owner_direct
TT-2024-01-004912,toctoc,Providencia,Metropolitana,24.32,UF,46.6,2023-11-25 00:00:00.000000,2024-01-29 00:00:00.000000,departamento,Arriendo,agency
TT-2024-01-000220,toctoc,Estación Central,Metropolitana,10.95,UF,40.8,2023-12-11 00:00:00.000000,2024-01-01 00:00:00.000000,Departamento,Arriendo,agency
TT-2024-01-002488,toctoc,Vitacura,Metropolitana,1075000.0,CLP,41.3,2024-01-11 00:00:00.000000,2024-01-15 00:00:00.000000,departamento,ARRIENDO,agency
TT-2024-01-003684,toctoc,Independencia,Metropolitana,13.51,UF,46.0,2023-12-22 00:00:00.000000,2024-01-22 00:00:00.000000,Departamento,ARRIENDO,agency
TT-2024-01-001215,toctoc,Santiago,Metropolitana,560000.0,CLP,50.3,2024-01-01 00:00:00.000000,2024-01-08 00:00:00.000000,Departamento,ARRIENDO,agency
TT-2024-01-002179,toctoc,Estación Central,Metropolitana,9.59,UF,12.0,2023-11-14 00:00:00.000000,2024-01-08 00:00:00.000000,departamento,arriendo,agency
TT-2024-01-000479,toctoc,Santiago,Metropolitana,25.68,UF,81.7,2023-12-17 00:00:00.000000,2024-01-01 00:00:00.000000,DEPARTAMENTO,arriendo,agency
TT-2024-01-000893,toctoc,VITACURA,Metropolitana,26.49,UF,37.3,2023-12-04 00:00:00.000000,2024-01-01 00:00:00.000000,Departamento,Arriendo,agency
TT-2024-01-001710,toctoc,Las Condes,Metropolitana,1935000.0,CLP,122.1,2024-01-02 00:00:00.000000,2024-01-08 00:00:00.000000,Departamento,ARRIENDO,agency
TT-2024-01-004658,toctoc,Macul,Metropolitana,13.92,UF,47.5,2024-01-27 00:00:00.000000,2024-01-29 00:00:00.000000,DEPARTAMENTO,arriendo,agency
TT-2024-01-003582,toctoc,Cerrillos,Metropolitana,22.16,UF,99.6,2023-12-24 00:00:00.000000,2024-01-22 00:00:00.000000,DEPARTAMENTO,ARRIENDO,agency
TT-2024-01-000605,toctoc,Estación Central,Metropolitana,700000.0,CLP,97.7,2023-12-11 00:00:00.000000,2024-01-01 00:00:00.000000,DEPARTAMENTO,Arriendo,agency
TT-2024-01-004324,toctoc,Independencia,Metropolitana,700000.0,CLP,70.0,2024-01-14 00:00:00.000000,2024-01-22 00:00:00.000000,DEPARTAMENTO,ARRIENDO,agency
TT-2024-01-001647,toctoc,Providencia,Metropolitana,1275000.0,CLP,79.2,2023-10-11 00:00:00.000000,2024-01-08 00:00:00.000000,DEPARTAMENTO,arriendo,owner_direct
TT-2024-01-001656,toctoc,Estación Central,Metropolitana,10.41,UF,47.3,2023-12-15 00:00:00.000000,2024-01-08 00:00:00.000000,DEPARTAMENTO,ARRIENDO,agency
TT-2024-01-001288,toctoc,Macul,Metropolitana,12.43,UF,41.7,2023-12-02 00:00:00.000000,2024-01-08 00:00:00.000000,departamento,ARRIENDO,agency
TT-2024-01-001496,toctoc,La Cisterna,Metropolitana,10.41,UF,26.3,2023-12-20 00:00:00.000000,2024-01-08 00:00:00.000000,Departamento,ARRIENDO,agency
TT-2024-01-000895,toctoc,Conchalí,Metropolitana,405000.0,CLP,32.2,2023-11-19 00:00:00.000000,2024-01-01 00:00:00.000000,departamento,Arriendo,agency
TT-2024-01-004526,toctoc,Macul,Metropolitana,13.65,UF,31.9,2024-01-17 00:00:00.000000,2024-01-29 00:00:00.000000,DEPARTAMENTO,ARRIENDO,agency
TT-2024-01-000078,toctoc,Lo Barnechea,Metropolitana,715000.0,CLP,40.2,2023-06-08 00:00:00.000000,2024-01-01 00:00:00.000000,Departamento,ARRIENDO,owner_direct
TT-2024-01-002885,toctoc,Estación Central,Metropolitana,22.57,UF,100.7,2023-12-30 00:00:00.000000,2024-01-15 00:00:00.000000,Departamento,arriendo,owner_direct
TT-2024-01-003949,toctoc,Santiago,Metropolitana,820000.0,CLP,87.1,2024-01-11 00:00:00.000000,2024-01-22 00:00:00.000000,Departamento,Arriendo,owner_direct
TT-2024-01-001414,toctoc,Santiago,Metropolitana,15.0,UF,42.4,2023-12-24 00:00:00.000000,2024-01-08 00:00:00.000000,departamento,ARRIENDO,agency
TT-2024-01-005318,toctoc,Providencia,Metropolitana,1030000.0,CLP,64.4,2023-12-17 00:00:00.000000,2024-01-29 00:00:00.000000,DEPARTAMENTO,arriendo,agency
TT-2024-01-003504,toctoc,Macul,Metropolitana,14.19,UF,40.4,2023-12-30 00:00:00.000000,2024-01-22 00:00:00.000000,departamento,Arriendo,agency
TT-2024-01-002202,toctoc,Santiago,Metropolitana,13.78,UF,31.8,2023-12-19 00:00:00.000000,2024-01-08 00:00:00.000000,departamento,ARRIENDO,agency
TT-2024-01-001153,toctoc,Estación Central,Metropolitana,10.0,UF,40.0,2023-12-27 00:00:00.000000,2024-01-01 00:00:00.000000,Departamento,Arriendo,owner_direct
TT-2024-01-001209,toctoc,Santiago,Metropolitana,19.46,UF,62.9,2023-11-19 00:00:00.000000,2024-01-08 00:00:00.000000,departamento,Arriendo,agency
TT-2024-01-004872,toctoc,Lo Barnechea,Metropolitana,795000.0,CLP,40.4,2023-12-08 00:00:00.000000,2024-01-29 00:00:00.000000,Departamento,arriendo,owner_direct
TT-2024-01-000469,toctoc,Pudahuel,Metropolitana,12.57,UF,42.4,2023-12-02 00:00:00.000000,2024-01-01 00:00:00.000000,DEPARTAMENTO,ARRIENDO,
TT-2024-01-000963,toctoc,Puente Alto,Metropolitana,330000.0,CLP,28.8,2023-12-20 00:00:00.000000,2024-01-01 00:00:00.000000,Departamento,Arriendo,agency
TT-2024-01-002186,toctoc,San Miguel,Metropolitana,11.49,UF,29.3,2023-12-13 00:00:00.000000,2024-01-08 00:00:00.000000,departamento,ARRIENDO,owner_direct
TT-2024-01-002872,toctoc,Las Condes,Metropolitana,880000.0,CLP,33.2,2023-12-28 00:00:00.000000,2024-01-15 00:00:00.000000,departamento,arriendo,
TT-2024-01-000853,toctoc,Conchalí,Metropolitana,605000.0,CLP,71.6,2023-11-15 00:00:00.000000,2024-01-01 00:00:00.000000,Departamento,ARRIENDO,agency
TT-2024-01-003188,toctoc,La Florida,Metropolitana,10.95,UF,29.9,2024-01-11 00:00:00.000000,2024-01-15 00:00:00.000000,DEPARTAMENTO,ARRIENDO,owner_direct
TT-2024-01-001317,toctoc,Lo Barnechea,Metropolitana,19.86,UF,34.9,2023-10-24 00:00:00.000000,2024-01-08 00:00:00.000000,DEPARTAMENTO,arriendo,agency
TT-2024-01-005205,toctoc,Ñuñoa,Metropolitana,1050000.0,CLP,85.5,2024-01-20 00:00:00.000000,2024-01-29 00:00:00.000000,Departamento,Arriendo,agency
TT-2024-01-002237,toctoc,Santiago,Metropolitana,13.51,UF,43.3,2023-11-13 00:00:00.000000,2024-01-08 00:00:00.000000,DEPARTAMENTO,ARRIENDO,agency
TT-2024-01-002638,toctoc,San Joaquín,Metropolitana,390000.0,CLP,25.6,2024-01-01 00:00:00.000000,2024-01-15 00:00:00.000000,DEPARTAMENTO,arriendo,agency
TT-2024-01-001040,toctoc,Las Condes,Metropolitana,24.05,UF,37.2,2023-12-16 00:00:00.000000,2024-01-01 00:00:00.000000,DEPARTAMENTO,arriendo,agency
TT-2024-01-004842,toctoc,La Florida,Metropolitana,11.08,UF,36.0,2024-01-28 00:00:00.000000,2024-01-29 00:00:00.000000,departamento,ARRIENDO,agency
TT-2024-01-002433,toctoc,Santiago,Metropolitana,595000.0,CLP,40.6,2023-12-29 00:00:00.000000,2024-01-15 00:00:00.000000,Departamento,Arriendo,agency
TT-2024-01-003631,toctoc,Macul,Metropolitana,27.16,UF,120.8,2023-11-17 00:00:00.000000,2024-01-22 00:00:00.000000,Departamento,arriendo,owner_direct
TT-2024-01-004968,toctoc,Las Condes,Metropolitana,735000.0,CLP,24.2,2024-01-03 00:00:00.000000,2024-01-29 00:00:00.000000,DEPARTAMENTO,Arriendo,owner_direct
TT-2024-01-000669,toctoc,Cerrillos,Metropolitana,13.51,UF,38.4,2023-11-30 00:00:00.000000,2024-01-01 00:00:00.000000,DEPARTAMENTO,arriendo,agency
TT-2024-01-004511,toctoc,Providencia,Metropolitana,17.57,UF,24.6,2024-01-14 00:00:00.000000,2024-01-29 00:00:00.000000,DEPARTAMENTO,Arriendo,agency
TT-2024-01-003741,toctoc,Maipú,Metropolitana,805000.0,CLP,101.1,2024-01-10 00:00:00.000000,2024-01-22 00:00:00.000000,Departamento,ARRIENDO,owner_direct
TT-2024-01-001085,toctoc,Peñalolén,Metropolitana,34.73,UF,38.8,2023-11-27 00:00:00.000000,2024-01-01 00:00:00.000000,Departamento,Arriendo,agency
TT-2024-01-005382,toctoc,Estación Central,Metropolitana,460000.0,CLP,32.7,2024-01-12 00:00:00.000000,2024-01-29 00:00:00.000000,Departamento,Arriendo,agency
TT-2024-01-003243,toctoc,Santiago,Metropolitana,655000.0,CLP,53.6,2024-01-07 00:00:00.000000,2024-01-15 00:00:00.000000,Departamento,ARRIENDO,agency
TT-2024-01-005487,toctoc,Independencia,Metropolitana,15.0,UF,50.2,2024-01-19 00:00:00.000000,2024-01-29 00:00:00.000000,departamento,arriendo,agency
TT-2024-01-002677,toctoc,Peñalolén,Metropolitana,345000.0,CLP,28.5,2023-07-22 00:00:00.000000,2024-01-15 00:00:00.000000,departamento,Arriendo,agency
TT-2024-01-000336,toctoc,La Cisterna,Metropolitana,20.95,UF,97.9,2023-12-01 00:00:00.000000,2024-01-01 00:00:00.000000,departamento,Arriendo,agency
TT-2024-01-003498,toctoc,Puente Alto,Metropolitana,14.19,UF,73.4,2023-12-27 00:00:00.000000,2024-01-22 00:00:00.000000,departamento,arriendo,agency
TT-2024-01-003584,toctoc,Santiago,Metropolitana,11.49,UF,23.6,2024-01-15 00:00:00.000000,2024-01-22 00:00:00.000000,Departamento,arriendo,owner_direct
TT-2024-01-001309,toctoc,Macul,Metropolitana,485000.0,CLP,45.3,2023-10-18 00:00:00.000000,2024-01-08 00:00:00.000000,departamento,arriendo,agency
TT-2024-01-003079,toctoc,Quinta Normal,Metropolitana,202.97,UF,1200.0,2023-11-02 00:00:00.000000,2024-01-15 00:00:00.000000,DEPARTAMENTO,ARRIENDO,agency
TT-2024-01-003946,toctoc,Ñuñoa,Metropolitana,21.35,UF,57.1,2024-01-07 00:00:00.000000,2024-01-22 00:00:00.000000,Departamento,ARRIENDO,owner_direct
TT-2024-01-005138,toctoc,Santiago,Metropolitana,58.65,UF,109.0,2024-01-09 00:00:00.000000,2024-01-29 00:00:00.000000,departamento,Arriendo,agency
TT-2024-01-003783,toctoc,Estación Central,Metropolitana,685000.0,CLP,73.2,2023-12-28 00:00:00.000000,2024-01-22 00:00:00.000000,departamento,ARRIENDO,agency
TT-2024-01-002002,toctoc,Maipú,Metropolitana,385000.0,CLP,31.2,2023-12-27 00:00:00.000000,2024-01-08 00:00:00.000000,departamento,arriendo,agency
TT-2024-01-001853,toctoc,Quinta Normal,Metropolitana,12.7,UF,47.6,2023-12-27 00:00:00.000000,2024-01-08 00:00:00.000000,Departamento,arriendo,agency
TT-2024-01-005072,toctoc,Las Condes,Metropolitana,21.35,UF,41.3,2024-01-13 00:00:00.000000,2024-01-29 00:00:00.000000,DEPARTAMENTO,ARRIENDO,agency
TT-2024-01-002927,toctoc,La Cisterna,Metropolitana,15.81,UF,49.3,2023-12-20 00:00:00.000000,2024-01-15 00:00:00.000000,Departamento,arriendo,agency
TT-2024-01-005313,toctoc,La Reina,Metropolitana,725000.0,CLP,40.4,2024-01-22 00:00:00.000000,2024-01-29 00:00:00.000000,departamento,Arriendo,agency
TT-2024-01-003171,toctoc,La Cisterna,Metropolitana,13.65,UF,36.6,2023-12-09 00:00:00.000000,2024-01-15 00:00:00.000000,Departamento,ARRIENDO,owner_direct
TT-2024-01-000977,toctoc,Las Condes,Metropolitana,42.16,UF,107.4,2023-11-24 00:00:00.000000,2024-01-01 00:00:00.000000,DEPARTAMENTO,ARRIENDO,owner_direct
TT-2024-01-000280,toctoc,Estación Central,Metropolitana,14.46,UF,45.2,2023-09-19 00:00:00.000000,2024-01-01 00:00:00.000000,DEPARTAMENTO,arriendo,agency
TT-2024-01-005109,toctoc,Quinta Normal,Metropolitana,12.97,UF,45.2,2024-01-18 00:00:00.000000,2024-01-29 00:00:00.000000,DEPARTAMENTO,Arriendo,agency
TT-2024-01-002423,toctoc,Peñalolén,Metropolitana,10.0,UF,32.1,2024-01-07 00:00:00.000000,2024-01-15 00:00:00.000000,Departamento,Arriendo,agency
TT-2024-01-001286,toctoc,Estación Central,Metropolitana,8.51,UF,24.2,2023-12-17 00:00:00.000000,2024-01-08 00:00:00.000000,Departamento,Arriendo,owner_direct
TT-2024-01-003605,toctoc,Las Condes,Metropolitana,34.05,UF,55.6,2024-01-01 00:00:00.000000,2024-01-22 00:00:00.000000,DEPARTAMENTO,ARRIENDO,owner_direct
TT-2024-01-000627,toctoc,Peñalolén,Metropolitana,17.57,UF,72.1,2023-07-14 00:00:00.000000,2024-01-01 00:00:00.000000,DEPARTAMENTO,arriendo,agency
TT-2024-01-002282,toctoc,Independencia,Metropolitana,13.11,UF,48.6,2023-12-13 00:00:00.000000,2024-01-08 00:00:00.000000,DEPARTAMENTO,arriendo,owner_direct
TT-2024-01-000442,toctoc,Pudahuel,Metropolitana,11.08,UF,45.3,2023-12-18 00:00:00.000000,2024-01-01 00:00:00.000000,Departamento,Arriendo,agency
TT-2024-01-004761,toctoc,Estación Central,Metropolitana,12.16,UF,30.1,2024-01-17 00:00:00.000000,2024-01-29 00:00:00.000000,Departamento,arriendo,owner_direct
TT-2024-01-004216,toctoc,Maipú,Metropolitana,12.43,UF,37.9,2023-12-28 00:00:00.000000,2024-01-22 00:00:00.000000,departamento,arriendo,agency
TT-2024-01-001428,toctoc,Santiago,Metropolitana,14.19,UF,32.9,2023-12-10 00:00:00.000000,2024-01-08 00:00:00.000000,Departamento,ARRIENDO,agency
TT-2024-01-000157,toctoc,Santiago,Metropolitana,445000.0,CLP,45.7,2023-12-09 00:00:00.000000,2024-01-01 00:00:00.000000,Departamento,arriendo,agency
TT-2024-01-000036,toctoc,Ñuñoa,Metropolitana,650000.0,CLP,30.5,2023-12-09 00:00:00.000000,2024-01-01 00:00:00.000000,DEPARTAMENTO,arriendo,agency
TT-2024-01-005315,toctoc,Ñuñoa,Metropolitana,750000.0,CLP,70.0,2024-01-09 00:00:00.000000,2024-01-29 00:00:00.000000,Departamento,arriendo,agency
TT-2024-01-004131,toctoc,Las Condes,Metropolitana,29.32,UF,51.9,2023-12-25 00:00:00.000000,2024-01-22 00:00:00.000000,DEPARTAMENTO,arriendo,owner_direct
TT-2024-01-003179,toctoc,Pudahuel,Metropolitana,12.43,UF,48.5,2023-12-26 00:00:00.000000,2024-01-15 00:00:00.000000,Departamento,Arriendo,owner_direct
TT-2024-01-004497,toctoc,Maipú,Metropolitana,605000.0,CLP,70.3,2023-12-16 00:00:00.000000,2024-01-29 00:00:00.000000,Departamento,Arriendo,agency
TT-2024-01-002335,toctoc,La Florida,Metropolitana,12.03,UF,44.0,2023-12-26 00:00:00.000000,2024-01-08 00:00:00.000000,departamento,arriendo,owner_direct
TT-2024-01-002646,toctoc,Independencia,Metropolitana,131.76,UF,34.1,2023-12-31 00:00:00.000000,2024-01-15 00:00:00.000000,Departamento,arriendo,owner_direct
TT-2024-01-001047,toctoc,Santiago,Metropolitana,640000.0,CLP,59.8,2023-12-24 00:00:00.000000,2024-01-01 00:00:00.000000,Departamento,arriendo,owner_direct
TT-2024-01-000881,toctoc,Macul,Metropolitana,620000.0,CLP,79.8,2023-12-08 00:00:00.000000,2024-01-01 00:00:00.000000,DEPARTAMENTO,Arriendo,agency
TT-2024-01-005222,toctoc,Puente Alto,Metropolitana,13.51,UF,59.7,2023-12-16 00:00:00.000000,2024-01-29 00:00:00.000000,DEPARTAMENTO,ARRIENDO,owner_direct
TT-2024-01-003828,toctoc,Estación Central,Metropolitana,16.49,UF,73.9,2024-01-05 00:00:00.000000,2024-01-22 00:00:00.000000,Departamento,ARRIENDO,owner_direct
TT-2024-01-003744,toctoc,Santiago,Metropolitana,16.89,UF,62.6,2023-11-14 00:00:00.000000,2024-01-22 00:00:00.000000,DEPARTAMENTO,ARRIENDO,owner_direct
TT-2024-01-003282,toctoc, Macul,Metropolitana,625000.0,CLP,44.5,2023-12-25 00:00:00.000000,2024-01-22 00:00:00.000000,DEPARTAMENTO,arriendo,owner_direct
TT-2024-01-000195,toctoc,Estación Central,Metropolitana,490000.0,CLP,41.9,2023-12-16 00:00:00.000000,2024-01-01 00:00:00.000000,DEPARTAMENTO,Arriendo,agency
TT-2024-01-004614,toctoc,LA REINA,Metropolitana,830000.0,CLP,46.3,2023-12-28 00:00:00.000000,2024-01-29 00:00:00.000000,departamento,Arriendo,agency
TT-2024-01-005127,toctoc,Macul,Metropolitana,750000.0,CLP,64.2,2024-01-20 00:00:00.000000,2024-01-29 00:00:00.000000,DEPARTAMENTO,ARRIENDO,agency
TT-2024-01-000645,toctoc,Santiago,Metropolitana,13.92,UF,37.3,2023-12-30 00:00:00.000000,2024-01-01 00:00:00.000000,departamento,arriendo,owner_direct
TT-2024-01-002209,toctoc,Independencia,Metropolitana,620000.0,CLP,53.7,2023-10-27 00:00:00.000000,2024-01-08 00:00:00.000000,DEPARTAMENTO,Arriendo,agency
TT-2024-01-004534,toctoc,Quilicura,Metropolitana,9.73,UF,41.0,2024-01-02 00:00:00.000000,2024-01-29 00:00:00.000000,Departamento,ARRIENDO,owner_direct
TT-2024-01-004047,toctoc,Macul,Metropolitana,685000.0,CLP,60.6,2024-01-04 00:00:00.000000,2024-01-22 00:00:00.000000,DEPARTAMENTO,arriendo,owner_direct
TT-2024-01-004495,toctoc,Huechuraba,Metropolitana,520000.0,CLP,39.4,2024-01-11 00:00:00.000000,2024-01-29 00:00:00.000000,DEPARTAMENTO,ARRIENDO,agency
TT-2024-01-004310,toctoc,Lo Barnechea,Metropolitana,26.76,UF,62.6,2024-01-10 00:00:00.000000,2024-01-22 00:00:00.000000,departamento,ARRIENDO,agency
TT-2024-01-003615,toctoc,Macul,Metropolitana,525000.0,CLP,41.9,2024-01-14 00:00:00.000000,2024-01-22 00:00:00.000000,DEPARTAMENTO,Arriendo,agency
TT-2024-01-000040,toctoc,Peñalolén,Metropolitana,24.73,UF,107.0,2023-12-27 00:00:00.000000,2024-01-01 00:00:00.000000,Departamento,ARRIENDO,agency
TT-2024-01-003870,toctoc,Providencia,Metropolitana,24.32,UF,43.7,2024-01-15 00:00:00.000000,2024-01-22 00:00:00.000000,departamento,arriendo,agency
TT-2024-01-000666,toctoc,Santiago,Metropolitana,715000.0,CLP,61.6,2023-12-20 00:00:00.000000,2024-01-01 00:00:00.000000,DEPARTAMENTO,arriendo,agency
TT-2024-01-004948,toctoc,Estación Central,Metropolitana,20.27,UF,86.2,2023-11-30 00:00:00.000000,2024-01-29 00:00:00.000000,Departamento,ARRIENDO,agency
TT-2024-01-003780,toctoc,Ñuñoa,Metropolitana,14.05,UF,36.1,2023-09-10 00:00:00.000000,2024-01-22 00:00:00.000000,Departamento,Arriendo,agency
TT-2024-01-001480,toctoc,Recoleta,Metropolitana,12.43,UF,34.3,2024-01-02 00:00:00.000000,2024-01-08 00:00:00.000000,departamento,ARRIENDO,owner_direct
TT-2024-01-002740,toctoc,Santiago,Metropolitana,15.81,UF,50.0,2024-01-12 00:00:00.000000,2024-01-15 00:00:00.000000,departamento,ARRIENDO,agency
TT-2024-01-005406,toctoc,Las Condes,Metropolitana,19.19,UF,22.9,2023-12-28 00:00:00.000000,2024-01-29 00:00:00.000000,DEPARTAMENTO,Arriendo,agency
TT-2024-01-003135,toctoc,Providencia,Metropolitana,31.62,UF,57.7,2024-01-09 00:00:00.000000,2024-01-15 00:00:00.000000,Departamento,Arriendo,agency
TT-2024-01-003384,toctoc,Providencia,Metropolitana,790000.0,CLP,38.1,2023-12-24 00:00:00.000000,2024-01-22 00:00:00.000000,departamento,ARRIENDO,agency
TT-2024-01-005055,toctoc,Quinta Normal,Metropolitana,445000.0,CLP,28.1,2023-12-26 00:00:00.000000,2024-01-29 00:00:00.000000,departamento,Arriendo,owner_direct
TT-2024-01-002197,toctoc,Las Condes,Metropolitana,1195000.0,CLP,80.7,2023-12-09 00:00:00.000000,2024-01-08 00:00:00.000000,Departamento,ARRIENDO,agency
TT-2024-01-002565,toctoc,La Florida,Metropolitana,440000.0,CLP,31.8,2023-12-18 00:00:00.000000,2024-01-15 00:00:00.000000,Departamento,Arriendo,owner_direct
TT-2024-01-002113,toctoc,Providencia,Metropolitana,1740000.0,CLP,114.9,2024-01-02 00:00:00.000000,2024-01-08 00:00:00.000000,DEPARTAMENTO,Arriendo,agency
TT-2024-01-003388,toctoc,Las Condes,Metropolitana,1255000.0,CLP,74.3,2023-12-25 00:00:00.000000,2024-01-22 00:00:00.000000,DEPARTAMENTO,Arriendo,agency
TT-2024-01-001797,toctoc,San Miguel,Metropolitana,13.78,UF,46.3,2024-01-05 00:00:00.000000,2024-01-08 00:00:00.000000,departamento,ARRIENDO,agency
TT-2024-01-003869,toctoc,Macul,Metropolitana,17.43,UF,46.3,2023-12-15 00:00:00.000000,2024-01-22 00:00:00.000000,Departamento,ARRIENDO,owner_direct
TT-2024-01-004333,toctoc,San Joaquín,Metropolitana,470000.0,CLP,44.0,2024-01-02 00:00:00.000000,2024-01-22 00:00:00.000000,departamento,arriendo,agency
TT-2024-01-001276,toctoc,Ñuñoa,Metropolitana,18.11,UF,47.5,2023-11-12 00:00:00.000000,2024-01-08 00:00:00.000000,Departamento,Arriendo,owner_direct
TT-2024-01-002812,toctoc,Quinta Normal,Metropolitana,16.49,UF,58.6,2023-12-08 00:00:00.000000,2024-01-15 00:00:00.000000,DEPARTAMENTO,arriendo,owner_direct
TT-2024-01-002679,toctoc,Ñuñoa,Metropolitana,22.03,UF,63.2,2023-11-27 00:00:00.000000,2024-01-15 00:00:00.000000,Departamento,ARRIENDO,agency
TT-2024-01-002655,toctoc,La Florida,Metropolitana,455000.0,CLP,30.5,2023-11-28 00:00:00.000000,2024-01-15 00:00:00.000000,DEPARTAMENTO,arriendo,agency
TT-2024-01-002939,toctoc,Macul,Metropolitana,13.24,UF,37.2,2023-12-01 00:00:00.000000,2024-01-15 00:00:00.000000,Departamento,Arriendo,owner_direct
TT-2024-01-002669,toctoc,Quinta Normal,Metropolitana,11.35,UF,28.6,2023-11-01 00:00:00.000000,2024-01-15 00:00:00.000000,departamento,arriendo,owner_direct
TT-2024-01-004220,toctoc,Providencia,Metropolitana,1205000.0,CLP,82.5,2023-12-27 00:00:00.000000,2024-01-22 00:00:00.000000,departamento,ARRIENDO,agency
TT-2024-01-002951,toctoc,Maipú,Metropolitana,455000.0,CLP,60.9,2023-12-21 00:00:00.000000,2024-01-15 00:00:00.000000,DEPARTAMENTO,arriendo,owner_direct
TT-2024-01-004910,toctoc,Santiago,Metropolitana,635000.0,CLP,57.0,2024-01-20 00:00:00.000000,2024-01-29 00:00:00.000000,DEPARTAMENTO,Arriendo,agency
TT-2024-01-001654,toctoc,Puente Alto,Metropolitana,350000.0,CLP,40.9,2023-12-01 00:00:00.000000,2024-01-08 00:00:00.000000,departamento,arriendo,agency
TT-2024-01-004304,toctoc,Maipú,Metropolitana,20.54,UF,86.1,2024-01-01 00:00:00.000000,2024-01-22 00:00:00.000000,Departamento,arriendo,owner_direct
TT-2024-01-003726,toctoc,Ñuñoa,Metropolitana,12.97,UF,26.1,2023-11-12 00:00:00.000000,2024-01-22 00:00:00.000000,Departamento,ARRIENDO,owner_direct
TT-2024-01-001927,toctoc,La Florida,Metropolitana,435000.0,CLP,41.1,2023-12-11 00:00:00.000000,2024-01-08 00:00:00.000000,Departamento,ARRIENDO,
TT-2024-01-003260,toctoc,Las Condes,Metropolitana,1045000.0,CLP,58.2,2023-11-22 00:00:00.000000,2024-01-15 00:00:00.000000,departamento,ARRIENDO,agency
TT-2024-01-005273,toctoc,Puente Alto,Metropolitana,390000.0,CLP,44.2,2023-12-10 00:00:00.000000,2024-01-29 00:00:00.000000,departamento,Arriendo,agency
TT-2024-01-005197,toctoc,MACUL,Metropolitana,15.0,UF,52.6,2023-12-31 00:00:00.000000,2024-01-29 00:00:00.000000,departamento,arriendo,owner_direct
TT-2024-01-003765,toctoc,Maipú,Metropolitana,310000.0,CLP,29.4,2024-01-12 00:00:00.000000,2024-01-22 00:00:00.000000,departamento,ARRIENDO,
TT-2024-01-003792,toctoc,Maipú,Metropolitana,445000.0,CLP,37.3,2023-12-30 00:00:00.000000,2024-01-22 00:00:00.000000,departamento,arriendo,agency
TT-2024-01-005331,toctoc,La Cisterna,Metropolitana,17.97,UF,64.1,2024-01-07 00:00:00.000000,2024-01-29 00:00:00.000000,Departamento,ARRIENDO,agency
TT-2024-01-001733,toctoc,Maipú,Metropolitana,16.08,UF,73.9,2023-12-28 00:00:00.000000,2024-01-08 00:00:00.000000,DEPARTAMENTO,arriendo,owner_direct
TT-2024-01-000849,toctoc,Providencia,Metropolitana,950000.0,CLP,45.0,2023-12-11 00:00:00.000000,2024-01-01 00:00:00.000000,DEPARTAMENTO,arriendo,owner_direct
TT-2024-01-001303,toctoc,La Florida,Metropolitana,700000.0,CLP,79.0,2023-11-26 00:00:00.000000,2024-01-08 00:00:00.000000,DEPARTAMENTO,ARRIENDO,agency
TT-2024-01-001227,toctoc,Maipú,Metropolitana,18.11,UF,101.3,2023-12-06 00:00:00.000000,2024-01-08 00:00:00.000000,departamento,ARRIENDO,agency
TT-2024-01-000490,toctoc,Estación Central,Metropolitana,10.0,UF,37.7,2023-09-08 00:00:00.000000,2024-01-01 00:00:00.000000,Departamento,arriendo,owner_direct
TT-2024-01-003088,toctoc,Maipú,Metropolitana,9.19,UF,1.0,2023-12-21 00:00:00.000000,2024-01-15 00:00:00.000000,departamento,arriendo,owner_direct
TT-2024-01-004357,toctoc,Ñuñoa,Metropolitana,645000.0,CLP,51.2,2023-12-23 00:00:00.000000,2024-01-29 00:00:00.000000,departamento,arriendo,agency
TT-2024-01-004236,toctoc,Lo Barnechea,Metropolitana,1440000.0,CLP,112.2,2023-11-08 00:00:00.000000,2024-01-22 00:00:00.000000,departamento,arriendo,owner_direct
TT-2024-01-003294,toctoc,Ñuñoa,Metropolitana,19.05,UF,43.0,2024-01-17 00:00:00.000000,2024-01-22 00:00:00.000000,Departamento,ARRIENDO,owner_direct
TT-2024-01-002467,toctoc,Estación Central,Metropolitana,620000.0,CLP,88.0,2024-01-04 00:00:00.000000,2024-01-15 00:00:00.000000,Departamento,Arriendo,owner_direct
TT-2024-01-005296,toctoc,San Miguel,Metropolitana,14.46,UF,51.3,2024-01-21 00:00:00.000000,2024-01-29 00:00:00.000000,Departamento,ARRIENDO,agency
TT-2024-01-001606,toctoc,Providencia,Metropolitana,1245000.0,CLP,55.8,2023-08-19 00:00:00.000000,2024-01-08 00:00:00.000000,Departamento,arriendo,agency
TT-2024-01-000737,toctoc,Quilicura,Metropolitana,20.68,UF,91.8,2023-11-24 00:00:00.000000,2024-01-01 00:00:00.000000,departamento,arriendo,owner_direct
TT-2024-01-003995,toctoc,Santiago,Metropolitana,510000.0,CLP,34.2,2023-12-24 00:00:00.000000,2024-01-22 00:00:00.000000,departamento,arriendo,agency
TT-2024-01-002326,toctoc,la florida,Metropolitana,14.32,UF,47.5,2023-12-15 00:00:00.000000,2024-01-08 00:00:00.000000,Departamento,ARRIENDO,owner_direct
TT-2024-01-003978,toctoc,Santiago,Metropolitana,16.08,UF,45.6,2023-12-24 00:00:00.000000,2024-01-22 00:00:00.000000,DEPARTAMENTO,arriendo,
TT-2024-01-000738,toctoc,Ñuñoa,Metropolitana,690000.0,CLP,45.2,2023-11-15 00:00:00.000000,2024-01-01 00:00:00.000000,departamento,arriendo,
TT-2024-01-005288,toctoc,Macul,Metropolitana,15.27,UF,47.8,2023-12-23 00:00:00.000000,2024-01-29 00:00:00.000000,DEPARTAMENTO,Arriendo,agency
TT-2024-01-003031,toctoc,San Miguel,Metropolitana,20.81,UF,73.3,2024-01-14 00:00:00.000000,2024-01-15 00:00:00.000000,DEPARTAMENTO,ARRIENDO,agency
TT-2024-01-002686,toctoc,Conchalí,Metropolitana,15.14,UF,74.3,2023-12-30 00:00:00.000000,2024-01-15 00:00:00.000000,departamento,Arriendo,agency
TT-2024-01-004129,toctoc,Recoleta,Metropolitana,510000.0,CLP,39.6,2024-01-02 00:00:00.000000,2024-01-22 00:00:00.000000,DEPARTAMENTO,ARRIENDO,owner_direct
TT-2024-01-001106,toctoc,Estación Central,Metropolitana,14.05,UF,60.0,2023-12-10 00:00:00.000000,2024-01-01 00:00:00.000000,DEPARTAMENTO,ARRIENDO,agency
TT-2024-01-002032,toctoc,Peñalolén,Metropolitana,570000.0,CLP,50.3,2023-12-30 00:00:00.000000,2024-01-08 00:00:00.000000,DEPARTAMENTO,ARRIENDO,owner_direct
TT-2024-01-001253,toctoc,La Florida,Metropolitana,490000.0,CLP,41.2,2023-12-19 00:00:00.000000,2024-01-08 00:00:00.000000,Departamento,ARRIENDO,agency
TT-2024-01-003370,toctoc,Estación Central,Metropolitana,13.38,UF,50.3,2024-01-09 00:00:00.000000,2024-01-22 00:00:00.000000,Departamento,Arriendo,agency
TT-2024-01-002862,toctoc,Independencia,Metropolitana,14.05,UF,47.6,2023-12-10 00:00:00.000000,2024-01-15 00:00:00.000000,DEPARTAMENTO,ARRIENDO,owner_direct
TT-2024-01-003680,toctoc,Puente Alto,Metropolitana,455000.0,CLP,54.4,2024-01-14 00:00:00.000000,2024-01-22 00:00:00.000000,DEPARTAMENTO,Arriendo,owner_direct
TT-2024-01-004580,toctoc,Santiago,Metropolitana,545000.0,CLP,33.8,2024-01-05 00:00:00.000000,2024-01-29 00:00:00.000000,DEPARTAMENTO,Arriendo,owner_direct
TT-2024-01-002386,toctoc,Providencia,Metropolitana,23.92,UF,33.4,2023-11-22 00:00:00.000000,2024-01-15 00:00:00.000000,departamento,arriendo,owner_direct
TT-2024-01-004128,toctoc,San Miguel,Metropolitana,29.59,UF,89.5,2023-12-03 00:00:00.000000,2024-01-22 00:00:00.000000,departamento,arriendo,agency
TT-2024-01-001226,toctoc,Estación Central,Metropolitana,400000.0,CLP,36.4,2023-12-03 00:00:00.000000,2024-01-08 00:00:00.000000,DEPARTAMENTO,ARRIENDO,agency
TT-2024-01-003595,toctoc,Quinta Normal,Metropolitana,14.59,UF,58.7,2023-12-24 00:00:00.000000,2024-01-22 00:00:00.000000,departamento,Arriendo,agency
TT-2024-01-004377,toctoc,Quinta Normal,Metropolitana,415000.0,CLP,30.1,2023-12-21 00:00:00.000000,2024-01-29 00:00:00.000000,departamento,arriendo,agency
TT-2024-01-004208,toctoc,La Cisterna,Metropolitana,13.65,UF,55.3,2023-12-20 00:00:00.000000,2024-01-22 00:00:00.000000,Departamento,arriendo,agency
TT-2024-01-000848,toctoc,Las Condes,Metropolitana,19.46,UF,30.0,2023-12-15 00:00:00.000000,2024-01-01 00:00:00.000000,DEPARTAMENTO,Arriendo,agency
TT-2024-01-000217,toctoc,Estación Central,Metropolitana,420000.0,CLP,26.0,2023-07-24 00:00:00.000000,2024-01-01 00:00:00.000000,departamento,Arriendo,owner_direct
TT-2024-01-000403,toctoc,Maipú,Metropolitana,520000.0,CLP,67.9,2023-12-12 00:00:00.000000,2024-01-01 00:00:00.000000,DEPARTAMENTO,ARRIENDO,owner_direct
TT-2024-01-000751,toctoc,La Florida,Metropolitana,565000.0,CLP,50.8,2023-11-11 00:00:00.000000,2024-01-01 00:00:00.000000,DEPARTAMENTO,ARRIENDO,agency
TT-2024-01-000841,toctoc,Santiago,Metropolitana,25.81,UF,108.8,2023-11-21 00:00:00.000000,2024-01-01 00:00:00.000000,departamento,arriendo,agency
TT-2024-01-000615,toctoc,Santiago,Metropolitana,710000.0,CLP,65.9,2023-12-08 00:00:00.000000,2024-01-01 00:00:00.000000,departamento,arriendo,agency
TT-2024-01-003967,toctoc,San Miguel,Metropolitana,625000.0,CLP,67.3,2024-01-02 00:00:00.000000,2024-01-22 00:00:00.000000,DEPARTAMENTO,ARRIENDO,owner_direct
TT-2024-01-003574,toctoc,ñuñoa,Metropolitana,835000.0,CLP,58.0,2023-10-29 00:00:00.000000,2024-01-22 00:00:00.000000,Departamento,arriendo,agency
TT-2024-01-005099,toctoc,La Florida,Metropolitana,24.05,UF,118.5,2024-01-15 00:00:00.000000,2024-01-29 00:00:00.000000,Departamento,Arriendo,agency
TT-2024-01-002663,toctoc,Renca,Metropolitana,15.41,UF,65.9,2024-01-05 00:00:00.000000,2024-01-15 00:00:00.000000,departamento,ARRIENDO,agency
TT-2024-01-004046,toctoc,Vitacura,Metropolitana,995000.0,CLP,39.5,2024-01-10 00:00:00.000000,2024-01-22 00:00:00.000000,Departamento,ARRIENDO,owner_direct
TT-2024-01-004201,toctoc,La Florida,Metropolitana,460000.0,CLP,40.6,2023-12-31 00:00:00.000000,2024-01-22 00:00:00.000000,departamento,ARRIENDO,agency
TT-2024-01-000536,toctoc,San Joaquín,Metropolitana,440000.0,CLP,36.4,2023-12-20 00:00:00.000000,2024-01-01 00:00:00.000000,DEPARTAMENTO,ARRIENDO,agency
TT-2024-01-001616,toctoc,Providencia,Metropolitana,710000.0,CLP,27.9,2023-12-21 00:00:00.000000,2024-01-08 00:00:00.000000,departamento,arriendo,owner_direct
TT-2024-01-002166,toctoc,Peñalolén ,Metropolitana,525000.0,CLP,37.9,2023-12-08 00:00:00.000000,2024-01-08 00:00:00.000000,Departamento,ARRIENDO,agency
TT-2024-01-000180,toctoc,San Joaquín,Metropolitana,11.35,UF,56.8,2023-12-12 00:00:00.000000,2024-01-01 00:00:00.000000,departamento,ARRIENDO,
TT-2024-01-004132,toctoc,Santiago,Metropolitana,16.49,UF,65.2,2023-12-03 00:00:00.000000,2024-01-22 00:00:00.000000,departamento,arriendo,agency
TT-2024-01-005142,toctoc,Santiago,Metropolitana,1590000.0,CLP,40.0,2024-01-18 00:00:00.000000,2024-01-29 00:00:00.000000,DEPARTAMENTO,ARRIENDO,agency
TT-2024-01-004817,toctoc,Macul,Metropolitana,710000.0,CLP,50.3,2024-01-07 00:00:00.000000,2024-01-29 00:00:00.000000,Departamento,ARRIENDO,agency
TT-2024-01-002929,toctoc,Providencia,Metropolitana,24.59,UF,41.6,2024-01-04 00:00:00.000000,2024-01-15 00:00:00.000000,departamento,Arriendo,owner_direct
TT-2024-01-001843,toctoc,Quinta Normal,Metropolitana,585000.0,CLP,73.7,2023-12-11 00:00:00.000000,2024-01-08 00:00:00.000000,DEPARTAMENTO,arriendo,agency
TT-2024-01-001629,toctoc,Lo Barnechea,Metropolitana,18.51,UF,33.3,2023-10-29 00:00:00.000000,2024-01-08 00:00:00.000000,departamento,Arriendo,agency
TT-2024-01-002676,toctoc,Las Condes,Metropolitana,1005000.0,CLP,47.6,2023-11-15 00:00:00.000000,2024-01-15 00:00:00.000000,DEPARTAMENTO,Arriendo,agency
TT-2024-01-005047,toctoc,Las Condes,Metropolitana,11405000.0,CLP,1200.0,2024-01-06 00:00:00.000000,2024-01-29 00:00:00.000000,departamento,Arriendo,agency
TT-2024-01-004818,toctoc,Maipú,Metropolitana,620000.0,CLP,63.4,2023-12-12 00:00:00.000000,2024-01-29 00:00:00.000000,departamento,ARRIENDO,agency
TT-2024-01-003228,toctoc,Santiago,Metropolitana,14.05,UF,46.1,2023-12-29 00:00:00.000000,2024-01-15 00:00:00.000000,DEPARTAMENTO,ARRIENDO,owner_direct
TT-2024-01-001712,toctoc,Conchalí,Metropolitana,405000.0,CLP,37.4,2024-01-01 00:00:00.000000,2024-01-08 00:00:00.000000,departamento,Arriendo,agency
TT-2024-01-002094,toctoc,San Miguel,Metropolitana,14.32,UF,42.1,2023-12-24 00:00:00.000000,2024-01-08 00:00:00.000000,DEPARTAMENTO,Arriendo,owner_direct
TT-2024-01-001641,toctoc,Lo Barnechea,Metropolitana,770000.0,CLP,38.7,2024-01-01 00:00:00.000000,2024-01-08 00:00:00.000000,Departamento,ARRIENDO,agency
TT-2024-01-001837,toctoc,San Miguel,Metropolitana,500000.0,CLP,41.4,2023-12-12 00:00:00.000000,2024-01-08 00:00:00.000000,departamento,ARRIENDO,owner_direct
TT-2024-01-002320,toctoc,Lo Barnechea,Metropolitana,585000.0,CLP,31.7,2023-12-12 00:00:00.000000,2024-01-08 00:00:00.000000,Departamento,arriendo,owner_direct
TT-2024-01-002321,toctoc,Peñalolén,Metropolitana,580000.0,CLP,45.8,2023-12-27 00:00:00.000000,2024-01-08 00:00:00.000000,departamento,ARRIENDO,agency
TT-2024-01-005294,toctoc,Puente Alto,Metropolitana,11.76,UF,46.2,2024-01-03 00:00:00.000000,2024-01-29 00:00:00.000000,DEPARTAMENTO,Arriendo,agency
TT-2024-01-004812,toctoc,independencia,Metropolitana,14.05,UF,62.4,2024-01-20 00:00:00.000000,2024-01-29 00:00:00.000000,departamento,arriendo,agency
TT-2024-01-000730,toctoc,Pudahuel,Metropolitana,645000.0,CLP,64.0,2023-11-21 00:00:00.000000,2024-01-01 00:00:00.000000,DEPARTAMENTO,ARRIENDO,agency
TT-2024-01-002916,toctoc,San Joaquín,Metropolitana,11.08,UF,28.8,2024-01-03 00:00:00.000000,2024-01-15 00:00:00.000000,DEPARTAMENTO,ARRIENDO,agency
TT-2024-01-004689,toctoc,Santiago,Metropolitana,665000.0,CLP,48.7,2024-01-13 00:00:00.000000,2024-01-29 00:00:00.000000,Departamento,ARRIENDO,agency
TT-2024-01-002901,toctoc,Ñuñoa,Metropolitana,20.27,UF,55.1,2024-01-04 00:00:00.000000,2024-01-15 00:00:00.000000,Departamento,arriendo,owner_direct
TT-2024-01-002549,toctoc,Macul,Metropolitana,11.49,UF,27.5,2023-11-14 00:00:00.000000,2024-01-15 00:00:00.000000,Departamento,arriendo,owner_direct
TT-2024-01-000130,toctoc,Ñuñoa,Metropolitana,16.22,UF,46.8,2023-12-09 00:00:00.000000,2024-01-01 00:00:00.000000,DEPARTAMENTO,ARRIENDO,owner_direct
TT-2024-01-004507,toctoc,Estación Central,Metropolitana,16.35,UF,70.2,2023-12-31 00:00:00.000000,2024-01-29 00:00:00.000000,DEPARTAMENTO,ARRIENDO,owner_direct
TT-2024-01-005118,toctoc,Las Condes,Metropolitana,1355000.0,CLP,86.7,2023-12-05 00:00:00.000000,2024-01-29 00:00:00.000000,DEPARTAMENTO,Arriendo,agency
TT-2024-01-000455,toctoc,Las Condes,Metropolitana,37.57,UF,71.2,2023-10-18 00:00:00.000000,2024-01-01 00:00:00.000000,departamento,ARRIENDO,owner_direct
TT-2024-01-003890,toctoc,Santiago,Metropolitana,18.65,UF,44.6,2024-01-06 00:00:00.000000,2024-01-22 00:00:00.000000,DEPARTAMENTO,ARRIENDO,owner_direct
TT-2024-01-002512,toctoc,Santiago,Metropolitana,610000.0,CLP,60.0,2023-12-31 00:00:00.000000,2024-01-15 00:00:00.000000,Departamento,Arriendo,agency
TT-2024-01-002937,toctoc,Macul,Metropolitana,13.92,UF,43.2,2023-12-21 00:00:00.000000,2024-01-15 00:00:00.000000,DEPARTAMENTO,Arriendo,owner_direct
TT-2024-01-000026,toctoc,Estación Central,Metropolitana,410000.0,CLP,39.2,2023-12-06 00:00:00.000000,2024-01-01 00:00:00.000000,Departamento,Arriendo,agency
TT-2024-01-003968,toctoc,Recoleta,Metropolitana,17.57,UF,78.8,2023-10-14 00:00:00.000000,2024-01-22 00:00:00.000000,DEPARTAMENTO,Arriendo,owner_direct
TT-2024-01-004420,toctoc,Estación Central,Metropolitana,500000.0,CLP,53.6,2023-12-30 00:00:00.000000,2024-01-29 00:00:00.000000,Departamento,ARRIENDO,owner_direct
TT-2024-01-004903,toctoc,Las Condes,Metropolitana,23.11,UF,37.9,2024-01-06 00:00:00.000000,2024-01-29 00:00:00.000000,DEPARTAMENTO,arriendo,owner_direct
TT-2024-01-002675,toctoc,San Miguel,Metropolitana,16.89,UF,53.2,2023-12-08 00:00:00.000000,2024-01-15 00:00:00.000000,DEPARTAMENTO,Arriendo,agency
TT-2024-01-003213,toctoc,Santiago,Metropolitana,670000.0,CLP,54.5,2023-11-19 00:00:00.000000,2024-01-15 00:00:00.000000,departamento,Arriendo,owner_direct
TT-2024-01-005178,toctoc,Huechuraba,Metropolitana,15.0,UF,52.8,2023-12-28 00:00:00.000000,2024-01-29 00:00:00.000000,DEPARTAMENTO,ARRIENDO,owner_direct
TT-2024-01-003904,toctoc,Recoleta,Metropolitana,505000.0,CLP,54.3,2024-01-13 00:00:00.000000,2024-01-22 00:00:00.000000,Departamento,Arriendo,owner_direct
TT-2024-01-003259,toctoc,Ñuñoa,Metropolitana,16.62,UF,71.4,2023-12-10 00:00:00.000000,2024-01-15 00:00:00.000000,DEPARTAMENTO,Arriendo,agency
