id,fuente,comuna,region,precio_clp,precio_uf,superficie_total_m2,fecha_publicacion,fecha_scraping,tipo_propiedad,tipo_operacion,contact_type
PI-2023-03-000287,portalinmobiliario,Ñuñoa,Metropolitana,680000,19.43,41.0,2023-02-08 00:00:00.000000,2023-03-01 00:00:00.000000,Departamento,ARRIENDO,owner_direct
PI-2023-03-004674,portalinmobiliario,La Florida,Metropolitana,675000,19.29,65.3,2023-03-16 00:00:00.000000,2023-03-29 00:00:00.000000,DEPARTAMENTO,arriendo,agency
PI-2023-03-001153,portalinmobiliario,Ñuñoa,Metropolitana,575000,16.43,43.4,2023-01-27 00:00:00.000000,2023-03-08 00:00:00.000000,departamento,arriendo,owner_direct
PI-2023-03-001825,portalinmobiliario,La Florida,Metropolitana,805000,23.0,102.2,2023-02-12 00:00:00.000000,2023-03-08 00:00:00.000000,departamento,arriendo,agency
PI-2023-03-000930,portalinmobiliario,Peñalolén,Metropolitana,490000,14.0,49.4,2023-01-31 00:00:00.000000,2023-03-01 00:00:00.000000,Departamento,arriendo,agency
PI-2023-03-002057,portalinmobiliario,Ñuñoa,Metropolitana,510000,14.57,28.2,2023-02-28 00:00:00.000000,2023-03-15 00:00:00.000000,Departamento,ARRIENDO,owner_direct
PI-2023-03-004125,portalinmobiliario,La Florida,Metropolitana,740000,21.14,78.4,2023-02-11 00:00:00.000000,2023-03-29 00:00:00.000000,Departamento,arriendo,agency
PI-2023-03-001757,portalinmobiliario,Maipú,Metropolitana,935000,26.71,135.6,2023-02-07 00:00:00.000000,2023-03-08 00:00:00.000000,departamento,arriendo,agency
PI-2023-03-002784,portalinmobiliario,La Cisterna,Metropolitana,670000,19.14,73.1,2023-02-26 00:00:00.000000,2023-03-15 00:00:00.000000,Departamento,ARRIENDO,owner_direct
PI-2023-03-002310,portalinmobiliario,Peñalolén,Metropolitana,515000,14.71,36.2,2023-02-17 00:00:00.000000,2023-03-15 00:00:00.000000,departamento,arriendo,agency
PI-2023-03-004025,portalinmobiliario,Santiago,Metropolitana,595000,17.0,50.7,2023-02-18 00:00:00.000000,2023-03-22 00:00:00.000000,Departamento,ARRIENDO,agency
PI-2023-03-003286,portalinmobiliario,Maipú,Metropolitana,495000,14.14,45.4,2023-02-17 00:00:00.000000,2023-03-22 00:00:00.000000,DEPARTAMENTO,arriendo,owner_direct
PI-2023-03-002497,portalinmobiliario,Estación Central,Metropolitana,550000,15.71,51.9,2023-02-05 00:00:00.000000,2023-03-15 00:00:00.000000,departamento,ARRIENDO,owner_direct
PI-2023-03-002192,portalinmobiliario,Providencia,Metropolitana,905000,25.86,52.1,2023-03-07 00:00:00.000000,2023-03-15 00:00:00.000000,DEPARTAMENTO,ARRIENDO,agency
PI-2023-03-000790,portalinmobiliario,Quilicura,Metropolitana,430000,12.29,33.9,2022-12-24 00:00:00.000000,2023-03-01 00:00:00.000000,DEPARTAMENTO,ARRIENDO,owner_direct
PI-2023-03-002015,portalinmobiliario,Macul,Metropolitana,750000,21.43,86.0,2023-02-22 00:00:00.000000,2023-03-15 00:00:00.000000,Departamento,ARRIENDO,owner_direct
PI-2023-03-003052,portalinmobiliario,Estación Central,Metropolitana,350000,10.0,24.7,2023-03-11 00:00:00.000000,2023-03-22 00:00:00.000000,departamento,Arriendo,agency
PI-2023-03-003399,portalinmobiliario,Lo Barnechea,Metropolitana,940000,26.86,61.6,2023-03-07 00:00:00.000000,2023-03-22 00:00:00.000000,DEPARTAMENTO,ARRIENDO,agency
PI-2023-03-003670,portalinmobiliario,Santiago,Metropolitana,570000,16.29,46.2,2023-02-10 00:00:00.000000,2023-03-22 00:00:00.000000,DEPARTAMENTO,arriendo,agency
PI-2023-03-000120,portalinmobiliario,Macul,Metropolitana,595000,17.0,48.2,2023-02-16 00:00:00.000000,2023-03-01 00:00:00.000000,Departamento,Arriendo,agency
PI-2023-03-002640,portalinmobiliario,Estación Central,Metropolitana,430000,12.29,35.5,2023-02-16 00:00:00.000000,2023-03-15 00:00:00.000000,departamento,ARRIENDO,owner_direct
PI-2023-03-003149,portalinmobiliario,Estación Central,Metropolitana,785000,22.43,94.0,2023-03-01 00:00:00.000000,2023-03-22 00:00:00.000000,Departamento,ARRIENDO,owner_direct
PI-2023-03-001212,portalinmobiliario,Ñuñoa,Metropolitana,525000,15.0,32.5,2023-02-24 00:00:00.000000,2023-03-08 00:00:00.000000,departamento,ARRIENDO,owner_direct
PI-2023-03-002179,portalinmobiliario,San Miguel,Metropolitana,640000,18.29,57.6,2023-01-31 00:00:00.000000,2023-03-15 00:00:00.000000,departamento,Arriendo,owner_direct
PI-2023-03-003268,portalinmobiliario,Providencia,Metropolitana,1000000,28.57,58.4,2023-01-20 00:00:00.000000,2023-03-22 00:00:00.000000,departamento,ARRIENDO,agency
PI-2023-03-002554,portalinmobiliario,Independencia ,Metropolitana,490000,14.0,32.5,2023-03-04 00:00:00.000000,2023-03-15 00:00:00.000000,departamento,arriendo,agency
PI-2023-03-002849,portalinmobiliario,Conchalí,Metropolitana,580000,16.57,67.4,2023-02-28 00:00:00.000000,2023-03-15 00:00:00.000000,departamento,Arriendo,agency
PI-2023-03-001728,portalinmobiliario,Independencia,Metropolitana,595000,17.0,65.6,2023-02-19 00:00:00.000000,2023-03-08 00:00:00.000000,departamento,Arriendo,agency
PI-2023-03-004333,portalinmobiliario,Ñuñoa,Metropolitana,6560000,187.43,45.9,2023-03-07 00:00:00.000000,2023-03-29 00:00:00.000000,departamento,ARRIENDO,agency
PI-2023-03-002654,portalinmobiliario,Ñuñoa,Metropolitana,585000,16.71,39.6,2023-03-04 00:00:00.000000,2023-03-15 00:00:00.000000,departamento,arriendo,agency
PI-2023-03-003556,portalinmobiliario,Estación Central,Metropolitana,400000,11.43,42.3,2023-03-05 00:00:00.000000,2023-03-22 00:00:00.000000,DEPARTAMENTO,Arriendo,agency
PI-2023-03-001445,portalinmobiliario,La Cisterna,Metropolitana,555000,15.86,54.6,2023-02-16 00:00:00.000000,2023-03-08 00:00:00.000000,departamento,ARRIENDO,owner_direct
PI-2023-03-002469,portalinmobiliario,Ñuñoa,Metropolitana,685000,19.57,43.8,2022-11-27 00:00:00.000000,2023-03-15 00:00:00.000000,DEPARTAMENTO,Arriendo,owner_direct
PI-2023-03-002630,portalinmobiliario,Macul,Metropolitana,645000,18.43,53.4,2023-01-29 00:00:00.000000,2023-03-15 00:00:00.000000,departamento,ARRIENDO,agency
PI-2023-03-000619,portalinmobiliario,La Florida,Metropolitana,400000,11.43,24.4,2022-10-29 00:00:00.000000,2023-03-01 00:00:00.000000,Departamento,ARRIENDO,agency
PI-2023-03-005111,portalinmobiliario,Santiago,Metropolitana,525000,15.0,38.9,2023-03-12 00:00:00.000000,2023-03-29 00:00:00.000000,Departamento,arriendo,agency
PI-2023-03-000279,portalinmobiliario,Cerrillos,Metropolitana,510000,14.57,50.5,2023-02-23 00:00:00.000000,2023-03-01 00:00:00.000000,DEPARTAMENTO,ARRIENDO,agency
PI-2023-03-002969,portalinmobiliario,Macul,Metropolitana,625000,17.86,51.8,2023-03-08 00:00:00.000000,2023-03-22 00:00:00.000000,Departamento,arriendo,agency
PI-2023-03-000464,portalinmobiliario,Puente Alto,Metropolitana,440000,12.57,48.4,2023-02-07 00:00:00.000000,2023-03-01 00:00:00.000000,Departamento,Arriendo,agency
PI-2023-03-004626,portalinmobiliario,Las Condes,Metropolitana,865000,24.71,44.4,2023-03-11 00:00:00.000000,2023-03-29 00:00:00.000000,departamento,arriendo,agency
PI-2023-03-003835,portalinmobiliario,Providencia,Metropolitana,1015000,29.0,48.8,2023-02-15 00:00:00.000000,2023-03-22 00:00:00.000000,Departamento,Arriendo,owner_direct
PI-2023-03-002535,portalinmobiliario,Las Condes,Metropolitana,750000,21.43,34.3,2023-01-31 00:00:00.000000,2023-03-15 00:00:00.000000,Departamento,ARRIENDO,agency
PI-2023-03-001552,portalinmobiliario,Recoleta,Metropolitana,360000,10.29,20.0,2022-07-17 00:00:00.000000,2023-03-08 00:00:00.000000,Departamento,arriendo,owner_direct
PI-2023-03-003510,portalinmobiliario,Vitacura,Metropolitana,1050000,30.0,64.4,2023-02-24 00:00:00.000000,2023-03-22 00:00:00.000000,Departamento,ARRIENDO,agency
PI-2023-03-000547,portalinmobiliario,Macul,Metropolitana,920000,26.29,84.9,2023-02-20 00:00:00.000000,2023-03-01 00:00:00.000000,DEPARTAMENTO,arriendo,agency
PI-2023-03-002572,portalinmobiliario,La Reina,Metropolitana,850000,24.29,64.0,2023-02-10 00:00:00.000000,2023-03-15 00:00:00.000000,departamento,ARRIENDO,agency
PI-2023-03-002392,portalinmobiliario,Santiago,Metropolitana,1075000,30.71,113.1,2023-01-26 00:00:00.000000,2023-03-15 00:00:00.000000,Departamento,arriendo,owner_direct
PI-2023-03-002124,portalinmobiliario,Santiago,Metropolitana,530000,15.14,52.4,2023-02-22 00:00:00.000000,2023-03-15 00:00:00.000000,DEPARTAMENTO,Arriendo,agency
PI-2023-03-000610,portalinmobiliario,Independencia,Metropolitana,620000,17.71,75.7,2023-02-26 00:00:00.000000,2023-03-01 00:00:00.000000,DEPARTAMENTO,Arriendo,owner_direct
PI-2023-03-000633,portalinmobiliario,Recoleta,Metropolitana,490000,14.0,46.8,2023-02-12 00:00:00.000000,2023-03-01 00:00:00.000000,Departamento,arriendo,agency
PI-2023-03-004928,portalinmobiliario,Estación Central,Metropolitana,670000,19.14,71.1,2023-03-05 00:00:00.000000,2023-03-29 00:00:00.000000,DEPARTAMENTO,Arriendo,agency
PI-2023-03-002450,portalinmobiliario,MAIPÚ,Metropolitana,450000,12.86,38.7,2023-02-23 00:00:00.000000,2023-03-15 00:00:00.000000,DEPARTAMENTO,arriendo,owner_direct
PI-2023-03-004027,portalinmobiliario,La Florida,Metropolitana,405000,11.57,30.5,2023-03-19 00:00:00.000000,2023-03-22 00:00:00.000000,Departamento,arriendo,agency
PI-2023-03-002792,portalinmobiliario,San Miguel,Metropolitana,805000,23.0,79.0,2023-02-18 00:00:00.000000,2023-03-15 00:00:00.000000,Departamento,ARRIENDO,agency
PI-2023-03-003314,portalinmobiliario,La Florida,Metropolitana,385000,11.0,34.8,2022-10-22 00:00:00.000000,2023-03-22 00:00:00.000000,DEPARTAMENTO,Arriendo,agency
PI-2023-03-005296,portalinmobiliario,Vitacura,Metropolitana,1595000,45.57,78.6,2023-02-05 00:00:00.000000,2023-03-29 00:00:00.000000,DEPARTAMENTO,arriendo,agency
PI-2023-03-001230,portalinmobiliario,Recoleta,Metropolitana,315000,9.0,27.6,2023-02-13 00:00:00.000000,2023-03-08 00:00:00.000000,DEPARTAMENTO,ARRIENDO,owner_direct
PI-2023-03-002715,portalinmobiliario,Providencia,Metropolitana,885000,25.29,51.7,2022-10-04 00:00:00.000000,2023-03-15 00:00:00.000000,Departamento,arriendo,agency
PI-2023-03-002289,portalinmobiliario,Santiago,Metropolitana,650000,18.57,46.7,2023-01-12 00:00:00.000000,2023-03-15 00:00:00.000000,departamento,ARRIENDO,agency
PI-2023-03-003160,portalinmobiliario,quinta normal,Metropolitana,485000,13.86,56.0,2023-02-14 00:00:00.000000,2023-03-22 00:00:00.000000,departamento,arriendo,owner_direct
PI-2023-03-003448,portalinmobiliario,Puente Alto,Metropolitana,385000,11.0,33.1,2023-02-23 00:00:00.000000,2023-03-22 00:00:00.000000,DEPARTAMENTO,Arriendo,agency
PI-2023-03-004534,portalinmobiliario,Las Condes,Metropolitana,940000,26.86,33.6,2023-03-07 00:00:00.000000,2023-03-29 00:00:00.000000,departamento,Arriendo,agency
PI-2023-03-005080,portalinmobiliario,La Florida,Metropolitana,515000,14.71,38.2,2023-02-19 00:00:00.000000,2023-03-29 00:00:00.000000,departamento,Arriendo,agency
PI-2023-03-001612,portalinmobiliario,Macul,Metropolitana,675000,19.29,64.5,2023-02-09 00:00:00.000000,2023-03-08 00:00:00.000000,Departamento,ARRIENDO,agency
PI-2023-03-003931,portalinmobiliario,Huechuraba,Metropolitana,570000,16.29,51.3,2023-02-02 00:00:00.000000,2023-03-22 00:00:00.000000,departamento,ARRIENDO,owner_direct
PI-2023-03-004095,portalinmobiliario,Pudahuel,Metropolitana,625000,17.86,73.4,2023-02-08 00:00:00.000000,2023-03-29 00:00:00.000000,DEPARTAMENTO,arriendo,agency
PI-2023-03-000264,portalinmobiliario,San Miguel,Metropolitana,395000,11.29,31.0,2023-02-19 00:00:00.000000,2023-03-01 00:00:00.000000,Departamento,ARRIENDO,agency
PI-2023-03-002121,portalinmobiliario,Santiago,Metropolitana,425000,12.14,24.3,2023-01-31 00:00:00.000000,2023-03-15 00:00:00.000000,Departamento,arriendo,agency
PI-2023-03-004144,portalinmobiliario,Macul,Metropolitana,675000,19.29,60.9,2023-02-12 00:00:00.000000,2023-03-29 00:00:00.000000,Departamento,ARRIENDO,agency
PI-2023-03-001847,portalinmobiliario,Maipú,Metropolitana,640000,18.29,82.4,2023-02-18 00:00:00.000000,2023-03-08 00:00:00.000000,Departamento,ARRIENDO,agency
PI-2023-03-005292,portalinmobiliario,Estación Central,Metropolitana,765000,21.86,83.8,2023-03-01 00:00:00.000000,2023-03-29 00:00:00.000000,departamento,Arriendo,agency
PI-2023-03-003057,portalinmobiliario,Estación Central,Metropolitana,460000,13.14,42.7,2023-03-21 00:00:00.000000,2023-03-22 00:00:00.000000,DEPARTAMENTO,arriendo,agency
PI-2023-03-002629,portalinmobiliario,San Miguel,Metropolitana,580000,16.57,46.1,2023-01-27 00:00:00.000000,2023-03-15 00:00:00.000000,DEPARTAMENTO,arriendo,owner_direct
PI-2023-03-004118,portalinmobiliario,Las Condes,Metropolitana,1115000,31.86,55.0,2022-10-18 00:00:00.000000,2023-03-29 00:00:00.000000,departamento,Arriendo,agency
PI-2023-03-004464,portalinmobiliario,Huechuraba,Metropolitana,2300000,65.71,90.2,2023-03-15 00:00:00.000000,2023-03-29 00:00:00.000000,departamento,ARRIENDO,agency
PI-2023-03-000167,portalinmobiliario,Estación Central,Metropolitana,560000,16.0,48.9,2023-01-17 00:00:00.000000,2023-03-01 00:00:00.000000,Departamento,Arriendo,agency
PI-2023-03-000211,portalinmobiliario,Puente Alto,Metropolitana,405000,11.57,41.9,2023-02-11 00:00:00.000000,2023-03-01 00:00:00.000000,Departamento,arriendo,agency
PI-2023-03-000990,portalinmobiliario,Santiago,Metropolitana,505000,14.43,34.1,2023-02-22 00:00:00.000000,2023-03-08 00:00:00.000000,departamento,Arriendo,owner_direct
PI-2023-03-002635,portalinmobiliario,Macul,Metropolitana,725000,20.71,79.4,2023-03-10 00:00:00.000000,2023-03-15 00:00:00.000000,DEPARTAMENTO,arriendo,agency
PI-2023-03-003371,portalinmobiliario,Santiago,Metropolitana,495000,14.14,34.5,2023-02-25 00:00:00.000000,2023-03-22 00:00:00.000000,Departamento,ARRIENDO,owner_direct
PI-2023-03-005118,portalinmobiliario,La Reina,Metropolitana,955000,27.29,59.4,2023-03-05 00:00:00.000000,2023-03-29 00:00:00.000000,DEPARTAMENTO,Arriendo,agency
PI-2023-03-001088,portalinmobiliario,Providencia,Metropolitana,10000000,285.71,50.7,2023-02-14 00:00:00.000000,2023-03-08 00:00:00.000000,Departamento,Arriendo,owner_direct
PI-2023-03-002399,portalinmobiliario,Lo Barnechea,Metropolitana,830000,23.71,44.4,2023-02-18 00:00:00.000000,2023-03-15 00:00:00.000000,Departamento,arriendo,owner_direct
PI-2023-03-001435,portalinmobiliario,San Miguel,Metropolitana,470000,13.43,27.9,2023-02-09 00:00:00.000000,2023-03-08 00:00:00.000000,DEPARTAMENTO,Arriendo,owner_direct
PI-2023-03-003584,portalinmobiliario,Santiago,Metropolitana,1145000,32.71,124.1,2023-03-13 00:00:00.000000,2023-03-22 00:00:00.000000,departamento,arriendo,agency
PI-2023-03-002533,portalinmobiliario,Lo Barnechea,Metropolitana,845000,24.14,44.4,2023-02-28 00:00:00.000000,2023-03-15 00:00:00.000000,DEPARTAMENTO,ARRIENDO,agency
PI-2023-03-000136,portalinmobiliario,Providencia,Metropolitana,1285000,36.71,74.1,2023-02-19 00:00:00.000000,2023-03-01 00:00:00.000000,Departamento,ARRIENDO,owner_direct
PI-2023-03-001639,portalinmobiliario,La Reina,Metropolitana,875000,25.0,55.4,2023-02-09 00:00:00.000000,2023-03-08 00:00:00.000000,DEPARTAMENTO,Arriendo,agency
PI-2023-03-002174,portalinmobiliario,Huechuraba,Metropolitana,535000,15.29,32.2,2023-02-14 00:00:00.000000,2023-03-15 00:00:00.000000,Departamento,Arriendo,owner_direct
PI-2023-03-004706,portalinmobiliario,Maipú,Metropolitana,440000,12.57,41.4,2023-02-22 00:00:00.000000,2023-03-29 00:00:00.000000,Departamento,Arriendo,owner_direct
PI-2023-03-001339,portalinmobiliario,Independencia,Metropolitana,775000,22.14,99.8,2023-02-22 00:00:00.000000,2023-03-08 00:00:00.000000,departamento,arriendo,agency
PI-2023-03-003027,portalinmobiliario,Santiago,Metropolitana,460000,13.14,34.4,2023-02-16 00:00:00.000000,2023-03-22 00:00:00.000000,departamento,Arriendo,agency
PI-2023-03-004684,portalinmobiliario,Independencia,Metropolitana,530000,15.14,47.7,2023-03-03 00:00:00.000000,2023-03-29 00:00:00.000000,Departamento,arriendo,agency
PI-2023-03-002363,portalinmobiliario,San Miguel,Metropolitana,865000,24.71,90.0,2023-03-06 00:00:00.000000,2023-03-15 00:00:00.000000,departamento,ARRIENDO,agency
PI-2023-03-002414,portalinmobiliario,Santiago,Metropolitana,420000,12.0,32.3,2023-03-10 00:00:00.000000,2023-03-15 00:00:00.000000,departamento,ARRIENDO,agency
PI-2023-03-003966,portalinmobiliario,Las Condes,Metropolitana,11055000,315.86,48.6,2023-02-24 00:00:00.000000,2023-03-22 00:00:00.000000,DEPARTAMENTO,arriendo,agency
PI-2023-03-001591,portalinmobiliario,San Miguel,Metropolitana,485000,13.86,25.5,2023-02-15 00:00:00.000000,2023-03-08 00:00:00.000000,departamento,arriendo,agency
PI-2023-03-002709,portalinmobiliario,Recoleta,Metropolitana,645000,18.43,87.4,2023-02-26 00:00:00.000000,2023-03-15 00:00:00.000000,departamento,Arriendo,agency
PI-2023-03-002864,portalinmobiliario,Macul,Metropolitana,2425000,69.29,400.0,2023-01-21 00:00:00.000000,2023-03-15 00:00:00.000000,departamento,ARRIENDO,owner_direct
PI-2023-03-001940,portalinmobiliario,Las Condes,Metropolitana,790000,22.57,37.0,2023-02-21 00:00:00.000000,2023-03-15 00:00:00.000000,departamento,arriendo,owner_direct
PI-2023-03-004524,portalinmobiliario,Maipú,Metropolitana,385000,11.0,29.4,2023-03-16 00:00:00.000000,2023-03-29 00:00:00.000000,Departamento,Arriendo,agency
PI-2023-03-003601,portalinmobiliario,San Joaquín,Metropolitana,540000,15.43,51.2,2023-02-18 00:00:00.000000,2023-03-22 00:00:00.000000,Departamento,Arriendo,owner_direct
PI-2023-03-004521,portalinmobiliario,La Reina,Metropolitana,840000,24.0,45.1,2023-03-16 00:00:00.000000,2023-03-29 00:00:00.000000,departamento,Arriendo,agency
PI-2023-03-003852,portalinmobiliario,Ñuñoa,Metropolitana,1205000,34.43,115.3,2022-11-05 00:00:00.000000,2023-03-22 00:00:00.000000,Departamento,ARRIENDO,agency
PI-2023-03-002060,portalinmobiliario,Ñuñoa,Metropolitana,765000,21.86,66.7,2023-02-08 00:00:00.000000,2023-03-15 00:00:00.000000,Departamento,Arriendo,owner_direct
PI-2023-03-000905,portalinmobiliario,Santiago,Metropolitana,665000,19.0,42.6,2023-01-28 00:00:00.000000,2023-03-01 00:00:00.000000,Departamento,ARRIENDO,owner_direct
PI-2023-03-002678,portalinmobiliario,Santiago,Metropolitana,440000,12.57,39.9,2023-02-05 00:00:00.000000,2023-03-15 00:00:00.000000,departamento,arriendo,owner_direct
PI-2023-03-005171,portalinmobiliario,Las Condes,Metropolitana,1020000,29.14,55.0,2023-02-12 00:00:00.000000,2023-03-29 00:00:00.000000,departamento,Arriendo,agency
PI-2023-03-000719,portalinmobiliario,Ñuñoa,Metropolitana,500000,14.29,26.9,2022-09-20 00:00:00.000000,2023-03-01 00:00:00.000000,DEPARTAMENTO,Arriendo,owner_direct
PI-2023-03-004565,portalinmobiliario,Ñuñoa,Metropolitana,570000,16.29,28.1,2023-03-10 00:00:00.000000,2023-03-29 00:00:00.000000,DEPARTAMENTO,Arriendo,agency
PI-2023-03-000494,portalinmobiliario,Huechuraba,Metropolitana,870000,24.86,79.9,2023-01-01 00:00:00.000000,2023-03-01 00:00:00.000000,departamento,Arriendo,agency
PI-2023-03-004963,portalinmobiliario,La Reina,Metropolitana,1725000,49.29,148.3,2023-03-24 00:00:00.000000,2023-03-29 00:00:00.000000,Departamento,arriendo,owner_direct
PI-2023-03-002529,portalinmobiliario,Renca,Metropolitana,360000,10.29,32.4,2023-03-04 00:00:00.000000,2023-03-15 00:00:00.000000,Departamento,ARRIENDO,agency
PI-2023-03-000228,portalinmobiliario,San Miguel,Metropolitana,565000,16.14,50.9,2023-02-24 00:00:00.000000,2023-03-01 00:00:00.000000,Departamento,Arriendo,agency
PI-2023-03-003164,portalinmobiliario,Ñuñoa,Metropolitana,545000,15.57,20.8,2023-03-16 00:00:00.000000,2023-03-22 00:00:00.000000,departamento,arriendo,agency
PI-2023-03-001595,portalinmobiliario,Peñalolén,Metropolitana,700000,20.0,64.0,2023-02-20 00:00:00.000000,2023-03-08 00:00:00.000000,Departamento,Arriendo,agency
PI-2023-03-003870,portalinmobiliario,Las Condes,Metropolitana,1505000,43.0,93.5,2023-02-22 00:00:00.000000,2023-03-22 00:00:00.000000,departamento,ARRIENDO,agency
PI-2023-03-002772,portalinmobiliario,La Florida,Metropolitana,400000,11.43,34.7,2023-03-01 00:00:00.000000,2023-03-15 00:00:00.000000,Departamento,Arriendo,agency
PI-2023-03-004012,portalinmobiliario,Las Condes,Metropolitana,1175000,33.57,66.1,2023-03-04 00:00:00.000000,2023-03-22 00:00:00.000000,departamento,ARRIENDO,owner_direct
PI-2023-03-004516,portalinmobiliario,Estación Central,Metropolitana,480000,13.71,45.0,2023-03-18 00:00:00.000000,2023-03-29 00:00:00.000000,departamento,Arriendo,agency
PI-2023-03-003756,portalinmobiliario,Independencia,Metropolitana,480000,13.71,34.6,2023-03-12 00:00:00.000000,2023-03-22 00:00:00.000000,Departamento,Arriendo,agency
PI-2023-03-002490,portalinmobiliario,San Miguel,Metropolitana,435000,12.43,32.3,2023-02-22 00:00:00.000000,2023-03-15 00:00:00.000000,DEPARTAMENTO,ARRIENDO,owner_direct
PI-2023-03-002595,portalinmobiliario,Maipú,Metropolitana,545000,15.57,76.0,2023-02-10 00:00:00.000000,2023-03-15 00:00:00.000000,Departamento,arriendo,owner_direct
PI-2023-03-001646,portalinmobiliario,Independencia,Metropolitana,625000,17.86,50.7,2023-02-05 00:00:00.000000,2023-03-08 00:00:00.000000,Departamento,Arriendo,agency
PI-2023-03-003215,portalinmobiliario,La Cisterna,Metropolitana,445000,12.71,39.8,2023-02-26 00:00:00.000000,2023-03-22 00:00:00.000000,DEPARTAMENTO,ARRIENDO,owner_direct
PI-2023-03-001763,portalinmobiliario,Ñuñoa,Metropolitana,520000,14.86,25.6,2023-02-20 00:00:00.000000,2023-03-08 00:00:00.000000,departamento,arriendo,agency
PI-2023-03-000331,portalinmobiliario,Conchalí,Metropolitana,425000,12.14,48.5,2023-01-15 00:00:00.000000,2023-03-01 00:00:00.000000,departamento,Arriendo,agency
PI-2023-03-002366,portalinmobiliario,Macul,Metropolitana,1280000,36.57,166.4,2023-03-07 00:00:00.000000,2023-03-15 00:00:00.000000,Departamento,arriendo,agency
PI-2023-03-003379,portalinmobiliario,Providencia,Metropolitana,885000,25.29,43.7,2023-02-11 00:00:00.000000,2023-03-22 00:00:00.000000,departamento,ARRIENDO,agency
PI-2023-03-002202,portalinmobiliario,Puente Alto,Metropolitana,5130000,146.57,999.0,2023-01-28 00:00:00.000000,2023-03-15 00:00:00.000000,Departamento,ARRIENDO,agency
PI-2023-03-001689,portalinmobiliario,Independencia,Metropolitana,550000,15.71,41.6,2023-01-21 00:00:00.000000,2023-03-08 00:00:00.000000,Departamento,arriendo,owner_direct
PI-2023-03-003789,portalinmobiliario,Maipú,Metropolitana,455000,13.0,51.9,2023-02-13 00:00:00.000000,2023-03-22 00:00:00.000000,DEPARTAMENTO,Arriendo,owner_direct
PI-2023-03-002035,portalinmobiliario,La Florida,Metropolitana,435000,12.43,43.9,2023-03-10 00:00:00.000000,2023-03-15 00:00:00.000000,departamento,Arriendo,agency
PI-2023-03-004097,portalinmobiliario,Providencia,Metropolitana,865000,24.71,35.1,2022-12-10 00:00:00.000000,2023-03-29 00:00:00.000000,DEPARTAMENTO,arriendo,agency
PI-2023-03-000044,portalinmobiliario,Quilicura,Metropolitana,470000,13.43,46.9,2023-01-06 00:00:00.000000,2023-03-01 00:00:00.000000,departamento,arriendo,agency
PI-2023-03-003191,portalinmobiliario,Ñuñoa,Metropolitana,740000,21.14,45.7,2023-03-10 00:00:00.000000,2023-03-22 00:00:00.000000,DEPARTAMENTO,ARRIENDO,agency
PI-2023-03-002961,portalinmobiliario,SAN JOAQUÍN,Metropolitana,820000,23.43,84.0,2023-02-19 00:00:00.000000,2023-03-22 00:00:00.000000,departamento,ARRIENDO,owner_direct
PI-2023-03-002579,portalinmobiliario,Estación Central,Metropolitana,585000,16.71,69.2,2023-03-12 00:00:00.000000,2023-03-15 00:00:00.000000,Departamento,Arriendo,owner_direct
PI-2023-03-004904,portalinmobiliario,San Joaquín,Metropolitana,485000,13.86,53.3,2023-02-25 00:00:00.000000,2023-03-29 00:00:00.000000,departamento,Arriendo,owner_direct
PI-2023-03-000897,portalinmobiliario,Macul,Metropolitana,575000,16.43,47.9,2023-02-18 00:00:00.000000,2023-03-01 00:00:00.000000,departamento,ARRIENDO,agency
PI-2023-03-003868,portalinmobiliario,Recoleta,Metropolitana,715000,20.43,80.0,2023-03-06 00:00:00.000000,2023-03-22 00:00:00.000000,DEPARTAMENTO,ARRIENDO,owner_direct
PI-2023-03-003477,portalinmobiliario,Las Condes,Metropolitana,845000,24.14,51.3,2023-03-03 00:00:00.000000,2023-03-22 00:00:00.000000,Departamento,arriendo,agency
PI-2023-03-001045,portalinmobiliario,Conchalí,Metropolitana,290000,8.29,25.8,2023-02-20 00:00:00.000000,2023-03-08 00:00:00.000000,Departamento,ARRIENDO,owner_direct
PI-2023-03-004138,portalinmobiliario,Vitacura,Metropolitana,1000000,28.57,42.9,2023-02-21 00:00:00.000000,2023-03-29 00:00:00.000000,Departamento,arriendo,owner_direct
PI-2023-03-000467,portalinmobiliario, Estación Central,Metropolitana,360000,10.29,24.9,2023-02-17 00:00:00.000000,2023-03-01 00:00:00.000000,departamento,Arriendo,agency
PI-2023-03-002040,portalinmobiliario,Independencia,Metropolitana,710000,20.29,80.7,2023-03-05 00:00:00.000000,2023-03-15 00:00:00.000000,Departamento,Arriendo,agency
PI-2023-03-004868,portalinmobiliario,Santiago,Metropolitana,705000,20.14,44.7,2023-02-19 00:00:00.000000,2023-03-29 00:00:00.000000,Departamento,ARRIENDO,owner_direct
PI-2023-03-004671,portalinmobiliario,Estación Central,Metropolitana,495000,14.14,50.6,2023-03-11 00:00:00.000000,2023-03-29 00:00:00.000000,Departamento,ARRIENDO,owner_direct
PI-2023-03-001375,portalinmobiliario,Santiago,Metropolitana,410000,11.71,26.0,2023-01-31 00:00:00.000000,2023-03-08 00:00:00.000000,DEPARTAMENTO,arriendo,agency
PI-2023-03-000560,portalinmobiliario,Ñuñoa,Metropolitana,1020000,29.14,73.2,2023-02-03 00:00:00.000000,2023-03-01 00:00:00.000000,departamento,Arriendo,agency
PI-2023-03-000093,portalinmobiliario,Las Condes,Metropolitana,960000,27.43,38.3,2023-01-14 00:00:00.000000,2023-03-01 00:00:00.000000,DEPARTAMENTO,arriendo,agency
PI-2023-03-000647,portalinmobiliario,Providencia,Metropolitana,925000,26.43,57.4,2023-01-01 00:00:00.000000,2023-03-01 00:00:00.000000,DEPARTAMENTO,ARRIENDO,owner_direct
PI-2023-03-002288,portalinmobiliario,Providencia,Metropolitana,815000,23.29,45.3,2023-02-16 00:00:00.000000,2023-03-15 00:00:00.000000,DEPARTAMENTO,arriendo,agency
PI-2023-03-002095,portalinmobiliario,Ñuñoa,Metropolitana,730000,20.86,52.8,2023-03-04 00:00:00.000000,2023-03-15 00:00:00.000000,Departamento,Arriendo,agency
PI-2023-03-001002,portalinmobiliario,Santiago,Metropolitana,500000,14.29,42.4,2023-01-28 00:00:00.000000,2023-03-08 00:00:00.000000,departamento,arriendo,agency
PI-2023-03-000412,portalinmobiliario,Santiago,Metropolitana,480000,13.71,21.4,2023-02-18 00:00:00.000000,2023-03-01 00:00:00.000000,DEPARTAMENTO,ARRIENDO,agency
PI-2023-03-002779,portalinmobiliario,Cerrillos,Metropolitana,575000,16.43,59.3,2023-02-25 00:00:00.000000,2023-03-15 00:00:00.000000,Departamento,Arriendo,agency
PI-2023-03-002883,portalinmobiliario,Estación Central,Metropolitana,385000,11.0,38.6,2023-02-25 00:00:00.000000,2023-03-15 00:00:00.000000,departamento,Arriendo,owner_direct
PI-2023-03-005078,portalinmobiliario,La Reina,Metropolitana,1040000,29.71,76.1,2023-01-21 00:00:00.000000,2023-03-29 00:00:00.000000,Departamento,Arriendo,agency
PI-2023-03-004412,portalinmobiliario,Ñuñoa,Metropolitana,755000,21.57,59.3,2023-03-25 00:00:00.000000,2023-03-29 00:00:00.000000,Departamento,ARRIENDO,agency
PI-2023-03-002596,portalinmobiliario, Vitacura,Metropolitana,1035000,29.57,45.8,2023-02-02 00:00:00.000000,2023-03-15 00:00:00.000000,DEPARTAMENTO,ARRIENDO,owner_direct
PI-2023-03-003976,portalinmobiliario,Santiago,Metropolitana,735000,21.0,72.9,2023-01-01 00:00:00.000000,2023-03-22 00:00:00.000000,DEPARTAMENTO,Arriendo,agency
PI-2023-03-002421,portalinmobiliario,Conchalí,Metropolitana,495000,14.14,45.2,2023-02-24 00:00:00.000000,2023-03-15 00:00:00.000000,Departamento,Arriendo,agency
PI-2023-03-000398,portalinmobiliario,Independencia,Metropolitana,890000,25.43,98.5,2023-01-25 00:00:00.000000,2023-03-01 00:00:00.000000,DEPARTAMENTO,ARRIENDO,agency
PI-2023-03-005046,portalinmobiliario,La Reina,Metropolitana,670000,19.14,31.3,2023-03-21 00:00:00.000000,2023-03-29 00:00:00.000000,Departamento,arriendo,agency
PI-2023-03-005244,portalinmobiliario,San Miguel,Metropolitana,550000,15.71,39.4,2023-03-03 00:00:00.000000,2023-03-29 00:00:00.000000,departamento,arriendo,owner_direct
PI-2023-03-003102,portalinmobiliario,Santiago,Metropolitana,635000,18.14,46.8,2023-02-25 00:00:00.000000,2023-03-22 00:00:00.000000,Departamento,arriendo,agency
PI-2023-03-000853,portalinmobiliario,Peñalolén,Metropolitana,550000,15.71,49.6,2023-02-15 00:00:00.000000,2023-03-01 00:00:00.000000,departamento,ARRIENDO,agency
PI-2023-03-000682,portalinmobiliario,Santiago,Metropolitana,795000,22.71,66.9,2023-02-11 00:00:00.000000,2023-03-01 00:00:00.000000,departamento,arriendo,owner_direct
PI-2023-03-005184,portalinmobiliario,Estación Central,Metropolitana,430000,12.29,38.4,2023-03-19 00:00:00.000000,2023-03-29 00:00:00.000000,departamento,Arriendo,owner_direct
PI-2023-03-001464,portalinmobiliario,Quinta Normal,Metropolitana,565000,16.14,49.2,2023-02-19 00:00:00.000000,2023-03-08 00:00:00.000000,DEPARTAMENTO,arriendo,agency
PI-2023-03-004433,portalinmobiliario,Santiago,Metropolitana,550000,15.71,37.0,2023-03-23 00:00:00.000000,2023-03-29 00:00:00.000000,DEPARTAMENTO,arriendo,agency
PI-2023-03-003768,portalinmobiliario,Las Condes,Metropolitana,930000,26.57,35.1,2023-02-23 00:00:00.000000,2023-03-22 00:00:00.000000,Departamento,arriendo,owner_direct
PI-2023-03-002495,portalinmobiliario,Macul,Metropolitana,485000,13.86,38.7,2023-02-26 00:00:00.000000,2023-03-15 00:00:00.000000,DEPARTAMENTO,ARRIENDO,agency
PI-2023-03-002720,portalinmobiliario,Quinta Normal,Metropolitana,635000,18.14,60.9,2023-02-25 00:00:00.000000,2023-03-15 00:00:00.000000,DEPARTAMENTO,Arriendo,owner_direct
PI-2023-03-004261,portalinmobiliario,Providencia,Metropolitana,895000,25.57,52.2,2023-03-18 00:00:00.000000,2023-03-29 00:00:00.000000,Departamento,Arriendo,owner_direct
PI-2023-03-003721,portalinmobiliario,La Florida,Metropolitana,2010000,57.43,68.1,2023-02-27 00:00:00.000000,2023-03-22 00:00:00.000000,departamento,ARRIENDO,agency
PI-2023-03-003381,portalinmobiliario,Ñuñoa ,Metropolitana,590000,16.86,5.0,2023-03-07 00:00:00.000000,2023-03-22 00:00:00.000000,Departamento,ARRIENDO,agency
PI-2023-03-001566,portalinmobiliario,Independencia,Metropolitana,475000,13.57,40.7,2023-02-03 00:00:00.000000,2023-03-08 00:00:00.000000,departamento,Arriendo,agency
PI-2023-03-004053,portalinmobiliario,Huechuraba,Metropolitana,935000,26.71,116.2,2023-01-15 00:00:00.000000,2023-03-22 00:00:00.000000,DEPARTAMENTO,Arriendo,agency
PI-2023-03-002967,portalinmobiliario,Quinta Normal,Metropolitana,420000,12.0,49.7,2023-03-11 00:00:00.000000,2023-03-22 00:00:00.000000,Departamento,ARRIENDO,agency
PI-2023-03-001651,portalinmobiliario,Maipú,Metropolitana,410000,11.71,36.7,2023-01-28 00:00:00.000000,2023-03-08 00:00:00.000000,DEPARTAMENTO,Arriendo,owner_direct
PI-2023-03-004878,portalinmobiliario,Providencia,Metropolitana,1080000,30.86,62.7,2023-03-07 00:00:00.000000,2023-03-29 00:00:00.000000,departamento,Arriendo,owner_direct
PI-2023-03-000053,portalinmobiliario,Estación Central,Metropolitana,510000,14.57,65.0,2023-01-19 00:00:00.000000,2023-03-01 00:00:00.000000,departamento,arriendo,agency
PI-2023-03-003454,portalinmobiliario,Independencia,Metropolitana,425000,12.14,36.7,2023-03-15 00:00:00.000000,2023-03-22 00:00:00.000000,DEPARTAMENTO,ARRIENDO,owner_direct
PI-2023-03-002226,portalinmobiliario,SAN MIGUEL,Metropolitana,900000,25.71,89.4,2023-03-02 00:00:00.000000,2023-03-15 00:00:00.000000,Departamento,arriendo,owner_direct
PI-2023-03-002918,portalinmobiliario,Cerrillos,Metropolitana,700000,20.0,65.2,2023-02-15 00:00:00.000000,2023-03-15 00:00:00.000000,departamento,Arriendo,owner_direct
PI-2023-03-000218,portalinmobiliario,Macul,Metropolitana,960000,27.43,109.8,2023-02-21 00:00:00.000000,2023-03-01 00:00:00.000000,departamento,arriendo,owner_direct
PI-2023-03-004030,portalinmobiliario,Macul,Metropolitana,875000,25.0,114.5,2023-02-10 00:00:00.000000,2023-03-22 00:00:00.000000,departamento,arriendo,owner_direct
PI-2023-03-002932,portalinmobiliario,Santiago,Metropolitana,6250000,178.57,49.5,2023-02-10 00:00:00.000000,2023-03-15 00:00:00.000000,Departamento,arriendo,owner_direct
PI-2023-03-000433,portalinmobiliario,Recoleta,Metropolitana,580000,16.57,61.9,2023-01-23 00:00:00.000000,2023-03-01 00:00:00.000000,departamento,Arriendo,agency
PI-2023-03-004529,portalinmobiliario,Estación Central,Metropolitana,320000,9.14,27.0,2023-02-17 00:00:00.000000,2023-03-29 00:00:00.000000,Departamento,arriendo,agency
PI-2023-03-002105,portalinmobiliario,Las Condes,Metropolitana,840000,24.0,50.4,2023-03-05 00:00:00.000000,2023-03-15 00:00:00.000000,DEPARTAMENTO,arriendo,owner_direct
PI-2023-03-003482,portalinmobiliario,San Joaquín,Metropolitana,565000,16.14,69.2,2023-03-14 00:00:00.000000,2023-03-22 00:00:00.000000,Departamento,Arriendo,owner_direct
PI-2023-03-002496,portalinmobiliario,Macul,Metropolitana,455000,13.0,36.0,2023-01-21 00:00:00.000000,2023-03-15 00:00:00.000000,departamento,arriendo,agency
PI-2023-03-005211,portalinmobiliario,Estación Central,Metropolitana,565000,16.14,74.5,2023-02-25 00:00:00.000000,2023-03-29 00:00:00.000000,Departamento,ARRIENDO,agency
PI-2023-03-001318,portalinmobiliario,La Cisterna,Metropolitana,440000,12.57,42.1,2023-01-23 00:00:00.000000,2023-03-08 00:00:00.000000,Departamento,Arriendo,agency
PI-2023-03-002444,portalinmobiliario,La Florida,Metropolitana,410000,11.71,30.9,2023-01-23 00:00:00.000000,2023-03-15 00:00:00.000000,DEPARTAMENTO,ARRIENDO,owner_direct
PI-2023-03-003495,portalinmobiliario,Quinta Normal,Metropolitana,5150000,147.14,50.7,2023-03-11 00:00:00.000000,2023-03-22 00:00:00.000000,Departamento,Arriendo,agency
PI-2023-03-002008,portalinmobiliario,Peñalolén,Metropolitana,465000,13.29,27.8,2023-01-12 00:00:00.000000,2023-03-15 00:00:00.000000,DEPARTAMENTO,Arriendo,agency
PI-2023-03-001265,portalinmobiliario,Peñalolén,Metropolitana,890000,25.43,85.6,2023-02-14 00:00:00.000000,2023-03-08 00:00:00.000000,departamento,ARRIENDO,agency
PI-2023-03-004269,portalinmobiliario,Santiago,Metropolitana,1515000,43.29,57.8,2023-03-01 00:00:00.000000,2023-03-29 00:00:00.000000,DEPARTAMENTO,arriendo,agency
PI-2023-03-000361,portalinmobiliario,San Miguel,Metropolitana,670000,19.14,73.7,2022-11-30 00:00:00.000000,2023-03-01 00:00:00.000000,Departamento,arriendo,agency
PI-2023-03-003445,portalinmobiliario,Huechuraba,Metropolitana,455000,13.0,37.1,2023-02-23 00:00:00.000000,2023-03-22 00:00:00.000000,DEPARTAMENTO,ARRIENDO,agency
PI-2023-03-002587,portalinmobiliario,Maipú,Metropolitana,495000,14.14,55.2,2023-02-08 00:00:00.000000,2023-03-15 00:00:00.000000,DEPARTAMENTO,Arriendo,owner_direct
PI-2023-03-000469,portalinmobiliario,Conchalí,Metropolitana,800000,22.86,118.9,2023-01-21 00:00:00.000000,2023-03-01 00:00:00.000000,DEPARTAMENTO,ARRIENDO,agency
PI-2023-03-003774,portalinmobiliario,La Reina,Metropolitana,740000,21.14,42.5,2023-02-01 00:00:00.000000,2023-03-22 00:00:00.000000,departamento,arriendo,owner_direct
PI-2023-03-003360,portalinmobiliario,Santiago,Metropolitana,3505000,100.14,400.0,2023-03-01 00:00:00.000000,2023-03-22 00:00:00.000000,Departamento,Arriendo,agency
PI-2023-03-005038,portalinmobiliario,Las Condes,Metropolitana,1255000,35.86,51.6,2023-03-20 00:00:00.000000,2023-03-29 00:00:00.000000,Departamento,Arriendo,agency
PI-2023-03-000771,portalinmobiliario,Cerrillos,Metropolitana,545000,15.57,63.3,2023-02-16 00:00:00.000000,2023-03-01 00:00:00.000000,Departamento,arriendo,agency
PI-2023-03-002295,portalinmobiliario,Independencia,Metropolitana,520000,14.86,58.2,2023-03-10 00:00:00.000000,2023-03-15 00:00:00.000000,DEPARTAMENTO,Arriendo,agency
PI-2023-03-004484,portalinmobiliario,La Cisterna,Metropolitana,450000,12.86,28.5,2023-03-24 00:00:00.000000,2023-03-29 00:00:00.000000,departamento,ARRIENDO,agency
PI-2023-03-004663,portalinmobiliario,Puente Alto ,Metropolitana,385000,11.0,46.9,2023-02-28 00:00:00.000000,2023-03-29 00:00:00.000000,DEPARTAMENTO,Arriendo,owner_direct
PI-2023-03-004716,portalinmobiliario,Providencia,Metropolitana,925000,26.43,52.9,2023-03-01 00:00:00.000000,2023-03-29 00:00:00.000000,DEPARTAMENTO,Arriendo,agency
PI-2023-03-004227,portalinmobiliario,Ñuñoa,Metropolitana,890000,25.43,69.9,2023-02-16 00:00:00.000000,2023-03-29 00:00:00.000000,Departamento,arriendo,agency
PI-2023-03-001126,portalinmobiliario,San Miguel,Metropolitana,1155000,33.0,129.1,2022-10-03 00:00:00.000000,2023-03-08 00:00:00.000000,departamento,arriendo,agency
PI-2023-03-004183,portalinmobiliario,Santiago,Metropolitana,6535000,186.71,43.6,2023-01-04 00:00:00.000000,2023-03-29 00:00:00.000000,DEPARTAMENTO,ARRIENDO,owner_direct
PI-2023-03-000552,portalinmobiliario,Providencia,Metropolitana,850000,24.29,45.3,2022-11-10 00:00:00.000000,2023-03-01 00:00:00.000000,departamento,arriendo,agency
PI-2023-03-000316,portalinmobiliario,Maipú,Metropolitana,340000,9.71,28.8,2023-02-23 00:00:00.000000,2023-03-01 00:00:00.000000,DEPARTAMENTO,ARRIENDO,owner_direct
PI-2023-03-001132,portalinmobiliario,San Joaquín,Metropolitana,390000,11.14,42.7,2023-01-27 00:00:00.000000,2023-03-08 00:00:00.000000,departamento,ARRIENDO,owner_direct
PI-2023-03-000525,portalinmobiliario,La Florida,Metropolitana,590000,16.86,52.6,2023-02-10 00:00:00.000000,2023-03-01 00:00:00.000000,DEPARTAMENTO,Arriendo,agency
PI-2023-03-000145,portalinmobiliario,Santiago,Metropolitana,895000,25.57,87.2,2023-02-07 00:00:00.000000,2023-03-01 00:00:00.000000,DEPARTAMENTO,Arriendo,agency
PI-2023-03-001310,portalinmobiliario,las condes,Metropolitana,970000,27.71,53.1,2023-02-19 00:00:00.000000,2023-03-08 00:00:00.000000,DEPARTAMENTO,Arriendo,owner_direct
PI-2023-03-000817,portalinmobiliario,Providencia,Metropolitana,840000,24.0,34.9,2023-02-12 00:00:00.000000,2023-03-01 00:00:00.000000,departamento,Arriendo,owner_direct
PI-2023-03-000880,portalinmobiliario,Puente Alto,Metropolitana,710000,20.29,79.5,2023-01-31 00:00:00.000000,2023-03-01 00:00:00.000000,departamento,Arriendo,owner_direct
PI-2023-03-000173,portalinmobiliario,San Joaquín,Metropolitana,990000,28.29,119.8,2023-02-12 00:00:00.000000,2023-03-01 00:00:00.000000,DEPARTAMENTO,arriendo,owner_direct
PI-2023-03-000051,portalinmobiliario,Las Condes,Metropolitana,960000,27.43,68.1,2023-01-27 00:00:00.000000,2023-03-01 00:00:00.000000,Departamento,ARRIENDO,agency
PI-2023-03-004701,portalinmobiliario,Lo Barnechea,Metropolitana,1875000,53.57,142.4,2022-12-14 00:00:00.000000,2023-03-29 00:00:00.000000,Departamento,Arriendo,agency
PI-2023-03-004512,portalinmobiliario,Puente Alto,Metropolitana,380000,10.86,35.5,2022-10-20 00:00:00.000000,2023-03-29 00:00:00.000000,departamento,arriendo,agency
PI-2023-03-001746,portalinmobiliario,Santiago,Metropolitana,1080000,30.86,99.0,2023-02-16 00:00:00.000000,2023-03-08 00:00:00.000000,Departamento,Arriendo,agency
PI-2023-03-001217,portalinmobiliario,Las Condes,Metropolitana,1090000,31.14,54.6,2023-01-27 00:00:00.000000,2023-03-08 00:00:00.000000,Departamento,ARRIENDO,agency
PI-2023-03-002522,portalinmobiliario,Santiago,Metropolitana,650000,18.57,59.0,2023-03-08 00:00:00.000000,2023-03-15 00:00:00.000000,DEPARTAMENTO,ARRIENDO,agency
PI-2023-03-000573,portalinmobiliario,Ñuñoa,Metropolitana,850000,24.29,51.8,2023-01-30 00:00:00.000000,2023-03-01 00:00:00.000000,Departamento,ARRIENDO,agency
PI-2023-03-000493,portalinmobiliario,Santiago,Metropolitana,585000,16.71,50.2,2023-02-10 00:00:00.000000,2023-03-01 00:00:00.000000,Departamento,arriendo,agency
PI-2023-03-004530,portalinmobiliario,Peñalolén,Metropolitana,430000,12.29,34.0,2022-07-23 00:00:00.000000,2023-03-29 00:00:00.000000,DEPARTAMENTO,ARRIENDO,agency
PI-2023-03-001559,portalinmobiliario,Peñalolén,Metropolitana,685000,19.57,63.4,2023-02-26 00:00:00.000000,2023-03-08 00:00:00.000000,Departamento,Arriendo,agency
PI-2023-03-003248,portalinmobiliario,Lo Barnechea,Metropolitana,675000,19.29,39.1,2023-02-28 00:00:00.000000,2023-03-22 00:00:00.000000,departamento,Arriendo,owner_direct
PI-2023-03-000170,portalinmobiliario,ñuñoa,Metropolitana,685000,19.57,40.6,2023-02-12 00:00:00.000000,2023-03-01 00:00:00.000000,departamento,Arriendo,owner_direct
PI-2023-03-003736,portalinmobiliario,Santiago,Metropolitana,650000,18.57,55.3,2023-02-17 00:00:00.000000,2023-03-22 00:00:00.000000,DEPARTAMENTO,Arriendo,agency
PI-2023-03-003037,portalinmobiliario,Recoleta,Metropolitana,810000,23.14,95.4,2023-02-27 00:00:00.000000,2023-03-22 00:00:00.000000,departamento,ARRIENDO,agency
PI-2023-03-001102,portalinmobiliario,Estación Central,Metropolitana,390000,11.14,29.1,2023-02-06 00:00:00.000000,2023-03-08 00:00:00.000000,DEPARTAMENTO,ARRIENDO,owner_direct
PI-2023-03-005212,portalinmobiliario,Recoleta,Metropolitana,370000,10.57,33.1,2023-03-17 00:00:00.000000,2023-03-29 00:00:00.000000,Departamento,ARRIENDO,agency
PI-2023-03-005262,portalinmobiliario,Las Condes,Metropolitana,1000000,28.57,69.9,2023-03-14 00:00:00.000000,2023-03-29 00:00:00.000000,departamento,Arriendo,agency
PI-2023-03-001471,portalinmobiliario,Santiago,Metropolitana,570000,16.29,47.0,2023-01-30 00:00:00.000000,2023-03-08 00:00:00.000000,departamento,ARRIENDO,owner_direct
PI-2023-03-001367,portalinmobiliario,Quinta Normal,Metropolitana,630000,18.0,86.7,2023-01-15 00:00:00.000000,2023-03-08 00:00:00.000000,Departamento,arriendo,owner_direct
PI-2023-03-004944,portalinmobiliario,Providencia,Metropolitana,980000,28.0,56.6,2023-03-16 00:00:00.000000,2023-03-29 00:00:00.000000,Departamento,Arriendo,agency
PI-2023-03-001092,portalinmobiliario,Santiago,Metropolitana,720000,20.57,57.5,2022-12-06 00:00:00.000000,2023-03-08 00:00:00.000000,DEPARTAMENTO,ARRIENDO,owner_direct
PI-2023-03-004695,portalinmobiliario,Estación Central,Metropolitana,460000,13.14,45.3,2023-03-07 00:00:00.000000,2023-03-29 00:00:00.000000,DEPARTAMENTO,Arriendo,agency
PI-2023-03-003308,portalinmobiliario,Estación Central,Metropolitana,950000,,101.2,2023-02-23 00:00:00.000000,2023-03-22 00:00:00.000000,DEPARTAMENTO,Arriendo,agency
PI-2023-03-001583,portalinmobiliario,Providencia,Metropolitana,880000,25.14,44.4,2023-02-23 00:00:00.000000,2023-03-08 00:00:00.000000,DEPARTAMENTO,ARRIENDO,agency
PI-2023-03-000438,portalinmobiliario,Puente Alto,Metropolitana,375000,10.71,27.2,2022-12-29 00:00:00.000000,2023-03-01 00:00:00.000000,departamento,arriendo,agency
PI-2023-03-000108,portalinmobiliario,Puente Alto,Metropolitana,450000,12.86,50.5,2023-01-12 00:00:00.000000,2023-03-01 00:00:00.000000,departamento,ARRIENDO,agency
PI-2023-03-001858,portalinmobiliario,Peñalolén,Metropolitana,630000,18.0,45.0,2023-03-07 00:00:00.000000,2023-03-08 00:00:00.000000,Departamento,Arriendo,owner_direct
PI-2023-03-000860,portalinmobiliario,Las Condes,Metropolitana,945000,27.0,42.0,2022-10-08 00:00:00.000000,2023-03-01 00:00:00.000000,Departamento,Arriendo,owner_direct
PI-2023-03-003340,portalinmobiliario,Maipú,Metropolitana,455000,13.0,38.6,2022-12-21 00:00:00.000000,2023-03-22 00:00:00.000000,DEPARTAMENTO,Arriendo,agency
PI-2023-03-001362,portalinmobiliario,San Miguel,Metropolitana,840000,24.0,91.0,2023-01-31 00:00:00.000000,2023-03-08 00:00:00.000000,Departamento,Arriendo,agency
PI-2023-03-004718,portalinmobiliario,ÑUÑOA,Metropolitana,830000,23.71,68.7,2023-03-09 00:00:00.000000,2023-03-29 00:00:00.000000,departamento,arriendo,agency
PI-2023-03-003221,portalinmobiliario,Recoleta,Metropolitana,825000,23.57,106.5,2023-02-13 00:00:00.000000,2023-03-22 00:00:00.000000,Departamento,arriendo,owner_direct
PI-2023-03-004251,portalinmobiliario,Ñuñoa,Metropolitana,545000,15.57,37.2,2023-03-07 00:00:00.000000,2023-03-29 00:00:00.000000,departamento,arriendo,owner_direct
PI-2023-03-002339,portalinmobiliario,Ñuñoa,Metropolitana,960000,27.43,68.2,2023-03-04 00:00:00.000000,2023-03-15 00:00:00.000000,DEPARTAMENTO,Arriendo,owner_direct
PI-2023-03-003400,portalinmobiliario,Puente Alto,Metropolitana,430000,12.29,40.6,2023-03-11 00:00:00.000000,2023-03-22 00:00:00.000000,Departamento,arriendo,agency
PI-2023-03-004463,portalinmobiliario,La Florida,Metropolitana,625000,17.86,41.1,2023-02-17 00:00:00.000000,2023-03-29 00:00:00.000000,DEPARTAMENTO,arriendo,agency
PI-2023-03-003987,portalinmobiliario,Providencia,Metropolitana,805000,23.0,42.3,2023-03-05 00:00:00.000000,2023-03-22 00:00:00.000000,Departamento,arriendo,agency
PI-2023-03-000225,portalinmobiliario,Maipú,Metropolitana,455000,13.0,39.0,2023-02-03 00:00:00.000000,2023-03-01 00:00:00.000000,departamento,ARRIENDO,agency
PI-2023-03-002651,portalinmobiliario,Peñalolén,Metropolitana,540000,15.43,40.6,2023-02-26 00:00:00.000000,2023-03-15 00:00:00.000000,DEPARTAMENTO,Arriendo,agency
PI-2023-03-004142,portalinmobiliario,Peñalolén,Metropolitana,600000,17.14,53.6,2023-03-13 00:00:00.000000,2023-03-29 00:00:00.000000,Departamento,ARRIENDO,agency
PI-2023-03-001518,portalinmobiliario,La Cisterna,Metropolitana,690000,19.71,87.4,2023-02-26 00:00:00.000000,2023-03-08 00:00:00.000000,Departamento,ARRIENDO,owner_direct
PI-2023-03-002833,portalinmobiliario,Puente Alto,Metropolitana,390000,,41.6,2023-02-09 00:00:00.000000,2023-03-15 00:00:00.000000,DEPARTAMENTO,ARRIENDO,owner_direct
PI-2023-03-001677,portalinmobiliario,Maipú,Metropolitana,530000,15.14,44.4,2022-12-29 00:00:00.000000,2023-03-08 00:00:00.000000,DEPARTAMENTO,arriendo,owner_direct
PI-2023-03-004708,portalinmobiliario,Independencia,Metropolitana,715000,20.43,81.0,2023-03-11 00:00:00.000000,2023-03-29 00:00:00.000000,Departamento,ARRIENDO,agency
PI-2023-03-005367,portalinmobiliario,Las Condes,Metropolitana,895000,25.57,43.7,2023-02-14 00:00:00.000000,2023-03-29 00:00:00.000000,Departamento,ARRIENDO,agency
PI-2023-03-000650,portalinmobiliario,Santiago,Metropolitana,755000,21.57,68.0,2023-02-07 00:00:00.000000,2023-03-01 00:00:00.000000,DEPARTAMENTO,arriendo,agency
PI-2023-03-000417,portalinmobiliario,Ñuñoa,Metropolitana,690000,19.71,48.6,2023-02-13 00:00:00.000000,2023-03-01 00:00:00.000000,departamento,ARRIENDO,owner_direct
PI-2023-03-003175,portalinmobiliario,Puente Alto,Metropolitana,445000,12.71,59.4,2023-03-05 00:00:00.000000,2023-03-22 00:00:00.000000,DEPARTAMENTO,ARRIENDO,agency
PI-2023-03-003564,portalinmobiliario,Providencia,Metropolitana,1890000,54.0,32.8,2023-02-14 00:00:00.000000,2023-03-22 00:00:00.000000,departamento,Arriendo,owner_direct
PI-2023-03-005335,portalinmobiliario,Santiago,Metropolitana,695000,19.86,53.4,2023-03-06 00:00:00.000000,2023-03-29 00:00:00.000000,DEPARTAMENTO,ARRIENDO,agency
PI-2023-03-002253,portalinmobiliario,San Miguel,Metropolitana,475000,13.57,32.9,2023-02-11 00:00:00.000000,2023-03-15 00:00:00.000000,departamento,ARRIENDO,owner_direct
PI-2023-03-000887,portalinmobiliario,San Miguel,Metropolitana,1175000,33.57,136.4,2023-02-08 00:00:00.000000,2023-03-01 00:00:00.000000,Departamento,arriendo,agency
PI-2023-03-001141,portalinmobiliario,Las Condes,Metropolitana,1160000,33.14,64.2,2023-01-05 00:00:00.000000,2023-03-08 00:00:00.000000,Departamento,ARRIENDO,agency
PI-2023-03-002847,portalinmobiliario,Macul,Metropolitana,560000,16.0,44.5,2022-09-14 00:00:00.000000,2023-03-15 00:00:00.000000,departamento,ARRIENDO,owner_direct
PI-2023-03-002990,portalinmobiliario,Puente Alto,Metropolitana,480000,13.71,52.9,2023-02-20 00:00:00.000000,2023-03-22 00:00:00.000000,DEPARTAMENTO,arriendo,agency
PI-2023-03-000197,portalinmobiliario,Peñalolén,Metropolitana,520000,14.86,49.1,2022-08-25 00:00:00.000000,2023-03-01 00:00:00.000000,departamento,arriendo,agency
PI-2023-03-000751,portalinmobiliario,Pudahuel,Metropolitana,825000,23.57,97.4,2023-01-07 00:00:00.000000,2023-03-01 00:00:00.000000,departamento,Arriendo,agency
PI-2023-03-000432,portalinmobiliario,Santiago,Metropolitana,580000,16.57,42.2,2023-02-09 00:00:00.000000,2023-03-01 00:00:00.000000,departamento,ARRIENDO,agency
PI-2023-03-003792,portalinmobiliario,Ñuñoa,Metropolitana,775000,22.14,59.1,2023-03-03 00:00:00.000000,2023-03-22 00:00:00.000000,Departamento,ARRIENDO,agency
PI-2023-03-005245,portalinmobiliario,Quinta Normal,Metropolitana,520000,14.86,41.1,2023-03-17 00:00:00.000000,2023-03-29 00:00:00.000000,DEPARTAMENTO,Arriendo,owner_direct
PI-2023-03-000223,portalinmobiliario,Pudahuel,Metropolitana,460000,13.14,47.5,2023-02-17 00:00:00.000000,2023-03-01 00:00:00.000000,departamento,ARRIENDO,agency
PI-2023-03-001252,portalinmobiliario,Lo Barnechea,Metropolitana,950000,27.14,68.9,2023-02-20 00:00:00.000000,2023-03-08 00:00:00.000000,Departamento,ARRIENDO,agency
PI-2023-03-003541,portalinmobiliario,Providencia,Metropolitana,1345000,38.43,71.0,2023-03-10 00:00:00.000000,2023-03-22 00:00:00.000000,departamento,ARRIENDO,agency
PI-2023-03-001442,portalinmobiliario,La Florida,Metropolitana,805000,23.0,76.5,2023-02-26 00:00:00.000000,2023-03-08 00:00:00.000000,DEPARTAMENTO,arriendo,agency
PI-2023-03-004168,portalinmobiliario,Ñuñoa,Metropolitana,660000,18.86,40.6,2023-03-04 00:00:00.000000,2023-03-29 00:00:00.000000,DEPARTAMENTO,ARRIENDO,agency
PI-2023-03-000770,portalinmobiliario,QUINTA NORMAL,Metropolitana,760000,21.71,106.3,2023-02-06 00:00:00.000000,2023-03-01 00:00:00.000000,departamento,ARRIENDO,owner_direct
PI-2023-03-004419,portalinmobiliario,Las Condes,Metropolitana,775000,22.14,43.0,2023-03-27 00:00:00.000000,2023-03-29 00:00:00.000000,DEPARTAMENTO,ARRIENDO,agency
PI-2023-03-001556,portalinmobiliario,Vitacura,Metropolitana,1710000,48.86,94.7,2023-02-20 00:00:00.000000,2023-03-08 00:00:00.000000,Departamento,arriendo,owner_direct
PI-2023-03-005094,portalinmobiliario,Huechuraba,Metropolitana,465000,13.29,28.9,2022-12-12 00:00:00.000000,2023-03-29 00:00:00.000000,Departamento,arriendo,agency
PI-2023-03-001681,portalinmobiliario,Cerrillos,Metropolitana,590000,16.86,60.4,2023-01-23 00:00:00.000000,2023-03-08 00:00:00.000000,DEPARTAMENTO,arriendo,agency
PI-2023-03-003703,portalinmobiliario,Quinta Normal,Metropolitana,500000,14.29,34.8,2023-03-08 00:00:00.000000,2023-03-22 00:00:00.000000,departamento,Arriendo,agency
PI-2023-03-004229,portalinmobiliario,Santiago,Metropolitana,860000,24.57,102.2,2022-11-04 00:00:00.000000,2023-03-29 00:00:00.000000,DEPARTAMENTO,ARRIENDO,agency
PI-2023-03-004069,portalinmobiliario,Recoleta,Metropolitana,435000,12.43,49.3,2023-03-15 00:00:00.000000,2023-03-22 00:00:00.000000,DEPARTAMENTO,Arriendo,owner_direct
PI-2023-03-004197,portalinmobiliario,Santiago,Metropolitana,380000,10.86,27.5,2022-08-22 00:00:00.000000,2023-03-29 00:00:00.000000,departamento,arriendo,agency
PI-2023-03-002866,portalinmobiliario,San Miguel,Metropolitana,525000,15.0,39.5,2023-02-16 00:00:00.000000,2023-03-15 00:00:00.000000,Departamento,arriendo,agency
PI-2023-03-002970,portalinmobiliario,Maipú,Metropolitana,525000,15.0,52.6,2023-03-16 00:00:00.000000,2023-03-22 00:00:00.000000,departamento,arriendo,owner_direct
PI-2023-03-000811,portalinmobiliario,Providencia,Metropolitana,810000,23.14,32.5,2023-02-15 00:00:00.000000,2023-03-01 00:00:00.000000,DEPARTAMENTO,arriendo,agency
PI-2023-03-004296,portalinmobiliario,Vitacura,Metropolitana,1130000,,62.1,2023-02-22 00:00:00.000000,2023-03-29 00:00:00.000000,DEPARTAMENTO,arriendo,agency
PI-2023-03-002673,portalinmobiliario,Macul,Metropolitana,480000,13.71,39.2,2023-02-08 00:00:00.000000,2023-03-15 00:00:00.000000,Departamento,ARRIENDO,agency
PI-2023-03-001909,portalinmobiliario,Santiago,Metropolitana,460000,13.14,42.3,2023-03-09 00:00:00.000000,2023-03-15 00:00:00.000000,DEPARTAMENTO,arriendo,agency
PI-2023-03-003536,portalinmobiliario,Providencia,Metropolitana,940000,26.86,49.0,2023-02-12 00:00:00.000000,2023-03-22 00:00:00.000000,DEPARTAMENTO,arriendo,owner_direct
PI-2023-03-004608,portalinmobiliario,Santiago,Metropolitana,445000,12.71,32.2,2022-10-30 00:00:00.000000,2023-03-29 00:00:00.000000,DEPARTAMENTO,Arriendo,agency
PI-2023-03-005083,portalinmobiliario,Las Condes,Metropolitana,1080000,30.86,71.2,2023-03-11 00:00:00.000000,2023-03-29 00:00:00.000000,Departamento,ARRIENDO,agency
PI-2023-03-000784,portalinmobiliario,Independencia,Metropolitana,425000,12.14,38.2,2023-01-31 00:00:00.000000,2023-03-01 00:00:00.000000,DEPARTAMENTO,ARRIENDO,owner_direct
PI-2023-03-003315,portalinmobiliario,La Cisterna ,Metropolitana,545000,15.57,58.2,2022-12-22 00:00:00.000000,2023-03-22 00:00:00.000000,departamento,arriendo,agency
PI-2023-03-003153,portalinmobiliario,Quinta Normal,Metropolitana,545000,15.57,58.5,2023-02-17 00:00:00.000000,2023-03-22 00:00:00.000000,Departamento,Arriendo,agency
PI-2023-03-005165,portalinmobiliario,Ñuñoa,Metropolitana,9520000,272.0,1200.0,2023-03-17 00:00:00.000000,2023-03-29 00:00:00.000000,Departamento,ARRIENDO,agency
PI-2023-03-002539,portalinmobiliario,SAN MIGUEL,Metropolitana,485000,13.86,37.3,2023-02-06 00:00:00.000000,2023-03-15 00:00:00.000000,Departamento,ARRIENDO,agency
PI-2023-03-001000,portalinmobiliario,Conchalí,Metropolitana,535000,15.29,50.5,2022-10-13 00:00:00.000000,2023-03-08 00:00:00.000000,DEPARTAMENTO,ARRIENDO,agency
PI-2023-03-000387,portalinmobiliario,Macul,Metropolitana,580000,16.57,46.4,2023-01-30 00:00:00.000000,2023-03-01 00:00:00.000000,departamento,Arriendo,agency
PI-2023-03-004932,portalinmobiliario,Peñalolén,Metropolitana,940000,26.86,85.2,2023-03-18 00:00:00.000000,2023-03-29 00:00:00.000000,Departamento,Arriendo,agency
PI-2023-03-001400,portalinmobiliario,Estación Central,Metropolitana,375000,10.71,46.2,2023-01-13 00:00:00.000000,2023-03-08 00:00:00.000000,Departamento,Arriendo,agency
PI-2023-03-004586,portalinmobiliario,Lo Barnechea,Metropolitana,905000,25.86,46.2,2023-02-14 00:00:00.000000,2023-03-29 00:00:00.000000,departamento,arriendo,owner_direct
PI-2023-03-003799,portalinmobiliario,Recoleta,Metropolitana,370000,10.57,36.3,2023-03-12 00:00:00.000000,2023-03-22 00:00:00.000000,DEPARTAMENTO,ARRIENDO,owner_direct
PI-2023-03-000268,portalinmobiliario,Santiago,Metropolitana,475000,13.57,42.8,2023-02-17 00:00:00.000000,2023-03-01 00:00:00.000000,Departamento,ARRIENDO,agency
PI-2023-03-001439,portalinmobiliario,Providencia,Metropolitana,830000,23.71,29.7,2023-02-23 00:00:00.000000,2023-03-08 00:00:00.000000,departamento,arriendo,agency
PI-2023-03-005036,portalinmobiliario,Santiago,Metropolitana,530000,15.14,41.5,2023-03-18 00:00:00.000000,2023-03-29 00:00:00.000000,Departamento,Arriendo,agency
PI-2023-03-001091,portalinmobiliario,Independencia,Metropolitana,440000,12.57,33.5,2023-03-02 00:00:00.000000,2023-03-08 00:00:00.000000,DEPARTAMENTO,Arriendo,agency
PI-2023-03-005053,portalinmobiliario,San Miguel,Metropolitana,665000,19.0,56.9,2023-02-23 00:00:00.000000,2023-03-29 00:00:00.000000,departamento,ARRIENDO,agency
PI-2023-03-004792,portalinmobiliario,Estación Central,Metropolitana,605000,17.29,79.0,2023-03-01 00:00:00.000000,2023-03-29 00:00:00.000000,Departamento,arriendo,agency
PI-2023-03-004827,portalinmobiliario,independencia,Metropolitana,635000,18.14,70.8,2023-03-22 00:00:00.000000,2023-03-29 00:00:00.000000,Departamento,ARRIENDO,owner_direct
PI-2023-03-004623,portalinmobiliario,Macul,Metropolitana,860000,24.57,104.7,2023-03-23 00:00:00.000000,2023-03-29 00:00:00.000000,Departamento,arriendo,owner_direct
PI-2023-03-004366,portalinmobiliario,Las Condes,Metropolitana,930000,26.57,45.2,2023-01-31 00:00:00.000000,2023-03-29 00:00:00.000000,departamento,arriendo,owner_direct
PI-2023-03-004982,portalinmobiliario,Macul,Metropolitana,415000,11.86,23.3,2023-03-16 00:00:00.000000,2023-03-29 00:00:00.000000,DEPARTAMENTO,Arriendo,agency
PI-2023-03-002044,portalinmobiliario,Ñuñoa,Metropolitana,780000,22.29,47.2,2023-03-06 00:00:00.000000,2023-03-15 00:00:00.000000,departamento,arriendo,owner_direct
PI-2023-03-001721,portalinmobiliario,Puente Alto,Metropolitana,435000,12.43,43.7,2023-02-23 00:00:00.000000,2023-03-08 00:00:00.000000,Departamento,Arriendo,agency
PI-2023-03-001508,portalinmobiliario,Las Condes,Metropolitana,1035000,29.57,47.2,2023-02-18 00:00:00.000000,2023-03-08 00:00:00.000000,Departamento,Arriendo,owner_direct
PI-2023-03-003503,portalinmobiliario,Ñuñoa,Metropolitana,1110000,31.71,78.2,2023-02-23 00:00:00.000000,2023-03-22 00:00:00.000000,Departamento,ARRIENDO,owner_direct
PI-2023-03-001372,portalinmobiliario,Lo Barnechea,Metropolitana,665000,19.0,29.1,2023-02-26 00:00:00.000000,2023-03-08 00:00:00.000000,DEPARTAMENTO,Arriendo,owner_direct
PI-2023-03-003064,portalinmobiliario,Las Condes,Metropolitana,970000,27.71,47.8,2023-02-24 00:00:00.000000,2023-03-22 00:00:00.000000,Departamento,ARRIENDO,agency
PI-2023-03-001051,portalinmobiliario,Santiago,Metropolitana,1075000,30.71,123.5,2022-08-12 00:00:00.000000,2023-03-08 00:00:00.000000,Departamento,Arriendo,agency
PI-2023-03-002670,portalinmobiliario,Recoleta,Metropolitana,690000,19.71,69.9,2023-03-11 00:00:00.000000,2023-03-15 00:00:00.000000,DEPARTAMENTO,arriendo,agency
PI-2023-03-005288,portalinmobiliario,Cerrillos,Metropolitana,775000,22.14,79.0,2023-03-11 00:00:00.000000,2023-03-29 00:00:00.000000,Departamento,ARRIENDO,agency
PI-2023-03-001731,portalinmobiliario,Santiago,Metropolitana,680000,19.43,64.2,2023-03-04 00:00:00.000000,2023-03-08 00:00:00.000000,departamento,ARRIENDO,agency
PI-2023-03-003452,portalinmobiliario,Las Condes,Metropolitana,930000,26.57,35.3,2023-02-20 00:00:00.000000,2023-03-22 00:00:00.000000,Departamento,Arriendo,owner_direct
PI-2023-03-003858,portalinmobiliario,Cerrillos,Metropolitana,495000,14.14,42.0,2023-03-12 00:00:00.000000,2023-03-22 00:00:00.000000,DEPARTAMENTO,arriendo,agency
PI-2023-03-001756,portalinmobiliario,Santiago,Metropolitana,985000,28.14,100.8,2023-02-03 00:00:00.000000,2023-03-08 00:00:00.000000,Departamento,arriendo,agency
PI-2023-03-002613,portalinmobiliario,Puente Alto,Metropolitana,350000,10.0,38.2,2023-02-23 00:00:00.000000,2023-03-15 00:00:00.000000,DEPARTAMENTO,Arriendo,agency
PI-2023-03-001861,portalinmobiliario,Santiago,Metropolitana,540000,15.43,40.7,2023-01-25 00:00:00.000000,2023-03-08 00:00:00.000000,departamento,Arriendo,agency
PI-2023-03-000482,portalinmobiliario,San Joaquín,Metropolitana,485000,13.86,40.7,2023-02-09 00:00:00.000000,2023-03-01 00:00:00.000000,DEPARTAMENTO,ARRIENDO,agency
PI-2023-03-003808,portalinmobiliario,Santiago,Metropolitana,825000,23.57,79.9,2023-02-18 00:00:00.000000,2023-03-22 00:00:00.000000,departamento,Arriendo,agency
PI-2023-03-000344,portalinmobiliario,Pudahuel,Metropolitana,480000,13.71,45.9,2023-02-26 00:00:00.000000,2023-03-01 00:00:00.000000,DEPARTAMENTO,arriendo,agency
PI-2023-03-001510,portalinmobiliario,La Florida,Metropolitana,460000,13.14,34.7,2023-01-22 00:00:00.000000,2023-03-08 00:00:00.000000,DEPARTAMENTO,Arriendo,agency
PI-2023-03-000431,portalinmobiliario,Las Condes,Metropolitana,1400000,40.0,87.5,2023-02-13 00:00:00.000000,2023-03-01 00:00:00.000000,DEPARTAMENTO,arriendo,agency
PI-2023-03-003890,portalinmobiliario, Maipú,Metropolitana,520000,14.86,53.1,2023-03-12 00:00:00.000000,2023-03-22 00:00:00.000000,Departamento,arriendo,owner_direct
PI-2023-03-005268,portalinmobiliario,Macul,Metropolitana,845000,24.14,85.9,2023-02-24 00:00:00.000000,2023-03-29 00:00:00.000000,departamento,ARRIENDO,owner_direct
PI-2023-03-000181,portalinmobiliario,San Miguel,Metropolitana,1060000,30.29,110.2,2023-02-06 00:00:00.000000,2023-03-01 00:00:00.000000,DEPARTAMENTO,Arriendo,owner_direct
PI-2023-03-003725,portalinmobiliario,Macul,Metropolitana,405000,11.57,25.7,2023-03-13 00:00:00.000000,2023-03-22 00:00:00.000000,Departamento,arriendo,owner_direct
PI-2023-03-004305,portalinmobiliario,La Florida,Metropolitana,450000,12.86,32.8,2023-02-27 00:00:00.000000,2023-03-29 00:00:00.000000,DEPARTAMENTO,ARRIENDO,owner_direct
PI-2023-03-001642,portalinmobiliario,Ñuñoa,Metropolitana,950000,27.14,63.7,2023-02-07 00:00:00.000000,2023-03-08 00:00:00.000000,departamento,ARRIENDO,agency
PI-2023-03-000171,portalinmobiliario,Lo Barnechea,Metropolitana,750000,21.43,35.5,2022-12-05 00:00:00.000000,2023-03-01 00:00:00.000000,departamento,arriendo,agency
PI-2023-03-003332,portalinmobiliario,Las Condes,Metropolitana,805000,23.0,39.4,2022-10-04 00:00:00.000000,2023-03-22 00:00:00.000000,departamento,ARRIENDO,owner_direct
PI-2023-03-001238,portalinmobiliario,Independencia,Metropolitana,695000,19.86,80.5,2023-02-13 00:00:00.000000,2023-03-08 00:00:00.000000,Departamento,Arriendo,owner_direct
PI-2023-03-003748,portalinmobiliario,estación central,Metropolitana,5405000,154.43,82.1,2023-03-05 00:00:00.000000,2023-03-22 00:00:00.000000,departamento,Arriendo,agency
PI-2023-03-002457,portalinmobiliario,Santiago,Metropolitana,760000,21.71,82.9,2023-02-09 00:00:00.000000,2023-03-15 00:00:00.000000,departamento,ARRIENDO,owner_direct
PI-2023-03-004509,portalinmobiliario,Independencia,Metropolitana,700000,20.0,69.7,2023-03-20 00:00:00.000000,2023-03-29 00:00:00.000000,departamento,ARRIENDO,agency
PI-2023-03-001899,portalinmobiliario,San Joaquín,Metropolitana,620000,17.71,73.1,2023-01-08 00:00:00.000000,2023-03-08 00:00:00.000000,departamento,arriendo,agency
PI-2023-03-003818,portalinmobiliario,Providencia,Metropolitana,845000,24.14,36.0,2023-03-12 00:00:00.000000,2023-03-22 00:00:00.000000,departamento,ARRIENDO,agency
PI-2023-03-001140,portalinmobiliario,Providencia,Metropolitana,800000,22.86,40.8,2023-01-08 00:00:00.000000,2023-03-08 00:00:00.000000,departamento,Arriendo,agency
PI-2023-03-002658,portalinmobiliario,Maipú,Metropolitana,500000,14.29,60.5,2023-02-20 00:00:00.000000,2023-03-15 00:00:00.000000,DEPARTAMENTO,ARRIENDO,agency
PI-2023-03-002906,portalinmobiliario,Independencia,Metropolitana,965000,27.57,145.4,2023-01-30 00:00:00.000000,2023-03-15 00:00:00.000000,DEPARTAMENTO,ARRIENDO,agency
PI-2023-03-000884,portalinmobiliario,Santiago,Metropolitana,710000,20.29,66.3,2022-10-05 00:00:00.000000,2023-03-01 00:00:00.000000,departamento,Arriendo,agency
PI-2023-03-002430,portalinmobiliario,Providencia,Metropolitana,1450000,41.43,93.7,2023-01-31 00:00:00.000000,2023-03-15 00:00:00.000000,DEPARTAMENTO,arriendo,agency
PI-2023-03-004866,portalinmobiliario,San Joaquín,Metropolitana,510000,14.57,53.1,2023-03-05 00:00:00.000000,2023-03-29 00:00:00.000000,DEPARTAMENTO,ARRIENDO,owner_direct
PI-2023-03-003990,portalinmobiliario,Macul,Metropolitana,690000,19.71,70.1,2023-02-11 00:00:00.000000,2023-03-22 00:00:00.000000,DEPARTAMENTO,arriendo,agency
PI-2023-03-003234,portalinmobiliario,Santiago,Metropolitana,580000,16.57,52.1,2023-03-09 00:00:00.000000,2023-03-22 00:00:00.000000,Departamento,arriendo,agency
PI-2023-03-001274,portalinmobiliario,Huechuraba,Metropolitana,645000,18.43,48.6,2023-02-10 00:00:00.000000,2023-03-08 00:00:00.000000,DEPARTAMENTO,Arriendo,agency
PI-2023-03-000689,portalinmobiliario,San Joaquín,Metropolitana,480000,13.71,47.2,2023-02-02 00:00:00.000000,2023-03-01 00:00:00.000000,DEPARTAMENTO,ARRIENDO,agency
PI-2023-03-000407,portalinmobiliario,Quinta Normal,Metropolitana,650000,18.57,69.3,2022-09-13 00:00:00.000000,2023-03-01 00:00:00.000000,departamento,Arriendo,agency
PI-2023-03-001373,portalinmobiliario,Estación Central,Metropolitana,545000,15.57,61.4,2023-02-27 00:00:00.000000,2023-03-08 00:00:00.000000,Departamento,Arriendo,agency
PI-2023-03-000050,portalinmobiliario,Independencia,Metropolitana,430000,12.29,42.1,2023-02-15 00:00:00.000000,2023-03-01 00:00:00.000000,Departamento,Arriendo,owner_direct
PI-2023-03-003142,portalinmobiliario,San Miguel,Metropolitana,820000,23.43,96.7,2023-03-13 00:00:00.000000,2023-03-22 00:00:00.000000,Departamento,Arriendo,owner_direct
PI-2023-03-001460,portalinmobiliario,Independencia,Metropolitana,455000,13.0,53.5,2023-02-15 00:00:00.000000,2023-03-08 00:00:00.000000,departamento,ARRIENDO,agency
PI-2023-03-000254,portalinmobiliario,Macul,Metropolitana,565000,16.14,46.7,2023-02-13 00:00:00.000000,2023-03-01 00:00:00.000000,DEPARTAMENTO,Arriendo,agency
PI-2023-03-001890,portalinmobiliario,Pudahuel,Metropolitana,475000,13.57,45.4,2023-03-03 00:00:00.000000,2023-03-08 00:00:00.000000,DEPARTAMENTO,arriendo,agency
PI-2023-03-003393,portalinmobiliario,Estación Central,Metropolitana,600000,17.14,89.7,2023-02-12 00:00:00.000000,2023-03-22 00:00:00.000000,departamento,ARRIENDO,agency
PI-2023-03-003069,portalinmobiliario,ÑUÑOA,Metropolitana,2050000,58.57,250.0,2023-03-04 00:00:00.000000,2023-03-22 00:00:00.000000,Departamento,arriendo,owner_direct
PI-2023-03-001955,portalinmobiliario,Quilicura,Metropolitana,435000,12.43,45.0,2023-03-11 00:00:00.000000,2023-03-15 00:00:00.000000,Departamento,ARRIENDO,owner_direct
PI-2023-03-000323,portalinmobiliario,La Florida,Metropolitana,630000,18.0,63.7,2023-02-11 00:00:00.000000,2023-03-01 00:00:00.000000,departamento,Arriendo,agency
PI-2023-03-002041,portalinmobiliario,La Florida,Metropolitana,650000,18.57,81.1,2023-02-22 00:00:00.000000,2023-03-15 00:00:00.000000,departamento,Arriendo,agency
PI-2023-03-002188,portalinmobiliario,La Cisterna,Metropolitana,7175000,205.0,93.4,2023-02-05 00:00:00.000000,2023-03-15 00:00:00.000000,departamento,Arriendo,agency
PI-2023-03-002211,portalinmobiliario,Puente Alto,Metropolitana,320000,9.14,23.6,2023-01-25 00:00:00.000000,2023-03-15 00:00:00.000000,DEPARTAMENTO,arriendo,agency
PI-2023-03-002110,portalinmobiliario,Ñuñoa,Metropolitana,695000,19.86,37.3,2023-01-18 00:00:00.000000,2023-03-15 00:00:00.000000,Departamento,arriendo,agency
PI-2023-03-004502,portalinmobiliario,Conchalí,Metropolitana,455000,13.0,52.5,2023-02-12 00:00:00.000000,2023-03-29 00:00:00.000000,DEPARTAMENTO,Arriendo,agency
PI-2023-03-000335,portalinmobiliario,Ñuñoa,Metropolitana,885000,25.29,77.5,2022-12-31 00:00:00.000000,2023-03-01 00:00:00.000000,DEPARTAMENTO,Arriendo,agency
PI-2023-03-002312,portalinmobiliario,Quilicura,Metropolitana,490000,14.0,48.5,2023-03-05 00:00:00.000000,2023-03-15 00:00:00.000000,DEPARTAMENTO,ARRIENDO,agency
PI-2023-03-005066,portalinmobiliario,Estación Central,Metropolitana,600000,17.14,53.9,2023-02-21 00:00:00.000000,2023-03-29 00:00:00.000000,DEPARTAMENTO,ARRIENDO,agency
PI-2023-03-002948,portalinmobiliario,Recoleta,Metropolitana,1060000,30.29,124.8,2023-02-15 00:00:00.000000,2023-03-15 00:00:00.000000,Departamento,arriendo,agency
PI-2023-03-002976,portalinmobiliario,Ñuñoa,Metropolitana,525000,15.0,24.7,2023-02-22 00:00:00.000000,2023-03-22 00:00:00.000000,DEPARTAMENTO,Arriendo,owner_direct
PI-2023-03-003200,portalinmobiliario,Cerrillos,Metropolitana,1350000,,34.0,2023-03-17 00:00:00.000000,2023-03-22 00:00:00.000000,Departamento,ARRIENDO,agency
PI-2023-03-000606,portalinmobiliario,Providencia,Metropolitana,930000,26.57,43.6,2023-02-20 00:00:00.000000,2023-03-01 00:00:00.000000,DEPARTAMENTO,Arriendo,owner_direct
PI-2023-03-001206,portalinmobiliario,Puente Alto,Metropolitana,340000,9.71,46.2,2023-02-09 00:00:00.000000,2023-03-08 00:00:00.000000,DEPARTAMENTO,Arriendo,agency
PI-2023-03-001245,portalinmobiliario,Peñalolén,Metropolitana,515000,14.71,37.9,2022-12-22 00:00:00.000000,2023-03-08 00:00:00.000000,DEPARTAMENTO,ARRIENDO,agency
PI-2023-03-004562,portalinmobiliario,Puente Alto,Metropolitana,600000,17.14,66.8,2023-01-30 00:00:00.000000,2023-03-29 00:00:00.000000,DEPARTAMENTO,Arriendo,agency
PI-2023-03-001261,portalinmobiliario,Independencia,Metropolitana,430000,12.29,29.0,2022-12-02 00:00:00.000000,2023-03-08 00:00:00.000000,departamento,Arriendo,agency
PI-2023-03-001696,portalinmobiliario,La Florida,Metropolitana,615000,17.57,64.9,2023-02-24 00:00:00.000000,2023-03-08 00:00:00.000000,DEPARTAMENTO,arriendo,owner_direct
PI-2023-03-001125,portalinmobiliario,Peñalolén,Metropolitana,500000,14.29,35.5,2023-02-08 00:00:00.000000,2023-03-08 00:00:00.000000,DEPARTAMENTO,ARRIENDO,agency
PI-2023-03-001151,portalinmobiliario,Santiago,Metropolitana,440000,12.57,31.0,2023-02-20 00:00:00.000000,2023-03-08 00:00:00.000000,departamento,arriendo,agency
PI-2023-03-001356,portalinmobiliario,Estación Central,Metropolitana,560000,16.0,72.4,2023-02-26 00:00:00.000000,2023-03-08 00:00:00.000000,departamento,Arriendo,owner_direct
PI-2023-03-004949,portalinmobiliario,Santiago,Metropolitana,745000,21.29,68.0,2023-03-13 00:00:00.000000,2023-03-29 00:00:00.000000,Departamento,arriendo,agency
PI-2023-03-001604,portalinmobiliario,San Miguel,Metropolitana,485000,13.86,38.9,2022-10-29 00:00:00.000000,2023-03-08 00:00:00.000000,departamento,arriendo,owner_direct
PI-2023-03-004532,portalinmobiliario,Peñalolén,Metropolitana,495000,14.14,42.9,2023-03-16 00:00:00.000000,2023-03-29 00:00:00.000000,DEPARTAMENTO,arriendo,owner_direct
PI-2023-03-000755,portalinmobiliario,La Reina,Metropolitana,1055000,30.14,75.8,2023-02-16 00:00:00.000000,2023-03-01 00:00:00.000000,Departamento,Arriendo,owner_direct
PI-2023-03-004245,portalinmobiliario,Las Condes,Metropolitana,1390000,39.71,60.5,2023-03-23 00:00:00.000000,2023-03-29 00:00:00.000000,departamento,Arriendo,agency
PI-2023-03-003620,portalinmobiliario,Providencia,Metropolitana,690000,19.71,31.3,2023-02-13 00:00:00.000000,2023-03-22 00:00:00.000000,departamento,Arriendo,agency
PI-2023-03-001047,portalinmobiliario,Las Condes,Metropolitana,800000,22.86,32.3,2023-02-15 00:00:00.000000,2023-03-08 00:00:00.000000,Departamento,arriendo,owner_direct
PI-2023-03-002487,portalinmobiliario,Santiago,Metropolitana,610000,17.43,45.6,2022-12-25 00:00:00.000000,2023-03-15 00:00:00.000000,departamento,Arriendo,agency
PI-2023-03-004235,portalinmobiliario,Providencia,Metropolitana,965000,27.57,57.2,2022-11-16 00:00:00.000000,2023-03-29 00:00:00.000000,Departamento,Arriendo,owner_direct
PI-2023-03-004378,portalinmobiliario,Pudahuel,Metropolitana,1540000,44.0,39.6,2023-02-14 00:00:00.000000,2023-03-29 00:00:00.000000,Departamento,Arriendo,agency
PI-2023-03-005372,portalinmobiliario,San Miguel,Metropolitana,590000,16.86,49.3,2023-03-10 00:00:00.000000,2023-03-29 00:00:00.000000,departamento,Arriendo,owner_direct
PI-2023-03-002441,portalinmobiliario,Providencia,Metropolitana,780000,22.29,37.9,2023-03-02 00:00:00.000000,2023-03-15 00:00:00.000000,DEPARTAMENTO,ARRIENDO,owner_direct
PI-2023-03-002372,portalinmobiliario,La Reina,Metropolitana,655000,18.71,43.0,2023-02-21 00:00:00.000000,2023-03-15 00:00:00.000000,DEPARTAMENTO,arriendo,agency
PI-2023-03-002899,portalinmobiliario,Santiago,Metropolitana,600000,17.14,43.1,2023-02-22 00:00:00.000000,2023-03-15 00:00:00.000000,departamento,ARRIENDO,agency
PI-2023-03-002968,portalinmobiliario,Recoleta,Metropolitana,460000,13.14,40.8,2023-01-29 00:00:00.000000,2023-03-22 00:00:00.000000,Departamento,Arriendo,agency
PI-2023-03-004018,portalinmobiliario,La Florida,Metropolitana,550000,15.71,38.6,2023-03-05 00:00:00.000000,2023-03-22 00:00:00.000000,departamento,Arriendo,agency
PI-2023-03-002999,portalinmobiliario,San Joaquín,Metropolitana,545000,15.57,42.7,2023-03-12 00:00:00.000000,2023-03-22 00:00:00.000000,departamento,arriendo,agency
PI-2023-03-004226,portalinmobiliario,Providencia,Metropolitana,670000,19.14,29.4,2023-03-23 00:00:00.000000,2023-03-29 00:00:00.000000,departamento,Arriendo,agency
PI-2023-03-002667,portalinmobiliario,Quilicura,Metropolitana,385000,11.0,37.9,2023-02-01 00:00:00.000000,2023-03-15 00:00:00.000000,departamento,Arriendo,owner_direct
PI-2023-03-000010,portalinmobiliario,San Joaquín,Metropolitana,410000,11.71,46.1,2023-01-23 00:00:00.000000,2023-03-01 00:00:00.000000,Departamento,Arriendo,agency
PI-2023-03-003995,portalinmobiliario,Quinta Normal,Metropolitana,4415000,126.14,46.3,2023-03-10 00:00:00.000000,2023-03-22 00:00:00.000000,DEPARTAMENTO,ARRIENDO,agency
PI-2023-03-003398,portalinmobiliario,Ñuñoa,Metropolitana,660000,18.86,42.2,2023-03-06 00:00:00.000000,2023-03-22 00:00:00.000000,departamento,ARRIENDO,agency
PI-2023-03-002455,portalinmobiliario,Providencia,Metropolitana,940000,26.86,59.2,2023-03-06 00:00:00.000000,2023-03-15 00:00:00.000000,departamento,ARRIENDO,agency
PI-2023-03-003176,portalinmobiliario,Independencia,Metropolitana,425000,12.14,42.2,2023-03-15 00:00:00.000000,2023-03-22 00:00:00.000000,Departamento,Arriendo,owner_direct
PI-2023-03-004406,portalinmobiliario,Cerrillos,Metropolitana,605000,17.29,74.9,2023-03-11 00:00:00.000000,2023-03-29 00:00:00.000000,DEPARTAMENTO,Arriendo,agency
PI-2023-03-002113,portalinmobiliario, Macul,Metropolitana,600000,17.14,65.4,2023-02-10 00:00:00.000000,2023-03-15 00:00:00.000000,Departamento,ARRIENDO,agency
PI-2023-03-001747,portalinmobiliario,San Joaquín,Metropolitana,690000,19.71,53.9,2023-02-18 00:00:00.000000,2023-03-08 00:00:00.000000,Departamento,Arriendo,agency
PI-2023-03-003284,portalinmobiliario,Estación Central,Metropolitana,410000,11.71,31.6,2023-01-27 00:00:00.000000,2023-03-22 00:00:00.000000,departamento,arriendo,agency
PI-2023-03-003847,portalinmobiliario,La Florida,Metropolitana,1075000,30.71,130.4,2023-03-12 00:00:00.000000,2023-03-22 00:00:00.000000,DEPARTAMENTO,arriendo,agency
PI-2023-03-002964,portalinmobiliario, Independencia,Metropolitana,515000,14.71,43.7,2023-02-25 00:00:00.000000,2023-03-22 00:00:00.000000,DEPARTAMENTO,arriendo,owner_direct
PI-2023-03-004364,portalinmobiliario,Las Condes,Metropolitana,950000,27.14,45.8,2023-03-19 00:00:00.000000,2023-03-29 00:00:00.000000,departamento,Arriendo,owner_direct
PI-2023-03-003405,portalinmobiliario,Quilicura,Metropolitana,550000,15.71,66.5,2023-03-11 00:00:00.000000,2023-03-22 00:00:00.000000,Departamento,arriendo,agency
PI-2023-03-004940,portalinmobiliario,Macul,Metropolitana,505000,14.43,43.6,2023-02-24 00:00:00.000000,2023-03-29 00:00:00.000000,departamento,arriendo,agency
PI-2023-03-001577,portalinmobiliario,La Cisterna,Metropolitana,335000,9.57,21.3,2023-02-22 00:00:00.000000,2023-03-08 00:00:00.000000,DEPARTAMENTO,Arriendo,owner_direct
PI-2023-03-000854,portalinmobiliario,Lo Barnechea,Metropolitana,1260000,36.0,76.7,2022-10-23 00:00:00.000000,2023-03-01 00:00:00.000000,Departamento,Arriendo,owner_direct
PI-2023-03-003575,portalinmobiliario,Puente Alto,Metropolitana,370000,10.57,40.2,2023-03-10 00:00:00.000000,2023-03-22 00:00:00.000000,departamento,arriendo,owner_direct
PI-2023-03-001695,portalinmobiliario,Pudahuel,Metropolitana,400000,11.43,39.6,2023-01-09 00:00:00.000000,2023-03-08 00:00:00.000000,Departamento,Arriendo,agency
PI-2023-03-004065,portalinmobiliario,Estación Central,Metropolitana,650000,18.57,71.8,2023-02-22 00:00:00.000000,2023-03-22 00:00:00.000000,Departamento,Arriendo,agency
PI-2023-03-003018,portalinmobiliario,Estación Central,Metropolitana,490000,14.0,55.2,2023-02-25 00:00:00.000000,2023-03-22 00:00:00.000000,departamento,arriendo,agency
PI-2023-03-003438,portalinmobiliario,Pudahuel,Metropolitana,385000,11.0,28.5,2023-02-01 00:00:00.000000,2023-03-22 00:00:00.000000,departamento,ARRIENDO,owner_direct
PI-2023-03-003822,portalinmobiliario,Estación Central,Metropolitana,430000,12.29,33.7,2023-01-14 00:00:00.000000,2023-03-22 00:00:00.000000,departamento,Arriendo,owner_direct
PI-2023-03-002428,portalinmobiliario,La Florida,Metropolitana,650000,18.57,56.4,2023-02-25 00:00:00.000000,2023-03-15 00:00:00.000000,DEPARTAMENTO,arriendo,agency
PI-2023-03-000338,portalinmobiliario,Estación Central,Metropolitana,635000,18.14,84.1,2023-02-15 00:00:00.000000,2023-03-01 00:00:00.000000,DEPARTAMENTO,arriendo,agency
PI-2023-03-000978,portalinmobiliario,La Florida,Metropolitana,420000,12.0,31.6,2023-02-21 00:00:00.000000,2023-03-08 00:00:00.000000,Departamento,ARRIENDO,agency
PI-2023-03-000678,portalinmobiliario,Quilicura,Metropolitana,405000,11.57,33.0,2023-02-04 00:00:00.000000,2023-03-01 00:00:00.000000,DEPARTAMENTO,ARRIENDO,agency
PI-2023-03-003387,portalinmobiliario,Macul,Metropolitana,495000,14.14,38.9,2023-03-12 00:00:00.000000,2023-03-22 00:00:00.000000,DEPARTAMENTO,Arriendo,owner_direct
PI-2023-03-004246,portalinmobiliario,la reina,Metropolitana,615000,17.57,30.7,2022-10-16 00:00:00.000000,2023-03-29 00:00:00.000000,DEPARTAMENTO,Arriendo,agency
PI-2023-03-000013,portalinmobiliario,Maipú,Metropolitana,670000,19.14,113.8,2023-01-31 00:00:00.000000,2023-03-01 00:00:00.000000,Departamento,arriendo,agency
PI-2023-03-004911,portalinmobiliario,La Cisterna,Metropolitana,455000,13.0,52.5,2023-02-05 00:00:00.000000,2023-03-29 00:00:00.000000,Departamento,arriendo,agency
PI-2023-03-004320,portalinmobiliario,Quinta Normal,Metropolitana,415000,11.86,38.7,2023-03-10 00:00:00.000000,2023-03-29 00:00:00.000000,departamento,ARRIENDO,agency
PI-2023-03-001962,portalinmobiliario,Cerrillos,Metropolitana,705000,20.14,84.5,2023-02-15 00:00:00.000000,2023-03-15 00:00:00.000000,Departamento,Arriendo,owner_direct
PI-2023-03-004853,portalinmobiliario,San Miguel,Metropolitana,455000,13.0,30.3,2023-03-05 00:00:00.000000,2023-03-29 00:00:00.000000,departamento,arriendo,owner_direct
PI-2023-03-000014,portalinmobiliario,Puente Alto,Metropolitana,525000,15.0,61.9,2023-01-26 00:00:00.000000,2023-03-01 00:00:00.000000,departamento,arriendo,agency
PI-2023-03-001933,portalinmobiliario,Estación Central,Metropolitana,605000,17.29,69.3,2023-02-16 00:00:00.000000,2023-03-15 00:00:00.000000,departamento,Arriendo,agency
PI-2023-03-004842,portalinmobiliario,Vitacura,Metropolitana,1105000,31.57,68.8,2023-02-27 00:00:00.000000,2023-03-29 00:00:00.000000,DEPARTAMENTO,ARRIENDO,owner_direct
PI-2023-03-004995,portalinmobiliario,Quilicura,Metropolitana,355000,10.14,25.6,2023-03-22 00:00:00.000000,2023-03-29 00:00:00.000000,Departamento,Arriendo,owner_direct
PI-2023-03-001885,portalinmobiliario,La Cisterna,Metropolitana,555000,15.86,40.1,2023-02-15 00:00:00.000000,2023-03-08 00:00:00.000000,DEPARTAMENTO,ARRIENDO,owner_direct
PI-2023-03-000671,portalinmobiliario,Puente Alto,Metropolitana,380000,10.86,44.7,2023-02-19 00:00:00.000000,2023-03-01 00:00:00.000000,Departamento,Arriendo,agency
PI-2023-03-000604,portalinmobiliario,Puente Alto,Metropolitana,430000,12.29,59.9,2023-02-25 00:00:00.000000,2023-03-01 00:00:00.000000,DEPARTAMENTO,ARRIENDO,agency
PI-2023-03-004996,portalinmobiliario,Santiago,Metropolitana,630000,18.0,65.7,2023-02-26 00:00:00.000000,2023-03-29 00:00:00.000000,Departamento,arriendo,owner_direct
PI-2023-03-003281,portalinmobiliario,Ñuñoa,Metropolitana,915000,26.14,59.3,2023-03-10 00:00:00.000000,2023-03-22 00:00:00.000000,Departamento,arriendo,owner_direct
PI-2023-03-000224,portalinmobiliario,Santiago,Metropolitana,570000,16.29,40.2,2023-01-31 00:00:00.000000,2023-03-01 00:00:00.000000,Departamento,arriendo,owner_direct
PI-2023-03-004222,portalinmobiliario,Santiago,Metropolitana,465000,13.29,34.7,2023-03-13 00:00:00.000000,2023-03-29 00:00:00.000000,DEPARTAMENTO,Arriendo,agency
PI-2023-03-003263,portalinmobiliario,Independencia,Metropolitana,810000,23.14,131.1,2023-03-06 00:00:00.000000,2023-03-22 00:00:00.000000,DEPARTAMENTO,Arriendo,agency
PI-2023-03-001916,portalinmobiliario,Macul,Metropolitana,455000,13.0,31.0,2023-03-07 00:00:00.000000,2023-03-15 00:00:00.000000,Departamento,arriendo,agency
PI-2023-03-005033,portalinmobiliario,San Joaquín,Metropolitana,585000,16.71,70.6,2023-02-08 00:00:00.000000,2023-03-29 00:00:00.000000,departamento,arriendo,agency
PI-2023-03-004367,portalinmobiliario,Macul,Metropolitana,830000,23.71,89.4,2023-03-19 00:00:00.000000,2023-03-29 00:00:00.000000,departamento,arriendo,owner_direct
PI-2023-03-005144,portalinmobiliario,Las Condes,Metropolitana,730000,20.86,35.2,2022-11-24 00:00:00.000000,2023-03-29 00:00:00.000000,departamento,ARRIENDO,agency
PI-2023-03-001401,portalinmobiliario,Estación Central,Metropolitana,535000,15.29,66.1,2023-02-17 00:00:00.000000,2023-03-08 00:00:00.000000,Departamento,arriendo,agency
PI-2023-03-002482,portalinmobiliario,Puente Alto,Metropolitana,350000,10.0,31.5,2023-03-01 00:00:00.000000,2023-03-15 00:00:00.000000,departamento,Arriendo,owner_direct
PI-2023-03-001210,portalinmobiliario,Estación Central,Metropolitana,565000,16.14,62.2,2023-02-26 00:00:00.000000,2023-03-08 00:00:00.000000,departamento,Arriendo,agency
PI-2023-03-000806,portalinmobiliario,Santiago,Metropolitana,565000,16.14,26.8,2023-02-14 00:00:00.000000,2023-03-01 00:00:00.000000,DEPARTAMENTO,arriendo,agency
PI-2023-03-001029,portalinmobiliario,ESTACIÓN CENTRAL,Metropolitana,430000,12.29,35.3,2022-12-19 00:00:00.000000,2023-03-08 00:00:00.000000,DEPARTAMENTO,arriendo,owner_direct
PI-2023-03-003941,portalinmobiliario,Las Condes,Metropolitana,1100000,31.43,44.0,2023-03-02 00:00:00.000000,2023-03-22 00:00:00.000000,DEPARTAMENTO,ARRIENDO,agency
PI-2023-03-004547,portalinmobiliario,Macul,Metropolitana,705000,20.14,63.0,2023-02-05 00:00:00.000000,2023-03-29 00:00:00.000000,Departamento,ARRIENDO,owner_direct
PI-2023-03-000824,portalinmobiliario,Cerrillos,Metropolitana,455000,13.0,33.3,2023-02-18 00:00:00.000000,2023-03-01 00:00:00.000000,DEPARTAMENTO,arriendo,agency
PI-2023-03-003427,portalinmobiliario,Providencia,Metropolitana,830000,23.71,38.4,2023-03-16 00:00:00.000000,2023-03-22 00:00:00.000000,DEPARTAMENTO,Arriendo,agency
PI-2023-03-000665,portalinmobiliario,San Miguel,Metropolitana,650000,18.57,70.1,2023-01-01 00:00:00.000000,2023-03-01 00:00:00.000000,DEPARTAMENTO,Arriendo,owner_direct
PI-2023-03-003414,portalinmobiliario,Las Condes,Metropolitana,1025000,29.29,73.2,2023-01-12 00:00:00.000000,2023-03-22 00:00:00.000000,DEPARTAMENTO,Arriendo,agency
PI-2023-03-003742,portalinmobiliario,La Florida,Metropolitana,475000,13.57,49.2,2023-01-31 00:00:00.000000,2023-03-22 00:00:00.000000,DEPARTAMENTO,Arriendo,agency
PI-2023-03-002761,portalinmobiliario,Independencia,Metropolitana,550000,15.71,56.1,2023-03-03 00:00:00.000000,2023-03-15 00:00:00.000000,DEPARTAMENTO,ARRIENDO,agency
PI-2023-03-002540,portalinmobiliario,La Florida,Metropolitana,340000,9.71,33.5,2023-02-10 00:00:00.000000,2023-03-15 00:00:00.000000,departamento,Arriendo,agency
PI-2023-03-001076,portalinmobiliario,Providencia,Metropolitana,1550000,44.29,114.9,2023-01-15 00:00:00.000000,2023-03-08 00:00:00.000000,Departamento,ARRIENDO,agency
PI-2023-03-003577,portalinmobiliario,Recoleta,Metropolitana,590000,16.86,43.8,2023-02-27 00:00:00.000000,2023-03-22 00:00:00.000000,departamento,Arriendo,owner_direct
PI-2023-03-001533,portalinmobiliario,Quinta Normal,Metropolitana,530000,15.14,53.3,2023-03-04 00:00:00.000000,2023-03-08 00:00:00.000000,Departamento,Arriendo,agency
PI-2023-03-001054,portalinmobiliario,Estación Central,Metropolitana,520000,14.86,43.0,2023-02-09 00:00:00.000000,2023-03-08 00:00:00.000000,DEPARTAMENTO,arriendo,owner_direct
PI-2023-03-000301,portalinmobiliario,Las Condes,Metropolitana,1310000,37.43,78.9,2023-02-12 00:00:00.000000,2023-03-01 00:00:00.000000,DEPARTAMENTO,ARRIENDO,owner_direct
PI-2023-03-003940,portalinmobiliario,Ñuñoa,Metropolitana,1255000,35.86,107.9,2022-11-12 00:00:00.000000,2023-03-22 00:00:00.000000,Departamento,ARRIENDO,agency
PI-2023-03-004432,portalinmobiliario,Recoleta,Metropolitana,495000,14.14,37.4,2023-01-02 00:00:00.000000,2023-03-29 00:00:00.000000,Departamento,Arriendo,owner_direct
PI-2023-03-000056,portalinmobiliario,Quilicura,Metropolitana,645000,18.43,74.4,2023-02-08 00:00:00.000000,2023-03-01 00:00:00.000000,Departamento,arriendo,owner_direct
PI-2023-03-004938,portalinmobiliario,santiago,Metropolitana,520000,14.86,48.3,2023-02-03 00:00:00.000000,2023-03-29 00:00:00.000000,departamento,Arriendo,agency
PI-2023-03-004508,portalinmobiliario,La Florida,Metropolitana,560000,16.0,32.6,2023-03-24 00:00:00.000000,2023-03-29 00:00:00.000000,Departamento,Arriendo,agency
PI-2023-03-001189,portalinmobiliario,Santiago,Metropolitana,685000,19.57,42.8,2022-10-15 00:00:00.000000,2023-03-08 00:00:00.000000,Departamento,Arriendo,agency
PI-2023-03-002890,portalinmobiliario,San Joaquín,Metropolitana,530000,15.14,44.0,2023-01-14 00:00:00.000000,2023-03-15 00:00:00.000000,DEPARTAMENTO,ARRIENDO,agency
PI-2023-03-004285,portalinmobiliario,Santiago,Metropolitana,540000,15.43,46.5,2023-03-19 00:00:00.000000,2023-03-29 00:00:00.000000,DEPARTAMENTO,Arriendo,agency
PI-2023-03-003269,portalinmobiliario,Estación Central,Metropolitana,565000,16.14,73.8,2023-03-10 00:00:00.000000,2023-03-22 00:00:00.000000,Departamento,arriendo,agency
PI-2023-03-002238,portalinmobiliario,Vitacura,Metropolitana,970000,27.71,41.1,2023-03-02 00:00:00.000000,2023-03-15 00:00:00.000000,departamento,arriendo,owner_direct
PI-2023-03-003203,portalinmobiliario,Quinta Normal,Metropolitana,455000,13.0,36.3,2023-02-18 00:00:00.000000,2023-03-22 00:00:00.000000,Departamento,Arriendo,agency
PI-2023-03-002716,portalinmobiliario,Providencia,Metropolitana,1135000,32.43,57.6,2023-01-27 00:00:00.000000,2023-03-15 00:00:00.000000,Departamento,Arriendo,agency
PI-2023-03-000995,portalinmobiliario,Providencia,Metropolitana,1030000,29.43,66.0,2023-02-10 00:00:00.000000,2023-03-08 00:00:00.000000,departamento,arriendo,agency
PI-2023-03-001843,portalinmobiliario,Santiago,Metropolitana,495000,14.14,35.5,2023-01-30 00:00:00.000000,2023-03-08 00:00:00.000000,departamento,ARRIENDO,agency
PI-2023-03-003642,portalinmobiliario,Estación Central,Metropolitana,405000,11.57,35.0,2023-03-01 00:00:00.000000,2023-03-22 00:00:00.000000,DEPARTAMENTO,ARRIENDO,agency
PI-2023-03-000097,portalinmobiliario,Maipú,Metropolitana,610000,17.43,61.1,2023-02-02 00:00:00.000000,2023-03-01 00:00:00.000000,Departamento,ARRIENDO,agency
PI-2023-03-000601,portalinmobiliario,Peñalolén,Metropolitana,520000,14.86,40.7,2023-02-14 00:00:00.000000,2023-03-01 00:00:00.000000,departamento,arriendo,agency
PI-2023-03-004927,portalinmobiliario,Ñuñoa,Metropolitana,700000,20.0,32.0,2023-02-22 00:00:00.000000,2023-03-29 00:00:00.000000,Departamento,Arriendo,agency
PI-2023-03-001450,portalinmobiliario,Lo Barnechea,Metropolitana,1575000,45.0,128.4,2023-02-14 00:00:00.000000,2023-03-08 00:00:00.000000,Departamento,ARRIENDO,agency
PI-2023-03-002480,portalinmobiliario,Santiago,Metropolitana,410000,11.71,32.6,2023-02-17 00:00:00.000000,2023-03-15 00:00:00.000000,Departamento,Arriendo,owner_direct
PI-2023-03-003543,portalinmobiliario,La Cisterna,Metropolitana,570000,16.29,36.3,2023-03-08 00:00:00.000000,2023-03-22 00:00:00.000000,DEPARTAMENTO,Arriendo,owner_direct
PI-2023-03-002710,portalinmobiliario,Las Condes,Metropolitana,990000,28.29,44.9,2023-02-05 00:00:00.000000,2023-03-15 00:00:00.000000,DEPARTAMENTO,arriendo,agency
PI-2023-03-001531,portalinmobiliario,Macul,Metropolitana,535000,15.29,46.7,2023-03-01 00:00:00.000000,2023-03-08 00:00:00.000000,Departamento,Arriendo,agency
PI-2023-03-003986,portalinmobiliario,Vitacura,Metropolitana,1000000,28.57,53.8,2023-02-20 00:00:00.000000,2023-03-22 00:00:00.000000,Departamento,Arriendo,agency
PI-2023-03-003325,portalinmobiliario,Las Condes,Metropolitana,1640000,46.86,114.4,2023-02-21 00:00:00.000000,2023-03-22 00:00:00.000000,Departamento,Arriendo,agency
PI-2023-03-000915,portalinmobiliario,Las Condes,Metropolitana,3705000,105.86,61.3,2023-02-15 00:00:00.000000,2023-03-01 00:00:00.000000,DEPARTAMENTO,arriendo,owner_direct
PI-2023-03-001063,portalinmobiliario,Santiago,Metropolitana,740000,21.14,64.3,2022-12-07 00:00:00.000000,2023-03-08 00:00:00.000000,DEPARTAMENTO,Arriendo,agency
PI-2023-03-000031,portalinmobiliario,Cerrillos,Metropolitana,300000,8.57,30.2,2022-12-31 00:00:00.000000,2023-03-01 00:00:00.000000,DEPARTAMENTO,Arriendo,agency
PI-2023-03-001289,portalinmobiliario,Maipú,Metropolitana,505000,14.43,51.9,2023-01-29 00:00:00.000000,2023-03-08 00:00:00.000000,departamento,ARRIENDO,owner_direct
PI-2023-03-000256,portalinmobiliario,Ñuñoa,Metropolitana,680000,19.43,52.1,2023-02-07 00:00:00.000000,2023-03-01 00:00:00.000000,DEPARTAMENTO,Arriendo,agency
PI-2023-03-002225,portalinmobiliario,La Florida,Metropolitana,455000,13.0,20.0,2022-10-10 00:00:00.000000,2023-03-15 00:00:00.000000,DEPARTAMENTO,ARRIENDO,owner_direct
PI-2023-03-001919,portalinmobiliario,Independencia,Metropolitana,385000,11.0,28.3,2023-03-12 00:00:00.000000,2023-03-15 00:00:00.000000,Departamento,Arriendo,agency
PI-2023-03-003210,portalinmobiliario,Independencia,Metropolitana,460000,13.14,43.8,2023-03-08 00:00:00.000000,2023-03-22 00:00:00.000000,DEPARTAMENTO,Arriendo,owner_direct
PI-2023-03-004523,portalinmobiliario,Maipú,Metropolitana,590000,16.86,84.0,2023-03-25 00:00:00.000000,2023-03-29 00:00:00.000000,departamento,Arriendo,agency
PI-2023-03-000624,portalinmobiliario,San Joaquín,Metropolitana,480000,13.71,36.5,2023-02-20 00:00:00.000000,2023-03-01 00:00:00.000000,Departamento,Arriendo,owner_direct
PI-2023-03-004574,portalinmobiliario,Ñuñoa,Metropolitana,745000,21.29,50.9,2023-03-08 00:00:00.000000,2023-03-29 00:00:00.000000,departamento,ARRIENDO,agency
PI-2023-03-000753,portalinmobiliario,SAN JOAQUÍN,Metropolitana,480000,13.71,53.6,2023-02-10 00:00:00.000000,2023-03-01 00:00:00.000000,Departamento,ARRIENDO,agency
PI-2023-03-001071,portalinmobiliario,Conchalí,Metropolitana,385000,11.0,39.8,2023-02-24 00:00:00.000000,2023-03-08 00:00:00.000000,Departamento,arriendo,agency
PI-2023-03-003914,portalinmobiliario,Santiago,Metropolitana,375000,10.71,27.6,2023-02-23 00:00:00.000000,2023-03-22 00:00:00.000000,Departamento,Arriendo,owner_direct
PI-2023-03-003419,portalinmobiliario,PEÑALOLÉN,Metropolitana,430000,12.29,29.4,2022-11-14 00:00:00.000000,2023-03-22 00:00:00.000000,DEPARTAMENTO,Arriendo,agency
PI-2023-03-002924,portalinmobiliario,Santiago,Metropolitana,595000,17.0,41.6,2023-02-10 00:00:00.000000,2023-03-15 00:00:00.000000,departamento,arriendo,agency
PI-2023-03-004437,portalinmobiliario,Providencia,Metropolitana,1270000,36.29,82.6,2023-03-17 00:00:00.000000,2023-03-29 00:00:00.000000,departamento,Arriendo,owner_direct
PI-2023-03-002751,portalinmobiliario,Providencia,Metropolitana,1100000,31.43,59.5,2023-03-03 00:00:00.000000,2023-03-15 00:00:00.000000,Departamento,arriendo,agency
PI-2023-03-003089,portalinmobiliario,Independencia,Metropolitana,640000,18.29,65.2,2023-02-16 00:00:00.000000,2023-03-22 00:00:00.000000,DEPARTAMENTO,Arriendo,agency
PI-2023-03-000048,portalinmobiliario,La Reina,Metropolitana,780000,22.29,39.4,2023-02-22 00:00:00.000000,2023-03-01 00:00:00.000000,Departamento,ARRIENDO,owner_direct
PI-2023-03-005273,portalinmobiliario,Maipú,Metropolitana,575000,16.43,57.3,2023-02-24 00:00:00.000000,2023-03-29 00:00:00.000000,Departamento,arriendo,agency
PI-2023-03-002354,portalinmobiliario,Quinta Normal,Metropolitana,695000,19.86,85.6,2023-03-08 00:00:00.000000,2023-03-15 00:00:00.000000,Departamento,arriendo,owner_direct
PI-2023-03-003028,portalinmobiliario,Recoleta,Metropolitana,550000,15.71,51.3,2023-03-02 00:00:00.000000,2023-03-22 00:00:00.000000,departamento,ARRIENDO,agency
PI-2023-03-004703,portalinmobiliario,Santiago,Metropolitana,425000,12.14,29.3,2023-03-05 00:00:00.000000,2023-03-29 00:00:00.000000,Departamento,arriendo,agency
PI-2023-03-000788,portalinmobiliario,Providencia,Metropolitana,1265000,36.14,64.6,2022-12-20 00:00:00.000000,2023-03-01 00:00:00.000000,departamento,ARRIENDO,agency
PI-2023-03-003585,portalinmobiliario,Estación Central,Metropolitana,425000,12.14,41.1,2023-03-10 00:00:00.000000,2023-03-22 00:00:00.000000,DEPARTAMENTO,ARRIENDO,agency
PI-2023-03-002068,portalinmobiliario,Pudahuel,Metropolitana,780000,22.29,112.4,2023-02-03 00:00:00.000000,2023-03-15 00:00:00.000000,departamento,ARRIENDO,agency
PI-2023-03-000546,portalinmobiliario,Ñuñoa,Metropolitana,715000,20.43,57.3,2023-02-01 00:00:00.000000,2023-03-01 00:00:00.000000,DEPARTAMENTO,ARRIENDO,agency
PI-2023-03-000418,portalinmobiliario,Providencia,Metropolitana,840000,24.0,45.0,2023-02-23 00:00:00.000000,2023-03-01 00:00:00.000000,DEPARTAMENTO,ARRIENDO,owner_direct
PI-2023-03-000935,portalinmobiliario,La Florida,Metropolitana,530000,15.14,39.4,2023-01-24 00:00:00.000000,2023-03-01 00:00:00.000000,DEPARTAMENTO,ARRIENDO,owner_direct
PI-2023-03-003321,portalinmobiliario,San Miguel,Metropolitana,525000,15.0,38.4,2022-12-07 00:00:00.000000,2023-03-22 00:00:00.000000,departamento,ARRIENDO,owner_direct
PI-2023-03-003958,portalinmobiliario,Las Condes,Metropolitana,795000,22.71,5.0,2023-02-05 00:00:00.000000,2023-03-22 00:00:00.000000,DEPARTAMENTO,arriendo,owner_direct
PI-2023-03-001494,portalinmobiliario,Providencia,Metropolitana,1220000,34.86,67.1,2023-02-10 00:00:00.000000,2023-03-08 00:00:00.000000,Departamento,arriendo,owner_direct
PI-2023-03-001466,portalinmobiliario,Santiago,Metropolitana,680000,19.43,59.7,2023-02-06 00:00:00.000000,2023-03-08 00:00:00.000000,Departamento,ARRIENDO,agency
PI-2023-03-002580,portalinmobiliario,Independencia,Metropolitana,500000,14.29,48.1,2023-03-08 00:00:00.000000,2023-03-15 00:00:00.000000,DEPARTAMENTO,arriendo,agency
PI-2023-03-001672,portalinmobiliario,Santiago,Metropolitana,535000,15.29,29.6,2023-01-21 00:00:00.000000,2023-03-08 00:00:00.000000,Departamento,Arriendo,agency
PI-2023-03-005199,portalinmobiliario,Las Condes,Metropolitana,995000,28.43,34.8,2023-03-03 00:00:00.000000,2023-03-29 00:00:00.000000,Departamento,ARRIENDO,agency
PI-2023-03-005342,portalinmobiliario,San Joaquín,Metropolitana,530000,15.14,54.3,2023-02-09 00:00:00.000000,2023-03-29 00:00:00.000000,departamento,ARRIENDO,owner_direct
PI-2023-03-000249,portalinmobiliario,La Florida,Metropolitana,355000,10.14,39.6,2023-02-03 00:00:00.000000,2023-03-01 00:00:00.000000,Departamento,arriendo,owner_direct
PI-2023-03-000216,portalinmobiliario,Estación Central,Metropolitana,450000,12.86,41.2,2023-01-08 00:00:00.000000,2023-03-01 00:00:00.000000,DEPARTAMENTO,arriendo,agency
PI-2023-03-002143,portalinmobiliario,Renca,Metropolitana,420000,12.0,56.0,2023-03-07 00:00:00.000000,2023-03-15 00:00:00.000000,DEPARTAMENTO,Arriendo,agency
PI-2023-03-004280,portalinmobiliario,Pudahuel,Metropolitana,495000,14.14,71.8,2023-03-15 00:00:00.000000,2023-03-29 00:00:00.000000,Departamento,Arriendo,agency
PI-2023-03-002254,portalinmobiliario,Conchalí,Metropolitana,475000,13.57,61.2,2023-02-28 00:00:00.000000,2023-03-15 00:00:00.000000,DEPARTAMENTO,Arriendo,agency
PI-2023-03-002453,portalinmobiliario,Peñalolén,Metropolitana,390000,11.14,27.3,2023-02-25 00:00:00.000000,2023-03-15 00:00:00.000000,departamento,ARRIENDO,owner_direct
PI-2023-03-000672,portalinmobiliario,San Miguel,Metropolitana,425000,12.14,29.1,2023-02-19 00:00:00.000000,2023-03-01 00:00:00.000000,DEPARTAMENTO,ARRIENDO,agency
PI-2023-03-001783,portalinmobiliario,Macul,Metropolitana,725000,20.71,60.2,2023-03-03 00:00:00.000000,2023-03-08 00:00:00.000000,Departamento,arriendo,agency
PI-2023-03-001874,portalinmobiliario,San Miguel,Metropolitana,545000,15.57,40.7,2023-03-01 00:00:00.000000,2023-03-08 00:00:00.000000,DEPARTAMENTO,ARRIENDO,owner_direct
PI-2023-03-002376,portalinmobiliario,La Cisterna,Metropolitana,725000,20.71,81.2,2023-02-12 00:00:00.000000,2023-03-15 00:00:00.000000,DEPARTAMENTO,ARRIENDO,agency
PI-2023-03-002824,portalinmobiliario,Cerrillos,Metropolitana,525000,15.0,54.1,2023-03-11 00:00:00.000000,2023-03-15 00:00:00.000000,DEPARTAMENTO,Arriendo,owner_direct
PI-2023-03-002933,portalinmobiliario,Huechuraba,Metropolitana,630000,18.0,43.7,2023-02-21 00:00:00.000000,2023-03-15 00:00:00.000000,Departamento,arriendo,agency
PI-2023-03-003686,portalinmobiliario,Quilicura,Metropolitana,410000,11.71,44.2,2023-03-11 00:00:00.000000,2023-03-22 00:00:00.000000,DEPARTAMENTO,Arriendo,agency
PI-2023-03-002479,portalinmobiliario,Quilicura,Metropolitana,450000,12.86,43.8,2023-03-05 00:00:00.000000,2023-03-15 00:00:00.000000,Departamento,Arriendo,agency
PI-2023-03-005214,portalinmobiliario,San Miguel,Metropolitana,520000,14.86,45.6,2023-02-25 00:00:00.000000,2023-03-29 00:00:00.000000,Departamento,arriendo,agency
PI-2023-03-003692,portalinmobiliario,Las Condes,Metropolitana,880000,25.14,35.3,2023-03-19 00:00:00.000000,2023-03-22 00:00:00.000000,departamento,arriendo,agency
PI-2023-03-005236,portalinmobiliario,Santiago,Metropolitana,630000,18.0,53.2,2023-03-03 00:00:00.000000,2023-03-29 00:00:00.000000,departamento,Arriendo,agency
PI-2023-03-002877,portalinmobiliario,San Joaquín,Metropolitana,885000,25.29,98.4,2023-02-02 00:00:00.000000,2023-03-15 00:00:00.000000,departamento,ARRIENDO,agency
PI-2023-03-001548,portalinmobiliario,La Florida,Metropolitana,485000,13.86,28.4,2023-01-30 00:00:00.000000,2023-03-08 00:00:00.000000,Departamento,Arriendo,agency
PI-2023-03-001258,portalinmobiliario,Estación Central,Metropolitana,690000,19.71,77.8,2023-01-28 00:00:00.000000,2023-03-08 00:00:00.000000,Departamento,ARRIENDO,agency
PI-2023-03-003347,portalinmobiliario,Las Condes,Metropolitana,1060000,30.29,53.0,2023-02-16 00:00:00.000000,2023-03-22 00:00:00.000000,DEPARTAMENTO,Arriendo,agency
PI-2023-03-005051,portalinmobiliario,Maipú,Metropolitana,555000,15.86,55.5,2023-03-02 00:00:00.000000,2023-03-29 00:00:00.000000,DEPARTAMENTO,ARRIENDO,agency
PI-2023-03-002591,portalinmobiliario,La Florida,Metropolitana,595000,,53.4,2023-03-07 00:00:00.000000,2023-03-15 00:00:00.000000,Departamento,ARRIENDO,owner_direct
PI-2023-03-004755,portalinmobiliario,Ñuñoa,Metropolitana,660000,18.86,35.6,2023-02-23 00:00:00.000000,2023-03-29 00:00:00.000000,Departamento,arriendo,agency
PI-2023-03-000090,portalinmobiliario,San Miguel,Metropolitana,5075000,145.0,33.2,2023-01-24 00:00:00.000000,2023-03-01 00:00:00.000000,departamento,arriendo,agency
PI-2023-03-002194,portalinmobiliario,Santiago,Metropolitana,550000,15.71,47.2,2023-02-24 00:00:00.000000,2023-03-15 00:00:00.000000,departamento,Arriendo,agency
PI-2023-03-001868,portalinmobiliario,San Miguel,Metropolitana,795000,22.71,81.6,2023-02-25 00:00:00.000000,2023-03-08 00:00:00.000000,departamento,ARRIENDO,agency
PI-2023-03-003255,portalinmobiliario,La Cisterna,Metropolitana,705000,20.14,103.3,2023-02-25 00:00:00.000000,2023-03-22 00:00:00.000000,DEPARTAMENTO,ARRIENDO,owner_direct
PI-2023-03-003386,portalinmobiliario,Santiago,Metropolitana,605000,17.29,49.6,2023-03-05 00:00:00.000000,2023-03-22 00:00:00.000000,DEPARTAMENTO,Arriendo,agency
PI-2023-03-001993,portalinmobiliario,Pudahuel,Metropolitana,560000,16.0,51.3,2023-02-08 00:00:00.000000,2023-03-15 00:00:00.000000,DEPARTAMENTO,Arriendo,agency
PI-2023-03-002191,portalinmobiliario,Santiago,Metropolitana,670000,19.14,44.6,2023-02-01 00:00:00.000000,2023-03-15 00:00:00.000000,DEPARTAMENTO,ARRIENDO,owner_direct
PI-2023-03-003304,portalinmobiliario,Las Condes,Metropolitana,3160000,90.29,76.3,2023-02-18 00:00:00.000000,2023-03-22 00:00:00.000000,departamento,Arriendo,agency
PI-2023-03-002038,portalinmobiliario,San Joaquín,Metropolitana,425000,12.14,37.3,2022-12-08 00:00:00.000000,2023-03-15 00:00:00.000000,departamento,ARRIENDO,agency
PI-2023-03-002919,portalinmobiliario,Huechuraba,Metropolitana,2025000,57.86,48.0,2023-02-21 00:00:00.000000,2023-03-15 00:00:00.000000,departamento,ARRIENDO,agency
PI-2023-03-004771,portalinmobiliario,Puente Alto,Metropolitana,500000,14.29,48.1,2023-03-04 00:00:00.000000,2023-03-29 00:00:00.000000,DEPARTAMENTO,arriendo,owner_direct
PI-2023-03-004334,portalinmobiliario,ÑUÑOA,Metropolitana,635000,18.14,45.1,2023-03-16 00:00:00.000000,2023-03-29 00:00:00.000000,Departamento,Arriendo,agency
PI-2023-03-000979,portalinmobiliario,Macul,Metropolitana,515000,14.71,37.7,2022-11-03 00:00:00.000000,2023-03-08 00:00:00.000000,departamento,Arriendo,agency
PI-2023-03-000565,portalinmobiliario,Maipú,Metropolitana,480000,13.71,45.4,2023-02-18 00:00:00.000000,2023-03-01 00:00:00.000000,DEPARTAMENTO,arriendo,agency
PI-2023-03-004901,portalinmobiliario,Providencia,Metropolitana,890000,25.43,45.7,2023-03-16 00:00:00.000000,2023-03-29 00:00:00.000000,Departamento,arriendo,owner_direct
PI-2023-03-003095,portalinmobiliario,Huechuraba,Metropolitana,745000,21.29,57.3,2023-02-22 00:00:00.000000,2023-03-22 00:00:00.000000,DEPARTAMENTO,Arriendo,agency
PI-2023-03-002713,portalinmobiliario,La Reina,Metropolitana,565000,16.14,27.9,2023-02-19 00:00:00.000000,2023-03-15 00:00:00.000000,DEPARTAMENTO,ARRIENDO,agency
PI-2023-03-002435,portalinmobiliario,La Florida ,Metropolitana,400000,11.43,10.0,2023-03-03 00:00:00.000000,2023-03-15 00:00:00.000000,DEPARTAMENTO,Arriendo,agency
PI-2023-03-001371,portalinmobiliario,Peñalolén,Metropolitana,665000,19.0,65.8,2023-03-02 00:00:00.000000,2023-03-08 00:00:00.000000,Departamento,arriendo,owner_direct
PI-2023-03-004131,portalinmobiliario,Estación Central,Metropolitana,440000,12.57,39.6,2023-03-25 00:00:00.000000,2023-03-29 00:00:00.000000,departamento,Arriendo,owner_direct
PI-2023-03-002199,portalinmobiliario,Las Condes,Metropolitana,985000,28.14,47.7,2023-03-05 00:00:00.000000,2023-03-15 00:00:00.000000,departamento,Arriendo,agency
PI-2023-03-001221,portalinmobiliario,Maipú,Metropolitana,350000,10.0,39.7,2023-02-19 00:00:00.000000,2023-03-08 00:00:00.000000,Departamento,ARRIENDO,agency
PI-2023-03-003715,portalinmobiliario,Providencia,Metropolitana,930000,26.57,45.2,2022-09-06 00:00:00.000000,2023-03-22 00:00:00.000000,Departamento,arriendo,owner_direct
PI-2023-03-004831,portalinmobiliario,Santiago,Metropolitana,465000,13.29,41.4,2023-03-26 00:00:00.000000,2023-03-29 00:00:00.000000,Departamento,ARRIENDO,owner_direct
PI-2023-03-004042,portalinmobiliario,La Florida,Metropolitana,450000,,37.4,2023-02-17 00:00:00.000000,2023-03-22 00:00:00.000000,DEPARTAMENTO,arriendo,owner_direct
PI-2023-03-002602,portalinmobiliario,La Cisterna,Metropolitana,440000,12.57,40.8,2023-03-02 00:00:00.000000,2023-03-15 00:00:00.000000,DEPARTAMENTO,arriendo,owner_direct
PI-2023-03-000478,portalinmobiliario,Independencia,Metropolitana,335000,9.57,27.7,2023-02-11 00:00:00.000000,2023-03-01 00:00:00.000000,DEPARTAMENTO,ARRIENDO,owner_direct
PI-2023-03-000466,portalinmobiliario,Ñuñoa,Metropolitana,580000,16.57,37.8,2023-01-11 00:00:00.000000,2023-03-01 00:00:00.000000,departamento,ARRIENDO,agency
PI-2023-03-000140,portalinmobiliario,PEÑALOLÉN,Metropolitana,475000,13.57,44.0,2023-02-16 00:00:00.000000,2023-03-01 00:00:00.000000,departamento,arriendo,owner_direct
PI-2023-03-004100,portalinmobiliario,Ñuñoa,Metropolitana,965000,27.57,86.6,2023-03-01 00:00:00.000000,2023-03-29 00:00:00.000000,departamento,arriendo,owner_direct
PI-2023-03-004768,portalinmobiliario,La Florida,Metropolitana,440000,12.57,48.7,2023-03-15 00:00:00.000000,2023-03-29 00:00:00.000000,departamento,Arriendo,agency
PI-2023-03-000564,portalinmobiliario,Lo Barnechea,Metropolitana,815000,23.29,44.6,2023-02-25 00:00:00.000000,2023-03-01 00:00:00.000000,DEPARTAMENTO,arriendo,owner_direct
PI-2023-03-000177,portalinmobiliario,Macul,Metropolitana,580000,16.57,38.9,2023-01-26 00:00:00.000000,2023-03-01 00:00:00.000000,departamento,arriendo,owner_direct
PI-2023-03-004903,portalinmobiliario,Estación Central,Metropolitana,440000,12.57,36.9,2023-03-18 00:00:00.000000,2023-03-29 00:00:00.000000,departamento,Arriendo,owner_direct
PI-2023-03-000710,portalinmobiliario,Lo Barnechea,Metropolitana,810000,23.14,40.8,2023-01-24 00:00:00.000000,2023-03-01 00:00:00.000000,departamento,ARRIENDO,agency
PI-2023-03-001427,portalinmobiliario,Macul,Metropolitana,395000,11.29,5.0,2023-02-18 00:00:00.000000,2023-03-08 00:00:00.000000,Departamento,Arriendo,owner_direct
PI-2023-03-000160,portalinmobiliario,Macul,Metropolitana,410000,11.71,30.3,2023-02-02 00:00:00.000000,2023-03-01 00:00:00.000000,DEPARTAMENTO,ARRIENDO,agency
PI-2023-03-001694,portalinmobiliario,Providencia,Metropolitana,1365000,39.0,81.7,2023-02-22 00:00:00.000000,2023-03-08 00:00:00.000000,DEPARTAMENTO,ARRIENDO,agency
PI-2023-03-002856,portalinmobiliario,San Miguel,Metropolitana,430000,12.29,29.4,2023-02-09 00:00:00.000000,2023-03-15 00:00:00.000000,DEPARTAMENTO,ARRIENDO,agency
PI-2023-03-004112,portalinmobiliario,LO BARNECHEA,Metropolitana,810000,23.14,46.4,2023-02-27 00:00:00.000000,2023-03-29 00:00:00.000000,DEPARTAMENTO,arriendo,owner_direct
PI-2023-03-000307,portalinmobiliario,La Reina,Metropolitana,775000,22.14,39.4,2023-01-17 00:00:00.000000,2023-03-01 00:00:00.000000,DEPARTAMENTO,Arriendo,agency
PI-2023-03-002903,portalinmobiliario,Conchalí,Metropolitana,525000,15.0,69.2,2023-03-01 00:00:00.000000,2023-03-15 00:00:00.000000,departamento,arriendo,owner_direct
PI-2023-03-003533,portalinmobiliario,Huechuraba,Metropolitana,470000,13.43,39.1,2023-02-15 00:00:00.000000,2023-03-22 00:00:00.000000,departamento,Arriendo,agency
PI-2023-03-004063,portalinmobiliario,Ñuñoa,Metropolitana,815000,23.29,50.5,2023-02-18 00:00:00.000000,2023-03-22 00:00:00.000000,departamento,ARRIENDO,owner_direct
PI-2023-03-001961,portalinmobiliario,Santiago,Metropolitana,745000,21.29,68.0,2023-03-10 00:00:00.000000,2023-03-15 00:00:00.000000,DEPARTAMENTO,ARRIENDO,agency
PI-2023-03-004845,portalinmobiliario,Santiago,Metropolitana,615000,17.57,47.3,2023-03-15 00:00:00.000000,2023-03-29 00:00:00.000000,Departamento,arriendo,agency
PI-2023-03-001108,portalinmobiliario,Maipú,Metropolitana,435000,12.43,52.5,2023-01-08 00:00:00.000000,2023-03-08 00:00:00.000000,Departamento,arriendo,agency
PI-2023-03-004282,portalinmobiliario,La Reina,Metropolitana,1010000,28.86,71.1,2023-01-11 00:00:00.000000,2023-03-29 00:00:00.000000,departamento,Arriendo,agency
PI-2023-03-004675,portalinmobiliario,Puente Alto,Metropolitana,565000,16.14,60.3,2023-02-19 00:00:00.000000,2023-03-29 00:00:00.000000,DEPARTAMENTO,arriendo,owner_direct
PI-2023-03-000519,portalinmobiliario,Pudahuel,Metropolitana,420000,12.0,39.0,2023-02-07 00:00:00.000000,2023-03-01 00:00:00.000000,departamento,Arriendo,owner_direct
PI-2023-03-002160,portalinmobiliario,Santiago,Metropolitana,475000,13.57,40.3,2023-02-04 00:00:00.000000,2023-03-15 00:00:00.000000,Departamento,Arriendo,agency
PI-2023-03-000311,portalinmobiliario,Huechuraba,Metropolitana,760000,21.71,72.6,2023-02-24 00:00:00.000000,2023-03-01 00:00:00.000000,departamento,Arriendo,owner_direct
PI-2023-03-002393,portalinmobiliario,Providencia,Metropolitana,885000,25.29,48.7,2023-01-04 00:00:00.000000,2023-03-15 00:00:00.000000,departamento,ARRIENDO,agency
PI-2023-03-000924,portalinmobiliario,Recoleta,Metropolitana,435000,12.43,32.3,2023-02-12 00:00:00.000000,2023-03-01 00:00:00.000000,DEPARTAMENTO,Arriendo,owner_direct
PI-2023-03-001813,portalinmobiliario,Lo Barnechea,Metropolitana,820000,23.43,45.0,2023-02-21 00:00:00.000000,2023-03-08 00:00:00.000000,Departamento,arriendo,agency
PI-2023-03-000576,portalinmobiliario,Santiago,Metropolitana,835000,23.86,97.5,2023-01-16 00:00:00.000000,2023-03-01 00:00:00.000000,Departamento,arriendo,owner_direct
PI-2023-03-002327,portalinmobiliario,Macul,Metropolitana,710000,20.29,69.6,2023-02-17 00:00:00.000000,2023-03-15 00:00:00.000000,departamento,ARRIENDO,owner_direct
PI-2023-03-004028,portalinmobiliario,Estación Central,Metropolitana,465000,13.29,40.2,2023-02-21 00:00:00.000000,2023-03-22 00:00:00.000000,DEPARTAMENTO,Arriendo,owner_direct
PI-2023-03-000900,portalinmobiliario,LAS CONDES,Metropolitana,1230000,35.14,85.9,2023-01-10 00:00:00.000000,2023-03-01 00:00:00.000000,Departamento,ARRIENDO,agency
PI-2023-03-004527,portalinmobiliario,Huechuraba,Metropolitana,540000,15.43,49.9,2023-03-22 00:00:00.000000,2023-03-29 00:00:00.000000,DEPARTAMENTO,arriendo,owner_direct
PI-2023-03-000402,portalinmobiliario,Maipú,Metropolitana,540000,,64.1,2022-12-28 00:00:00.000000,2023-03-01 00:00:00.000000,DEPARTAMENTO,Arriendo,agency
PI-2023-03-003649,portalinmobiliario,Providencia,Metropolitana,995000,28.43,53.9,2022-11-08 00:00:00.000000,2023-03-22 00:00:00.000000,DEPARTAMENTO,ARRIENDO,agency
PI-2023-03-005134,portalinmobiliario,santiago,Metropolitana,615000,17.57,48.1,2023-03-22 00:00:00.000000,2023-03-29 00:00:00.000000,Departamento,ARRIENDO,agency
PI-2023-03-005133,portalinmobiliario,Macul,Metropolitana,495000,14.14,30.6,2023-03-16 00:00:00.000000,2023-03-29 00:00:00.000000,departamento,arriendo,agency
PI-2023-03-004973,portalinmobiliario,Recoleta,Metropolitana,460000,13.14,40.6,2023-02-28 00:00:00.000000,2023-03-29 00:00:00.000000,departamento,Arriendo,agency
PI-2023-03-002907,portalinmobiliario,San Joaquín,Metropolitana,625000,17.86,59.6,2023-02-16 00:00:00.000000,2023-03-15 00:00:00.000000,Departamento,Arriendo,agency
PI-2023-03-004773,portalinmobiliario,Estación Central,Metropolitana,610000,17.43,62.9,2023-03-03 00:00:00.000000,2023-03-29 00:00:00.000000,Departamento,ARRIENDO,owner_direct
PI-2023-03-000465,portalinmobiliario,Ñuñoa,Metropolitana,540000,,34.4,2022-10-04 00:00:00.000000,2023-03-01 00:00:00.000000,DEPARTAMENTO,arriendo,agency
PI-2023-03-005343,portalinmobiliario,Lo Barnechea,Metropolitana,770000,22.0,43.5,2023-03-20 00:00:00.000000,2023-03-29 00:00:00.000000,DEPARTAMENTO,ARRIENDO,owner_direct
PI-2023-03-004292,portalinmobiliario,Recoleta,Metropolitana,410000,11.71,32.0,2023-03-19 00:00:00.000000,2023-03-29 00:00:00.000000,departamento,arriendo,owner_direct
PI-2023-03-001658,portalinmobiliario,Recoleta,Metropolitana,400000,11.43,28.2,2023-02-22 00:00:00.000000,2023-03-08 00:00:00.000000,departamento,ARRIENDO,owner_direct
PI-2023-03-004570,portalinmobiliario, Peñalolén,Metropolitana,590000,16.86,63.8,2023-03-11 00:00:00.000000,2023-03-29 00:00:00.000000,Departamento,ARRIENDO,agency
PI-2023-03-005366,portalinmobiliario,Conchalí,Metropolitana,485000,13.86,58.2,2023-03-03 00:00:00.000000,2023-03-29 00:00:00.000000,departamento,ARRIENDO,owner_direct
PI-2023-03-004688,portalinmobiliario,Providencia,Metropolitana,1145000,32.71,63.0,2023-02-26 00:00:00.000000,2023-03-29 00:00:00.000000,departamento,ARRIENDO,owner_direct
PI-2023-03-002911,portalinmobiliario,Santiago,Metropolitana,925000,26.43,100.3,2023-03-10 00:00:00.000000,2023-03-15 00:00:00.000000,Departamento,Arriendo,owner_direct
PI-2023-03-002037,portalinmobiliario,Maipú,Metropolitana,530000,15.14,69.8,2023-03-05 00:00:00.000000,2023-03-15 00:00:00.000000,Departamento,arriendo,owner_direct
PI-2023-03-000345,portalinmobiliario,Providencia,Metropolitana,895000,25.57,44.7,2023-02-07 00:00:00.000000,2023-03-01 00:00:00.000000,DEPARTAMENTO,arriendo,agency
PI-2023-03-001610,portalinmobiliario,La Florida,Metropolitana,560000,16.0,44.3,2023-02-05 00:00:00.000000,2023-03-08 00:00:00.000000,DEPARTAMENTO,ARRIENDO,owner_direct
PI-2023-03-000476,portalinmobiliario,Providencia,Metropolitana,890000,25.43,46.6,2023-01-30 00:00:00.000000,2023-03-01 00:00:00.000000,departamento,arriendo,agency
PI-2023-03-003874,portalinmobiliario,Santiago,Metropolitana,615000,17.57,45.2,2023-01-20 00:00:00.000000,2023-03-22 00:00:00.000000,departamento,arriendo,agency
PI-2023-03-003944,portalinmobiliario,Lo Barnechea,Metropolitana,1770000,50.57,135.5,2023-03-09 00:00:00.000000,2023-03-22 00:00:00.000000,departamento,ARRIENDO,owner_direct
PI-2023-03-004601,portalinmobiliario,Quilicura,Metropolitana,445000,12.71,43.9,2023-03-12 00:00:00.000000,2023-03-29 00:00:00.000000,Departamento,arriendo,owner_direct
PI-2023-03-002763,portalinmobiliario,La Florida,Metropolitana,365000,10.43,38.2,2023-03-06 00:00:00.000000,2023-03-15 00:00:00.000000,DEPARTAMENTO,arriendo,agency
PI-2023-03-002265,portalinmobiliario,Macul,Metropolitana,750000,21.43,71.1,2023-02-23 00:00:00.000000,2023-03-15 00:00:00.000000,departamento,Arriendo,owner_direct
PI-2023-03-004422,portalinmobiliario,Ñuñoa,Metropolitana,500000,14.29,26.9,2023-03-13 00:00:00.000000,2023-03-29 00:00:00.000000,DEPARTAMENTO,ARRIENDO,owner_direct
PI-2023-03-000391,portalinmobiliario,Las Condes,Metropolitana,1240000,35.43,61.1,2022-12-15 00:00:00.000000,2023-03-01 00:00:00.000000,DEPARTAMENTO,arriendo,owner_direct
PI-2023-03-004918,portalinmobiliario,Maipú,Metropolitana,645000,18.43,90.0,2022-10-14 00:00:00.000000,2023-03-29 00:00:00.000000,departamento,ARRIENDO,owner_direct
PI-2023-03-001944,portalinmobiliario,Estación Central,Metropolitana,535000,15.29,41.9,2023-03-12 00:00:00.000000,2023-03-15 00:00:00.000000,departamento,arriendo,owner_direct
PI-2023-03-000257,portalinmobiliario,Maipú,Metropolitana,535000,15.29,59.0,2023-02-14 00:00:00.000000,2023-03-01 00:00:00.000000,Departamento,Arriendo,agency
PI-2023-03-000585,portalinmobiliario,Puente Alto,Metropolitana,490000,14.0,60.9,2023-01-17 00:00:00.000000,2023-03-01 00:00:00.000000,Departamento,arriendo,agency
PI-2023-03-005196,portalinmobiliario,Macul,Metropolitana,650000,18.57,63.3,2023-02-05 00:00:00.000000,2023-03-29 00:00:00.000000,departamento,Arriendo,owner_direct
PI-2023-03-003639,portalinmobiliario,Cerrillos,Metropolitana,430000,12.29,34.2,2023-03-18 00:00:00.000000,2023-03-22 00:00:00.000000,DEPARTAMENTO,arriendo,agency
PI-2023-03-005081,portalinmobiliario,Peñalolén,Metropolitana,530000,15.14,38.6,2023-03-21 00:00:00.000000,2023-03-29 00:00:00.000000,Departamento,Arriendo,agency
PI-2023-03-003437,portalinmobiliario,Independencia,Metropolitana,460000,13.14,43.7,2023-03-07 00:00:00.000000,2023-03-22 00:00:00.000000,departamento,ARRIENDO,agency
PI-2023-03-001795,portalinmobiliario,Recoleta,Metropolitana,1110000,31.71,147.4,2023-02-25 00:00:00.000000,2023-03-08 00:00:00.000000,departamento,ARRIENDO,agency
PI-2023-03-005115,portalinmobiliario,La Florida,Metropolitana,620000,17.71,62.5,2023-03-08 00:00:00.000000,2023-03-29 00:00:00.000000,Departamento,Arriendo,owner_direct
PI-2023-03-004143,portalinmobiliario,Maipú,Metropolitana,500000,14.29,44.7,2023-03-21 00:00:00.000000,2023-03-29 00:00:00.000000,Departamento,ARRIENDO,agency
PI-2023-03-003280,portalinmobiliario,Santiago,Metropolitana,590000,16.86,61.5,2023-02-17 00:00:00.000000,2023-03-22 00:00:00.000000,departamento,Arriendo,agency
PI-2023-03-001776,portalinmobiliario,Ñuñoa,Metropolitana,720000,20.57,42.8,2023-02-12 00:00:00.000000,2023-03-08 00:00:00.000000,departamento,Arriendo,owner_direct
PI-2023-03-005305,portalinmobiliario,San Joaquín,Metropolitana,1390000,39.71,37.1,2023-03-02 00:00:00.000000,2023-03-29 00:00:00.000000,Departamento,arriendo,owner_direct
PI-2023-03-000400,portalinmobiliario,Quilicura,Metropolitana,445000,12.71,40.4,2023-01-22 00:00:00.000000,2023-03-01 00:00:00.000000,departamento,Arriendo,owner_direct
PI-2023-03-000006,portalinmobiliario,Estación Central,Metropolitana,460000,13.14,33.5,2023-02-12 00:00:00.000000,2023-03-01 00:00:00.000000,DEPARTAMENTO,ARRIENDO,agency
PI-2023-03-004402,portalinmobiliario,Huechuraba,Metropolitana,455000,13.0,28.6,2023-02-18 00:00:00.000000,2023-03-29 00:00:00.000000,DEPARTAMENTO,Arriendo,agency
PI-2023-03-002439,portalinmobiliario,Santiago,Metropolitana,530000,15.14,39.8,2023-01-27 00:00:00.000000,2023-03-15 00:00:00.000000,DEPARTAMENTO,ARRIENDO,owner_direct
PI-2023-03-001953,portalinmobiliario,La Florida,Metropolitana,475000,13.57,50.8,2022-11-12 00:00:00.000000,2023-03-15 00:00:00.000000,Departamento,ARRIENDO,owner_direct
PI-2023-03-002230,portalinmobiliario,La Cisterna,Metropolitana,520000,14.86,52.6,2023-03-02 00:00:00.000000,2023-03-15 00:00:00.000000,Departamento,Arriendo,agency
PI-2023-03-001497,portalinmobiliario,LA FLORIDA,Metropolitana,645000,18.43,66.2,2023-02-25 00:00:00.000000,2023-03-08 00:00:00.000000,DEPARTAMENTO,ARRIENDO,agency
PI-2023-03-000698,portalinmobiliario,Renca,Metropolitana,560000,16.0,79.7,2023-02-15 00:00:00.000000,2023-03-01 00:00:00.000000,DEPARTAMENTO,ARRIENDO,agency
PI-2023-03-002550,portalinmobiliario,Huechuraba,Metropolitana,1105000,31.57,98.3,2023-03-06 00:00:00.000000,2023-03-15 00:00:00.000000,departamento,arriendo,agency
PI-2023-03-001633,portalinmobiliario,Santiago ,Metropolitana,840000,24.0,66.3,2023-02-21 00:00:00.000000,2023-03-08 00:00:00.000000,departamento,arriendo,agency
PI-2023-03-001113,portalinmobiliario,Puente Alto,Metropolitana,350000,10.0,31.2,2023-02-09 00:00:00.000000,2023-03-08 00:00:00.000000,Departamento,arriendo,owner_direct
PI-2023-03-001152,portalinmobiliario,RECOLETA,Metropolitana,550000,15.71,63.2,2023-02-01 00:00:00.000000,2023-03-08 00:00:00.000000,departamento,arriendo,agency
PI-2023-03-003784,portalinmobiliario,San Miguel,Metropolitana,590000,16.86,59.3,2023-03-12 00:00:00.000000,2023-03-22 00:00:00.000000,departamento,arriendo,owner_direct
PI-2023-03-001831,portalinmobiliario,Recoleta,Metropolitana,630000,18.0,65.8,2023-03-03 00:00:00.000000,2023-03-08 00:00:00.000000,Departamento,ARRIENDO,agency
PI-2023-03-003928,portalinmobiliario,Vitacura,Metropolitana,1490000,42.57,116.7,2022-10-22 00:00:00.000000,2023-03-22 00:00:00.000000,departamento,arriendo,owner_direct
PI-2023-03-001160,portalinmobiliario,Santiago,Metropolitana,1010000,28.86,113.0,2023-02-19 00:00:00.000000,2023-03-08 00:00:00.000000,departamento,arriendo,agency
PI-2023-03-002994,portalinmobiliario,Las Condes,Metropolitana,800000,22.86,32.2,2023-03-15 00:00:00.000000,2023-03-22 00:00:00.000000,departamento,Arriendo,owner_direct
PI-2023-03-004430,portalinmobiliario,Santiago,Metropolitana,640000,18.29,51.5,2023-02-26 00:00:00.000000,2023-03-29 00:00:00.000000,DEPARTAMENTO,ARRIENDO,agency
PI-2023-03-004536,portalinmobiliario,vitacura,Metropolitana,930000,26.57,28.3,2023-03-20 00:00:00.000000,2023-03-29 00:00:00.000000,Departamento,ARRIENDO,agency
PI-2023-03-002882,portalinmobiliario,Huechuraba,Metropolitana,565000,16.14,41.0,2023-02-07 00:00:00.000000,2023-03-15 00:00:00.000000,Departamento,arriendo,agency
PI-2023-03-003691,portalinmobiliario,Maipú,Metropolitana,435000,12.43,46.8,2023-02-25 00:00:00.000000,2023-03-22 00:00:00.000000,departamento,arriendo,agency
PI-2023-03-004965,portalinmobiliario,Independencia,Metropolitana,435000,12.43,38.6,2023-03-17 00:00:00.000000,2023-03-29 00:00:00.000000,DEPARTAMENTO,Arriendo,owner_direct
PI-2023-03-001293,portalinmobiliario,Quilicura,Metropolitana,625000,17.86,77.4,2023-02-23 00:00:00.000000,2023-03-08 00:00:00.000000,departamento,arriendo,owner_direct
PI-2023-03-005267,portalinmobiliario,La Florida,Metropolitana,430000,12.29,33.2,2023-03-25 00:00:00.000000,2023-03-29 00:00:00.000000,DEPARTAMENTO,arriendo,owner_direct
PI-2023-03-003008,portalinmobiliario,Macul,Metropolitana,610000,17.43,47.6,2023-01-23 00:00:00.000000,2023-03-22 00:00:00.000000,DEPARTAMENTO,arriendo,owner_direct
PI-2023-03-001202,portalinmobiliario,Puente Alto,Metropolitana,335000,9.57,39.1,2022-07-12 00:00:00.000000,2023-03-08 00:00:00.000000,DEPARTAMENTO,arriendo,agency
PI-2023-03-004416,portalinmobiliario,Macul,Metropolitana,490000,14.0,37.7,2022-11-29 00:00:00.000000,2023-03-29 00:00:00.000000,Departamento,Arriendo,owner_direct
PI-2023-03-004854,portalinmobiliario,Santiago,Metropolitana,570000,16.29,40.9,2022-12-30 00:00:00.000000,2023-03-29 00:00:00.000000,departamento,ARRIENDO,agency
PI-2023-03-001565,portalinmobiliario,Santiago,Metropolitana,645000,18.43,58.8,2023-02-17 00:00:00.000000,2023-03-08 00:00:00.000000,departamento,Arriendo,owner_direct
PI-2023-03-001501,portalinmobiliario,Lo Barnechea,Metropolitana,1220000,34.86,79.4,2023-02-19 00:00:00.000000,2023-03-08 00:00:00.000000,DEPARTAMENTO,ARRIENDO,owner_direct
PI-2023-03-003190,portalinmobiliario,Independencia,Metropolitana,520000,14.86,45.5,2023-02-17 00:00:00.000000,2023-03-22 00:00:00.000000,departamento,arriendo,agency
PI-2023-03-000165,portalinmobiliario,Peñalolén,Metropolitana,905000,25.86,101.1,2023-01-03 00:00:00.000000,2023-03-01 00:00:00.000000,departamento,arriendo,agency
PI-2023-03-002998,portalinmobiliario,Maipú,Metropolitana,425000,12.14,38.7,2023-03-07 00:00:00.000000,2023-03-22 00:00:00.000000,Departamento,ARRIENDO,agency
PI-2023-03-002176,portalinmobiliario,Maipú,Metropolitana,625000,17.86,80.0,2023-03-12 00:00:00.000000,2023-03-15 00:00:00.000000,departamento,Arriendo,agency
PI-2023-03-001074,portalinmobiliario,Maipú,Metropolitana,525000,15.0,58.6,2022-11-12 00:00:00.000000,2023-03-08 00:00:00.000000,DEPARTAMENTO,ARRIENDO,agency
PI-2023-03-003807,portalinmobiliario,Pudahuel,Metropolitana,450000,12.86,50.2,2023-03-06 00:00:00.000000,2023-03-22 00:00:00.000000,Departamento,arriendo,agency
PI-2023-03-004258,portalinmobiliario,Independencia,Metropolitana,535000,15.29,50.9,2023-03-03 00:00:00.000000,2023-03-29 00:00:00.000000,DEPARTAMENTO,ARRIENDO,agency
PI-2023-03-000843,portalinmobiliario,San Miguel,Metropolitana,1085000,31.0,99.2,2023-02-18 00:00:00.000000,2023-03-01 00:00:00.000000,departamento,arriendo,agency
PI-2023-03-001440,portalinmobiliario,Peñalolén,Metropolitana,485000,13.86,32.1,2023-02-08 00:00:00.000000,2023-03-08 00:00:00.000000,Departamento,Arriendo,owner_direct
PI-2023-03-002377,portalinmobiliario,Santiago,Metropolitana,620000,17.71,53.7,2023-02-24 00:00:00.000000,2023-03-15 00:00:00.000000,departamento,arriendo,owner_direct
PI-2023-03-002073,portalinmobiliario,San Joaquín,Metropolitana,440000,12.57,30.4,2023-02-27 00:00:00.000000,2023-03-15 00:00:00.000000,Departamento,ARRIENDO,agency
PI-2023-03-001630,portalinmobiliario,Santiago,Metropolitana,675000,19.29,49.8,2023-02-18 00:00:00.000000,2023-03-08 00:00:00.000000,departamento,Arriendo,agency
PI-2023-03-001986,portalinmobiliario,San Miguel,Metropolitana,660000,18.86,57.7,2022-09-17 00:00:00.000000,2023-03-15 00:00:00.000000,Departamento,arriendo,agency
PI-2023-03-003098,portalinmobiliario,Renca,Metropolitana,735000,21.0,109.4,2023-01-09 00:00:00.000000,2023-03-22 00:00:00.000000,Departamento,arriendo,owner_direct
PI-2023-03-002109,portalinmobiliario,Estación Central,Metropolitana,435000,12.43,40.6,2023-02-11 00:00:00.000000,2023-03-15 00:00:00.000000,Departamento,ARRIENDO,owner_direct
PI-2023-03-002558,portalinmobiliario,Huechuraba,Metropolitana,490000,14.0,28.5,2023-02-20 00:00:00.000000,2023-03-15 00:00:00.000000,DEPARTAMENTO,ARRIENDO,owner_direct
PI-2023-03-004860,portalinmobiliario,Estación Central,Metropolitana,565000,16.14,74.3,2023-03-13 00:00:00.000000,2023-03-29 00:00:00.000000,Departamento,Arriendo,agency
PI-2023-03-000714,portalinmobiliario,Ñuñoa,Metropolitana,1260000,36.0,115.5,2023-02-27 00:00:00.000000,2023-03-01 00:00:00.000000,DEPARTAMENTO,Arriendo,agency
PI-2023-03-004345,portalinmobiliario,La Reina,Metropolitana,1050000,30.0,79.4,2023-01-03 00:00:00.000000,2023-03-29 00:00:00.000000,Departamento,arriendo,owner_direct
PI-2023-03-003836,portalinmobiliario,Estación Central,Metropolitana,460000,13.14,43.3,2023-03-06 00:00:00.000000,2023-03-22 00:00:00.000000,departamento,Arriendo,agency
PI-2023-03-002892,portalinmobiliario,Quilicura,Metropolitana,400000,11.43,27.2,2023-03-04 00:00:00.000000,2023-03-15 00:00:00.000000,DEPARTAMENTO,ARRIENDO,agency
PI-2023-03-000370,portalinmobiliario,Recoleta,Metropolitana,660000,18.86,79.1,2023-01-25 00:00:00.000000,2023-03-01 00:00:00.000000,Departamento,ARRIENDO,agency
PI-2023-03-001418,portalinmobiliario,Independencia,Metropolitana,445000,12.71,29.5,2023-02-23 00:00:00.000000,2023-03-08 00:00:00.000000,departamento,Arriendo,agency
PI-2023-03-001611,portalinmobiliario,Pudahuel,Metropolitana,585000,16.71,72.1,2023-02-06 00:00:00.000000,2023-03-08 00:00:00.000000,departamento,arriendo,owner_direct
PI-2023-03-003484,portalinmobiliario,Maipú,Metropolitana,445000,12.71,43.3,2023-02-09 00:00:00.000000,2023-03-22 00:00:00.000000,departamento,arriendo,agency
PI-2023-03-004491,portalinmobiliario,La Cisterna,Metropolitana,485000,13.86,51.9,2023-03-18 00:00:00.000000,2023-03-29 00:00:00.000000,departamento,Arriendo,owner_direct
PI-2023-03-004984,portalinmobiliario,Macul,Metropolitana,575000,16.43,37.5,2023-03-26 00:00:00.000000,2023-03-29 00:00:00.000000,Departamento,arriendo,agency
PI-2023-03-001866,portalinmobiliario,Las Condes,Metropolitana,880000,25.14,34.5,2023-02-16 00:00:00.000000,2023-03-08 00:00:00.000000,DEPARTAMENTO,Arriendo,owner_direct
PI-2023-03-003178,portalinmobiliario,Macul,Metropolitana,565000,,48.7,2023-02-15 00:00:00.000000,2023-03-22 00:00:00.000000,DEPARTAMENTO,arriendo,owner_direct
PI-2023-03-002406,portalinmobiliario,Estación Central,Metropolitana,420000,12.0,31.8,2023-02-13 00:00:00.000000,2023-03-15 00:00:00.000000,DEPARTAMENTO,Arriendo,agency
PI-2023-03-002699,portalinmobiliario,Estación Central,Metropolitana,370000,10.57,28.5,2023-02-17 00:00:00.000000,2023-03-15 00:00:00.000000,departamento,Arriendo,owner_direct
PI-2023-03-001038,portalinmobiliario,Estación Central,Metropolitana,595000,17.0,70.4,2023-01-04 00:00:00.000000,2023-03-08 00:00:00.000000,DEPARTAMENTO,arriendo,agency
PI-2023-03-003964,portalinmobiliario,Estación Central,Metropolitana,375000,10.71,35.9,2022-11-11 00:00:00.000000,2023-03-22 00:00:00.000000,Departamento,arriendo,agency
PI-2023-03-002504,portalinmobiliario,La Reina,Metropolitana,3790000,108.29,400.0,2023-03-08 00:00:00.000000,2023-03-15 00:00:00.000000,Departamento,Arriendo,owner_direct
PI-2023-03-001283,portalinmobiliario,Estación Central,Metropolitana,535000,15.29,48.9,2023-02-08 00:00:00.000000,2023-03-08 00:00:00.000000,departamento,ARRIENDO,agency
PI-2023-03-001182,portalinmobiliario,La Reina,Metropolitana,775000,22.14,47.4,2022-11-28 00:00:00.000000,2023-03-08 00:00:00.000000,Departamento,ARRIENDO,agency
PI-2023-03-001072,portalinmobiliario,Las Condes,Metropolitana,1335000,38.14,62.9,2023-01-13 00:00:00.000000,2023-03-08 00:00:00.000000,departamento,arriendo,owner_direct
PI-2023-03-003424,portalinmobiliario,Recoleta,Metropolitana,410000,11.71,33.8,2023-02-21 00:00:00.000000,2023-03-22 00:00:00.000000,DEPARTAMENTO,Arriendo,agency
PI-2023-03-002104,portalinmobiliario,Santiago,Metropolitana,710000,20.29,48.5,2023-02-24 00:00:00.000000,2023-03-15 00:00:00.000000,departamento,Arriendo,agency
PI-2023-03-000911,portalinmobiliario,Estación Central,Metropolitana,490000,14.0,50.5,2022-11-23 00:00:00.000000,2023-03-01 00:00:00.000000,departamento,arriendo,agency
PI-2023-03-000750,portalinmobiliario,Independencia,Metropolitana,565000,16.14,39.4,2023-02-13 00:00:00.000000,2023-03-01 00:00:00.000000,DEPARTAMENTO,arriendo,agency
PI-2023-03-003310,portalinmobiliario,Huechuraba,Metropolitana,550000,15.71,35.9,2023-02-25 00:00:00.000000,2023-03-22 00:00:00.000000,departamento,ARRIENDO,agency
PI-2023-03-003211,portalinmobiliario,Estación Central,Metropolitana,640000,18.29,72.2,2023-03-05 00:00:00.000000,2023-03-22 00:00:00.000000,DEPARTAMENTO,ARRIENDO,agency
PI-2023-03-001271,portalinmobiliario,Quilicura,Metropolitana,390000,11.14,33.4,2023-02-06 00:00:00.000000,2023-03-08 00:00:00.000000,Departamento,arriendo,agency
PI-2023-03-001178,portalinmobiliario,Renca,Metropolitana,420000,12.0,44.3,2023-02-14 00:00:00.000000,2023-03-08 00:00:00.000000,DEPARTAMENTO,arriendo,agency
PI-2023-03-001956,portalinmobiliario,La Florida,Metropolitana,925000,26.43,100.1,2023-01-21 00:00:00.000000,2023-03-15 00:00:00.000000,Departamento,Arriendo,agency
PI-2023-03-004375,portalinmobiliario,Macul,Metropolitana,430000,12.29,50.4,2023-02-21 00:00:00.000000,2023-03-29 00:00:00.000000,DEPARTAMENTO,arriendo,agency
PI-2023-03-004115,portalinmobiliario,Santiago,Metropolitana,655000,18.71,45.6,2023-03-26 00:00:00.000000,2023-03-29 00:00:00.000000,Departamento,Arriendo,owner_direct
PI-2023-03-005137,portalinmobiliario,Ñuñoa,Metropolitana,680000,19.43,40.5,2023-03-23 00:00:00.000000,2023-03-29 00:00:00.000000,DEPARTAMENTO,ARRIENDO,agency
PI-2023-03-005250,portalinmobiliario,La Cisterna,Metropolitana,715000,20.43,68.8,2023-03-04 00:00:00.000000,2023-03-29 00:00:00.000000,Departamento,ARRIENDO,owner_direct
PI-2023-03-004997,portalinmobiliario,Cerrillos,Metropolitana,365000,10.43,41.5,2023-03-02 00:00:00.000000,2023-03-29 00:00:00.000000,DEPARTAMENTO,arriendo,owner_direct
PI-2023-03-004324,portalinmobiliario,LAS CONDES,Metropolitana,1475000,42.14,87.5,2023-01-17 00:00:00.000000,2023-03-29 00:00:00.000000,departamento,Arriendo,agency
PI-2023-03-001363,portalinmobiliario,Ñuñoa,Metropolitana,655000,18.71,51.7,2023-02-08 00:00:00.000000,2023-03-08 00:00:00.000000,Departamento,ARRIENDO,agency
PI-2023-03-001582,portalinmobiliario,Ñuñoa,Metropolitana,560000,16.0,35.8,2023-02-05 00:00:00.000000,2023-03-08 00:00:00.000000,Departamento,arriendo,agency
PI-2023-03-000061,portalinmobiliario,Peñalolén,Metropolitana,410000,11.71,38.7,2023-01-27 00:00:00.000000,2023-03-01 00:00:00.000000,departamento,ARRIENDO,owner_direct
PI-2023-03-000235,portalinmobiliario,Providencia,Metropolitana,765000,21.86,32.4,2023-02-01 00:00:00.000000,2023-03-01 00:00:00.000000,Departamento,arriendo,owner_direct
PI-2023-03-003634,portalinmobiliario,Ñuñoa,Metropolitana,610000,17.43,36.6,2023-02-18 00:00:00.000000,2023-03-22 00:00:00.000000,DEPARTAMENTO,ARRIENDO,agency
PI-2023-03-000366,portalinmobiliario,Santiago,Metropolitana,545000,15.57,61.6,2023-02-03 00:00:00.000000,2023-03-01 00:00:00.000000,DEPARTAMENTO,arriendo,agency
PI-2023-03-002901,portalinmobiliario,Ñuñoa,Metropolitana,740000,21.14,53.7,2023-01-28 00:00:00.000000,2023-03-15 00:00:00.000000,departamento,ARRIENDO,agency
PI-2023-03-002957,portalinmobiliario,La Florida,Metropolitana,395000,11.29,38.1,2022-10-21 00:00:00.000000,2023-03-22 00:00:00.000000,Departamento,Arriendo,agency
PI-2023-03-001859,portalinmobiliario,Macul,Metropolitana,655000,18.71,62.8,2022-11-09 00:00:00.000000,2023-03-08 00:00:00.000000,departamento,ARRIENDO,owner_direct
PI-2023-03-003443,portalinmobiliario,Santiago,Metropolitana,695000,19.86,61.7,2023-03-20 00:00:00.000000,2023-03-22 00:00:00.000000,departamento,Arriendo,owner_direct
PI-2023-03-001207,portalinmobiliario,MACUL,Metropolitana,615000,17.57,46.1,2023-01-21 00:00:00.000000,2023-03-08 00:00:00.000000,Departamento,arriendo,owner_direct
PI-2023-03-004992,portalinmobiliario,Santiago,Metropolitana,550000,15.71,34.2,2023-03-15 00:00:00.000000,2023-03-29 00:00:00.000000,departamento,arriendo,agency
PI-2023-03-000151,portalinmobiliario,Macul,Metropolitana,560000,16.0,46.4,2023-02-24 00:00:00.000000,2023-03-01 00:00:00.000000,departamento,ARRIENDO,agency
PI-2023-03-004079,portalinmobiliario,Providencia,Metropolitana,960000,27.43,52.8,2023-03-05 00:00:00.000000,2023-03-29 00:00:00.000000,Departamento,ARRIENDO,owner_direct
PI-2023-03-000761,portalinmobiliario,Puente Alto,Metropolitana,380000,10.86,46.2,2023-02-11 00:00:00.000000,2023-03-01 00:00:00.000000,Departamento,ARRIENDO,agency
PI-2023-03-004746,portalinmobiliario,Independencia,Metropolitana,470000,13.43,44.7,2023-03-22 00:00:00.000000,2023-03-29 00:00:00.000000,DEPARTAMENTO,arriendo,owner_direct
PI-2023-03-003041,portalinmobiliario,La Florida,Metropolitana,620000,17.71,59.0,2023-03-03 00:00:00.000000,2023-03-22 00:00:00.000000,Departamento,arriendo,owner_direct
PI-2023-03-000045,portalinmobiliario,Peñalolén,Metropolitana,525000,15.0,42.7,2022-07-16 00:00:00.000000,2023-03-01 00:00:00.000000,Departamento,Arriendo,owner_direct
PI-2023-03-003917,portalinmobiliario,Las Condes ,Metropolitana,870000,24.86,42.4,2023-02-11 00:00:00.000000,2023-03-22 00:00:00.000000,departamento,Arriendo,agency
PI-2023-03-003699,portalinmobiliario,Santiago,Metropolitana,610000,17.43,63.4,2023-03-15 00:00:00.000000,2023-03-22 00:00:00.000000,Departamento,Arriendo,owner_direct
PI-2023-03-002937,portalinmobiliario,Macul,Metropolitana,605000,17.29,55.3,2023-02-12 00:00:00.000000,2023-03-15 00:00:00.000000,DEPARTAMENTO,ARRIENDO,agency
PI-2023-03-001419,portalinmobiliario,La Cisterna,Metropolitana,425000,12.14,30.0,2023-02-23 00:00:00.000000,2023-03-08 00:00:00.000000,Departamento,arriendo,agency
PI-2023-03-002101,portalinmobiliario,Ñuñoa,Metropolitana,710000,20.29,51.3,2023-02-19 00:00:00.000000,2023-03-15 00:00:00.000000,departamento,Arriendo,agency
PI-2023-03-002859,portalinmobiliario,Lo Barnechea,Metropolitana,1060000,30.29,85.5,2023-03-01 00:00:00.000000,2023-03-15 00:00:00.000000,departamento,arriendo,agency
PI-2023-03-004376,portalinmobiliario,Santiago,Metropolitana,535000,15.29,48.0,2023-03-16 00:00:00.000000,2023-03-29 00:00:00.000000,departamento,Arriendo,agency
PI-2023-03-003430,portalinmobiliario,Maipú,Metropolitana,535000,15.29,51.4,2023-02-06 00:00:00.000000,2023-03-22 00:00:00.000000,departamento,Arriendo,agency
PI-2023-03-003927,portalinmobiliario,La Cisterna,Metropolitana,675000,19.29,64.7,2023-03-05 00:00:00.000000,2023-03-22 00:00:00.000000,DEPARTAMENTO,ARRIENDO,owner_direct
PI-2023-03-003992,portalinmobiliario,Recoleta,Metropolitana,370000,10.57,27.5,2023-02-16 00:00:00.000000,2023-03-22 00:00:00.000000,DEPARTAMENTO,Arriendo,owner_direct
PI-2023-03-001542,portalinmobiliario,Maipú,Metropolitana,545000,15.57,66.9,2023-02-10 00:00:00.000000,2023-03-08 00:00:00.000000,departamento,ARRIENDO,owner_direct
PI-2023-03-004618,portalinmobiliario,Recoleta,Metropolitana,400000,11.43,44.2,2023-03-06 00:00:00.000000,2023-03-29 00:00:00.000000,DEPARTAMENTO,arriendo,owner_direct
PI-2023-03-001410,portalinmobiliario,San Miguel,Metropolitana,750000,21.43,69.2,2022-11-24 00:00:00.000000,2023-03-08 00:00:00.000000,Departamento,ARRIENDO,agency
PI-2023-03-002017,portalinmobiliario,Santiago,Metropolitana,600000,17.14,57.5,2023-02-18 00:00:00.000000,2023-03-15 00:00:00.000000,departamento,arriendo,agency
PI-2023-03-004020,portalinmobiliario,Estación Central,Metropolitana,410000,11.71,35.1,2023-02-19 00:00:00.000000,2023-03-22 00:00:00.000000,DEPARTAMENTO,arriendo,owner_direct
PI-2023-03-005085,portalinmobiliario,Santiago,Metropolitana,740000,21.14,88.4,2023-03-16 00:00:00.000000,2023-03-29 00:00:00.000000,DEPARTAMENTO,ARRIENDO,owner_direct
PI-2023-03-001654,portalinmobiliario,Quilicura,Metropolitana,420000,12.0,38.5,2023-01-31 00:00:00.000000,2023-03-08 00:00:00.000000,departamento,arriendo,agency
PI-2023-03-000538,portalinmobiliario,Santiago,Metropolitana,590000,16.86,65.1,2023-01-11 00:00:00.000000,2023-03-01 00:00:00.000000,Departamento,Arriendo,owner_direct
PI-2023-03-002316,portalinmobiliario,Santiago,Metropolitana,575000,16.43,42.1,2023-01-31 00:00:00.000000,2023-03-15 00:00:00.000000,Departamento,ARRIENDO,agency
PI-2023-03-001741,portalinmobiliario,Ñuñoa,Metropolitana,850000,24.29,66.2,2023-02-28 00:00:00.000000,2023-03-08 00:00:00.000000,departamento,arriendo,agency
PI-2023-03-003824,portalinmobiliario,Providencia,Metropolitana,680000,19.43,2.0,2023-02-19 00:00:00.000000,2023-03-22 00:00:00.000000,Departamento,arriendo,agency
PI-2023-03-003599,portalinmobiliario,Huechuraba,Metropolitana,460000,13.14,20.0,2023-02-15 00:00:00.000000,2023-03-22 00:00:00.000000,departamento,arriendo,owner_direct
PI-2023-03-004660,portalinmobiliario,Recoleta,Metropolitana,710000,20.29,88.2,2023-02-09 00:00:00.000000,2023-03-29 00:00:00.000000,Departamento,Arriendo,agency
PI-2023-03-000691,portalinmobiliario,Estación Central,Metropolitana,425000,12.14,40.1,2023-02-07 00:00:00.000000,2023-03-01 00:00:00.000000,departamento,arriendo,agency
PI-2023-03-000660,portalinmobiliario,Independencia,Metropolitana,390000,11.14,37.6,2023-02-11 00:00:00.000000,2023-03-01 00:00:00.000000,departamento,ARRIENDO,owner_direct
PI-2023-03-004737,portalinmobiliario,Peñalolén,Metropolitana,740000,21.14,84.0,2023-03-17 00:00:00.000000,2023-03-29 00:00:00.000000,DEPARTAMENTO,ARRIENDO,owner_direct
PI-2023-03-003458,portalinmobiliario,San Miguel,Metropolitana,400000,11.43,33.3,2023-03-08 00:00:00.000000,2023-03-22 00:00:00.000000,Departamento,arriendo,owner_direct
PI-2023-03-001886,portalinmobiliario,Santiago,Metropolitana,670000,19.14,56.8,2023-02-26 00:00:00.000000,2023-03-08 00:00:00.000000,Departamento,Arriendo,owner_direct
PI-2023-03-000360,portalinmobiliario,Estación Central,Metropolitana,720000,20.57,110.1,2023-02-03 00:00:00.000000,2023-03-01 00:00:00.000000,DEPARTAMENTO,arriendo,agency
PI-2023-03-004263,portalinmobiliario,Estación Central,Metropolitana,430000,12.29,50.2,2023-03-24 00:00:00.000000,2023-03-29 00:00:00.000000,Departamento,arriendo,owner_direct
PI-2023-03-004137,portalinmobiliario,Ñuñoa,Metropolitana,595000,17.0,39.2,2023-03-12 00:00:00.000000,2023-03-29 00:00:00.000000,Departamento,arriendo,agency
PI-2023-03-003459,portalinmobiliario,Peñalolén,Metropolitana,420000,12.0,29.0,2023-03-08 00:00:00.000000,2023-03-22 00:00:00.000000,Departamento,ARRIENDO,owner_direct
PI-2023-03-004960,portalinmobiliario,Providencia,Metropolitana,980000,28.0,48.0,2023-03-10 00:00:00.000000,2023-03-29 00:00:00.000000,Departamento,ARRIENDO,agency
PI-2023-03-003043,portalinmobiliario,Conchalí,Metropolitana,470000,13.43,49.0,2023-02-17 00:00:00.000000,2023-03-22 00:00:00.000000,Departamento,Arriendo,agency
PI-2023-03-004189,portalinmobiliario,Macul,Metropolitana,615000,17.57,50.5,2023-03-04 00:00:00.000000,2023-03-29 00:00:00.000000,departamento,Arriendo,agency
PI-2023-03-002880,portalinmobiliario,Estación Central,Metropolitana,570000,16.29,75.2,2022-11-04 00:00:00.000000,2023-03-15 00:00:00.000000,Departamento,arriendo,owner_direct
PI-2023-03-004709,portalinmobiliario,Ñuñoa,Metropolitana,735000,21.0,51.0,2023-03-21 00:00:00.000000,2023-03-29 00:00:00.000000,DEPARTAMENTO,Arriendo,owner_direct
PI-2023-03-000973,portalinmobiliario,Quilicura,Metropolitana,420000,12.0,42.4,2022-11-12 00:00:00.000000,2023-03-08 00:00:00.000000,departamento,ARRIENDO,owner_direct
PI-2023-03-003805,portalinmobiliario,Providencia,Metropolitana,610000,17.43,36.3,2023-01-13 00:00:00.000000,2023-03-22 00:00:00.000000,DEPARTAMENTO,arriendo,agency
PI-2023-03-001970,portalinmobiliario,San Joaquín,Metropolitana,470000,13.43,50.9,2023-03-01 00:00:00.000000,2023-03-15 00:00:00.000000,departamento,ARRIENDO,owner_direct
PI-2023-03-004262,portalinmobiliario,Las Condes,Metropolitana,1300000,37.14,61.1,2023-03-09 00:00:00.000000,2023-03-29 00:00:00.000000,departamento,arriendo,owner_direct
PI-2023-03-003951,portalinmobiliario,Quilicura,Metropolitana,610000,17.43,77.7,2023-03-16 00:00:00.000000,2023-03-22 00:00:00.000000,DEPARTAMENTO,arriendo,agency
PI-2023-03-002025,portalinmobiliario,Providencia,Metropolitana,860000,24.57,38.9,2023-02-26 00:00:00.000000,2023-03-15 00:00:00.000000,DEPARTAMENTO,ARRIENDO,owner_direct
PI-2023-03-000198,portalinmobiliario,Maipú,Metropolitana,505000,14.43,42.7,2023-02-14 00:00:00.000000,2023-03-01 00:00:00.000000,Departamento,ARRIENDO,agency
PI-2023-03-003993,portalinmobiliario,Ñuñoa,Metropolitana,1080000,30.86,86.8,2022-10-22 00:00:00.000000,2023-03-22 00:00:00.000000,DEPARTAMENTO,ARRIENDO,agency
PI-2023-03-000988,portalinmobiliario,Providencia,Metropolitana,1990000,56.86,130.8,2023-01-11 00:00:00.000000,2023-03-08 00:00:00.000000,DEPARTAMENTO,arriendo,agency
PI-2023-03-002054,portalinmobiliario,VITACURA,Metropolitana,1235000,35.29,54.8,2023-02-24 00:00:00.000000,2023-03-15 00:00:00.000000,departamento,arriendo,agency
PI-2023-03-001483,portalinmobiliario,Santiago,Metropolitana,1000000,28.57,121.0,2023-02-23 00:00:00.000000,2023-03-08 00:00:00.000000,Departamento,ARRIENDO,owner_direct
PI-2023-03-004629,portalinmobiliario,Cerrillos,Metropolitana,360000,10.29,24.4,2023-03-25 00:00:00.000000,2023-03-29 00:00:00.000000,DEPARTAMENTO,Arriendo,agency
PI-2023-03-001456,portalinmobiliario,Peñalolén,Metropolitana,665000,19.0,61.9,2023-02-20 00:00:00.000000,2023-03-08 00:00:00.000000,Departamento,ARRIENDO,agency
PI-2023-03-001417,portalinmobiliario,Peñalolén,Metropolitana,515000,14.71,41.4,2022-12-15 00:00:00.000000,2023-03-08 00:00:00.000000,departamento,Arriendo,agency
PI-2023-03-001104,portalinmobiliario,Maipú,Metropolitana,440000,12.57,50.1,2023-03-03 00:00:00.000000,2023-03-08 00:00:00.000000,DEPARTAMENTO,Arriendo,agency
PI-2023-03-000381,portalinmobiliario,Vitacura,Metropolitana,1060000,30.29,47.1,2023-02-20 00:00:00.000000,2023-03-01 00:00:00.000000,departamento,arriendo,agency
PI-2023-03-003695,portalinmobiliario,Las Condes,Metropolitana,1285000,36.71,71.8,2023-02-28 00:00:00.000000,2023-03-22 00:00:00.000000,Departamento,Arriendo,agency
PI-2023-03-004962,portalinmobiliario,peñalolén,Metropolitana,535000,15.29,40.8,2023-03-23 00:00:00.000000,2023-03-29 00:00:00.000000,departamento,arriendo,agency
PI-2023-03-004936,portalinmobiliario,Santiago,Metropolitana,810000,23.14,70.7,2023-03-17 00:00:00.000000,2023-03-29 00:00:00.000000,Departamento,ARRIENDO,agency
PI-2023-03-002684,portalinmobiliario,Huechuraba,Metropolitana,595000,17.0,46.0,2023-03-11 00:00:00.000000,2023-03-15 00:00:00.000000,departamento,Arriendo,agency
PI-2023-03-000214,portalinmobiliario,Quinta Normal,Metropolitana,385000,11.0,27.0,2023-02-19 00:00:00.000000,2023-03-01 00:00:00.000000,DEPARTAMENTO,ARRIENDO,agency
PI-2023-03-001286,portalinmobiliario,Independencia,Metropolitana,330000,9.43,26.0,2023-02-26 00:00:00.000000,2023-03-08 00:00:00.000000,Departamento,arriendo,agency
PI-2023-03-000397,portalinmobiliario,La Cisterna,Metropolitana,425000,12.14,31.6,2023-02-03 00:00:00.000000,2023-03-01 00:00:00.000000,Departamento,ARRIENDO,agency
PI-2023-03-004176,portalinmobiliario,Santiago,Metropolitana,675000,19.29,51.8,2023-03-24 00:00:00.000000,2023-03-29 00:00:00.000000,departamento,Arriendo,agency
PI-2023-03-000455,portalinmobiliario,Peñalolén,Metropolitana,525000,15.0,35.3,2022-12-27 00:00:00.000000,2023-03-01 00:00:00.000000,DEPARTAMENTO,Arriendo,agency
PI-2023-03-000084,portalinmobiliario,Ñuñoa,Metropolitana,625000,17.86,45.6,2023-02-27 00:00:00.000000,2023-03-01 00:00:00.000000,Departamento,ARRIENDO,owner_direct
PI-2023-03-001592,portalinmobiliario, Independencia,Metropolitana,1085000,31.0,153.8,2023-01-11 00:00:00.000000,2023-03-08 00:00:00.000000,DEPARTAMENTO,Arriendo,agency
PI-2023-03-003410,portalinmobiliario,San Joaquín,Metropolitana,545000,15.57,63.7,2023-03-16 00:00:00.000000,2023-03-22 00:00:00.000000,departamento,ARRIENDO,agency
PI-2023-03-001936,portalinmobiliario,Cerrillos,Metropolitana,520000,14.86,46.7,2023-01-29 00:00:00.000000,2023-03-15 00:00:00.000000,Departamento,Arriendo,agency
PI-2023-03-000798,portalinmobiliario,San Miguel,Metropolitana,430000,12.29,37.0,2023-02-07 00:00:00.000000,2023-03-01 00:00:00.000000,departamento,Arriendo,owner_direct
PI-2023-03-002157,portalinmobiliario,La Florida,Metropolitana,515000,14.71,41.9,2023-03-04 00:00:00.000000,2023-03-15 00:00:00.000000,Departamento,arriendo,owner_direct
PI-2023-03-000617,portalinmobiliario,Ñuñoa,Metropolitana,765000,21.86,41.7,2023-02-02 00:00:00.000000,2023-03-01 00:00:00.000000,departamento,ARRIENDO,agency
PI-2023-03-003486,portalinmobiliario,Independencia,Metropolitana,625000,17.86,65.5,2022-12-06 00:00:00.000000,2023-03-22 00:00:00.000000,Departamento,Arriendo,agency
PI-2023-03-001288,portalinmobiliario,Santiago,Metropolitana,520000,14.86,27.6,2023-01-19 00:00:00.000000,2023-03-08 00:00:00.000000,DEPARTAMENTO,Arriendo,agency
PI-2023-03-000404,portalinmobiliario,Estación Central,Metropolitana,365000,10.43,27.4,2023-02-10 00:00:00.000000,2023-03-01 00:00:00.000000,DEPARTAMENTO,Arriendo,owner_direct
PI-2023-03-001039,portalinmobiliario,La Florida,Metropolitana,505000,14.43,57.1,2023-02-05 00:00:00.000000,2023-03-08 00:00:00.000000,departamento,ARRIENDO,agency
PI-2023-03-002257,portalinmobiliario,San Miguel,Metropolitana,685000,19.57,75.5,2023-03-02 00:00:00.000000,2023-03-15 00:00:00.000000,DEPARTAMENTO,Arriendo,owner_direct
PI-2023-03-002145,portalinmobiliario,Las Condes,Metropolitana,1025000,29.29,52.8,2023-02-22 00:00:00.000000,2023-03-15 00:00:00.000000,DEPARTAMENTO,ARRIENDO,agency
PI-2023-03-005341,portalinmobiliario,Independencia,Metropolitana,730000,20.86,85.9,2023-02-11 00:00:00.000000,2023-03-29 00:00:00.000000,departamento,arriendo,agency
PI-2023-03-004029,portalinmobiliario,Macul,Metropolitana,800000,22.86,81.4,2023-03-11 00:00:00.000000,2023-03-22 00:00:00.000000,Departamento,arriendo,owner_direct
PI-2023-03-003091,portalinmobiliario,San Joaquín,Metropolitana,510000,14.57,44.6,2023-03-05 00:00:00.000000,2023-03-22 00:00:00.000000,departamento,Arriendo,owner_direct
PI-2023-03-002694,portalinmobiliario,Recoleta,Metropolitana,495000,14.14,63.1,2023-02-27 00:00:00.000000,2023-03-15 00:00:00.000000,Departamento,Arriendo,owner_direct
PI-2023-03-002419,portalinmobiliario,La Florida,Metropolitana,470000,13.43,39.3,2023-02-28 00:00:00.000000,2023-03-15 00:00:00.000000,Departamento,ARRIENDO,agency
PI-2023-03-002861,portalinmobiliario,La Cisterna,Metropolitana,515000,14.71,46.0,2023-02-28 00:00:00.000000,2023-03-15 00:00:00.000000,DEPARTAMENTO,Arriendo,owner_direct
PI-2023-03-001516,portalinmobiliario,San Miguel,Metropolitana,385000,11.0,38.8,2023-02-24 00:00:00.000000,2023-03-08 00:00:00.000000,DEPARTAMENTO,arriendo,agency
PI-2023-03-004745,portalinmobiliario,San Miguel,Metropolitana,460000,13.14,31.7,2023-03-05 00:00:00.000000,2023-03-29 00:00:00.000000,departamento,arriendo,agency
PI-2023-03-002429,portalinmobiliario,Independencia,Metropolitana,485000,13.86,51.5,2023-02-15 00:00:00.000000,2023-03-15 00:00:00.000000,Departamento,arriendo,agency
PI-2023-03-001360,portalinmobiliario,Las Condes,Metropolitana,790000,22.57,38.6,2023-02-26 00:00:00.000000,2023-03-08 00:00:00.000000,DEPARTAMENTO,arriendo,agency
PI-2023-03-004043,portalinmobiliario,Puente Alto,Metropolitana,365000,10.43,38.2,2023-02-01 00:00:00.000000,2023-03-22 00:00:00.000000,departamento,arriendo,owner_direct
PI-2023-03-000987,portalinmobiliario,Maipú,Metropolitana,410000,11.71,28.0,2023-01-31 00:00:00.000000,2023-03-08 00:00:00.000000,departamento,arriendo,owner_direct
PI-2023-03-000343,portalinmobiliario,Ñuñoa,Metropolitana,685000,19.57,44.6,2023-02-08 00:00:00.000000,2023-03-01 00:00:00.000000,departamento,Arriendo,owner_direct
PI-2023-03-001881,portalinmobiliario,Quinta Normal,Metropolitana,475000,13.57,49.2,2023-02-15 00:00:00.000000,2023-03-08 00:00:00.000000,DEPARTAMENTO,arriendo,owner_direct
PI-2023-03-004208,portalinmobiliario,Ñuñoa,Metropolitana,1630000,46.57,122.2,2023-03-15 00:00:00.000000,2023-03-29 00:00:00.000000,Departamento,Arriendo,owner_direct
PI-2023-03-002459,portalinmobiliario,Cerrillos,Metropolitana,395000,11.29,32.0,2023-02-19 00:00:00.000000,2023-03-15 00:00:00.000000,Departamento,arriendo,agency
PI-2023-03-000782,portalinmobiliario,Estación Central,Metropolitana,520000,14.86,53.7,2023-02-28 00:00:00.000000,2023-03-01 00:00:00.000000,departamento,arriendo,agency
PI-2023-03-004748,portalinmobiliario,Recoleta,Metropolitana,380000,10.86,31.2,2022-12-19 00:00:00.000000,2023-03-29 00:00:00.000000,departamento,Arriendo,agency
PI-2023-03-001736,portalinmobiliario,Santiago,Metropolitana,525000,15.0,45.9,2023-01-28 00:00:00.000000,2023-03-08 00:00:00.000000,Departamento,Arriendo,agency
PI-2023-03-005153,portalinmobiliario,Estación Central,Metropolitana,480000,13.71,57.8,2023-03-23 00:00:00.000000,2023-03-29 00:00:00.000000,departamento,Arriendo,agency
PI-2023-03-001216,portalinmobiliario,Estación Central,Metropolitana,490000,14.0,55.4,2023-02-25 00:00:00.000000,2023-03-08 00:00:00.000000,DEPARTAMENTO,arriendo,agency
PI-2023-03-001084,portalinmobiliario,Estación Central,Metropolitana,500000,14.29,48.1,2023-02-17 00:00:00.000000,2023-03-08 00:00:00.000000,Departamento,Arriendo,agency
PI-2023-03-003946,portalinmobiliario,La Reina,Metropolitana,970000,27.71,79.3,2023-03-07 00:00:00.000000,2023-03-22 00:00:00.000000,DEPARTAMENTO,ARRIENDO,agency
PI-2023-03-004234,portalinmobiliario,Independencia,Metropolitana,560000,16.0,62.6,2023-02-26 00:00:00.000000,2023-03-29 00:00:00.000000,Departamento,arriendo,agency
PI-2023-03-004195,portalinmobiliario,Santiago,Metropolitana,470000,13.43,27.5,2023-02-22 00:00:00.000000,2023-03-29 00:00:00.000000,DEPARTAMENTO,Arriendo,agency
PI-2023-03-004418,portalinmobiliario,Independencia,Metropolitana,485000,13.86,48.2,2023-02-01 00:00:00.000000,2023-03-29 00:00:00.000000,DEPARTAMENTO,arriendo,owner_direct
PI-2023-03-002542,portalinmobiliario,Santiago,Metropolitana,580000,16.57,49.7,2023-02-01 00:00:00.000000,2023-03-15 00:00:00.000000,departamento,ARRIENDO,owner_direct
PI-2023-03-002739,portalinmobiliario,Estación Central,Metropolitana,405000,11.57,47.1,2022-10-01 00:00:00.000000,2023-03-15 00:00:00.000000,Departamento,Arriendo,owner_direct
PI-2023-03-003227,portalinmobiliario,La Florida,Metropolitana,960000,27.43,120.2,2023-02-26 00:00:00.000000,2023-03-22 00:00:00.000000,Departamento,Arriendo,agency
PI-2023-03-000419,portalinmobiliario,Ñuñoa,Metropolitana,930000,26.57,60.1,2023-02-22 00:00:00.000000,2023-03-01 00:00:00.000000,departamento,arriendo,owner_direct
PI-2023-03-003048,portalinmobiliario,Quinta Normal,Metropolitana,685000,19.57,72.4,2023-02-05 00:00:00.000000,2023-03-22 00:00:00.000000,departamento,Arriendo,agency
PI-2023-03-000912,portalinmobiliario,Santiago,Metropolitana,475000,13.57,39.7,2023-02-01 00:00:00.000000,2023-03-01 00:00:00.000000,departamento,Arriendo,owner_direct
PI-2023-03-000977,portalinmobiliario,Quinta Normal,Metropolitana,530000,15.14,47.2,2023-02-13 00:00:00.000000,2023-03-08 00:00:00.000000,departamento,Arriendo,agency
PI-2023-03-001273,portalinmobiliario,Huechuraba,Metropolitana,530000,15.14,43.0,2023-02-10 00:00:00.000000,2023-03-08 00:00:00.000000,Departamento,Arriendo,owner_direct
PI-2023-03-003470,portalinmobiliario,Las Condes,Metropolitana,1040000,29.71,52.0,2023-02-26 00:00:00.000000,2023-03-22 00:00:00.000000,DEPARTAMENTO,arriendo,agency
PI-2023-03-001609,portalinmobiliario,San Joaquín,Metropolitana,500000,14.29,32.2,2023-01-23 00:00:00.000000,2023-03-08 00:00:00.000000,Departamento,ARRIENDO,agency
PI-2023-03-004756,portalinmobiliario,Santiago,Metropolitana,995000,28.43,91.8,2023-03-21 00:00:00.000000,2023-03-29 00:00:00.000000,departamento,ARRIENDO,agency
PI-2023-03-005090,portalinmobiliario,La Florida,Metropolitana,480000,13.71,35.9,2023-02-16 00:00:00.000000,2023-03-29 00:00:00.000000,departamento,Arriendo,agency
PI-2023-03-005338,portalinmobiliario,La Cisterna,Metropolitana,550000,15.71,77.9,2023-03-23 00:00:00.000000,2023-03-29 00:00:00.000000,departamento,Arriendo,owner_direct
PI-2023-03-003320,portalinmobiliario,Macul,Metropolitana,470000,13.43,45.6,2023-01-19 00:00:00.000000,2023-03-22 00:00:00.000000,departamento,Arriendo,agency
PI-2023-03-005328,portalinmobiliario,Macul,Metropolitana,515000,14.71,46.4,2023-02-27 00:00:00.000000,2023-03-29 00:00:00.000000,Departamento,Arriendo,agency
PI-2023-03-001166,portalinmobiliario,La Cisterna,Metropolitana,775000,22.14,70.2,2023-02-06 00:00:00.000000,2023-03-08 00:00:00.000000,departamento,arriendo,agency
PI-2023-03-000731,portalinmobiliario,Recoleta ,Metropolitana,755000,21.57,106.1,2022-08-04 00:00:00.000000,2023-03-01 00:00:00.000000,DEPARTAMENTO,arriendo,owner_direct
PI-2023-03-002379,portalinmobiliario,Huechuraba,Metropolitana,610000,17.43,55.2,2023-01-28 00:00:00.000000,2023-03-15 00:00:00.000000,DEPARTAMENTO,ARRIENDO,owner_direct
PI-2023-03-001381,portalinmobiliario,Santiago,Metropolitana,580000,16.57,53.1,2023-01-22 00:00:00.000000,2023-03-08 00:00:00.000000,Departamento,Arriendo,agency
PI-2023-03-005101,portalinmobiliario,Independencia,Metropolitana,405000,11.57,38.0,2023-03-06 00:00:00.000000,2023-03-29 00:00:00.000000,Departamento,ARRIENDO,owner_direct
PI-2023-03-000969,portalinmobiliario,Ñuñoa,Metropolitana,600000,17.14,39.7,2023-02-21 00:00:00.000000,2023-03-08 00:00:00.000000,DEPARTAMENTO,Arriendo,agency
PI-2023-03-003431,portalinmobiliario,Huechuraba,Metropolitana,610000,17.43,40.8,2023-03-21 00:00:00.000000,2023-03-22 00:00:00.000000,departamento,arriendo,agency
PI-2023-03-001408,portalinmobiliario,Ñuñoa,Metropolitana,1235000,35.29,96.9,2022-12-23 00:00:00.000000,2023-03-08 00:00:00.000000,Departamento,Arriendo,agency
PI-2023-03-000047,portalinmobiliario,Providencia ,Metropolitana,1075000,30.71,50.9,2023-01-31 00:00:00.000000,2023-03-01 00:00:00.000000,DEPARTAMENTO,Arriendo,owner_direct
PI-2023-03-005028,portalinmobiliario,Las Condes,Metropolitana,995000,28.43,62.3,2023-03-15 00:00:00.000000,2023-03-29 00:00:00.000000,Departamento,arriendo,agency
PI-2023-03-005076,portalinmobiliario,Santiago,Metropolitana,505000,14.43,44.2,2023-03-16 00:00:00.000000,2023-03-29 00:00:00.000000,departamento,Arriendo,owner_direct
PI-2023-03-004215,portalinmobiliario,La Reina,Metropolitana,860000,24.57,54.0,2023-03-08 00:00:00.000000,2023-03-29 00:00:00.000000,Departamento,ARRIENDO,agency
PI-2023-03-005200,portalinmobiliario,Providencia,Metropolitana,1485000,42.43,105.2,2023-02-21 00:00:00.000000,2023-03-29 00:00:00.000000,Departamento,Arriendo,agency
PI-2023-03-002386,portalinmobiliario,La Cisterna,Metropolitana,695000,19.86,66.7,2023-03-06 00:00:00.000000,2023-03-15 00:00:00.000000,Departamento,Arriendo,agency
PI-2023-03-000614,portalinmobiliario,Ñuñoa,Metropolitana,585000,16.71,31.0,2023-02-15 00:00:00.000000,2023-03-01 00:00:00.000000,DEPARTAMENTO,arriendo,agency
PI-2023-03-000599,portalinmobiliario,Peñalolén,Metropolitana,405000,11.57,28.9,2023-01-18 00:00:00.000000,2023-03-01 00:00:00.000000,Departamento,Arriendo,agency
PI-2023-03-000033,portalinmobiliario,Independencia,Metropolitana,500000,14.29,34.3,2023-02-25 00:00:00.000000,2023-03-01 00:00:00.000000,Departamento,Arriendo,agency
PI-2023-03-003746,portalinmobiliario,Santiago,Metropolitana,750000,21.43,76.3,2023-03-09 00:00:00.000000,2023-03-22 00:00:00.000000,DEPARTAMENTO,ARRIENDO,owner_direct
PI-2023-03-002239,portalinmobiliario,Maipú,Metropolitana,1470000,42.0,43.8,2023-02-21 00:00:00.000000,2023-03-15 00:00:00.000000,DEPARTAMENTO,arriendo,agency
PI-2023-03-002293,portalinmobiliario,Estación Central,Metropolitana,560000,16.0,57.4,2023-02-17 00:00:00.000000,2023-03-15 00:00:00.000000,DEPARTAMENTO,ARRIENDO,agency
PI-2023-03-004591,portalinmobiliario,La Cisterna,Metropolitana,475000,13.57,35.6,2023-03-20 00:00:00.000000,2023-03-29 00:00:00.000000,departamento,ARRIENDO,agency
PI-2023-03-001112,portalinmobiliario,Ñuñoa,Metropolitana,535000,15.29,31.8,2023-01-22 00:00:00.000000,2023-03-08 00:00:00.000000,DEPARTAMENTO,Arriendo,agency
PI-2023-03-003668,portalinmobiliario,Macul,Metropolitana,685000,19.57,69.8,2023-03-01 00:00:00.000000,2023-03-22 00:00:00.000000,departamento,arriendo,owner_direct
PI-2023-03-002934,portalinmobiliario,San Miguel,Metropolitana,820000,23.43,86.4,2023-02-05 00:00:00.000000,2023-03-15 00:00:00.000000,departamento,ARRIENDO,agency
PI-2023-03-005281,portalinmobiliario,La Florida,Metropolitana,590000,16.86,52.9,2023-03-14 00:00:00.000000,2023-03-29 00:00:00.000000,Departamento,ARRIENDO,agency
PI-2023-03-004017,portalinmobiliario,Maipú,Metropolitana,625000,17.86,95.0,2023-03-03 00:00:00.000000,2023-03-22 00:00:00.000000,Departamento,Arriendo,agency
PI-2023-03-003395,portalinmobiliario,San Miguel,Metropolitana,545000,15.57,44.5,2023-03-18 00:00:00.000000,2023-03-22 00:00:00.000000,Departamento,arriendo,agency
PI-2023-03-000513,portalinmobiliario,Santiago,Metropolitana,320000,9.14,30.9,2023-01-11 00:00:00.000000,2023-03-01 00:00:00.000000,Departamento,Arriendo,agency
PI-2023-03-005230,portalinmobiliario,Santiago,Metropolitana,410000,11.71,26.9,2023-02-16 00:00:00.000000,2023-03-29 00:00:00.000000,Departamento,Arriendo,agency
PI-2023-03-001409,portalinmobiliario,Santiago,Metropolitana,795000,22.71,76.0,2022-12-29 00:00:00.000000,2023-03-08 00:00:00.000000,Departamento,Arriendo,owner_direct
PI-2023-03-000663,portalinmobiliario,Independencia,Metropolitana,415000,11.86,34.3,2023-01-31 00:00:00.000000,2023-03-01 00:00:00.000000,Departamento,arriendo,owner_direct
PI-2023-03-004153,portalinmobiliario,Macul,Metropolitana,535000,15.29,57.8,2023-03-26 00:00:00.000000,2023-03-29 00:00:00.000000,DEPARTAMENTO,arriendo,agency
PI-2023-03-000380,portalinmobiliario,Puente Alto,Metropolitana,365000,10.43,32.5,2023-01-06 00:00:00.000000,2023-03-01 00:00:00.000000,Departamento,ARRIENDO,agency
PI-2023-03-000112,portalinmobiliario,Santiago,Metropolitana,510000,14.57,28.0,2023-02-05 00:00:00.000000,2023-03-01 00:00:00.000000,departamento,Arriendo,owner_direct
PI-2023-03-001846,portalinmobiliario,Lo Barnechea,Metropolitana,755000,21.57,38.0,2023-01-04 00:00:00.000000,2023-03-08 00:00:00.000000,departamento,Arriendo,agency
PI-2023-03-002652,portalinmobiliario,La Florida,Metropolitana,600000,17.14,55.5,2023-02-24 00:00:00.000000,2023-03-15 00:00:00.000000,DEPARTAMENTO,arriendo,agency
PI-2023-03-000923,portalinmobiliario,Macul,Metropolitana,485000,13.86,38.8,2023-01-25 00:00:00.000000,2023-03-01 00:00:00.000000,Departamento,Arriendo,agency
PI-2023-03-000708,portalinmobiliario,Ñuñoa,Metropolitana,570000,16.29,34.9,2023-02-15 00:00:00.000000,2023-03-01 00:00:00.000000,DEPARTAMENTO,ARRIENDO,owner_direct
PI-2023-03-003929,portalinmobiliario,Estación Central,Metropolitana,690000,19.71,79.1,2023-02-16 00:00:00.000000,2023-03-22 00:00:00.000000,departamento,arriendo,owner_direct
PI-2023-03-001977,portalinmobiliario,Cerrillos,Metropolitana,500000,14.29,44.8,2023-02-11 00:00:00.000000,2023-03-15 00:00:00.000000,DEPARTAMENTO,Arriendo,agency
PI-2023-03-005334,portalinmobiliario,Las Condes,Metropolitana,875000,25.0,59.9,2022-09-14 00:00:00.000000,2023-03-29 00:00:00.000000,DEPARTAMENTO,Arriendo,owner_direct
PI-2023-03-004754,portalinmobiliario,Pudahuel,Metropolitana,675000,19.29,71.8,2023-02-17 00:00:00.000000,2023-03-29 00:00:00.000000,DEPARTAMENTO,ARRIENDO,owner_direct
PI-2023-03-001028,portalinmobiliario,Las Condes,Metropolitana,760000,21.71,32.2,2023-02-16 00:00:00.000000,2023-03-08 00:00:00.000000,departamento,arriendo,agency
PI-2023-03-002682,portalinmobiliario,Santiago,Metropolitana,715000,20.43,75.3,2023-03-04 00:00:00.000000,2023-03-15 00:00:00.000000,DEPARTAMENTO,arriendo,owner_direct
PI-2023-03-004986,portalinmobiliario,Estación Central,Metropolitana,525000,15.0,47.0,2023-03-17 00:00:00.000000,2023-03-29 00:00:00.000000,departamento,Arriendo,owner_direct
PI-2023-03-002281,portalinmobiliario,Macul,Metropolitana,600000,17.14,56.4,2023-01-13 00:00:00.000000,2023-03-15 00:00:00.000000,Departamento,arriendo,owner_direct
PI-2023-03-005198,portalinmobiliario,Santiago,Metropolitana,680000,19.43,69.3,2023-03-20 00:00:00.000000,2023-03-29 00:00:00.000000,departamento,arriendo,agency
PI-2023-03-004389,portalinmobiliario,La Florida,Metropolitana,605000,17.29,60.2,2022-11-12 00:00:00.000000,2023-03-29 00:00:00.000000,Departamento,Arriendo,agency
PI-2023-03-005316,portalinmobiliario,Maipú,Metropolitana,465000,13.29,38.7,2023-02-20 00:00:00.000000,2023-03-29 00:00:00.000000,DEPARTAMENTO,Arriendo,agency
PI-2023-03-003214,portalinmobiliario,Estación Central,Metropolitana,390000,11.14,36.7,2023-02-22 00:00:00.000000,2023-03-22 00:00:00.000000,Departamento,arriendo,owner_direct
PI-2023-03-001923,portalinmobiliario,La Florida,Metropolitana,975000,27.86,106.3,2022-11-20 00:00:00.000000,2023-03-15 00:00:00.000000,departamento,arriendo,agency
PI-2023-03-001836,portalinmobiliario,santiago,Metropolitana,520000,14.86,40.1,2023-02-28 00:00:00.000000,2023-03-08 00:00:00.000000,Departamento,Arriendo,agency
PI-2023-03-000153,portalinmobiliario,Las Condes,Metropolitana,1245000,35.57,77.7,2022-10-23 00:00:00.000000,2023-03-01 00:00:00.000000,Departamento,arriendo,agency
PI-2023-03-002338,portalinmobiliario,Lo Barnechea,Metropolitana,915000,26.14,61.5,2023-02-02 00:00:00.000000,2023-03-15 00:00:00.000000,departamento,ARRIENDO,agency
PI-2023-03-002236,portalinmobiliario, Puente Alto,Metropolitana,550000,15.71,61.8,2023-02-25 00:00:00.000000,2023-03-15 00:00:00.000000,departamento,Arriendo,owner_direct
PI-2023-03-004838,portalinmobiliario,Santiago,Metropolitana,625000,17.86,48.5,2023-03-09 00:00:00.000000,2023-03-29 00:00:00.000000,Departamento,Arriendo,agency
PI-2023-03-004665,portalinmobiliario,Estación Central,Metropolitana,570000,16.29,56.7,2023-03-03 00:00:00.000000,2023-03-29 00:00:00.000000,DEPARTAMENTO,Arriendo,agency
PI-2023-03-004051,portalinmobiliario,Santiago,Metropolitana,9860000,281.71,92.1,2023-02-25 00:00:00.000000,2023-03-22 00:00:00.000000,DEPARTAMENTO,Arriendo,agency
PI-2023-03-003617,portalinmobiliario,Providencia,Metropolitana,905000,25.86,53.7,2023-03-06 00:00:00.000000,2023-03-22 00:00:00.000000,departamento,Arriendo,agency
PI-2023-03-003409,portalinmobiliario,Peñalolén,Metropolitana,600000,17.14,46.9,2023-02-07 00:00:00.000000,2023-03-22 00:00:00.000000,Departamento,Arriendo,agency
PI-2023-03-001798,portalinmobiliario,Santiago,Metropolitana,795000,22.71,66.0,2023-01-27 00:00:00.000000,2023-03-08 00:00:00.000000,Departamento,Arriendo,agency
PI-2023-03-004407,portalinmobiliario,Santiago,Metropolitana,470000,13.43,39.8,2023-02-19 00:00:00.000000,2023-03-29 00:00:00.000000,Departamento,Arriendo,agency
PI-2023-03-001255,portalinmobiliario,La Florida,Metropolitana,580000,16.57,48.6,2023-01-02 00:00:00.000000,2023-03-08 00:00:00.000000,departamento,Arriendo,agency
PI-2023-03-004696,portalinmobiliario,Ñuñoa,Metropolitana,925000,26.43,69.7,2023-02-12 00:00:00.000000,2023-03-29 00:00:00.000000,departamento,Arriendo,agency
PI-2023-03-005241,portalinmobiliario,Las Condes,Metropolitana,1365000,39.0,74.5,2023-02-23 00:00:00.000000,2023-03-29 00:00:00.000000,Departamento,arriendo,owner_direct
PI-2023-03-005176,portalinmobiliario,las condes,Metropolitana,785000,22.43,44.3,2023-03-09 00:00:00.000000,2023-03-29 00:00:00.000000,DEPARTAMENTO,ARRIENDO,agency
PI-2023-03-005253,portalinmobiliario,Estación Central,Metropolitana,425000,12.14,38.3,2023-01-26 00:00:00.000000,2023-03-29 00:00:00.000000,Departamento,ARRIENDO,agency
PI-2023-03-004190,portalinmobiliario,Pudahuel,Metropolitana,675000,19.29,109.7,2023-03-09 00:00:00.000000,2023-03-29 00:00:00.000000,Departamento,ARRIENDO,agency
PI-2023-03-003505,portalinmobiliario,Pudahuel,Metropolitana,400000,11.43,23.3,2023-02-15 00:00:00.000000,2023-03-22 00:00:00.000000,departamento,ARRIENDO,agency
PI-2023-03-003356,portalinmobiliario,Santiago,Metropolitana,600000,17.14,41.7,2023-03-17 00:00:00.000000,2023-03-22 00:00:00.000000,DEPARTAMENTO,Arriendo,owner_direct
PI-2023-03-002395,portalinmobiliario,Estación Central,Metropolitana,640000,18.29,77.5,2023-01-27 00:00:00.000000,2023-03-15 00:00:00.000000,departamento,Arriendo,owner_direct
PI-2023-03-002198,portalinmobiliario,Macul,Metropolitana,525000,15.0,42.9,2023-03-04 00:00:00.000000,2023-03-15 00:00:00.000000,DEPARTAMENTO,arriendo,owner_direct
PI-2023-03-000630,portalinmobiliario,Macul,Metropolitana,660000,18.86,65.0,2023-01-31 00:00:00.000000,2023-03-01 00:00:00.000000,Departamento,Arriendo,owner_direct
PI-2023-03-002337,portalinmobiliario,Pudahuel,Metropolitana,435000,12.43,38.4,2023-02-28 00:00:00.000000,2023-03-15 00:00:00.000000,departamento,arriendo,owner_direct
PI-2023-03-002717,portalinmobiliario,Santiago,Metropolitana,570000,16.29,41.4,2022-11-22 00:00:00.000000,2023-03-15 00:00:00.000000,DEPARTAMENTO,Arriendo,owner_direct
PI-2023-03-003116,portalinmobiliario,Independencia,Metropolitana,405000,11.57,37.7,2022-12-30 00:00:00.000000,2023-03-22 00:00:00.000000,Departamento,ARRIENDO,agency
PI-2023-03-003156,portalinmobiliario,Quilicura,Metropolitana,590000,16.86,85.8,2022-08-30 00:00:00.000000,2023-03-22 00:00:00.000000,Departamento,arriendo,agency
PI-2023-03-000439,portalinmobiliario,Quilicura,Metropolitana,450000,12.86,41.0,2023-01-30 00:00:00.000000,2023-03-01 00:00:00.000000,departamento,ARRIENDO,owner_direct
PI-2023-03-003128,portalinmobiliario,Estación Central,Metropolitana,420000,12.0,38.0,2023-03-07 00:00:00.000000,2023-03-22 00:00:00.000000,departamento,ARRIENDO,owner_direct
PI-2023-03-004676,portalinmobiliario,Lo Barnechea,Metropolitana,1705000,48.71,131.6,2023-03-16 00:00:00.000000,2023-03-29 00:00:00.000000,Departamento,Arriendo,agency
PI-2023-03-004651,portalinmobiliario,Providencia,Metropolitana,855000,24.43,37.1,2023-03-11 00:00:00.000000,2023-03-29 00:00:00.000000,Departamento,Arriendo,agency
PI-2023-03-004473,portalinmobiliario,Vitacura,Metropolitana,930000,26.57,32.7,2023-02-16 00:00:00.000000,2023-03-29 00:00:00.000000,DEPARTAMENTO,ARRIENDO,owner_direct
PI-2023-03-002679,portalinmobiliario,Santiago,Metropolitana,685000,19.57,62.7,2023-02-21 00:00:00.000000,2023-03-15 00:00:00.000000,departamento,Arriendo,owner_direct
PI-2023-03-001966,portalinmobiliario,Las Condes ,Metropolitana,990000,28.29,53.1,2023-01-21 00:00:00.000000,2023-03-15 00:00:00.000000,Departamento,Arriendo,agency
PI-2023-03-002255,portalinmobiliario,La Florida,Metropolitana,725000,,80.1,2023-03-13 00:00:00.000000,2023-03-15 00:00:00.000000,Departamento,ARRIENDO,agency
PI-2023-03-001420,portalinmobiliario,Santiago,Metropolitana,910000,26.0,90.3,2023-02-08 00:00:00.000000,2023-03-08 00:00:00.000000,DEPARTAMENTO,arriendo,agency
PI-2023-03-002258,portalinmobiliario, Las Condes,Metropolitana,1030000,29.43,55.3,2023-02-02 00:00:00.000000,2023-03-15 00:00:00.000000,DEPARTAMENTO,ARRIENDO,agency
PI-2023-03-003888,portalinmobiliario,Providencia,Metropolitana,920000,26.29,47.7,2023-02-03 00:00:00.000000,2023-03-22 00:00:00.000000,departamento,Arriendo,agency
PI-2023-03-004694,portalinmobiliario,Macul,Metropolitana,500000,14.29,32.5,2023-01-30 00:00:00.000000,2023-03-29 00:00:00.000000,departamento,Arriendo,agency
PI-2023-03-000305,portalinmobiliario,Pudahuel,Metropolitana,560000,16.0,75.1,2023-02-20 00:00:00.000000,2023-03-01 00:00:00.000000,Departamento,Arriendo,agency
PI-2023-03-002404,portalinmobiliario,Puente Alto,Metropolitana,415000,11.86,49.8,2022-08-04 00:00:00.000000,2023-03-15 00:00:00.000000,DEPARTAMENTO,ARRIENDO,agency
PI-2023-03-001131,portalinmobiliario,Ñuñoa,Metropolitana,13965000,399.0,125.2,2023-02-16 00:00:00.000000,2023-03-08 00:00:00.000000,departamento,arriendo,owner_direct
PI-2023-03-000324,portalinmobiliario,San Miguel,Metropolitana,700000,20.0,79.7,2023-01-22 00:00:00.000000,2023-03-01 00:00:00.000000,departamento,arriendo,owner_direct
PI-2023-03-002256,portalinmobiliario,Macul,Metropolitana,810000,23.14,91.6,2023-02-20 00:00:00.000000,2023-03-15 00:00:00.000000,DEPARTAMENTO,arriendo,owner_direct
PI-2023-03-000470,portalinmobiliario,Estación Central,Metropolitana,540000,15.43,49.0,2023-01-03 00:00:00.000000,2023-03-01 00:00:00.000000,DEPARTAMENTO,arriendo,agency
PI-2023-03-002401,portalinmobiliario,Las Condes,Metropolitana,1090000,31.14,44.9,2023-02-28 00:00:00.000000,2023-03-15 00:00:00.000000,DEPARTAMENTO,ARRIENDO,owner_direct
PI-2023-03-002139,portalinmobiliario,Puente Alto,Metropolitana,655000,18.71,64.4,2023-02-28 00:00:00.000000,2023-03-15 00:00:00.000000,departamento,ARRIENDO,owner_direct
PI-2023-03-003278,portalinmobiliario,Santiago,Metropolitana,500000,14.29,49.6,2023-03-16 00:00:00.000000,2023-03-22 00:00:00.000000,DEPARTAMENTO,ARRIENDO,agency
PI-2023-03-004498,portalinmobiliario,Macul,Metropolitana,670000,19.14,54.1,2023-03-04 00:00:00.000000,2023-03-29 00:00:00.000000,DEPARTAMENTO,ARRIENDO,agency
PI-2023-03-004835,portalinmobiliario,Estación Central,Metropolitana,500000,14.29,55.3,2023-03-04 00:00:00.000000,2023-03-29 00:00:00.000000,Departamento,ARRIENDO,agency
PI-2023-03-002940,portalinmobiliario,Independencia,Metropolitana,615000,17.57,59.9,2023-01-05 00:00:00.000000,2023-03-15 00:00:00.000000,Departamento,Arriendo,owner_direct
PI-2023-03-004520,portalinmobiliario,Santiago,Metropolitana,515000,14.71,42.8,2022-09-23 00:00:00.000000,2023-03-29 00:00:00.000000,Departamento,Arriendo,owner_direct
PI-2023-03-000876,portalinmobiliario,Macul,Metropolitana,585000,16.71,45.8,2023-02-03 00:00:00.000000,2023-03-01 00:00:00.000000,departamento,ARRIENDO,agency
PI-2023-03-000783,portalinmobiliario,Providencia,Metropolitana,960000,27.43,45.3,2023-02-12 00:00:00.000000,2023-03-01 00:00:00.000000,DEPARTAMENTO,arriendo,agency
PI-2023-03-000422,portalinmobiliario,Huechuraba,Metropolitana,605000,17.29,53.1,2023-02-17 00:00:00.000000,2023-03-01 00:00:00.000000,DEPARTAMENTO,Arriendo,owner_direct
PI-2023-03-000134,portalinmobiliario,Maipú,Metropolitana,490000,14.0,44.2,2023-01-25 00:00:00.000000,2023-03-01 00:00:00.000000,Departamento,ARRIENDO,agency
PI-2023-03-001060,portalinmobiliario,La Reina,Metropolitana,830000,23.71,65.0,2023-03-04 00:00:00.000000,2023-03-08 00:00:00.000000,Departamento,ARRIENDO,agency
PI-2023-03-004327,portalinmobiliario,Santiago,Metropolitana,440000,12.57,32.9,2023-03-26 00:00:00.000000,2023-03-29 00:00:00.000000,DEPARTAMENTO,ARRIENDO,agency
PI-2023-03-004277,portalinmobiliario,La Florida,Metropolitana,485000,13.86,42.1,2023-02-19 00:00:00.000000,2023-03-29 00:00:00.000000,DEPARTAMENTO,ARRIENDO,agency
PI-2023-03-003273,portalinmobiliario,Quinta Normal,Metropolitana,380000,10.86,34.8,2023-03-09 00:00:00.000000,2023-03-22 00:00:00.000000,Departamento,arriendo,agency
PI-2023-03-005057,portalinmobiliario,Ñuñoa,Metropolitana,910000,26.0,72.8,2023-03-17 00:00:00.000000,2023-03-29 00:00:00.000000,DEPARTAMENTO,ARRIENDO,agency
PI-2023-03-003060,portalinmobiliario,Pudahuel,Metropolitana,345000,9.86,23.2,2023-02-12 00:00:00.000000,2023-03-22 00:00:00.000000,Departamento,arriendo,agency
PI-2023-03-004080,portalinmobiliario,Las Condes,Metropolitana,1145000,32.71,51.8,2023-02-12 00:00:00.000000,2023-03-29 00:00:00.000000,DEPARTAMENTO,Arriendo,agency
PI-2023-03-001638,portalinmobiliario,LA FLORIDA,Metropolitana,420000,12.0,44.9,2023-02-23 00:00:00.000000,2023-03-08 00:00:00.000000,departamento,Arriendo,agency
PI-2023-03-001662,portalinmobiliario,La Florida,Metropolitana,345000,9.86,23.5,2023-01-21 00:00:00.000000,2023-03-08 00:00:00.000000,Departamento,Arriendo,agency
PI-2023-03-005073,portalinmobiliario,Estación Central,Metropolitana,400000,11.43,50.6,2023-03-18 00:00:00.000000,2023-03-29 00:00:00.000000,Departamento,ARRIENDO,agency
PI-2023-03-004372,portalinmobiliario,Macul,Metropolitana,525000,15.0,36.5,2023-03-15 00:00:00.000000,2023-03-29 00:00:00.000000,Departamento,arriendo,agency
PI-2023-03-001242,portalinmobiliario,Peñalolén,Metropolitana,490000,14.0,31.3,2023-01-29 00:00:00.000000,2023-03-08 00:00:00.000000,departamento,arriendo,agency
PI-2023-03-003726,portalinmobiliario,Santiago,Metropolitana,575000,16.43,42.6,2023-02-23 00:00:00.000000,2023-03-22 00:00:00.000000,departamento,Arriendo,agency
PI-2023-03-004775,portalinmobiliario,La Florida,Metropolitana,675000,19.29,84.4,2022-09-14 00:00:00.000000,2023-03-29 00:00:00.000000,departamento,arriendo,agency
PI-2023-03-002796,portalinmobiliario,Macul,Metropolitana,445000,12.71,29.0,2023-03-02 00:00:00.000000,2023-03-15 00:00:00.000000,Departamento,ARRIENDO,agency
PI-2023-03-001829,portalinmobiliario,Santiago,Metropolitana,555000,15.86,36.7,2023-02-06 00:00:00.000000,2023-03-08 00:00:00.000000,Departamento,Arriendo,agency
PI-2023-03-001099,portalinmobiliario,Estación Central ,Metropolitana,455000,13.0,53.4,2022-10-23 00:00:00.000000,2023-03-08 00:00:00.000000,DEPARTAMENTO,ARRIENDO,owner_direct
PI-2023-03-003975,portalinmobiliario,San Miguel,Metropolitana,640000,18.29,40.1,2023-03-06 00:00:00.000000,2023-03-22 00:00:00.000000,departamento,arriendo,agency
PI-2023-03-002517,portalinmobiliario,Macul,Metropolitana,580000,16.57,51.2,2023-02-03 00:00:00.000000,2023-03-15 00:00:00.000000,departamento,Arriendo,agency
PI-2023-03-004109,portalinmobiliario,Ñuñoa,Metropolitana,1500000,42.86,123.3,2023-03-21 00:00:00.000000,2023-03-29 00:00:00.000000,DEPARTAMENTO,ARRIENDO,agency
PI-2023-03-004546,portalinmobiliario,ESTACIÓN CENTRAL,Metropolitana,465000,13.29,46.9,2023-03-19 00:00:00.000000,2023-03-29 00:00:00.000000,departamento,arriendo,owner_direct
PI-2023-03-001277,portalinmobiliario,La Florida,Metropolitana,560000,16.0,46.4,2023-02-01 00:00:00.000000,2023-03-08 00:00:00.000000,departamento,Arriendo,owner_direct
PI-2023-03-000833,portalinmobiliario,Las Condes,Metropolitana,11885000,339.57,999.0,2023-02-21 00:00:00.000000,2023-03-01 00:00:00.000000,departamento,ARRIENDO,owner_direct
PI-2023-03-003449,portalinmobiliario,Las Condes,Metropolitana,1000000,28.57,38.9,2023-02-23 00:00:00.000000,2023-03-22 00:00:00.000000,Departamento,Arriendo,agency
PI-2023-03-002066,portalinmobiliario,Las Condes,Metropolitana,1990000,56.86,123.7,2023-02-25 00:00:00.000000,2023-03-15 00:00:00.000000,departamento,Arriendo,agency
PI-2023-03-005003,portalinmobiliario,Providencia,Metropolitana,1180000,33.71,63.6,2023-02-13 00:00:00.000000,2023-03-29 00:00:00.000000,Departamento,arriendo,owner_direct
PI-2023-03-000855,portalinmobiliario,Estación Central,Metropolitana,605000,17.29,67.5,2023-01-20 00:00:00.000000,2023-03-01 00:00:00.000000,departamento,Arriendo,owner_direct
PI-2023-03-000746,portalinmobiliario,SANTIAGO,Metropolitana,545000,15.57,40.2,2023-02-16 00:00:00.000000,2023-03-01 00:00:00.000000,departamento,ARRIENDO,owner_direct
PI-2023-03-000059,portalinmobiliario,La Reina,Metropolitana,975000,27.86,66.3,2023-02-09 00:00:00.000000,2023-03-01 00:00:00.000000,Departamento,arriendo,owner_direct
PI-2023-03-002451,portalinmobiliario,Providencia,Metropolitana,910000,26.0,45.1,2023-02-06 00:00:00.000000,2023-03-15 00:00:00.000000,DEPARTAMENTO,arriendo,owner_direct
PI-2023-03-002814,portalinmobiliario,Conchalí,Metropolitana,460000,13.14,42.0,2023-03-08 00:00:00.000000,2023-03-15 00:00:00.000000,DEPARTAMENTO,Arriendo,agency
PI-2023-03-004056,portalinmobiliario,Santiago,Metropolitana,710000,20.29,51.0,2023-01-23 00:00:00.000000,2023-03-22 00:00:00.000000,departamento,Arriendo,agency
PI-2023-03-002380,portalinmobiliario,Ñuñoa,Metropolitana,920000,26.29,62.0,2023-03-04 00:00:00.000000,2023-03-15 00:00:00.000000,Departamento,arriendo,agency
PI-2023-03-001625,portalinmobiliario,Independencia,Metropolitana,590000,16.86,67.6,2023-02-18 00:00:00.000000,2023-03-08 00:00:00.000000,Departamento,ARRIENDO,agency
PI-2023-03-003898,portalinmobiliario,Santiago,Metropolitana,530000,15.14,33.5,2023-03-18 00:00:00.000000,2023-03-22 00:00:00.000000,Departamento,Arriendo,agency
PI-2023-03-001964,portalinmobiliario,Ñuñoa ,Metropolitana,675000,19.29,45.6,2023-03-13 00:00:00.000000,2023-03-15 00:00:00.000000,departamento,ARRIENDO,agency
PI-2023-03-002531,portalinmobiliario,Santiago,Metropolitana,825000,23.57,82.7,2023-02-10 00:00:00.000000,2023-03-15 00:00:00.000000,Departamento,ARRIENDO,owner_direct
PI-2023-03-005261,portalinmobiliario,La Florida,Metropolitana,415000,11.86,30.5,2023-03-08 00:00:00.000000,2023-03-29 00:00:00.000000,departamento,Arriendo,owner_direct
PI-2023-03-005022,portalinmobiliario, La Florida,Metropolitana,830000,23.71,90.3,2023-02-24 00:00:00.000000,2023-03-29 00:00:00.000000,DEPARTAMENTO,Arriendo,owner_direct
PI-2023-03-002212,portalinmobiliario,Ñuñoa,Metropolitana,730000,20.86,48.7,2023-03-13 00:00:00.000000,2023-03-15 00:00:00.000000,departamento,arriendo,owner_direct
PI-2023-03-000992,portalinmobiliario,Peñalolén,Metropolitana,470000,13.43,29.6,2023-03-02 00:00:00.000000,2023-03-08 00:00:00.000000,departamento,ARRIENDO,owner_direct
PI-2023-03-000683,portalinmobiliario,Recoleta,Metropolitana,445000,12.71,34.5,2023-02-27 00:00:00.000000,2023-03-01 00:00:00.000000,Departamento,Arriendo,owner_direct
PI-2023-03-003289,portalinmobiliario,Conchalí,Metropolitana,510000,14.57,54.9,2023-01-30 00:00:00.000000,2023-03-22 00:00:00.000000,departamento,ARRIENDO,owner_direct
PI-2023-03-000152,portalinmobiliario,Estación Central,Metropolitana,380000,10.86,33.5,2023-02-19 00:00:00.000000,2023-03-01 00:00:00.000000,DEPARTAMENTO,arriendo,agency
PI-2023-03-004133,portalinmobiliario,Ñuñoa,Metropolitana,865000,24.71,62.6,2023-02-13 00:00:00.000000,2023-03-29 00:00:00.000000,departamento,ARRIENDO,agency
PI-2023-03-001907,portalinmobiliario,Estación Central,Metropolitana,455000,13.0,49.8,2023-03-01 00:00:00.000000,2023-03-08 00:00:00.000000,DEPARTAMENTO,Arriendo,agency
PI-2023-03-002374,portalinmobiliario,Lo Barnechea,Metropolitana,1080000,30.86,64.6,2023-01-20 00:00:00.000000,2023-03-15 00:00:00.000000,Departamento,ARRIENDO,agency
PI-2023-03-002034,portalinmobiliario,Recoleta,Metropolitana,560000,16.0,57.4,2022-09-06 00:00:00.000000,2023-03-15 00:00:00.000000,DEPARTAMENTO,Arriendo,owner_direct
PI-2023-03-000681,portalinmobiliario,Independencia,Metropolitana,650000,18.57,79.0,2023-01-30 00:00:00.000000,2023-03-01 00:00:00.000000,departamento,arriendo,agency
PI-2023-03-001398,portalinmobiliario,Peñalolén,Metropolitana,390000,11.14,29.5,2023-02-19 00:00:00.000000,2023-03-08 00:00:00.000000,Departamento,arriendo,agency
PI-2023-03-001049,portalinmobiliario,Independencia,Metropolitana,405000,11.57,43.7,2023-02-07 00:00:00.000000,2023-03-08 00:00:00.000000,departamento,arriendo,agency
PI-2023-03-000521,portalinmobiliario,Las Condes,Metropolitana,730000,20.86,30.6,2023-02-07 00:00:00.000000,2023-03-01 00:00:00.000000,DEPARTAMENTO,ARRIENDO,agency
PI-2023-03-005102,portalinmobiliario,La Florida,Metropolitana,820000,23.43,107.7,2023-02-28 00:00:00.000000,2023-03-29 00:00:00.000000,departamento,arriendo,agency
PI-2023-03-003488,portalinmobiliario,San Miguel,Metropolitana,380000,10.86,25.7,2023-03-07 00:00:00.000000,2023-03-22 00:00:00.000000,Departamento,arriendo,agency
PI-2023-03-000841,portalinmobiliario,Santiago,Metropolitana,365000,10.43,32.7,2023-02-14 00:00:00.000000,2023-03-01 00:00:00.000000,departamento,arriendo,agency
PI-2023-03-003562,portalinmobiliario,Independencia,Metropolitana,515000,14.71,49.6,2023-02-21 00:00:00.000000,2023-03-22 00:00:00.000000,DEPARTAMENTO,ARRIENDO,owner_direct
PI-2023-03-002598,portalinmobiliario,Maipú,Metropolitana,580000,16.57,72.8,2023-01-30 00:00:00.000000,2023-03-15 00:00:00.000000,DEPARTAMENTO,Arriendo,agency
PI-2023-03-000872,portalinmobiliario,Estación Central,Metropolitana,790000,22.57,110.9,2022-12-29 00:00:00.000000,2023-03-01 00:00:00.000000,DEPARTAMENTO,arriendo,agency
PI-2023-03-004840,portalinmobiliario,Recoleta,Metropolitana,675000,19.29,58.3,2023-03-06 00:00:00.000000,2023-03-29 00:00:00.000000,departamento,arriendo,agency
PI-2023-03-004311,portalinmobiliario,Santiago,Metropolitana,580000,16.57,49.7,2023-02-27 00:00:00.000000,2023-03-29 00:00:00.000000,Departamento,arriendo,agency
PI-2023-03-004465,portalinmobiliario,Santiago,Metropolitana,710000,20.29,64.8,2023-01-28 00:00:00.000000,2023-03-29 00:00:00.000000,departamento,ARRIENDO,agency
PI-2023-03-000039,portalinmobiliario,Conchalí,Metropolitana,555000,15.86,69.1,2022-12-05 00:00:00.000000,2023-03-01 00:00:00.000000,Departamento,ARRIENDO,agency
PI-2023-03-003240,portalinmobiliario,Independencia,Metropolitana,910000,26.0,120.0,2023-03-10 00:00:00.000000,2023-03-22 00:00:00.000000,departamento,ARRIENDO,owner_direct
PI-2023-03-004681,portalinmobiliario,Puente Alto,Metropolitana,310000,8.86,10.0,2023-03-04 00:00:00.000000,2023-03-29 00:00:00.000000,DEPARTAMENTO,Arriendo,owner_direct
PI-2023-03-003297,portalinmobiliario,Peñalolén,Metropolitana,590000,16.86,50.4,2023-02-28 00:00:00.000000,2023-03-22 00:00:00.000000,DEPARTAMENTO,ARRIENDO,agency
PI-2023-03-002177,portalinmobiliario,Pudahuel,Metropolitana,335000,9.57,10.0,2023-02-09 00:00:00.000000,2023-03-15 00:00:00.000000,departamento,ARRIENDO,owner_direct
PI-2023-03-001244,portalinmobiliario,Quinta Normal,Metropolitana,445000,12.71,51.6,2023-03-02 00:00:00.000000,2023-03-08 00:00:00.000000,Departamento,Arriendo,owner_direct
PI-2023-03-004605,portalinmobiliario,La Cisterna,Metropolitana,645000,18.43,85.2,2022-12-15 00:00:00.000000,2023-03-29 00:00:00.000000,departamento,Arriendo,agency
PI-2023-03-003079,portalinmobiliario,Macul,Metropolitana,370000,10.57,29.5,2022-12-26 00:00:00.000000,2023-03-22 00:00:00.000000,Departamento,arriendo,agency
PI-2023-03-002335,portalinmobiliario,Macul,Metropolitana,465000,13.29,28.9,2023-03-05 00:00:00.000000,2023-03-15 00:00:00.000000,DEPARTAMENTO,Arriendo,agency
PI-2023-03-004779,portalinmobiliario,Santiago,Metropolitana,600000,17.14,54.6,2023-03-19 00:00:00.000000,2023-03-29 00:00:00.000000,departamento,arriendo,owner_direct
PI-2023-03-000812,portalinmobiliario,Providencia,Metropolitana,865000,24.71,35.4,2023-02-18 00:00:00.000000,2023-03-01 00:00:00.000000,departamento,Arriendo,agency
PI-2023-03-004090,portalinmobiliario,Las Condes,Metropolitana,925000,26.43,33.6,2023-03-12 00:00:00.000000,2023-03-29 00:00:00.000000,departamento,Arriendo,agency
PI-2023-03-000159,portalinmobiliario,Las Condes,Metropolitana,770000,22.0,38.4,2023-01-23 00:00:00.000000,2023-03-01 00:00:00.000000,departamento,ARRIENDO,owner_direct
PI-2023-03-003528,portalinmobiliario,La Reina,Metropolitana,745000,21.29,39.7,2023-02-20 00:00:00.000000,2023-03-22 00:00:00.000000,departamento,Arriendo,agency
PI-2023-03-002102,portalinmobiliario,ESTACIÓN CENTRAL,Metropolitana,435000,12.43,29.8,2023-03-03 00:00:00.000000,2023-03-15 00:00:00.000000,Departamento,Arriendo,agency
PI-2023-03-002036,portalinmobiliario,Recoleta,Metropolitana,875000,25.0,90.7,2023-03-03 00:00:00.000000,2023-03-15 00:00:00.000000,DEPARTAMENTO,ARRIENDO,agency
PI-2023-03-003618,portalinmobiliario,Renca,Metropolitana,645000,18.43,83.3,2023-01-30 00:00:00.000000,2023-03-22 00:00:00.000000,departamento,Arriendo,agency
PI-2023-03-003650,portalinmobiliario,La Florida,Metropolitana,720000,20.57,89.7,2023-03-06 00:00:00.000000,2023-03-22 00:00:00.000000,DEPARTAMENTO,Arriendo,agency
PI-2023-03-003555,portalinmobiliario,Recoleta,Metropolitana,450000,12.86,42.8,2023-03-19 00:00:00.000000,2023-03-22 00:00:00.000000,Departamento,Arriendo,owner_direct
PI-2023-03-003065,portalinmobiliario,Huechuraba,Metropolitana,830000,23.71,71.7,2023-02-09 00:00:00.000000,2023-03-22 00:00:00.000000,departamento,ARRIENDO,owner_direct
PI-2023-03-005280,portalinmobiliario,Ñuñoa,Metropolitana,440000,12.57,27.1,2023-03-25 00:00:00.000000,2023-03-29 00:00:00.000000,DEPARTAMENTO,arriendo,agency
PI-2023-03-003537,portalinmobiliario,Independencia,Metropolitana,530000,15.14,50.3,2023-03-06 00:00:00.000000,2023-03-22 00:00:00.000000,DEPARTAMENTO,Arriendo,agency
PI-2023-03-004881,portalinmobiliario,Estación Central,Metropolitana,585000,16.71,68.0,2023-02-19 00:00:00.000000,2023-03-29 00:00:00.000000,DEPARTAMENTO,arriendo,owner_direct
PI-2023-03-001974,portalinmobiliario,Huechuraba,Metropolitana,440000,12.57,27.2,2022-08-20 00:00:00.000000,2023-03-15 00:00:00.000000,DEPARTAMENTO,Arriendo,agency
PI-2023-03-005308,portalinmobiliario,Estación Central,Metropolitana,670000,19.14,83.3,2023-03-18 00:00:00.000000,2023-03-29 00:00:00.000000,Departamento,Arriendo,owner_direct
PI-2023-03-003299,portalinmobiliario,Independencia,Metropolitana,470000,13.43,37.7,2023-02-11 00:00:00.000000,2023-03-22 00:00:00.000000,DEPARTAMENTO,arriendo,owner_direct
PI-2023-03-000440,portalinmobiliario,Pudahuel,Metropolitana,505000,,41.9,2023-02-09 00:00:00.000000,2023-03-01 00:00:00.000000,DEPARTAMENTO,Arriendo,owner_direct
PI-2023-03-000132,portalinmobiliario,Santiago,Metropolitana,430000,12.29,38.2,2023-01-17 00:00:00.000000,2023-03-01 00:00:00.000000,Departamento,arriendo,owner_direct
PI-2023-03-005209,portalinmobiliario,Las Condes,Metropolitana,1425000,40.71,83.4,2023-03-13 00:00:00.000000,2023-03-29 00:00:00.000000,Departamento,Arriendo,owner_direct
PI-2023-03-002051,portalinmobiliario,La Florida,Metropolitana,390000,11.14,31.7,2023-03-05 00:00:00.000000,2023-03-15 00:00:00.000000,Departamento,arriendo,agency
PI-2023-03-001925,portalinmobiliario,Macul,Metropolitana,530000,15.14,41.0,2023-01-26 00:00:00.000000,2023-03-15 00:00:00.000000,DEPARTAMENTO,arriendo,agency
PI-2023-03-001842,portalinmobiliario,Puente Alto,Metropolitana,5585000,159.57,1200.0,2023-01-15 00:00:00.000000,2023-03-08 00:00:00.000000,Departamento,arriendo,owner_direct
PI-2023-03-000437,portalinmobiliario,Santiago,Metropolitana,525000,15.0,30.8,2023-01-31 00:00:00.000000,2023-03-01 00:00:00.000000,departamento,ARRIENDO,agency
PI-2023-03-001458,portalinmobiliario,Santiago,Metropolitana,550000,15.71,47.0,2022-11-25 00:00:00.000000,2023-03-08 00:00:00.000000,departamento,Arriendo,agency
PI-2023-03-003711,portalinmobiliario,Maipú,Metropolitana,490000,14.0,49.5,2022-09-21 00:00:00.000000,2023-03-22 00:00:00.000000,departamento,arriendo,owner_direct
PI-2023-03-000332,portalinmobiliario,Ñuñoa,Metropolitana,615000,17.57,36.8,2023-02-08 00:00:00.000000,2023-03-01 00:00:00.000000,departamento,arriendo,agency
PI-2023-03-005347,portalinmobiliario,Maipú,Metropolitana,690000,19.71,65.7,2023-02-11 00:00:00.000000,2023-03-29 00:00:00.000000,DEPARTAMENTO,Arriendo,agency
PI-2023-03-000968,portalinmobiliario,Recoleta,Metropolitana,690000,19.71,70.4,2023-02-17 00:00:00.000000,2023-03-08 00:00:00.000000,DEPARTAMENTO,ARRIENDO,owner_direct
PI-2023-03-003903,portalinmobiliario,Renca,Metropolitana,345000,9.86,32.4,2023-02-22 00:00:00.000000,2023-03-22 00:00:00.000000,Departamento,Arriendo,owner_direct
PI-2023-03-004471,portalinmobiliario,Independencia,Metropolitana,485000,13.86,46.0,2023-03-17 00:00:00.000000,2023-03-29 00:00:00.000000,DEPARTAMENTO,Arriendo,agency
PI-2023-03-001463,portalinmobiliario,Recoleta,Metropolitana,460000,13.14,42.4,2022-09-18 00:00:00.000000,2023-03-08 00:00:00.000000,departamento,Arriendo,agency
PI-2023-03-003971,portalinmobiliario,Quinta Normal,Metropolitana,505000,14.43,54.6,2023-03-18 00:00:00.000000,2023-03-22 00:00:00.000000,departamento,Arriendo,agency
PI-2023-03-000553,portalinmobiliario,La Cisterna,Metropolitana,385000,11.0,33.2,2023-01-06 00:00:00.000000,2023-03-01 00:00:00.000000,DEPARTAMENTO,ARRIENDO,owner_direct
PI-2023-03-004582,portalinmobiliario,Quilicura,Metropolitana,555000,15.86,61.4,2023-03-12 00:00:00.000000,2023-03-29 00:00:00.000000,departamento,arriendo,agency
PI-2023-03-004637,portalinmobiliario,La Florida,Metropolitana,735000,,80.6,2023-02-06 00:00:00.000000,2023-03-29 00:00:00.000000,Departamento,ARRIENDO,agency
PI-2023-03-000984,portalinmobiliario,Estación Central ,Metropolitana,465000,13.29,46.9,2022-10-18 00:00:00.000000,2023-03-08 00:00:00.000000,Departamento,arriendo,agency
PI-2023-03-002789,portalinmobiliario, La Florida,Metropolitana,710000,20.29,83.8,2023-02-20 00:00:00.000000,2023-03-15 00:00:00.000000,departamento,Arriendo,agency
PI-2023-03-004889,portalinmobiliario,Puente Alto,Metropolitana,450000,12.86,60.3,2023-03-15 00:00:00.000000,2023-03-29 00:00:00.000000,DEPARTAMENTO,Arriendo,owner_direct
PI-2023-03-002742,portalinmobiliario,Huechuraba,Metropolitana,900000,25.71,96.5,2023-02-21 00:00:00.000000,2023-03-15 00:00:00.000000,Departamento,Arriendo,agency
PI-2023-03-004455,portalinmobiliario,Macul,Metropolitana,580000,16.57,62.7,2022-12-14 00:00:00.000000,2023-03-29 00:00:00.000000,Departamento,Arriendo,owner_direct
PI-2023-03-000791,portalinmobiliario,Recoleta,Metropolitana,805000,23.0,100.3,2023-02-08 00:00:00.000000,2023-03-01 00:00:00.000000,DEPARTAMENTO,ARRIENDO,agency
PI-2023-03-001719,portalinmobiliario,Las Condes,Metropolitana,970000,27.71,43.4,2023-02-16 00:00:00.000000,2023-03-08 00:00:00.000000,Departamento,ARRIENDO,agency
PI-2023-03-001892,portalinmobiliario,Maipú,Metropolitana,515000,14.71,48.2,2023-01-29 00:00:00.000000,2023-03-08 00:00:00.000000,Departamento,ARRIENDO,agency
PI-2023-03-000382,portalinmobiliario,Las Condes,Metropolitana,1085000,31.0,50.7,2023-01-09 00:00:00.000000,2023-03-01 00:00:00.000000,Departamento,arriendo,agency
PI-2023-03-004421,portalinmobiliario,San Miguel,Metropolitana,700000,20.0,61.4,2023-03-15 00:00:00.000000,2023-03-29 00:00:00.000000,departamento,ARRIENDO,owner_direct
PI-2023-03-003871,portalinmobiliario,Independencia,Metropolitana,520000,14.86,40.7,2023-02-20 00:00:00.000000,2023-03-22 00:00:00.000000,DEPARTAMENTO,Arriendo,agency
PI-2023-03-000238,portalinmobiliario,Peñalolén,Metropolitana,455000,13.0,39.1,2023-02-19 00:00:00.000000,2023-03-01 00:00:00.000000,DEPARTAMENTO,arriendo,agency
PI-2023-03-003778,portalinmobiliario,San Joaquín,Metropolitana,450000,12.86,49.5,2023-02-16 00:00:00.000000,2023-03-22 00:00:00.000000,DEPARTAMENTO,ARRIENDO,agency
PI-2023-03-003313,portalinmobiliario,Estación Central,Metropolitana,390000,11.14,31.5,2023-03-03 00:00:00.000000,2023-03-22 00:00:00.000000,Departamento,ARRIENDO,agency
PI-2023-03-001800,portalinmobiliario,San Miguel,Metropolitana,580000,16.57,50.0,2023-03-05 00:00:00.000000,2023-03-08 00:00:00.000000,DEPARTAMENTO,arriendo,agency
PI-2023-03-005302,portalinmobiliario,Ñuñoa,Metropolitana,945000,27.0,64.5,2023-03-23 00:00:00.000000,2023-03-29 00:00:00.000000,departamento,Arriendo,owner_direct
PI-2023-03-003823,portalinmobiliario,Quinta Normal,Metropolitana,520000,14.86,49.6,2023-02-24 00:00:00.000000,2023-03-22 00:00:00.000000,DEPARTAMENTO,Arriendo,agency
PI-2023-03-003282,portalinmobiliario,Recoleta,Metropolitana,510000,14.57,40.5,2023-03-11 00:00:00.000000,2023-03-22 00:00:00.000000,Departamento,arriendo,agency
PI-2023-03-000293,portalinmobiliario, Santiago,Metropolitana,545000,,50.7,2023-02-15 00:00:00.000000,2023-03-01 00:00:00.000000,departamento,Arriendo,agency
PI-2023-03-001505,portalinmobiliario,Maipú,Metropolitana,775000,22.14,109.5,2023-02-22 00:00:00.000000,2023-03-08 00:00:00.000000,DEPARTAMENTO,arriendo,agency
PI-2023-03-001335,portalinmobiliario,La Florida,Metropolitana,500000,14.29,39.6,2023-03-03 00:00:00.000000,2023-03-08 00:00:00.000000,DEPARTAMENTO,ARRIENDO,owner_direct
PI-2023-03-003075,portalinmobiliario,San Joaquín,Metropolitana,420000,12.0,31.4,2023-02-24 00:00:00.000000,2023-03-22 00:00:00.000000,DEPARTAMENTO,ARRIENDO,owner_direct
PI-2023-03-004435,portalinmobiliario,Ñuñoa,Metropolitana,565000,16.14,34.5,2023-02-24 00:00:00.000000,2023-03-29 00:00:00.000000,DEPARTAMENTO,Arriendo,owner_direct
PI-2023-03-003362,portalinmobiliario,Ñuñoa,Metropolitana,790000,22.57,53.8,2022-12-21 00:00:00.000000,2023-03-22 00:00:00.000000,departamento,arriendo,agency
PI-2023-03-002749,portalinmobiliario,Maipú,Metropolitana,420000,12.0,35.3,2023-02-23 00:00:00.000000,2023-03-15 00:00:00.000000,departamento,ARRIENDO,agency
PI-2023-03-000336,portalinmobiliario,Independencia,Metropolitana,450000,12.86,44.7,2023-02-20 00:00:00.000000,2023-03-01 00:00:00.000000,departamento,Arriendo,agency
PI-2023-03-001528,portalinmobiliario,Santiago,Metropolitana,430000,12.29,24.9,2023-03-05 00:00:00.000000,2023-03-08 00:00:00.000000,Departamento,ARRIENDO,agency
PI-2023-03-003795,portalinmobiliario,Maipú,Metropolitana,420000,12.0,42.1,2023-03-08 00:00:00.000000,2023-03-22 00:00:00.000000,departamento,arriendo,agency
PI-2023-03-004257,portalinmobiliario,La Florida,Metropolitana,560000,16.0,52.6,2023-01-29 00:00:00.000000,2023-03-29 00:00:00.000000,departamento,ARRIENDO,owner_direct
PI-2023-03-004387,portalinmobiliario,Recoleta,Metropolitana,385000,11.0,31.2,2023-02-09 00:00:00.000000,2023-03-29 00:00:00.000000,departamento,arriendo,owner_direct
PI-2023-03-003869,portalinmobiliario,Lo Barnechea,Metropolitana,915000,26.14,55.0,2023-02-25 00:00:00.000000,2023-03-22 00:00:00.000000,Departamento,Arriendo,agency
PI-2023-03-002251,portalinmobiliario,Maipú,Metropolitana,480000,13.71,41.8,2023-03-06 00:00:00.000000,2023-03-15 00:00:00.000000,departamento,Arriendo,agency
PI-2023-03-002636,portalinmobiliario,SANTIAGO,Metropolitana,1100000,31.43,110.2,2023-02-05 00:00:00.000000,2023-03-15 00:00:00.000000,departamento,Arriendo,agency
PI-2023-03-004631,portalinmobiliario,La Florida,Metropolitana,745000,21.29,77.6,2023-03-04 00:00:00.000000,2023-03-29 00:00:00.000000,Departamento,Arriendo,agency
PI-2023-03-002396,portalinmobiliario,Recoleta,Metropolitana,440000,12.57,51.3,2022-11-19 00:00:00.000000,2023-03-15 00:00:00.000000,departamento,Arriendo,agency
PI-2023-03-002007,portalinmobiliario,Estación Central,Metropolitana,745000,21.29,89.4,2023-03-08 00:00:00.000000,2023-03-15 00:00:00.000000,departamento,Arriendo,owner_direct
PI-2023-03-002954,portalinmobiliario,Santiago,Metropolitana,455000,13.0,27.9,2023-03-03 00:00:00.000000,2023-03-22 00:00:00.000000,DEPARTAMENTO,Arriendo,owner_direct
PI-2023-03-000859,portalinmobiliario,Estación Central,Metropolitana,425000,12.14,41.3,2023-02-02 00:00:00.000000,2023-03-01 00:00:00.000000,DEPARTAMENTO,arriendo,agency
PI-2023-03-003108,portalinmobiliario,Santiago,Metropolitana,790000,22.57,92.9,2023-03-19 00:00:00.000000,2023-03-22 00:00:00.000000,departamento,Arriendo,agency
PI-2023-03-002061,portalinmobiliario,Estación Central,Metropolitana,650000,18.57,72.9,2023-02-27 00:00:00.000000,2023-03-15 00:00:00.000000,DEPARTAMENTO,Arriendo,owner_direct
PI-2023-03-004403,portalinmobiliario,Santiago,Metropolitana,620000,17.71,53.4,2023-03-17 00:00:00.000000,2023-03-29 00:00:00.000000,departamento,ARRIENDO,owner_direct
PI-2023-03-000276,portalinmobiliario,Estación Central,Metropolitana,520000,14.86,59.0,2023-02-02 00:00:00.000000,2023-03-01 00:00:00.000000,DEPARTAMENTO,arriendo,agency
PI-2023-03-001338,portalinmobiliario,Lo Barnechea,Metropolitana,740000,21.14,34.3,2023-01-24 00:00:00.000000,2023-03-08 00:00:00.000000,Departamento,arriendo,agency
PI-2023-03-002690,portalinmobiliario,Maipú,Metropolitana,405000,11.57,33.6,2023-01-15 00:00:00.000000,2023-03-15 00:00:00.000000,DEPARTAMENTO,ARRIENDO,owner_direct
PI-2023-03-002099,portalinmobiliario,Huechuraba,Metropolitana,605000,17.29,50.0,2023-02-22 00:00:00.000000,2023-03-15 00:00:00.000000,departamento,Arriendo,owner_direct
PI-2023-03-000193,portalinmobiliario,Independencia,Metropolitana,680000,19.43,83.9,2023-02-04 00:00:00.000000,2023-03-01 00:00:00.000000,departamento,ARRIENDO,owner_direct
PI-2023-03-004951,portalinmobiliario,Estación Central,Metropolitana,385000,11.0,34.8,2023-02-24 00:00:00.000000,2023-03-29 00:00:00.000000,DEPARTAMENTO,Arriendo,owner_direct
PI-2023-03-001235,portalinmobiliario,Ñuñoa,Metropolitana,710000,20.29,46.2,2023-01-24 00:00:00.000000,2023-03-08 00:00:00.000000,departamento,Arriendo,agency
PI-2023-03-004250,portalinmobiliario,Puente Alto,Metropolitana,360000,10.29,30.2,2023-03-03 00:00:00.000000,2023-03-29 00:00:00.000000,Departamento,ARRIENDO,owner_direct
PI-2023-03-003243,portalinmobiliario,Quilicura,Metropolitana,470000,13.43,49.8,2023-02-24 00:00:00.000000,2023-03-22 00:00:00.000000,DEPARTAMENTO,ARRIENDO,agency
PI-2023-03-004331,portalinmobiliario,Pudahuel,Metropolitana,475000,13.57,50.6,2023-03-19 00:00:00.000000,2023-03-29 00:00:00.000000,DEPARTAMENTO,Arriendo,agency
PI-2023-03-002058,portalinmobiliario,La Florida,Metropolitana,530000,15.14,41.6,2023-02-08 00:00:00.000000,2023-03-15 00:00:00.000000,Departamento,Arriendo,owner_direct
PI-2023-03-004278,portalinmobiliario,Providencia,Metropolitana,1265000,36.14,77.8,2023-03-22 00:00:00.000000,2023-03-29 00:00:00.000000,DEPARTAMENTO,ARRIENDO,agency
PI-2023-03-003647,portalinmobiliario,LA FLORIDA,Metropolitana,620000,17.71,54.9,2023-02-25 00:00:00.000000,2023-03-22 00:00:00.000000,departamento,Arriendo,agency
PI-2023-03-002368,portalinmobiliario,Ñuñoa,Metropolitana,1065000,30.43,92.6,2023-03-01 00:00:00.000000,2023-03-15 00:00:00.000000,Departamento,Arriendo,agency
PI-2023-03-005075,portalinmobiliario,Peñalolén,Metropolitana,545000,15.57,50.1,2023-03-20 00:00:00.000000,2023-03-29 00:00:00.000000,Departamento,ARRIENDO,owner_direct
PI-2023-03-003498,portalinmobiliario,Ñuñoa,Metropolitana,585000,16.71,36.6,2023-02-13 00:00:00.000000,2023-03-22 00:00:00.000000,departamento,arriendo,owner_direct
PI-2023-03-001369,portalinmobiliario,Las Condes,Metropolitana,860000,24.57,33.3,2023-02-14 00:00:00.000000,2023-03-08 00:00:00.000000,Departamento,arriendo,agency
PI-2023-03-004517,portalinmobiliario,Maipú,Metropolitana,400000,11.43,42.2,2023-03-12 00:00:00.000000,2023-03-29 00:00:00.000000,departamento,Arriendo,owner_direct
PI-2023-03-004797,portalinmobiliario,Lo Barnechea,Metropolitana,1315000,37.57,97.4,2023-02-01 00:00:00.000000,2023-03-29 00:00:00.000000,Departamento,Arriendo,owner_direct
PI-2023-03-003132,portalinmobiliario,Independencia,Metropolitana,560000,16.0,49.9,2023-03-07 00:00:00.000000,2023-03-22 00:00:00.000000,departamento,ARRIENDO,owner_direct
PI-2023-03-002269,portalinmobiliario,Macul,Metropolitana,775000,22.14,72.3,2023-02-10 00:00:00.000000,2023-03-15 00:00:00.000000,DEPARTAMENTO,Arriendo,agency
PI-2023-03-001579,portalinmobiliario,Las Condes,Metropolitana,1510000,43.14,98.4,2023-01-24 00:00:00.000000,2023-03-08 00:00:00.000000,Departamento,arriendo,owner_direct
PI-2023-03-005150,portalinmobiliario,Maipú,Metropolitana,650000,18.57,68.9,2023-03-20 00:00:00.000000,2023-03-29 00:00:00.000000,DEPARTAMENTO,Arriendo,owner_direct
PI-2023-03-005106,portalinmobiliario,Quilicura,Metropolitana,525000,15.0,64.6,2023-03-08 00:00:00.000000,2023-03-29 00:00:00.000000,DEPARTAMENTO,ARRIENDO,owner_direct
PI-2023-03-003216,portalinmobiliario,Lo Barnechea,Metropolitana,695000,19.86,26.8,2023-02-19 00:00:00.000000,2023-03-22 00:00:00.000000,Departamento,arriendo,owner_direct
PI-2023-03-001383,portalinmobiliario,macul,Metropolitana,635000,18.14,56.4,2023-02-15 00:00:00.000000,2023-03-08 00:00:00.000000,Departamento,arriendo,agency
PI-2023-03-000836,portalinmobiliario,La Florida,Metropolitana,465000,13.29,45.6,2022-10-19 00:00:00.000000,2023-03-01 00:00:00.000000,Departamento,arriendo,owner_direct
PI-2023-03-003827,portalinmobiliario,Santiago,Metropolitana,535000,15.29,50.9,2023-03-14 00:00:00.000000,2023-03-22 00:00:00.000000,Departamento,arriendo,agency
PI-2023-03-000827,portalinmobiliario,Maipú,Metropolitana,470000,13.43,50.8,2023-02-16 00:00:00.000000,2023-03-01 00:00:00.000000,Departamento,arriendo,agency
PI-2023-03-004544,portalinmobiliario,Providencia,Metropolitana,800000,22.86,28.5,2023-02-20 00:00:00.000000,2023-03-29 00:00:00.000000,Departamento,arriendo,owner_direct
PI-2023-03-003167,portalinmobiliario,San Miguel,Metropolitana,620000,17.71,47.5,2023-02-11 00:00:00.000000,2023-03-22 00:00:00.000000,departamento,arriendo,agency
PI-2023-03-004650,portalinmobiliario,La Florida,Metropolitana,390000,11.14,36.5,2023-03-15 00:00:00.000000,2023-03-29 00:00:00.000000,departamento,Arriendo,owner_direct
PI-2023-03-002938,portalinmobiliario,San Miguel,Metropolitana,665000,19.0,68.9,2023-03-01 00:00:00.000000,2023-03-15 00:00:00.000000,departamento,Arriendo,owner_direct
PI-2023-03-000956,portalinmobiliario,Providencia,Metropolitana,1030000,29.43,61.0,2023-02-22 00:00:00.000000,2023-03-01 00:00:00.000000,departamento,Arriendo,owner_direct
PI-2023-03-002447,portalinmobiliario,Vitacura,Metropolitana,875000,25.0,26.5,2023-03-03 00:00:00.000000,2023-03-15 00:00:00.000000,departamento,ARRIENDO,agency
PI-2023-03-002449,portalinmobiliario,Ñuñoa,Metropolitana,680000,19.43,49.8,2023-01-16 00:00:00.000000,2023-03-15 00:00:00.000000,DEPARTAMENTO,arriendo,agency
PI-2023-03-002738,portalinmobiliario,Huechuraba,Metropolitana,580000,16.57,40.9,2023-01-20 00:00:00.000000,2023-03-15 00:00:00.000000,departamento,ARRIENDO,agency
PI-2023-03-001614,portalinmobiliario,Estación Central,Metropolitana,380000,10.86,32.5,2022-10-28 00:00:00.000000,2023-03-08 00:00:00.000000,departamento,Arriendo,agency
PI-2023-03-003878,portalinmobiliario,San Miguel,Metropolitana,625000,17.86,42.4,2022-10-09 00:00:00.000000,2023-03-22 00:00:00.000000,Departamento,ARRIENDO,owner_direct
PI-2023-03-002200,portalinmobiliario,Independencia,Metropolitana,350000,10.0,2.0,2022-10-26 00:00:00.000000,2023-03-15 00:00:00.000000,DEPARTAMENTO,arriendo,agency
PI-2023-03-003985,portalinmobiliario,Macul,Metropolitana,555000,15.86,41.9,2023-02-04 00:00:00.000000,2023-03-22 00:00:00.000000,Departamento,arriendo,agency
PI-2023-03-001291,portalinmobiliario,Ñuñoa,Metropolitana,745000,21.29,68.9,2023-02-06 00:00:00.000000,2023-03-08 00:00:00.000000,departamento,Arriendo,agency
PI-2023-03-001397,portalinmobiliario,Puente Alto,Metropolitana,420000,12.0,66.9,2023-01-17 00:00:00.000000,2023-03-08 00:00:00.000000,DEPARTAMENTO,Arriendo,owner_direct
PI-2023-03-002033,portalinmobiliario, Estación Central,Metropolitana,355000,10.14,1.0,2023-03-08 00:00:00.000000,2023-03-15 00:00:00.000000,DEPARTAMENTO,Arriendo,agency
PI-2023-03-004357,portalinmobiliario,Quilicura,Metropolitana,535000,15.29,56.5,2023-01-18 00:00:00.000000,2023-03-29 00:00:00.000000,Departamento,ARRIENDO,owner_direct
PI-2023-03-002275,portalinmobiliario,Maipú,Metropolitana,515000,14.71,56.7,2023-02-27 00:00:00.000000,2023-03-15 00:00:00.000000,Departamento,arriendo,agency
PI-2023-03-001737,portalinmobiliario,Independencia,Metropolitana,495000,14.14,55.1,2023-03-01 00:00:00.000000,2023-03-08 00:00:00.000000,DEPARTAMENTO,arriendo,agency
PI-2023-03-003045,portalinmobiliario,Puente Alto,Metropolitana,440000,12.57,56.3,2023-03-06 00:00:00.000000,2023-03-22 00:00:00.000000,Departamento,arriendo,owner_direct
PI-2023-03-003558,portalinmobiliario,San Miguel,Metropolitana,540000,15.43,39.3,2023-03-04 00:00:00.000000,2023-03-22 00:00:00.000000,departamento,arriendo,agency
PI-2023-03-003687,portalinmobiliario,Providencia,Metropolitana,730000,20.86,26.9,2023-03-13 00:00:00.000000,2023-03-22 00:00:00.000000,DEPARTAMENTO,ARRIENDO,agency
PI-2023-03-004554,portalinmobiliario,Macul,Metropolitana,400000,11.43,28.5,2023-03-15 00:00:00.000000,2023-03-29 00:00:00.000000,DEPARTAMENTO,Arriendo,agency
PI-2023-03-003174,portalinmobiliario,Santiago,Metropolitana,6425000,183.57,58.7,2023-03-05 00:00:00.000000,2023-03-22 00:00:00.000000,Departamento,Arriendo,agency
PI-2023-03-003402,portalinmobiliario,Santiago,Metropolitana,670000,19.14,62.0,2023-01-15 00:00:00.000000,2023-03-22 00:00:00.000000,Departamento,arriendo,agency
PI-2023-03-000353,portalinmobiliario,Ñuñoa,Metropolitana,785000,22.43,58.7,2023-02-15 00:00:00.000000,2023-03-01 00:00:00.000000,departamento,ARRIENDO,agency
PI-2023-03-005037,portalinmobiliario,Estación Central,Metropolitana,430000,12.29,38.9,2023-01-18 00:00:00.000000,2023-03-29 00:00:00.000000,Departamento,arriendo,agency
PI-2023-03-002023,portalinmobiliario,Quinta Normal,Metropolitana,405000,11.57,22.8,2023-01-24 00:00:00.000000,2023-03-15 00:00:00.000000,Departamento,Arriendo,agency
PI-2023-03-002863,portalinmobiliario,Macul,Metropolitana,415000,11.86,28.9,2023-02-23 00:00:00.000000,2023-03-15 00:00:00.000000,departamento,ARRIENDO,owner_direct
PI-2023-03-004839,portalinmobiliario,Independencia,Metropolitana,455000,13.0,45.7,2023-03-22 00:00:00.000000,2023-03-29 00:00:00.000000,Departamento,Arriendo,owner_direct
PI-2023-03-005254,portalinmobiliario,La Reina,Metropolitana,930000,26.57,65.0,2023-02-08 00:00:00.000000,2023-03-29 00:00:00.000000,departamento,arriendo,agency
PI-2023-03-004915,portalinmobiliario,Independencia,Metropolitana,415000,11.86,31.4,2022-10-27 00:00:00.000000,2023-03-29 00:00:00.000000,departamento,arriendo,agency
PI-2023-03-002612,portalinmobiliario,Conchalí,Metropolitana,565000,,60.7,2022-08-28 00:00:00.000000,2023-03-15 00:00:00.000000,Departamento,ARRIENDO,owner_direct
PI-2023-03-002242,portalinmobiliario,Providencia,Metropolitana,770000,22.0,1.0,2023-02-23 00:00:00.000000,2023-03-15 00:00:00.000000,Departamento,Arriendo,owner_direct
PI-2023-03-005235,portalinmobiliario,Providencia,Metropolitana,820000,23.43,50.4,2023-02-26 00:00:00.000000,2023-03-29 00:00:00.000000,DEPARTAMENTO,Arriendo,agency
PI-2023-03-003853,portalinmobiliario,Lo Barnechea,Metropolitana,1275000,36.43,84.7,2023-03-06 00:00:00.000000,2023-03-22 00:00:00.000000,departamento,arriendo,agency
PI-2023-03-000936,portalinmobiliario,Macul,Metropolitana,595000,17.0,51.4,2023-02-28 00:00:00.000000,2023-03-01 00:00:00.000000,departamento,arriendo,agency
PI-2023-03-001938,portalinmobiliario,Ñuñoa,Metropolitana,1090000,31.14,94.8,2023-01-31 00:00:00.000000,2023-03-15 00:00:00.000000,DEPARTAMENTO,arriendo,owner_direct
PI-2023-03-001264,portalinmobiliario,Estación Central,Metropolitana,590000,16.86,59.7,2023-02-25 00:00:00.000000,2023-03-08 00:00:00.000000,DEPARTAMENTO,Arriendo,owner_direct
PI-2023-03-003196,portalinmobiliario,Ñuñoa,Metropolitana,505000,14.43,28.3,2023-03-01 00:00:00.000000,2023-03-22 00:00:00.000000,departamento,arriendo,agency
PI-2023-03-001788,portalinmobiliario,Recoleta,Metropolitana,370000,10.57,43.8,2023-01-16 00:00:00.000000,2023-03-08 00:00:00.000000,departamento,ARRIENDO,agency
PI-2023-03-000518,portalinmobiliario,Independencia,Metropolitana,410000,11.71,41.3,2023-02-22 00:00:00.000000,2023-03-01 00:00:00.000000,departamento,ARRIENDO,agency
PI-2023-03-002168,portalinmobiliario,Santiago,Metropolitana,1065000,30.43,120.8,2022-11-24 00:00:00.000000,2023-03-15 00:00:00.000000,DEPARTAMENTO,Arriendo,owner_direct
PI-2023-03-005259,portalinmobiliario,Huechuraba,Metropolitana,555000,15.86,45.0,2023-02-10 00:00:00.000000,2023-03-29 00:00:00.000000,DEPARTAMENTO,Arriendo,owner_direct
PI-2023-03-005188,portalinmobiliario,Conchalí,Metropolitana,545000,15.57,61.7,2023-03-03 00:00:00.000000,2023-03-29 00:00:00.000000,Departamento,arriendo,owner_direct
PI-2023-03-004732,portalinmobiliario,Vitacura,Metropolitana,1570000,44.86,85.8,2023-03-15 00:00:00.000000,2023-03-29 00:00:00.000000,DEPARTAMENTO,Arriendo,agency
PI-2023-03-004869,portalinmobiliario,Las Condes,Metropolitana,985000,28.14,43.2,2023-02-21 00:00:00.000000,2023-03-29 00:00:00.000000,Departamento,Arriendo,agency
PI-2023-03-001663,portalinmobiliario,Independencia,Metropolitana,470000,13.43,42.2,2023-02-03 00:00:00.000000,2023-03-08 00:00:00.000000,DEPARTAMENTO,ARRIENDO,agency
PI-2023-03-000002,portalinmobiliario,La Reina,Metropolitana,600000,17.14,30.7,2022-11-01 00:00:00.000000,2023-03-01 00:00:00.000000,DEPARTAMENTO,Arriendo,agency
PI-2023-03-003055,portalinmobiliario,San Miguel,Metropolitana,655000,18.71,41.2,2023-03-08 00:00:00.000000,2023-03-22 00:00:00.000000,DEPARTAMENTO,Arriendo,agency
PI-2023-03-001848,portalinmobiliario,Maipú,Metropolitana,530000,15.14,58.3,2023-03-02 00:00:00.000000,2023-03-08 00:00:00.000000,Departamento,ARRIENDO,owner_direct
PI-2023-03-004299,portalinmobiliario,Quinta Normal,Metropolitana,460000,13.14,47.1,2023-03-05 00:00:00.000000,2023-03-29 00:00:00.000000,departamento,Arriendo,owner_direct
PI-2023-03-003208,portalinmobiliario,Ñuñoa,Metropolitana,565000,16.14,36.7,2023-02-22 00:00:00.000000,2023-03-22 00:00:00.000000,departamento,arriendo,agency
PI-2023-03-002006,portalinmobiliario,Lo Barnechea,Metropolitana,905000,25.86,45.1,2023-03-10 00:00:00.000000,2023-03-15 00:00:00.000000,DEPARTAMENTO,ARRIENDO,owner_direct
PI-2023-03-005274,portalinmobiliario,Lo Barnechea,Metropolitana,825000,23.57,49.6,2023-03-10 00:00:00.000000,2023-03-29 00:00:00.000000,Departamento,Arriendo,owner_direct
PI-2023-03-000226,portalinmobiliario,Las Condes,Metropolitana,1325000,37.86,73.9,2023-02-09 00:00:00.000000,2023-03-01 00:00:00.000000,departamento,ARRIENDO,agency
PI-2023-03-000116,portalinmobiliario,Puente Alto,Metropolitana,380000,10.86,36.3,2023-02-02 00:00:00.000000,2023-03-01 00:00:00.000000,departamento,Arriendo,owner_direct
PI-2023-03-003001,portalinmobiliario,La Florida,Metropolitana,450000,12.86,36.2,2023-02-13 00:00:00.000000,2023-03-22 00:00:00.000000,Departamento,Arriendo,agency
PI-2023-03-004401,portalinmobiliario,Independencia,Metropolitana,425000,12.14,35.5,2023-03-16 00:00:00.000000,2023-03-29 00:00:00.000000,Departamento,ARRIENDO,owner_direct
PI-2023-03-002149,portalinmobiliario,Santiago,Metropolitana,680000,19.43,71.5,2023-01-31 00:00:00.000000,2023-03-15 00:00:00.000000,departamento,ARRIENDO,owner_direct
PI-2023-03-003068,portalinmobiliario,Peñalolén,Metropolitana,465000,13.29,39.5,2023-03-11 00:00:00.000000,2023-03-22 00:00:00.000000,Departamento,Arriendo,agency
PI-2023-03-002028,portalinmobiliario,Providencia,Metropolitana,1015000,29.0,66.4,2023-03-04 00:00:00.000000,2023-03-15 00:00:00.000000,departamento,ARRIENDO,agency
PI-2023-03-001493,portalinmobiliario,Vitacura,Metropolitana,975000,27.86,37.4,2023-02-22 00:00:00.000000,2023-03-08 00:00:00.000000,Departamento,ARRIENDO,owner_direct
PI-2023-03-004354,portalinmobiliario,Santiago,Metropolitana,535000,15.29,48.1,2023-01-20 00:00:00.000000,2023-03-29 00:00:00.000000,Departamento,Arriendo,owner_direct
PI-2023-03-004225,portalinmobiliario,Independencia,Metropolitana,405000,11.57,50.9,2023-02-27 00:00:00.000000,2023-03-29 00:00:00.000000,Departamento,Arriendo,agency
PI-2023-03-004045,portalinmobiliario,Santiago,Metropolitana,500000,14.29,47.8,2023-02-17 00:00:00.000000,2023-03-22 00:00:00.000000,Departamento,Arriendo,agency
PI-2023-03-003168,portalinmobiliario,Ñuñoa,Metropolitana,955000,27.29,67.3,2023-03-19 00:00:00.000000,2023-03-22 00:00:00.000000,departamento,arriendo,agency
PI-2023-03-000016,portalinmobiliario,Macul,Metropolitana,640000,18.29,50.3,2022-11-19 00:00:00.000000,2023-03-01 00:00:00.000000,DEPARTAMENTO,Arriendo,agency
PI-2023-03-001314,portalinmobiliario,Maipú,Metropolitana,1020000,29.14,25.2,2023-03-02 00:00:00.000000,2023-03-08 00:00:00.000000,DEPARTAMENTO,arriendo,agency
PI-2023-03-003194,portalinmobiliario,Estación Central,Metropolitana,625000,17.86,65.3,2023-02-12 00:00:00.000000,2023-03-22 00:00:00.000000,Departamento,ARRIENDO,agency
PI-2023-03-000196,portalinmobiliario,Santiago,Metropolitana,690000,19.71,48.0,2022-12-31 00:00:00.000000,2023-03-01 00:00:00.000000,departamento,arriendo,agency
PI-2023-03-003991,portalinmobiliario,Macul,Metropolitana,430000,12.29,27.1,2023-03-17 00:00:00.000000,2023-03-22 00:00:00.000000,departamento,arriendo,agency
PI-2023-03-000082,portalinmobiliario,Puente Alto,Metropolitana,385000,11.0,29.1,2023-02-27 00:00:00.000000,2023-03-01 00:00:00.000000,Departamento,arriendo,owner_direct
PI-2023-03-003561,portalinmobiliario,Santiago,Metropolitana,555000,15.86,50.0,2023-03-10 00:00:00.000000,2023-03-22 00:00:00.000000,departamento,arriendo,agency
PI-2023-03-003761,portalinmobiliario,Santiago,Metropolitana,800000,22.86,53.8,2023-02-16 00:00:00.000000,2023-03-22 00:00:00.000000,DEPARTAMENTO,ARRIENDO,agency
PI-2023-03-003625,portalinmobiliario,Cerrillos,Metropolitana,390000,11.14,41.1,2023-01-12 00:00:00.000000,2023-03-22 00:00:00.000000,Departamento,ARRIENDO,owner_direct
PI-2023-03-000593,portalinmobiliario,Huechuraba,Metropolitana,580000,16.57,53.1,2023-01-29 00:00:00.000000,2023-03-01 00:00:00.000000,Departamento,Arriendo,agency
PI-2023-03-005156,portalinmobiliario,Independencia,Metropolitana,420000,12.0,34.5,2023-03-01 00:00:00.000000,2023-03-29 00:00:00.000000,departamento,ARRIENDO,agency
PI-2023-03-005276,portalinmobiliario,Quinta Normal,Metropolitana,400000,11.43,29.7,2023-03-11 00:00:00.000000,2023-03-29 00:00:00.000000,departamento,ARRIENDO,agency
PI-2023-03-004293,portalinmobiliario,Las Condes,Metropolitana,605000,17.29,30.3,2023-03-02 00:00:00.000000,2023-03-29 00:00:00.000000,DEPARTAMENTO,ARRIENDO,owner_direct
PI-2023-03-001824,portalinmobiliario,Las Condes,Metropolitana,730000,20.86,27.7,2022-11-28 00:00:00.000000,2023-03-08 00:00:00.000000,Departamento,Arriendo,agency
PI-2023-03-001504,portalinmobiliario,La Reina,Metropolitana,805000,23.0,55.5,2023-02-27 00:00:00.000000,2023-03-08 00:00:00.000000,DEPARTAMENTO,Arriendo,agency
PI-2023-03-001159,portalinmobiliario,Ñuñoa,Metropolitana,635000,18.14,43.7,2023-02-27 00:00:00.000000,2023-03-08 00:00:00.000000,Departamento,arriendo,agency
PI-2023-03-000554,portalinmobiliario,Maipú,Metropolitana,500000,14.29,67.0,2023-02-10 00:00:00.000000,2023-03-01 00:00:00.000000,Departamento,ARRIENDO,agency
PI-2023-03-001332,portalinmobiliario,Providencia ,Metropolitana,860000,24.57,40.3,2023-02-12 00:00:00.000000,2023-03-08 00:00:00.000000,departamento,Arriendo,owner_direct
PI-2023-03-002385,portalinmobiliario,San Miguel,Metropolitana,1085000,31.0,136.0,2023-02-21 00:00:00.000000,2023-03-15 00:00:00.000000,Departamento,arriendo,agency
PI-2023-03-004326,portalinmobiliario,Quilicura,Metropolitana,520000,14.86,51.5,2022-09-16 00:00:00.000000,2023-03-29 00:00:00.000000,departamento,ARRIENDO,agency
PI-2023-03-005173,portalinmobiliario,Santiago,Metropolitana,735000,21.0,60.6,2023-03-20 00:00:00.000000,2023-03-29 00:00:00.000000,Departamento,ARRIENDO,agency
PI-2023-03-001626,portalinmobiliario,Recoleta,Metropolitana,460000,13.14,42.2,2023-03-04 00:00:00.000000,2023-03-08 00:00:00.000000,DEPARTAMENTO,ARRIENDO,owner_direct
PI-2023-03-000830,portalinmobiliario,Quilicura,Metropolitana,420000,12.0,40.1,2023-02-10 00:00:00.000000,2023-03-01 00:00:00.000000,DEPARTAMENTO,arriendo,agency
PI-2023-03-002888,portalinmobiliario,Independencia,Metropolitana,385000,11.0,26.2,2023-03-07 00:00:00.000000,2023-03-15 00:00:00.000000,departamento,Arriendo,agency
PI-2023-03-000147,portalinmobiliario,Macul,Metropolitana,700000,20.0,67.9,2023-02-04 00:00:00.000000,2023-03-01 00:00:00.000000,Departamento,ARRIENDO,agency
PI-2023-03-003605,portalinmobiliario,La Florida,Metropolitana,515000,14.71,42.9,2023-03-19 00:00:00.000000,2023-03-22 00:00:00.000000,Departamento,arriendo,owner_direct
PI-2023-03-003380,portalinmobiliario,Peñalolén,Metropolitana,485000,13.86,37.4,2023-02-28 00:00:00.000000,2023-03-22 00:00:00.000000,departamento,Arriendo,agency
PI-2023-03-003693,portalinmobiliario,Las Condes,Metropolitana,1065000,30.43,67.2,2023-03-04 00:00:00.000000,2023-03-22 00:00:00.000000,departamento,Arriendo,agency
PI-2023-03-001534,portalinmobiliario,PUENTE ALTO,Metropolitana,430000,12.29,40.4,2023-01-24 00:00:00.000000,2023-03-08 00:00:00.000000,departamento,Arriendo,owner_direct
PI-2023-03-001138,portalinmobiliario,La Florida,Metropolitana,795000,22.71,114.8,2023-01-11 00:00:00.000000,2023-03-08 00:00:00.000000,DEPARTAMENTO,Arriendo,owner_direct
PI-2023-03-002158,portalinmobiliario,La Florida,Metropolitana,485000,13.86,30.4,2023-01-29 00:00:00.000000,2023-03-15 00:00:00.000000,DEPARTAMENTO,ARRIENDO,agency
PI-2023-03-003790,portalinmobiliario,Recoleta,Metropolitana,545000,15.57,59.2,2023-03-01 00:00:00.000000,2023-03-22 00:00:00.000000,DEPARTAMENTO,ARRIENDO,owner_direct
PI-2023-03-000948,portalinmobiliario,San Joaquín,Metropolitana,585000,16.71,57.4,2022-11-22 00:00:00.000000,2023-03-01 00:00:00.000000,DEPARTAMENTO,Arriendo,agency
PI-2023-03-000328,portalinmobiliario,Estación Central,Metropolitana,365000,10.43,39.9,2023-01-05 00:00:00.000000,2023-03-01 00:00:00.000000,Departamento,Arriendo,agency
PI-2023-03-002607,portalinmobiliario,Quilicura,Metropolitana,405000,11.57,30.1,2023-02-25 00:00:00.000000,2023-03-15 00:00:00.000000,Departamento,arriendo,owner_direct
PI-2023-03-002835,portalinmobiliario,Santiago,Metropolitana,525000,15.0,44.9,2023-03-06 00:00:00.000000,2023-03-15 00:00:00.000000,DEPARTAMENTO,ARRIENDO,agency
PI-2023-03-003113,portalinmobiliario,Vitacura,Metropolitana,1635000,46.71,85.0,2023-03-17 00:00:00.000000,2023-03-22 00:00:00.000000,departamento,ARRIENDO,owner_direct
PI-2023-03-002829,portalinmobiliario,Macul,Metropolitana,705000,20.14,74.0,2022-09-22 00:00:00.000000,2023-03-15 00:00:00.000000,DEPARTAMENTO,Arriendo,agency
PI-2023-03-005064,portalinmobiliario,Santiago,Metropolitana,710000,20.29,51.9,2023-03-07 00:00:00.000000,2023-03-29 00:00:00.000000,Departamento,Arriendo,agency
PI-2023-03-003172,portalinmobiliario,La Reina,Metropolitana,830000,23.71,51.2,2023-03-10 00:00:00.000000,2023-03-22 00:00:00.000000,departamento,ARRIENDO,owner_direct
PI-2023-03-003983,portalinmobiliario,Maipú,Metropolitana,365000,10.43,43.9,2023-02-09 00:00:00.000000,2023-03-22 00:00:00.000000,DEPARTAMENTO,ARRIENDO,agency
PI-2023-03-002452,portalinmobiliario,Santiago,Metropolitana,935000,26.71,84.8,2023-02-25 00:00:00.000000,2023-03-15 00:00:00.000000,Departamento,Arriendo,agency
PI-2023-03-003672,portalinmobiliario,Las Condes,Metropolitana,1155000,33.0,67.8,2023-03-07 00:00:00.000000,2023-03-22 00:00:00.000000,departamento,Arriendo,agency
PI-2023-03-003426,portalinmobiliario,Ñuñoa,Metropolitana,610000,17.43,36.0,2022-10-28 00:00:00.000000,2023-03-22 00:00:00.000000,Departamento,arriendo,owner_direct
PI-2023-03-000077,portalinmobiliario,La Florida,Metropolitana,515000,14.71,51.3,2023-02-13 00:00:00.000000,2023-03-01 00:00:00.000000,Departamento,Arriendo,agency
PI-2023-03-005089,portalinmobiliario,Puente Alto,Metropolitana,395000,11.29,50.0,2023-02-28 00:00:00.000000,2023-03-29 00:00:00.000000,DEPARTAMENTO,ARRIENDO,agency
PI-2023-03-000514,portalinmobiliario,La Florida,Metropolitana,615000,17.57,63.4,2023-02-05 00:00:00.000000,2023-03-01 00:00:00.000000,DEPARTAMENTO,arriendo,agency
PI-2023-03-004136,portalinmobiliario,Macul,Metropolitana,525000,15.0,46.4,2022-10-29 00:00:00.000000,2023-03-29 00:00:00.000000,departamento,Arriendo,agency
PI-2023-03-003076,portalinmobiliario,la florida,Metropolitana,635000,,56.3,2023-03-10 00:00:00.000000,2023-03-22 00:00:00.000000,Departamento,ARRIENDO,agency
PI-2023-03-000548,portalinmobiliario,Cerrillos,Metropolitana,495000,14.14,44.9,2023-02-26 00:00:00.000000,2023-03-01 00:00:00.000000,departamento,ARRIENDO,agency
PI-2023-03-000706,portalinmobiliario,Huechuraba,Metropolitana,810000,23.14,81.1,2023-02-10 00:00:00.000000,2023-03-01 00:00:00.000000,Departamento,ARRIENDO,owner_direct
PI-2023-03-004011,portalinmobiliario,Las Condes,Metropolitana,990000,28.29,58.6,2023-02-26 00:00:00.000000,2023-03-22 00:00:00.000000,Departamento,arriendo,owner_direct
PI-2023-03-002445,portalinmobiliario,Independencia,Metropolitana,720000,20.57,71.1,2023-02-21 00:00:00.000000,2023-03-15 00:00:00.000000,DEPARTAMENTO,Arriendo,owner_direct
PI-2023-03-001733,portalinmobiliario,Santiago,Metropolitana,630000,18.0,75.0,2022-11-18 00:00:00.000000,2023-03-08 00:00:00.000000,departamento,Arriendo,owner_direct
PI-2023-03-000757,portalinmobiliario,Santiago,Metropolitana,625000,17.86,47.9,2023-01-08 00:00:00.000000,2023-03-01 00:00:00.000000,DEPARTAMENTO,ARRIENDO,agency
PI-2023-03-002344,portalinmobiliario,Santiago,Metropolitana,725000,20.71,54.1,2023-02-28 00:00:00.000000,2023-03-15 00:00:00.000000,departamento,Arriendo,agency
PI-2023-03-003572,portalinmobiliario,Providencia,Metropolitana,825000,23.57,38.0,2023-02-23 00:00:00.000000,2023-03-22 00:00:00.000000,Departamento,ARRIENDO,agency
PI-2023-03-001251,portalinmobiliario,Estación Central,Metropolitana,740000,21.14,99.6,2023-03-04 00:00:00.000000,2023-03-08 00:00:00.000000,Departamento,Arriendo,agency
PI-2023-03-005027,portalinmobiliario,La Cisterna,Metropolitana,605000,17.29,64.3,2023-02-12 00:00:00.000000,2023-03-29 00:00:00.000000,departamento,ARRIENDO,owner_direct
PI-2023-03-000168,portalinmobiliario,Puente Alto,Metropolitana,545000,15.57,73.7,2022-11-12 00:00:00.000000,2023-03-01 00:00:00.000000,departamento,arriendo,agency
PI-2023-03-003302,portalinmobiliario,San Miguel,Metropolitana,470000,13.43,30.6,2023-01-24 00:00:00.000000,2023-03-22 00:00:00.000000,DEPARTAMENTO,arriendo,agency
PI-2023-03-000556,portalinmobiliario,Independencia,Metropolitana,350000,10.0,30.0,2023-02-15 00:00:00.000000,2023-03-01 00:00:00.000000,DEPARTAMENTO,Arriendo,agency
PI-2023-03-000185,portalinmobiliario,Santiago,Metropolitana,730000,20.86,77.2,2023-02-16 00:00:00.000000,2023-03-01 00:00:00.000000,Departamento,arriendo,owner_direct
PI-2023-03-002436,portalinmobiliario,Estación Central,Metropolitana,760000,21.71,102.1,2023-02-03 00:00:00.000000,2023-03-15 00:00:00.000000,Departamento,arriendo,agency
PI-2023-03-003723,portalinmobiliario,Independencia,Metropolitana,370000,10.57,25.5,2023-03-21 00:00:00.000000,2023-03-22 00:00:00.000000,DEPARTAMENTO,arriendo,owner_direct
PI-2023-03-004717,portalinmobiliario,Santiago,Metropolitana,660000,18.86,62.8,2023-03-15 00:00:00.000000,2023-03-29 00:00:00.000000,Departamento,arriendo,owner_direct
PI-2023-03-004678,portalinmobiliario,Pudahuel,Metropolitana,505000,14.43,50.5,2023-02-02 00:00:00.000000,2023-03-29 00:00:00.000000,DEPARTAMENTO,ARRIENDO,owner_direct
PI-2023-03-002003,portalinmobiliario,La Reina,Metropolitana,835000,23.86,57.3,2023-03-05 00:00:00.000000,2023-03-15 00:00:00.000000,departamento,ARRIENDO,owner_direct
PI-2023-03-001270,portalinmobiliario,Maipú,Metropolitana,505000,14.43,52.3,2023-02-19 00:00:00.000000,2023-03-08 00:00:00.000000,departamento,ARRIENDO,owner_direct
PI-2023-03-005336,portalinmobiliario,San Miguel,Metropolitana,690000,19.71,65.6,2023-01-13 00:00:00.000000,2023-03-29 00:00:00.000000,departamento,arriendo,agency
PI-2023-03-004788,portalinmobiliario,Puente Alto,Metropolitana,565000,16.14,64.0,2023-03-01 00:00:00.000000,2023-03-29 00:00:00.000000,Departamento,ARRIENDO,owner_direct
PI-2023-03-000415,portalinmobiliario,Ñuñoa,Metropolitana,620000,17.71,47.2,2022-08-27 00:00:00.000000,2023-03-01 00:00:00.000000,DEPARTAMENTO,ARRIENDO,agency
PI-2023-03-002659,portalinmobiliario,Las Condes,Metropolitana,1815000,51.86,109.8,2022-09-30 00:00:00.000000,2023-03-15 00:00:00.000000,DEPARTAMENTO,Arriendo,agency
PI-2023-03-005339,portalinmobiliario,CONCHALÍ,Metropolitana,350000,10.0,33.5,2023-02-05 00:00:00.000000,2023-03-29 00:00:00.000000,Departamento,arriendo,owner_direct
PI-2023-03-004697,portalinmobiliario,Santiago,Metropolitana,615000,17.57,57.2,2023-03-26 00:00:00.000000,2023-03-29 00:00:00.000000,departamento,arriendo,owner_direct
PI-2023-03-002946,portalinmobiliario,Renca,Metropolitana,500000,14.29,50.0,2023-02-22 00:00:00.000000,2023-03-15 00:00:00.000000,Departamento,Arriendo,agency
PI-2023-03-005010,portalinmobiliario,Vitacura,Metropolitana,1180000,33.71,57.9,2023-03-08 00:00:00.000000,2023-03-29 00:00:00.000000,departamento,Arriendo,agency
PI-2023-03-004535,portalinmobiliario,Ñuñoa,Metropolitana,860000,24.57,66.9,2023-03-20 00:00:00.000000,2023-03-29 00:00:00.000000,Departamento,arriendo,agency
PI-2023-03-005107,portalinmobiliario,Santiago,Metropolitana,570000,16.29,52.6,2023-03-09 00:00:00.000000,2023-03-29 00:00:00.000000,departamento,Arriendo,agency
PI-2023-03-004166,portalinmobiliario,SAN MIGUEL,Metropolitana,4045000,115.57,33.6,2023-03-09 00:00:00.000000,2023-03-29 00:00:00.000000,Departamento,ARRIENDO,owner_direct
PI-2023-03-001664,portalinmobiliario,Santiago,Metropolitana,615000,17.57,59.3,2023-01-30 00:00:00.000000,2023-03-08 00:00:00.000000,Departamento,arriendo,agency
PI-2023-03-002809,portalinmobiliario,Las Condes,Metropolitana,895000,25.57,35.5,2023-02-14 00:00:00.000000,2023-03-15 00:00:00.000000,DEPARTAMENTO,arriendo,agency
PI-2023-03-003104,portalinmobiliario,Estación Central,Metropolitana,615000,17.57,58.7,2023-03-02 00:00:00.000000,2023-03-22 00:00:00.000000,DEPARTAMENTO,ARRIENDO,agency
PI-2023-03-004169,portalinmobiliario,Ñuñoa,Metropolitana,615000,17.57,36.1,2023-03-01 00:00:00.000000,2023-03-29 00:00:00.000000,departamento,arriendo,agency
PI-2023-03-001629,portalinmobiliario,Estación Central,Metropolitana,370000,10.57,30.8,2023-02-01 00:00:00.000000,2023-03-08 00:00:00.000000,DEPARTAMENTO,Arriendo,owner_direct
PI-2023-03-003023,portalinmobiliario,Cerrillos,Metropolitana,530000,15.14,44.1,2023-02-21 00:00:00.000000,2023-03-22 00:00:00.000000,DEPARTAMENTO,ARRIENDO,agency
PI-2023-03-004005,portalinmobiliario,Cerrillos,Metropolitana,575000,16.43,64.5,2022-08-31 00:00:00.000000,2023-03-22 00:00:00.000000,Departamento,arriendo,agency
PI-2023-03-000509,portalinmobiliario,Pudahuel,Metropolitana,505000,14.43,63.8,2023-02-12 00:00:00.000000,2023-03-01 00:00:00.000000,Departamento,arriendo,agency
PI-2023-03-000241,portalinmobiliario,Estación Central,Metropolitana,455000,13.0,59.1,2023-01-10 00:00:00.000000,2023-03-01 00:00:00.000000,Departamento,Arriendo,agency
PI-2023-03-000386,portalinmobiliario,Peñalolén,Metropolitana,440000,12.57,36.3,2023-02-09 00:00:00.000000,2023-03-01 00:00:00.000000,Departamento,ARRIENDO,agency
PI-2023-03-003265,portalinmobiliario,Cerrillos,Metropolitana,515000,14.71,67.0,2023-03-18 00:00:00.000000,2023-03-22 00:00:00.000000,DEPARTAMENTO,Arriendo,owner_direct
PI-2023-03-000448,portalinmobiliario,Quilicura,Metropolitana,400000,11.43,36.5,2023-01-08 00:00:00.000000,2023-03-01 00:00:00.000000,Departamento,ARRIENDO,agency
PI-2023-03-000684,portalinmobiliario,San Miguel,Metropolitana,560000,16.0,46.4,2023-02-24 00:00:00.000000,2023-03-01 00:00:00.000000,departamento,ARRIENDO,agency
PI-2023-03-004537,portalinmobiliario,santiago,Metropolitana,705000,20.14,74.5,2023-02-07 00:00:00.000000,2023-03-29 00:00:00.000000,DEPARTAMENTO,Arriendo,agency
PI-2023-03-002718,portalinmobiliario,Independencia,Metropolitana,950000,27.14,106.4,2022-06-04 00:00:00.000000,2023-03-15 00:00:00.000000,DEPARTAMENTO,arriendo,owner_direct
PI-2023-03-003950,portalinmobiliario,Santiago,Metropolitana,560000,16.0,39.2,2023-03-09 00:00:00.000000,2023-03-22 00:00:00.000000,DEPARTAMENTO,ARRIENDO,owner_direct
PI-2023-03-004548,portalinmobiliario,Independencia,Metropolitana,360000,10.29,32.0,2023-02-20 00:00:00.000000,2023-03-29 00:00:00.000000,departamento,arriendo,agency
PI-2023-03-000122,portalinmobiliario,San Miguel,Metropolitana,545000,15.57,39.4,2023-01-29 00:00:00.000000,2023-03-01 00:00:00.000000,departamento,arriendo,agency
PI-2023-03-001712,portalinmobiliario,Pudahuel,Metropolitana,435000,12.43,52.3,2023-01-20 00:00:00.000000,2023-03-08 00:00:00.000000,DEPARTAMENTO,ARRIENDO,agency
PI-2023-03-001444,portalinmobiliario,Maipú,Metropolitana,765000,21.86,132.3,2023-02-07 00:00:00.000000,2023-03-08 00:00:00.000000,DEPARTAMENTO,arriendo,agency
PI-2023-03-000899,portalinmobiliario,Estación Central,Metropolitana,355000,10.14,35.8,2023-02-13 00:00:00.000000,2023-03-01 00:00:00.000000,DEPARTAMENTO,Arriendo,owner_direct
PI-2023-03-001705,portalinmobiliario,San Miguel,Metropolitana,820000,23.43,83.0,2023-03-04 00:00:00.000000,2023-03-08 00:00:00.000000,departamento,ARRIENDO,owner_direct
PI-2023-03-000889,portalinmobiliario,Independencia,Metropolitana,435000,12.43,38.9,2023-01-30 00:00:00.000000,2023-03-01 00:00:00.000000,Departamento,arriendo,agency
PI-2023-03-004664,portalinmobiliario, Santiago,Metropolitana,605000,17.29,43.2,2023-03-04 00:00:00.000000,2023-03-29 00:00:00.000000,departamento,arriendo,owner_direct
PI-2023-03-003974,portalinmobiliario,Pudahuel,Metropolitana,325000,9.29,31.9,2023-01-16 00:00:00.000000,2023-03-22 00:00:00.000000,Departamento,Arriendo,owner_direct
PI-2023-03-005225,portalinmobiliario,Providencia ,Metropolitana,965000,27.57,56.7,2023-03-15 00:00:00.000000,2023-03-29 00:00:00.000000,Departamento,Arriendo,owner_direct
PI-2023-03-000644,portalinmobiliario,Santiago,Metropolitana,435000,12.43,28.2,2023-02-12 00:00:00.000000,2023-03-01 00:00:00.000000,departamento,Arriendo,agency
PI-2023-03-001303,portalinmobiliario,Conchalí,Metropolitana,485000,13.86,46.5,2023-02-25 00:00:00.000000,2023-03-08 00:00:00.000000,DEPARTAMENTO,Arriendo,owner_direct
PI-2023-03-000805,portalinmobiliario,Ñuñoa,Metropolitana,675000,19.29,41.1,2022-11-21 00:00:00.000000,2023-03-01 00:00:00.000000,Departamento,arriendo,owner_direct
PI-2023-03-004950,portalinmobiliario,Ñuñoa,Metropolitana,485000,13.86,26.6,2023-03-14 00:00:00.000000,2023-03-29 00:00:00.000000,departamento,arriendo,owner_direct
PI-2023-03-001086,portalinmobiliario,ÑUÑOA,Metropolitana,1170000,33.43,101.4,2023-02-17 00:00:00.000000,2023-03-08 00:00:00.000000,departamento,arriendo,owner_direct
PI-2023-03-000626,portalinmobiliario,Estación Central,Metropolitana,465000,13.29,49.0,2023-01-26 00:00:00.000000,2023-03-01 00:00:00.000000,DEPARTAMENTO,arriendo,owner_direct
PI-2023-03-000944,portalinmobiliario,Lo Barnechea,Metropolitana,1030000,29.43,68.8,2023-02-06 00:00:00.000000,2023-03-01 00:00:00.000000,DEPARTAMENTO,Arriendo,agency
PI-2023-03-004802,portalinmobiliario,San Joaquín,Metropolitana,545000,15.57,48.8,2023-03-14 00:00:00.000000,2023-03-29 00:00:00.000000,DEPARTAMENTO,arriendo,agency
PI-2023-03-004368,portalinmobiliario,San Joaquín,Metropolitana,455000,13.0,36.0,2023-01-12 00:00:00.000000,2023-03-29 00:00:00.000000,DEPARTAMENTO,arriendo,agency
PI-2023-03-002891,portalinmobiliario,PUDAHUEL,Metropolitana,380000,10.86,42.9,2022-12-28 00:00:00.000000,2023-03-15 00:00:00.000000,DEPARTAMENTO,ARRIENDO,agency
PI-2023-03-000131,portalinmobiliario,Macul,Metropolitana,490000,14.0,33.2,2022-12-24 00:00:00.000000,2023-03-01 00:00:00.000000,DEPARTAMENTO,Arriendo,agency
PI-2023-03-002895,portalinmobiliario,Providencia,Metropolitana,1060000,30.29,57.8,2023-02-22 00:00:00.000000,2023-03-15 00:00:00.000000,departamento,arriendo,agency
PI-2023-03-001832,portalinmobiliario,Santiago,Metropolitana,585000,16.71,42.0,2023-02-15 00:00:00.000000,2023-03-08 00:00:00.000000,DEPARTAMENTO,Arriendo,owner_direct
PI-2023-03-000154,portalinmobiliario,Recoleta,Metropolitana,645000,18.43,66.9,2023-02-15 00:00:00.000000,2023-03-01 00:00:00.000000,DEPARTAMENTO,Arriendo,owner_direct
PI-2023-03-002208,portalinmobiliario,San Miguel,Metropolitana,625000,17.86,50.4,2023-01-07 00:00:00.000000,2023-03-15 00:00:00.000000,departamento,Arriendo,owner_direct
PI-2023-03-004522,portalinmobiliario,la reina,Metropolitana,530000,15.14,26.5,2023-02-24 00:00:00.000000,2023-03-29 00:00:00.000000,departamento,arriendo,owner_direct
PI-2023-03-004279,portalinmobiliario,La Cisterna,Metropolitana,580000,16.57,56.8,2023-02-14 00:00:00.000000,2023-03-29 00:00:00.000000,DEPARTAMENTO,arriendo,agency
PI-2023-03-001514,portalinmobiliario,Estación Central,Metropolitana,410000,11.71,38.4,2023-01-23 00:00:00.000000,2023-03-08 00:00:00.000000,departamento,ARRIENDO,owner_direct
PI-2023-03-000423,portalinmobiliario,La Cisterna,Metropolitana,460000,13.14,47.7,2022-12-23 00:00:00.000000,2023-03-01 00:00:00.000000,departamento,Arriendo,agency
PI-2023-03-002307,portalinmobiliario,Las Condes,Metropolitana,1180000,33.71,69.6,2023-02-09 00:00:00.000000,2023-03-15 00:00:00.000000,departamento,Arriendo,owner_direct
PI-2023-03-002676,portalinmobiliario,Cerrillos,Metropolitana,495000,14.14,48.2,2023-02-13 00:00:00.000000,2023-03-15 00:00:00.000000,Departamento,ARRIENDO,agency
PI-2023-03-000906,portalinmobiliario,Vitacura,Metropolitana,1490000,42.57,68.9,2023-01-29 00:00:00.000000,2023-03-01 00:00:00.000000,Departamento,Arriendo,agency
PI-2023-03-002852,portalinmobiliario,La Reina,Metropolitana,810000,23.14,48.1,2023-03-03 00:00:00.000000,2023-03-15 00:00:00.000000,departamento,Arriendo,agency
PI-2023-03-004362,portalinmobiliario,Santiago,Metropolitana,510000,14.57,37.9,2022-10-24 00:00:00.000000,2023-03-29 00:00:00.000000,DEPARTAMENTO,Arriendo,owner_direct
PI-2023-03-002723,portalinmobiliario,San Miguel,Metropolitana,500000,14.29,45.6,2022-11-15 00:00:00.000000,2023-03-15 00:00:00.000000,Departamento,arriendo,agency
PI-2023-03-003013,portalinmobiliario,Santiago,Metropolitana,575000,16.43,51.2,2023-02-04 00:00:00.000000,2023-03-22 00:00:00.000000,Departamento,ARRIENDO,agency
PI-2023-03-000844,portalinmobiliario,Providencia,Metropolitana,780000,,34.8,2023-02-06 00:00:00.000000,2023-03-01 00:00:00.000000,departamento,Arriendo,agency
PI-2023-03-002549,portalinmobiliario,Santiago,Metropolitana,530000,15.14,48.2,2023-02-15 00:00:00.000000,2023-03-15 00:00:00.000000,DEPARTAMENTO,Arriendo,agency
PI-2023-03-004374,portalinmobiliario,Lo Barnechea,Metropolitana,1345000,38.43,76.0,2023-02-03 00:00:00.000000,2023-03-29 00:00:00.000000,departamento,arriendo,owner_direct
PI-2023-03-003677,portalinmobiliario,Santiago,Metropolitana,500000,14.29,40.2,2023-02-20 00:00:00.000000,2023-03-22 00:00:00.000000,departamento,arriendo,agency
PI-2023-03-001101,portalinmobiliario,Estación Central,Metropolitana,505000,14.43,57.9,2023-02-28 00:00:00.000000,2023-03-08 00:00:00.000000,departamento,arriendo,agency
PI-2023-03-002181,portalinmobiliario,Santiago,Metropolitana,545000,15.57,53.6,2023-02-24 00:00:00.000000,2023-03-15 00:00:00.000000,Departamento,Arriendo,owner_direct
PI-2023-03-004102,portalinmobiliario,Maipú,Metropolitana,385000,11.0,38.4,2023-03-15 00:00:00.000000,2023-03-29 00:00:00.000000,departamento,arriendo,agency
PI-2023-03-003922,portalinmobiliario,Las Condes,Metropolitana,1025000,29.29,57.1,2023-02-19 00:00:00.000000,2023-03-22 00:00:00.000000,departamento,ARRIENDO,agency
PI-2023-03-002244,portalinmobiliario,Las Condes,Metropolitana,865000,24.71,44.3,2023-01-25 00:00:00.000000,2023-03-15 00:00:00.000000,DEPARTAMENTO,arriendo,owner_direct
PI-2023-03-002625,portalinmobiliario,Santiago,Metropolitana,730000,20.86,63.6,2023-02-25 00:00:00.000000,2023-03-15 00:00:00.000000,DEPARTAMENTO,ARRIENDO,agency
PI-2023-03-002931,portalinmobiliario,Pudahuel,Metropolitana,350000,10.0,29.3,2023-02-28 00:00:00.000000,2023-03-15 00:00:00.000000,DEPARTAMENTO,ARRIENDO,owner_direct
PI-2023-03-001393,portalinmobiliario,La Florida,Metropolitana,470000,13.43,33.5,2023-02-27 00:00:00.000000,2023-03-08 00:00:00.000000,departamento,ARRIENDO,agency
PI-2023-03-002357,portalinmobiliario,Estación Central,Metropolitana,335000,9.57,32.0,2022-08-30 00:00:00.000000,2023-03-15 00:00:00.000000,departamento,Arriendo,agency
PI-2023-03-001121,portalinmobiliario,Las Condes,Metropolitana,1160000,33.14,50.6,2023-02-13 00:00:00.000000,2023-03-08 00:00:00.000000,DEPARTAMENTO,arriendo,agency
PI-2023-03-001457,portalinmobiliario,Puente Alto,Metropolitana,435000,12.43,44.0,2023-01-25 00:00:00.000000,2023-03-08 00:00:00.000000,DEPARTAMENTO,arriendo,agency
PI-2023-03-003283,portalinmobiliario,La Florida,Metropolitana,440000,12.57,37.6,2022-12-14 00:00:00.000000,2023-03-22 00:00:00.000000,DEPARTAMENTO,arriendo,agency
PI-2023-03-004029,portalinmobiliario,Macul,Metropolitana,800000,22.86,81.4,2023-03-11 00:00:00.000000,2023-03-22 00:00:00.000000,Departamento,arriendo,owner_direct
PI-2023-03-004815,portalinmobiliario,Providencia,Metropolitana,835000,23.86,45.7,2023-03-19 00:00:00.000000,2023-03-29 00:00:00.000000,Departamento,Arriendo,agency
PI-2023-03-004383,portalinmobiliario,Ñuñoa,Metropolitana,1025000,29.29,71.3,2023-03-25 00:00:00.000000,2023-03-29 00:00:00.000000,DEPARTAMENTO,Arriendo,agency
PI-2023-03-000749,portalinmobiliario,Recoleta,Metropolitana,505000,14.43,42.3,2023-02-22 00:00:00.000000,2023-03-01 00:00:00.000000,departamento,Arriendo,agency
PI-2023-03-002334,portalinmobiliario,Quilicura,Metropolitana,430000,12.29,45.8,2023-01-13 00:00:00.000000,2023-03-15 00:00:00.000000,Departamento,Arriendo,owner_direct
PI-2023-03-002492,portalinmobiliario,Providencia,Metropolitana,1310000,37.43,81.4,2023-02-26 00:00:00.000000,2023-03-15 00:00:00.000000,DEPARTAMENTO,arriendo,agency
PI-2023-03-000095,portalinmobiliario,Estación Central,Metropolitana,540000,15.43,50.5,2023-02-13 00:00:00.000000,2023-03-01 00:00:00.000000,departamento,Arriendo,owner_direct
PI-2023-03-003120,portalinmobiliario,La Reina,Metropolitana,790000,22.57,53.8,2023-01-28 00:00:00.000000,2023-03-22 00:00:00.000000,Departamento,Arriendo,owner_direct
PI-2023-03-003031,portalinmobiliario,Estación Central,Metropolitana,520000,14.86,69.4,2023-02-25 00:00:00.000000,2023-03-22 00:00:00.000000,Departamento,arriendo,agency
PI-2023-03-002925,portalinmobiliario,Providencia,Metropolitana,915000,26.14,38.8,2023-02-12 00:00:00.000000,2023-03-15 00:00:00.000000,DEPARTAMENTO,ARRIENDO,agency
PI-2023-03-005155,portalinmobiliario,Providencia,Metropolitana,1045000,29.86,54.7,2023-02-25 00:00:00.000000,2023-03-29 00:00:00.000000,departamento,Arriendo,owner_direct
PI-2023-03-000029,portalinmobiliario,Recoleta,Metropolitana,450000,12.86,34.6,2023-02-04 00:00:00.000000,2023-03-01 00:00:00.000000,DEPARTAMENTO,ARRIENDO,owner_direct
PI-2023-03-003439,portalinmobiliario,Independencia,Metropolitana,785000,22.43,77.3,2023-01-21 00:00:00.000000,2023-03-22 00:00:00.000000,departamento,ARRIENDO,agency
PI-2023-03-001413,portalinmobiliario,Macul,Metropolitana,585000,16.71,57.3,2023-01-24 00:00:00.000000,2023-03-08 00:00:00.000000,DEPARTAMENTO,ARRIENDO,agency
PI-2023-03-002826,portalinmobiliario,Santiago,Metropolitana,850000,24.29,83.9,2023-01-31 00:00:00.000000,2023-03-15 00:00:00.000000,Departamento,arriendo,agency
PI-2023-03-004594,portalinmobiliario,Independencia,Metropolitana,370000,10.57,30.9,2023-03-25 00:00:00.000000,2023-03-29 00:00:00.000000,Departamento,arriendo,owner_direct
PI-2023-03-002481,portalinmobiliario,La Cisterna,Metropolitana,465000,13.29,64.5,2023-02-26 00:00:00.000000,2023-03-15 00:00:00.000000,departamento,ARRIENDO,agency
PI-2023-03-000571,portalinmobiliario,Estación Central,Metropolitana,530000,15.14,57.4,2023-02-17 00:00:00.000000,2023-03-01 00:00:00.000000,departamento,arriendo,owner_direct
PI-2023-03-001982,portalinmobiliario,Santiago,Metropolitana,480000,13.71,29.7,2022-10-22 00:00:00.000000,2023-03-15 00:00:00.000000,departamento,Arriendo,owner_direct
PI-2023-03-004483,portalinmobiliario,Maipú,Metropolitana,470000,13.43,61.0,2023-03-22 00:00:00.000000,2023-03-29 00:00:00.000000,departamento,Arriendo,agency
PI-2023-03-003225,portalinmobiliario,Macul,Metropolitana,425000,12.14,43.2,2022-10-18 00:00:00.000000,2023-03-22 00:00:00.000000,departamento,Arriendo,agency
PI-2023-03-001105,portalinmobiliario,Peñalolén,Metropolitana,600000,17.14,67.3,2023-02-09 00:00:00.000000,2023-03-08 00:00:00.000000,Departamento,arriendo,agency
PI-2023-03-000668,portalinmobiliario,Ñuñoa,Metropolitana,665000,19.0,44.9,2023-01-15 00:00:00.000000,2023-03-01 00:00:00.000000,DEPARTAMENTO,arriendo,owner_direct
PI-2023-03-003351,portalinmobiliario,Las Condes,Metropolitana,3380000,96.57,41.6,2023-02-22 00:00:00.000000,2023-03-22 00:00:00.000000,departamento,Arriendo,owner_direct
PI-2023-03-004888,portalinmobiliario,Independencia,Metropolitana,715000,20.43,62.8,2023-03-06 00:00:00.000000,2023-03-29 00:00:00.000000,DEPARTAMENTO,arriendo,owner_direct
PI-2023-03-000109,portalinmobiliario,LA REINA,Metropolitana,905000,25.86,47.8,2022-08-20 00:00:00.000000,2023-03-01 00:00:00.000000,DEPARTAMENTO,Arriendo,owner_direct
PI-2023-03-000471,portalinmobiliario,Santiago,Metropolitana,720000,20.57,85.3,2023-01-15 00:00:00.000000,2023-03-01 00:00:00.000000,DEPARTAMENTO,arriendo,agency
PI-2023-03-004085,portalinmobiliario,La Reina,Metropolitana,810000,23.14,40.3,2023-02-21 00:00:00.000000,2023-03-29 00:00:00.000000,Departamento,arriendo,agency
PI-2023-03-002146,portalinmobiliario,Independencia,Metropolitana,510000,14.57,47.0,2022-10-17 00:00:00.000000,2023-03-15 00:00:00.000000,DEPARTAMENTO,Arriendo,owner_direct
PI-2023-03-000255,portalinmobiliario,La Florida,Metropolitana,630000,18.0,59.2,2023-02-23 00:00:00.000000,2023-03-01 00:00:00.000000,departamento,arriendo,agency
PI-2023-03-004485,portalinmobiliario,Las Condes,Metropolitana,945000,27.0,45.1,2022-12-29 00:00:00.000000,2023-03-29 00:00:00.000000,Departamento,Arriendo,owner_direct
PI-2023-03-002108,portalinmobiliario,Maipú,Metropolitana,330000,9.43,29.4,2023-03-12 00:00:00.000000,2023-03-15 00:00:00.000000,departamento,Arriendo,owner_direct
PI-2023-03-000769,portalinmobiliario,Las Condes,Metropolitana,675000,19.29,12.0,2023-02-21 00:00:00.000000,2023-03-01 00:00:00.000000,departamento,ARRIENDO,owner_direct
PI-2023-03-003603,portalinmobiliario,La Florida,Metropolitana,385000,11.0,32.4,2023-02-22 00:00:00.000000,2023-03-22 00:00:00.000000,departamento,arriendo,agency
PI-2023-03-005333,portalinmobiliario,Independencia,Metropolitana,500000,14.29,42.6,2023-03-17 00:00:00.000000,2023-03-29 00:00:00.000000,Departamento,ARRIENDO,owner_direct
PI-2023-03-005303,portalinmobiliario,San Miguel,Metropolitana,500000,14.29,34.0,2023-03-08 00:00:00.000000,2023-03-29 00:00:00.000000,DEPARTAMENTO,arriendo,agency
PI-2023-03-004810,portalinmobiliario,Conchalí,Metropolitana,465000,13.29,57.0,2023-02-22 00:00:00.000000,2023-03-29 00:00:00.000000,DEPARTAMENTO,ARRIENDO,agency
PI-2023-03-001134,portalinmobiliario,Renca,Metropolitana,440000,12.57,55.8,2023-03-03 00:00:00.000000,2023-03-08 00:00:00.000000,DEPARTAMENTO,ARRIENDO,agency
PI-2023-03-001196,portalinmobiliario,Huechuraba,Metropolitana,500000,14.29,29.8,2023-02-04 00:00:00.000000,2023-03-08 00:00:00.000000,departamento,arriendo,owner_direct
PI-2023-03-003246,portalinmobiliario,Vitacura,Metropolitana,1150000,32.86,48.3,2023-03-19 00:00:00.000000,2023-03-22 00:00:00.000000,departamento,arriendo,agency
PI-2023-03-004635,portalinmobiliario,Quilicura,Metropolitana,365000,10.43,44.1,2023-03-23 00:00:00.000000,2023-03-29 00:00:00.000000,departamento,Arriendo,agency
PI-2023-03-001443,portalinmobiliario,La Florida,Metropolitana,570000,16.29,45.7,2023-02-28 00:00:00.000000,2023-03-08 00:00:00.000000,DEPARTAMENTO,arriendo,agency
PI-2023-03-002320,portalinmobiliario,Santiago,Metropolitana,505000,14.43,33.9,2023-02-12 00:00:00.000000,2023-03-15 00:00:00.000000,DEPARTAMENTO,ARRIENDO,owner_direct
PI-2023-03-001191,portalinmobiliario,Macul,Metropolitana,575000,16.43,40.9,2023-01-14 00:00:00.000000,2023-03-08 00:00:00.000000,Departamento,ARRIENDO,agency
PI-2023-03-004033,portalinmobiliario,Recoleta,Metropolitana,305000,8.71,27.2,2023-03-18 00:00:00.000000,2023-03-22 00:00:00.000000,DEPARTAMENTO,arriendo,agency
PI-2023-03-005247,portalinmobiliario,Independencia,Metropolitana,440000,12.57,33.9,2023-03-23 00:00:00.000000,2023-03-29 00:00:00.000000,departamento,Arriendo,agency
PI-2023-03-000971,portalinmobiliario,Independencia,Metropolitana,460000,13.14,39.8,2023-02-22 00:00:00.000000,2023-03-08 00:00:00.000000,departamento,Arriendo,agency
PI-2023-03-003103,portalinmobiliario,Independencia,Metropolitana,390000,11.14,34.3,2023-01-18 00:00:00.000000,2023-03-22 00:00:00.000000,departamento,ARRIENDO,agency
PI-2023-03-002963,portalinmobiliario,Estación Central,Metropolitana,780000,22.29,85.6,2023-02-12 00:00:00.000000,2023-03-22 00:00:00.000000,Departamento,Arriendo,agency
PI-2023-03-004179,portalinmobiliario,Estación Central,Metropolitana,585000,16.71,73.6,2023-03-09 00:00:00.000000,2023-03-29 00:00:00.000000,Departamento,ARRIENDO,owner_direct
PI-2023-03-000857,portalinmobiliario,Providencia,Metropolitana,950000,27.14,44.0,2023-02-16 00:00:00.000000,2023-03-01 00:00:00.000000,departamento,arriendo,owner_direct
PI-2023-03-002223,portalinmobiliario,Ñuñoa,Metropolitana,945000,27.0,70.5,2023-02-15 00:00:00.000000,2023-03-15 00:00:00.000000,DEPARTAMENTO,arriendo,owner_direct
PI-2023-03-001023,portalinmobiliario,Las Condes,Metropolitana,1415000,40.43,76.9,2023-01-26 00:00:00.000000,2023-03-08 00:00:00.000000,Departamento,Arriendo,agency
PI-2023-03-000443,portalinmobiliario,Independencia,Metropolitana,410000,11.71,24.5,2022-10-02 00:00:00.000000,2023-03-01 00:00:00.000000,departamento,arriendo,owner_direct
PI-2023-03-002744,portalinmobiliario,Santiago,Metropolitana,385000,11.0,26.2,2023-02-23 00:00:00.000000,2023-03-15 00:00:00.000000,departamento,Arriendo,agency
PI-2023-03-003591,portalinmobiliario,Conchalí,Metropolitana,420000,12.0,38.7,2023-03-10 00:00:00.000000,2023-03-22 00:00:00.000000,DEPARTAMENTO,ARRIENDO,agency
PI-2023-03-001524,portalinmobiliario,Cerrillos,Metropolitana,520000,14.86,62.1,2023-02-25 00:00:00.000000,2023-03-08 00:00:00.000000,departamento,Arriendo,agency
PI-2023-03-002942,portalinmobiliario,Santiago,Metropolitana,635000,18.14,58.9,2023-03-01 00:00:00.000000,2023-03-15 00:00:00.000000,departamento,ARRIENDO,agency
PI-2023-03-004460,portalinmobiliario,Las Condes,Metropolitana,1060000,30.29,63.4,2023-02-16 00:00:00.000000,2023-03-29 00:00:00.000000,Departamento,arriendo,owner_direct
PI-2023-03-000744,portalinmobiliario,Quinta Normal,Metropolitana,755000,21.57,92.2,2023-02-23 00:00:00.000000,2023-03-01 00:00:00.000000,departamento,arriendo,owner_direct
PI-2023-03-004787,portalinmobiliario,Santiago,Metropolitana,610000,17.43,54.9,2023-02-22 00:00:00.000000,2023-03-29 00:00:00.000000,Departamento,ARRIENDO,owner_direct
PI-2023-03-000253,portalinmobiliario,Quilicura,Metropolitana,510000,14.57,61.2,2022-10-16 00:00:00.000000,2023-03-01 00:00:00.000000,DEPARTAMENTO,ARRIENDO,agency
PI-2023-03-002953,portalinmobiliario,MAIPÚ,Metropolitana,440000,12.57,43.2,2023-03-07 00:00:00.000000,2023-03-22 00:00:00.000000,departamento,ARRIENDO,agency
PI-2023-03-005278,portalinmobiliario,Ñuñoa,Metropolitana,520000,14.86,32.3,2023-03-12 00:00:00.000000,2023-03-29 00:00:00.000000,Departamento,Arriendo,agency
PI-2023-03-004121,portalinmobiliario,Quilicura,Metropolitana,430000,12.29,43.1,2023-03-18 00:00:00.000000,2023-03-29 00:00:00.000000,Departamento,arriendo,owner_direct
PI-2023-03-003804,portalinmobiliario,Maipú,Metropolitana,345000,9.86,23.2,2023-02-28 00:00:00.000000,2023-03-22 00:00:00.000000,departamento,ARRIENDO,agency
PI-2023-03-000244,portalinmobiliario,Pudahuel,Metropolitana,380000,10.86,35.4,2023-01-17 00:00:00.000000,2023-03-01 00:00:00.000000,Departamento,arriendo,agency
PI-2023-03-000457,portalinmobiliario,Santiago,Metropolitana,465000,13.29,37.7,2023-01-22 00:00:00.000000,2023-03-01 00:00:00.000000,Departamento,Arriendo,agency
PI-2023-03-001564,portalinmobiliario,Santiago,Metropolitana,685000,19.57,57.8,2023-03-06 00:00:00.000000,2023-03-08 00:00:00.000000,Departamento,arriendo,owner_direct
PI-2023-03-000638,portalinmobiliario,Puente Alto,Metropolitana,4420000,126.29,36.1,2023-02-25 00:00:00.000000,2023-03-01 00:00:00.000000,departamento,ARRIENDO,owner_direct
PI-2023-03-000213,portalinmobiliario,Quilicura,Metropolitana,545000,15.57,57.3,2023-02-20 00:00:00.000000,2023-03-01 00:00:00.000000,Departamento,ARRIENDO,owner_direct
PI-2023-03-004328,portalinmobiliario,Providencia,Metropolitana,1135000,32.43,58.4,2023-03-06 00:00:00.000000,2023-03-29 00:00:00.000000,departamento,ARRIENDO,owner_direct
PI-2023-03-001709,portalinmobiliario,Recoleta,Metropolitana,750000,21.43,105.9,2023-02-27 00:00:00.000000,2023-03-08 00:00:00.000000,DEPARTAMENTO,ARRIENDO,agency
PI-2023-03-002525,portalinmobiliario,La Cisterna,Metropolitana,500000,14.29,38.3,2023-02-05 00:00:00.000000,2023-03-15 00:00:00.000000,Departamento,Arriendo,agency
PI-2023-03-000846,portalinmobiliario,Providencia,Metropolitana,815000,23.29,50.8,2022-10-31 00:00:00.000000,2023-03-01 00:00:00.000000,departamento,Arriendo,agency
PI-2023-03-002390,portalinmobiliario,Independencia,Metropolitana,385000,11.0,38.0,2023-02-20 00:00:00.000000,2023-03-15 00:00:00.000000,DEPARTAMENTO,Arriendo,agency
PI-2023-03-001617,portalinmobiliario,Santiago,Metropolitana,540000,15.43,46.2,2023-03-06 00:00:00.000000,2023-03-08 00:00:00.000000,Departamento,arriendo,agency
PI-2023-03-003743,portalinmobiliario,Santiago,Metropolitana,695000,19.86,60.1,2022-11-10 00:00:00.000000,2023-03-22 00:00:00.000000,DEPARTAMENTO,arriendo,owner_direct
PI-2023-03-001544,portalinmobiliario,Vitacura,Metropolitana,1525000,43.57,85.0,2023-01-31 00:00:00.000000,2023-03-08 00:00:00.000000,Departamento,ARRIENDO,owner_direct
PI-2023-03-003565,portalinmobiliario,Puente Alto,Metropolitana,415000,11.86,39.0,2023-02-19 00:00:00.000000,2023-03-22 00:00:00.000000,DEPARTAMENTO,arriendo,owner_direct
PI-2023-03-000401,portalinmobiliario,Santiago,Metropolitana,610000,17.43,60.9,2023-02-22 00:00:00.000000,2023-03-01 00:00:00.000000,departamento,arriendo,agency
PI-2023-03-001661,portalinmobiliario,Huechuraba,Metropolitana,710000,20.29,37.0,2023-01-24 00:00:00.000000,2023-03-08 00:00:00.000000,departamento,arriendo,owner_direct
PI-2023-03-000745,portalinmobiliario,Recoleta,Metropolitana,475000,13.57,44.0,2023-01-31 00:00:00.000000,2023-03-01 00:00:00.000000,departamento,ARRIENDO,owner_direct
PI-2023-03-003590,portalinmobiliario,Santiago,Metropolitana,655000,18.71,44.3,2023-02-16 00:00:00.000000,2023-03-22 00:00:00.000000,Departamento,arriendo,agency
PI-2023-03-001312,portalinmobiliario,Santiago,Metropolitana,600000,17.14,58.7,2023-02-21 00:00:00.000000,2023-03-08 00:00:00.000000,Departamento,Arriendo,owner_direct
PI-2023-03-002958,portalinmobiliario,La Reina,Metropolitana,745000,21.29,39.5,2023-02-26 00:00:00.000000,2023-03-22 00:00:00.000000,departamento,ARRIENDO,agency
PI-2023-03-004983,portalinmobiliario,Las Condes,Metropolitana,780000,22.29,42.0,2023-03-21 00:00:00.000000,2023-03-29 00:00:00.000000,Departamento,arriendo,agency
PI-2023-03-004061,portalinmobiliario,Lo Barnechea,Metropolitana,765000,21.86,48.3,2023-03-12 00:00:00.000000,2023-03-22 00:00:00.000000,departamento,Arriendo,agency
PI-2023-03-001183,portalinmobiliario,Las Condes,Metropolitana,1005000,28.71,38.1,2023-02-01 00:00:00.000000,2023-03-08 00:00:00.000000,departamento,ARRIENDO,agency
PI-2023-03-003403,portalinmobiliario,Ñuñoa,Metropolitana,595000,17.0,34.6,2023-03-20 00:00:00.000000,2023-03-22 00:00:00.000000,DEPARTAMENTO,Arriendo,agency
PI-2023-03-002854,portalinmobiliario,Puente Alto,Metropolitana,300000,8.57,27.7,2023-02-08 00:00:00.000000,2023-03-15 00:00:00.000000,departamento,ARRIENDO,agency
PI-2023-03-001525,portalinmobiliario,Providencia,Metropolitana,1440000,41.14,68.2,2023-01-21 00:00:00.000000,2023-03-08 00:00:00.000000,Departamento,arriendo,owner_direct
PI-2023-03-004161,portalinmobiliario,las condes,Metropolitana,1095000,31.29,52.4,2022-08-15 00:00:00.000000,2023-03-29 00:00:00.000000,DEPARTAMENTO,arriendo,owner_direct
PI-2023-03-001702,portalinmobiliario,Estación Central,Metropolitana,380000,10.86,27.6,2023-02-17 00:00:00.000000,2023-03-08 00:00:00.000000,DEPARTAMENTO,arriendo,owner_direct
PI-2023-03-003840,portalinmobiliario,Conchalí,Metropolitana,525000,15.0,60.8,2023-02-22 00:00:00.000000,2023-03-22 00:00:00.000000,Departamento,Arriendo,agency
PI-2023-03-004638,portalinmobiliario,Santiago,Metropolitana,855000,24.43,82.2,2023-03-21 00:00:00.000000,2023-03-29 00:00:00.000000,DEPARTAMENTO,arriendo,owner_direct
PI-2023-03-003960,portalinmobiliario,Recoleta,Metropolitana,415000,11.86,29.5,2023-03-12 00:00:00.000000,2023-03-22 00:00:00.000000,departamento,ARRIENDO,agency
PI-2023-03-003839,portalinmobiliario,Quinta Normal,Metropolitana,575000,16.43,53.9,2023-02-02 00:00:00.000000,2023-03-22 00:00:00.000000,departamento,Arriendo,owner_direct
PI-2023-03-003252,portalinmobiliario,Pudahuel,Metropolitana,495000,14.14,42.1,2023-02-14 00:00:00.000000,2023-03-22 00:00:00.000000,departamento,Arriendo,owner_direct
PI-2023-03-004019,portalinmobiliario,Independencia,Metropolitana,420000,12.0,43.3,2023-02-03 00:00:00.000000,2023-03-22 00:00:00.000000,Departamento,Arriendo,owner_direct
PI-2023-03-002513,portalinmobiliario,La Florida,Metropolitana,575000,16.43,51.3,2023-02-18 00:00:00.000000,2023-03-15 00:00:00.000000,departamento,arriendo,agency
PI-2023-03-004581,portalinmobiliario,Maipú,Metropolitana,365000,10.43,27.6,2023-03-25 00:00:00.000000,2023-03-29 00:00:00.000000,DEPARTAMENTO,Arriendo,agency
PI-2023-03-004731,portalinmobiliario,Recoleta,Metropolitana,430000,12.29,35.1,2023-02-03 00:00:00.000000,2023-03-29 00:00:00.000000,DEPARTAMENTO,ARRIENDO,agency
PI-2023-03-000259,portalinmobiliario,Quilicura,Metropolitana,335000,9.57,20.0,2023-01-16 00:00:00.000000,2023-03-01 00:00:00.000000,departamento,arriendo,agency
PI-2023-03-005152,portalinmobiliario,Pudahuel,Metropolitana,560000,16.0,78.7,2022-10-15 00:00:00.000000,2023-03-29 00:00:00.000000,DEPARTAMENTO,arriendo,agency
PI-2023-03-000065,portalinmobiliario,Recoleta,Metropolitana,440000,12.57,37.8,2023-02-11 00:00:00.000000,2023-03-01 00:00:00.000000,departamento,Arriendo,agency
PI-2023-03-000939,portalinmobiliario,Ñuñoa,Metropolitana,825000,23.57,77.3,2023-01-23 00:00:00.000000,2023-03-01 00:00:00.000000,DEPARTAMENTO,ARRIENDO,owner_direct
PI-2023-03-005136,portalinmobiliario,Quinta Normal,Metropolitana,460000,13.14,37.0,2023-03-08 00:00:00.000000,2023-03-29 00:00:00.000000,DEPARTAMENTO,ARRIENDO,agency
PI-2023-03-003679,portalinmobiliario,Estación Central,Metropolitana,490000,14.0,42.8,2023-03-11 00:00:00.000000,2023-03-22 00:00:00.000000,departamento,ARRIENDO,owner_direct
PI-2023-03-001477,portalinmobiliario,Ñuñoa,Metropolitana,735000,21.0,48.0,2023-01-15 00:00:00.000000,2023-03-08 00:00:00.000000,Departamento,arriendo,owner_direct
PI-2023-03-001884,portalinmobiliario,Macul,Metropolitana,465000,13.29,33.9,2023-02-26 00:00:00.000000,2023-03-08 00:00:00.000000,departamento,Arriendo,owner_direct
PI-2023-03-003919,portalinmobiliario,Ñuñoa,Metropolitana,705000,20.14,49.9,2022-10-20 00:00:00.000000,2023-03-22 00:00:00.000000,DEPARTAMENTO,Arriendo,agency
PI-2023-03-002855,portalinmobiliario,Maipú,Metropolitana,770000,22.0,102.6,2023-03-03 00:00:00.000000,2023-03-15 00:00:00.000000,departamento,ARRIENDO,agency
PI-2023-03-003206,portalinmobiliario,La Florida,Metropolitana,545000,15.57,47.7,2023-03-05 00:00:00.000000,2023-03-22 00:00:00.000000,Departamento,Arriendo,owner_direct
PI-2023-03-005093,portalinmobiliario,Providencia,Metropolitana,855000,24.43,44.3,2023-02-13 00:00:00.000000,2023-03-29 00:00:00.000000,DEPARTAMENTO,ARRIENDO,agency
PI-2023-03-002134,portalinmobiliario,Cerrillos,Metropolitana,425000,12.14,32.8,2023-03-06 00:00:00.000000,2023-03-15 00:00:00.000000,DEPARTAMENTO,ARRIENDO,agency
PI-2023-03-002841,portalinmobiliario,San Miguel,Metropolitana,885000,25.29,91.6,2023-02-25 00:00:00.000000,2023-03-15 00:00:00.000000,DEPARTAMENTO,Arriendo,agency
PI-2023-03-001229,portalinmobiliario,Macul,Metropolitana,675000,19.29,97.6,2023-01-08 00:00:00.000000,2023-03-08 00:00:00.000000,departamento,ARRIENDO,owner_direct
PI-2023-03-003524,portalinmobiliario,Puente Alto,Metropolitana,600000,17.14,79.7,2023-02-22 00:00:00.000000,2023-03-22 00:00:00.000000,departamento,Arriendo,owner_direct
PI-2023-03-003249,portalinmobiliario,San Miguel,Metropolitana,455000,13.0,36.1,2023-03-11 00:00:00.000000,2023-03-22 00:00:00.000000,DEPARTAMENTO,Arriendo,agency
PI-2023-03-001921,portalinmobiliario,Macul,Metropolitana,705000,20.14,51.0,2023-02-03 00:00:00.000000,2023-03-15 00:00:00.000000,DEPARTAMENTO,ARRIENDO,owner_direct
PI-2023-03-005163,portalinmobiliario,La Cisterna,Metropolitana,520000,14.86,48.9,2023-03-21 00:00:00.000000,2023-03-29 00:00:00.000000,Departamento,ARRIENDO,agency
PI-2023-03-002031,portalinmobiliario,Macul,Metropolitana,665000,19.0,60.3,2023-02-13 00:00:00.000000,2023-03-15 00:00:00.000000,departamento,Arriendo,agency
PI-2023-03-000875,portalinmobiliario,Lo Barnechea,Metropolitana,740000,21.14,39.5,2023-02-06 00:00:00.000000,2023-03-01 00:00:00.000000,DEPARTAMENTO,Arriendo,agency
PI-2023-03-003232,portalinmobiliario,Peñalolén,Metropolitana,395000,11.29,32.1,2023-03-09 00:00:00.000000,2023-03-22 00:00:00.000000,Departamento,Arriendo,agency
PI-2023-03-000212,portalinmobiliario,Puente Alto,Metropolitana,430000,12.29,59.5,2023-02-23 00:00:00.000000,2023-03-01 00:00:00.000000,Departamento,Arriendo,agency
PI-2023-03-000320,portalinmobiliario,Las Condes,Metropolitana,1090000,31.14,66.9,2023-02-22 00:00:00.000000,2023-03-01 00:00:00.000000,Departamento,arriendo,agency
PI-2023-03-003193,portalinmobiliario,Puente Alto,Metropolitana,425000,12.14,44.3,2023-02-23 00:00:00.000000,2023-03-22 00:00:00.000000,departamento,arriendo,agency
PI-2023-03-000060,portalinmobiliario,Macul,Metropolitana,595000,17.0,45.1,2022-08-30 00:00:00.000000,2023-03-01 00:00:00.000000,departamento,Arriendo,owner_direct
PI-2023-03-005216,portalinmobiliario,Quilicura,Metropolitana,425000,12.14,39.2,2023-03-07 00:00:00.000000,2023-03-29 00:00:00.000000,Departamento,ARRIENDO,agency
PI-2023-03-005151,portalinmobiliario,San Joaquín,Metropolitana,460000,13.14,41.7,2023-03-17 00:00:00.000000,2023-03-29 00:00:00.000000,Departamento,arriendo,owner_direct
PI-2023-03-004785,portalinmobiliario,San Joaquín,Metropolitana,350000,10.0,32.2,2023-03-23 00:00:00.000000,2023-03-29 00:00:00.000000,DEPARTAMENTO,arriendo,agency
PI-2023-03-001070,portalinmobiliario,Conchalí,Metropolitana,425000,12.14,54.6,2023-02-12 00:00:00.000000,2023-03-08 00:00:00.000000,Departamento,Arriendo,agency
PI-2023-03-000686,portalinmobiliario,Maipú,Metropolitana,705000,20.14,79.1,2023-02-08 00:00:00.000000,2023-03-01 00:00:00.000000,DEPARTAMENTO,arriendo,agency
PI-2023-03-003034,portalinmobiliario,Pudahuel,Metropolitana,545000,15.57,65.3,2023-01-21 00:00:00.000000,2023-03-22 00:00:00.000000,departamento,ARRIENDO,owner_direct
PI-2023-03-003519,portalinmobiliario,Santiago,Metropolitana,505000,14.43,38.0,2023-01-21 00:00:00.000000,2023-03-22 00:00:00.000000,departamento,arriendo,agency
PI-2023-03-002781,portalinmobiliario,Renca,Metropolitana,650000,18.57,100.5,2023-03-09 00:00:00.000000,2023-03-15 00:00:00.000000,departamento,Arriendo,owner_direct
PI-2023-03-000677,portalinmobiliario,Estación Central,Metropolitana,335000,9.57,27.6,2023-01-07 00:00:00.000000,2023-03-01 00:00:00.000000,departamento,Arriendo,agency
PI-2023-03-000258,portalinmobiliario,Las Condes,Metropolitana,785000,22.43,28.6,2023-02-17 00:00:00.000000,2023-03-01 00:00:00.000000,departamento,arriendo,agency
PI-2023-03-004315,portalinmobiliario,Estación Central,Metropolitana,345000,9.86,29.4,2023-03-14 00:00:00.000000,2023-03-29 00:00:00.000000,Departamento,Arriendo,owner_direct
PI-2023-03-000406,portalinmobiliario,Lo Barnechea,Metropolitana,820000,23.43,46.5,2022-08-25 00:00:00.000000,2023-03-01 00:00:00.000000,Departamento,ARRIENDO,agency
PI-2023-03-001799,portalinmobiliario,San Joaquín,Metropolitana,325000,9.29,29.4,2023-02-11 00:00:00.000000,2023-03-08 00:00:00.000000,departamento,Arriendo,owner_direct
PI-2023-03-001437,portalinmobiliario,Estación Central,Metropolitana,535000,15.29,63.9,2023-01-23 00:00:00.000000,2023-03-08 00:00:00.000000,DEPARTAMENTO,arriendo,agency
PI-2023-03-004127,portalinmobiliario,Ñuñoa,Metropolitana,795000,22.71,67.3,2023-03-04 00:00:00.000000,2023-03-29 00:00:00.000000,Departamento,arriendo,agency
PI-2023-03-000852,portalinmobiliario,Santiago,Metropolitana,470000,13.43,44.2,2023-01-27 00:00:00.000000,2023-03-01 00:00:00.000000,DEPARTAMENTO,ARRIENDO,owner_direct
PI-2023-03-004818,portalinmobiliario,Macul,Metropolitana,410000,11.71,24.2,2023-03-11 00:00:00.000000,2023-03-29 00:00:00.000000,Departamento,ARRIENDO,owner_direct
PI-2023-03-000622,portalinmobiliario,Quilicura,Metropolitana,345000,9.86,34.6,2023-01-26 00:00:00.000000,2023-03-01 00:00:00.000000,DEPARTAMENTO,ARRIENDO,agency
PI-2023-03-003390,portalinmobiliario,Quinta Normal,Metropolitana,435000,12.43,38.2,2023-02-22 00:00:00.000000,2023-03-22 00:00:00.000000,departamento,Arriendo,owner_direct
PI-2023-03-002221,portalinmobiliario,Santiago,Metropolitana,680000,19.43,57.4,2023-02-14 00:00:00.000000,2023-03-15 00:00:00.000000,Departamento,Arriendo,owner_direct
PI-2023-03-003813,portalinmobiliario,Quilicura,Metropolitana,505000,14.43,54.6,2023-02-02 00:00:00.000000,2023-03-22 00:00:00.000000,DEPARTAMENTO,arriendo,owner_direct
PI-2023-03-000586,portalinmobiliario,Maipú,Metropolitana,640000,18.29,78.5,2023-01-30 00:00:00.000000,2023-03-01 00:00:00.000000,DEPARTAMENTO,ARRIENDO,agency
PI-2023-03-004500,portalinmobiliario,La Florida,Metropolitana,525000,15.0,42.4,2023-02-14 00:00:00.000000,2023-03-29 00:00:00.000000,Departamento,arriendo,agency
PI-2023-03-002330,portalinmobiliario,Huechuraba,Metropolitana,600000,17.14,63.7,2023-03-09 00:00:00.000000,2023-03-15 00:00:00.000000,departamento,ARRIENDO,agency
PI-2023-03-004440,portalinmobiliario,Cerrillos,Metropolitana,640000,18.29,65.1,2023-03-11 00:00:00.000000,2023-03-29 00:00:00.000000,departamento,arriendo,owner_direct
PI-2023-03-000520,portalinmobiliario,Maipú,Metropolitana,360000,10.29,42.6,2022-12-25 00:00:00.000000,2023-03-01 00:00:00.000000,departamento,arriendo,owner_direct
PI-2023-03-001605,portalinmobiliario,La Florida,Metropolitana,575000,16.43,48.5,2022-10-29 00:00:00.000000,2023-03-08 00:00:00.000000,DEPARTAMENTO,ARRIENDO,agency
PI-2023-03-004929,portalinmobiliario,Ñuñoa,Metropolitana,780000,22.29,48.7,2023-03-17 00:00:00.000000,2023-03-29 00:00:00.000000,Departamento,Arriendo,agency
PI-2023-03-000740,portalinmobiliario,San Joaquín,Metropolitana,485000,13.86,37.4,2023-01-21 00:00:00.000000,2023-03-01 00:00:00.000000,departamento,ARRIENDO,owner_direct
PI-2023-03-001717,portalinmobiliario,Maipú,Metropolitana,895000,25.57,137.2,2023-03-06 00:00:00.000000,2023-03-08 00:00:00.000000,Departamento,arriendo,owner_direct
PI-2023-03-003729,portalinmobiliario,La Cisterna,Metropolitana,625000,17.86,63.3,2023-03-15 00:00:00.000000,2023-03-22 00:00:00.000000,DEPARTAMENTO,arriendo,agency
PI-2023-03-004438,portalinmobiliario,Conchalí,Metropolitana,475000,13.57,50.3,2023-03-17 00:00:00.000000,2023-03-29 00:00:00.000000,Departamento,ARRIENDO,agency
PI-2023-03-002672,portalinmobiliario,La Reina,Metropolitana,13125000,375.0,125.5,2023-02-23 00:00:00.000000,2023-03-15 00:00:00.000000,DEPARTAMENTO,ARRIENDO,owner_direct
PI-2023-03-005359,portalinmobiliario,Independencia,Metropolitana,660000,18.86,64.6,2023-03-19 00:00:00.000000,2023-03-29 00:00:00.000000,Departamento,ARRIENDO,agency
PI-2023-03-003417,portalinmobiliario,La Reina,Metropolitana,795000,22.71,58.8,2023-03-03 00:00:00.000000,2023-03-22 00:00:00.000000,departamento,Arriendo,agency
PI-2023-03-001560,portalinmobiliario,Peñalolén,Metropolitana,440000,12.57,41.1,2023-01-18 00:00:00.000000,2023-03-08 00:00:00.000000,Departamento,Arriendo,owner_direct
PI-2023-03-001482,portalinmobiliario,Maipú,Metropolitana,760000,21.71,81.9,2023-02-21 00:00:00.000000,2023-03-08 00:00:00.000000,departamento,Arriendo,agency
PI-2023-03-003915,portalinmobiliario,Vitacura,Metropolitana,1795000,51.29,107.0,2023-03-06 00:00:00.000000,2023-03-22 00:00:00.000000,departamento,arriendo,agency
PI-2023-03-004910,portalinmobiliario,Santiago,Metropolitana,1085000,31.0,116.1,2023-03-16 00:00:00.000000,2023-03-29 00:00:00.000000,DEPARTAMENTO,arriendo,agency
PI-2023-03-001509,portalinmobiliario,Pudahuel,Metropolitana,500000,14.29,52.1,2023-02-09 00:00:00.000000,2023-03-08 00:00:00.000000,departamento,Arriendo,owner_direct
PI-2023-03-000342,portalinmobiliario,Independencia,Metropolitana,490000,14.0,38.7,2023-02-04 00:00:00.000000,2023-03-01 00:00:00.000000,DEPARTAMENTO,arriendo,agency
PI-2023-03-002475,portalinmobiliario,Recoleta,Metropolitana,410000,11.71,33.5,2023-03-04 00:00:00.000000,2023-03-15 00:00:00.000000,departamento,Arriendo,agency
PI-2023-03-004260,portalinmobiliario,Ñuñoa,Metropolitana,695000,19.86,36.6,2023-02-05 00:00:00.000000,2023-03-29 00:00:00.000000,departamento,Arriendo,agency
PI-2023-03-001129,portalinmobiliario,Macul,Metropolitana,555000,15.86,37.5,2023-02-25 00:00:00.000000,2023-03-08 00:00:00.000000,departamento,Arriendo,owner_direct
PI-2023-03-001389,portalinmobiliario,Macul,Metropolitana,660000,18.86,54.7,2023-03-02 00:00:00.000000,2023-03-08 00:00:00.000000,departamento,Arriendo,owner_direct
PI-2023-03-005032,portalinmobiliario,Pudahuel,Metropolitana,400000,11.43,35.5,2023-03-12 00:00:00.000000,2023-03-29 00:00:00.000000,DEPARTAMENTO,arriendo,owner_direct
PI-2023-03-000315,portalinmobiliario,Santiago,Metropolitana,550000,15.71,44.9,2023-02-08 00:00:00.000000,2023-03-01 00:00:00.000000,DEPARTAMENTO,Arriendo,owner_direct
PI-2023-03-001103,portalinmobiliario,Las Condes,Metropolitana,4025000,115.0,47.9,2023-02-14 00:00:00.000000,2023-03-08 00:00:00.000000,departamento,Arriendo,owner_direct
PI-2023-03-000640,portalinmobiliario,Pudahuel,Metropolitana,375000,10.71,32.2,2022-09-25 00:00:00.000000,2023-03-01 00:00:00.000000,DEPARTAMENTO,arriendo,owner_direct
PI-2023-03-003811,portalinmobiliario,Maipú,Metropolitana,550000,15.71,61.7,2023-03-17 00:00:00.000000,2023-03-22 00:00:00.000000,Departamento,arriendo,agency
PI-2023-03-001949,portalinmobiliario,Macul,Metropolitana,520000,14.86,32.9,2023-03-08 00:00:00.000000,2023-03-15 00:00:00.000000,departamento,Arriendo,agency
PI-2023-03-004429,portalinmobiliario,Independencia,Metropolitana,445000,12.71,40.6,2023-01-16 00:00:00.000000,2023-03-29 00:00:00.000000,Departamento,Arriendo,owner_direct
PI-2023-03-004571,portalinmobiliario,San Joaquín,Metropolitana,550000,15.71,51.4,2023-03-10 00:00:00.000000,2023-03-29 00:00:00.000000,Departamento,arriendo,owner_direct
PI-2023-03-001640,portalinmobiliario,Ñuñoa,Metropolitana,715000,20.43,49.5,2023-01-30 00:00:00.000000,2023-03-08 00:00:00.000000,DEPARTAMENTO,ARRIENDO,owner_direct
PI-2023-03-004487,portalinmobiliario,Quinta Normal,Metropolitana,460000,13.14,39.5,2023-03-07 00:00:00.000000,2023-03-29 00:00:00.000000,Departamento,Arriendo,owner_direct
PI-2023-03-000072,portalinmobiliario,Maipú,Metropolitana,525000,15.0,47.6,2023-01-12 00:00:00.000000,2023-03-01 00:00:00.000000,departamento,arriendo,agency
PI-2023-03-000729,portalinmobiliario,Ñuñoa,Metropolitana,590000,16.86,32.7,2023-02-25 00:00:00.000000,2023-03-01 00:00:00.000000,departamento,arriendo,owner_direct
PI-2023-03-000699,portalinmobiliario,La Cisterna,Metropolitana,575000,16.43,44.6,2023-02-01 00:00:00.000000,2023-03-01 00:00:00.000000,departamento,arriendo,agency
PI-2023-03-000861,portalinmobiliario,Puente Alto,Metropolitana,350000,10.0,28.5,2023-01-26 00:00:00.000000,2023-03-01 00:00:00.000000,departamento,arriendo,agency
PI-2023-03-000602,portalinmobiliario,Las Condes,Metropolitana,1525000,43.57,109.3,2023-01-31 00:00:00.000000,2023-03-01 00:00:00.000000,Departamento,arriendo,agency
PI-2023-03-000092,portalinmobiliario,Las Condes,Metropolitana,695000,19.86,27.9,2023-01-22 00:00:00.000000,2023-03-01 00:00:00.000000,Departamento,arriendo,agency
PI-2023-03-000960,portalinmobiliario,San Miguel,Metropolitana,680000,19.43,75.2,2023-02-11 00:00:00.000000,2023-03-01 00:00:00.000000,DEPARTAMENTO,ARRIENDO,owner_direct
PI-2023-03-001802,portalinmobiliario,San Miguel,Metropolitana,455000,13.0,39.6,2023-02-06 00:00:00.000000,2023-03-08 00:00:00.000000,DEPARTAMENTO,ARRIENDO,owner_direct
PI-2023-03-001554,portalinmobiliario,Independencia,Metropolitana,410000,11.71,36.6,2023-03-04 00:00:00.000000,2023-03-08 00:00:00.000000,DEPARTAMENTO,arriendo,agency
PI-2023-03-000372,portalinmobiliario,Quilicura,Metropolitana,590000,16.86,65.9,2023-01-12 00:00:00.000000,2023-03-01 00:00:00.000000,DEPARTAMENTO,arriendo,owner_direct
PI-2023-03-000362,portalinmobiliario,Recoleta,Metropolitana,505000,14.43,47.4,2023-02-23 00:00:00.000000,2023-03-01 00:00:00.000000,Departamento,arriendo,agency
PI-2023-03-003875,portalinmobiliario,Ñuñoa,Metropolitana,645000,18.43,42.8,2023-02-27 00:00:00.000000,2023-03-22 00:00:00.000000,departamento,Arriendo,owner_direct
PI-2023-03-000952,portalinmobiliario,Recoleta,Metropolitana,495000,14.14,66.6,2023-02-17 00:00:00.000000,2023-03-01 00:00:00.000000,departamento,arriendo,owner_direct
PI-2023-03-005204,portalinmobiliario,San Miguel,Metropolitana,13040000,372.57,118.0,2023-03-15 00:00:00.000000,2023-03-29 00:00:00.000000,DEPARTAMENTO,ARRIENDO,agency
PI-2023-03-002638,portalinmobiliario,Santiago,Metropolitana,525000,15.0,32.4,2023-02-14 00:00:00.000000,2023-03-15 00:00:00.000000,departamento,Arriendo,owner_direct
PI-2023-03-000176,portalinmobiliario,San Miguel,Metropolitana,570000,16.29,51.5,2023-02-28 00:00:00.000000,2023-03-01 00:00:00.000000,departamento,Arriendo,agency
PI-2023-03-000530,portalinmobiliario,San Miguel,Metropolitana,635000,18.14,52.6,2023-02-01 00:00:00.000000,2023-03-01 00:00:00.000000,departamento,Arriendo,agency
PI-2023-03-001302,portalinmobiliario,Providencia,Metropolitana,925000,26.43,55.1,2023-02-06 00:00:00.000000,2023-03-08 00:00:00.000000,DEPARTAMENTO,arriendo,agency
PI-2023-03-000435,portalinmobiliario,La Reina,Metropolitana,805000,23.0,55.2,2023-01-23 00:00:00.000000,2023-03-01 00:00:00.000000,Departamento,arriendo,owner_direct
PI-2023-03-003542,portalinmobiliario,San Miguel,Metropolitana,735000,21.0,49.7,2023-03-19 00:00:00.000000,2023-03-22 00:00:00.000000,departamento,arriendo,agency
PI-2023-03-002313,portalinmobiliario,Puente Alto,Metropolitana,370000,10.57,41.0,2023-02-27 00:00:00.000000,2023-03-15 00:00:00.000000,DEPARTAMENTO,Arriendo,owner_direct
PI-2023-03-004645,portalinmobiliario,Peñalolén,Metropolitana,455000,13.0,39.5,2023-02-18 00:00:00.000000,2023-03-29 00:00:00.000000,departamento,Arriendo,agency
PI-2023-03-000845,portalinmobiliario,Providencia,Metropolitana,925000,26.43,56.6,2023-02-10 00:00:00.000000,2023-03-01 00:00:00.000000,departamento,arriendo,agency
PI-2023-03-005049,portalinmobiliario,Maipú,Metropolitana,605000,17.29,66.5,2023-01-11 00:00:00.000000,2023-03-29 00:00:00.000000,DEPARTAMENTO,Arriendo,owner_direct
PI-2023-03-005361,portalinmobiliario,Cerrillos,Metropolitana,460000,13.14,41.6,2023-03-03 00:00:00.000000,2023-03-29 00:00:00.000000,departamento,Arriendo,agency
PI-2023-03-004369,portalinmobiliario,Estación Central,Metropolitana,540000,15.43,49.1,2023-03-02 00:00:00.000000,2023-03-29 00:00:00.000000,DEPARTAMENTO,arriendo,agency
PI-2023-03-005071,portalinmobiliario,Quilicura,Metropolitana,705000,20.14,131.4,2023-03-17 00:00:00.000000,2023-03-29 00:00:00.000000,Departamento,ARRIENDO,agency
PI-2023-03-003004,portalinmobiliario,Peñalolén,Metropolitana,460000,13.14,33.7,2022-11-08 00:00:00.000000,2023-03-22 00:00:00.000000,Departamento,ARRIENDO,agency
PI-2023-03-005098,portalinmobiliario,Las Condes,Metropolitana,1380000,39.43,80.7,2023-03-21 00:00:00.000000,2023-03-29 00:00:00.000000,DEPARTAMENTO,arriendo,agency
PI-2023-03-003151,portalinmobiliario,Macul,Metropolitana,825000,23.57,99.5,2023-02-15 00:00:00.000000,2023-03-22 00:00:00.000000,departamento,arriendo,owner_direct
PI-2023-03-001590,portalinmobiliario,Ñuñoa,Metropolitana,950000,27.14,58.5,2023-02-19 00:00:00.000000,2023-03-08 00:00:00.000000,Departamento,ARRIENDO,owner_direct
PI-2023-03-003334,portalinmobiliario,LA FLORIDA,Metropolitana,425000,12.14,40.6,2023-03-06 00:00:00.000000,2023-03-22 00:00:00.000000,departamento,Arriendo,agency
PI-2023-03-005180,portalinmobiliario,Las Condes,Metropolitana,1805000,51.57,127.3,2023-03-07 00:00:00.000000,2023-03-29 00:00:00.000000,DEPARTAMENTO,ARRIENDO,agency
PI-2023-03-000452,portalinmobiliario,Ñuñoa,Metropolitana,655000,18.71,44.2,2022-12-28 00:00:00.000000,2023-03-01 00:00:00.000000,Departamento,ARRIENDO,owner_direct
PI-2023-03-005224,portalinmobiliario,La Florida,Metropolitana,470000,13.43,46.8,2023-03-25 00:00:00.000000,2023-03-29 00:00:00.000000,departamento,ARRIENDO,agency
PI-2023-03-002594,portalinmobiliario,Ñuñoa,Metropolitana,755000,21.57,54.2,2023-02-27 00:00:00.000000,2023-03-15 00:00:00.000000,departamento,ARRIENDO,agency
PI-2023-03-003244,portalinmobiliario,Santiago,Metropolitana,530000,15.14,34.0,2023-02-01 00:00:00.000000,2023-03-22 00:00:00.000000,Departamento,arriendo,agency
PI-2023-03-003659,portalinmobiliario,Santiago,Metropolitana,770000,22.0,82.7,2023-03-05 00:00:00.000000,2023-03-22 00:00:00.000000,departamento,Arriendo,agency
PI-2023-03-003614,portalinmobiliario,Peñalolén,Metropolitana,430000,12.29,42.7,2023-03-08 00:00:00.000000,2023-03-22 00:00:00.000000,Departamento,arriendo,agency
PI-2023-03-000078,portalinmobiliario,Independencia,Metropolitana,365000,10.43,25.9,2023-02-11 00:00:00.000000,2023-03-01 00:00:00.000000,Departamento,arriendo,agency
PI-2023-03-005227,portalinmobiliario,Estación Central,Metropolitana,425000,12.14,33.4,2022-12-25 00:00:00.000000,2023-03-29 00:00:00.000000,departamento,ARRIENDO,agency
PI-2023-03-004667,portalinmobiliario,La Florida,Metropolitana,570000,16.29,73.9,2023-03-20 00:00:00.000000,2023-03-29 00:00:00.000000,Departamento,ARRIENDO,agency
PI-2023-03-003640,portalinmobiliario,San Miguel,Metropolitana,5185000,,59.8,2023-01-23 00:00:00.000000,2023-03-22 00:00:00.000000,DEPARTAMENTO,arriendo,agency
PI-2023-03-001081,portalinmobiliario,Providencia,Metropolitana,1125000,32.14,65.5,2022-10-05 00:00:00.000000,2023-03-08 00:00:00.000000,DEPARTAMENTO,arriendo,agency
PI-2023-03-000651,portalinmobiliario,Santiago,Metropolitana,780000,22.29,82.2,2023-01-24 00:00:00.000000,2023-03-01 00:00:00.000000,departamento,arriendo,agency
PI-2023-03-000974,portalinmobiliario,Peñalolén,Metropolitana,580000,16.57,61.1,2023-02-14 00:00:00.000000,2023-03-08 00:00:00.000000,departamento,arriendo,owner_direct
PI-2023-03-001785,portalinmobiliario,Estación Central,Metropolitana,380000,10.86,39.2,2023-02-19 00:00:00.000000,2023-03-08 00:00:00.000000,Departamento,arriendo,owner_direct
PI-2023-03-003275,portalinmobiliario,Santiago,Metropolitana,455000,13.0,41.5,2023-02-24 00:00:00.000000,2023-03-22 00:00:00.000000,Departamento,arriendo,owner_direct
PI-2023-03-004006,portalinmobiliario,Recoleta,Metropolitana,580000,16.57,60.8,2023-03-20 00:00:00.000000,2023-03-22 00:00:00.000000,DEPARTAMENTO,ARRIENDO,agency
PI-2023-03-000568,portalinmobiliario,Macul,Metropolitana,565000,16.14,60.9,2023-02-20 00:00:00.000000,2023-03-01 00:00:00.000000,departamento,Arriendo,agency
PI-2023-03-000183,portalinmobiliario,Conchalí,Metropolitana,495000,14.14,66.2,2023-02-19 00:00:00.000000,2023-03-01 00:00:00.000000,Departamento,Arriendo,agency
PI-2023-03-001562,portalinmobiliario,Ñuñoa,Metropolitana,900000,25.71,91.1,2023-02-16 00:00:00.000000,2023-03-08 00:00:00.000000,DEPARTAMENTO,arriendo,agency
PI-2023-03-001020,portalinmobiliario,Pudahuel,Metropolitana,445000,12.71,40.5,2022-10-17 00:00:00.000000,2023-03-08 00:00:00.000000,Departamento,arriendo,owner_direct
PI-2023-03-001775,portalinmobiliario,Santiago,Metropolitana,2085000,59.57,53.5,2023-01-04 00:00:00.000000,2023-03-08 00:00:00.000000,departamento,ARRIENDO,owner_direct
PI-2023-03-000230,portalinmobiliario,La Florida,Metropolitana,470000,13.43,37.0,2023-02-05 00:00:00.000000,2023-03-01 00:00:00.000000,DEPARTAMENTO,ARRIENDO,agency
PI-2023-03-001005,portalinmobiliario,Macul,Metropolitana,400000,11.43,29.3,2023-02-17 00:00:00.000000,2023-03-08 00:00:00.000000,DEPARTAMENTO,Arriendo,agency
PI-2023-03-001929,portalinmobiliario,La Florida,Metropolitana,580000,16.57,52.3,2022-09-26 00:00:00.000000,2023-03-15 00:00:00.000000,DEPARTAMENTO,Arriendo,owner_direct
PI-2023-03-004105,portalinmobiliario,Maipú,Metropolitana,310000,8.86,21.3,2023-03-06 00:00:00.000000,2023-03-29 00:00:00.000000,departamento,ARRIENDO,agency
PI-2023-03-004846,portalinmobiliario,La Reina,Metropolitana,545000,15.57,24.6,2023-03-22 00:00:00.000000,2023-03-29 00:00:00.000000,Departamento,Arriendo,agency
PI-2023-03-005249,portalinmobiliario,Maipú,Metropolitana,430000,12.29,45.1,2023-03-24 00:00:00.000000,2023-03-29 00:00:00.000000,departamento,ARRIENDO,agency
PI-2023-03-003025,portalinmobiliario,Santiago,Metropolitana,645000,,47.3,2023-02-22 00:00:00.000000,2023-03-22 00:00:00.000000,departamento,ARRIENDO,agency
PI-2023-03-001687,portalinmobiliario,Quinta Normal,Metropolitana,450000,12.86,38.8,2023-01-31 00:00:00.000000,2023-03-08 00:00:00.000000,DEPARTAMENTO,Arriendo,agency
PI-2023-03-003199,portalinmobiliario,Estación Central,Metropolitana,395000,11.29,45.8,2023-02-14 00:00:00.000000,2023-03-22 00:00:00.000000,departamento,arriendo,owner_direct
PI-2023-03-002009,portalinmobiliario,Santiago,Metropolitana,745000,21.29,78.6,2023-03-12 00:00:00.000000,2023-03-15 00:00:00.000000,departamento,ARRIENDO,agency
PI-2023-03-000623,portalinmobiliario,Lo Barnechea,Metropolitana,1085000,31.0,67.8,2023-01-06 00:00:00.000000,2023-03-01 00:00:00.000000,Departamento,Arriendo,agency
PI-2023-03-001459,portalinmobiliario,Huechuraba,Metropolitana,560000,16.0,45.9,2023-02-25 00:00:00.000000,2023-03-08 00:00:00.000000,DEPARTAMENTO,Arriendo,agency
PI-2023-03-003865,portalinmobiliario,Lo Barnechea,Metropolitana,1195000,34.14,87.8,2023-03-06 00:00:00.000000,2023-03-22 00:00:00.000000,departamento,arriendo,owner_direct
PI-2023-03-001048,portalinmobiliario,Santiago,Metropolitana,480000,13.71,34.6,2023-03-03 00:00:00.000000,2023-03-08 00:00:00.000000,departamento,arriendo,agency
PI-2023-03-004238,portalinmobiliario,Lo Barnechea ,Metropolitana,815000,23.29,55.8,2023-03-15 00:00:00.000000,2023-03-29 00:00:00.000000,Departamento,Arriendo,agency
PI-2023-03-002409,portalinmobiliario,La Florida,Metropolitana,570000,16.29,63.8,2022-09-05 00:00:00.000000,2023-03-15 00:00:00.000000,DEPARTAMENTO,Arriendo,agency
PI-2023-03-003492,portalinmobiliario,Vitacura,Metropolitana,1065000,30.43,43.4,2023-02-27 00:00:00.000000,2023-03-22 00:00:00.000000,DEPARTAMENTO,ARRIENDO,agency
PI-2023-03-003663,portalinmobiliario,Estación Central,Metropolitana,490000,14.0,40.0,2023-03-03 00:00:00.000000,2023-03-22 00:00:00.000000,Departamento,arriendo,agency
PI-2023-03-002850,portalinmobiliario,Huechuraba,Metropolitana,610000,17.43,37.4,2023-03-01 00:00:00.000000,2023-03-15 00:00:00.000000,Departamento,Arriendo,owner_direct
PI-2023-03-005116,portalinmobiliario,Santiago,Metropolitana,650000,18.57,56.3,2023-02-23 00:00:00.000000,2023-03-29 00:00:00.000000,DEPARTAMENTO,ARRIENDO,owner_direct
PI-2023-03-001358,portalinmobiliario,San Miguel,Metropolitana,525000,15.0,31.6,2023-01-08 00:00:00.000000,2023-03-08 00:00:00.000000,Departamento,Arriendo,owner_direct
PI-2023-03-003653,portalinmobiliario,Recoleta,Metropolitana,860000,24.57,101.3,2022-09-13 00:00:00.000000,2023-03-22 00:00:00.000000,Departamento,Arriendo,owner_direct
PI-2023-03-005131,portalinmobiliario,La Reina,Metropolitana,815000,23.29,51.9,2022-11-26 00:00:00.000000,2023-03-29 00:00:00.000000,DEPARTAMENTO,ARRIENDO,owner_direct
PI-2023-03-000403,portalinmobiliario,La Reina,Metropolitana,1435000,41.0,107.9,2023-02-23 00:00:00.000000,2023-03-01 00:00:00.000000,departamento,Arriendo,owner_direct
PI-2023-03-001704,portalinmobiliario,Peñalolén,Metropolitana,875000,25.0,94.1,2023-02-25 00:00:00.000000,2023-03-08 00:00:00.000000,departamento,Arriendo,agency
PI-2023-03-002049,portalinmobiliario,Maipú,Metropolitana,415000,11.86,40.0,2023-02-27 00:00:00.000000,2023-03-15 00:00:00.000000,departamento,ARRIENDO,agency
PI-2023-03-003323,portalinmobiliario,Huechuraba,Metropolitana,445000,12.71,43.3,2023-02-23 00:00:00.000000,2023-03-22 00:00:00.000000,Departamento,ARRIENDO,owner_direct
PI-2023-03-001580,portalinmobiliario,Providencia,Metropolitana,1210000,34.57,66.3,2023-03-02 00:00:00.000000,2023-03-08 00:00:00.000000,departamento,Arriendo,agency
PI-2023-03-002125,portalinmobiliario,Estación Central,Metropolitana,640000,18.29,67.0,2023-03-01 00:00:00.000000,2023-03-15 00:00:00.000000,departamento,arriendo,agency
PI-2023-03-003467,portalinmobiliario,Providencia,Metropolitana,925000,26.43,50.9,2023-03-13 00:00:00.000000,2023-03-22 00:00:00.000000,Departamento,ARRIENDO,agency
PI-2023-03-004783,portalinmobiliario,Quilicura,Metropolitana,410000,11.71,53.8,2023-03-15 00:00:00.000000,2023-03-29 00:00:00.000000,departamento,Arriendo,owner_direct
PI-2023-03-001233,portalinmobiliario,Ñuñoa,Metropolitana,670000,19.14,50.0,2023-02-04 00:00:00.000000,2023-03-08 00:00:00.000000,Departamento,ARRIENDO,agency
PI-2023-03-005186,portalinmobiliario,Ñuñoa,Metropolitana,650000,18.57,45.8,2023-03-23 00:00:00.000000,2023-03-29 00:00:00.000000,DEPARTAMENTO,Arriendo,agency
PI-2023-03-001690,portalinmobiliario,Quinta Normal,Metropolitana,785000,22.43,86.9,2023-02-28 00:00:00.000000,2023-03-08 00:00:00.000000,Departamento,arriendo,agency
PI-2023-03-005123,portalinmobiliario,San Joaquín,Metropolitana,570000,16.29,60.3,2023-03-15 00:00:00.000000,2023-03-29 00:00:00.000000,Departamento,arriendo,agency
PI-2023-03-000313,portalinmobiliario,Macul,Metropolitana,780000,22.29,74.1,2023-02-20 00:00:00.000000,2023-03-01 00:00:00.000000,DEPARTAMENTO,Arriendo,agency
PI-2023-03-005297,portalinmobiliario,Providencia,Metropolitana,845000,24.14,33.6,2023-03-01 00:00:00.000000,2023-03-29 00:00:00.000000,Departamento,ARRIENDO,agency
PI-2023-03-003780,portalinmobiliario,Maipú,Metropolitana,465000,13.29,58.1,2023-03-12 00:00:00.000000,2023-03-22 00:00:00.000000,Departamento,arriendo,owner_direct
PI-2023-03-003834,portalinmobiliario,Quinta Normal,Metropolitana,415000,11.86,34.1,2023-03-17 00:00:00.000000,2023-03-22 00:00:00.000000,departamento,arriendo,agency
PI-2023-03-003479,portalinmobiliario,La Cisterna,Metropolitana,495000,14.14,36.2,2023-02-12 00:00:00.000000,2023-03-22 00:00:00.000000,Departamento,ARRIENDO,agency
PI-2023-03-002156,portalinmobiliario,Cerrillos,Metropolitana,425000,12.14,35.8,2023-02-16 00:00:00.000000,2023-03-15 00:00:00.000000,departamento,Arriendo,agency
PI-2023-03-001698,portalinmobiliario,Maipú,Metropolitana,485000,13.86,36.6,2023-03-02 00:00:00.000000,2023-03-08 00:00:00.000000,departamento,arriendo,agency
PI-2023-03-003760,portalinmobiliario,La Florida,Metropolitana,890000,25.43,128.8,2023-02-14 00:00:00.000000,2023-03-22 00:00:00.000000,DEPARTAMENTO,Arriendo,agency
PI-2023-03-004096,portalinmobiliario,Maipú,Metropolitana,7035000,201.0,94.7,2023-03-13 00:00:00.000000,2023-03-29 00:00:00.000000,departamento,Arriendo,agency
PI-2023-03-003044,portalinmobiliario,Peñalolén,Metropolitana,505000,14.43,52.8,2023-02-12 00:00:00.000000,2023-03-22 00:00:00.000000,DEPARTAMENTO,ARRIENDO,owner_direct
PI-2023-03-003631,portalinmobiliario,Cerrillos,Metropolitana,515000,14.71,47.6,2023-03-21 00:00:00.000000,2023-03-22 00:00:00.000000,DEPARTAMENTO,arriendo,agency
PI-2023-03-004425,portalinmobiliario,La Florida,Metropolitana,380000,10.86,28.9,2023-02-28 00:00:00.000000,2023-03-29 00:00:00.000000,departamento,Arriendo,agency
PI-2023-03-002939,portalinmobiliario,La Reina,Metropolitana,1005000,28.71,61.7,2023-02-12 00:00:00.000000,2023-03-15 00:00:00.000000,departamento,ARRIENDO,agency
PI-2023-03-001521,portalinmobiliario,Las Condes,Metropolitana,1035000,29.57,54.4,2023-02-24 00:00:00.000000,2023-03-08 00:00:00.000000,departamento,ARRIENDO,agency
PI-2023-03-001378,portalinmobiliario,San Miguel,Metropolitana,980000,28.0,86.4,2023-02-04 00:00:00.000000,2023-03-08 00:00:00.000000,departamento,ARRIENDO,owner_direct
PI-2023-03-004959,portalinmobiliario,Independencia,Metropolitana,360000,10.29,24.9,2023-03-19 00:00:00.000000,2023-03-29 00:00:00.000000,Departamento,ARRIENDO,owner_direct
PI-2023-03-002657,portalinmobiliario,Macul,Metropolitana,935000,26.71,88.5,2023-03-06 00:00:00.000000,2023-03-15 00:00:00.000000,Departamento,ARRIENDO,agency
PI-2023-03-001120,portalinmobiliario,Puente Alto,Metropolitana,570000,16.29,84.1,2023-02-04 00:00:00.000000,2023-03-08 00:00:00.000000,Departamento,ARRIENDO,agency
PI-2023-03-004747,portalinmobiliario,Recoleta,Metropolitana,1495000,42.71,49.6,2023-03-12 00:00:00.000000,2023-03-29 00:00:00.000000,Departamento,Arriendo,agency
PI-2023-03-003857,portalinmobiliario,Providencia,Metropolitana,830000,23.71,35.9,2023-02-21 00:00:00.000000,2023-03-22 00:00:00.000000,DEPARTAMENTO,ARRIENDO,agency
PI-2023-03-001213,portalinmobiliario,Quilicura,Metropolitana,700000,20.0,76.5,2023-02-13 00:00:00.000000,2023-03-08 00:00:00.000000,departamento,arriendo,agency
PI-2023-03-004047,portalinmobiliario,Lo Barnechea,Metropolitana,1080000,30.86,87.3,2023-03-19 00:00:00.000000,2023-03-22 00:00:00.000000,DEPARTAMENTO,Arriendo,owner_direct
PI-2023-03-002791,portalinmobiliario,Providencia,Metropolitana,820000,23.43,39.6,2023-03-07 00:00:00.000000,2023-03-15 00:00:00.000000,DEPARTAMENTO,Arriendo,agency
PI-2023-03-004752,portalinmobiliario,Providencia,Metropolitana,1105000,31.57,61.7,2023-03-14 00:00:00.000000,2023-03-29 00:00:00.000000,Departamento,Arriendo,owner_direct
PI-2023-03-000736,portalinmobiliario,Quinta Normal,Metropolitana,490000,14.0,54.0,2023-02-19 00:00:00.000000,2023-03-01 00:00:00.000000,departamento,ARRIENDO,agency
PI-2023-03-003833,portalinmobiliario,Santiago,Metropolitana,445000,12.71,27.2,2023-03-09 00:00:00.000000,2023-03-22 00:00:00.000000,departamento,arriendo,agency
PI-2023-03-003809,portalinmobiliario,San Miguel,Metropolitana,760000,21.71,69.2,2023-02-25 00:00:00.000000,2023-03-22 00:00:00.000000,departamento,arriendo,owner_direct
PI-2023-03-000326,portalinmobiliario,Providencia,Metropolitana,875000,25.0,53.8,2023-02-19 00:00:00.000000,2023-03-01 00:00:00.000000,Departamento,ARRIENDO,agency
PI-2023-03-000310,portalinmobiliario,San Miguel,Metropolitana,675000,19.29,64.7,2023-02-17 00:00:00.000000,2023-03-01 00:00:00.000000,departamento,Arriendo,owner_direct
PI-2023-03-004897,portalinmobiliario,Providencia,Metropolitana,805000,23.0,38.8,2023-02-23 00:00:00.000000,2023-03-29 00:00:00.000000,Departamento,arriendo,owner_direct
PI-2023-03-001478,portalinmobiliario,Pudahuel,Metropolitana,480000,13.71,57.0,2023-02-18 00:00:00.000000,2023-03-08 00:00:00.000000,departamento,ARRIENDO,agency
PI-2023-03-001011,portalinmobiliario,La Reina,Metropolitana,835000,23.86,53.6,2023-02-14 00:00:00.000000,2023-03-08 00:00:00.000000,Departamento,Arriendo,agency
PI-2023-03-001679,portalinmobiliario,Pudahuel,Metropolitana,550000,15.71,63.6,2023-02-26 00:00:00.000000,2023-03-08 00:00:00.000000,departamento,arriendo,owner_direct
PI-2023-03-001359,portalinmobiliario,Huechuraba,Metropolitana,1000000,28.57,107.2,2022-10-27 00:00:00.000000,2023-03-08 00:00:00.000000,departamento,ARRIENDO,agency
PI-2023-03-003956,portalinmobiliario,San Joaquín,Metropolitana,560000,16.0,58.7,2023-03-18 00:00:00.000000,2023-03-22 00:00:00.000000,Departamento,arriendo,owner_direct
PI-2023-03-003219,portalinmobiliario,La Florida,Metropolitana,695000,19.86,76.0,2022-10-01 00:00:00.000000,2023-03-22 00:00:00.000000,departamento,Arriendo,owner_direct
PI-2023-03-000667,portalinmobiliario,Quinta Normal,Metropolitana,525000,15.0,57.5,2023-02-03 00:00:00.000000,2023-03-01 00:00:00.000000,departamento,Arriendo,agency
PI-2023-03-004474,portalinmobiliario,Providencia,Metropolitana,655000,18.71,35.6,2023-03-24 00:00:00.000000,2023-03-29 00:00:00.000000,Departamento,Arriendo,owner_direct
PI-2023-03-002980,portalinmobiliario,Puente Alto,Metropolitana,345000,9.86,34.5,2023-03-11 00:00:00.000000,2023-03-22 00:00:00.000000,DEPARTAMENTO,Arriendo,owner_direct
PI-2023-03-002972,portalinmobiliario,La Reina,Metropolitana,820000,23.43,48.9,2023-03-06 00:00:00.000000,2023-03-22 00:00:00.000000,DEPARTAMENTO,arriendo,agency
PI-2023-03-003582,portalinmobiliario,Vitacura,Metropolitana,2200000,62.86,137.6,2023-02-27 00:00:00.000000,2023-03-22 00:00:00.000000,departamento,ARRIENDO,owner_direct
PI-2023-03-001991,portalinmobiliario,Recoleta,Metropolitana,390000,11.14,29.7,2023-02-19 00:00:00.000000,2023-03-15 00:00:00.000000,DEPARTAMENTO,arriendo,agency
PI-2023-03-003681,portalinmobiliario,Providencia,Metropolitana,1225000,35.0,74.7,2023-03-10 00:00:00.000000,2023-03-22 00:00:00.000000,DEPARTAMENTO,Arriendo,agency
PI-2023-03-004304,portalinmobiliario,Santiago,Metropolitana,620000,17.71,68.5,2023-03-04 00:00:00.000000,2023-03-29 00:00:00.000000,departamento,ARRIENDO,agency
PI-2023-03-001771,portalinmobiliario,Independencia,Metropolitana,495000,14.14,37.5,2023-02-15 00:00:00.000000,2023-03-08 00:00:00.000000,DEPARTAMENTO,arriendo,agency
PI-2023-03-004356,portalinmobiliario,Santiago,Metropolitana,640000,18.29,48.1,2023-03-10 00:00:00.000000,2023-03-29 00:00:00.000000,departamento,arriendo,agency
PI-2023-03-000758,portalinmobiliario,Quilicura,Metropolitana,610000,17.43,79.4,2023-02-21 00:00:00.000000,2023-03-01 00:00:00.000000,DEPARTAMENTO,arriendo,owner_direct
PI-2023-03-002140,portalinmobiliario,La Florida,Metropolitana,620000,17.71,59.2,2023-02-15 00:00:00.000000,2023-03-15 00:00:00.000000,departamento,arriendo,agency
PI-2023-03-004970,portalinmobiliario,Estación Central,Metropolitana,500000,14.29,53.7,2023-02-22 00:00:00.000000,2023-03-29 00:00:00.000000,departamento,ARRIENDO,agency
PI-2023-03-001793,portalinmobiliario,San Joaquín,Metropolitana,605000,17.29,70.5,2023-02-01 00:00:00.000000,2023-03-08 00:00:00.000000,departamento,Arriendo,agency
PI-2023-03-004712,portalinmobiliario,Ñuñoa,Metropolitana,550000,15.71,36.7,2023-02-15 00:00:00.000000,2023-03-29 00:00:00.000000,DEPARTAMENTO,Arriendo,owner_direct
PI-2023-03-002992,portalinmobiliario,Providencia,Metropolitana,1145000,32.71,69.2,2023-03-05 00:00:00.000000,2023-03-22 00:00:00.000000,DEPARTAMENTO,arriendo,owner_direct
PI-2023-03-000945,portalinmobiliario,Ñuñoa,Metropolitana,530000,15.14,30.9,2023-01-19 00:00:00.000000,2023-03-01 00:00:00.000000,departamento,Arriendo,agency
PI-2023-03-002381,portalinmobiliario,Las Condes,Metropolitana,905000,25.86,46.0,2023-02-15 00:00:00.000000,2023-03-15 00:00:00.000000,Departamento,arriendo,agency
PI-2023-03-002472,portalinmobiliario,Quinta Normal,Metropolitana,465000,13.29,35.6,2022-10-07 00:00:00.000000,2023-03-15 00:00:00.000000,Departamento,arriendo,agency
PI-2023-03-002643,portalinmobiliario,San Miguel,Metropolitana,665000,19.0,60.9,2023-01-29 00:00:00.000000,2023-03-15 00:00:00.000000,Departamento,arriendo,agency
PI-2023-03-005233,portalinmobiliario,Santiago ,Metropolitana,935000,26.71,99.6,2023-03-08 00:00:00.000000,2023-03-29 00:00:00.000000,Departamento,ARRIENDO,owner_direct
PI-2023-03-003744,portalinmobiliario,Maipú,Metropolitana,425000,12.14,46.9,2023-03-21 00:00:00.000000,2023-03-22 00:00:00.000000,Departamento,Arriendo,owner_direct
PI-2023-03-003067,portalinmobiliario,Conchalí,Metropolitana,510000,14.57,50.5,2023-03-15 00:00:00.000000,2023-03-22 00:00:00.000000,DEPARTAMENTO,arriendo,owner_direct
PI-2023-03-005045,portalinmobiliario,Conchalí,Metropolitana,395000,11.29,35.3,2023-02-27 00:00:00.000000,2023-03-29 00:00:00.000000,Departamento,ARRIENDO,owner_direct
PI-2023-03-001826,portalinmobiliario,Providencia,Metropolitana,1000000,28.57,54.5,2023-02-23 00:00:00.000000,2023-03-08 00:00:00.000000,departamento,Arriendo,agency
PI-2023-03-002172,portalinmobiliario,La Cisterna,Metropolitana,535000,15.29,50.1,2022-08-28 00:00:00.000000,2023-03-15 00:00:00.000000,Departamento,Arriendo,owner_direct
PI-2023-03-004758,portalinmobiliario,Estación Central,Metropolitana,325000,9.29,29.2,2023-03-14 00:00:00.000000,2023-03-29 00:00:00.000000,DEPARTAMENTO,Arriendo,agency
PI-2023-03-001422,portalinmobiliario,Independencia,Metropolitana,495000,14.14,41.3,2023-03-05 00:00:00.000000,2023-03-08 00:00:00.000000,departamento,arriendo,agency
PI-2023-03-000064,portalinmobiliario,Santiago ,Metropolitana,475000,13.57,30.8,2023-02-12 00:00:00.000000,2023-03-01 00:00:00.000000,DEPARTAMENTO,Arriendo,agency
PI-2023-03-004114,portalinmobiliario,Maipú,Metropolitana,395000,11.29,34.0,2022-12-31 00:00:00.000000,2023-03-29 00:00:00.000000,DEPARTAMENTO,ARRIENDO,owner_direct
PI-2023-03-004319,portalinmobiliario,Quinta Normal,Metropolitana,350000,10.0,32.8,2023-03-23 00:00:00.000000,2023-03-29 00:00:00.000000,DEPARTAMENTO,arriendo,owner_direct
PI-2023-03-005315,portalinmobiliario,Estación Central,Metropolitana,570000,16.29,51.5,2023-02-19 00:00:00.000000,2023-03-29 00:00:00.000000,Departamento,ARRIENDO,agency
PI-2023-03-000162,portalinmobiliario,Estación Central,Metropolitana,395000,11.29,35.0,2023-02-16 00:00:00.000000,2023-03-01 00:00:00.000000,DEPARTAMENTO,Arriendo,owner_direct
PI-2023-03-001404,portalinmobiliario,La Florida,Metropolitana,480000,13.71,47.6,2023-02-05 00:00:00.000000,2023-03-08 00:00:00.000000,departamento,arriendo,agency
PI-2023-03-003148,portalinmobiliario,Las Condes,Metropolitana,905000,25.86,46.5,2022-11-20 00:00:00.000000,2023-03-22 00:00:00.000000,departamento,ARRIENDO,agency
PI-2023-03-004510,portalinmobiliario,Huechuraba,Metropolitana,885000,25.29,74.8,2023-02-18 00:00:00.000000,2023-03-29 00:00:00.000000,Departamento,Arriendo,owner_direct
PI-2023-03-003754,portalinmobiliario,Santiago,Metropolitana,740000,21.14,65.1,2023-03-06 00:00:00.000000,2023-03-22 00:00:00.000000,DEPARTAMENTO,Arriendo,agency
PI-2023-03-001026,portalinmobiliario,san joaquín,Metropolitana,4150000,118.57,45.3,2023-02-13 00:00:00.000000,2023-03-08 00:00:00.000000,Departamento,Arriendo,agency
PI-2023-03-002302,portalinmobiliario,Santiago,Metropolitana,525000,15.0,36.1,2023-02-21 00:00:00.000000,2023-03-15 00:00:00.000000,Departamento,arriendo,agency
PI-2023-03-003011,portalinmobiliario,San Miguel,Metropolitana,1180000,33.71,162.9,2023-03-01 00:00:00.000000,2023-03-22 00:00:00.000000,departamento,arriendo,owner_direct
PI-2023-03-002800,portalinmobiliario,Conchalí,Metropolitana,310000,8.86,30.8,2023-01-28 00:00:00.000000,2023-03-15 00:00:00.000000,DEPARTAMENTO,ARRIENDO,agency
PI-2023-03-002571,portalinmobiliario,Las Condes,Metropolitana,1435000,41.0,85.3,2023-02-27 00:00:00.000000,2023-03-15 00:00:00.000000,departamento,Arriendo,agency
PI-2023-03-000118,portalinmobiliario,Huechuraba,Metropolitana,705000,20.14,53.6,2023-02-02 00:00:00.000000,2023-03-01 00:00:00.000000,departamento,ARRIENDO,agency
PI-2023-03-005257,portalinmobiliario,Lo Barnechea,Metropolitana,825000,23.57,54.9,2023-03-06 00:00:00.000000,2023-03-29 00:00:00.000000,DEPARTAMENTO,Arriendo,agency
PI-2023-03-000083,portalinmobiliario,Las Condes,Metropolitana,1210000,34.57,61.0,2023-02-24 00:00:00.000000,2023-03-01 00:00:00.000000,departamento,Arriendo,agency
PI-2023-03-003913,portalinmobiliario,Santiago,Metropolitana,580000,16.57,44.9,2023-02-28 00:00:00.000000,2023-03-22 00:00:00.000000,DEPARTAMENTO,ARRIENDO,owner_direct
PI-2023-03-000918,portalinmobiliario,Providencia,Metropolitana,865000,24.71,45.8,2023-02-01 00:00:00.000000,2023-03-01 00:00:00.000000,Departamento,arriendo,agency
PI-2023-03-001930,portalinmobiliario,ESTACIÓN CENTRAL,Metropolitana,565000,16.14,64.9,2022-12-22 00:00:00.000000,2023-03-15 00:00:00.000000,departamento,Arriendo,owner_direct
PI-2023-03-005099,portalinmobiliario,Recoleta,Metropolitana,435000,12.43,56.0,2022-09-17 00:00:00.000000,2023-03-29 00:00:00.000000,DEPARTAMENTO,Arriendo,agency
PI-2023-03-000486,portalinmobiliario,santiago,Metropolitana,450000,12.86,21.3,2023-02-09 00:00:00.000000,2023-03-01 00:00:00.000000,DEPARTAMENTO,arriendo,agency
PI-2023-03-000473,portalinmobiliario,Santiago,Metropolitana,600000,17.14,42.1,2022-07-27 00:00:00.000000,2023-03-01 00:00:00.000000,DEPARTAMENTO,arriendo,agency
PI-2023-03-000976,portalinmobiliario,Quilicura,Metropolitana,470000,13.43,56.4,2023-02-06 00:00:00.000000,2023-03-08 00:00:00.000000,DEPARTAMENTO,Arriendo,owner_direct
PI-2023-03-004812,portalinmobiliario,La Reina,Metropolitana,755000,21.57,44.0,2023-03-13 00:00:00.000000,2023-03-29 00:00:00.000000,Departamento,ARRIENDO,owner_direct
PI-2023-03-004076,portalinmobiliario,ESTACIÓN CENTRAL,Metropolitana,415000,11.86,28.1,2023-03-11 00:00:00.000000,2023-03-29 00:00:00.000000,departamento,Arriendo,owner_direct
PI-2023-03-005179,portalinmobiliario,Las Condes,Metropolitana,855000,24.43,36.5,2023-03-20 00:00:00.000000,2023-03-29 00:00:00.000000,Departamento,arriendo,agency
PI-2023-03-005041,portalinmobiliario,Ñuñoa,Metropolitana,680000,19.43,46.8,2023-03-04 00:00:00.000000,2023-03-29 00:00:00.000000,departamento,arriendo,agency
PI-2023-03-003159,portalinmobiliario,La Reina,Metropolitana,620000,17.71,34.8,2023-03-05 00:00:00.000000,2023-03-22 00:00:00.000000,DEPARTAMENTO,ARRIENDO,agency
PI-2023-03-001506,portalinmobiliario,Providencia,Metropolitana,875000,25.0,37.9,2023-02-19 00:00:00.000000,2023-03-08 00:00:00.000000,departamento,ARRIENDO,agency
PI-2023-03-001394,portalinmobiliario,Maipú,Metropolitana,480000,13.71,47.9,2023-01-12 00:00:00.000000,2023-03-08 00:00:00.000000,departamento,ARRIENDO,agency
PI-2023-03-001915,portalinmobiliario,Providencia,Metropolitana,1715000,49.0,130.7,2023-01-22 00:00:00.000000,2023-03-15 00:00:00.000000,Departamento,arriendo,agency
PI-2023-03-000139,portalinmobiliario,Pudahuel,Metropolitana,360000,10.29,33.0,2023-01-08 00:00:00.000000,2023-03-01 00:00:00.000000,Departamento,Arriendo,owner_direct
PI-2023-03-004453,portalinmobiliario,Santiago ,Metropolitana,450000,12.86,37.5,2023-02-26 00:00:00.000000,2023-03-29 00:00:00.000000,DEPARTAMENTO,Arriendo,agency
PI-2023-03-003636,portalinmobiliario,Ñuñoa,Metropolitana,765000,21.86,52.9,2023-03-17 00:00:00.000000,2023-03-22 00:00:00.000000,departamento,ARRIENDO,owner_direct
PI-2023-03-002916,portalinmobiliario,La Reina,Metropolitana,700000,,44.3,2022-11-29 00:00:00.000000,2023-03-15 00:00:00.000000,departamento,arriendo,agency
PI-2023-03-000863,portalinmobiliario,San Miguel,Metropolitana,640000,18.29,70.2,2023-01-28 00:00:00.000000,2023-03-01 00:00:00.000000,Departamento,ARRIENDO,agency
PI-2023-03-001628,portalinmobiliario,Estación Central,Metropolitana,335000,9.57,28.3,2022-12-30 00:00:00.000000,2023-03-08 00:00:00.000000,Departamento,ARRIENDO,owner_direct
PI-2023-03-004804,portalinmobiliario,Macul,Metropolitana,475000,13.57,27.4,2023-03-09 00:00:00.000000,2023-03-29 00:00:00.000000,departamento,ARRIENDO,agency
PI-2023-03-004240,portalinmobiliario,Vitacura,Metropolitana,935000,26.71,33.3,2023-03-15 00:00:00.000000,2023-03-29 00:00:00.000000,Departamento,ARRIENDO,agency
PI-2023-03-004249,portalinmobiliario,San Miguel,Metropolitana,500000,14.29,38.4,2023-03-15 00:00:00.000000,2023-03-29 00:00:00.000000,Departamento,ARRIENDO,owner_direct
PI-2023-03-003745,portalinmobiliario,Las Condes,Metropolitana,815000,23.29,31.2,2023-03-06 00:00:00.000000,2023-03-22 00:00:00.000000,Departamento,ARRIENDO,owner_direct
PI-2023-03-004833,portalinmobiliario,La Reina,Metropolitana,620000,17.71,31.7,2023-03-13 00:00:00.000000,2023-03-29 00:00:00.000000,departamento,arriendo,agency
PI-2023-03-003262,portalinmobiliario,Providencia,Metropolitana,1205000,34.43,57.4,2023-03-11 00:00:00.000000,2023-03-22 00:00:00.000000,DEPARTAMENTO,ARRIENDO,owner_direct
PI-2023-03-004181,portalinmobiliario,Lo Barnechea,Metropolitana,760000,21.71,33.6,2023-02-26 00:00:00.000000,2023-03-29 00:00:00.000000,DEPARTAMENTO,ARRIENDO,owner_direct
PI-2023-03-004241,portalinmobiliario,La Florida,Metropolitana,610000,17.43,51.3,2023-03-25 00:00:00.000000,2023-03-29 00:00:00.000000,departamento,Arriendo,agency
PI-2023-03-002322,portalinmobiliario,Recoleta,Metropolitana,645000,18.43,71.0,2023-02-17 00:00:00.000000,2023-03-15 00:00:00.000000,departamento,ARRIENDO,agency
PI-2023-03-002446,portalinmobiliario,Santiago,Metropolitana,535000,15.29,41.9,2023-03-09 00:00:00.000000,2023-03-15 00:00:00.000000,departamento,Arriendo,agency
PI-2023-03-001773,portalinmobiliario,La Cisterna,Metropolitana,560000,16.0,64.0,2022-12-11 00:00:00.000000,2023-03-08 00:00:00.000000,departamento,Arriendo,agency
PI-2023-03-002834,portalinmobiliario,Pudahuel,Metropolitana,425000,12.14,33.5,2022-11-24 00:00:00.000000,2023-03-15 00:00:00.000000,Departamento,arriendo,agency
PI-2023-03-002263,portalinmobiliario,Providencia,Metropolitana,1185000,33.86,65.5,2023-02-23 00:00:00.000000,2023-03-15 00:00:00.000000,departamento,Arriendo,agency
PI-2023-03-004059,portalinmobiliario,Quinta Normal,Metropolitana,530000,15.14,69.3,2022-09-03 00:00:00.000000,2023-03-22 00:00:00.000000,DEPARTAMENTO,Arriendo,agency
PI-2023-03-003022,portalinmobiliario,Maipú,Metropolitana,585000,16.71,77.3,2023-02-18 00:00:00.000000,2023-03-22 00:00:00.000000,Departamento,ARRIENDO,agency
PI-2023-03-000545,portalinmobiliario,Las Condes,Metropolitana,665000,19.0,29.1,2023-01-25 00:00:00.000000,2023-03-01 00:00:00.000000,departamento,arriendo,owner_direct
PI-2023-03-003300,portalinmobiliario,Maipú,Metropolitana,695000,19.86,69.7,2023-02-12 00:00:00.000000,2023-03-22 00:00:00.000000,departamento,arriendo,owner_direct
PI-2023-03-001820,portalinmobiliario,Huechuraba,Metropolitana,525000,15.0,30.3,2023-02-27 00:00:00.000000,2023-03-08 00:00:00.000000,DEPARTAMENTO,arriendo,owner_direct
PI-2023-03-004971,portalinmobiliario,Recoleta,Metropolitana,685000,19.57,74.6,2023-02-15 00:00:00.000000,2023-03-29 00:00:00.000000,departamento,arriendo,agency
PI-2023-03-005160,portalinmobiliario,Maipú,Metropolitana,395000,11.29,36.2,2023-02-25 00:00:00.000000,2023-03-29 00:00:00.000000,departamento,Arriendo,agency
PI-2023-03-004338,portalinmobiliario,Huechuraba,Metropolitana,1020000,29.14,105.8,2023-03-27 00:00:00.000000,2023-03-29 00:00:00.000000,Departamento,ARRIENDO,agency
PI-2023-03-000970,portalinmobiliario,Lo Barnechea,Metropolitana,820000,23.43,42.3,2023-02-15 00:00:00.000000,2023-03-08 00:00:00.000000,departamento,ARRIENDO,owner_direct
PI-2023-03-001185,portalinmobiliario,Quilicura,Metropolitana,815000,23.29,134.0,2023-02-22 00:00:00.000000,2023-03-08 00:00:00.000000,departamento,ARRIENDO,owner_direct
PI-2023-03-005068,portalinmobiliario,Macul,Metropolitana,995000,28.43,110.9,2023-02-22 00:00:00.000000,2023-03-29 00:00:00.000000,DEPARTAMENTO,Arriendo,agency
PI-2023-03-001058,portalinmobiliario,Santiago,Metropolitana,785000,22.43,69.2,2022-11-03 00:00:00.000000,2023-03-08 00:00:00.000000,Departamento,Arriendo,agency
PI-2023-03-003759,portalinmobiliario,Lo Barnechea,Metropolitana,1670000,47.71,111.4,2023-03-07 00:00:00.000000,2023-03-22 00:00:00.000000,departamento,ARRIENDO,agency
PI-2023-03-004117,portalinmobiliario,Santiago,Metropolitana,435000,12.43,26.1,2023-03-12 00:00:00.000000,2023-03-29 00:00:00.000000,DEPARTAMENTO,Arriendo,agency
PI-2023-03-000076,portalinmobiliario,Santiago,Metropolitana,530000,15.14,40.9,2022-09-02 00:00:00.000000,2023-03-01 00:00:00.000000,departamento,Arriendo,agency
PI-2023-03-004475,portalinmobiliario,San Miguel,Metropolitana,465000,13.29,35.8,2023-02-28 00:00:00.000000,2023-03-29 00:00:00.000000,Departamento,arriendo,agency
PI-2023-03-003762,portalinmobiliario,Maipú,Metropolitana,520000,14.86,53.8,2023-02-26 00:00:00.000000,2023-03-22 00:00:00.000000,departamento,Arriendo,owner_direct
PI-2023-03-002081,portalinmobiliario,Lo Barnechea,Metropolitana,955000,27.29,53.7,2022-11-27 00:00:00.000000,2023-03-15 00:00:00.000000,Departamento,ARRIENDO,agency
PI-2023-03-001688,portalinmobiliario,Maipú,Metropolitana,415000,11.86,52.1,2023-01-16 00:00:00.000000,2023-03-08 00:00:00.000000,Departamento,ARRIENDO,agency
PI-2023-03-003133,portalinmobiliario,Providencia,Metropolitana,1120000,32.0,64.9,2023-01-20 00:00:00.000000,2023-03-22 00:00:00.000000,Departamento,Arriendo,owner_direct
PI-2023-03-003460,portalinmobiliario,Ñuñoa,Metropolitana,750000,21.43,54.9,2023-02-11 00:00:00.000000,2023-03-22 00:00:00.000000,DEPARTAMENTO,arriendo,agency
PI-2023-03-000832,portalinmobiliario,Ñuñoa,Metropolitana,8120000,232.0,999.0,2023-02-14 00:00:00.000000,2023-03-01 00:00:00.000000,DEPARTAMENTO,arriendo,agency
PI-2023-03-003327,portalinmobiliario,Quilicura,Metropolitana,420000,12.0,47.2,2023-02-10 00:00:00.000000,2023-03-22 00:00:00.000000,Departamento,ARRIENDO,owner_direct
PI-2023-03-001928,portalinmobiliario,Independencia,Metropolitana,570000,16.29,61.4,2022-10-26 00:00:00.000000,2023-03-15 00:00:00.000000,departamento,arriendo,owner_direct
PI-2023-03-003383,portalinmobiliario,La Cisterna,Metropolitana,445000,12.71,44.6,2023-03-02 00:00:00.000000,2023-03-22 00:00:00.000000,departamento,Arriendo,owner_direct
PI-2023-03-001668,portalinmobiliario,Puente Alto,Metropolitana,440000,12.57,49.7,2022-12-10 00:00:00.000000,2023-03-08 00:00:00.000000,departamento,arriendo,owner_direct
PI-2023-03-001942,portalinmobiliario,Peñalolén,Metropolitana,475000,13.57,40.9,2023-03-02 00:00:00.000000,2023-03-15 00:00:00.000000,departamento,Arriendo,agency
PI-2023-03-005016,portalinmobiliario,San Joaquín,Metropolitana,405000,11.57,42.9,2023-02-26 00:00:00.000000,2023-03-29 00:00:00.000000,Departamento,Arriendo,owner_direct
PI-2023-03-003343,portalinmobiliario,Las Condes,Metropolitana,720000,20.57,32.2,2023-03-20 00:00:00.000000,2023-03-22 00:00:00.000000,departamento,arriendo,agency
PI-2023-03-004221,portalinmobiliario,Estación Central,Metropolitana,615000,17.57,77.8,2023-03-21 00:00:00.000000,2023-03-29 00:00:00.000000,Departamento,Arriendo,agency
PI-2023-03-001195,portalinmobiliario,Las Condes,Metropolitana,1100000,31.43,68.4,2023-03-03 00:00:00.000000,2023-03-08 00:00:00.000000,DEPARTAMENTO,arriendo,owner_direct
PI-2023-03-004598,portalinmobiliario,Macul,Metropolitana,585000,16.71,47.9,2023-03-24 00:00:00.000000,2023-03-29 00:00:00.000000,departamento,Arriendo,owner_direct
PI-2023-03-002575,portalinmobiliario,Santiago,Metropolitana,1025000,29.29,88.6,2023-02-25 00:00:00.000000,2023-03-15 00:00:00.000000,departamento,ARRIENDO,agency
PI-2023-03-001192,portalinmobiliario,Vitacura,Metropolitana,930000,26.57,41.7,2023-02-26 00:00:00.000000,2023-03-08 00:00:00.000000,Departamento,Arriendo,agency
PI-2023-03-004736,portalinmobiliario,Santiago,Metropolitana,520000,14.86,44.8,2023-03-22 00:00:00.000000,2023-03-29 00:00:00.000000,departamento,Arriendo,agency
PI-2023-03-000531,portalinmobiliario,Santiago,Metropolitana,710000,20.29,84.8,2022-11-25 00:00:00.000000,2023-03-01 00:00:00.000000,DEPARTAMENTO,Arriendo,agency
PI-2023-03-004647,portalinmobiliario,Huechuraba,Metropolitana,485000,13.86,5.0,2023-02-13 00:00:00.000000,2023-03-29 00:00:00.000000,DEPARTAMENTO,arriendo,owner_direct
PI-2023-03-000291,portalinmobiliario,Huechuraba,Metropolitana,795000,22.71,67.1,2022-11-16 00:00:00.000000,2023-03-01 00:00:00.000000,DEPARTAMENTO,Arriendo,agency
PI-2023-03-002520,portalinmobiliario,Las Condes,Metropolitana,1630000,46.57,98.4,2023-02-26 00:00:00.000000,2023-03-15 00:00:00.000000,Departamento,ARRIENDO,owner_direct
PI-2023-03-000866,portalinmobiliario,macul,Metropolitana,455000,13.0,28.7,2022-11-26 00:00:00.000000,2023-03-01 00:00:00.000000,departamento,Arriendo,owner_direct
PI-2023-03-001067,portalinmobiliario,Vitacura,Metropolitana,1020000,29.14,36.2,2023-02-09 00:00:00.000000,2023-03-08 00:00:00.000000,departamento,Arriendo,owner_direct
PI-2023-03-002405,portalinmobiliario,Estación Central,Metropolitana,555000,15.86,71.1,2023-02-28 00:00:00.000000,2023-03-15 00:00:00.000000,DEPARTAMENTO,ARRIENDO,agency
PI-2023-03-004584,portalinmobiliario,Providencia,Metropolitana,1260000,36.0,70.2,2023-03-11 00:00:00.000000,2023-03-29 00:00:00.000000,DEPARTAMENTO,ARRIENDO,owner_direct
PI-2023-03-004922,portalinmobiliario,San Miguel,Metropolitana,4815000,137.57,650.0,2023-03-03 00:00:00.000000,2023-03-29 00:00:00.000000,departamento,ARRIENDO,agency
PI-2023-03-002687,portalinmobiliario,Conchalí,Metropolitana,445000,12.71,48.2,2023-03-05 00:00:00.000000,2023-03-15 00:00:00.000000,Departamento,Arriendo,owner_direct
PI-2023-03-003391,portalinmobiliario,Santiago,Metropolitana,575000,16.43,49.1,2022-11-19 00:00:00.000000,2023-03-22 00:00:00.000000,DEPARTAMENTO,ARRIENDO,agency
PI-2023-03-003147,portalinmobiliario,Independencia,Metropolitana,820000,23.43,107.1,2023-03-12 00:00:00.000000,2023-03-22 00:00:00.000000,departamento,ARRIENDO,agency
PI-2023-03-004182,portalinmobiliario,Las Condes,Metropolitana,840000,24.0,37.1,2023-03-19 00:00:00.000000,2023-03-29 00:00:00.000000,departamento,arriendo,owner_direct
PI-2023-03-003483,portalinmobiliario,San Miguel,Metropolitana,425000,12.14,42.1,2023-03-12 00:00:00.000000,2023-03-22 00:00:00.000000,departamento,arriendo,agency
PI-2023-03-003061,portalinmobiliario,Las Condes,Metropolitana,1650000,47.14,99.4,2023-02-21 00:00:00.000000,2023-03-22 00:00:00.000000,departamento,ARRIENDO,agency
PI-2023-03-005091,portalinmobiliario,Peñalolén,Metropolitana,360000,10.29,25.2,2023-02-11 00:00:00.000000,2023-03-29 00:00:00.000000,Departamento,Arriendo,owner_direct
PI-2023-03-001348,portalinmobiliario,Las Condes,Metropolitana,2270000,64.86,145.4,2023-02-14 00:00:00.000000,2023-03-08 00:00:00.000000,Departamento,ARRIENDO,owner_direct
PI-2023-03-003846,portalinmobiliario,Macul,Metropolitana,540000,15.43,36.6,2023-01-17 00:00:00.000000,2023-03-22 00:00:00.000000,DEPARTAMENTO,Arriendo,agency
PI-2023-03-001853,portalinmobiliario,Maipú,Metropolitana,420000,12.0,50.1,2023-01-15 00:00:00.000000,2023-03-08 00:00:00.000000,DEPARTAMENTO,Arriendo,agency
PI-2023-03-002305,portalinmobiliario,La Cisterna,Metropolitana,445000,12.71,42.4,2023-03-10 00:00:00.000000,2023-03-15 00:00:00.000000,departamento,Arriendo,owner_direct
PI-2023-03-000410,portalinmobiliario,SANTIAGO,Metropolitana,560000,16.0,41.5,2023-02-01 00:00:00.000000,2023-03-01 00:00:00.000000,Departamento,ARRIENDO,agency
PI-2023-03-000985,portalinmobiliario,La Florida,Metropolitana,835000,23.86,72.9,2023-02-02 00:00:00.000000,2023-03-08 00:00:00.000000,DEPARTAMENTO,ARRIENDO,agency
PI-2023-03-005039,portalinmobiliario,Estación Central,Metropolitana,485000,13.86,37.2,2023-03-04 00:00:00.000000,2023-03-29 00:00:00.000000,DEPARTAMENTO,Arriendo,agency
PI-2023-03-001301,portalinmobiliario,La Florida,Metropolitana,455000,,51.5,2022-12-13 00:00:00.000000,2023-03-08 00:00:00.000000,departamento,Arriendo,agency
PI-2023-03-004743,portalinmobiliario,La Florida,Metropolitana,525000,15.0,61.0,2023-03-11 00:00:00.000000,2023-03-29 00:00:00.000000,DEPARTAMENTO,ARRIENDO,owner_direct
PI-2023-03-002477,portalinmobiliario,Recoleta,Metropolitana,645000,18.43,67.9,2023-01-24 00:00:00.000000,2023-03-15 00:00:00.000000,departamento,Arriendo,agency
PI-2023-03-000164,portalinmobiliario,Santiago,Metropolitana,605000,17.29,39.8,2023-02-06 00:00:00.000000,2023-03-01 00:00:00.000000,DEPARTAMENTO,ARRIENDO,agency
PI-2023-03-000914,portalinmobiliario,Ñuñoa,Metropolitana,885000,25.29,63.9,2023-01-14 00:00:00.000000,2023-03-01 00:00:00.000000,departamento,arriendo,agency
PI-2023-03-005298,portalinmobiliario,Estación Central,Metropolitana,980000,28.0,119.8,2023-02-12 00:00:00.000000,2023-03-29 00:00:00.000000,DEPARTAMENTO,Arriendo,agency
PI-2023-03-002691,portalinmobiliario,Las Condes,Metropolitana,1170000,33.43,67.8,2023-02-13 00:00:00.000000,2023-03-15 00:00:00.000000,departamento,ARRIENDO,agency
PI-2023-03-001714,portalinmobiliario,Santiago,Metropolitana,655000,,52.7,2023-02-17 00:00:00.000000,2023-03-08 00:00:00.000000,departamento,arriendo,agency
PI-2023-03-004907,portalinmobiliario,La Florida,Metropolitana,515000,14.71,41.7,2023-01-13 00:00:00.000000,2023-03-29 00:00:00.000000,Departamento,arriendo,owner_direct
PI-2023-03-001308,portalinmobiliario,Quinta Normal,Metropolitana,590000,16.86,60.7,2022-11-25 00:00:00.000000,2023-03-08 00:00:00.000000,departamento,arriendo,agency
PI-2023-03-004687,portalinmobiliario,Peñalolén,Metropolitana,575000,16.43,61.2,2023-03-16 00:00:00.000000,2023-03-29 00:00:00.000000,Departamento,arriendo,agency
PI-2023-03-002106,portalinmobiliario,San Miguel,Metropolitana,835000,23.86,110.5,2023-03-03 00:00:00.000000,2023-03-15 00:00:00.000000,departamento,arriendo,agency
PI-2023-03-002088,portalinmobiliario,Estación Central,Metropolitana,730000,20.86,84.7,2023-02-24 00:00:00.000000,2023-03-15 00:00:00.000000,Departamento,arriendo,agency
PI-2023-03-003557,portalinmobiliario,Santiago,Metropolitana,785000,22.43,63.8,2023-02-21 00:00:00.000000,2023-03-22 00:00:00.000000,DEPARTAMENTO,Arriendo,agency
PI-2023-03-000030,portalinmobiliario,Pudahuel,Metropolitana,345000,9.86,31.6,2023-02-14 00:00:00.000000,2023-03-01 00:00:00.000000,departamento,ARRIENDO,agency
PI-2023-03-002091,portalinmobiliario,Lo Barnechea,Metropolitana,1015000,29.0,68.1,2023-02-23 00:00:00.000000,2023-03-15 00:00:00.000000,DEPARTAMENTO,arriendo,owner_direct
PI-2023-03-004989,portalinmobiliario,Independencia,Metropolitana,785000,22.43,91.5,2023-03-10 00:00:00.000000,2023-03-29 00:00:00.000000,departamento,Arriendo,agency
PI-2023-03-002314,portalinmobiliario,Recoleta,Metropolitana,1885000,53.86,48.8,2023-03-02 00:00:00.000000,2023-03-15 00:00:00.000000,Departamento,Arriendo,owner_direct
PI-2023-03-001278,portalinmobiliario,independencia,Metropolitana,390000,11.14,21.7,2022-12-16 00:00:00.000000,2023-03-08 00:00:00.000000,departamento,Arriendo,agency
PI-2023-03-005052,portalinmobiliario,Lo Barnechea,Metropolitana,845000,24.14,48.9,2023-01-06 00:00:00.000000,2023-03-29 00:00:00.000000,departamento,Arriendo,agency
PI-2023-03-003938,portalinmobiliario,Santiago,Metropolitana,525000,15.0,34.4,2023-03-12 00:00:00.000000,2023-03-22 00:00:00.000000,Departamento,Arriendo,agency
PI-2023-03-005248,portalinmobiliario,Recoleta,Metropolitana,580000,16.57,53.5,2022-12-12 00:00:00.000000,2023-03-29 00:00:00.000000,DEPARTAMENTO,ARRIENDO,owner_direct
PI-2023-03-001985,portalinmobiliario,Ñuñoa,Metropolitana,545000,15.57,38.6,2023-02-21 00:00:00.000000,2023-03-15 00:00:00.000000,departamento,Arriendo,agency
PI-2023-03-005127,portalinmobiliario,Puente Alto,Metropolitana,375000,,37.5,2023-03-11 00:00:00.000000,2023-03-29 00:00:00.000000,Departamento,arriendo,owner_direct
PI-2023-03-004193,portalinmobiliario,Providencia,Metropolitana,1240000,35.43,74.5,2022-09-15 00:00:00.000000,2023-03-29 00:00:00.000000,DEPARTAMENTO,arriendo,agency
PI-2023-03-003515,portalinmobiliario,Conchalí,Metropolitana,585000,16.71,71.5,2022-11-28 00:00:00.000000,2023-03-22 00:00:00.000000,Departamento,ARRIENDO,agency
PI-2023-03-000012,portalinmobiliario,La Reina,Metropolitana,730000,20.86,46.6,2023-02-22 00:00:00.000000,2023-03-01 00:00:00.000000,DEPARTAMENTO,arriendo,owner_direct
PI-2023-03-001227,portalinmobiliario,Vitacura,Metropolitana,1625000,46.43,72.2,2023-02-10 00:00:00.000000,2023-03-08 00:00:00.000000,DEPARTAMENTO,Arriendo,agency
PI-2023-03-002252,portalinmobiliario,Santiago,Metropolitana,840000,24.0,81.2,2023-02-24 00:00:00.000000,2023-03-15 00:00:00.000000,Departamento,Arriendo,owner_direct
PI-2023-03-004451,portalinmobiliario,Estación Central,Metropolitana,610000,17.43,63.5,2023-02-18 00:00:00.000000,2023-03-29 00:00:00.000000,departamento,arriendo,agency
PI-2023-03-003205,portalinmobiliario,Providencia,Metropolitana,1335000,38.14,65.9,2023-03-16 00:00:00.000000,2023-03-22 00:00:00.000000,DEPARTAMENTO,arriendo,agency
PI-2023-03-001897,portalinmobiliario,Ñuñoa,Metropolitana,535000,15.29,29.3,2023-01-21 00:00:00.000000,2023-03-08 00:00:00.000000,departamento,Arriendo,agency
PI-2023-03-003594,portalinmobiliario,Macul,Metropolitana,485000,13.86,41.9,2023-03-06 00:00:00.000000,2023-03-22 00:00:00.000000,DEPARTAMENTO,Arriendo,agency
PI-2023-03-003198,portalinmobiliario,Las Condes,Metropolitana,705000,20.14,26.9,2023-03-12 00:00:00.000000,2023-03-22 00:00:00.000000,Departamento,Arriendo,owner_direct
PI-2023-03-003851,portalinmobiliario,Providencia,Metropolitana,1290000,36.86,75.2,2023-02-09 00:00:00.000000,2023-03-22 00:00:00.000000,DEPARTAMENTO,Arriendo,agency
PI-2023-03-003623,portalinmobiliario,San Miguel,Metropolitana,825000,23.57,95.3,2022-10-12 00:00:00.000000,2023-03-22 00:00:00.000000,DEPARTAMENTO,ARRIENDO,owner_direct
PI-2023-03-002098,portalinmobiliario,Macul,Metropolitana,505000,14.43,28.7,2023-03-01 00:00:00.000000,2023-03-15 00:00:00.000000,departamento,arriendo,agency
PI-2023-03-000274,portalinmobiliario,Conchalí,Metropolitana,610000,17.43,66.4,2023-02-19 00:00:00.000000,2023-03-01 00:00:00.000000,departamento,arriendo,agency
PI-2023-03-003578,portalinmobiliario,Providencia,Metropolitana,705000,20.14,27.0,2023-02-24 00:00:00.000000,2023-03-22 00:00:00.000000,departamento,ARRIENDO,agency
PI-2023-03-003752,portalinmobiliario,Santiago,Metropolitana,665000,19.0,53.6,2023-03-08 00:00:00.000000,2023-03-22 00:00:00.000000,DEPARTAMENTO,Arriendo,owner_direct
PI-2023-03-003401,portalinmobiliario,Maipú,Metropolitana,465000,13.29,58.1,2023-02-07 00:00:00.000000,2023-03-22 00:00:00.000000,departamento,ARRIENDO,agency
PI-2023-03-000124,portalinmobiliario,Pudahuel,Metropolitana,615000,17.57,90.7,2023-02-13 00:00:00.000000,2023-03-01 00:00:00.000000,departamento,arriendo,agency
PI-2023-03-000888,portalinmobiliario,ñuñoa,Metropolitana,940000,26.86,78.5,2023-01-30 00:00:00.000000,2023-03-01 00:00:00.000000,Departamento,ARRIENDO,owner_direct
PI-2023-03-002423,portalinmobiliario,Recoleta,Metropolitana,400000,11.43,31.7,2023-01-25 00:00:00.000000,2023-03-15 00:00:00.000000,departamento,arriendo,agency
PI-2023-03-002818,portalinmobiliario,Puente Alto,Metropolitana,490000,14.0,66.3,2023-03-01 00:00:00.000000,2023-03-15 00:00:00.000000,departamento,ARRIENDO,agency
PI-2023-03-001713,portalinmobiliario,Independencia,Metropolitana,530000,15.14,44.0,2023-02-03 00:00:00.000000,2023-03-08 00:00:00.000000,DEPARTAMENTO,Arriendo,owner_direct
PI-2023-03-000913,portalinmobiliario,Maipú,Metropolitana,595000,17.0,58.5,2023-02-13 00:00:00.000000,2023-03-01 00:00:00.000000,departamento,arriendo,agency
PI-2023-03-001608,portalinmobiliario,Las Condes,Metropolitana,1900000,54.29,47.3,2023-02-13 00:00:00.000000,2023-03-08 00:00:00.000000,DEPARTAMENTO,arriendo,agency
PI-2023-03-000150,portalinmobiliario,Huechuraba,Metropolitana,615000,17.57,49.8,2023-02-04 00:00:00.000000,2023-03-01 00:00:00.000000,Departamento,arriendo,agency
PI-2023-03-005043,portalinmobiliario,Lo Barnechea,Metropolitana,995000,28.43,56.1,2023-01-26 00:00:00.000000,2023-03-29 00:00:00.000000,departamento,ARRIENDO,agency
PI-2023-03-005086,portalinmobiliario,Cerrillos,Metropolitana,415000,11.86,35.6,2023-03-20 00:00:00.000000,2023-03-29 00:00:00.000000,departamento,Arriendo,agency
PI-2023-03-004236,portalinmobiliario,San Miguel,Metropolitana,475000,13.57,44.4,2023-02-14 00:00:00.000000,2023-03-29 00:00:00.000000,Departamento,ARRIENDO,agency
PI-2023-03-004790,portalinmobiliario,San Joaquín,Metropolitana,1690000,48.29,74.2,2022-11-20 00:00:00.000000,2023-03-29 00:00:00.000000,departamento,arriendo,agency
PI-2023-03-004302,portalinmobiliario,La Florida,Metropolitana,405000,11.57,5.0,2023-03-23 00:00:00.000000,2023-03-29 00:00:00.000000,Departamento,Arriendo,agency
PI-2023-03-000779,portalinmobiliario,Santiago,Metropolitana,595000,17.0,47.5,2023-01-25 00:00:00.000000,2023-03-01 00:00:00.000000,DEPARTAMENTO,ARRIENDO,owner_direct
PI-2023-03-003916,portalinmobiliario,Macul,Metropolitana,445000,12.71,32.0,2022-08-22 00:00:00.000000,2023-03-22 00:00:00.000000,departamento,arriendo,agency
PI-2023-03-000609,portalinmobiliario,Macul,Metropolitana,560000,16.0,41.4,2023-01-29 00:00:00.000000,2023-03-01 00:00:00.000000,Departamento,ARRIENDO,agency
PI-2023-03-002952,portalinmobiliario,Ñuñoa,Metropolitana,730000,20.86,32.9,2023-02-10 00:00:00.000000,2023-03-22 00:00:00.000000,DEPARTAMENTO,ARRIENDO,owner_direct
PI-2023-03-004213,portalinmobiliario,La Florida,Metropolitana,565000,16.14,59.8,2023-03-18 00:00:00.000000,2023-03-29 00:00:00.000000,Departamento,arriendo,owner_direct
PI-2023-03-002249,portalinmobiliario,Huechuraba,Metropolitana,670000,19.14,58.1,2023-03-14 00:00:00.000000,2023-03-15 00:00:00.000000,departamento,Arriendo,agency
PI-2023-03-000346,portalinmobiliario,Quinta Normal,Metropolitana,780000,22.29,102.6,2023-02-13 00:00:00.000000,2023-03-01 00:00:00.000000,departamento,Arriendo,agency
PI-2023-03-002201,portalinmobiliario,La Florida,Metropolitana,700000,20.0,65.2,2023-02-24 00:00:00.000000,2023-03-15 00:00:00.000000,Departamento,Arriendo,owner_direct
PI-2023-03-001558,portalinmobiliario,Ñuñoa,Metropolitana,6875000,196.43,36.9,2023-01-30 00:00:00.000000,2023-03-08 00:00:00.000000,Departamento,Arriendo,agency
PI-2023-03-005141,portalinmobiliario,Independencia,Metropolitana,800000,22.86,105.1,2022-12-14 00:00:00.000000,2023-03-29 00:00:00.000000,departamento,ARRIENDO,agency
PI-2023-03-005207,portalinmobiliario,La Florida,Metropolitana,610000,17.43,60.4,2023-01-29 00:00:00.000000,2023-03-29 00:00:00.000000,DEPARTAMENTO,ARRIENDO,agency
PI-2023-03-004964,portalinmobiliario,Estación Central,Metropolitana,480000,13.71,56.3,2023-02-22 00:00:00.000000,2023-03-29 00:00:00.000000,Departamento,ARRIENDO,owner_direct
PI-2023-03-004656,portalinmobiliario,Quinta Normal,Metropolitana,460000,13.14,46.3,2023-03-16 00:00:00.000000,2023-03-29 00:00:00.000000,departamento,ARRIENDO,agency
PI-2023-03-000337,portalinmobiliario,Quinta Normal,Metropolitana,380000,10.86,23.2,2023-02-08 00:00:00.000000,2023-03-01 00:00:00.000000,departamento,Arriendo,owner_direct
PI-2023-03-000427,portalinmobiliario,La Florida,Metropolitana,590000,16.86,72.5,2023-02-09 00:00:00.000000,2023-03-01 00:00:00.000000,Departamento,Arriendo,agency
PI-2023-03-001316,portalinmobiliario,Maipú,Metropolitana,380000,10.86,35.6,2023-03-02 00:00:00.000000,2023-03-08 00:00:00.000000,departamento,arriendo,owner_direct
PI-2023-03-003385,portalinmobiliario,Estación Central,Metropolitana,410000,11.71,29.5,2023-02-15 00:00:00.000000,2023-03-22 00:00:00.000000,Departamento,Arriendo,agency
PI-2023-03-002645,portalinmobiliario,Conchalí,Metropolitana,455000,13.0,41.4,2023-03-03 00:00:00.000000,2023-03-15 00:00:00.000000,DEPARTAMENTO,arriendo,agency
PI-2023-03-004381,portalinmobiliario,Las Condes,Metropolitana,990000,28.29,46.9,2023-03-04 00:00:00.000000,2023-03-29 00:00:00.000000,departamento,arriendo,owner_direct
PI-2023-03-002734,portalinmobiliario,La Florida,Metropolitana,380000,10.86,29.7,2023-03-10 00:00:00.000000,2023-03-15 00:00:00.000000,DEPARTAMENTO,arriendo,owner_direct
PI-2023-03-003738,portalinmobiliario,San Miguel,Metropolitana,650000,18.57,59.9,2023-03-02 00:00:00.000000,2023-03-22 00:00:00.000000,departamento,arriendo,agency
PI-2023-03-005079,portalinmobiliario,San Miguel,Metropolitana,590000,16.86,44.2,2023-02-21 00:00:00.000000,2023-03-29 00:00:00.000000,DEPARTAMENTO,Arriendo,owner_direct
PI-2023-03-002170,portalinmobiliario,Estación Central,Metropolitana,620000,17.71,71.1,2022-12-21 00:00:00.000000,2023-03-15 00:00:00.000000,departamento,Arriendo,agency
PI-2023-03-000424,portalinmobiliario,Providencia,Metropolitana,1040000,29.71,66.8,2023-02-02 00:00:00.000000,2023-03-01 00:00:00.000000,Departamento,arriendo,owner_direct
PI-2023-03-000011,portalinmobiliario,Peñalolén,Metropolitana,655000,18.71,67.1,2023-02-22 00:00:00.000000,2023-03-01 00:00:00.000000,Departamento,ARRIENDO,owner_direct
PI-2023-03-000725,portalinmobiliario,Quinta Normal,Metropolitana,505000,14.43,58.7,2023-02-10 00:00:00.000000,2023-03-01 00:00:00.000000,DEPARTAMENTO,ARRIENDO,owner_direct
PI-2023-03-000058,portalinmobiliario,San Miguel,Metropolitana,830000,23.71,73.4,2023-02-16 00:00:00.000000,2023-03-01 00:00:00.000000,DEPARTAMENTO,arriendo,agency
PI-2023-03-000075,portalinmobiliario,San Miguel,Metropolitana,725000,20.71,65.5,2023-01-10 00:00:00.000000,2023-03-01 00:00:00.000000,Departamento,ARRIENDO,owner_direct
PI-2023-03-002159,portalinmobiliario,Macul,Metropolitana,555000,15.86,53.0,2023-02-18 00:00:00.000000,2023-03-15 00:00:00.000000,departamento,arriendo,owner_direct
PI-2023-03-003953,portalinmobiliario,Puente Alto,Metropolitana,345000,9.86,41.6,2023-02-24 00:00:00.000000,2023-03-22 00:00:00.000000,DEPARTAMENTO,ARRIENDO,agency
PI-2023-03-002266,portalinmobiliario,ESTACIÓN CENTRAL,Metropolitana,760000,21.71,83.0,2023-03-02 00:00:00.000000,2023-03-15 00:00:00.000000,Departamento,Arriendo,owner_direct
PI-2023-03-001499,portalinmobiliario,Las Condes,Metropolitana,850000,24.29,32.6,2023-02-21 00:00:00.000000,2023-03-08 00:00:00.000000,DEPARTAMENTO,ARRIENDO,owner_direct
PI-2023-03-001976,portalinmobiliario,Maipú,Metropolitana,420000,12.0,37.1,2023-02-27 00:00:00.000000,2023-03-15 00:00:00.000000,departamento,Arriendo,agency
PI-2023-03-002514,portalinmobiliario,San Miguel,Metropolitana,480000,13.71,40.7,2023-02-14 00:00:00.000000,2023-03-15 00:00:00.000000,departamento,Arriendo,agency
PI-2023-03-000867,portalinmobiliario,Recoleta,Metropolitana,340000,9.71,25.8,2023-02-07 00:00:00.000000,2023-03-01 00:00:00.000000,DEPARTAMENTO,arriendo,owner_direct
PI-2023-03-002082,portalinmobiliario,Santiago,Metropolitana,440000,12.57,25.9,2023-02-02 00:00:00.000000,2023-03-15 00:00:00.000000,departamento,Arriendo,owner_direct
PI-2023-03-004556,portalinmobiliario,Estación Central,Metropolitana,355000,10.14,30.6,2023-03-25 00:00:00.000000,2023-03-29 00:00:00.000000,DEPARTAMENTO,Arriendo,agency
PI-2023-03-002926,portalinmobiliario,Puente Alto,Metropolitana,450000,12.86,59.9,2023-02-10 00:00:00.000000,2023-03-15 00:00:00.000000,DEPARTAMENTO,ARRIENDO,agency
PI-2023-03-003581,portalinmobiliario,Providencia,Metropolitana,720000,20.57,31.4,2023-01-28 00:00:00.000000,2023-03-22 00:00:00.000000,DEPARTAMENTO,ARRIENDO,agency
PI-2023-03-001155,portalinmobiliario,Lo Barnechea,Metropolitana,815000,23.29,53.5,2023-03-05 00:00:00.000000,2023-03-08 00:00:00.000000,DEPARTAMENTO,Arriendo,agency
PI-2023-03-002359,portalinmobiliario,Santiago,Metropolitana,625000,17.86,65.1,2023-02-20 00:00:00.000000,2023-03-15 00:00:00.000000,departamento,arriendo,owner_direct
PI-2023-03-003568,portalinmobiliario,Vitacura,Metropolitana,1135000,32.43,47.2,2023-03-15 00:00:00.000000,2023-03-22 00:00:00.000000,departamento,Arriendo,agency
PI-2023-03-000220,portalinmobiliario,Peñalolén,Metropolitana,490000,14.0,43.6,2023-01-18 00:00:00.000000,2023-03-01 00:00:00.000000,DEPARTAMENTO,ARRIENDO,agency
PI-2023-03-005109,portalinmobiliario,Santiago,Metropolitana,640000,18.29,45.4,2023-02-27 00:00:00.000000,2023-03-29 00:00:00.000000,Departamento,arriendo,agency
PI-2023-03-003598,portalinmobiliario,Recoleta,Metropolitana,605000,17.29,76.1,2023-03-12 00:00:00.000000,2023-03-22 00:00:00.000000,Departamento,ARRIENDO,agency
PI-2023-03-005330,portalinmobiliario,Ñuñoa,Metropolitana,935000,26.71,77.9,2023-01-20 00:00:00.000000,2023-03-29 00:00:00.000000,DEPARTAMENTO,arriendo,agency
PI-2023-03-001295,portalinmobiliario,Santiago,Metropolitana,1015000,29.0,94.4,2022-11-10 00:00:00.000000,2023-03-08 00:00:00.000000,departamento,Arriendo,owner_direct
PI-2023-03-003921,portalinmobiliario,La Florida,Metropolitana,610000,17.43,58.8,2023-02-21 00:00:00.000000,2023-03-22 00:00:00.000000,DEPARTAMENTO,Arriendo,agency
PI-2023-03-000803,portalinmobiliario,Peñalolén,Metropolitana,615000,17.57,61.4,2023-02-20 00:00:00.000000,2023-03-01 00:00:00.000000,DEPARTAMENTO,Arriendo,agency
PI-2023-03-005325,portalinmobiliario,Recoleta,Metropolitana,570000,16.29,56.7,2023-03-20 00:00:00.000000,2023-03-29 00:00:00.000000,DEPARTAMENTO,ARRIENDO,agency
PI-2023-03-004361,portalinmobiliario,Estación Central,Metropolitana,310000,8.86,29.5,2023-03-26 00:00:00.000000,2023-03-29 00:00:00.000000,departamento,ARRIENDO,agency
PI-2023-03-003786,portalinmobiliario,La Florida,Metropolitana,580000,16.57,57.5,2023-03-08 00:00:00.000000,2023-03-22 00:00:00.000000,DEPARTAMENTO,arriendo,owner_direct
PI-2023-03-002019,portalinmobiliario,Macul,Metropolitana,430000,12.29,30.1,2023-02-26 00:00:00.000000,2023-03-15 00:00:00.000000,DEPARTAMENTO,arriendo,agency
PI-2023-03-002740,portalinmobiliario,Providencia,Metropolitana,605000,17.29,26.4,2022-12-24 00:00:00.000000,2023-03-15 00:00:00.000000,DEPARTAMENTO,ARRIENDO,agency
PI-2023-03-004727,portalinmobiliario,Independencia,Metropolitana,330000,9.43,34.8,2023-03-08 00:00:00.000000,2023-03-29 00:00:00.000000,DEPARTAMENTO,arriendo,agency
PI-2023-03-002128,portalinmobiliario,Ñuñoa,Metropolitana,720000,20.57,45.0,2023-01-27 00:00:00.000000,2023-03-15 00:00:00.000000,DEPARTAMENTO,ARRIENDO,owner_direct
PI-2023-03-002229,portalinmobiliario,Santiago,Metropolitana,695000,19.86,62.0,2023-02-16 00:00:00.000000,2023-03-15 00:00:00.000000,DEPARTAMENTO,arriendo,agency
PI-2023-03-003770,portalinmobiliario,Providencia,Metropolitana,1010000,28.86,59.7,2023-03-14 00:00:00.000000,2023-03-22 00:00:00.000000,departamento,arriendo,agency
PI-2023-03-004961,portalinmobiliario,Santiago,Metropolitana,745000,21.29,58.2,2022-12-16 00:00:00.000000,2023-03-29 00:00:00.000000,departamento,arriendo,owner_direct
PI-2023-03-003567,portalinmobiliario, Vitacura,Metropolitana,2140000,61.14,96.4,2023-02-12 00:00:00.000000,2023-03-22 00:00:00.000000,Departamento,Arriendo,agency
PI-2023-03-004786,portalinmobiliario,Estación Central,Metropolitana,620000,17.71,85.9,2023-03-22 00:00:00.000000,2023-03-29 00:00:00.000000,Departamento,ARRIENDO,owner_direct
PI-2023-03-004879,portalinmobiliario,Estación Central,Metropolitana,310000,8.86,27.2,2023-02-20 00:00:00.000000,2023-03-29 00:00:00.000000,DEPARTAMENTO,arriendo,owner_direct
PI-2023-03-002474,portalinmobiliario,Vitacura,Metropolitana,1115000,31.86,69.2,2023-02-28 00:00:00.000000,2023-03-15 00:00:00.000000,Departamento,Arriendo,agency
PI-2023-03-002541,portalinmobiliario,Santiago,Metropolitana,665000,19.0,50.2,2023-02-28 00:00:00.000000,2023-03-15 00:00:00.000000,DEPARTAMENTO,Arriendo,owner_direct
PI-2023-03-004934,portalinmobiliario,San Miguel,Metropolitana,405000,11.57,39.5,2023-03-03 00:00:00.000000,2023-03-29 00:00:00.000000,Departamento,ARRIENDO,agency
PI-2023-03-002971,portalinmobiliario,PROVIDENCIA,Metropolitana,850000,24.29,35.2,2023-03-10 00:00:00.000000,2023-03-22 00:00:00.000000,DEPARTAMENTO,ARRIENDO,agency
PI-2023-03-000434,portalinmobiliario,Lo Barnechea,Metropolitana,620000,17.71,31.9,2023-02-11 00:00:00.000000,2023-03-01 00:00:00.000000,DEPARTAMENTO,arriendo,agency
PI-2023-03-001243,portalinmobiliario,Quilicura,Metropolitana,730000,20.86,104.3,2023-02-01 00:00:00.000000,2023-03-08 00:00:00.000000,DEPARTAMENTO,ARRIENDO,owner_direct
PI-2023-03-000907,portalinmobiliario,Huechuraba,Metropolitana,795000,22.71,52.8,2023-02-25 00:00:00.000000,2023-03-01 00:00:00.000000,Departamento,arriendo,agency
PI-2023-03-003800,portalinmobiliario,Maipú,Metropolitana,415000,11.86,25.3,2023-02-10 00:00:00.000000,2023-03-22 00:00:00.000000,departamento,Arriendo,agency
PI-2023-03-003544,portalinmobiliario,Lo Barnechea,Metropolitana,875000,25.0,66.5,2023-03-02 00:00:00.000000,2023-03-22 00:00:00.000000,Departamento,Arriendo,agency
PI-2023-03-005193,portalinmobiliario,Maipú,Metropolitana,295000,8.43,30.1,2022-11-29 00:00:00.000000,2023-03-29 00:00:00.000000,Departamento,ARRIENDO,agency
PI-2023-03-002865,portalinmobiliario,Providencia,Metropolitana,685000,19.57,31.8,2023-02-09 00:00:00.000000,2023-03-15 00:00:00.000000,departamento,ARRIENDO,agency
PI-2023-03-004906,portalinmobiliario,Pudahuel,Metropolitana,340000,9.71,30.6,2023-03-17 00:00:00.000000,2023-03-29 00:00:00.000000,DEPARTAMENTO,Arriendo,owner_direct
PI-2023-03-004604,portalinmobiliario,San Joaquín,Metropolitana,520000,14.86,64.1,2023-02-28 00:00:00.000000,2023-03-29 00:00:00.000000,Departamento,ARRIENDO,agency
PI-2023-03-002389,portalinmobiliario,Providencia,Metropolitana,1260000,36.0,72.6,2022-11-08 00:00:00.000000,2023-03-15 00:00:00.000000,departamento,Arriendo,agency
PI-2023-03-000737,portalinmobiliario,Independencia,Metropolitana,585000,16.71,61.6,2023-02-19 00:00:00.000000,2023-03-01 00:00:00.000000,departamento,ARRIENDO,agency
PI-2023-03-004021,portalinmobiliario,Independencia,Metropolitana,495000,14.14,38.0,2023-02-17 00:00:00.000000,2023-03-22 00:00:00.000000,DEPARTAMENTO,Arriendo,agency
PI-2023-03-003737,portalinmobiliario,La Cisterna,Metropolitana,410000,11.71,30.7,2023-02-11 00:00:00.000000,2023-03-22 00:00:00.000000,Departamento,arriendo,agency
PI-2023-03-004619,portalinmobiliario,Pudahuel,Metropolitana,400000,11.43,48.1,2023-03-14 00:00:00.000000,2023-03-29 00:00:00.000000,departamento,arriendo,agency
PI-2023-03-003694,portalinmobiliario,Ñuñoa,Metropolitana,1030000,29.43,67.9,2022-11-05 00:00:00.000000,2023-03-22 00:00:00.000000,DEPARTAMENTO,ARRIENDO,owner_direct
PI-2023-03-005371,portalinmobiliario,Macul,Metropolitana,615000,17.57,60.7,2023-02-21 00:00:00.000000,2023-03-29 00:00:00.000000,Departamento,arriendo,owner_direct
PI-2023-03-003016,portalinmobiliario,Estación Central,Metropolitana,615000,17.57,64.9,2023-03-09 00:00:00.000000,2023-03-22 00:00:00.000000,departamento,arriendo,agency
PI-2023-03-000874,portalinmobiliario,La Cisterna,Metropolitana,460000,13.14,39.9,2023-02-26 00:00:00.000000,2023-03-01 00:00:00.000000,DEPARTAMENTO,ARRIENDO,agency
PI-2023-03-000996,portalinmobiliario,Ñuñoa,Metropolitana,825000,23.57,55.0,2023-02-06 00:00:00.000000,2023-03-08 00:00:00.000000,Departamento,arriendo,agency
PI-2023-03-000847,portalinmobiliario,Independencia,Metropolitana,510000,14.57,65.1,2023-02-09 00:00:00.000000,2023-03-01 00:00:00.000000,Departamento,Arriendo,agency
PI-2023-03-001337,portalinmobiliario,Las Condes,Metropolitana,745000,21.29,44.6,2023-03-02 00:00:00.000000,2023-03-08 00:00:00.000000,DEPARTAMENTO,Arriendo,agency
PI-2023-03-002187,portalinmobiliario,Maipú,Metropolitana,395000,11.29,48.4,2023-02-21 00:00:00.000000,2023-03-15 00:00:00.000000,departamento,arriendo,agency
PI-2023-03-000041,portalinmobiliario,Santiago,Metropolitana,770000,22.0,67.2,2023-01-26 00:00:00.000000,2023-03-01 00:00:00.000000,Departamento,arriendo,agency
PI-2023-03-001498,portalinmobiliario,RENCA,Metropolitana,400000,11.43,39.2,2023-02-18 00:00:00.000000,2023-03-08 00:00:00.000000,Departamento,Arriendo,agency
PI-2023-03-004170,portalinmobiliario,PEÑALOLÉN,Metropolitana,650000,18.57,64.8,2023-02-17 00:00:00.000000,2023-03-29 00:00:00.000000,Departamento,ARRIENDO,agency
PI-2023-03-003843,portalinmobiliario,Maipú,Metropolitana,420000,12.0,42.3,2023-03-07 00:00:00.000000,2023-03-22 00:00:00.000000,DEPARTAMENTO,Arriendo,owner_direct
PI-2023-03-000849,portalinmobiliario,Peñalolén,Metropolitana,500000,14.29,46.2,2023-02-17 00:00:00.000000,2023-03-01 00:00:00.000000,DEPARTAMENTO,Arriendo,agency
PI-2023-03-004099,portalinmobiliario,La Florida,Metropolitana,515000,14.71,43.6,2023-03-12 00:00:00.000000,2023-03-29 00:00:00.000000,Departamento,ARRIENDO,agency
PI-2023-03-005206,portalinmobiliario,Puente Alto,Metropolitana,300000,8.57,31.4,2023-02-23 00:00:00.000000,2023-03-29 00:00:00.000000,departamento,arriendo,owner_direct
PI-2023-03-000641,portalinmobiliario,Santiago,Metropolitana,1925000,55.0,35.6,2023-02-15 00:00:00.000000,2023-03-01 00:00:00.000000,departamento,arriendo,owner_direct
PI-2023-03-002438,portalinmobiliario,San Miguel,Metropolitana,510000,14.57,40.8,2023-03-01 00:00:00.000000,2023-03-15 00:00:00.000000,Departamento,Arriendo,agency
PI-2023-03-005167,portalinmobiliario,MAIPÚ,Metropolitana,340000,9.71,23.0,2023-03-16 00:00:00.000000,2023-03-29 00:00:00.000000,Departamento,arriendo,owner_direct
PI-2023-03-004750,portalinmobiliario,Ñuñoa,Metropolitana,985000,28.14,85.7,2023-02-12 00:00:00.000000,2023-03-29 00:00:00.000000,Departamento,arriendo,agency
PI-2023-03-000206,portalinmobiliario,Peñalolén,Metropolitana,700000,20.0,68.4,2023-01-23 00:00:00.000000,2023-03-01 00:00:00.000000,DEPARTAMENTO,ARRIENDO,owner_direct
PI-2023-03-001981,portalinmobiliario,Estación Central,Metropolitana,680000,19.43,95.7,2023-01-30 00:00:00.000000,2023-03-15 00:00:00.000000,departamento,arriendo,agency
PI-2023-03-003573,portalinmobiliario,Ñuñoa,Metropolitana,595000,17.0,25.6,2022-09-22 00:00:00.000000,2023-03-22 00:00:00.000000,departamento,Arriendo,agency
PI-2023-03-000966,portalinmobiliario,Las Condes,Metropolitana,975000,27.86,44.2,2023-02-05 00:00:00.000000,2023-03-08 00:00:00.000000,departamento,ARRIENDO,agency
PI-2023-03-001643,portalinmobiliario,Santiago,Metropolitana,595000,17.0,37.2,2023-02-14 00:00:00.000000,2023-03-08 00:00:00.000000,Departamento,ARRIENDO,agency
PI-2023-03-000174,portalinmobiliario,La Reina,Metropolitana,920000,26.29,60.8,2023-02-20 00:00:00.000000,2023-03-01 00:00:00.000000,departamento,ARRIENDO,agency
PI-2023-03-004062,portalinmobiliario,Las Condes,Metropolitana,895000,25.57,43.5,2023-02-23 00:00:00.000000,2023-03-22 00:00:00.000000,departamento,Arriendo,agency
PI-2023-03-002642,portalinmobiliario,San Miguel,Metropolitana,540000,15.43,37.7,2023-03-11 00:00:00.000000,2023-03-15 00:00:00.000000,Departamento,arriendo,owner_direct
PI-2023-03-002434,portalinmobiliario,Quinta Normal,Metropolitana,490000,14.0,45.1,2023-03-07 00:00:00.000000,2023-03-15 00:00:00.000000,departamento,arriendo,agency
PI-2023-03-003930,portalinmobiliario,Huechuraba,Metropolitana,575000,16.43,49.6,2023-03-12 00:00:00.000000,2023-03-22 00:00:00.000000,departamento,arriendo,owner_direct
PI-2023-03-004110,portalinmobiliario,Peñalolén,Metropolitana,625000,17.86,49.2,2023-02-14 00:00:00.000000,2023-03-29 00:00:00.000000,DEPARTAMENTO,ARRIENDO,owner_direct
PI-2023-03-000851,portalinmobiliario,Las Condes,Metropolitana,925000,26.43,61.4,2022-12-24 00:00:00.000000,2023-03-01 00:00:00.000000,DEPARTAMENTO,arriendo,agency
PI-2023-03-000155,portalinmobiliario,Santiago,Metropolitana,575000,16.43,37.8,2023-01-27 00:00:00.000000,2023-03-01 00:00:00.000000,Departamento,arriendo,owner_direct
PI-2023-03-000460,portalinmobiliario,Estación Central,Metropolitana,435000,12.43,44.1,2023-02-12 00:00:00.000000,2023-03-01 00:00:00.000000,DEPARTAMENTO,ARRIENDO,agency
PI-2023-03-000252,portalinmobiliario,Maipú,Metropolitana,425000,12.14,37.8,2023-01-07 00:00:00.000000,2023-03-01 00:00:00.000000,DEPARTAMENTO,arriendo,owner_direct
PI-2023-03-005054,portalinmobiliario,Las Condes,Metropolitana,890000,25.43,38.3,2023-01-31 00:00:00.000000,2023-03-29 00:00:00.000000,DEPARTAMENTO,Arriendo,agency
PI-2023-03-002053,portalinmobiliario,Macul,Metropolitana,565000,16.14,35.7,2023-01-30 00:00:00.000000,2023-03-15 00:00:00.000000,Departamento,arriendo,agency
PI-2023-03-001972,portalinmobiliario,quinta normal,Metropolitana,400000,11.43,33.0,2023-02-26 00:00:00.000000,2023-03-15 00:00:00.000000,DEPARTAMENTO,ARRIENDO,agency
PI-2023-03-002096,portalinmobiliario,Ñuñoa,Metropolitana,790000,22.57,55.2,2023-02-07 00:00:00.000000,2023-03-15 00:00:00.000000,DEPARTAMENTO,Arriendo,agency
PI-2023-03-004644,portalinmobiliario,Huechuraba,Metropolitana,725000,20.71,62.3,2023-03-21 00:00:00.000000,2023-03-29 00:00:00.000000,Departamento,ARRIENDO,agency
PI-2023-03-002584,portalinmobiliario,Pudahuel,Metropolitana,365000,10.43,38.7,2023-02-07 00:00:00.000000,2023-03-15 00:00:00.000000,DEPARTAMENTO,ARRIENDO,agency
PI-2023-03-003497,portalinmobiliario,La Reina,Metropolitana,740000,21.14,39.8,2023-03-11 00:00:00.000000,2023-03-22 00:00:00.000000,departamento,Arriendo,owner_direct
PI-2023-03-003106,portalinmobiliario, Maipú,Metropolitana,445000,12.71,48.5,2023-03-11 00:00:00.000000,2023-03-22 00:00:00.000000,Departamento,arriendo,agency
PI-2023-03-002488,portalinmobiliario,La Cisterna,Metropolitana,540000,15.43,43.8,2023-03-04 00:00:00.000000,2023-03-15 00:00:00.000000,Departamento,ARRIENDO,agency
PI-2023-03-003877,portalinmobiliario,Recoleta,Metropolitana,385000,11.0,28.6,2023-03-16 00:00:00.000000,2023-03-22 00:00:00.000000,departamento,Arriendo,agency
PI-2023-03-003765,portalinmobiliario,San Miguel,Metropolitana,490000,14.0,41.6,2023-03-10 00:00:00.000000,2023-03-22 00:00:00.000000,DEPARTAMENTO,ARRIENDO,owner_direct
PI-2023-03-000868,portalinmobiliario,Las Condes,Metropolitana,1240000,35.43,65.5,2023-02-07 00:00:00.000000,2023-03-01 00:00:00.000000,departamento,Arriendo,agency
PI-2023-03-000738,portalinmobiliario,Santiago,Metropolitana,500000,14.29,35.0,2023-02-08 00:00:00.000000,2023-03-01 00:00:00.000000,DEPARTAMENTO,Arriendo,agency
PI-2023-03-003389,portalinmobiliario,Independencia ,Metropolitana,430000,12.29,36.7,2023-03-07 00:00:00.000000,2023-03-22 00:00:00.000000,Departamento,ARRIENDO,agency
PI-2023-03-003397,portalinmobiliario,Estación Central,Metropolitana,450000,12.86,37.4,2023-03-11 00:00:00.000000,2023-03-22 00:00:00.000000,Departamento,Arriendo,owner_direct
PI-2023-03-002611,portalinmobiliario,Peñalolén,Metropolitana,490000,14.0,41.2,2023-02-16 00:00:00.000000,2023-03-15 00:00:00.000000,DEPARTAMENTO,ARRIENDO,agency
PI-2023-03-003651,portalinmobiliario,Peñalolén,Metropolitana,425000,12.14,22.4,2023-01-27 00:00:00.000000,2023-03-22 00:00:00.000000,departamento,arriendo,agency
PI-2023-03-002512,portalinmobiliario,La Cisterna,Metropolitana,425000,12.14,42.5,2023-02-25 00:00:00.000000,2023-03-15 00:00:00.000000,Departamento,ARRIENDO,agency
PI-2023-03-004958,portalinmobiliario,Santiago,Metropolitana,610000,17.43,54.6,2023-02-20 00:00:00.000000,2023-03-29 00:00:00.000000,Departamento,Arriendo,owner_direct
PI-2023-03-002565,portalinmobiliario,Independencia,Metropolitana,350000,10.0,31.8,2023-01-12 00:00:00.000000,2023-03-15 00:00:00.000000,departamento,Arriendo,agency
PI-2023-03-000034,portalinmobiliario,Santiago,Metropolitana,415000,11.86,30.9,2023-02-04 00:00:00.000000,2023-03-01 00:00:00.000000,Departamento,arriendo,agency
PI-2023-03-001447,portalinmobiliario,Santiago,Metropolitana,515000,14.71,5.0,2022-09-22 00:00:00.000000,2023-03-08 00:00:00.000000,departamento,arriendo,owner_direct
PI-2023-03-004492,portalinmobiliario,Santiago,Metropolitana,565000,16.14,43.0,2023-03-02 00:00:00.000000,2023-03-29 00:00:00.000000,DEPARTAMENTO,Arriendo,owner_direct
PI-2023-03-000767,portalinmobiliario,San Miguel,Metropolitana,600000,17.14,61.4,2023-02-26 00:00:00.000000,2023-03-01 00:00:00.000000,DEPARTAMENTO,Arriendo,owner_direct
PI-2023-03-003775,portalinmobiliario,Ñuñoa,Metropolitana,625000,17.86,46.3,2023-03-06 00:00:00.000000,2023-03-22 00:00:00.000000,DEPARTAMENTO,arriendo,owner_direct
PI-2023-03-005157,portalinmobiliario,La Florida,Metropolitana,645000,18.43,59.5,2023-03-06 00:00:00.000000,2023-03-29 00:00:00.000000,Departamento,ARRIENDO,agency
PI-2023-03-002769,portalinmobiliario,Providencia,Metropolitana,705000,20.14,31.5,2022-12-12 00:00:00.000000,2023-03-15 00:00:00.000000,departamento,Arriendo,agency
PI-2023-03-003942,portalinmobiliario,Lo Barnechea,Metropolitana,1685000,48.14,114.2,2023-03-15 00:00:00.000000,2023-03-22 00:00:00.000000,DEPARTAMENTO,arriendo,agency
PI-2023-03-003507,portalinmobiliario,SANTIAGO,Metropolitana,495000,14.14,42.0,2023-02-15 00:00:00.000000,2023-03-22 00:00:00.000000,departamento,ARRIENDO,owner_direct
PI-2023-03-001900,portalinmobiliario,San Miguel,Metropolitana,670000,19.14,53.0,2023-02-13 00:00:00.000000,2023-03-08 00:00:00.000000,Departamento,ARRIENDO,agency
PI-2023-03-003612,portalinmobiliario,Huechuraba,Metropolitana,550000,15.71,44.6,2023-03-13 00:00:00.000000,2023-03-22 00:00:00.000000,DEPARTAMENTO,Arriendo,agency
PI-2023-03-002867,portalinmobiliario,Santiago,Metropolitana,740000,21.14,54.6,2023-02-08 00:00:00.000000,2023-03-15 00:00:00.000000,Departamento,Arriendo,owner_direct
PI-2023-03-005013,portalinmobiliario,Providencia,Metropolitana,1080000,30.86,59.5,2023-03-07 00:00:00.000000,2023-03-29 00:00:00.000000,Departamento,Arriendo,agency
PI-2023-03-000106,portalinmobiliario,Conchalí,Metropolitana,610000,17.43,88.5,2023-02-14 00:00:00.000000,2023-03-01 00:00:00.000000,departamento,ARRIENDO,agency
PI-2023-03-000722,portalinmobiliario,Santiago,Metropolitana,570000,16.29,54.7,2023-02-18 00:00:00.000000,2023-03-01 00:00:00.000000,DEPARTAMENTO,arriendo,owner_direct
PI-2023-03-003274,portalinmobiliario,Huechuraba,Metropolitana,520000,14.86,42.1,2023-03-09 00:00:00.000000,2023-03-22 00:00:00.000000,departamento,Arriendo,agency
PI-2023-03-003093,portalinmobiliario,San Miguel,Metropolitana,710000,20.29,71.9,2023-02-19 00:00:00.000000,2023-03-22 00:00:00.000000,Departamento,arriendo,agency
PI-2023-03-000673,portalinmobiliario,San Miguel,Metropolitana,780000,22.29,79.5,2023-02-17 00:00:00.000000,2023-03-01 00:00:00.000000,Departamento,Arriendo,agency
PI-2023-03-000127,portalinmobiliario,Santiago,Metropolitana,900000,25.71,105.6,2022-12-10 00:00:00.000000,2023-03-01 00:00:00.000000,DEPARTAMENTO,arriendo,agency
PI-2023-03-001903,portalinmobiliario,Las Condes,Metropolitana,890000,25.43,33.2,2023-02-19 00:00:00.000000,2023-03-08 00:00:00.000000,Departamento,Arriendo,agency
PI-2023-03-002984,portalinmobiliario,Providencia,Metropolitana,1135000,32.43,52.5,2023-01-13 00:00:00.000000,2023-03-22 00:00:00.000000,Departamento,Arriendo,agency
PI-2023-03-002831,portalinmobiliario,Maipú,Metropolitana,470000,13.43,52.4,2022-09-15 00:00:00.000000,2023-03-15 00:00:00.000000,Departamento,arriendo,agency
PI-2023-03-003333,portalinmobiliario,Estación Central,Metropolitana,340000,9.71,27.9,2023-02-27 00:00:00.000000,2023-03-22 00:00:00.000000,DEPARTAMENTO,Arriendo,owner_direct
PI-2023-03-005088,portalinmobiliario,Las Condes,Metropolitana,990000,28.29,45.6,2023-02-28 00:00:00.000000,2023-03-29 00:00:00.000000,Departamento,Arriendo,agency
PI-2023-03-005031,portalinmobiliario,Macul,Metropolitana,410000,11.71,28.8,2023-03-25 00:00:00.000000,2023-03-29 00:00:00.000000,Departamento,ARRIENDO,owner_direct
PI-2023-03-000892,portalinmobiliario,Macul,Metropolitana,540000,15.43,36.8,2023-01-18 00:00:00.000000,2023-03-01 00:00:00.000000,Departamento,ARRIENDO,agency
PI-2023-03-002735,portalinmobiliario,Cerrillos,Metropolitana,600000,17.14,51.3,2023-02-24 00:00:00.000000,2023-03-15 00:00:00.000000,departamento,ARRIENDO,agency
PI-2023-03-002166,portalinmobiliario,Las Condes,Metropolitana,1095000,31.29,65.0,2023-02-18 00:00:00.000000,2023-03-15 00:00:00.000000,DEPARTAMENTO,Arriendo,agency
PI-2023-03-001056,portalinmobiliario,Santiago,Metropolitana,500000,14.29,27.6,2023-03-02 00:00:00.000000,2023-03-08 00:00:00.000000,departamento,arriendo,owner_direct
PI-2023-03-002185,portalinmobiliario,Santiago,Metropolitana,350000,10.0,24.1,2023-03-06 00:00:00.000000,2023-03-15 00:00:00.000000,departamento,ARRIENDO,agency
PI-2023-03-001750,portalinmobiliario,Estación Central ,Metropolitana,640000,18.29,55.9,2022-09-27 00:00:00.000000,2023-03-08 00:00:00.000000,DEPARTAMENTO,arriendo,owner_direct
PI-2023-03-000635,portalinmobiliario,Conchalí,Metropolitana,470000,13.43,55.5,2023-02-27 00:00:00.000000,2023-03-01 00:00:00.000000,Departamento,Arriendo,owner_direct
PI-2023-03-004391,portalinmobiliario,Huechuraba,Metropolitana,680000,19.43,47.1,2023-03-13 00:00:00.000000,2023-03-29 00:00:00.000000,departamento,arriendo,agency
PI-2023-03-002443,portalinmobiliario,Renca,Metropolitana,395000,11.29,34.5,2023-01-20 00:00:00.000000,2023-03-15 00:00:00.000000,DEPARTAMENTO,arriendo,owner_direct
PI-2023-03-004931,portalinmobiliario,La Florida,Metropolitana,595000,17.0,45.9,2023-03-04 00:00:00.000000,2023-03-29 00:00:00.000000,departamento,ARRIENDO,agency
PI-2023-03-002703,portalinmobiliario,Santiago,Metropolitana,470000,13.43,40.4,2023-01-28 00:00:00.000000,2023-03-15 00:00:00.000000,departamento,Arriendo,agency
PI-2023-03-005222,portalinmobiliario,Vitacura,Metropolitana,1770000,50.57,97.7,2023-03-23 00:00:00.000000,2023-03-29 00:00:00.000000,DEPARTAMENTO,arriendo,owner_direct
PI-2023-03-003538,portalinmobiliario,Conchalí,Metropolitana,540000,,62.9,2023-03-16 00:00:00.000000,2023-03-22 00:00:00.000000,DEPARTAMENTO,Arriendo,agency
PI-2023-03-001973,portalinmobiliario,Estación Central,Metropolitana,625000,17.86,71.0,2023-02-13 00:00:00.000000,2023-03-15 00:00:00.000000,departamento,Arriendo,agency
PI-2023-03-002962,portalinmobiliario,Santiago,Metropolitana,625000,17.86,56.9,2023-02-10 00:00:00.000000,2023-03-22 00:00:00.000000,departamento,Arriendo,agency
PI-2023-03-000445,portalinmobiliario,Santiago,Metropolitana,1240000,35.43,135.7,2023-02-05 00:00:00.000000,2023-03-01 00:00:00.000000,Departamento,ARRIENDO,agency
PI-2023-03-003532,portalinmobiliario,Recoleta,Metropolitana,505000,14.43,55.3,2023-01-25 00:00:00.000000,2023-03-22 00:00:00.000000,departamento,arriendo,agency
PI-2023-03-004514,portalinmobiliario,Santiago,Metropolitana,760000,21.71,79.2,2023-03-11 00:00:00.000000,2023-03-29 00:00:00.000000,Departamento,arriendo,agency
PI-2023-03-005110,portalinmobiliario,San Miguel,Metropolitana,655000,18.71,57.2,2023-03-09 00:00:00.000000,2023-03-29 00:00:00.000000,departamento,Arriendo,owner_direct
PI-2023-03-002506,portalinmobiliario,Providencia,Metropolitana,1180000,33.71,70.1,2023-02-13 00:00:00.000000,2023-03-15 00:00:00.000000,DEPARTAMENTO,ARRIENDO,agency
PI-2023-03-001021,portalinmobiliario,Conchalí,Metropolitana,400000,11.43,34.4,2023-01-14 00:00:00.000000,2023-03-08 00:00:00.000000,Departamento,arriendo,owner_direct
PI-2023-03-005285,portalinmobiliario,Macul,Metropolitana,415000,11.86,28.5,2023-02-23 00:00:00.000000,2023-03-29 00:00:00.000000,DEPARTAMENTO,Arriendo,owner_direct
PI-2023-03-002213,portalinmobiliario,Independencia,Metropolitana,535000,15.29,61.8,2023-03-10 00:00:00.000000,2023-03-15 00:00:00.000000,departamento,arriendo,agency
PI-2023-03-000497,portalinmobiliario,Quinta Normal,Metropolitana,555000,15.86,43.7,2022-12-01 00:00:00.000000,2023-03-01 00:00:00.000000,departamento,arriendo,owner_direct
PI-2023-03-005301,portalinmobiliario,Santiago,Metropolitana,710000,20.29,58.2,2023-02-27 00:00:00.000000,2023-03-29 00:00:00.000000,departamento,ARRIENDO,agency
PI-2023-03-001910,portalinmobiliario,La Cisterna,Metropolitana,485000,13.86,39.5,2023-02-07 00:00:00.000000,2023-03-15 00:00:00.000000,Departamento,ARRIENDO,agency
PI-2023-03-002797,portalinmobiliario,Santiago,Metropolitana,705000,20.14,60.5,2023-02-14 00:00:00.000000,2023-03-15 00:00:00.000000,departamento,ARRIENDO,owner_direct
PI-2023-03-001648,portalinmobiliario,Las Condes,Metropolitana,975000,27.86,46.3,2023-02-12 00:00:00.000000,2023-03-08 00:00:00.000000,DEPARTAMENTO,Arriendo,owner_direct
PI-2023-03-004092,portalinmobiliario,San Miguel,Metropolitana,605000,17.29,61.3,2023-03-20 00:00:00.000000,2023-03-29 00:00:00.000000,DEPARTAMENTO,Arriendo,agency
PI-2023-03-004349,portalinmobiliario, La Reina,Metropolitana,835000,23.86,54.1,2023-02-11 00:00:00.000000,2023-03-29 00:00:00.000000,Departamento,ARRIENDO,agency
PI-2023-03-000015,portalinmobiliario,Peñalolén,Metropolitana,365000,10.43,30.8,2023-02-27 00:00:00.000000,2023-03-01 00:00:00.000000,Departamento,ARRIENDO,owner_direct
PI-2023-03-000103,portalinmobiliario,Vitacura,Metropolitana,1175000,33.57,41.4,2023-01-19 00:00:00.000000,2023-03-01 00:00:00.000000,departamento,Arriendo,agency
PI-2023-03-000355,portalinmobiliario,La Florida,Metropolitana,500000,14.29,40.3,2023-01-25 00:00:00.000000,2023-03-01 00:00:00.000000,departamento,arriendo,agency
PI-2023-03-000600,portalinmobiliario,Peñalolén,Metropolitana,490000,14.0,36.3,2023-01-21 00:00:00.000000,2023-03-01 00:00:00.000000,Departamento,arriendo,owner_direct
PI-2023-03-000756,portalinmobiliario,Estación Central,Metropolitana,1660000,47.43,48.0,2023-02-25 00:00:00.000000,2023-03-01 00:00:00.000000,DEPARTAMENTO,arriendo,agency
PI-2023-03-000567,portalinmobiliario,Macul,Metropolitana,675000,19.29,66.3,2023-02-16 00:00:00.000000,2023-03-01 00:00:00.000000,Departamento,arriendo,agency
PI-2023-03-002985,portalinmobiliario,Providencia,Metropolitana,960000,27.43,39.1,2023-01-31 00:00:00.000000,2023-03-22 00:00:00.000000,DEPARTAMENTO,arriendo,owner_direct
PI-2023-03-000670,portalinmobiliario,Macul,Metropolitana,575000,16.43,50.1,2023-02-01 00:00:00.000000,2023-03-01 00:00:00.000000,DEPARTAMENTO,ARRIENDO,agency
PI-2023-03-005203,portalinmobiliario,Peñalolén,Metropolitana,580000,16.57,58.9,2023-03-09 00:00:00.000000,2023-03-29 00:00:00.000000,Departamento,ARRIENDO,agency
PI-2023-03-003978,portalinmobiliario,San Miguel,Metropolitana,560000,16.0,44.3,2023-03-14 00:00:00.000000,2023-03-22 00:00:00.000000,departamento,arriendo,agency
PI-2023-03-004289,portalinmobiliario,La Florida,Metropolitana,545000,15.57,43.0,2022-11-24 00:00:00.000000,2023-03-29 00:00:00.000000,DEPARTAMENTO,Arriendo,agency
PI-2023-03-000281,portalinmobiliario,Macul,Metropolitana,640000,18.29,64.1,2023-02-22 00:00:00.000000,2023-03-01 00:00:00.000000,Departamento,ARRIENDO,agency
PI-2023-03-004820,portalinmobiliario,San Miguel,Metropolitana,530000,15.14,46.9,2023-03-23 00:00:00.000000,2023-03-29 00:00:00.000000,departamento,Arriendo,agency
PI-2023-03-000801,portalinmobiliario,La Florida,Metropolitana,885000,25.29,104.7,2023-02-26 00:00:00.000000,2023-03-01 00:00:00.000000,departamento,ARRIENDO,owner_direct
PI-2023-03-004037,portalinmobiliario,Peñalolén,Metropolitana,495000,14.14,37.6,2023-01-20 00:00:00.000000,2023-03-22 00:00:00.000000,departamento,Arriendo,agency
PI-2023-03-003317,portalinmobiliario,Macul,Metropolitana,955000,27.29,84.0,2023-03-17 00:00:00.000000,2023-03-22 00:00:00.000000,DEPARTAMENTO,ARRIENDO,owner_direct
PI-2023-03-002564,portalinmobiliario,La Cisterna,Metropolitana,785000,22.43,98.5,2023-03-01 00:00:00.000000,2023-03-15 00:00:00.000000,departamento,Arriendo,owner_direct
PI-2023-03-000727,portalinmobiliario,Maipú,Metropolitana,420000,12.0,27.4,2023-02-10 00:00:00.000000,2023-03-01 00:00:00.000000,DEPARTAMENTO,Arriendo,agency
PI-2023-03-003534,portalinmobiliario,Recoleta,Metropolitana,435000,12.43,34.3,2023-03-02 00:00:00.000000,2023-03-22 00:00:00.000000,Departamento,ARRIENDO,agency
PI-2023-03-000449,portalinmobiliario,San Joaquín,Metropolitana,625000,17.86,86.3,2023-01-19 00:00:00.000000,2023-03-01 00:00:00.000000,departamento,arriendo,agency
PI-2023-03-005266,portalinmobiliario,Las Condes,Metropolitana,1030000,29.43,51.6,2023-02-16 00:00:00.000000,2023-03-29 00:00:00.000000,Departamento,ARRIENDO,owner_direct
PI-2023-03-000937,portalinmobiliario,La Florida,Metropolitana,775000,22.14,86.0,2023-01-21 00:00:00.000000,2023-03-01 00:00:00.000000,Departamento,ARRIENDO,owner_direct
PI-2023-03-002415,portalinmobiliario,Puente Alto,Metropolitana,510000,14.57,50.6,2023-03-12 00:00:00.000000,2023-03-15 00:00:00.000000,departamento,Arriendo,owner_direct
PI-2023-03-005062,portalinmobiliario,La Florida,Metropolitana,430000,12.29,30.5,2023-03-05 00:00:00.000000,2023-03-29 00:00:00.000000,DEPARTAMENTO,Arriendo,agency
PI-2023-03-002355,portalinmobiliario,Providencia,Metropolitana,995000,28.43,63.8,2023-02-02 00:00:00.000000,2023-03-15 00:00:00.000000,Departamento,Arriendo,agency
PI-2023-03-004633,portalinmobiliario,Independencia,Metropolitana,460000,13.14,39.8,2023-02-24 00:00:00.000000,2023-03-29 00:00:00.000000,Departamento,Arriendo,agency
PI-2023-03-000993,portalinmobiliario,Pudahuel,Metropolitana,500000,14.29,64.3,2023-03-03 00:00:00.000000,2023-03-08 00:00:00.000000,departamento,ARRIENDO,owner_direct
PI-2023-03-001453,portalinmobiliario,La Florida,Metropolitana,550000,15.71,56.5,2023-03-06 00:00:00.000000,2023-03-08 00:00:00.000000,departamento,arriendo,agency
PI-2023-03-000728,portalinmobiliario,San Miguel,Metropolitana,475000,13.57,35.5,2023-02-10 00:00:00.000000,2023-03-01 00:00:00.000000,departamento,arriendo,agency
PI-2023-03-003720,portalinmobiliario,Providencia,Metropolitana,7330000,209.43,35.7,2023-03-18 00:00:00.000000,2023-03-22 00:00:00.000000,Departamento,ARRIENDO,agency
PI-2023-03-004808,portalinmobiliario,Macul,Metropolitana,445000,12.71,30.9,2023-03-22 00:00:00.000000,2023-03-29 00:00:00.000000,Departamento,Arriendo,owner_direct
PI-2023-03-003377,portalinmobiliario,Independencia,Metropolitana,505000,14.43,42.0,2023-02-13 00:00:00.000000,2023-03-22 00:00:00.000000,departamento,Arriendo,owner_direct
PI-2023-03-003722,portalinmobiliario,Recoleta,Metropolitana,555000,15.86,74.6,2023-02-07 00:00:00.000000,2023-03-22 00:00:00.000000,Departamento,ARRIENDO,agency
PI-2023-03-000172,portalinmobiliario,Huechuraba,Metropolitana,725000,20.71,65.8,2023-02-13 00:00:00.000000,2023-03-01 00:00:00.000000,DEPARTAMENTO,arriendo,agency
PI-2023-03-000607,portalinmobiliario,Huechuraba,Metropolitana,495000,14.14,43.6,2023-01-29 00:00:00.000000,2023-03-01 00:00:00.000000,DEPARTAMENTO,arriendo,owner_direct
PI-2023-03-001641,portalinmobiliario,Las Condes,Metropolitana,755000,21.57,34.6,2023-02-07 00:00:00.000000,2023-03-08 00:00:00.000000,Departamento,arriendo,agency
PI-2023-03-000835,portalinmobiliario,Maipú,Metropolitana,660000,18.86,79.5,2023-02-01 00:00:00.000000,2023-03-01 00:00:00.000000,DEPARTAMENTO,Arriendo,owner_direct
PI-2023-03-002292,portalinmobiliario,Macul,Metropolitana,475000,13.57,38.3,2023-03-09 00:00:00.000000,2023-03-15 00:00:00.000000,departamento,ARRIENDO,owner_direct
PI-2023-03-002222,portalinmobiliario,La Cisterna,Metropolitana,450000,12.86,29.2,2023-03-03 00:00:00.000000,2023-03-15 00:00:00.000000,DEPARTAMENTO,Arriendo,agency
PI-2023-03-003349,portalinmobiliario,Las Condes,Metropolitana,1550000,44.29,85.0,2023-02-18 00:00:00.000000,2023-03-22 00:00:00.000000,DEPARTAMENTO,Arriendo,owner_direct
PI-2023-03-002047,portalinmobiliario,Recoleta,Metropolitana,435000,12.43,40.4,2023-02-24 00:00:00.000000,2023-03-15 00:00:00.000000,DEPARTAMENTO,Arriendo,owner_direct
PI-2023-03-001920,portalinmobiliario,Independencia,Metropolitana,500000,14.29,49.4,2023-03-05 00:00:00.000000,2023-03-15 00:00:00.000000,Departamento,ARRIENDO,agency
PI-2023-03-000299,portalinmobiliario,Puente Alto,Metropolitana,360000,10.29,42.2,2023-02-22 00:00:00.000000,2023-03-01 00:00:00.000000,departamento,arriendo,agency
PI-2023-03-003418,portalinmobiliario,Quilicura,Metropolitana,520000,14.86,56.5,2023-02-06 00:00:00.000000,2023-03-22 00:00:00.000000,Departamento,ARRIENDO,agency
PI-2023-03-002407,portalinmobiliario,Independencia,Metropolitana,455000,13.0,58.3,2022-11-27 00:00:00.000000,2023-03-15 00:00:00.000000,Departamento,Arriendo,agency
PI-2023-03-005146,portalinmobiliario,Vitacura,Metropolitana,1085000,31.0,43.6,2023-03-17 00:00:00.000000,2023-03-29 00:00:00.000000,Departamento,ARRIENDO,agency
PI-2023-03-002780,portalinmobiliario,Providencia,Metropolitana,740000,21.14,23.1,2022-10-17 00:00:00.000000,2023-03-15 00:00:00.000000,DEPARTAMENTO,arriendo,owner_direct
PI-2023-03-002163,portalinmobiliario,Macul,Metropolitana,575000,16.43,50.0,2023-02-10 00:00:00.000000,2023-03-15 00:00:00.000000,DEPARTAMENTO,ARRIENDO,agency
PI-2023-03-000137,portalinmobiliario,Santiago,Metropolitana,455000,13.0,37.8,2023-01-05 00:00:00.000000,2023-03-01 00:00:00.000000,Departamento,arriendo,owner_direct
PI-2023-03-003970,portalinmobiliario,La Cisterna,Metropolitana,655000,18.71,88.5,2023-03-05 00:00:00.000000,2023-03-22 00:00:00.000000,departamento,ARRIENDO,agency
PI-2023-03-001237,portalinmobiliario,MAIPÚ,Metropolitana,450000,12.86,33.1,2023-02-12 00:00:00.000000,2023-03-08 00:00:00.000000,DEPARTAMENTO,ARRIENDO,agency
PI-2023-03-002605,portalinmobiliario,Providencia,Metropolitana,1355000,38.71,94.0,2023-02-23 00:00:00.000000,2023-03-15 00:00:00.000000,Departamento,ARRIENDO,agency
PI-2023-03-005096,portalinmobiliario,Estación Central,Metropolitana,6070000,173.43,54.0,2023-03-24 00:00:00.000000,2023-03-29 00:00:00.000000,DEPARTAMENTO,ARRIENDO,agency
PI-2023-03-004469,portalinmobiliario,Santiago,Metropolitana,475000,13.57,30.1,2023-03-15 00:00:00.000000,2023-03-29 00:00:00.000000,departamento,ARRIENDO,agency
PI-2023-03-002803,portalinmobiliario,Santiago,Metropolitana,4665000,133.29,28.5,2023-03-06 00:00:00.000000,2023-03-15 00:00:00.000000,DEPARTAMENTO,Arriendo,owner_direct
PI-2023-03-002988,portalinmobiliario,Pudahuel,Metropolitana,620000,17.71,82.3,2023-03-02 00:00:00.000000,2023-03-22 00:00:00.000000,Departamento,arriendo,agency
PI-2023-03-004726,portalinmobiliario,LO BARNECHEA,Metropolitana,2910000,83.14,250.0,2023-01-30 00:00:00.000000,2023-03-29 00:00:00.000000,departamento,ARRIENDO,agency
PI-2023-03-004268,portalinmobiliario,Estación Central,Metropolitana,545000,15.57,58.5,2023-03-18 00:00:00.000000,2023-03-29 00:00:00.000000,Departamento,Arriendo,owner_direct
PI-2023-03-004979,portalinmobiliario,Las Condes,Metropolitana,785000,22.43,35.4,2023-03-07 00:00:00.000000,2023-03-29 00:00:00.000000,DEPARTAMENTO,arriendo,agency
PI-2023-03-001082,portalinmobiliario,Santiago,Metropolitana,475000,13.57,33.6,2023-02-28 00:00:00.000000,2023-03-08 00:00:00.000000,departamento,Arriendo,owner_direct
PI-2023-03-001326,portalinmobiliario,San Miguel,Metropolitana,585000,16.71,49.6,2023-02-22 00:00:00.000000,2023-03-08 00:00:00.000000,DEPARTAMENTO,ARRIENDO,agency
PI-2023-03-004734,portalinmobiliario,Independencia,Metropolitana,495000,14.14,49.4,2023-03-21 00:00:00.000000,2023-03-29 00:00:00.000000,Departamento,ARRIENDO,owner_direct
PI-2023-03-003753,portalinmobiliario,Ñuñoa,Metropolitana,675000,19.29,42.9,2023-03-02 00:00:00.000000,2023-03-22 00:00:00.000000,DEPARTAMENTO,arriendo,agency
PI-2023-03-002527,portalinmobiliario,Recoleta,Metropolitana,610000,17.43,69.0,2023-02-28 00:00:00.000000,2023-03-15 00:00:00.000000,Departamento,Arriendo,owner_direct
PI-2023-03-000166,portalinmobiliario,Huechuraba,Metropolitana,5715000,163.29,40.8,2023-02-20 00:00:00.000000,2023-03-01 00:00:00.000000,Departamento,arriendo,agency
PI-2023-03-004978,portalinmobiliario,Ñuñoa,Metropolitana,745000,21.29,66.4,2023-03-22 00:00:00.000000,2023-03-29 00:00:00.000000,departamento,arriendo,agency
PI-2023-03-003329,portalinmobiliario,Las Condes,Metropolitana,1120000,32.0,60.8,2023-03-11 00:00:00.000000,2023-03-22 00:00:00.000000,departamento,arriendo,agency
PI-2023-03-002590,portalinmobiliario,Macul,Metropolitana,495000,14.14,30.2,2023-01-14 00:00:00.000000,2023-03-15 00:00:00.000000,Departamento,arriendo,agency
PI-2023-03-001019,portalinmobiliario,Ñuñoa,Metropolitana,620000,17.71,26.9,2023-02-09 00:00:00.000000,2023-03-08 00:00:00.000000,departamento,arriendo,owner_direct
PI-2023-03-003456,portalinmobiliario,PUENTE ALTO,Metropolitana,465000,13.29,53.0,2023-01-08 00:00:00.000000,2023-03-22 00:00:00.000000,Departamento,Arriendo,agency
PI-2023-03-001818,portalinmobiliario,Estación Central,Metropolitana,490000,14.0,52.0,2023-02-13 00:00:00.000000,2023-03-08 00:00:00.000000,departamento,arriendo,agency
PI-2023-03-004178,portalinmobiliario,Las Condes,Metropolitana,880000,25.14,34.5,2023-02-22 00:00:00.000000,2023-03-29 00:00:00.000000,DEPARTAMENTO,Arriendo,agency
PI-2023-03-004057,portalinmobiliario,La Reina,Metropolitana,795000,22.71,41.1,2023-02-19 00:00:00.000000,2023-03-22 00:00:00.000000,Departamento,Arriendo,owner_direct
PI-2023-03-002400,portalinmobiliario,Maipú,Metropolitana,480000,13.71,40.6,2023-02-11 00:00:00.000000,2023-03-15 00:00:00.000000,DEPARTAMENTO,ARRIENDO,agency
PI-2023-03-003884,portalinmobiliario,La Cisterna,Metropolitana,580000,16.57,50.3,2023-02-24 00:00:00.000000,2023-03-22 00:00:00.000000,Departamento,arriendo,agency
PI-2023-03-003709,portalinmobiliario,La Reina,Metropolitana,765000,21.86,45.7,2023-03-19 00:00:00.000000,2023-03-22 00:00:00.000000,Departamento,ARRIENDO,agency
PI-2023-03-002521,portalinmobiliario,Vitacura,Metropolitana,1655000,47.29,94.8,2023-01-31 00:00:00.000000,2023-03-15 00:00:00.000000,Departamento,arriendo,agency
PI-2023-03-000312,portalinmobiliario,Pudahuel,Metropolitana,395000,11.29,42.0,2023-02-02 00:00:00.000000,2023-03-01 00:00:00.000000,Departamento,arriendo,agency
PI-2023-03-001686,portalinmobiliario,Macul,Metropolitana,785000,22.43,64.3,2023-02-24 00:00:00.000000,2023-03-08 00:00:00.000000,DEPARTAMENTO,Arriendo,owner_direct
PI-2023-03-000377,portalinmobiliario,Santiago,Metropolitana,730000,20.86,67.1,2023-01-19 00:00:00.000000,2023-03-01 00:00:00.000000,departamento,ARRIENDO,owner_direct
PI-2023-03-004405,portalinmobiliario,Huechuraba,Metropolitana,580000,16.57,50.6,2023-01-18 00:00:00.000000,2023-03-29 00:00:00.000000,departamento,Arriendo,agency
PI-2023-03-001992,portalinmobiliario,Santiago,Metropolitana,665000,19.0,57.9,2023-03-02 00:00:00.000000,2023-03-15 00:00:00.000000,departamento,Arriendo,owner_direct
PI-2023-03-002299,portalinmobiliario,Providencia,Metropolitana,720000,20.57,29.3,2023-01-15 00:00:00.000000,2023-03-15 00:00:00.000000,departamento,arriendo,agency
PI-2023-03-003641,portalinmobiliario,Peñalolén,Metropolitana,650000,18.57,64.7,2023-03-09 00:00:00.000000,2023-03-22 00:00:00.000000,Departamento,arriendo,agency
PI-2023-03-002280,portalinmobiliario,SAN JOAQUÍN,Metropolitana,580000,16.57,57.3,2023-02-25 00:00:00.000000,2023-03-15 00:00:00.000000,departamento,ARRIENDO,agency
PI-2023-03-005130,portalinmobiliario,Estación Central,Metropolitana,460000,13.14,53.5,2023-01-31 00:00:00.000000,2023-03-29 00:00:00.000000,DEPARTAMENTO,ARRIENDO,owner_direct
PI-2023-03-003137,portalinmobiliario,Huechuraba,Metropolitana,545000,15.57,62.3,2022-11-06 00:00:00.000000,2023-03-22 00:00:00.000000,DEPARTAMENTO,Arriendo,agency
PI-2023-03-003204,portalinmobiliario,Vitacura,Metropolitana,1105000,31.57,44.3,2023-03-20 00:00:00.000000,2023-03-22 00:00:00.000000,DEPARTAMENTO,ARRIENDO,owner_direct
PI-2023-03-004088,portalinmobiliario,Quinta Normal,Metropolitana,605000,17.29,72.1,2023-03-20 00:00:00.000000,2023-03-29 00:00:00.000000,DEPARTAMENTO,ARRIENDO,owner_direct
PI-2023-03-000780,portalinmobiliario,Lo Barnechea,Metropolitana,1010000,28.86,57.8,2023-02-19 00:00:00.000000,2023-03-01 00:00:00.000000,DEPARTAMENTO,arriendo,agency
PI-2023-03-001541,portalinmobiliario,La Reina,Metropolitana,1000000,28.57,70.0,2023-03-02 00:00:00.000000,2023-03-08 00:00:00.000000,departamento,Arriendo,agency
PI-2023-03-002548,portalinmobiliario,Las Condes,Metropolitana,865000,24.71,43.9,2022-09-26 00:00:00.000000,2023-03-15 00:00:00.000000,departamento,arriendo,owner_direct
PI-2023-03-002777,portalinmobiliario,Independencia,Metropolitana,375000,10.71,33.8,2023-01-25 00:00:00.000000,2023-03-15 00:00:00.000000,departamento,ARRIENDO,owner_direct
PI-2023-03-003207,portalinmobiliario,Macul,Metropolitana,510000,14.57,63.8,2022-10-11 00:00:00.000000,2023-03-22 00:00:00.000000,Departamento,ARRIENDO,agency
PI-2023-03-000079,portalinmobiliario,Providencia,Metropolitana,1360000,38.86,77.0,2023-02-04 00:00:00.000000,2023-03-01 00:00:00.000000,Departamento,ARRIENDO,agency
PI-2023-03-005138,portalinmobiliario,Santiago,Metropolitana,495000,14.14,53.1,2023-03-18 00:00:00.000000,2023-03-29 00:00:00.000000,DEPARTAMENTO,arriendo,owner_direct
PI-2023-03-001513,portalinmobiliario,La Florida,Metropolitana,1075000,30.71,135.7,2023-02-21 00:00:00.000000,2023-03-08 00:00:00.000000,Departamento,ARRIENDO,agency
PI-2023-03-002754,portalinmobiliario,Ñuñoa,Metropolitana,660000,18.86,51.0,2023-02-05 00:00:00.000000,2023-03-15 00:00:00.000000,departamento,arriendo,agency
PI-2023-03-004699,portalinmobiliario,Las Condes,Metropolitana,1020000,29.14,65.6,2023-01-13 00:00:00.000000,2023-03-29 00:00:00.000000,Departamento,arriendo,owner_direct
PI-2023-03-000947,portalinmobiliario,Independencia,Metropolitana,435000,12.43,46.9,2023-02-22 00:00:00.000000,2023-03-01 00:00:00.000000,DEPARTAMENTO,ARRIENDO,agency
PI-2023-03-003141,portalinmobiliario,Estación Central,Metropolitana,510000,14.57,56.4,2023-02-05 00:00:00.000000,2023-03-22 00:00:00.000000,DEPARTAMENTO,ARRIENDO,agency
PI-2023-03-002757,portalinmobiliario,Quinta Normal,Metropolitana,395000,11.29,26.0,2023-02-21 00:00:00.000000,2023-03-15 00:00:00.000000,Departamento,Arriendo,agency
PI-2023-03-001888,portalinmobiliario,Santiago,Metropolitana,505000,14.43,34.8,2023-03-03 00:00:00.000000,2023-03-08 00:00:00.000000,DEPARTAMENTO,ARRIENDO,agency
PI-2023-03-005356,portalinmobiliario,Quilicura,Metropolitana,645000,18.43,70.4,2023-03-03 00:00:00.000000,2023-03-29 00:00:00.000000,DEPARTAMENTO,arriendo,agency
PI-2023-03-003081,portalinmobiliario,La Reina,Metropolitana,680000,19.43,35.9,2022-10-21 00:00:00.000000,2023-03-22 00:00:00.000000,DEPARTAMENTO,ARRIENDO,owner_direct
PI-2023-03-003197,portalinmobiliario,Las Condes,Metropolitana,1285000,36.71,66.1,2023-03-15 00:00:00.000000,2023-03-22 00:00:00.000000,DEPARTAMENTO,ARRIENDO,owner_direct
PI-2023-03-000707,portalinmobiliario,Santiago,Metropolitana,815000,23.29,60.6,2023-01-28 00:00:00.000000,2023-03-01 00:00:00.000000,DEPARTAMENTO,arriendo,agency
PI-2023-03-004948,portalinmobiliario,Recoleta,Metropolitana,360000,10.29,35.1,2023-02-10 00:00:00.000000,2023-03-29 00:00:00.000000,DEPARTAMENTO,Arriendo,owner_direct
PI-2023-03-004075,portalinmobiliario,Huechuraba,Metropolitana,715000,20.43,70.5,2023-03-13 00:00:00.000000,2023-03-29 00:00:00.000000,DEPARTAMENTO,Arriendo,agency
PI-2023-03-003311,portalinmobiliario,Estación Central,Metropolitana,665000,19.0,81.7,2023-03-03 00:00:00.000000,2023-03-22 00:00:00.000000,DEPARTAMENTO,Arriendo,agency
PI-2023-03-002154,portalinmobiliario,Independencia,Metropolitana,500000,14.29,42.7,2022-11-12 00:00:00.000000,2023-03-15 00:00:00.000000,departamento,Arriendo,owner_direct
PI-2023-03-004191,portalinmobiliario,La Cisterna,Metropolitana,460000,13.14,44.0,2023-03-15 00:00:00.000000,2023-03-29 00:00:00.000000,DEPARTAMENTO,arriendo,agency
PI-2023-03-002259,portalinmobiliario,Las Condes,Metropolitana,825000,23.57,33.5,2023-03-09 00:00:00.000000,2023-03-15 00:00:00.000000,Departamento,Arriendo,agency
PI-2023-03-000631,portalinmobiliario,La Florida,Metropolitana,600000,17.14,55.8,2023-02-05 00:00:00.000000,2023-03-01 00:00:00.000000,Departamento,arriendo,agency
PI-2023-03-002534,portalinmobiliario,Peñalolén,Metropolitana,785000,22.43,80.1,2023-01-21 00:00:00.000000,2023-03-15 00:00:00.000000,DEPARTAMENTO,Arriendo,agency
PI-2023-03-001716,portalinmobiliario,Macul,Metropolitana,495000,14.14,29.5,2023-02-15 00:00:00.000000,2023-03-08 00:00:00.000000,Departamento,ARRIENDO,agency
PI-2023-03-001223,portalinmobiliario,San Joaquín,Metropolitana,470000,13.43,44.8,2023-02-07 00:00:00.000000,2023-03-08 00:00:00.000000,DEPARTAMENTO,Arriendo,agency
PI-2023-03-000474,portalinmobiliario,Maipú,Metropolitana,350000,10.0,22.8,2023-01-11 00:00:00.000000,2023-03-01 00:00:00.000000,DEPARTAMENTO,ARRIENDO,agency
PI-2023-03-003586,portalinmobiliario,Ñuñoa,Metropolitana,1015000,29.0,93.0,2023-02-21 00:00:00.000000,2023-03-22 00:00:00.000000,DEPARTAMENTO,arriendo,owner_direct
PI-2023-03-001738,portalinmobiliario,Las Condes,Metropolitana,1395000,39.86,50.6,2023-01-22 00:00:00.000000,2023-03-08 00:00:00.000000,DEPARTAMENTO,Arriendo,owner_direct
PI-2023-03-004987,portalinmobiliario,Huechuraba,Metropolitana,1045000,29.86,113.6,2023-03-19 00:00:00.000000,2023-03-29 00:00:00.000000,departamento,Arriendo,agency
PI-2023-03-001013,portalinmobiliario,San Miguel,Metropolitana,465000,13.29,40.0,2023-02-28 00:00:00.000000,2023-03-08 00:00:00.000000,DEPARTAMENTO,ARRIENDO,agency
PI-2023-03-002356,portalinmobiliario,Santiago,Metropolitana,1145000,32.71,112.1,2023-03-10 00:00:00.000000,2023-03-15 00:00:00.000000,departamento,arriendo,owner_direct
PI-2023-03-000625,portalinmobiliario,La Reina,Metropolitana,710000,20.29,43.6,2023-01-23 00:00:00.000000,2023-03-01 00:00:00.000000,DEPARTAMENTO,Arriendo,owner_direct
PI-2023-03-003123,portalinmobiliario,Estación Central,Metropolitana,725000,20.71,94.2,2023-03-16 00:00:00.000000,2023-03-22 00:00:00.000000,Departamento,ARRIENDO,agency
PI-2023-03-001355,portalinmobiliario,Maipú,Metropolitana,760000,21.71,108.7,2023-02-11 00:00:00.000000,2023-03-08 00:00:00.000000,DEPARTAMENTO,arriendo,agency
PI-2023-03-002568,portalinmobiliario,Santiago,Metropolitana,580000,16.57,46.0,2023-01-27 00:00:00.000000,2023-03-15 00:00:00.000000,DEPARTAMENTO,arriendo,agency
PI-2023-03-003769,portalinmobiliario,Pudahuel,Metropolitana,435000,12.43,34.8,2023-03-09 00:00:00.000000,2023-03-22 00:00:00.000000,Departamento,arriendo,agency
PI-2023-03-001473,portalinmobiliario,Providencia,Metropolitana,680000,19.43,36.2,2023-01-28 00:00:00.000000,2023-03-08 00:00:00.000000,departamento,ARRIENDO,agency
PI-2023-03-005005,portalinmobiliario,Macul,Metropolitana,630000,18.0,62.1,2023-03-26 00:00:00.000000,2023-03-29 00:00:00.000000,Departamento,arriendo,agency
PI-2023-03-000649,portalinmobiliario,Las Condes,Metropolitana,1625000,46.43,106.4,2023-02-19 00:00:00.000000,2023-03-01 00:00:00.000000,Departamento,ARRIENDO,owner_direct
PI-2023-03-004363,portalinmobiliario,Huechuraba,Metropolitana,850000,24.29,80.2,2022-11-14 00:00:00.000000,2023-03-29 00:00:00.000000,DEPARTAMENTO,ARRIENDO,agency
PI-2023-03-005358,portalinmobiliario,Maipú,Metropolitana,485000,13.86,47.9,2023-03-05 00:00:00.000000,2023-03-29 00:00:00.000000,DEPARTAMENTO,arriendo,owner_direct
PI-2023-03-002597,portalinmobiliario,Lo Barnechea,Metropolitana,775000,22.14,29.1,2023-03-08 00:00:00.000000,2023-03-15 00:00:00.000000,departamento,arriendo,agency
PI-2023-03-005208,portalinmobiliario,La Florida,Metropolitana,815000,23.29,87.9,2023-02-28 00:00:00.000000,2023-03-29 00:00:00.000000,DEPARTAMENTO,Arriendo,owner_direct
PI-2023-03-000592,portalinmobiliario,Huechuraba,Metropolitana,625000,,55.0,2023-02-11 00:00:00.000000,2023-03-01 00:00:00.000000,departamento,ARRIENDO,owner_direct
PI-2023-03-003122,portalinmobiliario,Conchalí,Metropolitana,620000,17.71,79.3,2023-02-23 00:00:00.000000,2023-03-22 00:00:00.000000,DEPARTAMENTO,Arriendo,owner_direct
PI-2023-03-002519,portalinmobiliario,la florida,Metropolitana,655000,18.71,69.8,2023-01-11 00:00:00.000000,2023-03-15 00:00:00.000000,Departamento,Arriendo,agency
PI-2023-03-003710,portalinmobiliario,Providencia,Metropolitana,805000,23.0,40.9,2023-02-24 00:00:00.000000,2023-03-22 00:00:00.000000,Departamento,arriendo,agency
PI-2023-03-000795,portalinmobiliario,Santiago,Metropolitana,695000,19.86,52.9,2023-02-17 00:00:00.000000,2023-03-01 00:00:00.000000,DEPARTAMENTO,arriendo,owner_direct
PI-2023-03-001671,portalinmobiliario,Estación Central,Metropolitana,525000,15.0,61.7,2023-02-04 00:00:00.000000,2023-03-08 00:00:00.000000,departamento,ARRIENDO,owner_direct
PI-2023-03-002425,portalinmobiliario,Ñuñoa,Metropolitana,715000,20.43,57.8,2023-02-10 00:00:00.000000,2023-03-15 00:00:00.000000,DEPARTAMENTO,Arriendo,agency
PI-2023-03-000587,portalinmobiliario,Quinta Normal,Metropolitana,550000,15.71,56.0,2023-02-03 00:00:00.000000,2023-03-01 00:00:00.000000,Departamento,arriendo,agency
PI-2023-03-004612,portalinmobiliario,La Florida,Metropolitana,575000,16.43,69.8,2023-03-13 00:00:00.000000,2023-03-29 00:00:00.000000,Departamento,arriendo,owner_direct
PI-2023-03-001188,portalinmobiliario,Recoleta,Metropolitana,525000,15.0,63.1,2023-03-02 00:00:00.000000,2023-03-08 00:00:00.000000,Departamento,arriendo,agency
PI-2023-03-002126,portalinmobiliario,Ñuñoa,Metropolitana,965000,27.57,63.5,2023-02-25 00:00:00.000000,2023-03-15 00:00:00.000000,Departamento,ARRIENDO,owner_direct
PI-2023-03-002732,portalinmobiliario,Peñalolén,Metropolitana,520000,,44.3,2023-02-22 00:00:00.000000,2023-03-15 00:00:00.000000,departamento,arriendo,agency
PI-2023-03-000484,portalinmobiliario,Maipú,Metropolitana,385000,11.0,33.4,2022-12-25 00:00:00.000000,2023-03-01 00:00:00.000000,departamento,Arriendo,owner_direct
PI-2023-03-002909,portalinmobiliario,San Joaquín,Metropolitana,385000,11.0,24.0,2023-01-30 00:00:00.000000,2023-03-15 00:00:00.000000,departamento,Arriendo,agency
PI-2023-03-003404,portalinmobiliario,Conchalí,Metropolitana,425000,12.14,41.8,2023-01-26 00:00:00.000000,2023-03-22 00:00:00.000000,Departamento,arriendo,agency
PI-2023-03-000933,portalinmobiliario,Independencia,Metropolitana,620000,17.71,61.8,2023-02-10 00:00:00.000000,2023-03-01 00:00:00.000000,DEPARTAMENTO,arriendo,agency
PI-2023-03-000483,portalinmobiliario,San Joaquín,Metropolitana,925000,26.43,127.1,2023-01-24 00:00:00.000000,2023-03-01 00:00:00.000000,DEPARTAMENTO,Arriendo,agency
PI-2023-03-000496,portalinmobiliario,las condes,Metropolitana,760000,21.71,31.8,2023-02-08 00:00:00.000000,2023-03-01 00:00:00.000000,Departamento,Arriendo,owner_direct
PI-2023-03-002370,portalinmobiliario,Peñalolén,Metropolitana,530000,15.14,54.2,2023-03-10 00:00:00.000000,2023-03-15 00:00:00.000000,DEPARTAMENTO,arriendo,agency
PI-2023-03-002340,portalinmobiliario,Estación Central,Metropolitana,425000,12.14,36.2,2022-09-11 00:00:00.000000,2023-03-15 00:00:00.000000,DEPARTAMENTO,ARRIENDO,agency
PI-2023-03-000896,portalinmobiliario,Las Condes,Metropolitana,7645000,218.43,26.6,2023-01-13 00:00:00.000000,2023-03-01 00:00:00.000000,Departamento,arriendo,agency
PI-2023-03-002884,portalinmobiliario,Las Condes,Metropolitana,1470000,42.0,90.3,2023-01-23 00:00:00.000000,2023-03-15 00:00:00.000000,departamento,Arriendo,agency
PI-2023-03-004353,portalinmobiliario,Recoleta,Metropolitana,535000,15.29,49.7,2023-02-26 00:00:00.000000,2023-03-29 00:00:00.000000,departamento,Arriendo,agency
PI-2023-03-000340,portalinmobiliario,Estación Central,Metropolitana,470000,13.43,48.2,2023-02-19 00:00:00.000000,2023-03-01 00:00:00.000000,departamento,ARRIENDO,owner_direct
PI-2023-03-004525,portalinmobiliario,Macul,Metropolitana,455000,13.0,35.2,2023-03-22 00:00:00.000000,2023-03-29 00:00:00.000000,DEPARTAMENTO,ARRIENDO,agency
PI-2023-03-001430,portalinmobiliario,Maipú,Metropolitana,460000,13.14,51.6,2023-02-16 00:00:00.000000,2023-03-08 00:00:00.000000,departamento,Arriendo,agency
PI-2023-03-004008,portalinmobiliario,Huechuraba,Metropolitana,610000,17.43,47.3,2023-03-05 00:00:00.000000,2023-03-22 00:00:00.000000,DEPARTAMENTO,Arriendo,owner_direct
PI-2023-03-004955,portalinmobiliario,San Miguel,Metropolitana,720000,20.57,67.2,2022-11-26 00:00:00.000000,2023-03-29 00:00:00.000000,Departamento,Arriendo,agency
PI-2023-03-002378,portalinmobiliario,Santiago,Metropolitana,480000,13.71,36.5,2023-02-16 00:00:00.000000,2023-03-15 00:00:00.000000,departamento,ARRIENDO,agency
PI-2023-03-001205,portalinmobiliario,Puente Alto,Metropolitana,455000,13.0,39.8,2023-03-01 00:00:00.000000,2023-03-08 00:00:00.000000,Departamento,arriendo,agency
PI-2023-03-004864,portalinmobiliario,La Florida,Metropolitana,800000,22.86,86.0,2023-03-26 00:00:00.000000,2023-03-29 00:00:00.000000,Departamento,arriendo,agency
PI-2023-03-003012,portalinmobiliario,huechuraba,Metropolitana,735000,21.0,62.2,2023-02-11 00:00:00.000000,2023-03-22 00:00:00.000000,Departamento,Arriendo,owner_direct
PI-2023-03-000980,portalinmobiliario,Santiago,Metropolitana,710000,20.29,77.9,2023-02-19 00:00:00.000000,2023-03-08 00:00:00.000000,Departamento,arriendo,owner_direct
PI-2023-03-005242,portalinmobiliario,La Florida,Metropolitana,595000,17.0,59.8,2023-03-18 00:00:00.000000,2023-03-29 00:00:00.000000,DEPARTAMENTO,arriendo,agency
PI-2023-03-004223,portalinmobiliario,Providencia,Metropolitana,1090000,31.14,71.2,2022-09-09 00:00:00.000000,2023-03-29 00:00:00.000000,DEPARTAMENTO,arriendo,agency
PI-2023-03-000283,portalinmobiliario,Estación Central,Metropolitana,450000,12.86,47.8,2023-02-04 00:00:00.000000,2023-03-01 00:00:00.000000,DEPARTAMENTO,Arriendo,agency
PI-2023-03-002680,portalinmobiliario,Ñuñoa,Metropolitana,785000,22.43,61.5,2023-02-08 00:00:00.000000,2023-03-15 00:00:00.000000,Departamento,ARRIENDO,agency
PI-2023-03-001622,portalinmobiliario,Santiago,Metropolitana,485000,13.86,39.3,2023-02-27 00:00:00.000000,2023-03-08 00:00:00.000000,Departamento,ARRIENDO,owner_direct
PI-2023-03-002219,portalinmobiliario,Las Condes,Metropolitana,895000,25.57,43.8,2023-02-28 00:00:00.000000,2023-03-15 00:00:00.000000,Departamento,arriendo,agency
PI-2023-03-004824,portalinmobiliario,La Cisterna,Metropolitana,415000,11.86,43.9,2023-02-01 00:00:00.000000,2023-03-29 00:00:00.000000,Departamento,ARRIENDO,agency
PI-2023-03-002278,portalinmobiliario,Huechuraba,Metropolitana,540000,15.43,29.0,2022-11-05 00:00:00.000000,2023-03-15 00:00:00.000000,Departamento,arriendo,owner_direct
PI-2023-03-002224,portalinmobiliario,Providencia,Metropolitana,885000,25.29,51.5,2023-03-13 00:00:00.000000,2023-03-15 00:00:00.000000,Departamento,arriendo,agency
PI-2023-03-002692,portalinmobiliario,Santiago,Metropolitana,940000,26.86,77.0,2023-02-27 00:00:00.000000,2023-03-15 00:00:00.000000,Departamento,ARRIENDO,owner_direct
PI-2023-03-005221,portalinmobiliario,San Miguel,Metropolitana,805000,23.0,72.5,2023-03-06 00:00:00.000000,2023-03-29 00:00:00.000000,departamento,ARRIENDO,owner_direct
PI-2023-03-000178,portalinmobiliario,Estación Central,Metropolitana,385000,11.0,37.8,2023-02-09 00:00:00.000000,2023-03-01 00:00:00.000000,Departamento,Arriendo,agency
PI-2023-03-002214,portalinmobiliario,La Reina,Metropolitana,560000,16.0,35.7,2023-02-23 00:00:00.000000,2023-03-15 00:00:00.000000,Departamento,ARRIENDO,owner_direct
PI-2023-03-000826,portalinmobiliario,Santiago,Metropolitana,525000,15.0,36.5,2023-02-03 00:00:00.000000,2023-03-01 00:00:00.000000,Departamento,arriendo,agency
PI-2023-03-004541,portalinmobiliario,Estación Central,Metropolitana,595000,17.0,64.8,2023-02-07 00:00:00.000000,2023-03-29 00:00:00.000000,departamento,ARRIENDO,agency
PI-2023-03-004505,portalinmobiliario,Providencia,Metropolitana,1140000,32.57,76.8,2023-02-15 00:00:00.000000,2023-03-29 00:00:00.000000,DEPARTAMENTO,arriendo,agency
PI-2023-03-001050,portalinmobiliario,Santiago,Metropolitana,1045000,29.86,109.8,2023-02-28 00:00:00.000000,2023-03-08 00:00:00.000000,Departamento,ARRIENDO,agency
PI-2023-03-004380,portalinmobiliario,Ñuñoa,Metropolitana,8110000,231.71,54.8,2022-09-18 00:00:00.000000,2023-03-29 00:00:00.000000,departamento,Arriendo,agency
PI-2023-03-000480,portalinmobiliario,La Florida,Metropolitana,650000,18.57,67.8,2023-01-05 00:00:00.000000,2023-03-01 00:00:00.000000,DEPARTAMENTO,ARRIENDO,owner_direct
PI-2023-03-004239,portalinmobiliario,La Florida,Metropolitana,610000,17.43,63.1,2023-03-04 00:00:00.000000,2023-03-29 00:00:00.000000,DEPARTAMENTO,ARRIENDO,owner_direct
PI-2023-03-001812,portalinmobiliario,Las Condes,Metropolitana,1400000,40.0,84.6,2023-02-12 00:00:00.000000,2023-03-08 00:00:00.000000,departamento,Arriendo,owner_direct
PI-2023-03-004454,portalinmobiliario,San Joaquín,Metropolitana,390000,11.14,23.7,2023-03-22 00:00:00.000000,2023-03-29 00:00:00.000000,DEPARTAMENTO,Arriendo,agency
PI-2023-03-003845,portalinmobiliario,Peñalolén,Metropolitana,470000,13.43,39.7,2023-03-18 00:00:00.000000,2023-03-22 00:00:00.000000,Departamento,ARRIENDO,agency
PI-2023-03-005294,portalinmobiliario,Macul,Metropolitana,730000,20.86,73.0,2023-03-23 00:00:00.000000,2023-03-29 00:00:00.000000,Departamento,Arriendo,owner_direct
PI-2023-03-001838,portalinmobiliario, La Florida,Metropolitana,715000,20.43,68.9,2023-02-12 00:00:00.000000,2023-03-08 00:00:00.000000,Departamento,Arriendo,agency
PI-2023-03-002067,portalinmobiliario,Estación Central,Metropolitana,665000,19.0,76.9,2023-02-13 00:00:00.000000,2023-03-15 00:00:00.000000,Departamento,ARRIENDO,owner_direct
PI-2023-03-000885,portalinmobiliario,Ñuñoa,Metropolitana,985000,28.14,69.2,2023-02-05 00:00:00.000000,2023-03-01 00:00:00.000000,departamento,ARRIENDO,owner_direct
PI-2023-03-001470,portalinmobiliario,Maipú,Metropolitana,495000,14.14,41.3,2023-02-12 00:00:00.000000,2023-03-08 00:00:00.000000,Departamento,ARRIENDO,owner_direct
PI-2023-03-005306,portalinmobiliario,Las Condes,Metropolitana,1195000,34.14,72.7,2023-03-16 00:00:00.000000,2023-03-29 00:00:00.000000,DEPARTAMENTO,Arriendo,agency
PI-2023-03-005056,portalinmobiliario,La Florida,Metropolitana,630000,18.0,68.5,2023-03-11 00:00:00.000000,2023-03-29 00:00:00.000000,Departamento,ARRIENDO,agency
PI-2023-03-001706,portalinmobiliario,San Miguel,Metropolitana,760000,21.71,87.9,2023-03-05 00:00:00.000000,2023-03-08 00:00:00.000000,Departamento,ARRIENDO,agency
PI-2023-03-002928,portalinmobiliario,Independencia,Metropolitana,415000,11.86,46.7,2023-02-16 00:00:00.000000,2023-03-15 00:00:00.000000,departamento,Arriendo,owner_direct
PI-2023-03-003604,portalinmobiliario,Quilicura,Metropolitana,350000,10.0,32.7,2023-01-30 00:00:00.000000,2023-03-22 00:00:00.000000,DEPARTAMENTO,arriendo,agency
PI-2023-03-004270,portalinmobiliario,Las Condes,Metropolitana,925000,26.43,48.1,2022-09-07 00:00:00.000000,2023-03-29 00:00:00.000000,departamento,arriendo,agency
PI-2023-03-003757,portalinmobiliario,Santiago,Metropolitana,605000,17.29,36.7,2022-12-29 00:00:00.000000,2023-03-22 00:00:00.000000,departamento,arriendo,agency
PI-2023-03-003626,portalinmobiliario,Vitacura,Metropolitana,895000,25.57,37.9,2023-01-18 00:00:00.000000,2023-03-22 00:00:00.000000,departamento,Arriendo,owner_direct
PI-2023-03-000927,portalinmobiliario,La Florida,Metropolitana,465000,13.29,43.0,2023-02-04 00:00:00.000000,2023-03-01 00:00:00.000000,Departamento,ARRIENDO,owner_direct
PI-2023-03-002324,portalinmobiliario,providencia,Metropolitana,780000,22.29,47.0,2023-03-08 00:00:00.000000,2023-03-15 00:00:00.000000,Departamento,arriendo,agency
PI-2023-03-005029,portalinmobiliario,Conchalí,Metropolitana,360000,10.29,37.5,2023-03-17 00:00:00.000000,2023-03-29 00:00:00.000000,departamento,ARRIENDO,owner_direct
PI-2023-03-002317,portalinmobiliario,MACUL,Metropolitana,395000,11.29,28.3,2023-03-10 00:00:00.000000,2023-03-15 00:00:00.000000,departamento,arriendo,agency
PI-2023-03-000308,portalinmobiliario, Pudahuel,Metropolitana,390000,11.14,49.3,2023-02-15 00:00:00.000000,2023-03-01 00:00:00.000000,departamento,ARRIENDO,owner_direct
PI-2023-03-000042,portalinmobiliario,Huechuraba,Metropolitana,535000,15.29,45.6,2023-02-11 00:00:00.000000,2023-03-01 00:00:00.000000,DEPARTAMENTO,arriendo,agency
PI-2023-03-001957,portalinmobiliario,Quilicura,Metropolitana,670000,19.14,80.9,2023-02-18 00:00:00.000000,2023-03-15 00:00:00.000000,Departamento,Arriendo,agency
PI-2023-03-000364,portalinmobiliario,Santiago,Metropolitana,600000,17.14,52.0,2023-02-02 00:00:00.000000,2023-03-01 00:00:00.000000,Departamento,Arriendo,agency
PI-2023-03-003645,portalinmobiliario,Santiago,Metropolitana,560000,16.0,40.1,2023-03-14 00:00:00.000000,2023-03-22 00:00:00.000000,departamento,Arriendo,owner_direct
PI-2023-03-001517,portalinmobiliario,Las Condes,Metropolitana,1160000,33.14,52.9,2023-03-04 00:00:00.000000,2023-03-08 00:00:00.000000,DEPARTAMENTO,ARRIENDO,owner_direct
PI-2023-03-000639,portalinmobiliario,Las Condes,Metropolitana,995000,28.43,52.5,2023-01-29 00:00:00.000000,2023-03-01 00:00:00.000000,Departamento,arriendo,agency
PI-2023-03-003551,portalinmobiliario,Huechuraba,Metropolitana,680000,19.43,54.3,2023-02-15 00:00:00.000000,2023-03-22 00:00:00.000000,departamento,Arriendo,agency
PI-2023-03-005148,portalinmobiliario,San Joaquín,Metropolitana,430000,12.29,47.8,2023-02-07 00:00:00.000000,2023-03-29 00:00:00.000000,Departamento,arriendo,agency
PI-2023-03-002966,portalinmobiliario,Las Condes,Metropolitana,740000,21.14,30.3,2023-03-05 00:00:00.000000,2023-03-22 00:00:00.000000,Departamento,ARRIENDO,agency
PI-2023-03-004648,portalinmobiliario,Santiago,Metropolitana,755000,21.57,67.7,2023-03-21 00:00:00.000000,2023-03-29 00:00:00.000000,Departamento,arriendo,agency
PI-2023-03-003979,portalinmobiliario,Santiago,Metropolitana,870000,24.86,80.8,2023-03-08 00:00:00.000000,2023-03-22 00:00:00.000000,Departamento,Arriendo,agency
PI-2023-03-003224,portalinmobiliario,Santiago,Metropolitana,830000,23.71,78.5,2023-03-03 00:00:00.000000,2023-03-22 00:00:00.000000,DEPARTAMENTO,arriendo,agency
PI-2023-03-005304,portalinmobiliario,La Florida,Metropolitana,420000,12.0,42.3,2023-03-05 00:00:00.000000,2023-03-29 00:00:00.000000,departamento,Arriendo,owner_direct
PI-2023-03-003654,portalinmobiliario,Las Condes,Metropolitana,1095000,31.29,54.7,2023-02-19 00:00:00.000000,2023-03-22 00:00:00.000000,DEPARTAMENTO,Arriendo,agency
PI-2023-03-004794,portalinmobiliario,Huechuraba,Metropolitana,430000,12.29,31.0,2023-03-22 00:00:00.000000,2023-03-29 00:00:00.000000,departamento,ARRIENDO,agency
PI-2023-03-001269,portalinmobiliario,Macul,Metropolitana,685000,19.57,73.3,2023-02-25 00:00:00.000000,2023-03-08 00:00:00.000000,Departamento,arriendo,agency
PI-2023-03-001674,portalinmobiliario,Maipú,Metropolitana,405000,11.57,45.6,2023-01-20 00:00:00.000000,2023-03-08 00:00:00.000000,departamento,ARRIENDO,agency
PI-2023-03-000800,portalinmobiliario,Macul,Metropolitana,990000,28.29,110.6,2022-12-29 00:00:00.000000,2023-03-01 00:00:00.000000,Departamento,arriendo,agency
PI-2023-03-004192,portalinmobiliario,Recoleta,Metropolitana,715000,20.43,83.2,2022-11-21 00:00:00.000000,2023-03-29 00:00:00.000000,departamento,arriendo,owner_direct
PI-2023-03-000618,portalinmobiliario,Las Condes,Metropolitana,785000,22.43,36.7,2023-02-14 00:00:00.000000,2023-03-01 00:00:00.000000,departamento,Arriendo,agency
PI-2023-03-003855,portalinmobiliario,Santiago,Metropolitana,750000,21.43,70.8,2023-02-11 00:00:00.000000,2023-03-22 00:00:00.000000,Departamento,Arriendo,agency
PI-2023-03-004871,portalinmobiliario,Renca,Metropolitana,485000,13.86,48.4,2023-02-27 00:00:00.000000,2023-03-29 00:00:00.000000,DEPARTAMENTO,arriendo,agency
PI-2023-03-004476,portalinmobiliario,Conchalí,Metropolitana,335000,9.57,32.7,2023-03-24 00:00:00.000000,2023-03-29 00:00:00.000000,departamento,Arriendo,agency
PI-2023-03-001822,portalinmobiliario,La Reina,Metropolitana,1550000,44.29,121.8,2023-01-30 00:00:00.000000,2023-03-08 00:00:00.000000,DEPARTAMENTO,arriendo,agency
PI-2023-03-001987,portalinmobiliario,Las Condes,Metropolitana,1100000,31.43,50.0,2023-01-18 00:00:00.000000,2023-03-15 00:00:00.000000,departamento,arriendo,owner_direct
PI-2023-03-002369,portalinmobiliario,Macul,Metropolitana,555000,15.86,58.3,2023-02-19 00:00:00.000000,2023-03-15 00:00:00.000000,Departamento,Arriendo,agency
PI-2023-03-004595,portalinmobiliario,Peñalolén,Metropolitana,1010000,28.86,135.9,2023-01-18 00:00:00.000000,2023-03-29 00:00:00.000000,Departamento,arriendo,agency
PI-2023-03-002799,portalinmobiliario,Las Condes,Metropolitana,1225000,35.0,71.8,2023-02-13 00:00:00.000000,2023-03-15 00:00:00.000000,departamento,ARRIENDO,agency
PI-2023-03-003328,portalinmobiliario,Santiago,Metropolitana,800000,22.86,86.5,2023-03-14 00:00:00.000000,2023-03-22 00:00:00.000000,Departamento,arriendo,owner_direct
PI-2023-03-001752,portalinmobiliario,Santiago,Metropolitana,620000,17.71,41.4,2023-02-04 00:00:00.000000,2023-03-08 00:00:00.000000,Departamento,arriendo,owner_direct
PI-2023-03-001691,portalinmobiliario,La Cisterna,Metropolitana,1320000,37.71,54.4,2023-02-15 00:00:00.000000,2023-03-08 00:00:00.000000,DEPARTAMENTO,ARRIENDO,agency
PI-2023-03-003155,portalinmobiliario,Santiago,Metropolitana,1180000,33.71,113.1,2023-02-05 00:00:00.000000,2023-03-22 00:00:00.000000,Departamento,arriendo,agency
PI-2023-03-000022,portalinmobiliario,Macul,Metropolitana,595000,17.0,51.8,2023-02-25 00:00:00.000000,2023-03-01 00:00:00.000000,Departamento,Arriendo,owner_direct
PI-2023-03-000925,portalinmobiliario,Puente Alto,Metropolitana,415000,11.86,30.9,2023-02-06 00:00:00.000000,2023-03-01 00:00:00.000000,departamento,Arriendo,agency
PI-2023-03-002616,portalinmobiliario,Santiago,Metropolitana,590000,16.86,53.3,2023-03-01 00:00:00.000000,2023-03-15 00:00:00.000000,Departamento,Arriendo,agency
PI-2023-03-003844,portalinmobiliario,Providencia,Metropolitana,820000,23.43,45.9,2023-02-13 00:00:00.000000,2023-03-22 00:00:00.000000,DEPARTAMENTO,ARRIENDO,owner_direct
PI-2023-03-003702,portalinmobiliario,Huechuraba,Metropolitana,535000,15.29,31.3,2023-03-09 00:00:00.000000,2023-03-22 00:00:00.000000,departamento,Arriendo,agency
PI-2023-03-003629,portalinmobiliario,San Miguel,Metropolitana,530000,15.14,43.5,2023-03-14 00:00:00.000000,2023-03-22 00:00:00.000000,Departamento,arriendo,owner_direct
PI-2023-03-005348,portalinmobiliario,Providencia,Metropolitana,710000,20.29,47.5,2023-03-22 00:00:00.000000,2023-03-29 00:00:00.000000,Departamento,Arriendo,owner_direct
PI-2023-03-003579,portalinmobiliario,Recoleta,Metropolitana,370000,10.57,38.4,2023-03-02 00:00:00.000000,2023-03-22 00:00:00.000000,Departamento,arriendo,owner_direct
PI-2023-03-000348,portalinmobiliario,San Miguel,Metropolitana,685000,19.57,106.9,2023-02-22 00:00:00.000000,2023-03-01 00:00:00.000000,Departamento,ARRIENDO,owner_direct
PI-2023-03-000648,portalinmobiliario,Ñuñoa,Metropolitana,750000,21.43,47.9,2023-02-18 00:00:00.000000,2023-03-01 00:00:00.000000,DEPARTAMENTO,ARRIENDO,agency
PI-2023-03-001574,portalinmobiliario,Conchalí,Metropolitana,805000,23.0,132.3,2023-02-18 00:00:00.000000,2023-03-08 00:00:00.000000,Departamento,Arriendo,owner_direct
PI-2023-03-002887,portalinmobiliario,Peñalolén,Metropolitana,550000,15.71,56.6,2023-02-28 00:00:00.000000,2023-03-15 00:00:00.000000,departamento,Arriendo,agency
PI-2023-03-003559,portalinmobiliario,Lo Barnechea,Metropolitana,750000,21.43,40.0,2022-12-04 00:00:00.000000,2023-03-22 00:00:00.000000,DEPARTAMENTO,ARRIENDO,owner_direct
PI-2023-03-000792,portalinmobiliario,Santiago,Metropolitana,620000,17.71,46.5,2022-12-14 00:00:00.000000,2023-03-01 00:00:00.000000,Departamento,ARRIENDO,agency
PI-2023-03-002296,portalinmobiliario,Peñalolén,Metropolitana,520000,14.86,55.5,2023-02-26 00:00:00.000000,2023-03-15 00:00:00.000000,departamento,Arriendo,owner_direct
PI-2023-03-003086,portalinmobiliario,Cerrillos,Metropolitana,530000,15.14,45.8,2023-02-02 00:00:00.000000,2023-03-22 00:00:00.000000,Departamento,arriendo,agency
PI-2023-03-000715,portalinmobiliario,Ñuñoa,Metropolitana,760000,21.71,58.1,2023-02-10 00:00:00.000000,2023-03-01 00:00:00.000000,Departamento,Arriendo,owner_direct
PI-2023-03-001075,portalinmobiliario,Recoleta,Metropolitana,470000,13.43,39.6,2023-01-19 00:00:00.000000,2023-03-08 00:00:00.000000,Departamento,Arriendo,agency
PI-2023-03-002122,portalinmobiliario,Quinta Normal,Metropolitana,720000,20.57,98.2,2023-02-08 00:00:00.000000,2023-03-15 00:00:00.000000,departamento,Arriendo,agency
PI-2023-03-004022,portalinmobiliario,Quinta Normal,Metropolitana,680000,19.43,79.4,2023-03-15 00:00:00.000000,2023-03-22 00:00:00.000000,Departamento,ARRIENDO,owner_direct
PI-2023-03-002585,portalinmobiliario,Santiago,Metropolitana,555000,15.86,45.8,2023-03-04 00:00:00.000000,2023-03-15 00:00:00.000000,DEPARTAMENTO,ARRIENDO,agency
PI-2023-03-004852,portalinmobiliario,San Miguel,Metropolitana,430000,12.29,28.1,2023-03-16 00:00:00.000000,2023-03-29 00:00:00.000000,DEPARTAMENTO,Arriendo,agency
PI-2023-03-001225,portalinmobiliario,Independencia,Metropolitana,2575000,73.57,400.0,2023-01-02 00:00:00.000000,2023-03-08 00:00:00.000000,DEPARTAMENTO,Arriendo,owner_direct
PI-2023-03-003819,portalinmobiliario,Huechuraba,Metropolitana,715000,20.43,58.2,2022-12-24 00:00:00.000000,2023-03-22 00:00:00.000000,departamento,arriendo,agency
PI-2023-03-001864,portalinmobiliario,Providencia,Metropolitana,1035000,29.57,46.8,2022-09-22 00:00:00.000000,2023-03-08 00:00:00.000000,Departamento,Arriendo,agency
PI-2023-03-003415,portalinmobiliario,Las Condes,Metropolitana,2985000,85.29,40.0,2023-03-10 00:00:00.000000,2023-03-22 00:00:00.000000,DEPARTAMENTO,ARRIENDO,agency
PI-2023-03-001018,portalinmobiliario,La Florida,Metropolitana,630000,18.0,61.4,2023-02-27 00:00:00.000000,2023-03-08 00:00:00.000000,departamento,arriendo,agency
PI-2023-03-003797,portalinmobiliario,Huechuraba,Metropolitana,365000,10.43,25.0,2023-03-17 00:00:00.000000,2023-03-22 00:00:00.000000,Departamento,ARRIENDO,agency
PI-2023-03-004883,portalinmobiliario,Puente Alto,Metropolitana,500000,14.29,68.3,2023-02-21 00:00:00.000000,2023-03-29 00:00:00.000000,Departamento,arriendo,agency
PI-2023-03-003428,portalinmobiliario,La Cisterna,Metropolitana,675000,19.29,80.0,2023-01-01 00:00:00.000000,2023-03-22 00:00:00.000000,departamento,ARRIENDO,owner_direct
PI-2023-03-001680,portalinmobiliario,Recoleta,Metropolitana,600000,17.14,50.8,2023-03-01 00:00:00.000000,2023-03-08 00:00:00.000000,Departamento,ARRIENDO,agency
PI-2023-03-002551,portalinmobiliario,Recoleta,Metropolitana,685000,19.57,77.3,2023-02-22 00:00:00.000000,2023-03-15 00:00:00.000000,departamento,arriendo,agency
PI-2023-03-003118,portalinmobiliario,Lo Barnechea,Metropolitana,1000000,28.57,56.6,2022-09-24 00:00:00.000000,2023-03-22 00:00:00.000000,DEPARTAMENTO,arriendo,agency
PI-2023-03-002557,portalinmobiliario,Providencia,Metropolitana,1265000,36.14,72.5,2022-11-21 00:00:00.000000,2023-03-15 00:00:00.000000,Departamento,ARRIENDO,agency
PI-2023-03-004573,portalinmobiliario,Peñalolén,Metropolitana,475000,13.57,37.3,2023-03-07 00:00:00.000000,2023-03-29 00:00:00.000000,departamento,Arriendo,agency
PI-2023-03-001262,portalinmobiliario,San Miguel,Metropolitana,685000,19.57,58.7,2023-02-09 00:00:00.000000,2023-03-08 00:00:00.000000,DEPARTAMENTO,Arriendo,owner_direct
PI-2023-03-000468,portalinmobiliario,Macul,Metropolitana,620000,17.71,56.4,2023-02-12 00:00:00.000000,2023-03-01 00:00:00.000000,Departamento,ARRIENDO,owner_direct
PI-2023-03-001488,portalinmobiliario,Quinta Normal,Metropolitana,530000,15.14,40.1,2023-02-08 00:00:00.000000,2023-03-08 00:00:00.000000,Departamento,arriendo,owner_direct
PI-2023-03-003622,portalinmobiliario,peñalolén,Metropolitana,475000,13.57,41.4,2023-02-19 00:00:00.000000,2023-03-22 00:00:00.000000,Departamento,arriendo,agency
PI-2023-03-004400,portalinmobiliario,La Florida,Metropolitana,600000,17.14,65.6,2023-03-05 00:00:00.000000,2023-03-29 00:00:00.000000,departamento,Arriendo,agency
PI-2023-03-004339,portalinmobiliario,Recoleta,Metropolitana,600000,17.14,67.9,2023-01-11 00:00:00.000000,2023-03-29 00:00:00.000000,Departamento,Arriendo,agency
PI-2023-03-001656,portalinmobiliario,Independencia,Metropolitana,375000,10.71,33.1,2023-02-25 00:00:00.000000,2023-03-08 00:00:00.000000,DEPARTAMENTO,Arriendo,agency
PI-2023-03-003669,portalinmobiliario,Santiago,Metropolitana,765000,21.86,64.4,2023-03-14 00:00:00.000000,2023-03-22 00:00:00.000000,DEPARTAMENTO,ARRIENDO,owner_direct
PI-2023-03-003230,portalinmobiliario,San Joaquín ,Metropolitana,375000,10.71,30.3,2023-03-07 00:00:00.000000,2023-03-22 00:00:00.000000,Departamento,Arriendo,agency
PI-2023-03-004690,portalinmobiliario,Pudahuel,Metropolitana,485000,13.86,47.1,2023-02-28 00:00:00.000000,2023-03-29 00:00:00.000000,DEPARTAMENTO,ARRIENDO,agency
PI-2023-03-002986,portalinmobiliario,Peñalolén,Metropolitana,775000,22.14,76.6,2023-02-06 00:00:00.000000,2023-03-22 00:00:00.000000,DEPARTAMENTO,ARRIENDO,agency
PI-2023-03-001257,portalinmobiliario,Maipú,Metropolitana,400000,11.43,30.7,2023-02-25 00:00:00.000000,2023-03-08 00:00:00.000000,Departamento,ARRIENDO,agency
PI-2023-03-003050,portalinmobiliario,Estación Central,Metropolitana,585000,16.71,64.5,2023-03-19 00:00:00.000000,2023-03-22 00:00:00.000000,departamento,ARRIENDO,owner_direct
PI-2023-03-004898,portalinmobiliario,Maipú,Metropolitana,605000,17.29,71.4,2023-03-04 00:00:00.000000,2023-03-29 00:00:00.000000,departamento,arriendo,owner_direct
PI-2023-03-004150,portalinmobiliario,Estación Central,Metropolitana,440000,12.57,36.3,2023-03-18 00:00:00.000000,2023-03-29 00:00:00.000000,Departamento,ARRIENDO,agency
PI-2023-03-000524,portalinmobiliario,Conchalí,Metropolitana,510000,14.57,54.3,2023-02-01 00:00:00.000000,2023-03-01 00:00:00.000000,departamento,ARRIENDO,owner_direct
PI-2023-03-004284,portalinmobiliario,Recoleta,Metropolitana,840000,24.0,85.8,2023-03-26 00:00:00.000000,2023-03-29 00:00:00.000000,departamento,Arriendo,agency
PI-2023-03-001163,portalinmobiliario,Ñuñoa,Metropolitana,770000,22.0,56.3,2023-02-21 00:00:00.000000,2023-03-08 00:00:00.000000,departamento,Arriendo,agency
PI-2023-03-003411,portalinmobiliario,Independencia,Metropolitana,655000,18.71,67.3,2023-03-06 00:00:00.000000,2023-03-22 00:00:00.000000,DEPARTAMENTO,ARRIENDO,agency
PI-2023-03-001772,portalinmobiliario, Quilicura,Metropolitana,665000,19.0,73.6,2023-02-25 00:00:00.000000,2023-03-08 00:00:00.000000,DEPARTAMENTO,Arriendo,owner_direct
PI-2023-03-000902,portalinmobiliario,Macul,Metropolitana,425000,12.14,30.2,2023-02-02 00:00:00.000000,2023-03-01 00:00:00.000000,departamento,Arriendo,owner_direct
PI-2023-03-000462,portalinmobiliario,Maipú,Metropolitana,540000,15.43,58.0,2023-02-04 00:00:00.000000,2023-03-01 00:00:00.000000,departamento,Arriendo,agency
PI-2023-03-001222,portalinmobiliario,Santiago,Metropolitana,440000,12.57,33.0,2023-02-24 00:00:00.000000,2023-03-08 00:00:00.000000,DEPARTAMENTO,arriendo,agency
PI-2023-03-000096,portalinmobiliario,Macul,Metropolitana,470000,13.43,30.3,2023-01-24 00:00:00.000000,2023-03-01 00:00:00.000000,DEPARTAMENTO,ARRIENDO,agency
PI-2023-03-004146,portalinmobiliario,Santiago,Metropolitana,730000,20.86,70.3,2023-03-18 00:00:00.000000,2023-03-29 00:00:00.000000,DEPARTAMENTO,arriendo,agency
PI-2023-03-002725,portalinmobiliario,Peñalolén,Metropolitana,865000,24.71,107.2,2023-02-27 00:00:00.000000,2023-03-15 00:00:00.000000,DEPARTAMENTO,ARRIENDO,agency
PI-2023-03-005126,portalinmobiliario,Estación Central,Metropolitana,415000,11.86,27.7,2023-03-19 00:00:00.000000,2023-03-29 00:00:00.000000,Departamento,arriendo,owner_direct
PI-2023-03-005074,portalinmobiliario,Recoleta,Metropolitana,595000,17.0,81.3,2023-03-10 00:00:00.000000,2023-03-29 00:00:00.000000,DEPARTAMENTO,ARRIENDO,agency
PI-2023-03-002431,portalinmobiliario,Estación Central,Metropolitana,530000,15.14,50.8,2023-01-27 00:00:00.000000,2023-03-15 00:00:00.000000,DEPARTAMENTO,Arriendo,agency
PI-2023-03-003511,portalinmobiliario,Renca,Metropolitana,495000,14.14,71.5,2023-02-08 00:00:00.000000,2023-03-22 00:00:00.000000,Departamento,ARRIENDO,owner_direct
PI-2023-03-001090,portalinmobiliario,Conchalí,Metropolitana,370000,10.57,41.4,2023-02-26 00:00:00.000000,2023-03-08 00:00:00.000000,Departamento,ARRIENDO,owner_direct
PI-2023-03-004162,portalinmobiliario,San Joaquín,Metropolitana,585000,16.71,48.3,2023-03-06 00:00:00.000000,2023-03-29 00:00:00.000000,Departamento,ARRIENDO,agency
PI-2023-03-002478,portalinmobiliario,La Reina,Metropolitana,830000,23.71,52.4,2023-03-07 00:00:00.000000,2023-03-15 00:00:00.000000,Departamento,ARRIENDO,agency
PI-2023-03-002576,portalinmobiliario, San Miguel,Metropolitana,620000,17.71,59.0,2023-03-11 00:00:00.000000,2023-03-15 00:00:00.000000,Departamento,arriendo,agency
PI-2023-03-002118,portalinmobiliario,La Florida,Metropolitana,680000,19.43,52.8,2023-02-17 00:00:00.000000,2023-03-15 00:00:00.000000,DEPARTAMENTO,arriendo,agency
PI-2023-03-002020,portalinmobiliario,San Joaquín,Metropolitana,375000,10.71,42.6,2023-02-01 00:00:00.000000,2023-03-15 00:00:00.000000,Departamento,ARRIENDO,agency
PI-2023-03-002508,portalinmobiliario,Estación Central,Metropolitana,390000,11.14,29.5,2023-01-28 00:00:00.000000,2023-03-15 00:00:00.000000,departamento,arriendo,agency
PI-2023-03-000776,portalinmobiliario,Estación Central,Metropolitana,3640000,104.0,650.0,2023-01-21 00:00:00.000000,2023-03-01 00:00:00.000000,departamento,Arriendo,agency
PI-2023-03-004791,portalinmobiliario,PROVIDENCIA,Metropolitana,765000,21.86,38.3,2023-03-16 00:00:00.000000,2023-03-29 00:00:00.000000,departamento,ARRIENDO,agency
PI-2023-03-000001,portalinmobiliario,Puente Alto,Metropolitana,575000,16.43,57.6,2023-02-17 00:00:00.000000,2023-03-01 00:00:00.000000,Departamento,Arriendo,agency
PI-2023-03-005202,portalinmobiliario,Lo Barnechea,Metropolitana,1285000,36.71,79.1,2023-02-01 00:00:00.000000,2023-03-29 00:00:00.000000,departamento,ARRIENDO,agency
PI-2023-03-000227,portalinmobiliario,Providencia,Metropolitana,1005000,28.71,40.6,2023-01-02 00:00:00.000000,2023-03-01 00:00:00.000000,DEPARTAMENTO,ARRIENDO,owner_direct
PI-2023-03-000222,portalinmobiliario,Ñuñoa,Metropolitana,620000,17.71,34.1,2023-01-31 00:00:00.000000,2023-03-01 00:00:00.000000,Departamento,arriendo,agency
PI-2023-03-002097,portalinmobiliario,La Florida,Metropolitana,550000,15.71,55.0,2023-03-09 00:00:00.000000,2023-03-15 00:00:00.000000,DEPARTAMENTO,Arriendo,agency
PI-2023-03-001528,portalinmobiliario,Santiago,Metropolitana,430000,12.29,24.9,2023-03-05 00:00:00.000000,2023-03-08 00:00:00.000000,Departamento,ARRIENDO,agency
PI-2023-03-002935,portalinmobiliario,Macul,Metropolitana,630000,18.0,66.3,2023-02-27 00:00:00.000000,2023-03-15 00:00:00.000000,Departamento,Arriendo,owner_direct
PI-2023-03-005149,portalinmobiliario,Ñuñoa,Metropolitana,620000,17.71,44.1,2023-03-14 00:00:00.000000,2023-03-29 00:00:00.000000,DEPARTAMENTO,ARRIENDO,agency
PI-2023-03-001618,portalinmobiliario,Independencia,Metropolitana,485000,13.86,52.4,2022-10-07 00:00:00.000000,2023-03-08 00:00:00.000000,Departamento,arriendo,agency
PI-2023-03-000275,portalinmobiliario,Las Condes,Metropolitana,1190000,34.0,67.3,2023-01-18 00:00:00.000000,2023-03-01 00:00:00.000000,Departamento,arriendo,owner_direct
PI-2023-03-004477,portalinmobiliario,Puente Alto,Metropolitana,485000,13.86,69.5,2022-12-12 00:00:00.000000,2023-03-29 00:00:00.000000,Departamento,arriendo,owner_direct
PI-2023-03-002079,portalinmobiliario,Maipú,Metropolitana,390000,11.14,35.7,2023-02-15 00:00:00.000000,2023-03-15 00:00:00.000000,Departamento,ARRIENDO,agency
PI-2023-03-001675,portalinmobiliario,San Joaquín,Metropolitana,460000,13.14,54.0,2023-02-17 00:00:00.000000,2023-03-08 00:00:00.000000,Departamento,arriendo,agency
PI-2023-03-002039,portalinmobiliario,La Florida,Metropolitana,580000,16.57,51.8,2023-03-03 00:00:00.000000,2023-03-15 00:00:00.000000,Departamento,Arriendo,agency
PI-2023-03-001299,portalinmobiliario,Ñuñoa,Metropolitana,510000,14.57,42.4,2023-01-30 00:00:00.000000,2023-03-08 00:00:00.000000,Departamento,ARRIENDO,agency
PI-2023-03-000102,portalinmobiliario,Santiago,Metropolitana,730000,20.86,82.2,2023-02-10 00:00:00.000000,2023-03-01 00:00:00.000000,Departamento,arriendo,owner_direct
PI-2023-03-001294,portalinmobiliario,Estación Central,Metropolitana,495000,14.14,46.6,2023-02-14 00:00:00.000000,2023-03-08 00:00:00.000000,DEPARTAMENTO,arriendo,agency
PI-2023-03-002873,portalinmobiliario,Estación Central,Metropolitana,400000,11.43,43.6,2023-02-05 00:00:00.000000,2023-03-15 00:00:00.000000,departamento,Arriendo,agency
PI-2023-03-000426,portalinmobiliario,San Miguel,Metropolitana,525000,15.0,33.7,2023-02-23 00:00:00.000000,2023-03-01 00:00:00.000000,DEPARTAMENTO,ARRIENDO,agency
PI-2023-03-000577,portalinmobiliario,La Florida,Metropolitana,630000,18.0,74.6,2022-09-24 00:00:00.000000,2023-03-01 00:00:00.000000,Departamento,ARRIENDO,agency
PI-2023-03-005368,portalinmobiliario,Cerrillos,Metropolitana,5185000,148.14,55.2,2023-02-17 00:00:00.000000,2023-03-29 00:00:00.000000,DEPARTAMENTO,arriendo,owner_direct
PI-2023-03-002261,portalinmobiliario,Renca,Metropolitana,390000,11.14,47.2,2023-02-26 00:00:00.000000,2023-03-15 00:00:00.000000,DEPARTAMENTO,arriendo,agency
PI-2023-03-003158,portalinmobiliario,Estación Central,Metropolitana,495000,14.14,56.8,2023-02-24 00:00:00.000000,2023-03-22 00:00:00.000000,departamento,arriendo,agency
PI-2023-03-001142,portalinmobiliario,Recoleta,Metropolitana,600000,17.14,58.6,2023-01-25 00:00:00.000000,2023-03-08 00:00:00.000000,departamento,Arriendo,agency
PI-2023-03-003891,portalinmobiliario,Ñuñoa,Metropolitana,730000,20.86,54.1,2022-11-02 00:00:00.000000,2023-03-22 00:00:00.000000,Departamento,arriendo,owner_direct
PI-2023-03-005143,portalinmobiliario,Las Condes,Metropolitana,1000000,28.57,51.5,2023-03-19 00:00:00.000000,2023-03-29 00:00:00.000000,Departamento,ARRIENDO,agency
PI-2023-03-003336,portalinmobiliario,Macul,Metropolitana,470000,13.43,44.7,2023-03-03 00:00:00.000000,2023-03-22 00:00:00.000000,Departamento,ARRIENDO,agency
PI-2023-03-005272,portalinmobiliario,Macul,Metropolitana,430000,12.29,35.4,2023-03-12 00:00:00.000000,2023-03-29 00:00:00.000000,Departamento,ARRIENDO,owner_direct
PI-2023-03-002920,portalinmobiliario,Ñuñoa,Metropolitana,540000,15.43,42.2,2023-02-28 00:00:00.000000,2023-03-15 00:00:00.000000,departamento,ARRIENDO,agency
PI-2023-03-003330,portalinmobiliario,La Reina,Metropolitana,800000,22.86,48.1,2023-03-18 00:00:00.000000,2023-03-22 00:00:00.000000,Departamento,ARRIENDO,agency
PI-2023-03-004615,portalinmobiliario,Las Condes,Metropolitana,915000,26.14,43.2,2022-10-09 00:00:00.000000,2023-03-29 00:00:00.000000,Departamento,arriendo,agency
PI-2023-03-003015,portalinmobiliario,Providencia,Metropolitana,1145000,32.71,70.0,2023-03-06 00:00:00.000000,2023-03-22 00:00:00.000000,departamento,ARRIENDO,agency
PI-2023-03-002148,portalinmobiliario,Providencia,Metropolitana,1050000,30.0,70.9,2023-02-25 00:00:00.000000,2023-03-15 00:00:00.000000,departamento,Arriendo,agency
PI-2023-03-000662,portalinmobiliario,la cisterna,Metropolitana,385000,11.0,33.7,2023-02-05 00:00:00.000000,2023-03-01 00:00:00.000000,DEPARTAMENTO,arriendo,agency
PI-2023-03-000986,portalinmobiliario,Santiago,Metropolitana,535000,15.29,36.3,2023-02-15 00:00:00.000000,2023-03-08 00:00:00.000000,Departamento,ARRIENDO,agency
PI-2023-03-002418,portalinmobiliario,Providencia,Metropolitana,935000,26.71,54.9,2023-01-23 00:00:00.000000,2023-03-15 00:00:00.000000,departamento,arriendo,agency
PI-2023-03-004147,portalinmobiliario,Estación Central,Metropolitana,495000,14.14,53.5,2023-03-23 00:00:00.000000,2023-03-29 00:00:00.000000,departamento,Arriendo,owner_direct
PI-2023-03-000704,portalinmobiliario,Estación Central,Metropolitana,565000,16.14,59.0,2022-07-30 00:00:00.000000,2023-03-01 00:00:00.000000,departamento,ARRIENDO,owner_direct
PI-2023-03-000654,portalinmobiliario,Estación Central,Metropolitana,420000,12.0,39.0,2022-11-03 00:00:00.000000,2023-03-01 00:00:00.000000,DEPARTAMENTO,Arriendo,agency
PI-2023-03-001218,portalinmobiliario,Ñuñoa,Metropolitana,650000,18.57,48.2,2023-02-28 00:00:00.000000,2023-03-08 00:00:00.000000,Departamento,ARRIENDO,agency
PI-2023-03-004916,portalinmobiliario,Providencia,Metropolitana,1295000,37.0,80.1,2023-03-16 00:00:00.000000,2023-03-29 00:00:00.000000,Departamento,Arriendo,agency
PI-2023-03-004106,portalinmobiliario,Ñuñoa,Metropolitana,620000,17.71,36.5,2023-03-01 00:00:00.000000,2023-03-29 00:00:00.000000,DEPARTAMENTO,ARRIENDO,agency
PI-2023-03-002991,portalinmobiliario,San Miguel,Metropolitana,680000,19.43,63.3,2023-02-05 00:00:00.000000,2023-03-22 00:00:00.000000,Departamento,arriendo,owner_direct
PI-2023-03-001093,portalinmobiliario,Providencia,Metropolitana,720000,20.57,35.5,2023-01-25 00:00:00.000000,2023-03-08 00:00:00.000000,DEPARTAMENTO,arriendo,owner_direct
PI-2023-03-001396,portalinmobiliario,Recoleta,Metropolitana,435000,12.43,26.1,2023-02-26 00:00:00.000000,2023-03-08 00:00:00.000000,DEPARTAMENTO,arriendo,agency
PI-2023-03-000794,portalinmobiliario,San Joaquín,Metropolitana,515000,14.71,40.5,2023-02-12 00:00:00.000000,2023-03-01 00:00:00.000000,departamento,arriendo,owner_direct
PI-2023-03-003046,portalinmobiliario,Las Condes,Metropolitana,905000,25.86,28.6,2023-02-04 00:00:00.000000,2023-03-22 00:00:00.000000,departamento,arriendo,owner_direct
PI-2023-03-003576,portalinmobiliario,Santiago,Metropolitana,570000,16.29,49.0,2023-01-29 00:00:00.000000,2023-03-22 00:00:00.000000,departamento,ARRIENDO,agency
PI-2023-03-000709,portalinmobiliario,Macul,Metropolitana,440000,12.57,44.9,2022-12-31 00:00:00.000000,2023-03-01 00:00:00.000000,Departamento,Arriendo,agency
PI-2023-03-003169,portalinmobiliario,Estación Central,Metropolitana,500000,14.29,37.4,2023-03-04 00:00:00.000000,2023-03-22 00:00:00.000000,departamento,Arriendo,agency
PI-2023-03-004446,portalinmobiliario,Macul,Metropolitana,605000,17.29,41.9,2023-03-14 00:00:00.000000,2023-03-29 00:00:00.000000,departamento,Arriendo,owner_direct
PI-2023-03-000428,portalinmobiliario,Maipú,Metropolitana,480000,13.71,48.0,2023-02-04 00:00:00.000000,2023-03-01 00:00:00.000000,departamento,Arriendo,agency
PI-2023-03-002606,portalinmobiliario,Recoleta,Metropolitana,555000,15.86,62.2,2023-02-17 00:00:00.000000,2023-03-15 00:00:00.000000,DEPARTAMENTO,Arriendo,agency
PI-2023-03-000392,portalinmobiliario,Recoleta,Metropolitana,605000,17.29,51.2,2023-01-17 00:00:00.000000,2023-03-01 00:00:00.000000,Departamento,arriendo,owner_direct
PI-2023-03-000562,portalinmobiliario,Macul,Metropolitana,550000,15.71,45.1,2023-01-31 00:00:00.000000,2023-03-01 00:00:00.000000,DEPARTAMENTO,Arriendo,owner_direct
PI-2023-03-004275,portalinmobiliario,Las Condes,Metropolitana,615000,17.57,28.4,2023-02-11 00:00:00.000000,2023-03-29 00:00:00.000000,departamento,Arriendo,agency
PI-2023-03-000946,portalinmobiliario,Independencia,Metropolitana,475000,13.57,47.2,2023-02-01 00:00:00.000000,2023-03-01 00:00:00.000000,departamento,ARRIENDO,agency
PI-2023-03-005256,portalinmobiliario,Peñalolén,Metropolitana,450000,12.86,37.1,2023-03-21 00:00:00.000000,2023-03-29 00:00:00.000000,departamento,Arriendo,agency
PI-2023-03-003181,portalinmobiliario,La Florida,Metropolitana,605000,17.29,52.0,2023-03-03 00:00:00.000000,2023-03-22 00:00:00.000000,departamento,arriendo,agency
PI-2023-03-004776,portalinmobiliario,Lo Barnechea,Metropolitana,755000,21.57,43.0,2023-03-16 00:00:00.000000,2023-03-29 00:00:00.000000,departamento,ARRIENDO,agency
PI-2023-03-001726,portalinmobiliario,Puente Alto,Metropolitana,490000,14.0,55.4,2023-02-14 00:00:00.000000,2023-03-08 00:00:00.000000,DEPARTAMENTO,arriendo,agency
PI-2023-03-003236,portalinmobiliario,San Miguel,Metropolitana,675000,19.29,74.4,2023-03-06 00:00:00.000000,2023-03-22 00:00:00.000000,Departamento,arriendo,owner_direct
PI-2023-03-004795,portalinmobiliario,Providencia,Metropolitana,1945000,55.57,129.6,2023-03-10 00:00:00.000000,2023-03-29 00:00:00.000000,departamento,ARRIENDO,agency
PI-2023-03-004318,portalinmobiliario,San Joaquín,Metropolitana,590000,16.86,68.0,2023-03-20 00:00:00.000000,2023-03-29 00:00:00.000000,departamento,ARRIENDO,agency
PI-2023-03-000266,portalinmobiliario,La Reina,Metropolitana,920000,26.29,51.1,2023-02-16 00:00:00.000000,2023-03-01 00:00:00.000000,Departamento,Arriendo,agency
PI-2023-03-002868,portalinmobiliario,Quinta Normal,Metropolitana,650000,18.57,84.9,2023-03-10 00:00:00.000000,2023-03-15 00:00:00.000000,Departamento,arriendo,agency
PI-2023-03-002822,portalinmobiliario,Providencia,Metropolitana,810000,,33.2,2022-09-27 00:00:00.000000,2023-03-15 00:00:00.000000,departamento,Arriendo,agency
PI-2023-03-002819,portalinmobiliario,Maipú,Metropolitana,435000,12.43,52.6,2023-03-01 00:00:00.000000,2023-03-15 00:00:00.000000,DEPARTAMENTO,Arriendo,owner_direct
PI-2023-03-003962,portalinmobiliario,Macul,Metropolitana,600000,17.14,44.6,2023-01-30 00:00:00.000000,2023-03-22 00:00:00.000000,Departamento,ARRIENDO,agency
PI-2023-03-005217,portalinmobiliario,Renca,Metropolitana,410000,11.71,45.4,2023-02-25 00:00:00.000000,2023-03-29 00:00:00.000000,DEPARTAMENTO,Arriendo,agency
PI-2023-03-002820,portalinmobiliario,SANTIAGO,Metropolitana,465000,13.29,31.9,2023-03-06 00:00:00.000000,2023-03-15 00:00:00.000000,DEPARTAMENTO,Arriendo,agency
PI-2023-03-003512,portalinmobiliario,Huechuraba,Metropolitana,485000,13.86,32.3,2023-03-04 00:00:00.000000,2023-03-22 00:00:00.000000,DEPARTAMENTO,Arriendo,agency
PI-2023-03-004769,portalinmobiliario,Quinta Normal,Metropolitana,420000,12.0,35.8,2023-03-13 00:00:00.000000,2023-03-29 00:00:00.000000,Departamento,arriendo,owner_direct
PI-2023-03-003717,portalinmobiliario,Las Condes,Metropolitana,1075000,30.71,63.5,2023-03-09 00:00:00.000000,2023-03-22 00:00:00.000000,DEPARTAMENTO,Arriendo,agency
PI-2023-03-001036,portalinmobiliario,La Florida,Metropolitana,535000,15.29,51.3,2023-01-31 00:00:00.000000,2023-03-08 00:00:00.000000,Departamento,Arriendo,agency
PI-2023-03-000643,portalinmobiliario,Santiago,Metropolitana,485000,13.86,27.4,2023-02-16 00:00:00.000000,2023-03-01 00:00:00.000000,Departamento,Arriendo,agency
PI-2023-03-003434,portalinmobiliario,Las Condes,Metropolitana,1000000,28.57,50.3,2023-02-05 00:00:00.000000,2023-03-22 00:00:00.000000,DEPARTAMENTO,Arriendo,agency
PI-2023-03-005374,portalinmobiliario,Cerrillos,Metropolitana,515000,14.71,56.9,2023-01-21 00:00:00.000000,2023-03-29 00:00:00.000000,Departamento,ARRIENDO,owner_direct
PI-2023-03-002762,portalinmobiliario,Macul,Metropolitana,535000,15.29,42.4,2023-02-13 00:00:00.000000,2023-03-15 00:00:00.000000,Departamento,Arriendo,agency
PI-2023-03-001377,portalinmobiliario,San Joaquín,Metropolitana,645000,18.43,71.1,2023-02-08 00:00:00.000000,2023-03-08 00:00:00.000000,departamento,ARRIENDO,agency
PI-2023-03-000148,portalinmobiliario,Las Condes,Metropolitana,750000,21.43,37.0,2023-02-11 00:00:00.000000,2023-03-01 00:00:00.000000,departamento,Arriendo,owner_direct
PI-2023-03-005355,portalinmobiliario,La Cisterna,Metropolitana,670000,19.14,59.7,2023-03-02 00:00:00.000000,2023-03-29 00:00:00.000000,Departamento,Arriendo,owner_direct
PI-2023-03-002502,portalinmobiliario,San Miguel,Metropolitana,540000,15.43,57.9,2023-02-16 00:00:00.000000,2023-03-15 00:00:00.000000,Departamento,ARRIENDO,agency
PI-2023-03-000081,portalinmobiliario,San Joaquín,Metropolitana,510000,14.57,50.6,2023-02-23 00:00:00.000000,2023-03-01 00:00:00.000000,DEPARTAMENTO,arriendo,agency
PI-2023-03-004214,portalinmobiliario,estación central,Metropolitana,345000,9.86,26.2,2023-03-17 00:00:00.000000,2023-03-29 00:00:00.000000,DEPARTAMENTO,arriendo,agency
PI-2023-03-002467,portalinmobiliario,Ñuñoa,Metropolitana,660000,18.86,46.9,2023-03-10 00:00:00.000000,2023-03-15 00:00:00.000000,departamento,ARRIENDO,owner_direct
PI-2023-03-004538,portalinmobiliario,Huechuraba,Metropolitana,480000,13.71,27.3,2023-03-10 00:00:00.000000,2023-03-29 00:00:00.000000,DEPARTAMENTO,arriendo,agency
PI-2023-03-002507,portalinmobiliario,Recoleta,Metropolitana,400000,11.43,48.7,2022-11-07 00:00:00.000000,2023-03-15 00:00:00.000000,departamento,Arriendo,owner_direct
PI-2023-03-001030,portalinmobiliario,Estación Central,Metropolitana,385000,11.0,39.7,2023-03-05 00:00:00.000000,2023-03-08 00:00:00.000000,DEPARTAMENTO,Arriendo,agency
PI-2023-03-003609,portalinmobiliario,Estación Central,Metropolitana,870000,24.86,105.9,2023-03-15 00:00:00.000000,2023-03-22 00:00:00.000000,DEPARTAMENTO,Arriendo,owner_direct
PI-2023-03-000297,portalinmobiliario,San Miguel,Metropolitana,455000,13.0,33.3,2023-02-14 00:00:00.000000,2023-03-01 00:00:00.000000,DEPARTAMENTO,arriendo,agency
PI-2023-03-000762,portalinmobiliario,San Miguel,Metropolitana,505000,14.43,43.3,2023-01-28 00:00:00.000000,2023-03-01 00:00:00.000000,departamento,arriendo,owner_direct
PI-2023-03-002437,portalinmobiliario,Quilicura,Metropolitana,450000,12.86,37.6,2023-01-16 00:00:00.000000,2023-03-15 00:00:00.000000,DEPARTAMENTO,arriendo,agency
PI-2023-03-002262,portalinmobiliario,Santiago,Metropolitana,720000,20.57,60.4,2023-02-05 00:00:00.000000,2023-03-15 00:00:00.000000,departamento,Arriendo,owner_direct
PI-2023-03-003217,portalinmobiliario,Maipú,Metropolitana,505000,14.43,45.8,2023-03-07 00:00:00.000000,2023-03-22 00:00:00.000000,Departamento,Arriendo,owner_direct
PI-2023-03-001451,portalinmobiliario,Estación Central,Metropolitana,415000,11.86,43.8,2023-02-25 00:00:00.000000,2023-03-08 00:00:00.000000,DEPARTAMENTO,arriendo,owner_direct
PI-2023-03-004404,portalinmobiliario,San Miguel,Metropolitana,420000,12.0,28.5,2023-02-11 00:00:00.000000,2023-03-29 00:00:00.000000,Departamento,arriendo,agency
PI-2023-03-000540,portalinmobiliario,Independencia,Metropolitana,485000,13.86,50.7,2023-02-08 00:00:00.000000,2023-03-01 00:00:00.000000,departamento,Arriendo,owner_direct
PI-2023-03-000772,portalinmobiliario,Huechuraba,Metropolitana,650000,18.57,55.7,2023-01-19 00:00:00.000000,2023-03-01 00:00:00.000000,Departamento,arriendo,owner_direct
PI-2023-03-004991,portalinmobiliario,Puente Alto,Metropolitana,410000,11.71,45.1,2023-03-17 00:00:00.000000,2023-03-29 00:00:00.000000,DEPARTAMENTO,ARRIENDO,agency
PI-2023-03-002950,portalinmobiliario,Independencia,Metropolitana,685000,19.57,66.9,2023-03-14 00:00:00.000000,2023-03-22 00:00:00.000000,Departamento,ARRIENDO,agency
PI-2023-03-000656,portalinmobiliario,La Reina,Metropolitana,1610000,46.0,127.7,2023-02-07 00:00:00.000000,2023-03-01 00:00:00.000000,DEPARTAMENTO,ARRIENDO,owner_direct
PI-2023-03-003378,portalinmobiliario,Quinta Normal,Metropolitana,300000,8.57,27.9,2023-01-23 00:00:00.000000,2023-03-22 00:00:00.000000,DEPARTAMENTO,Arriendo,agency
PI-2023-03-002917,portalinmobiliario,Maipú,Metropolitana,470000,13.43,45.6,2023-03-04 00:00:00.000000,2023-03-15 00:00:00.000000,DEPARTAMENTO,ARRIENDO,owner_direct
PI-2023-03-001059,portalinmobiliario,La Florida,Metropolitana,385000,11.0,38.4,2023-02-14 00:00:00.000000,2023-03-08 00:00:00.000000,Departamento,ARRIENDO,owner_direct
PI-2023-03-001673,portalinmobiliario,Independencia,Metropolitana,430000,12.29,35.9,2023-02-28 00:00:00.000000,2023-03-08 00:00:00.000000,DEPARTAMENTO,ARRIENDO,agency
PI-2023-03-003222,portalinmobiliario,providencia,Metropolitana,775000,22.14,44.9,2023-03-11 00:00:00.000000,2023-03-22 00:00:00.000000,Departamento,Arriendo,agency
PI-2023-03-001913,portalinmobiliario,Ñuñoa,Metropolitana,1110000,31.71,95.7,2023-02-10 00:00:00.000000,2023-03-15 00:00:00.000000,Departamento,Arriendo,owner_direct
PI-2023-03-000676,portalinmobiliario,San Miguel,Metropolitana,395000,11.29,37.7,2023-02-06 00:00:00.000000,2023-03-01 00:00:00.000000,Departamento,Arriendo,agency
PI-2023-03-001158,portalinmobiliario,Independencia,Metropolitana,450000,12.86,44.7,2023-02-15 00:00:00.000000,2023-03-08 00:00:00.000000,departamento,ARRIENDO,owner_direct
PI-2023-03-000004,portalinmobiliario,La Reina,Metropolitana,1095000,31.29,71.1,2023-01-28 00:00:00.000000,2023-03-01 00:00:00.000000,departamento,Arriendo,agency
PI-2023-03-003817,portalinmobiliario,Independencia,Metropolitana,520000,14.86,49.4,2023-03-01 00:00:00.000000,2023-03-22 00:00:00.000000,departamento,ARRIENDO,agency
PI-2023-03-000043,portalinmobiliario,Ñuñoa,Metropolitana,685000,19.57,41.0,2023-01-19 00:00:00.000000,2023-03-01 00:00:00.000000,Departamento,Arriendo,agency
PI-2023-03-001634,portalinmobiliario,La Florida,Metropolitana,800000,22.86,92.1,2023-02-03 00:00:00.000000,2023-03-08 00:00:00.000000,Departamento,Arriendo,agency
PI-2023-03-003345,portalinmobiliario,Las Condes,Metropolitana,1090000,31.14,52.2,2023-03-07 00:00:00.000000,2023-03-22 00:00:00.000000,departamento,arriendo,owner_direct
PI-2023-03-001887,portalinmobiliario,Las Condes ,Metropolitana,1340000,38.29,62.0,2023-02-15 00:00:00.000000,2023-03-08 00:00:00.000000,departamento,ARRIENDO,agency
PI-2023-03-000046,portalinmobiliario,Ñuñoa,Metropolitana,565000,16.14,29.9,2023-02-21 00:00:00.000000,2023-03-01 00:00:00.000000,DEPARTAMENTO,arriendo,agency
PI-2023-03-003680,portalinmobiliario,Santiago,Metropolitana,415000,11.86,30.5,2023-03-13 00:00:00.000000,2023-03-22 00:00:00.000000,Departamento,Arriendo,agency
PI-2023-03-002325,portalinmobiliario,Estación Central,Metropolitana,460000,,39.4,2023-02-23 00:00:00.000000,2023-03-15 00:00:00.000000,departamento,arriendo,owner_direct
PI-2023-03-005232,portalinmobiliario,Santiago,Metropolitana,490000,14.0,33.8,2022-09-21 00:00:00.000000,2023-03-29 00:00:00.000000,departamento,arriendo,agency
PI-2023-03-003894,portalinmobiliario,Peñalolén,Metropolitana,475000,13.57,41.7,2022-12-02 00:00:00.000000,2023-03-22 00:00:00.000000,departamento,Arriendo,agency
PI-2023-03-005021,portalinmobiliario,Lo Barnechea,Metropolitana,905000,25.86,57.4,2023-03-15 00:00:00.000000,2023-03-29 00:00:00.000000,departamento,arriendo,agency
PI-2023-03-000325,portalinmobiliario,Ñuñoa,Metropolitana,910000,26.0,71.5,2023-02-04 00:00:00.000000,2023-03-01 00:00:00.000000,departamento,arriendo,agency
PI-2023-03-005063,portalinmobiliario,La Florida,Metropolitana,520000,14.86,42.8,2023-02-24 00:00:00.000000,2023-03-29 00:00:00.000000,departamento,ARRIENDO,owner_direct
PI-2023-03-003574,portalinmobiliario,La Florida,Metropolitana,405000,11.57,26.8,2023-02-21 00:00:00.000000,2023-03-22 00:00:00.000000,Departamento,ARRIENDO,owner_direct
PI-2023-03-003303,portalinmobiliario,Macul,Metropolitana,625000,17.86,46.4,2023-02-20 00:00:00.000000,2023-03-22 00:00:00.000000,Departamento,arriendo,agency
PI-2023-03-004423,portalinmobiliario,La Florida,Metropolitana,490000,14.0,49.7,2023-03-21 00:00:00.000000,2023-03-29 00:00:00.000000,Departamento,ARRIENDO,owner_direct
PI-2023-03-001484,portalinmobiliario,Pudahuel,Metropolitana,335000,9.57,31.0,2023-03-01 00:00:00.000000,2023-03-08 00:00:00.000000,Departamento,Arriendo,agency
PI-2023-03-001770,portalinmobiliario,La Cisterna,Metropolitana,455000,13.0,48.1,2022-08-13 00:00:00.000000,2023-03-08 00:00:00.000000,departamento,Arriendo,agency
PI-2023-03-004351,portalinmobiliario,Macul,Metropolitana,710000,20.29,63.8,2023-03-01 00:00:00.000000,2023-03-29 00:00:00.000000,DEPARTAMENTO,Arriendo,owner_direct
PI-2023-03-005154,portalinmobiliario,Las Condes,Metropolitana,1150000,32.86,56.3,2023-03-20 00:00:00.000000,2023-03-29 00:00:00.000000,departamento,ARRIENDO,owner_direct
PI-2023-03-003685,portalinmobiliario,Vitacura,Metropolitana,890000,25.43,30.6,2023-03-17 00:00:00.000000,2023-03-22 00:00:00.000000,departamento,ARRIENDO,owner_direct
PI-2023-03-001806,portalinmobiliario,Santiago,Metropolitana,540000,15.43,54.9,2022-10-09 00:00:00.000000,2023-03-08 00:00:00.000000,DEPARTAMENTO,arriendo,agency
PI-2023-03-004034,portalinmobiliario,Maipú,Metropolitana,590000,16.86,55.9,2023-02-27 00:00:00.000000,2023-03-22 00:00:00.000000,Departamento,Arriendo,owner_direct
PI-2023-03-003779,portalinmobiliario,Maipú,Metropolitana,760000,21.71,118.9,2023-03-13 00:00:00.000000,2023-03-22 00:00:00.000000,DEPARTAMENTO,Arriendo,agency
PI-2023-03-001678,portalinmobiliario,Santiago,Metropolitana,605000,17.29,47.0,2023-02-05 00:00:00.000000,2023-03-08 00:00:00.000000,departamento,Arriendo,agency
PI-2023-03-004382,portalinmobiliario,Huechuraba,Metropolitana,630000,18.0,48.3,2023-01-31 00:00:00.000000,2023-03-29 00:00:00.000000,Departamento,arriendo,agency
PI-2023-03-004668,portalinmobiliario,La Florida,Metropolitana,605000,17.29,61.6,2022-10-25 00:00:00.000000,2023-03-29 00:00:00.000000,Departamento,arriendo,agency
PI-2023-03-002245,portalinmobiliario,San Joaquín,Metropolitana,405000,11.57,38.7,2023-02-24 00:00:00.000000,2023-03-15 00:00:00.000000,departamento,arriendo,agency
PI-2023-03-001025,portalinmobiliario,Peñalolén,Metropolitana,545000,15.57,49.3,2023-02-21 00:00:00.000000,2023-03-08 00:00:00.000000,departamento,ARRIENDO,agency
PI-2023-03-001742,portalinmobiliario,Lo Barnechea,Metropolitana,660000,18.86,23.4,2023-02-26 00:00:00.000000,2023-03-08 00:00:00.000000,departamento,ARRIENDO,agency
PI-2023-03-005362,portalinmobiliario,Peñalolén,Metropolitana,645000,18.43,89.9,2023-03-19 00:00:00.000000,2023-03-29 00:00:00.000000,departamento,Arriendo,agency
PI-2023-03-001724,portalinmobiliario,Recoleta,Metropolitana,365000,10.43,29.8,2023-01-25 00:00:00.000000,2023-03-08 00:00:00.000000,DEPARTAMENTO,Arriendo,owner_direct
PI-2023-03-003179,portalinmobiliario,Estación Central,Metropolitana,1620000,46.29,52.4,2022-09-14 00:00:00.000000,2023-03-22 00:00:00.000000,Departamento,Arriendo,owner_direct
PI-2023-03-000816,portalinmobiliario,Lo Barnechea,Metropolitana,810000,23.14,50.4,2023-02-06 00:00:00.000000,2023-03-01 00:00:00.000000,Departamento,ARRIENDO,owner_direct
PI-2023-03-000814,portalinmobiliario,La Reina,Metropolitana,830000,23.71,39.5,2023-02-20 00:00:00.000000,2023-03-01 00:00:00.000000,Departamento,ARRIENDO,owner_direct
PI-2023-03-001199,portalinmobiliario,La Cisterna,Metropolitana,445000,12.71,38.4,2023-02-03 00:00:00.000000,2023-03-08 00:00:00.000000,Departamento,ARRIENDO,owner_direct
PI-2023-03-003294,portalinmobiliario,Estación Central,Metropolitana,465000,13.29,45.2,2023-02-10 00:00:00.000000,2023-03-22 00:00:00.000000,DEPARTAMENTO,arriendo,owner_direct
PI-2023-03-003814,portalinmobiliario,Quilicura,Metropolitana,480000,13.71,51.0,2023-03-10 00:00:00.000000,2023-03-22 00:00:00.000000,departamento,ARRIENDO,agency
PI-2023-03-004410,portalinmobiliario,Ñuñoa,Metropolitana,575000,16.43,40.5,2022-09-04 00:00:00.000000,2023-03-29 00:00:00.000000,DEPARTAMENTO,arriendo,agency
PI-2023-03-004677,portalinmobiliario,La Reina,Metropolitana,1225000,35.0,83.7,2023-02-12 00:00:00.000000,2023-03-29 00:00:00.000000,departamento,arriendo,agency
PI-2023-03-000379,portalinmobiliario,Santiago,Metropolitana,540000,15.43,50.3,2023-02-22 00:00:00.000000,2023-03-01 00:00:00.000000,departamento,Arriendo,agency
PI-2023-03-003529,portalinmobiliario,Las Condes,Metropolitana,980000,28.0,34.2,2023-02-27 00:00:00.000000,2023-03-22 00:00:00.000000,Departamento,Arriendo,agency
PI-2023-03-000735,portalinmobiliario,Independencia,Metropolitana,650000,18.57,52.6,2023-01-12 00:00:00.000000,2023-03-01 00:00:00.000000,departamento,arriendo,agency
PI-2023-03-003530,portalinmobiliario,Ñuñoa,Metropolitana,750000,21.43,49.3,2023-02-22 00:00:00.000000,2023-03-22 00:00:00.000000,departamento,Arriendo,agency
PI-2023-03-001699,portalinmobiliario,La Florida,Metropolitana,500000,14.29,44.4,2023-02-26 00:00:00.000000,2023-03-08 00:00:00.000000,Departamento,ARRIENDO,agency
PI-2023-03-003518,portalinmobiliario,Recoleta,Metropolitana,610000,17.43,49.3,2023-03-08 00:00:00.000000,2023-03-22 00:00:00.000000,departamento,arriendo,agency
PI-2023-03-001960,portalinmobiliario,pudahuel,Metropolitana,625000,17.86,76.9,2023-01-20 00:00:00.000000,2023-03-15 00:00:00.000000,Departamento,arriendo,agency
PI-2023-03-005047,portalinmobiliario,Santiago,Metropolitana,585000,16.71,55.9,2023-03-14 00:00:00.000000,2023-03-29 00:00:00.000000,DEPARTAMENTO,ARRIENDO,owner_direct
PI-2023-03-004806,portalinmobiliario,La Florida,Metropolitana,480000,13.71,36.4,2023-03-14 00:00:00.000000,2023-03-29 00:00:00.000000,Departamento,arriendo,agency
PI-2023-03-001115,portalinmobiliario,Vitacura,Metropolitana,1220000,34.86,48.7,2023-02-22 00:00:00.000000,2023-03-08 00:00:00.000000,Departamento,arriendo,agency
PI-2023-03-005286,portalinmobiliario,Quinta Normal,Metropolitana,550000,15.71,47.7,2023-03-26 00:00:00.000000,2023-03-29 00:00:00.000000,Departamento,arriendo,owner_direct
PI-2023-03-000111,portalinmobiliario,Estación Central,Metropolitana,440000,12.57,47.1,2023-01-21 00:00:00.000000,2023-03-01 00:00:00.000000,Departamento,Arriendo,agency
PI-2023-03-000203,portalinmobiliario,Las Condes,Metropolitana,1110000,31.71,47.3,2023-01-25 00:00:00.000000,2023-03-01 00:00:00.000000,Departamento,ARRIENDO,agency
PI-2023-03-002466,portalinmobiliario,La Cisterna,Metropolitana,590000,16.86,64.9,2022-10-24 00:00:00.000000,2023-03-15 00:00:00.000000,departamento,arriendo,owner_direct
PI-2023-03-004693,portalinmobiliario,Puente Alto,Metropolitana,395000,11.29,36.1,2023-03-09 00:00:00.000000,2023-03-29 00:00:00.000000,departamento,Arriendo,owner_direct
PI-2023-03-002426,portalinmobiliario,Ñuñoa,Metropolitana,635000,18.14,35.6,2023-02-24 00:00:00.000000,2023-03-15 00:00:00.000000,DEPARTAMENTO,Arriendo,agency
PI-2023-03-003478,portalinmobiliario,Providencia,Metropolitana,1510000,43.14,105.1,2023-03-18 00:00:00.000000,2023-03-22 00:00:00.000000,DEPARTAMENTO,Arriendo,owner_direct
PI-2023-03-002358,portalinmobiliario,santiago,Metropolitana,405000,11.57,30.5,2023-01-19 00:00:00.000000,2023-03-15 00:00:00.000000,DEPARTAMENTO,arriendo,agency
PI-2023-03-000074,portalinmobiliario,Las Condes,Metropolitana,880000,25.14,37.3,2023-02-02 00:00:00.000000,2023-03-01 00:00:00.000000,DEPARTAMENTO,arriendo,agency
PI-2023-03-001984,portalinmobiliario,San Joaquín,Metropolitana,360000,10.29,20.8,2023-02-11 00:00:00.000000,2023-03-15 00:00:00.000000,Departamento,ARRIENDO,agency
PI-2023-03-004653,portalinmobiliario,La Florida,Metropolitana,540000,15.43,52.5,2023-03-17 00:00:00.000000,2023-03-29 00:00:00.000000,Departamento,arriendo,owner_direct
PI-2023-03-001167,portalinmobiliario,Peñalolén,Metropolitana,740000,21.14,78.1,2023-02-07 00:00:00.000000,2023-03-08 00:00:00.000000,DEPARTAMENTO,Arriendo,owner_direct
PI-2023-03-002336,portalinmobiliario,La Reina,Metropolitana,805000,23.0,42.6,2023-02-03 00:00:00.000000,2023-03-15 00:00:00.000000,DEPARTAMENTO,arriendo,agency
PI-2023-03-001665,portalinmobiliario,Santiago,Metropolitana,850000,24.29,76.9,2023-02-11 00:00:00.000000,2023-03-08 00:00:00.000000,departamento,ARRIENDO,agency
PI-2023-03-001898,portalinmobiliario,Independencia,Metropolitana,395000,11.29,27.3,2023-01-24 00:00:00.000000,2023-03-08 00:00:00.000000,Departamento,arriendo,agency
PI-2023-03-003850,portalinmobiliario,Providencia,Metropolitana,1050000,30.0,63.7,2023-03-04 00:00:00.000000,2023-03-22 00:00:00.000000,DEPARTAMENTO,ARRIENDO,owner_direct
PI-2023-03-003087,portalinmobiliario,Las Condes,Metropolitana,955000,27.29,48.5,2023-01-06 00:00:00.000000,2023-03-22 00:00:00.000000,departamento,ARRIENDO,owner_direct
PI-2023-03-000541,portalinmobiliario,Las Condes,Metropolitana,995000,28.43,65.0,2023-02-07 00:00:00.000000,2023-03-01 00:00:00.000000,Departamento,Arriendo,owner_direct
PI-2023-03-000270,portalinmobiliario,Puente Alto,Metropolitana,320000,9.14,30.1,2023-02-17 00:00:00.000000,2023-03-01 00:00:00.000000,Departamento,Arriendo,owner_direct
PI-2023-03-004119,portalinmobiliario,La Cisterna,Metropolitana,485000,13.86,50.0,2023-03-06 00:00:00.000000,2023-03-29 00:00:00.000000,DEPARTAMENTO,ARRIENDO,agency
PI-2023-03-004513,portalinmobiliario,San Miguel,Metropolitana,700000,20.0,59.0,2023-01-31 00:00:00.000000,2023-03-29 00:00:00.000000,departamento,ARRIENDO,owner_direct
PI-2023-03-002277,portalinmobiliario,Ñuñoa,Metropolitana,660000,18.86,45.1,2023-02-18 00:00:00.000000,2023-03-15 00:00:00.000000,departamento,Arriendo,owner_direct
PI-2023-03-002300,portalinmobiliario,Estación Central,Metropolitana,600000,17.14,73.4,2023-01-18 00:00:00.000000,2023-03-15 00:00:00.000000,Departamento,Arriendo,agency
PI-2023-03-004630,portalinmobiliario,Lo Barnechea,Metropolitana,1340000,38.29,68.5,2023-03-13 00:00:00.000000,2023-03-29 00:00:00.000000,DEPARTAMENTO,ARRIENDO,agency
PI-2023-03-000052,portalinmobiliario,Providencia,Metropolitana,660000,18.86,29.6,2023-02-17 00:00:00.000000,2023-03-01 00:00:00.000000,DEPARTAMENTO,arriendo,agency
PI-2023-03-004274,portalinmobiliario,Peñalolén,Metropolitana,545000,15.57,42.5,2023-01-31 00:00:00.000000,2023-03-29 00:00:00.000000,Departamento,arriendo,agency
PI-2023-03-000726,portalinmobiliario,Macul,Metropolitana,560000,16.0,40.9,2023-02-02 00:00:00.000000,2023-03-01 00:00:00.000000,DEPARTAMENTO,Arriendo,agency
PI-2023-03-003806,portalinmobiliario,Recoleta,Metropolitana,270000,7.71,26.5,2023-03-07 00:00:00.000000,2023-03-22 00:00:00.000000,Departamento,ARRIENDO,agency
PI-2023-03-003021,portalinmobiliario,Providencia,Metropolitana,795000,22.71,43.9,2022-12-21 00:00:00.000000,2023-03-22 00:00:00.000000,DEPARTAMENTO,ARRIENDO,agency
PI-2023-03-002022,portalinmobiliario,San Miguel,Metropolitana,540000,15.43,46.6,2023-01-19 00:00:00.000000,2023-03-15 00:00:00.000000,DEPARTAMENTO,ARRIENDO,agency
PI-2023-03-004577,portalinmobiliario,Quilicura,Metropolitana,450000,12.86,45.4,2023-03-03 00:00:00.000000,2023-03-29 00:00:00.000000,DEPARTAMENTO,Arriendo,owner_direct
PI-2023-03-001522,portalinmobiliario,La Florida,Metropolitana,465000,13.29,45.6,2023-02-21 00:00:00.000000,2023-03-08 00:00:00.000000,departamento,arriendo,agency
PI-2023-03-003803,portalinmobiliario,Puente Alto,Metropolitana,355000,10.14,41.9,2023-01-21 00:00:00.000000,2023-03-22 00:00:00.000000,DEPARTAMENTO,Arriendo,agency
PI-2023-03-001857,portalinmobiliario,Maipú,Metropolitana,450000,12.86,40.2,2022-09-06 00:00:00.000000,2023-03-08 00:00:00.000000,DEPARTAMENTO,arriendo,owner_direct
PI-2023-03-001545,portalinmobiliario,Lo Barnechea,Metropolitana,1085000,31.0,63.3,2023-02-07 00:00:00.000000,2023-03-08 00:00:00.000000,departamento,arriendo,agency
PI-2023-03-000479,portalinmobiliario,Cerrillos,Metropolitana,555000,15.86,40.0,2023-02-02 00:00:00.000000,2023-03-01 00:00:00.000000,departamento,ARRIENDO,agency
PI-2023-03-002161,portalinmobiliario,Macul,Metropolitana,815000,23.29,87.3,2023-02-28 00:00:00.000000,2023-03-15 00:00:00.000000,Departamento,Arriendo,agency
PI-2023-03-002260,portalinmobiliario,Estación Central,Metropolitana,420000,12.0,32.2,2023-02-18 00:00:00.000000,2023-03-15 00:00:00.000000,Departamento,arriendo,agency
PI-2023-03-003712,portalinmobiliario,Las Condes,Metropolitana,970000,27.71,39.9,2023-02-01 00:00:00.000000,2023-03-22 00:00:00.000000,DEPARTAMENTO,arriendo,agency
PI-2023-03-000302,portalinmobiliario,La Florida,Metropolitana,695000,19.86,69.5,2023-01-30 00:00:00.000000,2023-03-01 00:00:00.000000,departamento,arriendo,agency
PI-2023-03-004344,portalinmobiliario,La Florida,Metropolitana,575000,16.43,36.6,2023-03-25 00:00:00.000000,2023-03-29 00:00:00.000000,Departamento,Arriendo,agency
PI-2023-03-004968,portalinmobiliario,Santiago,Metropolitana,600000,17.14,57.6,2023-03-22 00:00:00.000000,2023-03-29 00:00:00.000000,DEPARTAMENTO,Arriendo,owner_direct
PI-2023-03-004912,portalinmobiliario,Ñuñoa,Metropolitana,780000,22.29,59.7,2023-03-20 00:00:00.000000,2023-03-29 00:00:00.000000,Departamento,Arriendo,owner_direct
PI-2023-03-002321,portalinmobiliario,Independencia,Metropolitana,385000,11.0,35.2,2023-02-13 00:00:00.000000,2023-03-15 00:00:00.000000,DEPARTAMENTO,ARRIENDO,agency
PI-2023-03-001215,portalinmobiliario,Santiago,Metropolitana,590000,16.86,43.8,2023-01-22 00:00:00.000000,2023-03-08 00:00:00.000000,DEPARTAMENTO,Arriendo,owner_direct
PI-2023-03-005258,portalinmobiliario,La Florida,Metropolitana,570000,16.29,61.0,2023-03-03 00:00:00.000000,2023-03-29 00:00:00.000000,departamento,Arriendo,agency
PI-2023-03-004135,portalinmobiliario,Independencia,Metropolitana,455000,13.0,38.1,2023-02-20 00:00:00.000000,2023-03-29 00:00:00.000000,departamento,Arriendo,agency
PI-2023-03-002759,portalinmobiliario,estación central,Metropolitana,410000,,32.3,2023-02-05 00:00:00.000000,2023-03-15 00:00:00.000000,departamento,ARRIENDO,agency
PI-2023-03-002360,portalinmobiliario, Quinta Normal,Metropolitana,725000,20.71,98.7,2023-01-14 00:00:00.000000,2023-03-15 00:00:00.000000,DEPARTAMENTO,ARRIENDO,owner_direct
PI-2023-03-005313,portalinmobiliario,San Miguel,Metropolitana,2560000,73.14,82.1,2022-10-22 00:00:00.000000,2023-03-29 00:00:00.000000,Departamento,ARRIENDO,owner_direct
PI-2023-03-001259,portalinmobiliario,Macul,Metropolitana,585000,16.71,40.3,2023-01-15 00:00:00.000000,2023-03-08 00:00:00.000000,departamento,Arriendo,owner_direct
PI-2023-03-004877,portalinmobiliario,Santiago,Metropolitana,530000,15.14,41.5,2023-03-01 00:00:00.000000,2023-03-29 00:00:00.000000,departamento,ARRIENDO,agency
PI-2023-03-002135,portalinmobiliario,Santiago,Metropolitana,655000,18.71,49.1,2022-08-22 00:00:00.000000,2023-03-15 00:00:00.000000,Departamento,Arriendo,agency
PI-2023-03-001148,portalinmobiliario,San Miguel,Metropolitana,625000,17.86,54.8,2023-01-13 00:00:00.000000,2023-03-08 00:00:00.000000,Departamento,arriendo,owner_direct
PI-2023-03-001567,portalinmobiliario,Pudahuel,Metropolitana,2000000,,46.5,2023-01-15 00:00:00.000000,2023-03-08 00:00:00.000000,departamento,arriendo,agency
PI-2023-03-001647,portalinmobiliario,Puente Alto,Metropolitana,590000,16.86,51.9,2023-02-25 00:00:00.000000,2023-03-08 00:00:00.000000,DEPARTAMENTO,Arriendo,owner_direct
PI-2023-03-004855,portalinmobiliario,Peñalolén,Metropolitana,560000,16.0,67.7,2023-03-09 00:00:00.000000,2023-03-29 00:00:00.000000,DEPARTAMENTO,Arriendo,agency
PI-2023-03-004064,portalinmobiliario,Santiago,Metropolitana,740000,21.14,64.7,2023-03-16 00:00:00.000000,2023-03-22 00:00:00.000000,DEPARTAMENTO,ARRIENDO,agency
PI-2023-03-002043,portalinmobiliario,Maipú,Metropolitana,3575000,102.14,22.9,2022-09-01 00:00:00.000000,2023-03-15 00:00:00.000000,DEPARTAMENTO,arriendo,agency
PI-2023-03-003523,portalinmobiliario,Puente Alto,Metropolitana,430000,12.29,40.6,2023-03-12 00:00:00.000000,2023-03-22 00:00:00.000000,DEPARTAMENTO,Arriendo,agency
PI-2023-03-002411,portalinmobiliario,Quilicura,Metropolitana,440000,12.57,42.2,2023-03-01 00:00:00.000000,2023-03-15 00:00:00.000000,DEPARTAMENTO,ARRIENDO,owner_direct
PI-2023-03-002267,portalinmobiliario,Puente Alto,Metropolitana,455000,13.0,67.6,2023-02-01 00:00:00.000000,2023-03-15 00:00:00.000000,departamento,Arriendo,agency
PI-2023-03-005228,portalinmobiliario,Santiago,Metropolitana,575000,16.43,55.4,2023-03-14 00:00:00.000000,2023-03-29 00:00:00.000000,departamento,arriendo,agency
PI-2023-03-000114,portalinmobiliario,Providencia,Metropolitana,975000,27.86,51.5,2023-01-26 00:00:00.000000,2023-03-01 00:00:00.000000,DEPARTAMENTO,ARRIENDO,owner_direct
PI-2023-03-003655,portalinmobiliario,Providencia,Metropolitana,895000,25.57,41.8,2023-03-03 00:00:00.000000,2023-03-22 00:00:00.000000,departamento,arriendo,agency
PI-2023-03-001995,portalinmobiliario,Lo Barnechea,Metropolitana,910000,26.0,44.0,2023-02-06 00:00:00.000000,2023-03-15 00:00:00.000000,Departamento,Arriendo,owner_direct
PI-2023-03-001109,portalinmobiliario,Las Condes,Metropolitana,1110000,31.71,70.4,2023-03-01 00:00:00.000000,2023-03-08 00:00:00.000000,DEPARTAMENTO,arriendo,agency
PI-2023-03-000231,portalinmobiliario,Puente Alto,Metropolitana,380000,10.86,41.0,2023-02-09 00:00:00.000000,2023-03-01 00:00:00.000000,departamento,arriendo,owner_direct
PI-2023-03-002661,portalinmobiliario,Santiago,Metropolitana,490000,14.0,40.0,2023-03-10 00:00:00.000000,2023-03-15 00:00:00.000000,Departamento,arriendo,agency
PI-2023-03-003747,portalinmobiliario,Santiago,Metropolitana,505000,14.43,44.8,2023-02-02 00:00:00.000000,2023-03-22 00:00:00.000000,Departamento,ARRIENDO,owner_direct
PI-2023-03-000793,portalinmobiliario,Providencia,Metropolitana,840000,24.0,52.3,2023-02-26 00:00:00.000000,2023-03-01 00:00:00.000000,Departamento,Arriendo,owner_direct
PI-2023-03-001280,portalinmobiliario,Macul,Metropolitana,505000,14.43,29.8,2023-02-27 00:00:00.000000,2023-03-08 00:00:00.000000,DEPARTAMENTO,ARRIENDO,owner_direct
PI-2023-03-003967,portalinmobiliario,Santiago,Metropolitana,635000,18.14,45.1,2023-02-26 00:00:00.000000,2023-03-22 00:00:00.000000,DEPARTAMENTO,Arriendo,agency
PI-2023-03-000021,portalinmobiliario,Conchalí,Metropolitana,440000,12.57,43.2,2022-09-12 00:00:00.000000,2023-03-01 00:00:00.000000,Departamento,ARRIENDO,owner_direct
PI-2023-03-003935,portalinmobiliario,QUILICURA,Metropolitana,655000,18.71,112.0,2023-03-08 00:00:00.000000,2023-03-22 00:00:00.000000,departamento,Arriendo,owner_direct
PI-2023-03-003062,portalinmobiliario,Quilicura,Metropolitana,595000,17.0,69.8,2023-02-13 00:00:00.000000,2023-03-22 00:00:00.000000,DEPARTAMENTO,Arriendo,owner_direct
PI-2023-03-001965,portalinmobiliario,San Miguel,Metropolitana,490000,14.0,27.3,2023-02-13 00:00:00.000000,2023-03-15 00:00:00.000000,departamento,ARRIENDO,agency
PI-2023-03-003163,portalinmobiliario,Ñuñoa,Metropolitana,8205000,234.43,58.0,2023-03-16 00:00:00.000000,2023-03-22 00:00:00.000000,Departamento,Arriendo,agency
PI-2023-03-002417,portalinmobiliario,Las Condes,Metropolitana,955000,27.29,45.9,2023-02-18 00:00:00.000000,2023-03-15 00:00:00.000000,DEPARTAMENTO,arriendo,agency
PI-2023-03-002301,portalinmobiliario,San Joaquín,Metropolitana,710000,20.29,100.9,2023-01-01 00:00:00.000000,2023-03-15 00:00:00.000000,departamento,arriendo,agency
PI-2023-03-003718,portalinmobiliario,Las Condes,Metropolitana,1010000,28.86,52.9,2023-02-25 00:00:00.000000,2023-03-22 00:00:00.000000,DEPARTAMENTO,arriendo,owner_direct
PI-2023-03-004519,portalinmobiliario,Estación Central,Metropolitana,350000,10.0,35.2,2023-03-16 00:00:00.000000,2023-03-29 00:00:00.000000,DEPARTAMENTO,Arriendo,owner_direct
PI-2023-03-002018,portalinmobiliario,Cerrillos,Metropolitana,605000,17.29,60.4,2023-02-26 00:00:00.000000,2023-03-15 00:00:00.000000,DEPARTAMENTO,Arriendo,agency
PI-2023-03-002237,portalinmobiliario,Santiago,Metropolitana,895000,25.57,83.9,2023-03-14 00:00:00.000000,2023-03-15 00:00:00.000000,Departamento,arriendo,agency
PI-2023-03-005012,portalinmobiliario,Quinta Normal,Metropolitana,430000,12.29,26.6,2023-03-15 00:00:00.000000,2023-03-29 00:00:00.000000,DEPARTAMENTO,ARRIENDO,agency
PI-2023-03-002175,portalinmobiliario,San Joaquín,Metropolitana,715000,20.43,65.6,2023-02-27 00:00:00.000000,2023-03-15 00:00:00.000000,DEPARTAMENTO,Arriendo,agency
PI-2023-03-004445,portalinmobiliario,San Joaquín,Metropolitana,840000,24.0,99.7,2023-03-20 00:00:00.000000,2023-03-29 00:00:00.000000,departamento,ARRIENDO,agency
PI-2023-03-002304,portalinmobiliario,Providencia,Metropolitana,1195000,34.14,62.6,2023-01-27 00:00:00.000000,2023-03-15 00:00:00.000000,DEPARTAMENTO,ARRIENDO,owner_direct
PI-2023-03-001004,portalinmobiliario,Independencia,Metropolitana,410000,11.71,32.3,2023-02-12 00:00:00.000000,2023-03-08 00:00:00.000000,departamento,ARRIENDO,agency
PI-2023-03-000094,portalinmobiliario,San Joaquín,Metropolitana,405000,11.57,30.6,2023-01-20 00:00:00.000000,2023-03-01 00:00:00.000000,departamento,Arriendo,owner_direct
PI-2023-03-002461,portalinmobiliario,San Miguel,Metropolitana,550000,15.71,47.7,2022-11-21 00:00:00.000000,2023-03-15 00:00:00.000000,Departamento,arriendo,owner_direct
PI-2023-03-002609,portalinmobiliario,Santiago,Metropolitana,400000,11.43,29.0,2023-02-01 00:00:00.000000,2023-03-15 00:00:00.000000,Departamento,ARRIENDO,agency
PI-2023-03-002062,portalinmobiliario,Independencia,Metropolitana,7830000,223.71,1200.0,2023-02-28 00:00:00.000000,2023-03-15 00:00:00.000000,DEPARTAMENTO,arriendo,agency
PI-2023-03-001479,portalinmobiliario,Estación Central,Metropolitana,420000,12.0,42.8,2023-02-23 00:00:00.000000,2023-03-08 00:00:00.000000,Departamento,Arriendo,owner_direct
PI-2023-03-003136,portalinmobiliario,Peñalolén,Metropolitana,570000,16.29,44.8,2023-02-22 00:00:00.000000,2023-03-22 00:00:00.000000,DEPARTAMENTO,arriendo,agency
PI-2023-03-000613,portalinmobiliario,Peñalolén,Metropolitana,605000,17.29,52.3,2023-01-26 00:00:00.000000,2023-03-01 00:00:00.000000,departamento,Arriendo,agency
PI-2023-03-000321,portalinmobiliario,San Joaquín,Metropolitana,525000,15.0,47.6,2023-02-15 00:00:00.000000,2023-03-01 00:00:00.000000,departamento,arriendo,agency
PI-2023-03-001119,portalinmobiliario,Ñuñoa,Metropolitana,675000,19.29,45.0,2023-02-22 00:00:00.000000,2023-03-08 00:00:00.000000,Departamento,arriendo,agency
PI-2023-03-000414,portalinmobiliario,La Florida,Metropolitana,610000,17.43,57.6,2023-01-24 00:00:00.000000,2023-03-01 00:00:00.000000,DEPARTAMENTO,arriendo,agency
PI-2023-03-003374,portalinmobiliario,Las Condes,Metropolitana,1090000,31.14,46.9,2023-03-05 00:00:00.000000,2023-03-22 00:00:00.000000,DEPARTAMENTO,arriendo,owner_direct
PI-2023-03-003309,portalinmobiliario,Cerrillos,Metropolitana,625000,17.86,62.7,2023-03-01 00:00:00.000000,2023-03-22 00:00:00.000000,DEPARTAMENTO,ARRIENDO,agency
PI-2023-03-004784,portalinmobiliario,Puente Alto,Metropolitana,615000,17.57,90.8,2022-11-09 00:00:00.000000,2023-03-29 00:00:00.000000,departamento,arriendo,agency
PI-2023-03-002186,portalinmobiliario,La Reina,Metropolitana,1495000,42.71,119.4,2022-12-11 00:00:00.000000,2023-03-15 00:00:00.000000,Departamento,arriendo,owner_direct
PI-2023-03-002650,portalinmobiliario,Peñalolén,Metropolitana,695000,19.86,66.4,2023-02-12 00:00:00.000000,2023-03-15 00:00:00.000000,departamento,arriendo,agency
PI-2023-03-003058,portalinmobiliario,Independencia,Metropolitana,545000,15.57,49.1,2023-03-07 00:00:00.000000,2023-03-22 00:00:00.000000,Departamento,ARRIENDO,owner_direct
PI-2023-03-003080,portalinmobiliario,Las Condes,Metropolitana,1200000,34.29,62.5,2023-03-04 00:00:00.000000,2023-03-22 00:00:00.000000,departamento,Arriendo,owner_direct
PI-2023-03-001307,portalinmobiliario,Maipú,Metropolitana,430000,12.29,41.3,2022-10-18 00:00:00.000000,2023-03-08 00:00:00.000000,departamento,Arriendo,agency
PI-2023-03-000834,portalinmobiliario,Las Condes,Metropolitana,940000,26.86,35.7,2023-01-17 00:00:00.000000,2023-03-01 00:00:00.000000,DEPARTAMENTO,ARRIENDO,owner_direct
PI-2023-03-002284,portalinmobiliario,Independencia,Metropolitana,625000,17.86,63.0,2023-02-27 00:00:00.000000,2023-03-15 00:00:00.000000,DEPARTAMENTO,arriendo,owner_direct
PI-2023-03-001968,portalinmobiliario,La Florida,Metropolitana,695000,19.86,67.7,2023-03-10 00:00:00.000000,2023-03-15 00:00:00.000000,Departamento,arriendo,agency
PI-2023-03-002846,portalinmobiliario,San Miguel,Metropolitana,850000,24.29,83.2,2023-02-07 00:00:00.000000,2023-03-15 00:00:00.000000,Departamento,ARRIENDO,agency
PI-2023-03-003144,portalinmobiliario,Recoleta,Metropolitana,2195000,62.71,400.0,2023-02-25 00:00:00.000000,2023-03-22 00:00:00.000000,Departamento,ARRIENDO,agency
PI-2023-03-004561,portalinmobiliario,Peñalolén,Metropolitana,685000,19.57,61.4,2023-03-01 00:00:00.000000,2023-03-29 00:00:00.000000,departamento,Arriendo,agency
PI-2023-03-001670,portalinmobiliario,Renca,Metropolitana,440000,,61.4,2023-03-07 00:00:00.000000,2023-03-08 00:00:00.000000,departamento,ARRIENDO,agency
PI-2023-03-004103,portalinmobiliario,Independencia,Metropolitana,370000,10.57,39.1,2023-02-18 00:00:00.000000,2023-03-29 00:00:00.000000,DEPARTAMENTO,arriendo,owner_direct
PI-2023-03-001266,portalinmobiliario, Las Condes,Metropolitana,880000,25.14,38.0,2023-02-25 00:00:00.000000,2023-03-08 00:00:00.000000,departamento,Arriendo,agency
PI-2023-03-000818,portalinmobiliario,La Florida,Metropolitana,455000,13.0,36.1,2023-02-16 00:00:00.000000,2023-03-01 00:00:00.000000,Departamento,ARRIENDO,owner_direct
PI-2023-03-000133,portalinmobiliario,Quinta Normal,Metropolitana,515000,14.71,63.8,2023-01-21 00:00:00.000000,2023-03-01 00:00:00.000000,Departamento,Arriendo,owner_direct
PI-2023-03-004283,portalinmobiliario,Macul ,Metropolitana,515000,14.71,42.3,2023-03-04 00:00:00.000000,2023-03-29 00:00:00.000000,Departamento,ARRIENDO,agency
PI-2023-03-001309,portalinmobiliario,Independencia,Metropolitana,575000,,47.6,2022-12-25 00:00:00.000000,2023-03-08 00:00:00.000000,Departamento,arriendo,agency
PI-2023-03-004237,portalinmobiliario,San Miguel,Metropolitana,605000,17.29,52.7,2023-03-08 00:00:00.000000,2023-03-29 00:00:00.000000,departamento,arriendo,owner_direct
PI-2023-03-003841,portalinmobiliario,San Miguel,Metropolitana,520000,14.86,46.2,2023-02-16 00:00:00.000000,2023-03-22 00:00:00.000000,Departamento,arriendo,agency
PI-2023-03-001017,portalinmobiliario,Maipú,Metropolitana,4170000,119.14,999.0,2023-02-18 00:00:00.000000,2023-03-08 00:00:00.000000,Departamento,ARRIENDO,agency
PI-2023-03-004691,portalinmobiliario,Providencia,Metropolitana,1110000,31.71,61.9,2023-03-27 00:00:00.000000,2023-03-29 00:00:00.000000,departamento,Arriendo,agency
PI-2023-03-002582,portalinmobiliario,La Reina,Metropolitana,610000,,35.5,2022-10-29 00:00:00.000000,2023-03-15 00:00:00.000000,Departamento,Arriendo,owner_direct
PI-2023-03-000598,portalinmobiliario,La Florida,Metropolitana,625000,17.86,71.3,2023-02-13 00:00:00.000000,2023-03-01 00:00:00.000000,DEPARTAMENTO,arriendo,agency
PI-2023-03-002577,portalinmobiliario,Independencia,Metropolitana,590000,16.86,51.7,2023-02-25 00:00:00.000000,2023-03-15 00:00:00.000000,DEPARTAMENTO,ARRIENDO,agency
PI-2023-03-005312,portalinmobiliario,Santiago,Metropolitana,820000,23.43,79.6,2023-03-02 00:00:00.000000,2023-03-29 00:00:00.000000,departamento,ARRIENDO,agency
PI-2023-03-001805,portalinmobiliario,Quinta Normal,Metropolitana,570000,16.29,46.3,2023-02-27 00:00:00.000000,2023-03-08 00:00:00.000000,Departamento,arriendo,agency
PI-2023-03-000502,portalinmobiliario,Peñalolén,Metropolitana,520000,14.86,44.7,2023-02-15 00:00:00.000000,2023-03-01 00:00:00.000000,Departamento,Arriendo,agency
PI-2023-03-001133,portalinmobiliario,Las Condes,Metropolitana,1095000,31.29,65.2,2023-02-23 00:00:00.000000,2023-03-08 00:00:00.000000,Departamento,ARRIENDO,owner_direct
PI-2023-03-004365,portalinmobiliario,Providencia,Metropolitana,1205000,34.43,63.3,2022-11-09 00:00:00.000000,2023-03-29 00:00:00.000000,DEPARTAMENTO,ARRIENDO,owner_direct
PI-2023-03-002470,portalinmobiliario,La Florida,Metropolitana,620000,17.71,65.2,2023-02-12 00:00:00.000000,2023-03-15 00:00:00.000000,DEPARTAMENTO,Arriendo,agency
PI-2023-03-002765,portalinmobiliario,Macul,Metropolitana,545000,15.57,51.2,2023-03-11 00:00:00.000000,2023-03-15 00:00:00.000000,departamento,ARRIENDO,owner_direct
PI-2023-03-004039,portalinmobiliario,Estación Central,Metropolitana,665000,19.0,80.2,2023-03-16 00:00:00.000000,2023-03-22 00:00:00.000000,DEPARTAMENTO,Arriendo,owner_direct
PI-2023-03-001587,portalinmobiliario,Santiago,Metropolitana,590000,16.86,44.3,2023-02-19 00:00:00.000000,2023-03-08 00:00:00.000000,Departamento,Arriendo,agency
PI-2023-03-004616,portalinmobiliario,Pudahuel,Metropolitana,505000,14.43,48.8,2023-03-11 00:00:00.000000,2023-03-29 00:00:00.000000,departamento,ARRIENDO,agency
PI-2023-03-003749,portalinmobiliario,Independencia,Metropolitana,610000,17.43,46.6,2023-02-15 00:00:00.000000,2023-03-22 00:00:00.000000,departamento,Arriendo,agency
PI-2023-03-002623,portalinmobiliario,San Miguel,Metropolitana,425000,12.14,43.3,2023-03-02 00:00:00.000000,2023-03-15 00:00:00.000000,departamento,Arriendo,agency
PI-2023-03-002042,portalinmobiliario,La Florida,Metropolitana,435000,12.43,26.8,2023-03-05 00:00:00.000000,2023-03-15 00:00:00.000000,departamento,ARRIENDO,agency
PI-2023-03-002063,portalinmobiliario,Santiago,Metropolitana,430000,12.29,25.7,2023-01-18 00:00:00.000000,2023-03-15 00:00:00.000000,departamento,Arriendo,owner_direct
PI-2023-03-003170,portalinmobiliario,Independencia,Metropolitana,370000,10.57,31.7,2022-11-20 00:00:00.000000,2023-03-22 00:00:00.000000,Departamento,Arriendo,agency
PI-2023-03-001917,portalinmobiliario,Macul,Metropolitana,525000,15.0,44.9,2023-02-22 00:00:00.000000,2023-03-15 00:00:00.000000,Departamento,Arriendo,owner_direct
PI-2023-03-002624,portalinmobiliario,La Reina,Metropolitana,650000,18.57,30.9,2022-12-21 00:00:00.000000,2023-03-15 00:00:00.000000,DEPARTAMENTO,Arriendo,agency
PI-2023-03-003032,portalinmobiliario,San Miguel,Metropolitana,660000,18.86,62.6,2023-03-21 00:00:00.000000,2023-03-22 00:00:00.000000,DEPARTAMENTO,ARRIENDO,agency
PI-2023-03-001561,portalinmobiliario,Santiago,Metropolitana,605000,17.29,56.9,2023-02-27 00:00:00.000000,2023-03-08 00:00:00.000000,DEPARTAMENTO,Arriendo,agency
PI-2023-03-002332,portalinmobiliario,Huechuraba,Metropolitana,675000,19.29,64.0,2023-02-04 00:00:00.000000,2023-03-15 00:00:00.000000,Departamento,arriendo,owner_direct
PI-2023-03-004054,portalinmobiliario,Huechuraba,Metropolitana,740000,21.14,71.6,2023-03-14 00:00:00.000000,2023-03-22 00:00:00.000000,DEPARTAMENTO,ARRIENDO,agency
PI-2023-03-000941,portalinmobiliario,Independencia,Metropolitana,470000,13.43,56.7,2023-02-03 00:00:00.000000,2023-03-01 00:00:00.000000,Departamento,Arriendo,agency
PI-2023-03-002832,portalinmobiliario,Pudahuel,Metropolitana,370000,10.57,36.9,2023-02-17 00:00:00.000000,2023-03-15 00:00:00.000000,DEPARTAMENTO,ARRIENDO,agency
PI-2023-03-003493,portalinmobiliario,Maipú,Metropolitana,520000,14.86,46.2,2023-02-16 00:00:00.000000,2023-03-22 00:00:00.000000,Departamento,Arriendo,agency
PI-2023-03-001924,portalinmobiliario,Recoleta,Metropolitana,335000,9.57,23.1,2023-02-23 00:00:00.000000,2023-03-15 00:00:00.000000,departamento,Arriendo,agency
PI-2023-03-000098,portalinmobiliario,Providencia,Metropolitana,905000,25.86,46.4,2022-11-14 00:00:00.000000,2023-03-01 00:00:00.000000,departamento,Arriendo,agency
PI-2023-03-001231,portalinmobiliario,Estación Central,Metropolitana,645000,18.43,59.8,2023-02-16 00:00:00.000000,2023-03-08 00:00:00.000000,DEPARTAMENTO,ARRIENDO,owner_direct
PI-2023-03-005166,portalinmobiliario,Maipú,Metropolitana,950000,27.14,125.0,2023-03-12 00:00:00.000000,2023-03-29 00:00:00.000000,Departamento,ARRIENDO,agency
PI-2023-03-004689,portalinmobiliario,Cerrillos,Metropolitana,505000,14.43,46.8,2023-02-20 00:00:00.000000,2023-03-29 00:00:00.000000,DEPARTAMENTO,Arriendo,agency
PI-2023-03-002601,portalinmobiliario,La Reina,Metropolitana,700000,20.0,41.3,2023-01-30 00:00:00.000000,2023-03-15 00:00:00.000000,DEPARTAMENTO,arriendo,agency
PI-2023-03-004610,portalinmobiliario,Estación Central,Metropolitana,585000,16.71,58.9,2023-03-08 00:00:00.000000,2023-03-29 00:00:00.000000,departamento,ARRIENDO,owner_direct
PI-2023-03-004597,portalinmobiliario,Macul,Metropolitana,550000,15.71,39.8,2023-03-03 00:00:00.000000,2023-03-29 00:00:00.000000,DEPARTAMENTO,ARRIENDO,agency
PI-2023-03-004861,portalinmobiliario,Las Condes,Metropolitana,980000,28.0,32.0,2022-12-15 00:00:00.000000,2023-03-29 00:00:00.000000,Departamento,arriendo,owner_direct
PI-2023-03-000035,portalinmobiliario,Ñuñoa,Metropolitana,525000,15.0,2.0,2023-02-22 00:00:00.000000,2023-03-01 00:00:00.000000,Departamento,arriendo,agency
PI-2023-03-001224,portalinmobiliario,Las Condes,Metropolitana,770000,22.0,26.2,2023-02-18 00:00:00.000000,2023-03-08 00:00:00.000000,Departamento,ARRIENDO,agency
PI-2023-03-001578,portalinmobiliario,Independencia,Metropolitana,640000,18.29,74.6,2023-01-20 00:00:00.000000,2023-03-08 00:00:00.000000,departamento,arriendo,agency
PI-2023-03-000374,portalinmobiliario,Estación Central,Metropolitana,710000,20.29,67.6,2023-02-21 00:00:00.000000,2023-03-01 00:00:00.000000,departamento,arriendo,agency
PI-2023-03-000955,portalinmobiliario,La Reina,Metropolitana,1055000,30.14,79.5,2023-02-15 00:00:00.000000,2023-03-01 00:00:00.000000,DEPARTAMENTO,arriendo,owner_direct
PI-2023-03-004198,portalinmobiliario,Santiago,Metropolitana,905000,25.86,82.5,2023-03-12 00:00:00.000000,2023-03-29 00:00:00.000000,Departamento,arriendo,agency
PI-2023-03-003689,portalinmobiliario,La Cisterna,Metropolitana,480000,13.71,50.6,2023-03-10 00:00:00.000000,2023-03-22 00:00:00.000000,DEPARTAMENTO,arriendo,agency
PI-2023-03-004585,portalinmobiliario,Providencia,Metropolitana,845000,24.14,43.8,2023-03-03 00:00:00.000000,2023-03-29 00:00:00.000000,Departamento,arriendo,agency
PI-2023-03-003447,portalinmobiliario,Macul,Metropolitana,510000,14.57,37.6,2023-02-28 00:00:00.000000,2023-03-22 00:00:00.000000,DEPARTAMENTO,Arriendo,agency
PI-2023-03-002227,portalinmobiliario,Maipú,Metropolitana,530000,15.14,52.9,2023-01-10 00:00:00.000000,2023-03-15 00:00:00.000000,departamento,Arriendo,agency
PI-2023-03-004798,portalinmobiliario,Pudahuel,Metropolitana,335000,9.57,44.4,2023-03-21 00:00:00.000000,2023-03-29 00:00:00.000000,Departamento,Arriendo,agency
PI-2023-03-004172,portalinmobiliario,La Cisterna,Metropolitana,475000,13.57,50.9,2023-03-13 00:00:00.000000,2023-03-29 00:00:00.000000,departamento,ARRIENDO,owner_direct
PI-2023-03-000300,portalinmobiliario,Santiago,Metropolitana,565000,16.14,41.0,2022-10-07 00:00:00.000000,2023-03-01 00:00:00.000000,Departamento,arriendo,agency
PI-2023-03-003945,portalinmobiliario,Independencia,Metropolitana,430000,12.29,41.4,2023-01-07 00:00:00.000000,2023-03-22 00:00:00.000000,departamento,ARRIENDO,agency
PI-2023-03-003183,portalinmobiliario,La Reina,Metropolitana,830000,23.71,43.4,2023-03-06 00:00:00.000000,2023-03-22 00:00:00.000000,DEPARTAMENTO,Arriendo,agency
PI-2023-03-004858,portalinmobiliario,Macul,Metropolitana,805000,23.0,89.4,2023-03-01 00:00:00.000000,2023-03-29 00:00:00.000000,Departamento,Arriendo,agency
PI-2023-03-000661,portalinmobiliario,Independencia,Metropolitana,520000,14.86,50.9,2023-02-11 00:00:00.000000,2023-03-01 00:00:00.000000,departamento,Arriendo,owner_direct
PI-2023-03-001872,portalinmobiliario,La Cisterna,Metropolitana,425000,12.14,39.3,2023-02-23 00:00:00.000000,2023-03-08 00:00:00.000000,departamento,ARRIENDO,agency
PI-2023-03-000813,portalinmobiliario,Las Condes,Metropolitana,1145000,32.71,65.8,2023-01-27 00:00:00.000000,2023-03-01 00:00:00.000000,departamento,ARRIENDO,owner_direct
PI-2023-03-004180,portalinmobiliario,Santiago,Metropolitana,750000,21.43,69.2,2023-03-03 00:00:00.000000,2023-03-29 00:00:00.000000,DEPARTAMENTO,ARRIENDO,owner_direct
PI-2023-03-002138,portalinmobiliario,ESTACIÓN CENTRAL,Metropolitana,590000,16.86,61.0,2023-02-13 00:00:00.000000,2023-03-15 00:00:00.000000,Departamento,ARRIENDO,agency
PI-2023-03-001871,portalinmobiliario,Providencia,Metropolitana,930000,26.57,52.2,2023-02-22 00:00:00.000000,2023-03-08 00:00:00.000000,departamento,ARRIENDO,agency
PI-2023-03-002129,portalinmobiliario,San Miguel,Metropolitana,495000,14.14,33.0,2023-02-28 00:00:00.000000,2023-03-15 00:00:00.000000,departamento,Arriendo,owner_direct
PI-2023-03-001538,portalinmobiliario,La Cisterna,Metropolitana,575000,16.43,45.4,2023-02-02 00:00:00.000000,2023-03-08 00:00:00.000000,departamento,Arriendo,owner_direct
PI-2023-03-002210,portalinmobiliario,Las Condes,Metropolitana,840000,24.0,48.7,2023-02-24 00:00:00.000000,2023-03-15 00:00:00.000000,Departamento,Arriendo,agency
PI-2023-03-004431,portalinmobiliario,Macul,Metropolitana,425000,12.14,30.7,2023-03-21 00:00:00.000000,2023-03-29 00:00:00.000000,Departamento,Arriendo,agency
PI-2023-03-002719,portalinmobiliario,Providencia,Metropolitana,845000,24.14,49.8,2023-02-25 00:00:00.000000,2023-03-15 00:00:00.000000,DEPARTAMENTO,arriendo,owner_direct
PI-2023-03-003610,portalinmobiliario,Macul,Metropolitana,795000,22.71,75.3,2023-03-17 00:00:00.000000,2023-03-22 00:00:00.000000,Departamento,Arriendo,agency
PI-2023-03-001963,portalinmobiliario,Macul,Metropolitana,605000,17.29,49.3,2023-02-26 00:00:00.000000,2023-03-15 00:00:00.000000,departamento,ARRIENDO,agency
PI-2023-03-003462,portalinmobiliario,peñalolén,Metropolitana,520000,14.86,57.0,2023-02-13 00:00:00.000000,2023-03-22 00:00:00.000000,DEPARTAMENTO,arriendo,agency
PI-2023-03-002246,portalinmobiliario,La Cisterna,Metropolitana,555000,15.86,48.5,2023-03-06 00:00:00.000000,2023-03-15 00:00:00.000000,DEPARTAMENTO,ARRIENDO,agency
PI-2023-03-004167,portalinmobiliario,Quinta Normal,Metropolitana,655000,18.71,73.3,2022-10-10 00:00:00.000000,2023-03-29 00:00:00.000000,departamento,Arriendo,agency
PI-2023-03-002702,portalinmobiliario,Las Condes,Metropolitana,665000,19.0,32.7,2023-03-06 00:00:00.000000,2023-03-15 00:00:00.000000,DEPARTAMENTO,ARRIENDO,agency
PI-2023-03-003192,portalinmobiliario,Las Condes ,Metropolitana,1050000,30.0,79.3,2023-02-25 00:00:00.000000,2023-03-22 00:00:00.000000,DEPARTAMENTO,Arriendo,agency
PI-2023-03-004108,portalinmobiliario,san miguel,Metropolitana,570000,,56.4,2023-02-26 00:00:00.000000,2023-03-29 00:00:00.000000,departamento,ARRIENDO,agency
PI-2023-03-003480,portalinmobiliario,La Florida,Metropolitana,3780000,108.0,35.8,2023-03-15 00:00:00.000000,2023-03-22 00:00:00.000000,DEPARTAMENTO,ARRIENDO,agency
PI-2023-03-002279,portalinmobiliario, Huechuraba,Metropolitana,835000,23.86,81.8,2023-02-23 00:00:00.000000,2023-03-15 00:00:00.000000,departamento,Arriendo,agency
PI-2023-03-004409,portalinmobiliario,Estación Central,Metropolitana,710000,20.29,82.2,2023-02-13 00:00:00.000000,2023-03-29 00:00:00.000000,Departamento,arriendo,agency
PI-2023-03-005004,portalinmobiliario,Las Condes,Metropolitana,680000,19.43,31.8,2023-01-25 00:00:00.000000,2023-03-29 00:00:00.000000,departamento,arriendo,agency
PI-2023-03-004643,portalinmobiliario,San Joaquín,Metropolitana,605000,17.29,77.2,2023-02-18 00:00:00.000000,2023-03-29 00:00:00.000000,DEPARTAMENTO,ARRIENDO,owner_direct
PI-2023-03-000363,portalinmobiliario,Santiago,Metropolitana,470000,13.43,29.4,2023-02-21 00:00:00.000000,2023-03-01 00:00:00.000000,departamento,ARRIENDO,agency
PI-2023-03-004414,portalinmobiliario,Vitacura,Metropolitana,1145000,32.71,59.5,2023-02-22 00:00:00.000000,2023-03-29 00:00:00.000000,departamento,arriendo,agency
PI-2023-03-003030,portalinmobiliario,Recoleta,Metropolitana,510000,14.57,33.9,2023-03-11 00:00:00.000000,2023-03-22 00:00:00.000000,DEPARTAMENTO,ARRIENDO,owner_direct
PI-2023-03-002038,portalinmobiliario,San Joaquín,Metropolitana,425000,12.14,37.3,2022-12-08 00:00:00.000000,2023-03-15 00:00:00.000000,departamento,ARRIENDO,agency
PI-2023-03-003587,portalinmobiliario,Estación Central,Metropolitana,275000,7.86,26.5,2023-02-24 00:00:00.000000,2023-03-22 00:00:00.000000,Departamento,ARRIENDO,agency
PI-2023-03-004539,portalinmobiliario,Macul,Metropolitana,595000,17.0,45.1,2023-02-25 00:00:00.000000,2023-03-29 00:00:00.000000,DEPARTAMENTO,arriendo,agency
PI-2023-03-003241,portalinmobiliario, La Florida,Metropolitana,410000,11.71,39.3,2023-02-25 00:00:00.000000,2023-03-22 00:00:00.000000,Departamento,arriendo,agency
PI-2023-03-003322,portalinmobiliario,Lo Barnechea,Metropolitana,1710000,48.86,93.8,2023-03-02 00:00:00.000000,2023-03-22 00:00:00.000000,departamento,arriendo,agency
PI-2023-03-001659,portalinmobiliario,La Reina,Metropolitana,770000,22.0,38.5,2023-02-17 00:00:00.000000,2023-03-08 00:00:00.000000,departamento,ARRIENDO,agency
PI-2023-03-003787,portalinmobiliario, Ñuñoa,Metropolitana,600000,17.14,35.1,2023-03-14 00:00:00.000000,2023-03-22 00:00:00.000000,DEPARTAMENTO,ARRIENDO,agency
PI-2023-03-002476,portalinmobiliario,Renca,Metropolitana,370000,10.57,44.1,2023-02-08 00:00:00.000000,2023-03-15 00:00:00.000000,departamento,arriendo,owner_direct
PI-2023-03-000840,portalinmobiliario,Lo Barnechea,Metropolitana,1020000,29.14,54.1,2022-09-12 00:00:00.000000,2023-03-01 00:00:00.000000,Departamento,ARRIENDO,agency
PI-2023-03-003849,portalinmobiliario, Maipú,Metropolitana,490000,14.0,49.6,2023-02-19 00:00:00.000000,2023-03-22 00:00:00.000000,departamento,ARRIENDO,agency
PI-2023-03-003228,portalinmobiliario,Santiago,Metropolitana,890000,25.43,96.5,2023-03-15 00:00:00.000000,2023-03-22 00:00:00.000000,Departamento,ARRIENDO,agency
PI-2023-03-000991,portalinmobiliario,La Cisterna,Metropolitana,470000,13.43,42.3,2022-12-27 00:00:00.000000,2023-03-08 00:00:00.000000,departamento,arriendo,agency
PI-2023-03-001803,portalinmobiliario,Recoleta,Metropolitana,470000,13.43,36.1,2023-02-13 00:00:00.000000,2023-03-08 00:00:00.000000,departamento,arriendo,agency
PI-2023-03-004480,portalinmobiliario,Santiago,Metropolitana,525000,15.0,45.2,2023-03-14 00:00:00.000000,2023-03-29 00:00:00.000000,departamento,arriendo,owner_direct
PI-2023-03-003171,portalinmobiliario,Quinta Normal,Metropolitana,485000,13.86,43.2,2023-02-10 00:00:00.000000,2023-03-22 00:00:00.000000,Departamento,arriendo,owner_direct
PI-2023-03-001357,portalinmobiliario,Recoleta,Metropolitana,475000,13.57,34.9,2023-02-08 00:00:00.000000,2023-03-08 00:00:00.000000,departamento,arriendo,agency
PI-2023-03-001720,portalinmobiliario,Ñuñoa,Metropolitana,695000,19.86,45.7,2022-12-19 00:00:00.000000,2023-03-08 00:00:00.000000,DEPARTAMENTO,ARRIENDO,owner_direct
PI-2023-03-004490,portalinmobiliario,Estación Central,Metropolitana,350000,10.0,31.5,2023-03-07 00:00:00.000000,2023-03-29 00:00:00.000000,departamento,Arriendo,owner_direct
PI-2023-03-001537,portalinmobiliario,Santiago,Metropolitana,630000,18.0,78.6,2023-02-01 00:00:00.000000,2023-03-08 00:00:00.000000,Departamento,Arriendo,owner_direct
PI-2023-03-001461,portalinmobiliario,Quinta Normal,Metropolitana,3465000,99.0,650.0,2023-02-19 00:00:00.000000,2023-03-08 00:00:00.000000,Departamento,Arriendo,agency
PI-2023-03-004657,portalinmobiliario,Maipú,Metropolitana,540000,15.43,50.6,2023-02-05 00:00:00.000000,2023-03-29 00:00:00.000000,DEPARTAMENTO,Arriendo,agency
PI-2023-03-001555,portalinmobiliario,Huechuraba,Metropolitana,615000,17.57,50.0,2023-01-26 00:00:00.000000,2023-03-08 00:00:00.000000,DEPARTAMENTO,ARRIENDO,agency
PI-2023-03-005158,portalinmobiliario,La Reina,Metropolitana,715000,20.43,36.7,2023-02-07 00:00:00.000000,2023-03-29 00:00:00.000000,departamento,Arriendo,owner_direct
PI-2023-03-002817,portalinmobiliario,La Florida,Metropolitana,380000,10.86,24.1,2022-09-25 00:00:00.000000,2023-03-15 00:00:00.000000,Departamento,arriendo,agency
PI-2023-03-004271,portalinmobiliario,Estación Central,Metropolitana,410000,11.71,38.3,2022-12-24 00:00:00.000000,2023-03-29 00:00:00.000000,DEPARTAMENTO,Arriendo,agency
PI-2023-03-004789,portalinmobiliario,Macul,Metropolitana,600000,17.14,43.5,2023-03-13 00:00:00.000000,2023-03-29 00:00:00.000000,departamento,ARRIENDO,agency
PI-2023-03-004467,portalinmobiliario,Vitacura,Metropolitana,1065000,30.43,41.6,2023-02-23 00:00:00.000000,2023-03-29 00:00:00.000000,DEPARTAMENTO,Arriendo,agency
PI-2023-03-004957,portalinmobiliario,San Joaquín,Metropolitana,465000,13.29,46.9,2023-03-03 00:00:00.000000,2023-03-29 00:00:00.000000,Departamento,Arriendo,agency
PI-2023-03-002190,portalinmobiliario,Recoleta,Metropolitana,465000,13.29,41.8,2023-03-12 00:00:00.000000,2023-03-15 00:00:00.000000,DEPARTAMENTO,ARRIENDO,agency
PI-2023-03-005237,portalinmobiliario,Huechuraba,Metropolitana,500000,14.29,41.2,2023-03-25 00:00:00.000000,2023-03-29 00:00:00.000000,DEPARTAMENTO,Arriendo,agency
PI-2023-03-001016,portalinmobiliario,PUENTE ALTO,Metropolitana,390000,11.14,36.2,2023-02-04 00:00:00.000000,2023-03-08 00:00:00.000000,Departamento,Arriendo,agency
PI-2023-03-000764,portalinmobiliario,Providencia,Metropolitana,935000,26.71,44.9,2023-02-09 00:00:00.000000,2023-03-01 00:00:00.000000,Departamento,arriendo,owner_direct
PI-2023-03-004800,portalinmobiliario,Renca,Metropolitana,465000,13.29,55.9,2023-03-07 00:00:00.000000,2023-03-29 00:00:00.000000,DEPARTAMENTO,Arriendo,agency
PI-2023-03-002234,portalinmobiliario, Macul,Metropolitana,560000,16.0,41.3,2023-02-02 00:00:00.000000,2023-03-15 00:00:00.000000,Departamento,ARRIENDO,owner_direct
PI-2023-03-000350,portalinmobiliario,Estación Central,Metropolitana,465000,13.29,43.1,2023-02-18 00:00:00.000000,2023-03-01 00:00:00.000000,DEPARTAMENTO,arriendo,owner_direct
PI-2023-03-004611,portalinmobiliario,Estación Central,Metropolitana,620000,17.71,68.4,2023-03-21 00:00:00.000000,2023-03-29 00:00:00.000000,Departamento,ARRIENDO,agency
PI-2023-03-004543,portalinmobiliario,Macul,Metropolitana,685000,19.57,60.2,2023-02-25 00:00:00.000000,2023-03-29 00:00:00.000000,Departamento,ARRIENDO,owner_direct
PI-2023-03-001290,portalinmobiliario,PUDAHUEL,Metropolitana,800000,22.86,117.2,2023-02-15 00:00:00.000000,2023-03-08 00:00:00.000000,DEPARTAMENTO,Arriendo,agency
PI-2023-03-003892,portalinmobiliario,Las Condes,Metropolitana,1640000,46.86,102.1,2023-03-15 00:00:00.000000,2023-03-22 00:00:00.000000,departamento,arriendo,agency
PI-2023-03-004884,portalinmobiliario,Las Condes,Metropolitana,755000,21.57,27.4,2023-02-19 00:00:00.000000,2023-03-29 00:00:00.000000,DEPARTAMENTO,arriendo,owner_direct
PI-2023-03-002778,portalinmobiliario,Estación Central,Metropolitana,855000,24.43,103.5,2023-02-16 00:00:00.000000,2023-03-15 00:00:00.000000,Departamento,ARRIENDO,owner_direct
PI-2023-03-002218,portalinmobiliario,la florida,Metropolitana,675000,19.29,74.9,2023-02-25 00:00:00.000000,2023-03-15 00:00:00.000000,departamento,arriendo,agency
PI-2023-03-002065,portalinmobiliario,Cerrillos,Metropolitana,450000,12.86,31.7,2023-03-10 00:00:00.000000,2023-03-15 00:00:00.000000,Departamento,arriendo,agency
PI-2023-03-004843,portalinmobiliario,Santiago,Metropolitana,495000,14.14,39.7,2022-12-18 00:00:00.000000,2023-03-29 00:00:00.000000,DEPARTAMENTO,arriendo,agency
PI-2023-03-000091,portalinmobiliario,La Cisterna,Metropolitana,550000,15.71,54.2,2023-02-03 00:00:00.000000,2023-03-01 00:00:00.000000,DEPARTAMENTO,arriendo,owner_direct
PI-2023-03-004634,portalinmobiliario,Las Condes,Metropolitana,1105000,31.57,52.2,2023-03-13 00:00:00.000000,2023-03-29 00:00:00.000000,DEPARTAMENTO,ARRIENDO,agency
PI-2023-03-003997,portalinmobiliario,Santiago,Metropolitana,530000,15.14,36.9,2023-03-05 00:00:00.000000,2023-03-22 00:00:00.000000,Departamento,Arriendo,agency
PI-2023-03-002685,portalinmobiliario,Huechuraba,Metropolitana,770000,22.0,63.1,2022-12-18 00:00:00.000000,2023-03-15 00:00:00.000000,DEPARTAMENTO,Arriendo,agency
PI-2023-03-001156,portalinmobiliario,Santiago,Metropolitana,430000,12.29,40.1,2023-01-23 00:00:00.000000,2023-03-08 00:00:00.000000,departamento,ARRIENDO,agency
PI-2023-03-002343,portalinmobiliario,Maipú,Metropolitana,425000,12.14,40.7,2023-02-06 00:00:00.000000,2023-03-15 00:00:00.000000,DEPARTAMENTO,ARRIENDO,agency
PI-2023-03-005311,portalinmobiliario,La Florida,Metropolitana,575000,16.43,66.8,2023-03-04 00:00:00.000000,2023-03-29 00:00:00.000000,DEPARTAMENTO,Arriendo,owner_direct
PI-2023-03-002566,portalinmobiliario,Estación Central,Metropolitana,460000,13.14,42.1,2023-03-12 00:00:00.000000,2023-03-15 00:00:00.000000,DEPARTAMENTO,Arriendo,agency
PI-2023-03-001449,portalinmobiliario,San Joaquín,Metropolitana,485000,13.86,49.3,2023-02-20 00:00:00.000000,2023-03-08 00:00:00.000000,DEPARTAMENTO,ARRIENDO,agency
PI-2023-03-000489,portalinmobiliario,Estación Central,Metropolitana,410000,11.71,30.4,2023-01-12 00:00:00.000000,2023-03-01 00:00:00.000000,DEPARTAMENTO,ARRIENDO,owner_direct
PI-2023-03-002046,portalinmobiliario, Providencia,Metropolitana,13845000,395.57,1200.0,2023-02-27 00:00:00.000000,2023-03-15 00:00:00.000000,departamento,ARRIENDO,agency
PI-2023-03-000700,portalinmobiliario,Las Condes,Metropolitana,835000,23.86,37.5,2022-12-13 00:00:00.000000,2023-03-01 00:00:00.000000,DEPARTAMENTO,ARRIENDO,owner_direct
PI-2023-03-004666,portalinmobiliario,Vitacura,Metropolitana,1845000,52.71,98.6,2023-03-24 00:00:00.000000,2023-03-29 00:00:00.000000,departamento,arriendo,owner_direct
PI-2023-03-004686,portalinmobiliario,San Joaquín,Metropolitana,720000,20.57,101.6,2023-03-11 00:00:00.000000,2023-03-29 00:00:00.000000,departamento,Arriendo,agency
PI-2023-03-004044,portalinmobiliario,La Cisterna,Metropolitana,440000,12.57,31.9,2023-03-11 00:00:00.000000,2023-03-22 00:00:00.000000,departamento,arriendo,agency
PI-2023-03-002641,portalinmobiliario,Renca,Metropolitana,555000,15.86,74.5,2022-10-28 00:00:00.000000,2023-03-15 00:00:00.000000,DEPARTAMENTO,Arriendo,owner_direct
PI-2023-03-003939,portalinmobiliario,Santiago,Metropolitana,565000,16.14,50.5,2023-02-25 00:00:00.000000,2023-03-22 00:00:00.000000,Departamento,ARRIENDO,owner_direct
PI-2023-03-003097,portalinmobiliario,Quinta Normal,Metropolitana,370000,10.57,30.7,2023-02-17 00:00:00.000000,2023-03-22 00:00:00.000000,Departamento,Arriendo,agency
PI-2023-03-000741,portalinmobiliario,Independencia,Metropolitana,515000,14.71,39.1,2023-02-17 00:00:00.000000,2023-03-01 00:00:00.000000,Departamento,arriendo,agency
PI-2023-03-004074,portalinmobiliario,Renca,Metropolitana,595000,17.0,75.9,2023-03-23 00:00:00.000000,2023-03-29 00:00:00.000000,Departamento,arriendo,agency
PI-2023-03-004867,portalinmobiliario,Lo Barnechea,Metropolitana,1000000,28.57,58.4,2023-03-26 00:00:00.000000,2023-03-29 00:00:00.000000,departamento,ARRIENDO,agency
PI-2023-03-004244,portalinmobiliario,Ñuñoa,Metropolitana,1010000,28.86,70.5,2023-03-16 00:00:00.000000,2023-03-29 00:00:00.000000,Departamento,Arriendo,owner_direct
PI-2023-03-004515,portalinmobiliario,Macul,Metropolitana,505000,14.43,33.9,2022-12-11 00:00:00.000000,2023-03-29 00:00:00.000000,departamento,Arriendo,agency
PI-2023-03-001562,portalinmobiliario,Ñuñoa,Metropolitana,900000,25.71,91.1,2023-02-16 00:00:00.000000,2023-03-08 00:00:00.000000,DEPARTAMENTO,arriendo,agency
PI-2023-03-000997,portalinmobiliario,La Reina,Metropolitana,630000,18.0,37.5,2023-02-24 00:00:00.000000,2023-03-08 00:00:00.000000,DEPARTAMENTO,Arriendo,agency
PI-2023-03-002578,portalinmobiliario,Maipú,Metropolitana,475000,13.57,50.7,2023-03-08 00:00:00.000000,2023-03-15 00:00:00.000000,DEPARTAMENTO,Arriendo,agency
PI-2023-03-001768,portalinmobiliario,Puente Alto,Metropolitana,585000,16.71,76.1,2023-02-23 00:00:00.000000,2023-03-08 00:00:00.000000,Departamento,ARRIENDO,owner_direct
PI-2023-03-002644,portalinmobiliario,Puente Alto,Metropolitana,405000,11.57,34.9,2022-09-26 00:00:00.000000,2023-03-15 00:00:00.000000,departamento,Arriendo,agency
PI-2023-03-005375,portalinmobiliario,Huechuraba,Metropolitana,540000,15.43,36.0,2023-03-23 00:00:00.000000,2023-03-29 00:00:00.000000,Departamento,ARRIENDO,agency
PI-2023-03-002463,portalinmobiliario,Ñuñoa,Metropolitana,695000,19.86,42.3,2023-03-11 00:00:00.000000,2023-03-15 00:00:00.000000,departamento,arriendo,owner_direct
PI-2023-03-000646,portalinmobiliario,Vitacura,Metropolitana,2385000,68.14,131.7,2023-02-21 00:00:00.000000,2023-03-01 00:00:00.000000,Departamento,arriendo,agency
PI-2023-03-004448,portalinmobiliario,Cerrillos,Metropolitana,375000,10.71,30.8,2023-03-13 00:00:00.000000,2023-03-29 00:00:00.000000,departamento,ARRIENDO,agency
PI-2023-03-003152,portalinmobiliario,Conchalí,Metropolitana,730000,20.86,76.2,2023-02-23 00:00:00.000000,2023-03-22 00:00:00.000000,departamento,arriendo,agency
PI-2023-03-001285,portalinmobiliario,San Joaquín,Metropolitana,325000,9.29,29.2,2023-02-14 00:00:00.000000,2023-03-08 00:00:00.000000,Departamento,ARRIENDO,agency
PI-2023-03-002093,portalinmobiliario,Macul,Metropolitana,620000,17.71,62.3,2023-02-12 00:00:00.000000,2023-03-15 00:00:00.000000,Departamento,Arriendo,agency
PI-2023-03-000205,portalinmobiliario,Conchalí,Metropolitana,450000,12.86,42.8,2023-02-01 00:00:00.000000,2023-03-01 00:00:00.000000,Departamento,ARRIENDO,owner_direct
PI-2023-03-004155,portalinmobiliario,Santiago,Metropolitana,430000,12.29,35.8,2023-01-15 00:00:00.000000,2023-03-29 00:00:00.000000,DEPARTAMENTO,arriendo,agency
PI-2023-03-004199,portalinmobiliario,Huechuraba,Metropolitana,600000,17.14,51.3,2023-02-17 00:00:00.000000,2023-03-29 00:00:00.000000,Departamento,arriendo,agency
PI-2023-03-005139,portalinmobiliario,HUECHURABA,Metropolitana,640000,18.29,58.6,2023-03-19 00:00:00.000000,2023-03-29 00:00:00.000000,departamento,Arriendo,agency
PI-2023-03-000688,portalinmobiliario,Pudahuel,Metropolitana,630000,18.0,70.5,2022-10-09 00:00:00.000000,2023-03-01 00:00:00.000000,Departamento,Arriendo,owner_direct
PI-2023-03-003994,portalinmobiliario,ESTACIÓN CENTRAL,Metropolitana,575000,16.43,74.8,2023-01-14 00:00:00.000000,2023-03-22 00:00:00.000000,departamento,arriendo,agency
PI-2023-03-000186,portalinmobiliario,La Cisterna,Metropolitana,635000,18.14,66.2,2023-02-08 00:00:00.000000,2023-03-01 00:00:00.000000,departamento,Arriendo,agency
PI-2023-03-003909,portalinmobiliario,Maipú,Metropolitana,540000,15.43,43.5,2023-03-05 00:00:00.000000,2023-03-22 00:00:00.000000,Departamento,ARRIENDO,agency
PI-2023-03-003150,portalinmobiliario,RENCA,Metropolitana,600000,17.14,70.9,2023-02-14 00:00:00.000000,2023-03-22 00:00:00.000000,departamento,arriendo,owner_direct
PI-2023-03-000499,portalinmobiliario,Santiago,Metropolitana,655000,18.71,51.8,2022-12-26 00:00:00.000000,2023-03-01 00:00:00.000000,DEPARTAMENTO,Arriendo,agency
PI-2023-03-003293,portalinmobiliario,Lo Barnechea,Metropolitana,1130000,32.29,66.1,2023-03-18 00:00:00.000000,2023-03-22 00:00:00.000000,Departamento,ARRIENDO,owner_direct
PI-2023-03-001727,portalinmobiliario,Ñuñoa,Metropolitana,830000,23.71,73.5,2023-03-03 00:00:00.000000,2023-03-08 00:00:00.000000,DEPARTAMENTO,Arriendo,agency
PI-2023-03-000695,portalinmobiliario,MAIPÚ,Metropolitana,455000,13.0,56.6,2023-02-18 00:00:00.000000,2023-03-01 00:00:00.000000,DEPARTAMENTO,ARRIENDO,agency
PI-2023-03-002838,portalinmobiliario,Ñuñoa,Metropolitana,895000,25.57,60.7,2023-03-03 00:00:00.000000,2023-03-15 00:00:00.000000,departamento,Arriendo,owner_direct
PI-2023-03-004276,portalinmobiliario,Maipú,Metropolitana,630000,18.0,90.4,2023-03-19 00:00:00.000000,2023-03-29 00:00:00.000000,DEPARTAMENTO,ARRIENDO,owner_direct
PI-2023-03-004567,portalinmobiliario,Macul,Metropolitana,660000,18.86,55.9,2023-03-16 00:00:00.000000,2023-03-29 00:00:00.000000,departamento,arriendo,agency
PI-2023-03-005007,portalinmobiliario,San Miguel,Metropolitana,485000,13.86,44.6,2023-03-15 00:00:00.000000,2023-03-29 00:00:00.000000,DEPARTAMENTO,arriendo,agency
PI-2023-03-000221,portalinmobiliario,Las Condes,Metropolitana,670000,19.14,30.4,2023-01-29 00:00:00.000000,2023-03-01 00:00:00.000000,Departamento,arriendo,owner_direct
PI-2023-03-004040,portalinmobiliario,Ñuñoa,Metropolitana,635000,18.14,30.6,2023-03-06 00:00:00.000000,2023-03-22 00:00:00.000000,Departamento,ARRIENDO,agency
PI-2023-03-000063,portalinmobiliario,Providencia,Metropolitana,955000,27.29,58.2,2022-09-11 00:00:00.000000,2023-03-01 00:00:00.000000,Departamento,ARRIENDO,agency
PI-2023-03-003326,portalinmobiliario,Santiago,Metropolitana,495000,14.14,43.4,2022-09-18 00:00:00.000000,2023-03-22 00:00:00.000000,departamento,ARRIENDO,agency
PI-2023-03-005121,portalinmobiliario,Quinta Normal,Metropolitana,475000,13.57,56.5,2023-02-20 00:00:00.000000,2023-03-29 00:00:00.000000,Departamento,Arriendo,agency
PI-2023-03-005293,portalinmobiliario,Independencia,Metropolitana,675000,19.29,68.0,2023-02-20 00:00:00.000000,2023-03-29 00:00:00.000000,DEPARTAMENTO,ARRIENDO,agency
PI-2023-03-004624,portalinmobiliario,Estación Central,Metropolitana,425000,12.14,28.0,2023-03-14 00:00:00.000000,2023-03-29 00:00:00.000000,Departamento,Arriendo,owner_direct
PI-2023-03-001996,portalinmobiliario,Santiago,Metropolitana,560000,16.0,53.6,2023-02-08 00:00:00.000000,2023-03-15 00:00:00.000000,DEPARTAMENTO,ARRIENDO,agency
PI-2023-03-002808,portalinmobiliario,Maipú,Metropolitana,790000,22.57,110.9,2023-02-10 00:00:00.000000,2023-03-15 00:00:00.000000,DEPARTAMENTO,ARRIENDO,agency
PI-2023-03-000690,portalinmobiliario,Las Condes,Metropolitana,875000,25.0,40.3,2022-11-01 00:00:00.000000,2023-03-01 00:00:00.000000,DEPARTAMENTO,ARRIENDO,owner_direct
PI-2023-03-000248,portalinmobiliario,Las Condes,Metropolitana,1235000,35.29,75.1,2023-01-08 00:00:00.000000,2023-03-01 00:00:00.000000,DEPARTAMENTO,ARRIENDO,owner_direct
PI-2023-03-004436,portalinmobiliario,Estación Central,Metropolitana,340000,9.71,30.3,2023-03-19 00:00:00.000000,2023-03-29 00:00:00.000000,departamento,Arriendo,agency
PI-2023-03-001762,portalinmobiliario,Estación Central,Metropolitana,395000,11.29,33.4,2023-02-06 00:00:00.000000,2023-03-08 00:00:00.000000,DEPARTAMENTO,Arriendo,agency
PI-2023-03-000594,portalinmobiliario,Independencia,Metropolitana,1480000,42.29,40.3,2023-01-07 00:00:00.000000,2023-03-01 00:00:00.000000,Departamento,Arriendo,owner_direct
PI-2023-03-003375,portalinmobiliario,ESTACIÓN CENTRAL,Metropolitana,520000,14.86,69.6,2023-03-06 00:00:00.000000,2023-03-22 00:00:00.000000,DEPARTAMENTO,ARRIENDO,agency
PI-2023-03-002583,portalinmobiliario,Estación Central,Metropolitana,380000,10.86,47.6,2023-03-01 00:00:00.000000,2023-03-15 00:00:00.000000,DEPARTAMENTO,ARRIENDO,owner_direct
PI-2023-03-001403,portalinmobiliario, Maipú,Metropolitana,565000,16.14,74.1,2023-02-03 00:00:00.000000,2023-03-08 00:00:00.000000,DEPARTAMENTO,ARRIENDO,agency
PI-2023-03-005223,portalinmobiliario,Santiago,Metropolitana,760000,21.71,64.9,2023-02-23 00:00:00.000000,2023-03-29 00:00:00.000000,departamento,arriendo,owner_direct
PI-2023-03-002465,portalinmobiliario,Estación Central,Metropolitana,495000,14.14,45.3,2023-02-25 00:00:00.000000,2023-03-15 00:00:00.000000,departamento,arriendo,owner_direct
PI-2023-03-001751,portalinmobiliario,Independencia,Metropolitana,480000,13.71,52.8,2023-01-10 00:00:00.000000,2023-03-08 00:00:00.000000,departamento,arriendo,agency
PI-2023-03-000236,portalinmobiliario,Providencia,Metropolitana,1115000,31.86,55.2,2023-02-19 00:00:00.000000,2023-03-01 00:00:00.000000,departamento,Arriendo,agency
PI-2023-03-002231,portalinmobiliario,Vitacura,Metropolitana,1020000,29.14,36.3,2023-02-15 00:00:00.000000,2023-03-15 00:00:00.000000,departamento,ARRIENDO,owner_direct
PI-2023-03-000796,portalinmobiliario,Providencia,Metropolitana,825000,23.57,39.2,2023-02-24 00:00:00.000000,2023-03-01 00:00:00.000000,DEPARTAMENTO,Arriendo,agency
PI-2023-03-002182,portalinmobiliario,Conchalí,Metropolitana,1140000,32.57,144.3,2023-01-08 00:00:00.000000,2023-03-15 00:00:00.000000,Departamento,ARRIENDO,agency
PI-2023-03-000057,portalinmobiliario,Santiago,Metropolitana,450000,12.86,37.9,2023-02-01 00:00:00.000000,2023-03-01 00:00:00.000000,departamento,ARRIENDO,owner_direct
PI-2023-03-002420,portalinmobiliario,Independencia,Metropolitana,530000,15.14,50.5,2023-03-03 00:00:00.000000,2023-03-15 00:00:00.000000,DEPARTAMENTO,arriendo,agency
PI-2023-03-000926,portalinmobiliario,Recoleta,Metropolitana,525000,15.0,43.4,2023-02-22 00:00:00.000000,2023-03-01 00:00:00.000000,Departamento,arriendo,agency
PI-2023-03-002617,portalinmobiliario,Santiago,Metropolitana,865000,24.71,60.6,2023-03-07 00:00:00.000000,2023-03-15 00:00:00.000000,departamento,ARRIENDO,owner_direct
PI-2023-03-000271,portalinmobiliario,Santiago,Metropolitana,575000,16.43,50.8,2023-02-09 00:00:00.000000,2023-03-01 00:00:00.000000,Departamento,ARRIENDO,agency
PI-2023-03-004486,portalinmobiliario,Quinta Normal,Metropolitana,600000,17.14,70.0,2023-01-23 00:00:00.000000,2023-03-29 00:00:00.000000,DEPARTAMENTO,arriendo,agency
PI-2023-03-001186,portalinmobiliario,Quilicura,Metropolitana,395000,11.29,50.1,2023-01-23 00:00:00.000000,2023-03-08 00:00:00.000000,departamento,arriendo,agency
PI-2023-03-004892,portalinmobiliario,Las Condes,Metropolitana,1120000,32.0,53.0,2023-02-19 00:00:00.000000,2023-03-29 00:00:00.000000,Departamento,Arriendo,agency
PI-2023-03-001801,portalinmobiliario,Estación Central,Metropolitana,770000,22.0,76.7,2023-01-27 00:00:00.000000,2023-03-08 00:00:00.000000,DEPARTAMENTO,ARRIENDO,agency
PI-2023-03-003701,portalinmobiliario,Puente Alto,Metropolitana,545000,15.57,59.5,2022-12-08 00:00:00.000000,2023-03-22 00:00:00.000000,DEPARTAMENTO,ARRIENDO,owner_direct
PI-2023-03-002618,portalinmobiliario,Las Condes,Metropolitana,1015000,29.0,43.3,2023-02-13 00:00:00.000000,2023-03-15 00:00:00.000000,DEPARTAMENTO,ARRIENDO,owner_direct
PI-2023-03-002189,portalinmobiliario,La Florida,Metropolitana,830000,23.71,92.2,2023-02-18 00:00:00.000000,2023-03-15 00:00:00.000000,DEPARTAMENTO,arriendo,agency
PI-2023-03-000239,portalinmobiliario,San Miguel,Metropolitana,800000,22.86,91.0,2023-01-25 00:00:00.000000,2023-03-01 00:00:00.000000,DEPARTAMENTO,Arriendo,agency
PI-2023-03-000195,portalinmobiliario,San Joaquín,Metropolitana,525000,15.0,45.6,2022-09-17 00:00:00.000000,2023-03-01 00:00:00.000000,Departamento,ARRIENDO,agency
PI-2023-03-001325,portalinmobiliario,Independencia,Metropolitana,500000,14.29,40.6,2023-01-14 00:00:00.000000,2023-03-08 00:00:00.000000,Departamento,arriendo,agency
PI-2023-03-002707,portalinmobiliario,Estación Central,Metropolitana,535000,15.29,53.0,2022-12-31 00:00:00.000000,2023-03-15 00:00:00.000000,departamento,Arriendo,agency
PI-2023-03-000273,portalinmobiliario,Lo Barnechea,Metropolitana,845000,24.14,45.1,2023-01-16 00:00:00.000000,2023-03-01 00:00:00.000000,departamento,arriendo,owner_direct
PI-2023-03-004224,portalinmobiliario,Providencia,Metropolitana,910000,26.0,68.5,2023-03-14 00:00:00.000000,2023-03-29 00:00:00.000000,departamento,arriendo,agency
PI-2023-03-002382,portalinmobiliario,Santiago,Metropolitana,620000,17.71,48.6,2023-02-08 00:00:00.000000,2023-03-15 00:00:00.000000,DEPARTAMENTO,Arriendo,agency
PI-2023-03-000893,portalinmobiliario,Ñuñoa,Metropolitana,880000,25.14,80.2,2023-02-08 00:00:00.000000,2023-03-01 00:00:00.000000,departamento,arriendo,agency
PI-2023-03-003425,portalinmobiliario,Puente Alto,Metropolitana,565000,16.14,56.5,2023-02-28 00:00:00.000000,2023-03-22 00:00:00.000000,Departamento,arriendo,owner_direct
PI-2023-03-005120,portalinmobiliario,Providencia,Metropolitana,895000,25.57,56.5,2023-03-26 00:00:00.000000,2023-03-29 00:00:00.000000,departamento,arriendo,agency
PI-2023-03-002983,portalinmobiliario,La Reina,Metropolitana,1065000,30.43,73.1,2023-02-28 00:00:00.000000,2023-03-22 00:00:00.000000,DEPARTAMENTO,Arriendo,agency
PI-2023-03-003734,portalinmobiliario,Providencia,Metropolitana,845000,24.14,51.9,2023-02-03 00:00:00.000000,2023-03-22 00:00:00.000000,Departamento,arriendo,owner_direct
PI-2023-03-000054,portalinmobiliario,Quilicura,Metropolitana,500000,14.29,56.3,2023-02-02 00:00:00.000000,2023-03-01 00:00:00.000000,Departamento,Arriendo,agency
PI-2023-03-003394,portalinmobiliario,Santiago,Metropolitana,470000,13.43,41.1,2023-03-07 00:00:00.000000,2023-03-22 00:00:00.000000,DEPARTAMENTO,ARRIENDO,agency
PI-2023-03-001232,portalinmobiliario,cerrillos,Metropolitana,695000,19.86,89.1,2023-02-18 00:00:00.000000,2023-03-08 00:00:00.000000,DEPARTAMENTO,ARRIENDO,agency
PI-2023-03-001097,portalinmobiliario,Las Condes,Metropolitana,1035000,29.57,62.6,2023-02-13 00:00:00.000000,2023-03-08 00:00:00.000000,Departamento,Arriendo,agency
PI-2023-03-000038,portalinmobiliario,La Florida,Metropolitana,450000,12.86,48.2,2023-02-25 00:00:00.000000,2023-03-01 00:00:00.000000,departamento,Arriendo,owner_direct
PI-2023-03-001827,portalinmobiliario,San Miguel,Metropolitana,730000,20.86,82.5,2023-03-01 00:00:00.000000,2023-03-08 00:00:00.000000,Departamento,Arriendo,agency
PI-2023-03-004122,portalinmobiliario,Peñalolén,Metropolitana,505000,14.43,53.5,2023-02-25 00:00:00.000000,2023-03-29 00:00:00.000000,Departamento,ARRIENDO,agency
PI-2023-03-001061,portalinmobiliario,Santiago,Metropolitana,420000,12.0,32.0,2023-02-16 00:00:00.000000,2023-03-08 00:00:00.000000,Departamento,Arriendo,agency
PI-2023-03-004856,portalinmobiliario,Estación Central,Metropolitana,435000,12.43,42.1,2023-03-09 00:00:00.000000,2023-03-29 00:00:00.000000,departamento,Arriendo,agency
PI-2023-03-000250,portalinmobiliario,La Florida,Metropolitana,450000,12.86,40.2,2023-02-20 00:00:00.000000,2023-03-01 00:00:00.000000,Departamento,ARRIENDO,agency
PI-2023-03-003615,portalinmobiliario,Independencia,Metropolitana,475000,13.57,39.8,2023-03-14 00:00:00.000000,2023-03-22 00:00:00.000000,departamento,ARRIENDO,owner_direct
PI-2023-03-002247,portalinmobiliario, Pudahuel,Metropolitana,450000,12.86,48.3,2023-02-02 00:00:00.000000,2023-03-15 00:00:00.000000,departamento,ARRIENDO,agency
PI-2023-03-004329,portalinmobiliario,Peñalolén ,Metropolitana,555000,15.86,56.7,2023-02-21 00:00:00.000000,2023-03-29 00:00:00.000000,DEPARTAMENTO,ARRIENDO,agency
PI-2023-03-004316,portalinmobiliario,Macul,Metropolitana,475000,13.57,37.8,2023-03-13 00:00:00.000000,2023-03-29 00:00:00.000000,Departamento,arriendo,agency
PI-2023-03-004003,portalinmobiliario,Peñalolén,Metropolitana,655000,18.71,68.3,2023-03-14 00:00:00.000000,2023-03-22 00:00:00.000000,DEPARTAMENTO,arriendo,agency
PI-2023-03-003883,portalinmobiliario,RECOLETA,Metropolitana,385000,11.0,30.6,2022-12-10 00:00:00.000000,2023-03-22 00:00:00.000000,departamento,arriendo,owner_direct
PI-2023-03-000975,portalinmobiliario,Providencia,Metropolitana,800000,22.86,25.8,2023-02-26 00:00:00.000000,2023-03-08 00:00:00.000000,DEPARTAMENTO,arriendo,agency
PI-2023-03-001836,portalinmobiliario,santiago,Metropolitana,520000,14.86,40.1,2023-02-28 00:00:00.000000,2023-03-08 00:00:00.000000,Departamento,Arriendo,agency
PI-2023-03-000871,portalinmobiliario,Recoleta,Metropolitana,515000,14.71,58.7,2023-01-26 00:00:00.000000,2023-03-01 00:00:00.000000,DEPARTAMENTO,ARRIENDO,agency
PI-2023-03-003548,portalinmobiliario,Macul,Metropolitana,365000,10.43,20.0,2023-01-30 00:00:00.000000,2023-03-22 00:00:00.000000,Departamento,arriendo,agency
PI-2023-03-000458,portalinmobiliario,Ñuñoa,Metropolitana,865000,24.71,59.8,2022-08-27 00:00:00.000000,2023-03-01 00:00:00.000000,departamento,ARRIENDO,agency
PI-2023-03-002686,portalinmobiliario,Santiago,Metropolitana,540000,15.43,43.0,2023-03-06 00:00:00.000000,2023-03-15 00:00:00.000000,departamento,arriendo,agency
PI-2023-03-002828,portalinmobiliario,Estación Central,Metropolitana,570000,16.29,52.0,2023-02-23 00:00:00.000000,2023-03-15 00:00:00.000000,departamento,arriendo,agency
PI-2023-03-003563,portalinmobiliario,Recoleta,Metropolitana,670000,19.14,95.8,2022-11-10 00:00:00.000000,2023-03-22 00:00:00.000000,DEPARTAMENTO,arriendo,agency
PI-2023-03-004265,portalinmobiliario,Recoleta,Metropolitana,385000,11.0,36.9,2023-03-06 00:00:00.000000,2023-03-29 00:00:00.000000,DEPARTAMENTO,ARRIENDO,owner_direct
PI-2023-03-004893,portalinmobiliario,Quinta Normal,Metropolitana,625000,17.86,75.2,2023-01-06 00:00:00.000000,2023-03-29 00:00:00.000000,departamento,arriendo,owner_direct
PI-2023-03-003613,portalinmobiliario,Puente Alto,Metropolitana,430000,12.29,47.4,2023-02-12 00:00:00.000000,2023-03-22 00:00:00.000000,departamento,arriendo,agency
PI-2023-03-005360,portalinmobiliario,La Reina,Metropolitana,730000,20.86,41.0,2023-02-14 00:00:00.000000,2023-03-29 00:00:00.000000,departamento,arriendo,agency
PI-2023-03-003981,portalinmobiliario,Recoleta,Metropolitana,575000,16.43,67.0,2023-02-25 00:00:00.000000,2023-03-22 00:00:00.000000,Departamento,ARRIENDO,agency
PI-2023-03-003676,portalinmobiliario,Macul,Metropolitana,445000,12.71,31.5,2023-03-15 00:00:00.000000,2023-03-22 00:00:00.000000,DEPARTAMENTO,arriendo,agency
PI-2023-03-004834,portalinmobiliario,Cerrillos,Metropolitana,315000,9.0,12.0,2023-02-07 00:00:00.000000,2023-03-29 00:00:00.000000,departamento,ARRIENDO,agency
PI-2023-03-002981,portalinmobiliario,Quilicura,Metropolitana,480000,13.71,49.0,2023-02-24 00:00:00.000000,2023-03-22 00:00:00.000000,departamento,ARRIENDO,agency
PI-2023-03-004184,portalinmobiliario,Estación Central,Metropolitana,420000,12.0,55.3,2023-03-17 00:00:00.000000,2023-03-29 00:00:00.000000,DEPARTAMENTO,ARRIENDO,agency
PI-2023-03-000425,portalinmobiliario,Providencia,Metropolitana,885000,,34.7,2023-02-09 00:00:00.000000,2023-03-01 00:00:00.000000,departamento,arriendo,owner_direct
PI-2023-03-004974,portalinmobiliario,San Miguel,Metropolitana,435000,12.43,26.2,2023-03-16 00:00:00.000000,2023-03-29 00:00:00.000000,departamento,Arriendo,owner_direct
PI-2023-03-000551,portalinmobiliario,SAN JOAQUÍN,Metropolitana,410000,11.71,36.2,2022-08-01 00:00:00.000000,2023-03-01 00:00:00.000000,Departamento,Arriendo,owner_direct
PI-2023-03-003925,portalinmobiliario,La Cisterna,Metropolitana,485000,13.86,60.2,2022-10-20 00:00:00.000000,2023-03-22 00:00:00.000000,DEPARTAMENTO,Arriendo,agency
PI-2023-03-001475,portalinmobiliario,La Florida,Metropolitana,440000,12.57,45.9,2023-02-03 00:00:00.000000,2023-03-08 00:00:00.000000,Departamento,Arriendo,agency
PI-2023-03-004545,portalinmobiliario,Ñuñoa,Metropolitana,1235000,35.29,132.6,2023-03-19 00:00:00.000000,2023-03-29 00:00:00.000000,Departamento,Arriendo,agency
PI-2023-03-002384,portalinmobiliario,HUECHURABA,Metropolitana,2355000,67.29,104.3,2023-02-24 00:00:00.000000,2023-03-15 00:00:00.000000,Departamento,Arriendo,agency
PI-2023-03-002904,portalinmobiliario,Independencia,Metropolitana,465000,13.29,43.0,2023-02-18 00:00:00.000000,2023-03-15 00:00:00.000000,Departamento,ARRIENDO,owner_direct
PI-2023-03-003469,portalinmobiliario,Providencia,Metropolitana,1010000,28.86,57.3,2023-02-25 00:00:00.000000,2023-03-22 00:00:00.000000,departamento,arriendo,agency
PI-2023-03-004937,portalinmobiliario,Providencia,Metropolitana,850000,24.29,45.5,2023-02-21 00:00:00.000000,2023-03-29 00:00:00.000000,departamento,Arriendo,agency
PI-2023-03-000898,portalinmobiliario,Vitacura,Metropolitana,1645000,47.0,70.8,2023-02-14 00:00:00.000000,2023-03-01 00:00:00.000000,DEPARTAMENTO,ARRIENDO,owner_direct
PI-2023-03-004641,portalinmobiliario,San Miguel,Metropolitana,735000,21.0,82.9,2023-03-10 00:00:00.000000,2023-03-29 00:00:00.000000,DEPARTAMENTO,ARRIENDO,owner_direct
PI-2023-03-004163,portalinmobiliario,Maipú,Metropolitana,575000,16.43,64.2,2023-03-22 00:00:00.000000,2023-03-29 00:00:00.000000,DEPARTAMENTO,arriendo,owner_direct
PI-2023-03-001780,portalinmobiliario,La Florida,Metropolitana,1140000,32.57,116.9,2023-02-12 00:00:00.000000,2023-03-08 00:00:00.000000,Departamento,arriendo,agency
PI-2023-03-000201,portalinmobiliario,San Joaquín,Metropolitana,660000,18.86,70.0,2023-01-27 00:00:00.000000,2023-03-01 00:00:00.000000,DEPARTAMENTO,arriendo,agency
PI-2023-03-002349,portalinmobiliario,Las Condes,Metropolitana,845000,24.14,44.0,2022-11-23 00:00:00.000000,2023-03-15 00:00:00.000000,DEPARTAMENTO,Arriendo,agency
PI-2023-03-002889,portalinmobiliario,Conchalí,Metropolitana,590000,16.86,60.3,2023-03-04 00:00:00.000000,2023-03-15 00:00:00.000000,Departamento,arriendo,owner_direct
PI-2023-03-000446,portalinmobiliario,Huechuraba,Metropolitana,480000,13.71,20.2,2022-10-06 00:00:00.000000,2023-03-01 00:00:00.000000,DEPARTAMENTO,arriendo,agency
PI-2023-03-001455,portalinmobiliario,La Reina,Metropolitana,660000,18.86,29.9,2023-02-22 00:00:00.000000,2023-03-08 00:00:00.000000,DEPARTAMENTO,Arriendo,owner_direct
PI-2023-03-004478,portalinmobiliario,Providencia,Metropolitana,865000,24.71,34.7,2023-02-22 00:00:00.000000,2023-03-29 00:00:00.000000,departamento,ARRIENDO,agency
PI-2023-03-002050,portalinmobiliario,Quinta Normal,Metropolitana,715000,20.43,91.6,2023-03-11 00:00:00.000000,2023-03-15 00:00:00.000000,departamento,ARRIENDO,owner_direct
PI-2023-03-000760,portalinmobiliario,La Cisterna ,Metropolitana,645000,18.43,57.6,2023-02-21 00:00:00.000000,2023-03-01 00:00:00.000000,departamento,arriendo,agency
PI-2023-03-003350,portalinmobiliario,Recoleta,Metropolitana,720000,20.57,80.5,2023-03-14 00:00:00.000000,2023-03-22 00:00:00.000000,DEPARTAMENTO,ARRIENDO,agency
PI-2023-03-001194,portalinmobiliario,Santiago,Metropolitana,485000,13.86,31.0,2023-02-25 00:00:00.000000,2023-03-08 00:00:00.000000,Departamento,arriendo,owner_direct
PI-2023-03-000580,portalinmobiliario,San Miguel,Metropolitana,515000,14.71,42.2,2023-02-09 00:00:00.000000,2023-03-01 00:00:00.000000,Departamento,arriendo,owner_direct
PI-2023-03-003124,portalinmobiliario,Providencia,Metropolitana,1025000,29.29,43.2,2023-02-07 00:00:00.000000,2023-03-22 00:00:00.000000,departamento,Arriendo,owner_direct
PI-2023-03-003714,portalinmobiliario,Quilicura,Metropolitana,425000,12.14,35.8,2023-02-27 00:00:00.000000,2023-03-22 00:00:00.000000,DEPARTAMENTO,arriendo,agency
PI-2023-03-004707,portalinmobiliario,Providencia,Metropolitana,805000,23.0,42.0,2022-09-28 00:00:00.000000,2023-03-29 00:00:00.000000,Departamento,ARRIENDO,owner_direct
PI-2023-03-002893,portalinmobiliario,Estación Central,Metropolitana,590000,16.86,48.2,2023-02-23 00:00:00.000000,2023-03-15 00:00:00.000000,DEPARTAMENTO,arriendo,owner_direct
PI-2023-03-000823,portalinmobiliario,Estación Central,Metropolitana,725000,20.71,75.3,2023-01-21 00:00:00.000000,2023-03-01 00:00:00.000000,departamento,Arriendo,agency
PI-2023-03-005364,portalinmobiliario,Santiago,Metropolitana,940000,26.86,105.0,2023-03-12 00:00:00.000000,2023-03-29 00:00:00.000000,DEPARTAMENTO,ARRIENDO,owner_direct
PI-2023-03-002345,portalinmobiliario,Ñuñoa,Metropolitana,740000,21.14,44.7,2023-02-22 00:00:00.000000,2023-03-15 00:00:00.000000,Departamento,ARRIENDO,owner_direct
PI-2023-03-003758,portalinmobiliario,Las Condes,Metropolitana,2395000,68.43,153.2,2023-03-11 00:00:00.000000,2023-03-22 00:00:00.000000,departamento,Arriendo,agency
PI-2023-03-002391,portalinmobiliario,Estación Central,Metropolitana,750000,21.43,94.8,2023-02-19 00:00:00.000000,2023-03-15 00:00:00.000000,DEPARTAMENTO,Arriendo,owner_direct
PI-2023-03-003517,portalinmobiliario, Santiago,Metropolitana,675000,19.29,75.8,2023-01-27 00:00:00.000000,2023-03-22 00:00:00.000000,Departamento,arriendo,agency
PI-2023-03-001492,portalinmobiliario,Independencia,Metropolitana,420000,12.0,37.0,2023-02-13 00:00:00.000000,2023-03-08 00:00:00.000000,departamento,arriendo,agency
PI-2023-03-004323,portalinmobiliario,La Reina,Metropolitana,735000,21.0,39.1,2023-03-14 00:00:00.000000,2023-03-29 00:00:00.000000,DEPARTAMENTO,ARRIENDO,owner_direct
PI-2023-03-004825,portalinmobiliario,Ñuñoa,Metropolitana,740000,21.14,55.7,2023-02-19 00:00:00.000000,2023-03-29 00:00:00.000000,departamento,arriendo,agency
PI-2023-03-000169,portalinmobiliario,Estación Central,Metropolitana,345000,9.86,23.8,2022-09-01 00:00:00.000000,2023-03-01 00:00:00.000000,DEPARTAMENTO,arriendo,agency
PI-2023-03-003600,portalinmobiliario,Independencia,Metropolitana,545000,15.57,48.6,2023-03-18 00:00:00.000000,2023-03-22 00:00:00.000000,Departamento,Arriendo,owner_direct
PI-2023-03-004762,portalinmobiliario,San Miguel,Metropolitana,760000,21.71,80.3,2023-02-26 00:00:00.000000,2023-03-29 00:00:00.000000,Departamento,Arriendo,owner_direct
PI-2023-03-003690,portalinmobiliario,Santiago,Metropolitana,605000,,58.9,2023-03-08 00:00:00.000000,2023-03-22 00:00:00.000000,Departamento,ARRIENDO,agency
PI-2023-03-002090,portalinmobiliario,Estación Central,Metropolitana,515000,14.71,48.8,2023-02-04 00:00:00.000000,2023-03-15 00:00:00.000000,DEPARTAMENTO,ARRIENDO,owner_direct
PI-2023-03-002843,portalinmobiliario,La Cisterna,Metropolitana,535000,15.29,63.8,2023-02-17 00:00:00.000000,2023-03-15 00:00:00.000000,DEPARTAMENTO,Arriendo,agency
PI-2023-03-003059,portalinmobiliario,Santiago,Metropolitana,500000,14.29,42.1,2023-03-03 00:00:00.000000,2023-03-22 00:00:00.000000,departamento,arriendo,agency
PI-2023-03-002712,portalinmobiliario,Santiago,Metropolitana,585000,16.71,44.5,2023-03-08 00:00:00.000000,2023-03-15 00:00:00.000000,DEPARTAMENTO,Arriendo,agency
PI-2023-03-001434,portalinmobiliario,Estación Central,Metropolitana,535000,15.29,55.8,2023-01-22 00:00:00.000000,2023-03-08 00:00:00.000000,DEPARTAMENTO,Arriendo,agency
PI-2023-03-004559,portalinmobiliario,Peñalolén,Metropolitana,880000,25.14,82.7,2023-03-13 00:00:00.000000,2023-03-29 00:00:00.000000,departamento,arriendo,owner_direct
PI-2023-03-001918,portalinmobiliario,Independencia,Metropolitana,475000,13.57,46.4,2023-02-13 00:00:00.000000,2023-03-15 00:00:00.000000,departamento,ARRIENDO,owner_direct
PI-2023-03-004733,portalinmobiliario,Ñuñoa,Metropolitana,685000,19.57,56.9,2023-02-19 00:00:00.000000,2023-03-29 00:00:00.000000,Departamento,arriendo,agency
PI-2023-03-001999,portalinmobiliario,Santiago,Metropolitana,525000,15.0,8.0,2023-03-08 00:00:00.000000,2023-03-15 00:00:00.000000,Departamento,Arriendo,agency
PI-2023-03-002836,portalinmobiliario,Providencia,Metropolitana,1035000,29.57,50.8,2023-02-18 00:00:00.000000,2023-03-15 00:00:00.000000,Departamento,ARRIENDO,agency
PI-2023-03-000368,portalinmobiliario,San Joaquín,Metropolitana,685000,19.57,90.0,2023-01-15 00:00:00.000000,2023-03-01 00:00:00.000000,departamento,Arriendo,agency
PI-2023-03-004067,portalinmobiliario,Huechuraba,Metropolitana,575000,16.43,35.3,2023-02-21 00:00:00.000000,2023-03-22 00:00:00.000000,Departamento,ARRIENDO,owner_direct
PI-2023-03-000261,portalinmobiliario,La Cisterna,Metropolitana,350000,10.0,29.1,2023-02-15 00:00:00.000000,2023-03-01 00:00:00.000000,departamento,ARRIENDO,agency
PI-2023-03-001433,portalinmobiliario,Independencia,Metropolitana,405000,11.57,38.3,2023-02-12 00:00:00.000000,2023-03-08 00:00:00.000000,DEPARTAMENTO,Arriendo,agency
PI-2023-03-000459,portalinmobiliario,Santiago,Metropolitana,845000,24.14,58.2,2023-01-11 00:00:00.000000,2023-03-01 00:00:00.000000,departamento,Arriendo,agency
PI-2023-03-004817,portalinmobiliario,La Florida,Metropolitana,735000,21.0,78.6,2023-02-15 00:00:00.000000,2023-03-29 00:00:00.000000,Departamento,Arriendo,agency
PI-2023-03-005177,portalinmobiliario,La Cisterna,Metropolitana,385000,11.0,33.9,2023-03-14 00:00:00.000000,2023-03-29 00:00:00.000000,Departamento,ARRIENDO,agency
PI-2023-03-000958,portalinmobiliario,Recoleta,Metropolitana,605000,17.29,60.2,2023-02-21 00:00:00.000000,2023-03-01 00:00:00.000000,DEPARTAMENTO,ARRIENDO,owner_direct
PI-2023-03-003796,portalinmobiliario,Lo Barnechea,Metropolitana,1390000,39.71,139.4,2022-09-25 00:00:00.000000,2023-03-22 00:00:00.000000,Departamento,arriendo,agency
PI-2023-03-003412,portalinmobiliario,Independencia,Metropolitana,385000,11.0,27.4,2023-02-27 00:00:00.000000,2023-03-22 00:00:00.000000,DEPARTAMENTO,arriendo,agency
PI-2023-03-000819,portalinmobiliario,Providencia,Metropolitana,925000,26.43,40.0,2023-02-09 00:00:00.000000,2023-03-01 00:00:00.000000,DEPARTAMENTO,arriendo,owner_direct
PI-2023-03-000529,portalinmobiliario,Independencia,Metropolitana,600000,17.14,52.2,2023-02-20 00:00:00.000000,2023-03-01 00:00:00.000000,DEPARTAMENTO,ARRIENDO,agency
PI-2023-03-001532,portalinmobiliario,Estación Central,Metropolitana,435000,12.43,40.1,2023-02-05 00:00:00.000000,2023-03-08 00:00:00.000000,departamento,ARRIENDO,owner_direct
PI-2023-03-003036,portalinmobiliario,Santiago,Metropolitana,510000,14.57,55.7,2023-02-05 00:00:00.000000,2023-03-22 00:00:00.000000,Departamento,ARRIENDO,agency
PI-2023-03-004613,portalinmobiliario,La Florida,Metropolitana,620000,17.71,88.5,2023-03-26 00:00:00.000000,2023-03-29 00:00:00.000000,DEPARTAMENTO,Arriendo,agency
PI-2023-03-002621,portalinmobiliario,La Reina,Metropolitana,1645000,47.0,142.2,2023-02-26 00:00:00.000000,2023-03-15 00:00:00.000000,departamento,Arriendo,agency
PI-2023-03-005345,portalinmobiliario,Lo Barnechea,Metropolitana,615000,17.57,29.3,2023-03-26 00:00:00.000000,2023-03-29 00:00:00.000000,departamento,Arriendo,agency
PI-2023-03-002798,portalinmobiliario,Lo Barnechea,Metropolitana,910000,26.0,45.6,2023-02-23 00:00:00.000000,2023-03-15 00:00:00.000000,Departamento,ARRIENDO,agency
PI-2023-03-002410,portalinmobiliario,Macul,Metropolitana,765000,21.86,69.3,2023-03-03 00:00:00.000000,2023-03-15 00:00:00.000000,DEPARTAMENTO,arriendo,agency
PI-2023-03-004698,portalinmobiliario,Ñuñoa,Metropolitana,675000,19.29,28.7,2023-02-22 00:00:00.000000,2023-03-29 00:00:00.000000,DEPARTAMENTO,arriendo,agency
PI-2023-03-002552,portalinmobiliario,Santiago,Metropolitana,515000,14.71,34.8,2022-12-02 00:00:00.000000,2023-03-15 00:00:00.000000,departamento,Arriendo,agency
PI-2023-03-000317,portalinmobiliario,Ñuñoa,Metropolitana,705000,20.14,54.6,2023-02-21 00:00:00.000000,2023-03-01 00:00:00.000000,Departamento,arriendo,owner_direct
PI-2023-03-000748,portalinmobiliario,La Florida,Metropolitana,670000,19.14,73.5,2022-09-12 00:00:00.000000,2023-03-01 00:00:00.000000,DEPARTAMENTO,ARRIENDO,agency
PI-2023-03-004568,portalinmobiliario,Estación Central,Metropolitana,5800000,165.71,75.0,2022-12-09 00:00:00.000000,2023-03-29 00:00:00.000000,Departamento,arriendo,agency
PI-2023-03-004764,portalinmobiliario,Las Condes,Metropolitana,1170000,33.43,68.4,2023-03-18 00:00:00.000000,2023-03-29 00:00:00.000000,departamento,Arriendo,owner_direct
PI-2023-03-000734,portalinmobiliario,Recoleta,Metropolitana,545000,15.57,54.5,2023-02-14 00:00:00.000000,2023-03-01 00:00:00.000000,DEPARTAMENTO,arriendo,agency
PI-2023-03-003145,portalinmobiliario,Santiago,Metropolitana,665000,19.0,44.6,2023-01-29 00:00:00.000000,2023-03-22 00:00:00.000000,Departamento,ARRIENDO,agency
PI-2023-03-000376,portalinmobiliario,Macul,Metropolitana,595000,17.0,49.6,2023-01-29 00:00:00.000000,2023-03-01 00:00:00.000000,DEPARTAMENTO,ARRIENDO,agency
PI-2023-03-002308,portalinmobiliario,Providencia,Metropolitana,1055000,30.14,54.7,2023-02-01 00:00:00.000000,2023-03-15 00:00:00.000000,DEPARTAMENTO,ARRIENDO,agency
PI-2023-03-001491,portalinmobiliario,Providencia,Metropolitana,1030000,29.43,60.1,2023-01-29 00:00:00.000000,2023-03-08 00:00:00.000000,Departamento,ARRIENDO,agency
PI-2023-03-004609,portalinmobiliario,Santiago,Metropolitana,485000,,35.8,2023-03-05 00:00:00.000000,2023-03-29 00:00:00.000000,Departamento,arriendo,agency
PI-2023-03-000931,portalinmobiliario,La Cisterna ,Metropolitana,555000,15.86,46.2,2023-02-15 00:00:00.000000,2023-03-01 00:00:00.000000,Departamento,arriendo,agency
PI-2023-03-000739,portalinmobiliario,Peñalolén,Metropolitana,485000,13.86,41.3,2023-02-10 00:00:00.000000,2023-03-01 00:00:00.000000,DEPARTAMENTO,Arriendo,agency
PI-2023-03-000743,portalinmobiliario,Estación Central,Metropolitana,425000,12.14,40.4,2023-01-21 00:00:00.000000,2023-03-01 00:00:00.000000,departamento,ARRIENDO,agency
PI-2023-03-001263,portalinmobiliario,Quinta Normal,Metropolitana,540000,15.43,49.0,2023-01-27 00:00:00.000000,2023-03-08 00:00:00.000000,DEPARTAMENTO,ARRIENDO,agency
PI-2023-03-001620,portalinmobiliario,Ñuñoa,Metropolitana,710000,20.29,47.9,2023-03-07 00:00:00.000000,2023-03-08 00:00:00.000000,departamento,Arriendo,owner_direct
PI-2023-03-004415,portalinmobiliario,Providencia,Metropolitana,1245000,35.57,85.0,2023-03-10 00:00:00.000000,2023-03-29 00:00:00.000000,departamento,Arriendo,agency
PI-2023-03-001068,portalinmobiliario,Macul,Metropolitana,775000,22.14,77.2,2022-09-17 00:00:00.000000,2023-03-08 00:00:00.000000,departamento,Arriendo,agency
PI-2023-03-001735,portalinmobiliario,La Florida,Metropolitana,415000,11.86,32.6,2023-03-02 00:00:00.000000,2023-03-08 00:00:00.000000,departamento,Arriendo,agency
PI-2023-03-003481,portalinmobiliario,Huechuraba,Metropolitana,705000,20.14,56.8,2023-03-09 00:00:00.000000,2023-03-22 00:00:00.000000,DEPARTAMENTO,Arriendo,agency
PI-2023-03-002979,portalinmobiliario,Macul,Metropolitana,1050000,30.0,121.5,2023-03-01 00:00:00.000000,2023-03-22 00:00:00.000000,Departamento,Arriendo,owner_direct
PI-2023-03-003735,portalinmobiliario,Las Condes,Metropolitana,970000,27.71,34.7,2023-03-09 00:00:00.000000,2023-03-22 00:00:00.000000,departamento,ARRIENDO,agency
PI-2023-03-002764,portalinmobiliario,La Reina,Metropolitana,3930000,112.29,400.0,2023-01-31 00:00:00.000000,2023-03-15 00:00:00.000000,DEPARTAMENTO,Arriendo,owner_direct
PI-2023-03-000589,portalinmobiliario,Santiago,Metropolitana,700000,20.0,44.7,2023-01-24 00:00:00.000000,2023-03-01 00:00:00.000000,DEPARTAMENTO,Arriendo,owner_direct
PI-2023-03-000858,portalinmobiliario,Providencia,Metropolitana,875000,25.0,42.9,2023-01-31 00:00:00.000000,2023-03-01 00:00:00.000000,DEPARTAMENTO,ARRIENDO,agency
PI-2023-03-000217,portalinmobiliario,Pudahuel,Metropolitana,335000,9.57,30.6,2023-02-10 00:00:00.000000,2023-03-01 00:00:00.000000,departamento,ARRIENDO,agency
PI-2023-03-002464,portalinmobiliario,Peñalolén,Metropolitana,570000,16.29,43.0,2023-02-27 00:00:00.000000,2023-03-15 00:00:00.000000,DEPARTAMENTO,ARRIENDO,owner_direct
PI-2023-03-005142,portalinmobiliario,Las Condes,Metropolitana,1255000,35.86,104.3,2023-03-01 00:00:00.000000,2023-03-29 00:00:00.000000,Departamento,ARRIENDO,owner_direct
PI-2023-03-003716,portalinmobiliario,Providencia,Metropolitana,1010000,28.86,45.6,2023-03-14 00:00:00.000000,2023-03-22 00:00:00.000000,departamento,arriendo,agency
PI-2023-03-001315,portalinmobiliario,Recoleta,Metropolitana,695000,19.86,75.8,2023-02-15 00:00:00.000000,2023-03-08 00:00:00.000000,departamento,Arriendo,agency
PI-2023-03-003571,portalinmobiliario,Las Condes,Metropolitana,1345000,38.43,85.1,2023-03-03 00:00:00.000000,2023-03-22 00:00:00.000000,departamento,arriendo,owner_direct
PI-2023-03-003071,portalinmobiliario,San Joaquín,Metropolitana,525000,15.0,49.5,2023-02-03 00:00:00.000000,2023-03-22 00:00:00.000000,departamento,Arriendo,owner_direct
PI-2023-03-000666,portalinmobiliario,Recoleta,Metropolitana,4965000,141.86,53.8,2023-02-15 00:00:00.000000,2023-03-01 00:00:00.000000,DEPARTAMENTO,ARRIENDO,owner_direct
PI-2023-03-004857,portalinmobiliario,Macul,Metropolitana,515000,14.71,38.3,2023-02-27 00:00:00.000000,2023-03-29 00:00:00.000000,DEPARTAMENTO,Arriendo,agency
PI-2023-03-003161,portalinmobiliario,Santiago,Metropolitana,545000,15.57,54.2,2023-01-23 00:00:00.000000,2023-03-22 00:00:00.000000,DEPARTAMENTO,arriendo,owner_direct
PI-2023-03-001052,portalinmobiliario,Ñuñoa,Metropolitana,1025000,29.29,82.8,2023-02-24 00:00:00.000000,2023-03-08 00:00:00.000000,departamento,ARRIENDO,agency
PI-2023-03-003526,portalinmobiliario,Maipú,Metropolitana,410000,11.71,47.0,2023-03-04 00:00:00.000000,2023-03-22 00:00:00.000000,DEPARTAMENTO,arriendo,owner_direct
PI-2023-03-005159,portalinmobiliario,Santiago,Metropolitana,640000,18.29,41.2,2023-03-14 00:00:00.000000,2023-03-29 00:00:00.000000,Departamento,Arriendo,agency
PI-2023-03-005182,portalinmobiliario,Huechuraba,Metropolitana,745000,21.29,87.0,2022-12-08 00:00:00.000000,2023-03-29 00:00:00.000000,DEPARTAMENTO,ARRIENDO,owner_direct
PI-2023-03-004058,portalinmobiliario,Las Condes,Metropolitana,665000,19.0,29.8,2023-03-15 00:00:00.000000,2023-03-22 00:00:00.000000,DEPARTAMENTO,Arriendo,agency
PI-2023-03-005352,portalinmobiliario,La Reina,Metropolitana,735000,21.0,40.4,2022-10-24 00:00:00.000000,2023-03-29 00:00:00.000000,departamento,arriendo,agency
PI-2023-03-000194,portalinmobiliario,Estación Central,Metropolitana,540000,15.43,48.1,2023-02-04 00:00:00.000000,2023-03-01 00:00:00.000000,DEPARTAMENTO,Arriendo,agency
PI-2023-03-003298,portalinmobiliario,Las Condes,Metropolitana,890000,25.43,35.0,2023-02-25 00:00:00.000000,2023-03-22 00:00:00.000000,Departamento,arriendo,agency
PI-2023-03-004875,portalinmobiliario,Conchalí,Metropolitana,450000,12.86,40.2,2023-02-25 00:00:00.000000,2023-03-29 00:00:00.000000,Departamento,Arriendo,agency
PI-2023-03-002005,portalinmobiliario,estación central,Metropolitana,635000,18.14,78.8,2023-02-22 00:00:00.000000,2023-03-15 00:00:00.000000,departamento,ARRIENDO,owner_direct
PI-2023-03-001143,portalinmobiliario,Santiago,Metropolitana,715000,20.43,66.1,2023-03-05 00:00:00.000000,2023-03-08 00:00:00.000000,departamento,Arriendo,agency
PI-2023-03-001298,portalinmobiliario,Estación Central,Metropolitana,725000,20.71,92.7,2023-02-20 00:00:00.000000,2023-03-08 00:00:00.000000,Departamento,arriendo,agency
PI-2023-03-005113,portalinmobiliario,San Miguel ,Metropolitana,470000,13.43,41.4,2023-02-13 00:00:00.000000,2023-03-29 00:00:00.000000,Departamento,ARRIENDO,agency
PI-2023-03-003952,portalinmobiliario,Lo Barnechea,Metropolitana,900000,25.71,42.3,2023-01-25 00:00:00.000000,2023-03-22 00:00:00.000000,DEPARTAMENTO,ARRIENDO,owner_direct
PI-2023-03-004444,portalinmobiliario,San Miguel,Metropolitana,830000,23.71,91.9,2023-03-16 00:00:00.000000,2023-03-29 00:00:00.000000,DEPARTAMENTO,ARRIENDO,owner_direct
PI-2023-03-000444,portalinmobiliario,Pudahuel,Metropolitana,460000,13.14,53.6,2023-01-07 00:00:00.000000,2023-03-01 00:00:00.000000,DEPARTAMENTO,Arriendo,owner_direct
PI-2023-03-002052,portalinmobiliario,Santiago,Metropolitana,660000,18.86,51.5,2023-03-10 00:00:00.000000,2023-03-15 00:00:00.000000,departamento,ARRIENDO,owner_direct
PI-2023-03-002627,portalinmobiliario,Ñuñoa,Metropolitana,640000,18.29,39.3,2023-02-16 00:00:00.000000,2023-03-15 00:00:00.000000,departamento,Arriendo,owner_direct
PI-2023-03-001220,portalinmobiliario,Santiago,Metropolitana,655000,18.71,52.4,2022-09-06 00:00:00.000000,2023-03-08 00:00:00.000000,Departamento,Arriendo,agency
PI-2023-03-001376,portalinmobiliario,Las Condes,Metropolitana,1905000,54.43,109.2,2023-02-24 00:00:00.000000,2023-03-08 00:00:00.000000,Departamento,ARRIENDO,owner_direct
PI-2023-03-003539,portalinmobiliario,San Joaquín,Metropolitana,430000,12.29,33.7,2023-02-02 00:00:00.000000,2023-03-22 00:00:00.000000,DEPARTAMENTO,arriendo,agency
PI-2023-03-000561,portalinmobiliario,Providencia ,Metropolitana,855000,,34.5,2023-01-14 00:00:00.000000,2023-03-01 00:00:00.000000,departamento,arriendo,agency
PI-2023-03-001779,portalinmobiliario,Vitacura,Metropolitana,980000,28.0,32.8,2023-03-01 00:00:00.000000,2023-03-08 00:00:00.000000,departamento,arriendo,agency
PI-2023-03-001429,portalinmobiliario,La Florida,Metropolitana,635000,18.14,70.7,2023-02-19 00:00:00.000000,2023-03-08 00:00:00.000000,DEPARTAMENTO,ARRIENDO,agency
PI-2023-03-000881,portalinmobiliario,Ñuñoa,Metropolitana,795000,22.71,56.1,2023-01-16 00:00:00.000000,2023-03-01 00:00:00.000000,DEPARTAMENTO,Arriendo,owner_direct
PI-2023-03-001734,portalinmobiliario,Recoleta,Metropolitana,1830000,52.29,89.4,2023-02-20 00:00:00.000000,2023-03-08 00:00:00.000000,DEPARTAMENTO,Arriendo,owner_direct
PI-2023-03-005129,portalinmobiliario,La Reina,Metropolitana,805000,23.0,55.5,2023-02-05 00:00:00.000000,2023-03-29 00:00:00.000000,Departamento,arriendo,agency
PI-2023-03-005164,portalinmobiliario,Estación Central,Metropolitana,425000,12.14,38.7,2023-03-19 00:00:00.000000,2023-03-29 00:00:00.000000,DEPARTAMENTO,ARRIENDO,agency
PI-2023-03-003260,portalinmobiliario,INDEPENDENCIA,Metropolitana,655000,18.71,62.8,2023-03-10 00:00:00.000000,2023-03-22 00:00:00.000000,departamento,arriendo,owner_direct
PI-2023-03-003885,portalinmobiliario,Cerrillos,Metropolitana,545000,15.57,58.0,2023-03-18 00:00:00.000000,2023-03-22 00:00:00.000000,Departamento,arriendo,agency
PI-2023-03-004134,portalinmobiliario,Independencia,Metropolitana,370000,10.57,29.8,2023-03-16 00:00:00.000000,2023-03-29 00:00:00.000000,DEPARTAMENTO,Arriendo,agency
PI-2023-03-003365,portalinmobiliario,Macul,Metropolitana,435000,12.43,28.8,2023-02-28 00:00:00.000000,2023-03-22 00:00:00.000000,Departamento,Arriendo,owner_direct
PI-2023-03-000234,portalinmobiliario,Estación Central,Metropolitana,305000,8.71,5.0,2022-09-19 00:00:00.000000,2023-03-01 00:00:00.000000,departamento,arriendo,owner_direct
PI-2023-03-002315,portalinmobiliario,Independencia,Metropolitana,380000,10.86,33.6,2023-02-05 00:00:00.000000,2023-03-15 00:00:00.000000,departamento,Arriendo,owner_direct
PI-2023-03-000329,portalinmobiliario,Ñuñoa,Metropolitana,715000,20.43,44.1,2023-02-04 00:00:00.000000,2023-03-01 00:00:00.000000,departamento,Arriendo,agency
PI-2023-03-004093,portalinmobiliario,Macul,Metropolitana,575000,16.43,44.2,2023-03-18 00:00:00.000000,2023-03-29 00:00:00.000000,departamento,ARRIENDO,agency
PI-2023-03-004123,portalinmobiliario,La Reina,Metropolitana,965000,27.57,61.6,2023-02-14 00:00:00.000000,2023-03-29 00:00:00.000000,Departamento,Arriendo,owner_direct
PI-2023-03-001653,portalinmobiliario,Cerrillos,Metropolitana,615000,17.57,67.3,2023-02-23 00:00:00.000000,2023-03-08 00:00:00.000000,departamento,arriendo,agency
PI-2023-03-001530,portalinmobiliario,San Miguel,Metropolitana,730000,20.86,68.4,2023-02-14 00:00:00.000000,2023-03-08 00:00:00.000000,DEPARTAMENTO,ARRIENDO,agency
PI-2023-03-002207,portalinmobiliario,Independencia,Metropolitana,555000,15.86,56.7,2023-02-17 00:00:00.000000,2023-03-15 00:00:00.000000,DEPARTAMENTO,ARRIENDO,agency
PI-2023-03-001172,portalinmobiliario,Quilicura,Metropolitana,445000,12.71,47.8,2023-01-21 00:00:00.000000,2023-03-08 00:00:00.000000,DEPARTAMENTO,Arriendo,agency
PI-2023-03-003904,portalinmobiliario,Las Condes,Metropolitana,1065000,30.43,63.9,2023-02-16 00:00:00.000000,2023-03-22 00:00:00.000000,DEPARTAMENTO,Arriendo,owner_direct
PI-2023-03-002857,portalinmobiliario,Santiago,Metropolitana,440000,12.57,28.5,2023-03-05 00:00:00.000000,2023-03-15 00:00:00.000000,departamento,Arriendo,agency
PI-2023-03-004914,portalinmobiliario, Huechuraba,Metropolitana,570000,16.29,40.6,2023-01-30 00:00:00.000000,2023-03-29 00:00:00.000000,DEPARTAMENTO,ARRIENDO,owner_direct
PI-2023-03-000808,portalinmobiliario,Lo Barnechea,Metropolitana,635000,18.14,30.9,2023-02-07 00:00:00.000000,2023-03-01 00:00:00.000000,departamento,arriendo,agency
PI-2023-03-001467,portalinmobiliario,Macul,Metropolitana,565000,16.14,46.8,2023-02-13 00:00:00.000000,2023-03-08 00:00:00.000000,departamento,ARRIENDO,agency
PI-2023-03-002848,portalinmobiliario,Maipú,Metropolitana,465000,13.29,57.5,2023-02-21 00:00:00.000000,2023-03-15 00:00:00.000000,DEPARTAMENTO,ARRIENDO,owner_direct
PI-2023-03-004873,portalinmobiliario,Quinta Normal,Metropolitana,370000,10.57,23.5,2023-03-14 00:00:00.000000,2023-03-29 00:00:00.000000,Departamento,arriendo,owner_direct
PI-2023-03-003969,portalinmobiliario,Santiago,Metropolitana,670000,19.14,47.3,2023-03-02 00:00:00.000000,2023-03-22 00:00:00.000000,Departamento,arriendo,agency
PI-2023-03-003442,portalinmobiliario,Providencia,Metropolitana,4320000,123.43,81.3,2023-03-10 00:00:00.000000,2023-03-22 00:00:00.000000,Departamento,ARRIENDO,owner_direct
PI-2023-03-002815,portalinmobiliario,La Florida,Metropolitana,600000,17.14,60.6,2023-02-14 00:00:00.000000,2023-03-15 00:00:00.000000,DEPARTAMENTO,arriendo,agency
PI-2023-03-005189,portalinmobiliario,Cerrillos,Metropolitana,715000,20.43,63.3,2023-03-07 00:00:00.000000,2023-03-29 00:00:00.000000,Departamento,Arriendo,agency
PI-2023-03-002298,portalinmobiliario,La Reina,Metropolitana,715000,20.43,43.0,2023-02-01 00:00:00.000000,2023-03-15 00:00:00.000000,DEPARTAMENTO,ARRIENDO,owner_direct
PI-2023-03-005000,portalinmobiliario,Puente Alto,Metropolitana,480000,13.71,47.8,2023-03-20 00:00:00.000000,2023-03-29 00:00:00.000000,DEPARTAMENTO,arriendo,agency
PI-2023-03-003500,portalinmobiliario,LO BARNECHEA,Metropolitana,810000,23.14,50.4,2023-02-19 00:00:00.000000,2023-03-22 00:00:00.000000,DEPARTAMENTO,arriendo,agency
PI-2023-03-003134,portalinmobiliario,Santiago,Metropolitana,620000,17.71,48.8,2023-01-19 00:00:00.000000,2023-03-22 00:00:00.000000,Departamento,arriendo,owner_direct
PI-2023-03-001759,portalinmobiliario,Pudahuel,Metropolitana,450000,12.86,48.3,2023-02-08 00:00:00.000000,2023-03-08 00:00:00.000000,departamento,Arriendo,owner_direct
PI-2023-03-000487,portalinmobiliario,San Joaquín,Metropolitana,480000,13.71,40.4,2023-02-12 00:00:00.000000,2023-03-01 00:00:00.000000,Departamento,ARRIENDO,agency
PI-2023-03-001124,portalinmobiliario,Providencia,Metropolitana,1115000,31.86,62.0,2023-02-25 00:00:00.000000,2023-03-08 00:00:00.000000,DEPARTAMENTO,Arriendo,agency
PI-2023-03-005260,portalinmobiliario,Macul,Metropolitana,455000,13.0,40.6,2023-03-09 00:00:00.000000,2023-03-29 00:00:00.000000,Departamento,ARRIENDO,agency
PI-2023-03-004449,portalinmobiliario,Puente Alto,Metropolitana,540000,15.43,67.3,2022-11-14 00:00:00.000000,2023-03-29 00:00:00.000000,Departamento,Arriendo,owner_direct
PI-2023-03-001613,portalinmobiliario,Ñuñoa,Metropolitana,560000,16.0,31.1,2023-01-10 00:00:00.000000,2023-03-08 00:00:00.000000,departamento,Arriendo,agency
PI-2023-03-004286,portalinmobiliario,San Miguel,Metropolitana,475000,13.57,43.0,2023-03-12 00:00:00.000000,2023-03-29 00:00:00.000000,DEPARTAMENTO,arriendo,owner_direct
PI-2023-03-002871,portalinmobiliario,Peñalolén,Metropolitana,665000,19.0,66.1,2023-02-20 00:00:00.000000,2023-03-15 00:00:00.000000,DEPARTAMENTO,arriendo,agency
PI-2023-03-002711,portalinmobiliario,Estación Central,Metropolitana,920000,26.29,136.5,2023-03-04 00:00:00.000000,2023-03-15 00:00:00.000000,departamento,Arriendo,agency
PI-2023-03-001480,portalinmobiliario,Peñalolén ,Metropolitana,540000,15.43,50.4,2023-02-28 00:00:00.000000,2023-03-08 00:00:00.000000,DEPARTAMENTO,ARRIENDO,agency
PI-2023-03-004130,portalinmobiliario,Las Condes,Metropolitana,1010000,28.86,42.7,2023-03-18 00:00:00.000000,2023-03-29 00:00:00.000000,DEPARTAMENTO,ARRIENDO,agency
PI-2023-03-001384,portalinmobiliario,Ñuñoa,Metropolitana,575000,16.43,33.4,2023-03-03 00:00:00.000000,2023-03-08 00:00:00.000000,DEPARTAMENTO,ARRIENDO,agency
PI-2023-03-005132,portalinmobiliario,Vitacura,Metropolitana,1120000,32.0,47.6,2023-03-12 00:00:00.000000,2023-03-29 00:00:00.000000,Departamento,Arriendo,owner_direct
PI-2023-03-001297,portalinmobiliario,Estación Central,Metropolitana,350000,10.0,32.7,2023-03-04 00:00:00.000000,2023-03-08 00:00:00.000000,DEPARTAMENTO,arriendo,owner_direct
PI-2023-03-004472,portalinmobiliario,Ñuñoa,Metropolitana,495000,14.14,30.6,2023-02-13 00:00:00.000000,2023-03-29 00:00:00.000000,DEPARTAMENTO,arriendo,agency
PI-2023-03-002701,portalinmobiliario,Las Condes,Metropolitana,1130000,32.29,63.9,2023-02-20 00:00:00.000000,2023-03-15 00:00:00.000000,departamento,Arriendo,agency
PI-2023-03-000161,portalinmobiliario,Macul,Metropolitana,405000,11.57,1.0,2023-02-21 00:00:00.000000,2023-03-01 00:00:00.000000,DEPARTAMENTO,Arriendo,owner_direct
PI-2023-03-004600,portalinmobiliario,Macul,Metropolitana,495000,14.14,31.3,2023-03-10 00:00:00.000000,2023-03-29 00:00:00.000000,departamento,arriendo,owner_direct
PI-2023-03-004101,portalinmobiliario,Macul,Metropolitana,1010000,28.86,104.8,2023-03-24 00:00:00.000000,2023-03-29 00:00:00.000000,departamento,ARRIENDO,agency
PI-2023-03-002462,portalinmobiliario,Santiago,Metropolitana,720000,20.57,82.9,2023-03-03 00:00:00.000000,2023-03-15 00:00:00.000000,DEPARTAMENTO,Arriendo,agency
PI-2023-03-002743,portalinmobiliario,Las Condes,Metropolitana,900000,25.71,49.7,2023-03-05 00:00:00.000000,2023-03-15 00:00:00.000000,DEPARTAMENTO,arriendo,agency
PI-2023-03-003117,portalinmobiliario,Maipú,Metropolitana,490000,14.0,45.6,2023-02-08 00:00:00.000000,2023-03-22 00:00:00.000000,Departamento,Arriendo,agency
PI-2023-03-002147,portalinmobiliario,Las Condes,Metropolitana,8945000,255.57,37.4,2023-03-03 00:00:00.000000,2023-03-15 00:00:00.000000,Departamento,ARRIENDO,agency
PI-2023-03-004557,portalinmobiliario,Las Condes,Metropolitana,1500000,42.86,78.2,2023-03-11 00:00:00.000000,2023-03-29 00:00:00.000000,Departamento,ARRIENDO,agency
PI-2023-03-000286,portalinmobiliario,Santiago,Metropolitana,600000,17.14,51.1,2023-01-29 00:00:00.000000,2023-03-01 00:00:00.000000,departamento,Arriendo,owner_direct
PI-2023-03-004504,portalinmobiliario,Huechuraba,Metropolitana,705000,20.14,56.3,2023-02-12 00:00:00.000000,2023-03-29 00:00:00.000000,departamento,Arriendo,owner_direct
PI-2023-03-004370,portalinmobiliario,Quilicura,Metropolitana,415000,11.86,30.7,2023-02-25 00:00:00.000000,2023-03-29 00:00:00.000000,DEPARTAMENTO,arriendo,agency
PI-2023-03-003005,portalinmobiliario, San Miguel,Metropolitana,520000,14.86,41.0,2023-02-22 00:00:00.000000,2023-03-22 00:00:00.000000,DEPARTAMENTO,ARRIENDO,agency
PI-2023-03-001914,portalinmobiliario,Santiago,Metropolitana,610000,17.43,46.3,2023-03-05 00:00:00.000000,2023-03-15 00:00:00.000000,Departamento,arriendo,owner_direct
PI-2023-03-005065,portalinmobiliario,La Cisterna,Metropolitana,425000,12.14,42.1,2023-03-18 00:00:00.000000,2023-03-29 00:00:00.000000,Departamento,Arriendo,agency
PI-2023-03-004552,portalinmobiliario,San Miguel,Metropolitana,6190000,176.86,72.7,2022-12-04 00:00:00.000000,2023-03-29 00:00:00.000000,Departamento,ARRIENDO,owner_direct
PI-2023-03-002375,portalinmobiliario,Ñuñoa,Metropolitana,850000,24.29,47.7,2023-02-24 00:00:00.000000,2023-03-15 00:00:00.000000,departamento,ARRIENDO,agency
PI-2023-03-003767,portalinmobiliario,MACUL,Metropolitana,820000,23.43,69.3,2023-03-09 00:00:00.000000,2023-03-22 00:00:00.000000,Departamento,ARRIENDO,owner_direct
PI-2023-03-001902,portalinmobiliario,Estación Central,Metropolitana,505000,14.43,44.9,2023-02-26 00:00:00.000000,2023-03-08 00:00:00.000000,DEPARTAMENTO,arriendo,agency
PI-2023-03-001588,portalinmobiliario,Lo Barnechea,Metropolitana,885000,25.29,51.3,2023-02-16 00:00:00.000000,2023-03-08 00:00:00.000000,Departamento,ARRIENDO,owner_direct
PI-2023-03-000804,portalinmobiliario,Santiago,Metropolitana,615000,17.57,46.5,2023-01-15 00:00:00.000000,2023-03-01 00:00:00.000000,DEPARTAMENTO,ARRIENDO,agency
PI-2023-03-001912,portalinmobiliario,Independencia,Metropolitana,485000,13.86,51.8,2023-03-08 00:00:00.000000,2023-03-15 00:00:00.000000,DEPARTAMENTO,ARRIENDO,agency
PI-2023-03-001603,portalinmobiliario,Independencia,Metropolitana,550000,15.71,58.2,2023-02-12 00:00:00.000000,2023-03-08 00:00:00.000000,departamento,Arriendo,agency
PI-2023-03-003474,portalinmobiliario,Santiago,Metropolitana,570000,16.29,56.7,2023-02-11 00:00:00.000000,2023-03-22 00:00:00.000000,departamento,ARRIENDO,agency
PI-2023-03-005190,portalinmobiliario,San Miguel,Metropolitana,495000,14.14,38.3,2023-02-24 00:00:00.000000,2023-03-29 00:00:00.000000,departamento,Arriendo,agency
PI-2023-03-005104,portalinmobiliario,San Joaquín,Metropolitana,490000,14.0,43.3,2023-03-13 00:00:00.000000,2023-03-29 00:00:00.000000,Departamento,arriendo,owner_direct
PI-2023-03-000277,portalinmobiliario,Independencia,Metropolitana,595000,17.0,62.7,2023-02-20 00:00:00.000000,2023-03-01 00:00:00.000000,Departamento,ARRIENDO,owner_direct
PI-2023-03-003728,portalinmobiliario,SAN MIGUEL,Metropolitana,755000,21.57,58.1,2023-03-21 00:00:00.000000,2023-03-22 00:00:00.000000,DEPARTAMENTO,arriendo,owner_direct
PI-2023-03-002996,portalinmobiliario,La Florida,Metropolitana,975000,27.86,128.6,2023-02-21 00:00:00.000000,2023-03-22 00:00:00.000000,departamento,arriendo,agency
PI-2023-03-001745,portalinmobiliario,Conchalí,Metropolitana,630000,18.0,64.2,2023-02-19 00:00:00.000000,2023-03-08 00:00:00.000000,Departamento,Arriendo,owner_direct
PI-2023-03-002795,portalinmobiliario,Las Condes,Metropolitana,985000,28.14,49.2,2023-03-05 00:00:00.000000,2023-03-15 00:00:00.000000,Departamento,Arriendo,agency
PI-2023-03-003682,portalinmobiliario,Santiago,Metropolitana,500000,14.29,47.1,2023-03-05 00:00:00.000000,2023-03-22 00:00:00.000000,Departamento,ARRIENDO,owner_direct
PI-2023-03-004980,portalinmobiliario,Santiago,Metropolitana,550000,15.71,40.2,2023-02-09 00:00:00.000000,2023-03-29 00:00:00.000000,DEPARTAMENTO,Arriendo,agency
PI-2023-03-002074,portalinmobiliario,Ñuñoa,Metropolitana,695000,19.86,58.9,2023-02-11 00:00:00.000000,2023-03-15 00:00:00.000000,Departamento,ARRIENDO,owner_direct
PI-2023-03-004563,portalinmobiliario,Conchalí,Metropolitana,465000,13.29,51.6,2023-03-06 00:00:00.000000,2023-03-29 00:00:00.000000,Departamento,arriendo,agency
PI-2023-03-003896,portalinmobiliario,Estación Central,Metropolitana,395000,11.29,43.8,2023-03-13 00:00:00.000000,2023-03-22 00:00:00.000000,departamento,arriendo,owner_direct
PI-2023-03-002204,portalinmobiliario,Estación Central,Metropolitana,625000,17.86,79.5,2023-03-09 00:00:00.000000,2023-03-15 00:00:00.000000,departamento,arriendo,owner_direct
PI-2023-03-002283,portalinmobiliario,Maipú,Metropolitana,505000,14.43,65.3,2022-08-29 00:00:00.000000,2023-03-15 00:00:00.000000,Departamento,arriendo,agency
PI-2023-03-004002,portalinmobiliario,Santiago,Metropolitana,560000,16.0,46.9,2023-03-14 00:00:00.000000,2023-03-22 00:00:00.000000,Departamento,ARRIENDO,agency
PI-2023-03-001465,portalinmobiliario,Renca,Metropolitana,290000,8.29,26.9,2022-06-26 00:00:00.000000,2023-03-08 00:00:00.000000,Departamento,ARRIENDO,agency
PI-2023-03-004204,portalinmobiliario,Santiago,Metropolitana,790000,22.57,62.1,2023-02-27 00:00:00.000000,2023-03-29 00:00:00.000000,Departamento,ARRIENDO,agency
PI-2023-03-003370,portalinmobiliario,Recoleta,Metropolitana,955000,27.29,108.3,2023-02-26 00:00:00.000000,2023-03-22 00:00:00.000000,Departamento,Arriendo,owner_direct
PI-2023-03-000765,portalinmobiliario,San Miguel,Metropolitana,740000,21.14,64.4,2023-01-29 00:00:00.000000,2023-03-01 00:00:00.000000,DEPARTAMENTO,ARRIENDO,owner_direct
PI-2023-03-004046,portalinmobiliario,La Florida,Metropolitana,550000,15.71,45.2,2023-02-18 00:00:00.000000,2023-03-22 00:00:00.000000,Departamento,arriendo,agency
PI-2023-03-002367,portalinmobiliario,Santiago,Metropolitana,545000,15.57,35.2,2023-02-28 00:00:00.000000,2023-03-15 00:00:00.000000,DEPARTAMENTO,ARRIENDO,owner_direct
PI-2023-03-002758,portalinmobiliario,Peñalolén,Metropolitana,590000,16.86,57.0,2023-01-29 00:00:00.000000,2023-03-15 00:00:00.000000,departamento,ARRIENDO,owner_direct
PI-2023-03-000086,portalinmobiliario,Santiago,Metropolitana,575000,16.43,37.7,2023-02-14 00:00:00.000000,2023-03-01 00:00:00.000000,DEPARTAMENTO,ARRIENDO,agency
PI-2023-03-002083,portalinmobiliario,La Florida,Metropolitana,475000,13.57,46.7,2022-11-10 00:00:00.000000,2023-03-15 00:00:00.000000,DEPARTAMENTO,arriendo,owner_direct
PI-2023-03-005353,portalinmobiliario,Lo Barnechea,Metropolitana,1415000,40.43,90.6,2023-03-03 00:00:00.000000,2023-03-29 00:00:00.000000,Departamento,arriendo,owner_direct
PI-2023-03-003893,portalinmobiliario,San Miguel,Metropolitana,450000,12.86,31.2,2023-03-04 00:00:00.000000,2023-03-22 00:00:00.000000,DEPARTAMENTO,Arriendo,agency
PI-2023-03-004247,portalinmobiliario,Ñuñoa,Metropolitana,775000,22.14,64.2,2023-03-07 00:00:00.000000,2023-03-29 00:00:00.000000,DEPARTAMENTO,ARRIENDO,owner_direct
PI-2023-03-001878,portalinmobiliario,San Miguel,Metropolitana,615000,17.57,47.0,2023-01-16 00:00:00.000000,2023-03-08 00:00:00.000000,Departamento,arriendo,owner_direct
PI-2023-03-001329,portalinmobiliario,Macul,Metropolitana,580000,16.57,57.2,2023-02-12 00:00:00.000000,2023-03-08 00:00:00.000000,Departamento,ARRIENDO,agency
PI-2023-03-001547,portalinmobiliario,Vitacura,Metropolitana,830000,23.71,35.5,2023-01-29 00:00:00.000000,2023-03-08 00:00:00.000000,Departamento,ARRIENDO,agency
PI-2023-03-004396,portalinmobiliario,Lo Barnechea,Metropolitana,710000,20.29,2.0,2023-03-10 00:00:00.000000,2023-03-29 00:00:00.000000,Departamento,arriendo,agency
PI-2023-03-001623,portalinmobiliario,San Joaquín,Metropolitana,465000,13.29,48.6,2023-03-02 00:00:00.000000,2023-03-08 00:00:00.000000,DEPARTAMENTO,arriendo,agency
PI-2023-03-004575,portalinmobiliario,Providencia,Metropolitana,850000,24.29,42.7,2023-03-12 00:00:00.000000,2023-03-29 00:00:00.000000,Departamento,Arriendo,agency
PI-2023-03-001323,portalinmobiliario,San Miguel,Metropolitana,480000,13.71,38.2,2023-02-11 00:00:00.000000,2023-03-08 00:00:00.000000,Departamento,Arriendo,agency
PI-2023-03-002243,portalinmobiliario,estación central,Metropolitana,460000,13.14,46.6,2022-08-29 00:00:00.000000,2023-03-15 00:00:00.000000,departamento,arriendo,agency
PI-2023-03-004212,portalinmobiliario,Lo Barnechea,Metropolitana,1070000,30.57,66.4,2023-02-20 00:00:00.000000,2023-03-29 00:00:00.000000,DEPARTAMENTO,ARRIENDO,owner_direct
PI-2023-03-001324,portalinmobiliario,Ñuñoa,Metropolitana,730000,20.86,49.6,2022-12-17 00:00:00.000000,2023-03-08 00:00:00.000000,DEPARTAMENTO,Arriendo,agency
PI-2023-03-000612,portalinmobiliario,Conchalí,Metropolitana,320000,9.14,10.0,2022-10-28 00:00:00.000000,2023-03-01 00:00:00.000000,departamento,arriendo,owner_direct
PI-2023-03-004386,portalinmobiliario,Recoleta,Metropolitana,405000,11.57,51.2,2023-03-07 00:00:00.000000,2023-03-29 00:00:00.000000,Departamento,ARRIENDO,owner_direct
PI-2023-03-000533,portalinmobiliario,San Joaquín,Metropolitana,660000,18.86,94.7,2023-02-21 00:00:00.000000,2023-03-01 00:00:00.000000,Departamento,ARRIENDO,agency
PI-2023-03-004392,portalinmobiliario,San Miguel,Metropolitana,555000,15.86,38.7,2023-03-10 00:00:00.000000,2023-03-29 00:00:00.000000,Departamento,arriendo,agency
PI-2023-03-005238,portalinmobiliario,Huechuraba,Metropolitana,525000,15.0,43.8,2023-03-19 00:00:00.000000,2023-03-29 00:00:00.000000,Departamento,Arriendo,agency
PI-2023-03-002285,portalinmobiliario,Estación Central,Metropolitana,410000,11.71,32.1,2023-03-02 00:00:00.000000,2023-03-15 00:00:00.000000,DEPARTAMENTO,ARRIENDO,agency
PI-2023-03-002119,portalinmobiliario,Las Condes,Metropolitana,1165000,33.29,66.6,2023-02-18 00:00:00.000000,2023-03-15 00:00:00.000000,Departamento,arriendo,agency
PI-2023-03-003316,portalinmobiliario,Las Condes,Metropolitana,7470000,213.43,39.6,2023-02-15 00:00:00.000000,2023-03-22 00:00:00.000000,DEPARTAMENTO,arriendo,agency
PI-2023-03-001989,portalinmobiliario,maipú,Metropolitana,465000,13.29,51.5,2023-02-10 00:00:00.000000,2023-03-15 00:00:00.000000,DEPARTAMENTO,ARRIENDO,agency
PI-2023-03-003508,portalinmobiliario,Santiago ,Metropolitana,620000,17.71,54.0,2023-01-28 00:00:00.000000,2023-03-22 00:00:00.000000,departamento,arriendo,agency
PI-2023-03-004796,portalinmobiliario,LAS CONDES,Metropolitana,1085000,31.0,66.8,2023-03-22 00:00:00.000000,2023-03-29 00:00:00.000000,DEPARTAMENTO,Arriendo,owner_direct
PI-2023-03-005030,portalinmobiliario,Vitacura,Metropolitana,1145000,32.71,41.9,2023-03-14 00:00:00.000000,2023-03-29 00:00:00.000000,Departamento,arriendo,agency
PI-2023-03-001246,portalinmobiliario,La Reina,Metropolitana,1185000,33.86,82.1,2023-03-04 00:00:00.000000,2023-03-08 00:00:00.000000,departamento,ARRIENDO,agency
PI-2023-03-001305,portalinmobiliario,San Joaquín,Metropolitana,445000,12.71,36.6,2023-02-23 00:00:00.000000,2023-03-08 00:00:00.000000,departamento,ARRIENDO,owner_direct
PI-2023-03-003250,portalinmobiliario,Ñuñoa,Metropolitana,6335000,181.0,41.7,2023-03-16 00:00:00.000000,2023-03-22 00:00:00.000000,DEPARTAMENTO,arriendo,agency
PI-2023-03-000141,portalinmobiliario,quinta normal,Metropolitana,440000,12.57,58.5,2023-02-05 00:00:00.000000,2023-03-01 00:00:00.000000,Departamento,Arriendo,owner_direct
PI-2023-03-002696,portalinmobiliario,Ñuñoa,Metropolitana,720000,20.57,44.2,2023-03-11 00:00:00.000000,2023-03-15 00:00:00.000000,departamento,ARRIENDO,owner_direct
PI-2023-03-004930,portalinmobiliario,LA FLORIDA,Metropolitana,750000,21.43,90.2,2022-11-17 00:00:00.000000,2023-03-29 00:00:00.000000,departamento,Arriendo,agency
PI-2023-03-004711,portalinmobiliario,Vitacura,Metropolitana,1265000,36.14,53.2,2023-03-01 00:00:00.000000,2023-03-29 00:00:00.000000,DEPARTAMENTO,arriendo,owner_direct
PI-2023-03-003866,portalinmobiliario,Maipú,Metropolitana,440000,12.57,63.1,2023-02-23 00:00:00.000000,2023-03-22 00:00:00.000000,departamento,ARRIENDO,agency
PI-2023-03-004741,portalinmobiliario,Estación Central,Metropolitana,385000,11.0,31.1,2023-03-05 00:00:00.000000,2023-03-29 00:00:00.000000,DEPARTAMENTO,Arriendo,agency
PI-2023-03-002559,portalinmobiliario,Ñuñoa,Metropolitana,795000,22.71,52.2,2023-02-07 00:00:00.000000,2023-03-15 00:00:00.000000,Departamento,arriendo,agency
PI-2023-03-004001,portalinmobiliario,Macul,Metropolitana,485000,13.86,38.4,2023-03-11 00:00:00.000000,2023-03-22 00:00:00.000000,Departamento,ARRIENDO,agency
PI-2023-03-000371,portalinmobiliario,Santiago,Metropolitana,850000,24.29,82.5,2023-02-18 00:00:00.000000,2023-03-01 00:00:00.000000,Departamento,arriendo,agency
PI-2023-03-004157,portalinmobiliario,Estación Central,Metropolitana,555000,15.86,54.3,2023-03-15 00:00:00.000000,2023-03-29 00:00:00.000000,DEPARTAMENTO,arriendo,owner_direct
PI-2023-03-002241,portalinmobiliario,San Miguel,Metropolitana,540000,15.43,47.8,2022-12-30 00:00:00.000000,2023-03-15 00:00:00.000000,DEPARTAMENTO,ARRIENDO,agency
PI-2023-03-003146,portalinmobiliario,La Cisterna,Metropolitana,480000,13.71,70.5,2023-03-05 00:00:00.000000,2023-03-22 00:00:00.000000,DEPARTAMENTO,Arriendo,owner_direct
PI-2023-03-002724,portalinmobiliario,Quilicura,Metropolitana,545000,15.57,62.7,2022-11-30 00:00:00.000000,2023-03-15 00:00:00.000000,departamento,Arriendo,agency
PI-2023-03-002195,portalinmobiliario,Cerrillos,Metropolitana,370000,10.57,33.6,2023-02-18 00:00:00.000000,2023-03-15 00:00:00.000000,DEPARTAMENTO,ARRIENDO,owner_direct
PI-2023-03-000318,portalinmobiliario, Independencia,Metropolitana,500000,14.29,47.5,2023-02-13 00:00:00.000000,2023-03-01 00:00:00.000000,departamento,arriendo,agency
PI-2023-03-001184,portalinmobiliario,Independencia,Metropolitana,460000,13.14,39.7,2023-02-12 00:00:00.000000,2023-03-08 00:00:00.000000,departamento,ARRIENDO,agency
PI-2023-03-005161,portalinmobiliario,Las Condes,Metropolitana,1170000,33.43,74.5,2023-03-05 00:00:00.000000,2023-03-29 00:00:00.000000,Departamento,Arriendo,owner_direct
PI-2023-03-000491,portalinmobiliario,Lo Barnechea,Metropolitana,1010000,28.86,51.1,2022-11-09 00:00:00.000000,2023-03-01 00:00:00.000000,Departamento,ARRIENDO,agency
PI-2023-03-004780,portalinmobiliario,Lo Barnechea,Metropolitana,1085000,31.0,62.8,2023-03-22 00:00:00.000000,2023-03-29 00:00:00.000000,departamento,ARRIENDO,owner_direct
PI-2023-03-005023,portalinmobiliario,La Cisterna,Metropolitana,460000,13.14,52.5,2023-02-14 00:00:00.000000,2023-03-29 00:00:00.000000,Departamento,Arriendo,owner_direct
PI-2023-03-003406,portalinmobiliario,Independencia,Metropolitana,630000,18.0,77.4,2023-03-18 00:00:00.000000,2023-03-22 00:00:00.000000,Departamento,arriendo,agency
PI-2023-03-002538,portalinmobiliario,Las Condes,Metropolitana,860000,24.57,42.8,2023-03-05 00:00:00.000000,2023-03-15 00:00:00.000000,Departamento,Arriendo,agency
PI-2023-03-004673,portalinmobiliario,Estación Central,Metropolitana,340000,9.71,23.6,2023-03-10 00:00:00.000000,2023-03-29 00:00:00.000000,DEPARTAMENTO,ARRIENDO,agency
PI-2023-03-000632,portalinmobiliario,Santiago,Metropolitana,795000,22.71,87.9,2022-12-31 00:00:00.000000,2023-03-01 00:00:00.000000,Departamento,arriendo,owner_direct
PI-2023-03-001711,portalinmobiliario,Peñalolén,Metropolitana,540000,15.43,47.3,2023-02-04 00:00:00.000000,2023-03-08 00:00:00.000000,DEPARTAMENTO,ARRIENDO,owner_direct
PI-2023-03-000069,portalinmobiliario,Las Condes,Metropolitana,1220000,34.86,60.6,2023-02-15 00:00:00.000000,2023-03-01 00:00:00.000000,departamento,ARRIENDO,agency
PI-2023-03-005282,portalinmobiliario,Santiago,Metropolitana,445000,12.71,29.1,2023-03-13 00:00:00.000000,2023-03-29 00:00:00.000000,DEPARTAMENTO,ARRIENDO,agency
PI-2023-03-005114,portalinmobiliario,Peñalolén,Metropolitana,570000,16.29,45.8,2023-02-14 00:00:00.000000,2023-03-29 00:00:00.000000,DEPARTAMENTO,arriendo,owner_direct
PI-2023-03-001911,portalinmobiliario,Independencia,Metropolitana,3890000,111.14,34.1,2023-02-13 00:00:00.000000,2023-03-15 00:00:00.000000,Departamento,ARRIENDO,owner_direct
PI-2023-03-002544,portalinmobiliario,Las Condes,Metropolitana,17935000,512.43,111.4,2023-03-08 00:00:00.000000,2023-03-15 00:00:00.000000,departamento,arriendo,agency
PI-2023-03-000309,portalinmobiliario,Santiago,Metropolitana,5785000,165.29,37.8,2023-02-22 00:00:00.000000,2023-03-01 00:00:00.000000,departamento,arriendo,owner_direct
PI-2023-03-000032,portalinmobiliario,Santiago,Metropolitana,420000,12.0,1.0,2023-01-28 00:00:00.000000,2023-03-01 00:00:00.000000,departamento,arriendo,agency
PI-2023-03-001365,portalinmobiliario,Recoleta,Metropolitana,605000,17.29,65.1,2023-02-21 00:00:00.000000,2023-03-08 00:00:00.000000,Departamento,ARRIENDO,owner_direct
PI-2023-03-000516,portalinmobiliario,Conchalí,Metropolitana,335000,9.57,35.9,2023-02-08 00:00:00.000000,2023-03-01 00:00:00.000000,departamento,Arriendo,agency
PI-2023-03-003453,portalinmobiliario,Santiago,Metropolitana,635000,18.14,54.9,2023-02-18 00:00:00.000000,2023-03-22 00:00:00.000000,Departamento,ARRIENDO,agency
PI-2023-03-001821,portalinmobiliario,Conchalí,Metropolitana,620000,17.71,58.9,2023-01-14 00:00:00.000000,2023-03-08 00:00:00.000000,Departamento,arriendo,owner_direct
PI-2023-03-002655,portalinmobiliario,Macul,Metropolitana,660000,18.86,66.9,2022-09-03 00:00:00.000000,2023-03-15 00:00:00.000000,departamento,arriendo,agency
PI-2023-03-001807,portalinmobiliario,Las Condes,Metropolitana,825000,23.57,37.1,2023-02-01 00:00:00.000000,2023-03-08 00:00:00.000000,Departamento,ARRIENDO,owner_direct
PI-2023-03-000675,portalinmobiliario,Santiago,Metropolitana,810000,23.14,88.7,2023-02-27 00:00:00.000000,2023-03-01 00:00:00.000000,departamento,arriendo,agency
PI-2023-03-003088,portalinmobiliario,Ñuñoa,Metropolitana,925000,26.43,82.1,2023-01-25 00:00:00.000000,2023-03-22 00:00:00.000000,DEPARTAMENTO,Arriendo,agency
PI-2023-03-004781,portalinmobiliario,San Miguel,Metropolitana,435000,12.43,31.4,2023-02-08 00:00:00.000000,2023-03-29 00:00:00.000000,Departamento,arriendo,owner_direct
PI-2023-03-000463,portalinmobiliario,Puente Alto,Metropolitana,405000,11.57,55.8,2023-02-08 00:00:00.000000,2023-03-01 00:00:00.000000,Departamento,arriendo,agency
PI-2023-03-001379,portalinmobiliario,Peñalolén,Metropolitana,495000,14.14,47.6,2023-01-02 00:00:00.000000,2023-03-08 00:00:00.000000,DEPARTAMENTO,Arriendo,owner_direct
PI-2023-03-002297,portalinmobiliario,Estación Central,Metropolitana,580000,16.57,56.7,2023-02-20 00:00:00.000000,2023-03-15 00:00:00.000000,departamento,ARRIENDO,agency
PI-2023-03-001761,portalinmobiliario,Peñalolén,Metropolitana,670000,19.14,68.9,2023-02-28 00:00:00.000000,2023-03-08 00:00:00.000000,departamento,Arriendo,owner_direct
PI-2023-03-003423,portalinmobiliario,La Cisterna,Metropolitana,530000,15.14,66.0,2023-03-11 00:00:00.000000,2023-03-22 00:00:00.000000,DEPARTAMENTO,ARRIENDO,owner_direct
PI-2023-03-003766,portalinmobiliario,Providencia,Metropolitana,1135000,32.43,92.8,2023-03-02 00:00:00.000000,2023-03-22 00:00:00.000000,departamento,arriendo,agency
PI-2023-03-002886,portalinmobiliario,La Florida,Metropolitana,450000,12.86,32.8,2023-03-01 00:00:00.000000,2023-03-15 00:00:00.000000,Departamento,ARRIENDO,agency
PI-2023-03-002745,portalinmobiliario,Estación Central,Metropolitana,380000,10.86,33.0,2023-02-28 00:00:00.000000,2023-03-15 00:00:00.000000,departamento,arriendo,owner_direct
PI-2023-03-001943,portalinmobiliario,Macul,Metropolitana,535000,15.29,40.6,2023-02-23 00:00:00.000000,2023-03-15 00:00:00.000000,Departamento,arriendo,agency
PI-2023-03-000339,portalinmobiliario,Santiago,Metropolitana,645000,18.43,52.3,2023-02-17 00:00:00.000000,2023-03-01 00:00:00.000000,Departamento,ARRIENDO,agency
PI-2023-03-001837,portalinmobiliario,Providencia,Metropolitana,1230000,35.14,78.4,2023-02-17 00:00:00.000000,2023-03-08 00:00:00.000000,Departamento,Arriendo,agency
PI-2023-03-000278,portalinmobiliario,Estación Central,Metropolitana,620000,17.71,62.4,2023-01-25 00:00:00.000000,2023-03-01 00:00:00.000000,DEPARTAMENTO,Arriendo,agency
PI-2023-03-001164,portalinmobiliario,Las Condes,Metropolitana,955000,27.29,38.4,2023-01-21 00:00:00.000000,2023-03-08 00:00:00.000000,Departamento,Arriendo,agency
PI-2023-03-002012,portalinmobiliario,Ñuñoa,Metropolitana,640000,18.29,56.3,2023-02-09 00:00:00.000000,2023-03-15 00:00:00.000000,departamento,ARRIENDO,agency
PI-2023-03-004506,portalinmobiliario,Recoleta,Metropolitana,690000,19.71,87.8,2023-03-15 00:00:00.000000,2023-03-29 00:00:00.000000,DEPARTAMENTO,Arriendo,owner_direct
PI-2023-03-004253,portalinmobiliario, Estación Central,Metropolitana,410000,11.71,41.4,2023-02-05 00:00:00.000000,2023-03-29 00:00:00.000000,Departamento,ARRIENDO,agency
PI-2023-03-000506,portalinmobiliario,Vitacura,Metropolitana,995000,28.43,34.1,2023-02-25 00:00:00.000000,2023-03-01 00:00:00.000000,DEPARTAMENTO,Arriendo,owner_direct
PI-2023-03-003002,portalinmobiliario,Ñuñoa,Metropolitana,830000,23.71,53.8,2023-01-02 00:00:00.000000,2023-03-22 00:00:00.000000,departamento,arriendo,agency
PI-2023-03-001797,portalinmobiliario,Huechuraba,Metropolitana,720000,20.57,62.7,2023-01-16 00:00:00.000000,2023-03-08 00:00:00.000000,Departamento,Arriendo,agency
PI-2023-03-001247,portalinmobiliario,Santiago,Metropolitana,865000,24.71,95.9,2023-01-21 00:00:00.000000,2023-03-08 00:00:00.000000,Departamento,Arriendo,agency
PI-2023-03-000334,portalinmobiliario,La Reina,Metropolitana,855000,24.43,44.2,2022-12-10 00:00:00.000000,2023-03-01 00:00:00.000000,DEPARTAMENTO,arriendo,agency
PI-2023-03-004639,portalinmobiliario,Maipú,Metropolitana,575000,16.43,73.3,2023-03-19 00:00:00.000000,2023-03-29 00:00:00.000000,Departamento,arriendo,agency
PI-2023-03-003732,portalinmobiliario,Santiago,Metropolitana,545000,15.57,47.6,2023-02-04 00:00:00.000000,2023-03-22 00:00:00.000000,departamento,Arriendo,owner_direct
PI-2023-03-004411,portalinmobiliario,La Florida,Metropolitana,690000,19.71,66.7,2023-02-24 00:00:00.000000,2023-03-29 00:00:00.000000,departamento,Arriendo,agency
PI-2023-03-003502,portalinmobiliario,Lo Barnechea,Metropolitana,775000,22.14,45.9,2023-03-07 00:00:00.000000,2023-03-22 00:00:00.000000,Departamento,arriendo,owner_direct
PI-2023-03-004494,portalinmobiliario,Quinta Normal,Metropolitana,550000,15.71,59.7,2023-01-16 00:00:00.000000,2023-03-29 00:00:00.000000,DEPARTAMENTO,Arriendo,agency
PI-2023-03-002004,portalinmobiliario,La Florida,Metropolitana,730000,20.86,78.6,2023-03-10 00:00:00.000000,2023-03-15 00:00:00.000000,departamento,Arriendo,agency
PI-2023-03-004355,portalinmobiliario,La Cisterna,Metropolitana,565000,16.14,43.3,2023-02-27 00:00:00.000000,2023-03-29 00:00:00.000000,DEPARTAMENTO,Arriendo,owner_direct
PI-2023-03-002086,portalinmobiliario,Maipú,Metropolitana,540000,15.43,58.5,2023-02-04 00:00:00.000000,2023-03-15 00:00:00.000000,Departamento,Arriendo,agency
PI-2023-03-001169,portalinmobiliario,Estación Central,Metropolitana,425000,12.14,37.9,2023-03-02 00:00:00.000000,2023-03-08 00:00:00.000000,departamento,arriendo,owner_direct
PI-2023-03-000669,portalinmobiliario,Estación Central,Metropolitana,510000,14.57,50.4,2023-02-07 00:00:00.000000,2023-03-01 00:00:00.000000,DEPARTAMENTO,Arriendo,owner_direct
PI-2023-03-002908,portalinmobiliario,Macul,Metropolitana,545000,15.57,31.3,2023-02-08 00:00:00.000000,2023-03-15 00:00:00.000000,departamento,ARRIENDO,owner_direct
PI-2023-03-004738,portalinmobiliario,Maipú,Metropolitana,375000,10.71,32.7,2023-03-10 00:00:00.000000,2023-03-29 00:00:00.000000,departamento,Arriendo,agency
PI-2023-03-000961,portalinmobiliario,Santiago,Metropolitana,540000,15.43,35.7,2023-02-11 00:00:00.000000,2023-03-01 00:00:00.000000,DEPARTAMENTO,Arriendo,owner_direct
PI-2023-03-004926,portalinmobiliario,Ñuñoa,Metropolitana,705000,20.14,48.8,2023-03-19 00:00:00.000000,2023-03-29 00:00:00.000000,departamento,Arriendo,agency
PI-2023-03-004272,portalinmobiliario,RENCA,Metropolitana,475000,13.57,49.2,2023-03-06 00:00:00.000000,2023-03-29 00:00:00.000000,departamento,Arriendo,agency
PI-2023-03-004587,portalinmobiliario,Macul,Metropolitana,400000,11.43,27.5,2023-03-22 00:00:00.000000,2023-03-29 00:00:00.000000,Departamento,arriendo,owner_direct
PI-2023-03-001502,portalinmobiliario,San Miguel,Metropolitana,545000,15.57,51.4,2023-02-24 00:00:00.000000,2023-03-08 00:00:00.000000,Departamento,arriendo,owner_direct
PI-2023-03-004141,portalinmobiliario,Macul,Metropolitana,425000,12.14,35.2,2023-02-23 00:00:00.000000,2023-03-29 00:00:00.000000,Departamento,arriendo,owner_direct
PI-2023-03-004452,portalinmobiliario, Las Condes,Metropolitana,760000,21.71,36.4,2023-03-19 00:00:00.000000,2023-03-29 00:00:00.000000,departamento,arriendo,owner_direct
PI-2023-03-003490,portalinmobiliario,Cerrillos,Metropolitana,685000,19.57,101.6,2023-02-27 00:00:00.000000,2023-03-22 00:00:00.000000,departamento,ARRIENDO,agency
PI-2023-03-002014,portalinmobiliario,San Miguel,Metropolitana,575000,16.43,35.6,2023-01-09 00:00:00.000000,2023-03-15 00:00:00.000000,DEPARTAMENTO,arriendo,agency
PI-2023-03-003520,portalinmobiliario,Santiago,Metropolitana,520000,14.86,45.0,2023-03-02 00:00:00.000000,2023-03-22 00:00:00.000000,Departamento,Arriendo,owner_direct
PI-2023-03-001819,portalinmobiliario,Recoleta,Metropolitana,540000,15.43,50.1,2023-02-18 00:00:00.000000,2023-03-08 00:00:00.000000,departamento,arriendo,agency
PI-2023-03-004036,portalinmobiliario,Santiago,Metropolitana,430000,12.29,27.6,2023-02-27 00:00:00.000000,2023-03-22 00:00:00.000000,departamento,arriendo,agency
PI-2023-03-004461,portalinmobiliario,Providencia,Metropolitana,850000,24.29,28.9,2023-02-06 00:00:00.000000,2023-03-29 00:00:00.000000,departamento,arriendo,agency
PI-2023-03-000637,portalinmobiliario,Puente Alto,Metropolitana,410000,11.71,46.2,2023-01-01 00:00:00.000000,2023-03-01 00:00:00.000000,departamento,Arriendo,agency
PI-2023-03-002767,portalinmobiliario,La Reina,Metropolitana,835000,23.86,53.6,2023-03-01 00:00:00.000000,2023-03-15 00:00:00.000000,departamento,ARRIENDO,agency
PI-2023-03-001260,portalinmobiliario,La Florida,Metropolitana,620000,17.71,65.9,2022-10-12 00:00:00.000000,2023-03-08 00:00:00.000000,departamento,arriendo,agency
PI-2023-03-005061,portalinmobiliario,Providencia,Metropolitana,685000,19.57,2.0,2023-03-27 00:00:00.000000,2023-03-29 00:00:00.000000,DEPARTAMENTO,Arriendo,agency
PI-2023-03-001543,portalinmobiliario,Santiago,Metropolitana,485000,13.86,40.3,2023-01-03 00:00:00.000000,2023-03-08 00:00:00.000000,DEPARTAMENTO,ARRIENDO,agency
PI-2023-03-002153,portalinmobiliario,San Miguel,Metropolitana,425000,12.14,33.5,2023-01-30 00:00:00.000000,2023-03-15 00:00:00.000000,DEPARTAMENTO,Arriendo,agency
PI-2023-03-002076,portalinmobiliario,Estación Central,Metropolitana,400000,11.43,32.7,2023-02-23 00:00:00.000000,2023-03-15 00:00:00.000000,DEPARTAMENTO,ARRIENDO,owner_direct
PI-2023-03-003999,portalinmobiliario,Peñalolén,Metropolitana,435000,12.43,33.1,2023-03-09 00:00:00.000000,2023-03-22 00:00:00.000000,departamento,Arriendo,owner_direct
PI-2023-03-002683,portalinmobiliario,Santiago,Metropolitana,755000,21.57,86.3,2023-02-07 00:00:00.000000,2023-03-15 00:00:00.000000,DEPARTAMENTO,arriendo,owner_direct
PI-2023-03-004145,portalinmobiliario,Providencia,Metropolitana,880000,25.14,48.1,2023-03-04 00:00:00.000000,2023-03-29 00:00:00.000000,DEPARTAMENTO,arriendo,owner_direct
PI-2023-03-001282,portalinmobiliario,Peñalolén,Metropolitana,425000,12.14,40.4,2023-02-04 00:00:00.000000,2023-03-08 00:00:00.000000,DEPARTAMENTO,Arriendo,owner_direct
PI-2023-03-003513,portalinmobiliario,Ñuñoa,Metropolitana,1085000,31.0,78.5,2023-02-19 00:00:00.000000,2023-03-22 00:00:00.000000,departamento,ARRIENDO,owner_direct
PI-2023-03-004175,portalinmobiliario,La Florida,Metropolitana,525000,15.0,66.4,2022-10-25 00:00:00.000000,2023-03-29 00:00:00.000000,departamento,ARRIENDO,agency
PI-2023-03-004154,portalinmobiliario,Quinta Normal,Metropolitana,685000,19.57,71.8,2023-02-09 00:00:00.000000,2023-03-29 00:00:00.000000,DEPARTAMENTO,ARRIENDO,agency
PI-2023-03-001841,portalinmobiliario,Lo Barnechea,Metropolitana,915000,26.14,47.1,2023-02-18 00:00:00.000000,2023-03-08 00:00:00.000000,Departamento,arriendo,owner_direct
PI-2023-03-002987,portalinmobiliario,La Florida,Metropolitana,715000,20.43,79.6,2022-12-22 00:00:00.000000,2023-03-22 00:00:00.000000,Departamento,arriendo,agency
PI-2023-03-003341,portalinmobiliario,Peñalolén,Metropolitana,565000,16.14,40.8,2023-02-16 00:00:00.000000,2023-03-22 00:00:00.000000,DEPARTAMENTO,Arriendo,owner_direct
PI-2023-03-003829,portalinmobiliario,Santiago,Metropolitana,580000,16.57,38.5,2023-03-16 00:00:00.000000,2023-03-22 00:00:00.000000,Departamento,arriendo,agency
PI-2023-03-000590,portalinmobiliario,Ñuñoa,Metropolitana,12235000,349.57,102.1,2023-02-17 00:00:00.000000,2023-03-01 00:00:00.000000,departamento,Arriendo,agency
PI-2023-03-002169,portalinmobiliario,Providencia,Metropolitana,1010000,28.86,55.7,2023-02-22 00:00:00.000000,2023-03-15 00:00:00.000000,departamento,Arriendo,owner_direct
PI-2023-03-002956,portalinmobiliario,La Florida,Metropolitana,535000,15.29,44.8,2023-02-21 00:00:00.000000,2023-03-22 00:00:00.000000,departamento,ARRIENDO,owner_direct
PI-2023-03-003588,portalinmobiliario,Pudahuel,Metropolitana,430000,12.29,39.8,2023-02-08 00:00:00.000000,2023-03-22 00:00:00.000000,DEPARTAMENTO,ARRIENDO,owner_direct
PI-2023-03-003187,portalinmobiliario,Macul,Metropolitana,610000,17.43,48.1,2023-03-06 00:00:00.000000,2023-03-22 00:00:00.000000,Departamento,ARRIENDO,owner_direct
PI-2023-03-004082,portalinmobiliario,Quinta Normal,Metropolitana,895000,25.57,109.3,2023-02-28 00:00:00.000000,2023-03-29 00:00:00.000000,Departamento,ARRIENDO,agency
PI-2023-03-005191,portalinmobiliario,Conchalí,Metropolitana,515000,14.71,64.0,2023-03-03 00:00:00.000000,2023-03-29 00:00:00.000000,DEPARTAMENTO,ARRIENDO,agency
PI-2023-03-003504,portalinmobiliario,Providencia,Metropolitana,935000,,40.7,2023-02-14 00:00:00.000000,2023-03-22 00:00:00.000000,departamento,ARRIENDO,owner_direct
PI-2023-03-003861,portalinmobiliario,San Joaquín ,Metropolitana,675000,19.29,75.3,2023-02-25 00:00:00.000000,2023-03-22 00:00:00.000000,Departamento,arriendo,agency
PI-2023-03-001331,portalinmobiliario,Estación Central,Metropolitana,370000,10.57,40.9,2023-02-16 00:00:00.000000,2023-03-08 00:00:00.000000,departamento,Arriendo,agency
PI-2023-03-001602,portalinmobiliario,Huechuraba,Metropolitana,660000,18.86,46.5,2023-01-28 00:00:00.000000,2023-03-08 00:00:00.000000,Departamento,arriendo,agency
PI-2023-03-000507,portalinmobiliario,Las Condes,Metropolitana,1025000,29.29,50.8,2022-10-02 00:00:00.000000,2023-03-01 00:00:00.000000,Departamento,ARRIENDO,agency
PI-2023-03-004876,portalinmobiliario,Santiago,Metropolitana,560000,16.0,51.6,2023-03-04 00:00:00.000000,2023-03-29 00:00:00.000000,departamento,arriendo,agency
PI-2023-03-004393,portalinmobiliario,Conchalí,Metropolitana,565000,16.14,64.9,2023-03-21 00:00:00.000000,2023-03-29 00:00:00.000000,departamento,ARRIENDO,agency
PI-2023-03-000922,portalinmobiliario,Lo Barnechea,Metropolitana,620000,17.71,22.2,2023-01-23 00:00:00.000000,2023-03-01 00:00:00.000000,DEPARTAMENTO,Arriendo,agency
PI-2023-03-003487,portalinmobiliario,La Reina,Metropolitana,850000,24.29,52.7,2023-03-17 00:00:00.000000,2023-03-22 00:00:00.000000,DEPARTAMENTO,Arriendo,agency
PI-2023-03-000163,portalinmobiliario,Santiago,Metropolitana,515000,14.71,39.1,2023-02-26 00:00:00.000000,2023-03-01 00:00:00.000000,Departamento,Arriendo,owner_direct
PI-2023-03-000773,portalinmobiliario,Conchalí,Metropolitana,440000,12.57,30.2,2022-12-31 00:00:00.000000,2023-03-01 00:00:00.000000,DEPARTAMENTO,Arriendo,agency
PI-2023-03-003165,portalinmobiliario,Peñalolén,Metropolitana,640000,18.29,64.0,2023-03-18 00:00:00.000000,2023-03-22 00:00:00.000000,DEPARTAMENTO,ARRIENDO,owner_direct
PI-2023-03-005351,portalinmobiliario,Independencia,Metropolitana,715000,20.43,78.5,2023-03-19 00:00:00.000000,2023-03-29 00:00:00.000000,DEPARTAMENTO,ARRIENDO,agency
PI-2023-03-003830,portalinmobiliario,Santiago,Metropolitana,800000,,80.2,2023-03-14 00:00:00.000000,2023-03-22 00:00:00.000000,Departamento,Arriendo,agency
PI-2023-03-002167,portalinmobiliario,Maipú,Metropolitana,490000,14.0,52.3,2023-02-19 00:00:00.000000,2023-03-15 00:00:00.000000,departamento,ARRIENDO,owner_direct
PI-2023-03-000572,portalinmobiliario,Las Condes,Metropolitana,850000,24.29,34.5,2022-09-06 00:00:00.000000,2023-03-01 00:00:00.000000,Departamento,Arriendo,owner_direct
PI-2023-03-004013,portalinmobiliario,San Miguel,Metropolitana,800000,22.86,79.3,2023-01-19 00:00:00.000000,2023-03-22 00:00:00.000000,DEPARTAMENTO,arriendo,agency
PI-2023-03-001607,portalinmobiliario,Providencia,Metropolitana,695000,19.86,36.7,2023-02-07 00:00:00.000000,2023-03-08 00:00:00.000000,DEPARTAMENTO,ARRIENDO,owner_direct
PI-2023-03-002923,portalinmobiliario,Recoleta,Metropolitana,470000,13.43,46.2,2023-03-07 00:00:00.000000,2023-03-15 00:00:00.000000,departamento,Arriendo,owner_direct
PI-2023-03-004759,portalinmobiliario,Santiago,Metropolitana,515000,14.71,37.4,2023-02-15 00:00:00.000000,2023-03-29 00:00:00.000000,DEPARTAMENTO,Arriendo,owner_direct
PI-2023-03-001486,portalinmobiliario,San Joaquín,Metropolitana,320000,9.14,29.3,2023-03-01 00:00:00.000000,2023-03-08 00:00:00.000000,departamento,Arriendo,agency
PI-2023-03-004384,portalinmobiliario,La Reina ,Metropolitana,865000,24.71,47.1,2023-02-13 00:00:00.000000,2023-03-29 00:00:00.000000,Departamento,ARRIENDO,owner_direct
PI-2023-03-003509,portalinmobiliario,Providencia,Metropolitana,1070000,30.57,55.6,2023-03-06 00:00:00.000000,2023-03-22 00:00:00.000000,departamento,arriendo,agency
PI-2023-03-003606,portalinmobiliario,Huechuraba,Metropolitana,625000,17.86,51.6,2023-02-24 00:00:00.000000,2023-03-22 00:00:00.000000,Departamento,Arriendo,owner_direct
PI-2023-03-003184,portalinmobiliario,San Miguel,Metropolitana,670000,19.14,68.5,2023-02-05 00:00:00.000000,2023-03-22 00:00:00.000000,DEPARTAMENTO,Arriendo,owner_direct
PI-2023-03-004350,portalinmobiliario,Independencia,Metropolitana,455000,13.0,31.3,2023-03-23 00:00:00.000000,2023-03-29 00:00:00.000000,DEPARTAMENTO,Arriendo,owner_direct
PI-2023-03-004294,portalinmobiliario,La Florida,Metropolitana,460000,13.14,31.0,2023-03-07 00:00:00.000000,2023-03-29 00:00:00.000000,departamento,ARRIENDO,owner_direct
PI-2023-03-002029,portalinmobiliario,Lo Barnechea,Metropolitana,740000,21.14,26.0,2023-03-02 00:00:00.000000,2023-03-15 00:00:00.000000,DEPARTAMENTO,Arriendo,owner_direct
PI-2023-03-003812,portalinmobiliario,Ñuñoa,Metropolitana,720000,20.57,47.9,2023-03-05 00:00:00.000000,2023-03-22 00:00:00.000000,DEPARTAMENTO,arriendo,agency
PI-2023-03-000119,portalinmobiliario,Estación Central,Metropolitana,420000,12.0,40.1,2023-02-04 00:00:00.000000,2023-03-01 00:00:00.000000,Departamento,ARRIENDO,agency
PI-2023-03-001946,portalinmobiliario,Quinta Normal,Metropolitana,495000,14.14,52.8,2023-03-10 00:00:00.000000,2023-03-15 00:00:00.000000,Departamento,arriendo,owner_direct
PI-2023-03-003673,portalinmobiliario,Peñalolén,Metropolitana,420000,12.0,35.1,2023-03-21 00:00:00.000000,2023-03-22 00:00:00.000000,departamento,arriendo,agency
PI-2023-03-000023,portalinmobiliario,Pudahuel,Metropolitana,745000,21.29,77.4,2023-01-31 00:00:00.000000,2023-03-01 00:00:00.000000,DEPARTAMENTO,ARRIENDO,owner_direct
PI-2023-03-004603,portalinmobiliario,Ñuñoa,Metropolitana,825000,23.57,44.2,2023-02-25 00:00:00.000000,2023-03-29 00:00:00.000000,Departamento,ARRIENDO,agency
PI-2023-03-000903,portalinmobiliario,Peñalolén,Metropolitana,875000,25.0,83.3,2023-02-05 00:00:00.000000,2023-03-01 00:00:00.000000,DEPARTAMENTO,Arriendo,owner_direct
PI-2023-03-003112,portalinmobiliario,Santiago,Metropolitana,490000,14.0,33.9,2023-03-10 00:00:00.000000,2023-03-22 00:00:00.000000,Departamento,arriendo,owner_direct
PI-2023-03-001321,portalinmobiliario,La Reina,Metropolitana,630000,18.0,34.5,2022-09-02 00:00:00.000000,2023-03-08 00:00:00.000000,Departamento,arriendo,owner_direct
PI-2023-03-002203,portalinmobiliario,Ñuñoa,Metropolitana,1125000,32.14,98.6,2023-01-31 00:00:00.000000,2023-03-15 00:00:00.000000,Departamento,ARRIENDO,agency
PI-2023-03-000128,portalinmobiliario,Recoleta,Metropolitana,585000,16.71,74.7,2023-02-01 00:00:00.000000,2023-03-01 00:00:00.000000,DEPARTAMENTO,arriendo,agency
PI-2023-03-001123,portalinmobiliario,Recoleta,Metropolitana,535000,15.29,36.3,2022-11-11 00:00:00.000000,2023-03-08 00:00:00.000000,DEPARTAMENTO,Arriendo,owner_direct
PI-2023-03-005124,portalinmobiliario,Ñuñoa,Metropolitana,955000,27.29,86.9,2022-10-21 00:00:00.000000,2023-03-29 00:00:00.000000,departamento,Arriendo,owner_direct
PI-2023-03-001175,portalinmobiliario,Pudahuel,Metropolitana,715000,20.43,107.8,2023-02-27 00:00:00.000000,2023-03-08 00:00:00.000000,DEPARTAMENTO,ARRIENDO,owner_direct
PI-2023-03-000080,portalinmobiliario,Providencia,Metropolitana,1145000,32.71,73.7,2023-01-26 00:00:00.000000,2023-03-01 00:00:00.000000,Departamento,Arriendo,agency
PI-2023-03-003525,portalinmobiliario,San Miguel,Metropolitana,965000,27.57,122.6,2023-03-16 00:00:00.000000,2023-03-22 00:00:00.000000,Departamento,ARRIENDO,agency
PI-2023-03-003270,portalinmobiliario,Estación Central,Metropolitana,420000,12.0,32.5,2023-03-07 00:00:00.000000,2023-03-22 00:00:00.000000,DEPARTAMENTO,arriendo,agency
PI-2023-03-003185,portalinmobiliario,La Cisterna,Metropolitana,500000,14.29,66.4,2023-02-26 00:00:00.000000,2023-03-22 00:00:00.000000,departamento,arriendo,owner_direct
PI-2023-03-002620,portalinmobiliario, La Florida,Metropolitana,415000,11.86,30.5,2023-02-22 00:00:00.000000,2023-03-15 00:00:00.000000,DEPARTAMENTO,Arriendo,owner_direct
PI-2023-03-002080,portalinmobiliario,Las Condes,Metropolitana,1235000,35.29,75.9,2023-02-06 00:00:00.000000,2023-03-15 00:00:00.000000,Departamento,arriendo,agency
PI-2023-03-000396,portalinmobiliario,Estación Central,Metropolitana,465000,13.29,45.0,2023-02-01 00:00:00.000000,2023-03-01 00:00:00.000000,Departamento,arriendo,owner_direct
PI-2023-03-004207,portalinmobiliario,Ñuñoa,Metropolitana,700000,20.0,45.3,2023-03-03 00:00:00.000000,2023-03-29 00:00:00.000000,Departamento,ARRIENDO,agency
PI-2023-03-002774,portalinmobiliario,Santiago,Metropolitana,535000,15.29,38.8,2023-03-03 00:00:00.000000,2023-03-15 00:00:00.000000,departamento,arriendo,owner_direct
PI-2023-03-004303,portalinmobiliario,Ñuñoa,Metropolitana,525000,15.0,41.7,2023-03-16 00:00:00.000000,2023-03-29 00:00:00.000000,DEPARTAMENTO,arriendo,agency
PI-2023-03-005175,portalinmobiliario,Las Condes,Metropolitana,1095000,31.29,52.7,2023-02-21 00:00:00.000000,2023-03-29 00:00:00.000000,Departamento,Arriendo,agency
PI-2023-03-003531,portalinmobiliario,Santiago,Metropolitana,585000,16.71,50.1,2023-03-15 00:00:00.000000,2023-03-22 00:00:00.000000,DEPARTAMENTO,Arriendo,agency
PI-2023-03-003051,portalinmobiliario,Huechuraba,Metropolitana,665000,19.0,63.6,2023-02-17 00:00:00.000000,2023-03-22 00:00:00.000000,departamento,ARRIENDO,owner_direct
PI-2023-03-003237,portalinmobiliario,Puente Alto,Metropolitana,950000,27.14,136.5,2023-03-01 00:00:00.000000,2023-03-22 00:00:00.000000,DEPARTAMENTO,ARRIENDO,agency
PI-2023-03-002501,portalinmobiliario,Santiago,Metropolitana,415000,11.86,33.2,2023-01-23 00:00:00.000000,2023-03-15 00:00:00.000000,DEPARTAMENTO,arriendo,owner_direct
PI-2023-03-000563,portalinmobiliario,Providencia,Metropolitana,1050000,30.0,62.3,2023-02-08 00:00:00.000000,2023-03-01 00:00:00.000000,Departamento,arriendo,owner_direct
PI-2023-03-000697,portalinmobiliario,Ñuñoa,Metropolitana,790000,22.57,55.1,2022-12-29 00:00:00.000000,2023-03-01 00:00:00.000000,DEPARTAMENTO,arriendo,agency
PI-2023-03-003977,portalinmobiliario,Santiago,Metropolitana,940000,26.86,110.5,2023-03-19 00:00:00.000000,2023-03-22 00:00:00.000000,DEPARTAMENTO,ARRIENDO,agency
PI-2023-03-005019,portalinmobiliario,Estación Central,Metropolitana,460000,13.14,42.2,2023-01-28 00:00:00.000000,2023-03-29 00:00:00.000000,Departamento,ARRIENDO,agency
PI-2023-03-000265,portalinmobiliario,Huechuraba,Metropolitana,745000,21.29,61.9,2023-02-02 00:00:00.000000,2023-03-01 00:00:00.000000,departamento,arriendo,agency
PI-2023-03-003366,portalinmobiliario,La Florida,Metropolitana,575000,16.43,44.2,2023-02-05 00:00:00.000000,2023-03-22 00:00:00.000000,departamento,arriendo,agency
PI-2023-03-001328,portalinmobiliario,La Florida,Metropolitana,640000,18.29,57.6,2023-02-25 00:00:00.000000,2023-03-08 00:00:00.000000,departamento,Arriendo,agency
PI-2023-03-000597,portalinmobiliario,Independencia,Metropolitana,620000,17.71,61.4,2023-01-16 00:00:00.000000,2023-03-01 00:00:00.000000,departamento,arriendo,agency
PI-2023-03-003826,portalinmobiliario,santiago,Metropolitana,535000,15.29,43.2,2023-03-17 00:00:00.000000,2023-03-22 00:00:00.000000,Departamento,arriendo,agency
PI-2023-03-002978,portalinmobiliario,Maipú,Metropolitana,535000,15.29,55.9,2023-03-05 00:00:00.000000,2023-03-22 00:00:00.000000,Departamento,ARRIENDO,agency
PI-2023-03-004654,portalinmobiliario,Providencia,Metropolitana,1115000,31.86,80.1,2023-03-13 00:00:00.000000,2023-03-29 00:00:00.000000,DEPARTAMENTO,ARRIENDO,agency
PI-2023-03-003499,portalinmobiliario,San Miguel,Metropolitana,555000,15.86,43.4,2023-01-28 00:00:00.000000,2023-03-22 00:00:00.000000,Departamento,ARRIENDO,agency
PI-2023-03-004814,portalinmobiliario,Santiago,Metropolitana,560000,16.0,42.8,2023-02-23 00:00:00.000000,2023-03-29 00:00:00.000000,DEPARTAMENTO,Arriendo,agency
PI-2023-03-000856,portalinmobiliario,Macul,Metropolitana,525000,15.0,44.3,2023-01-07 00:00:00.000000,2023-03-01 00:00:00.000000,Departamento,arriendo,agency
PI-2023-03-004913,portalinmobiliario,Recoleta,Metropolitana,705000,20.14,81.7,2023-03-16 00:00:00.000000,2023-03-29 00:00:00.000000,departamento,ARRIENDO,agency
PI-2023-03-001425,portalinmobiliario,Maipú,Metropolitana,480000,,50.6,2023-02-18 00:00:00.000000,2023-03-08 00:00:00.000000,DEPARTAMENTO,Arriendo,owner_direct
PI-2023-03-002348,portalinmobiliario,Quilicura,Metropolitana,360000,10.29,28.8,2023-02-21 00:00:00.000000,2023-03-15 00:00:00.000000,Departamento,Arriendo,owner_direct
PI-2023-03-004171,portalinmobiliario,San Joaquín,Metropolitana,700000,20.0,93.3,2023-02-26 00:00:00.000000,2023-03-29 00:00:00.000000,departamento,arriendo,owner_direct
PI-2023-03-002002,portalinmobiliario,Independencia,Metropolitana,355000,10.14,31.0,2023-02-20 00:00:00.000000,2023-03-15 00:00:00.000000,departamento,arriendo,owner_direct
PI-2023-03-002030,portalinmobiliario,Santiago,Metropolitana,525000,15.0,32.1,2023-01-20 00:00:00.000000,2023-03-15 00:00:00.000000,departamento,ARRIENDO,agency
PI-2023-03-000873,portalinmobiliario,Huechuraba,Metropolitana,530000,15.14,39.7,2023-01-19 00:00:00.000000,2023-03-01 00:00:00.000000,DEPARTAMENTO,Arriendo,owner_direct
PI-2023-03-002270,portalinmobiliario,La Florida,Metropolitana,495000,14.14,52.0,2023-02-23 00:00:00.000000,2023-03-15 00:00:00.000000,departamento,ARRIENDO,agency
PI-2023-03-000536,portalinmobiliario,Ñuñoa,Metropolitana,710000,20.29,62.5,2023-02-09 00:00:00.000000,2023-03-01 00:00:00.000000,departamento,Arriendo,agency
PI-2023-03-003595,portalinmobiliario,La Cisterna,Metropolitana,680000,19.43,67.0,2023-03-15 00:00:00.000000,2023-03-22 00:00:00.000000,departamento,ARRIENDO,agency
PI-2023-03-001585,portalinmobiliario,Independencia,Metropolitana,365000,10.43,20.1,2023-02-16 00:00:00.000000,2023-03-08 00:00:00.000000,DEPARTAMENTO,ARRIENDO,owner_direct
PI-2023-03-000550,portalinmobiliario,Santiago,Metropolitana,560000,16.0,45.2,2023-02-12 00:00:00.000000,2023-03-01 00:00:00.000000,DEPARTAMENTO,ARRIENDO,owner_direct
PI-2023-03-000628,portalinmobiliario,Ñuñoa,Metropolitana,570000,16.29,33.9,2023-02-27 00:00:00.000000,2023-03-01 00:00:00.000000,departamento,Arriendo,owner_direct
PI-2023-03-004434,portalinmobiliario,Huechuraba,Metropolitana,1030000,29.43,88.7,2023-03-03 00:00:00.000000,2023-03-29 00:00:00.000000,DEPARTAMENTO,Arriendo,agency
PI-2023-03-001983,portalinmobiliario,Huechuraba,Metropolitana,665000,19.0,43.2,2023-01-14 00:00:00.000000,2023-03-15 00:00:00.000000,departamento,arriendo,owner_direct
PI-2023-03-004309,portalinmobiliario,Maipú,Metropolitana,555000,15.86,58.6,2023-01-22 00:00:00.000000,2023-03-29 00:00:00.000000,departamento,Arriendo,owner_direct
PI-2023-03-000916,portalinmobiliario,La Florida,Metropolitana,650000,18.57,61.1,2023-02-16 00:00:00.000000,2023-03-01 00:00:00.000000,DEPARTAMENTO,ARRIENDO,agency
PI-2023-03-001774,portalinmobiliario,La Florida,Metropolitana,715000,20.43,79.3,2023-03-05 00:00:00.000000,2023-03-08 00:00:00.000000,DEPARTAMENTO,arriendo,agency
PI-2023-03-002748,portalinmobiliario,La Florida,Metropolitana,550000,15.71,52.2,2023-03-10 00:00:00.000000,2023-03-15 00:00:00.000000,DEPARTAMENTO,Arriendo,owner_direct
PI-2023-03-001593,portalinmobiliario,Pudahuel,Metropolitana,4035000,115.29,36.1,2022-10-28 00:00:00.000000,2023-03-08 00:00:00.000000,DEPARTAMENTO,ARRIENDO,agency
PI-2023-03-004007,portalinmobiliario,Quinta Normal,Metropolitana,390000,11.14,35.1,2022-09-22 00:00:00.000000,2023-03-22 00:00:00.000000,Departamento,ARRIENDO,agency
PI-2023-03-003115,portalinmobiliario,Recoleta,Metropolitana,385000,11.0,25.6,2023-03-01 00:00:00.000000,2023-03-22 00:00:00.000000,DEPARTAMENTO,ARRIENDO,agency
PI-2023-03-004055,portalinmobiliario,Providencia,Metropolitana,905000,25.86,52.5,2023-02-19 00:00:00.000000,2023-03-22 00:00:00.000000,departamento,Arriendo,agency
PI-2023-03-005309,portalinmobiliario,San Miguel,Metropolitana,490000,14.0,42.0,2023-02-15 00:00:00.000000,2023-03-29 00:00:00.000000,departamento,Arriendo,owner_direct
PI-2023-03-005002,portalinmobiliario,Peñalolén,Metropolitana,5130000,146.57,37.0,2023-02-04 00:00:00.000000,2023-03-29 00:00:00.000000,Departamento,Arriendo,owner_direct
PI-2023-03-003038,portalinmobiliario,Estación Central,Metropolitana,695000,19.86,90.5,2023-03-21 00:00:00.000000,2023-03-22 00:00:00.000000,Departamento,ARRIENDO,owner_direct
PI-2023-03-001575,portalinmobiliario,Estación Central,Metropolitana,550000,15.71,79.7,2023-02-12 00:00:00.000000,2023-03-08 00:00:00.000000,Departamento,Arriendo,agency
PI-2023-03-004967,portalinmobiliario,La Cisterna,Metropolitana,855000,24.43,98.3,2023-02-09 00:00:00.000000,2023-03-29 00:00:00.000000,DEPARTAMENTO,ARRIENDO,agency
PI-2023-03-005265,portalinmobiliario,Estación Central,Metropolitana,530000,15.14,57.5,2022-08-25 00:00:00.000000,2023-03-29 00:00:00.000000,departamento,ARRIENDO,owner_direct
PI-2023-03-002561,portalinmobiliario,Santiago,Metropolitana,430000,12.29,32.3,2023-02-24 00:00:00.000000,2023-03-15 00:00:00.000000,DEPARTAMENTO,Arriendo,agency
PI-2023-03-004719,portalinmobiliario,Peñalolén,Metropolitana,400000,11.43,35.5,2023-03-21 00:00:00.000000,2023-03-29 00:00:00.000000,DEPARTAMENTO,ARRIENDO,owner_direct
PI-2023-03-003678,portalinmobiliario,Santiago,Metropolitana,2730000,78.0,400.0,2023-03-13 00:00:00.000000,2023-03-22 00:00:00.000000,Departamento,arriendo,agency
PI-2023-03-001758,portalinmobiliario,Independencia ,Metropolitana,525000,15.0,41.1,2023-01-27 00:00:00.000000,2023-03-08 00:00:00.000000,departamento,ARRIENDO,owner_direct
PI-2023-03-001809,portalinmobiliario,La Cisterna,Metropolitana,485000,13.86,46.2,2023-02-24 00:00:00.000000,2023-03-08 00:00:00.000000,DEPARTAMENTO,arriendo,agency
PI-2023-03-004503,portalinmobiliario,Macul,Metropolitana,685000,19.57,47.3,2022-10-30 00:00:00.000000,2023-03-29 00:00:00.000000,DEPARTAMENTO,arriendo,agency
PI-2023-03-003130,portalinmobiliario,Puente Alto,Metropolitana,280000,8.0,2.0,2022-10-03 00:00:00.000000,2023-03-22 00:00:00.000000,DEPARTAMENTO,ARRIENDO,agency
PI-2023-03-000557,portalinmobiliario,Santiago,Metropolitana,710000,20.29,57.8,2023-02-05 00:00:00.000000,2023-03-01 00:00:00.000000,DEPARTAMENTO,Arriendo,owner_direct
PI-2023-03-003683,portalinmobiliario,Macul,Metropolitana,575000,16.43,53.1,2023-02-11 00:00:00.000000,2023-03-22 00:00:00.000000,Departamento,arriendo,agency
PI-2023-03-005055,portalinmobiliario,Renca,Metropolitana,505000,14.43,55.3,2023-03-22 00:00:00.000000,2023-03-29 00:00:00.000000,Departamento,ARRIENDO,agency
PI-2023-03-003959,portalinmobiliario,Independencia,Metropolitana,490000,14.0,52.9,2023-03-01 00:00:00.000000,2023-03-22 00:00:00.000000,Departamento,ARRIENDO,agency
PI-2023-03-004576,portalinmobiliario,Las Condes,Metropolitana,795000,22.71,36.2,2023-02-02 00:00:00.000000,2023-03-29 00:00:00.000000,departamento,ARRIENDO,agency
PI-2023-03-002677,portalinmobiliario,Independencia,Metropolitana,460000,13.14,52.3,2023-02-28 00:00:00.000000,2023-03-15 00:00:00.000000,Departamento,Arriendo,agency
PI-2023-03-001391,portalinmobiliario,Estación Central,Metropolitana,510000,14.57,60.5,2023-02-19 00:00:00.000000,2023-03-08 00:00:00.000000,Departamento,ARRIENDO,agency
PI-2023-03-003972,portalinmobiliario,La Florida,Metropolitana,585000,16.71,46.3,2023-02-13 00:00:00.000000,2023-03-22 00:00:00.000000,Departamento,ARRIENDO,owner_direct
PI-2023-03-003463,portalinmobiliario,Providencia,Metropolitana,750000,21.43,41.6,2023-02-15 00:00:00.000000,2023-03-22 00:00:00.000000,departamento,arriendo,agency
PI-2023-03-000810,portalinmobiliario,Ñuñoa,Metropolitana,530000,15.14,28.3,2023-01-28 00:00:00.000000,2023-03-01 00:00:00.000000,departamento,ARRIENDO,owner_direct
PI-2023-03-001008,portalinmobiliario,La Cisterna,Metropolitana,590000,16.86,60.9,2022-09-10 00:00:00.000000,2023-03-08 00:00:00.000000,DEPARTAMENTO,arriendo,owner_direct
PI-2023-03-004501,portalinmobiliario,Macul,Metropolitana,540000,15.43,31.0,2023-03-28 00:00:00.000000,2023-03-29 00:00:00.000000,departamento,Arriendo,agency
PI-2023-03-002473,portalinmobiliario,Peñalolén,Metropolitana,800000,22.86,68.1,2023-02-13 00:00:00.000000,2023-03-15 00:00:00.000000,DEPARTAMENTO,Arriendo,agency
PI-2023-03-000143,portalinmobiliario,Maipú,Metropolitana,665000,19.0,76.5,2023-02-04 00:00:00.000000,2023-03-01 00:00:00.000000,Departamento,ARRIENDO,owner_direct
PI-2023-03-002556,portalinmobiliario,Lo Barnechea,Metropolitana,7130000,203.71,41.6,2023-02-25 00:00:00.000000,2023-03-15 00:00:00.000000,Departamento,ARRIENDO,agency
PI-2023-03-003566,portalinmobiliario,Recoleta,Metropolitana,675000,19.29,80.2,2023-03-09 00:00:00.000000,2023-03-22 00:00:00.000000,DEPARTAMENTO,arriendo,agency
PI-2023-03-002303,portalinmobiliario,Santiago,Metropolitana,880000,25.14,79.3,2023-03-14 00:00:00.000000,2023-03-15 00:00:00.000000,departamento,Arriendo,agency
PI-2023-03-001176,portalinmobiliario,Quinta Normal,Metropolitana,575000,16.43,87.0,2023-03-02 00:00:00.000000,2023-03-08 00:00:00.000000,DEPARTAMENTO,Arriendo,owner_direct
PI-2023-03-002180,portalinmobiliario,Santiago,Metropolitana,640000,18.29,56.8,2023-02-17 00:00:00.000000,2023-03-15 00:00:00.000000,DEPARTAMENTO,ARRIENDO,agency
PI-2023-03-001177,portalinmobiliario,La Florida,Metropolitana,525000,15.0,50.4,2023-02-25 00:00:00.000000,2023-03-08 00:00:00.000000,Departamento,ARRIENDO,agency
PI-2023-03-002500,portalinmobiliario,Las Condes,Metropolitana,880000,25.14,34.0,2023-03-02 00:00:00.000000,2023-03-15 00:00:00.000000,DEPARTAMENTO,ARRIENDO,agency
PI-2023-03-002010,portalinmobiliario,La Reina ,Metropolitana,750000,21.43,44.8,2023-03-08 00:00:00.000000,2023-03-15 00:00:00.000000,Departamento,arriendo,agency
PI-2023-03-001495,portalinmobiliario,Ñuñoa,Metropolitana,835000,23.86,68.0,2023-02-09 00:00:00.000000,2023-03-08 00:00:00.000000,departamento,arriendo,owner_direct
PI-2023-03-002975,portalinmobiliario,San Joaquín,Metropolitana,420000,12.0,30.7,2023-03-07 00:00:00.000000,2023-03-22 00:00:00.000000,Departamento,ARRIENDO,agency
PI-2023-03-004847,portalinmobiliario,Providencia,Metropolitana,945000,27.0,56.7,2023-02-22 00:00:00.000000,2023-03-29 00:00:00.000000,Departamento,Arriendo,agency
PI-2023-03-003630,portalinmobiliario,Santiago,Metropolitana,490000,14.0,43.9,2023-03-13 00:00:00.000000,2023-03-22 00:00:00.000000,Departamento,Arriendo,agency
PI-2023-03-005318,portalinmobiliario,Estación Central,Metropolitana,585000,16.71,57.3,2023-03-28 00:00:00.000000,2023-03-29 00:00:00.000000,Departamento,Arriendo,agency
PI-2023-03-001873,portalinmobiliario,San Joaquín,Metropolitana,450000,12.86,31.0,2023-02-20 00:00:00.000000,2023-03-08 00:00:00.000000,DEPARTAMENTO,Arriendo,agency
PI-2023-03-002768,portalinmobiliario,La Florida,Metropolitana,930000,26.57,119.5,2023-02-23 00:00:00.000000,2023-03-15 00:00:00.000000,Departamento,ARRIENDO,owner_direct
PI-2023-03-003053,portalinmobiliario,Maipú,Metropolitana,430000,12.29,46.3,2023-02-12 00:00:00.000000,2023-03-22 00:00:00.000000,departamento,ARRIENDO,owner_direct
PI-2023-03-002647,portalinmobiliario,Las Condes,Metropolitana,1185000,,70.9,2023-02-22 00:00:00.000000,2023-03-15 00:00:00.000000,departamento,Arriendo,owner_direct
PI-2023-03-003554,portalinmobiliario,Santiago,Metropolitana,680000,19.43,59.2,2023-02-19 00:00:00.000000,2023-03-22 00:00:00.000000,departamento,arriendo,agency
PI-2023-03-003560,portalinmobiliario,Providencia,Metropolitana,690000,19.71,20.0,2023-03-09 00:00:00.000000,2023-03-22 00:00:00.000000,DEPARTAMENTO,ARRIENDO,agency
PI-2023-03-004558,portalinmobiliario,Ñuñoa,Metropolitana,1035000,29.57,81.6,2023-02-24 00:00:00.000000,2023-03-29 00:00:00.000000,departamento,Arriendo,owner_direct
PI-2023-03-004714,portalinmobiliario,Estación Central,Metropolitana,455000,13.0,42.9,2023-01-21 00:00:00.000000,2023-03-29 00:00:00.000000,departamento,ARRIENDO,agency
PI-2023-03-003468,portalinmobiliario,Macul,Metropolitana,890000,25.43,100.0,2023-02-27 00:00:00.000000,2023-03-22 00:00:00.000000,DEPARTAMENTO,Arriendo,agency
PI-2023-03-001934,portalinmobiliario,La Florida,Metropolitana,700000,20.0,64.4,2023-03-06 00:00:00.000000,2023-03-15 00:00:00.000000,departamento,ARRIENDO,agency
PI-2023-03-001446,portalinmobiliario,Estación Central,Metropolitana,410000,11.71,44.5,2023-01-17 00:00:00.000000,2023-03-08 00:00:00.000000,DEPARTAMENTO,ARRIENDO,agency
PI-2023-03-002197,portalinmobiliario,Santiago,Metropolitana,465000,13.29,30.1,2023-02-15 00:00:00.000000,2023-03-15 00:00:00.000000,departamento,Arriendo,agency
PI-2023-03-003521,portalinmobiliario,La Florida,Metropolitana,730000,20.86,74.2,2023-02-07 00:00:00.000000,2023-03-22 00:00:00.000000,DEPARTAMENTO,ARRIENDO,agency
PI-2023-03-002773,portalinmobiliario,La Florida,Metropolitana,450000,12.86,35.6,2023-02-04 00:00:00.000000,2023-03-15 00:00:00.000000,Departamento,arriendo,agency
PI-2023-03-001814,portalinmobiliario,Quilicura,Metropolitana,445000,12.71,40.8,2022-08-22 00:00:00.000000,2023-03-08 00:00:00.000000,departamento,arriendo,agency
PI-2023-03-001154,portalinmobiliario,providencia,Metropolitana,1395000,39.86,97.5,2023-02-26 00:00:00.000000,2023-03-08 00:00:00.000000,Departamento,ARRIENDO,agency
PI-2023-03-003464,portalinmobiliario,Recoleta,Metropolitana,755000,21.57,76.7,2023-03-10 00:00:00.000000,2023-03-22 00:00:00.000000,Departamento,ARRIENDO,agency
PI-2023-03-002688,portalinmobiliario,Independencia,Metropolitana,550000,15.71,45.6,2023-02-15 00:00:00.000000,2023-03-15 00:00:00.000000,DEPARTAMENTO,ARRIENDO,agency
PI-2023-03-001041,portalinmobiliario,Las Condes,Metropolitana,13495000,385.57,82.0,2023-02-05 00:00:00.000000,2023-03-08 00:00:00.000000,Departamento,arriendo,agency
PI-2023-03-001333,portalinmobiliario,Providencia,Metropolitana,1380000,39.43,95.1,2023-02-28 00:00:00.000000,2023-03-08 00:00:00.000000,Departamento,arriendo,owner_direct
PI-2023-03-004399,portalinmobiliario,La Cisterna,Metropolitana,495000,14.14,47.3,2022-11-18 00:00:00.000000,2023-03-29 00:00:00.000000,DEPARTAMENTO,arriendo,owner_direct
PI-2023-03-004470,portalinmobiliario,Santiago,Metropolitana,460000,13.14,27.8,2022-09-30 00:00:00.000000,2023-03-29 00:00:00.000000,Departamento,ARRIENDO,owner_direct
PI-2023-03-000591,portalinmobiliario,La Florida,Metropolitana,510000,14.57,49.7,2023-02-06 00:00:00.000000,2023-03-01 00:00:00.000000,departamento,Arriendo,agency
PI-2023-03-004254,portalinmobiliario,Macul,Metropolitana,465000,13.29,27.1,2022-11-30 00:00:00.000000,2023-03-29 00:00:00.000000,DEPARTAMENTO,arriendo,agency
PI-2023-03-005174,portalinmobiliario,Macul,Metropolitana,965000,27.57,91.4,2023-03-14 00:00:00.000000,2023-03-29 00:00:00.000000,DEPARTAMENTO,arriendo,owner_direct
PI-2023-03-004849,portalinmobiliario,Santiago,Metropolitana,640000,18.29,53.0,2023-03-19 00:00:00.000000,2023-03-29 00:00:00.000000,Departamento,arriendo,agency
PI-2023-03-002000,portalinmobiliario,San Miguel,Metropolitana,1060000,30.29,107.0,2023-03-07 00:00:00.000000,2023-03-15 00:00:00.000000,departamento,Arriendo,agency
PI-2023-03-003516,portalinmobiliario,Providencia,Metropolitana,935000,26.71,60.0,2023-02-20 00:00:00.000000,2023-03-22 00:00:00.000000,Departamento,arriendo,agency
PI-2023-03-002144,portalinmobiliario,Providencia,Metropolitana,1110000,31.71,57.0,2023-03-06 00:00:00.000000,2023-03-15 00:00:00.000000,DEPARTAMENTO,ARRIENDO,owner_direct
PI-2023-03-003361,portalinmobiliario,Conchalí,Metropolitana,350000,10.0,29.7,2023-02-21 00:00:00.000000,2023-03-22 00:00:00.000000,Departamento,Arriendo,agency
PI-2023-03-001304,portalinmobiliario,San Joaquín,Metropolitana,470000,13.43,45.0,2023-02-04 00:00:00.000000,2023-03-08 00:00:00.000000,departamento,Arriendo,agency
PI-2023-03-004442,portalinmobiliario,Recoleta,Metropolitana,555000,15.86,54.7,2023-03-19 00:00:00.000000,2023-03-29 00:00:00.000000,departamento,arriendo,owner_direct
PI-2023-03-005322,portalinmobiliario,Maipú,Metropolitana,370000,10.57,20.0,2023-02-27 00:00:00.000000,2023-03-29 00:00:00.000000,Departamento,ARRIENDO,owner_direct
PI-2023-03-001268,portalinmobiliario,Estación Central,Metropolitana,435000,12.43,36.8,2023-03-03 00:00:00.000000,2023-03-08 00:00:00.000000,DEPARTAMENTO,ARRIENDO,agency
PI-2023-03-005192,portalinmobiliario,Puente Alto,Metropolitana,575000,16.43,64.4,2023-02-19 00:00:00.000000,2023-03-29 00:00:00.000000,DEPARTAMENTO,Arriendo,owner_direct
PI-2023-03-004219,portalinmobiliario,Independencia,Metropolitana,495000,14.14,49.2,2023-03-22 00:00:00.000000,2023-03-29 00:00:00.000000,Departamento,arriendo,agency
PI-2023-03-002915,portalinmobiliario,San Miguel,Metropolitana,545000,15.57,47.2,2023-02-21 00:00:00.000000,2023-03-15 00:00:00.000000,DEPARTAMENTO,arriendo,agency
PI-2023-03-004994,portalinmobiliario,Huechuraba,Metropolitana,585000,16.71,48.5,2023-03-13 00:00:00.000000,2023-03-29 00:00:00.000000,Departamento,arriendo,agency
PI-2023-03-004129,portalinmobiliario,Independencia,Metropolitana,400000,11.43,28.0,2022-12-12 00:00:00.000000,2023-03-29 00:00:00.000000,departamento,Arriendo,agency
PI-2023-03-005287,portalinmobiliario,La Florida,Metropolitana,560000,16.0,62.2,2023-02-17 00:00:00.000000,2023-03-29 00:00:00.000000,departamento,arriendo,agency
PI-2023-03-005187,portalinmobiliario,Renca,Metropolitana,810000,23.14,133.8,2023-02-08 00:00:00.000000,2023-03-29 00:00:00.000000,departamento,arriendo,agency
PI-2023-03-004722,portalinmobiliario,Quilicura,Metropolitana,570000,16.29,49.6,2023-03-19 00:00:00.000000,2023-03-29 00:00:00.000000,departamento,Arriendo,owner_direct
PI-2023-03-000634,portalinmobiliario,Renca,Metropolitana,425000,12.14,53.9,2022-12-30 00:00:00.000000,2023-03-01 00:00:00.000000,DEPARTAMENTO,Arriendo,agency
PI-2023-03-001275,portalinmobiliario,San Joaquín,Metropolitana,485000,13.86,48.3,2023-01-30 00:00:00.000000,2023-03-08 00:00:00.000000,Departamento,Arriendo,agency
PI-2023-03-004346,portalinmobiliario,Ñuñoa,Metropolitana,820000,23.43,52.4,2023-03-11 00:00:00.000000,2023-03-29 00:00:00.000000,departamento,Arriendo,agency
PI-2023-03-002070,portalinmobiliario,Ñuñoa,Metropolitana,820000,23.43,60.4,2023-02-14 00:00:00.000000,2023-03-15 00:00:00.000000,DEPARTAMENTO,ARRIENDO,owner_direct
PI-2023-03-003936,portalinmobiliario,Lo Barnechea,Metropolitana,875000,25.0,43.4,2023-02-26 00:00:00.000000,2023-03-22 00:00:00.000000,departamento,Arriendo,agency
PI-2023-03-003522,portalinmobiliario,La Cisterna,Metropolitana,560000,16.0,50.8,2023-03-17 00:00:00.000000,2023-03-22 00:00:00.000000,DEPARTAMENTO,Arriendo,agency
PI-2023-03-000696,portalinmobiliario,Estación Central,Metropolitana,590000,16.86,54.8,2023-02-09 00:00:00.000000,2023-03-01 00:00:00.000000,departamento,ARRIENDO,agency
PI-2023-03-001284,portalinmobiliario,Huechuraba,Metropolitana,415000,11.86,36.1,2023-02-17 00:00:00.000000,2023-03-08 00:00:00.000000,Departamento,ARRIENDO,owner_direct
PI-2023-03-003346,portalinmobiliario,La Florida,Metropolitana,1345000,38.43,38.0,2023-03-06 00:00:00.000000,2023-03-22 00:00:00.000000,Departamento,Arriendo,agency
PI-2023-03-002870,portalinmobiliario,LAS CONDES,Metropolitana,985000,28.14,47.3,2023-01-28 00:00:00.000000,2023-03-15 00:00:00.000000,DEPARTAMENTO,Arriendo,agency
PI-2023-03-001241,portalinmobiliario,Macul,Metropolitana,560000,16.0,41.6,2023-02-25 00:00:00.000000,2023-03-08 00:00:00.000000,DEPARTAMENTO,arriendo,agency
PI-2023-03-000882,portalinmobiliario,Peñalolén,Metropolitana,485000,13.86,47.4,2023-02-23 00:00:00.000000,2023-03-01 00:00:00.000000,Departamento,arriendo,agency
PI-2023-03-000535,portalinmobiliario,Ñuñoa,Metropolitana,505000,14.43,29.3,2023-01-06 00:00:00.000000,2023-03-01 00:00:00.000000,Departamento,ARRIENDO,agency
PI-2023-03-001349,portalinmobiliario,Puente Alto,Metropolitana,295000,8.43,34.7,2022-12-30 00:00:00.000000,2023-03-08 00:00:00.000000,DEPARTAMENTO,ARRIENDO,agency
PI-2023-03-004259,portalinmobiliario,Ñuñoa,Metropolitana,710000,20.29,71.7,2023-03-19 00:00:00.000000,2023-03-29 00:00:00.000000,departamento,Arriendo,agency
PI-2023-03-000237,portalinmobiliario,Macul,Metropolitana,670000,19.14,53.9,2023-01-28 00:00:00.000000,2023-03-01 00:00:00.000000,DEPARTAMENTO,arriendo,agency
PI-2023-03-001988,portalinmobiliario,San Miguel,Metropolitana,450000,12.86,28.5,2023-03-06 00:00:00.000000,2023-03-15 00:00:00.000000,departamento,Arriendo,owner_direct
PI-2023-03-001810,portalinmobiliario,Ñuñoa,Metropolitana,1135000,32.43,83.4,2023-01-23 00:00:00.000000,2023-03-08 00:00:00.000000,Departamento,arriendo,agency
PI-2023-03-004969,portalinmobiliario,san miguel,Metropolitana,675000,19.29,69.4,2023-03-16 00:00:00.000000,2023-03-29 00:00:00.000000,Departamento,ARRIENDO,owner_direct
PI-2023-03-004216,portalinmobiliario,Huechuraba,Metropolitana,430000,12.29,26.0,2023-02-28 00:00:00.000000,2023-03-29 00:00:00.000000,departamento,arriendo,agency
PI-2023-03-001649,portalinmobiliario,Santiago,Metropolitana,455000,13.0,43.0,2023-02-02 00:00:00.000000,2023-03-08 00:00:00.000000,Departamento,Arriendo,owner_direct
PI-2023-03-003984,portalinmobiliario,Santiago,Metropolitana,595000,17.0,45.7,2023-02-20 00:00:00.000000,2023-03-22 00:00:00.000000,Departamento,Arriendo,agency
PI-2023-03-003056,portalinmobiliario,La Florida,Metropolitana,715000,20.43,83.0,2023-03-10 00:00:00.000000,2023-03-22 00:00:00.000000,DEPARTAMENTO,Arriendo,agency
PI-2023-03-001851,portalinmobiliario,Lo Barnechea,Metropolitana,780000,22.29,48.9,2023-02-08 00:00:00.000000,2023-03-08 00:00:00.000000,Departamento,arriendo,agency
PI-2023-03-001951,portalinmobiliario,La Florida,Metropolitana,560000,16.0,52.4,2023-02-21 00:00:00.000000,2023-03-15 00:00:00.000000,departamento,arriendo,agency
PI-2023-03-001405,portalinmobiliario,Santiago,Metropolitana,610000,17.43,45.7,2022-09-13 00:00:00.000000,2023-03-08 00:00:00.000000,departamento,arriendo,agency
PI-2023-03-001174,portalinmobiliario,Santiago,Metropolitana,565000,16.14,37.9,2023-02-21 00:00:00.000000,2023-03-08 00:00:00.000000,DEPARTAMENTO,Arriendo,agency
PI-2023-03-004801,portalinmobiliario,Independencia,Metropolitana,590000,16.86,63.1,2022-12-14 00:00:00.000000,2023-03-29 00:00:00.000000,departamento,Arriendo,owner_direct
PI-2023-03-004089,portalinmobiliario,San Miguel,Metropolitana,695000,19.86,68.6,2023-03-11 00:00:00.000000,2023-03-29 00:00:00.000000,DEPARTAMENTO,ARRIENDO,agency
PI-2023-03-004902,portalinmobiliario,Renca,Metropolitana,390000,11.14,43.3,2023-02-22 00:00:00.000000,2023-03-29 00:00:00.000000,DEPARTAMENTO,ARRIENDO,agency
PI-2023-03-000629,portalinmobiliario,Las Condes,Metropolitana,890000,25.43,35.8,2023-02-19 00:00:00.000000,2023-03-01 00:00:00.000000,DEPARTAMENTO,Arriendo,agency
PI-2023-03-001351,portalinmobiliario,Providencia,Metropolitana,785000,22.43,34.2,2023-02-24 00:00:00.000000,2023-03-08 00:00:00.000000,DEPARTAMENTO,Arriendo,agency
PI-2023-03-004890,portalinmobiliario,Macul,Metropolitana,600000,17.14,72.6,2023-03-11 00:00:00.000000,2023-03-29 00:00:00.000000,departamento,Arriendo,agency
PI-2023-03-001749,portalinmobiliario,Providencia,Metropolitana,990000,28.29,45.6,2023-01-01 00:00:00.000000,2023-03-08 00:00:00.000000,departamento,ARRIENDO,owner_direct
PI-2023-03-004325,portalinmobiliario,San Joaquín,Metropolitana,515000,14.71,60.1,2023-03-18 00:00:00.000000,2023-03-29 00:00:00.000000,Departamento,ARRIENDO,agency
PI-2023-03-003307,portalinmobiliario,Lo Barnechea,Metropolitana,830000,23.71,58.7,2022-10-20 00:00:00.000000,2023-03-22 00:00:00.000000,DEPARTAMENTO,ARRIENDO,agency
PI-2023-03-000566,portalinmobiliario,Ñuñoa,Metropolitana,700000,20.0,55.9,2022-12-26 00:00:00.000000,2023-03-01 00:00:00.000000,Departamento,ARRIENDO,owner_direct
PI-2023-03-002766,portalinmobiliario,La Florida,Metropolitana,625000,17.86,63.8,2023-02-13 00:00:00.000000,2023-03-15 00:00:00.000000,Departamento,Arriendo,owner_direct
PI-2023-03-000962,portalinmobiliario,La Reina,Metropolitana,1095000,31.29,75.3,2023-02-13 00:00:00.000000,2023-03-01 00:00:00.000000,DEPARTAMENTO,ARRIENDO,agency
PI-2023-03-001003,portalinmobiliario,Recoleta,Metropolitana,415000,11.86,38.3,2023-01-29 00:00:00.000000,2023-03-08 00:00:00.000000,departamento,ARRIENDO,owner_direct
PI-2023-03-002011,portalinmobiliario,Santiago,Metropolitana,845000,24.14,100.8,2022-11-19 00:00:00.000000,2023-03-15 00:00:00.000000,departamento,ARRIENDO,owner_direct
PI-2023-03-004998,portalinmobiliario,Puente Alto,Metropolitana,415000,11.86,39.7,2023-03-16 00:00:00.000000,2023-03-29 00:00:00.000000,Departamento,arriendo,owner_direct
PI-2023-03-001040,portalinmobiliario,Independencia,Metropolitana,850000,24.29,94.9,2023-02-24 00:00:00.000000,2023-03-08 00:00:00.000000,DEPARTAMENTO,ARRIENDO,agency
PI-2023-03-003033,portalinmobiliario,Pudahuel,Metropolitana,445000,12.71,37.4,2023-03-10 00:00:00.000000,2023-03-22 00:00:00.000000,departamento,arriendo,owner_direct
PI-2023-03-000356,portalinmobiliario,Independencia,Metropolitana,580000,16.57,62.3,2023-01-18 00:00:00.000000,2023-03-01 00:00:00.000000,departamento,Arriendo,agency
PI-2023-03-004288,portalinmobiliario,Santiago,Metropolitana,585000,16.71,35.1,2023-02-26 00:00:00.000000,2023-03-29 00:00:00.000000,Departamento,arriendo,agency
PI-2023-03-004187,portalinmobiliario,La Florida,Metropolitana,425000,12.14,49.3,2023-02-22 00:00:00.000000,2023-03-29 00:00:00.000000,departamento,arriendo,owner_direct
PI-2023-03-000485,portalinmobiliario,La Cisterna,Metropolitana,490000,14.0,45.2,2023-01-15 00:00:00.000000,2023-03-01 00:00:00.000000,departamento,arriendo,owner_direct
PI-2023-03-005317,portalinmobiliario,San Joaquín,Metropolitana,560000,16.0,67.1,2023-02-14 00:00:00.000000,2023-03-29 00:00:00.000000,Departamento,ARRIENDO,agency
PI-2023-03-004230,portalinmobiliario,Providencia,Metropolitana,1010000,28.86,54.9,2023-03-07 00:00:00.000000,2023-03-29 00:00:00.000000,departamento,ARRIENDO,agency
PI-2023-03-003879,portalinmobiliario,Ñuñoa,Metropolitana,625000,17.86,34.3,2023-03-17 00:00:00.000000,2023-03-22 00:00:00.000000,DEPARTAMENTO,Arriendo,owner_direct
PI-2023-03-003540,portalinmobiliario,Santiago,Metropolitana,470000,13.43,27.3,2023-03-08 00:00:00.000000,2023-03-22 00:00:00.000000,Departamento,ARRIENDO,agency
PI-2023-03-003239,portalinmobiliario,Puente Alto,Metropolitana,470000,13.43,51.9,2023-02-09 00:00:00.000000,2023-03-22 00:00:00.000000,DEPARTAMENTO,arriendo,agency
PI-2023-03-004174,portalinmobiliario,Santiago,Metropolitana,905000,25.86,107.6,2023-03-09 00:00:00.000000,2023-03-29 00:00:00.000000,departamento,Arriendo,agency
PI-2023-03-005095,portalinmobiliario,Puente Alto,Metropolitana,540000,15.43,43.1,2023-02-15 00:00:00.000000,2023-03-29 00:00:00.000000,Departamento,arriendo,agency
PI-2023-03-003719,portalinmobiliario,Lo Barnechea,Metropolitana,1655000,,124.4,2022-11-12 00:00:00.000000,2023-03-22 00:00:00.000000,departamento,ARRIENDO,agency
PI-2023-03-003740,portalinmobiliario,Santiago,Metropolitana,755000,21.57,46.9,2023-02-14 00:00:00.000000,2023-03-22 00:00:00.000000,departamento,arriendo,agency
PI-2023-03-004766,portalinmobiliario,Providencia,Metropolitana,970000,27.71,45.2,2022-11-08 00:00:00.000000,2023-03-29 00:00:00.000000,Departamento,arriendo,agency
PI-2023-03-003017,portalinmobiliario,Estación Central,Metropolitana,410000,11.71,53.4,2023-02-06 00:00:00.000000,2023-03-22 00:00:00.000000,DEPARTAMENTO,ARRIENDO,owner_direct
PI-2023-03-003961,portalinmobiliario,Vitacura,Metropolitana,1450000,41.43,79.4,2023-02-26 00:00:00.000000,2023-03-22 00:00:00.000000,departamento,arriendo,owner_direct
PI-2023-03-001937,portalinmobiliario,Santiago,Metropolitana,735000,21.0,68.7,2022-09-24 00:00:00.000000,2023-03-15 00:00:00.000000,DEPARTAMENTO,Arriendo,agency
PI-2023-03-000018,portalinmobiliario,San Miguel,Metropolitana,430000,12.29,23.9,2023-02-07 00:00:00.000000,2023-03-01 00:00:00.000000,Departamento,ARRIENDO,agency
PI-2023-03-001975,portalinmobiliario,Quilicura,Metropolitana,495000,14.14,49.9,2023-01-29 00:00:00.000000,2023-03-15 00:00:00.000000,Departamento,Arriendo,agency
PI-2023-03-004975,portalinmobiliario,Providencia,Metropolitana,1465000,41.86,81.2,2023-03-21 00:00:00.000000,2023-03-29 00:00:00.000000,Departamento,Arriendo,owner_direct
PI-2023-03-002569,portalinmobiliario,Vitacura,Metropolitana,1180000,33.71,55.9,2023-01-06 00:00:00.000000,2023-03-15 00:00:00.000000,departamento,Arriendo,agency
PI-2023-03-003384,portalinmobiliario,Huechuraba,Metropolitana,475000,13.57,34.9,2023-03-04 00:00:00.000000,2023-03-22 00:00:00.000000,Departamento,Arriendo,agency
PI-2023-03-005289,portalinmobiliario,Puente Alto,Metropolitana,365000,10.43,29.1,2023-03-12 00:00:00.000000,2023-03-29 00:00:00.000000,Departamento,Arriendo,owner_direct
PI-2023-03-004828,portalinmobiliario,Recoleta,Metropolitana,585000,16.71,63.0,2022-09-14 00:00:00.000000,2023-03-29 00:00:00.000000,DEPARTAMENTO,arriendo,agency
PI-2023-03-005369,portalinmobiliario,Huechuraba,Metropolitana,425000,12.14,30.7,2022-09-28 00:00:00.000000,2023-03-29 00:00:00.000000,Departamento,ARRIENDO,agency
PI-2023-03-001161,portalinmobiliario,Macul,Metropolitana,505000,14.43,34.2,2023-02-10 00:00:00.000000,2023-03-08 00:00:00.000000,Departamento,Arriendo,agency
PI-2023-03-004977,portalinmobiliario,Providencia,Metropolitana,770000,22.0,26.7,2023-03-06 00:00:00.000000,2023-03-29 00:00:00.000000,Departamento,ARRIENDO,agency
PI-2023-03-004777,portalinmobiliario,Estación Central,Metropolitana,705000,20.14,70.9,2023-02-16 00:00:00.000000,2023-03-29 00:00:00.000000,DEPARTAMENTO,Arriendo,agency
PI-2023-03-003658,portalinmobiliario,La Florida,Metropolitana,595000,17.0,41.1,2023-03-06 00:00:00.000000,2023-03-22 00:00:00.000000,DEPARTAMENTO,ARRIENDO,agency
PI-2023-03-000454,portalinmobiliario,Peñalolén,Metropolitana,745000,21.29,88.0,2023-02-18 00:00:00.000000,2023-03-01 00:00:00.000000,DEPARTAMENTO,ARRIENDO,agency
PI-2023-03-005035,portalinmobiliario,Peñalolén,Metropolitana,5490000,156.86,999.0,2023-03-12 00:00:00.000000,2023-03-29 00:00:00.000000,DEPARTAMENTO,arriendo,agency
PI-2023-03-005363,portalinmobiliario,Quilicura,Metropolitana,590000,16.86,54.0,2023-02-18 00:00:00.000000,2023-03-29 00:00:00.000000,Departamento,arriendo,owner_direct
PI-2023-03-004290,portalinmobiliario,Lo Barnechea,Metropolitana,1300000,37.14,70.6,2022-10-13 00:00:00.000000,2023-03-29 00:00:00.000000,Departamento,ARRIENDO,agency
PI-2023-03-004335,portalinmobiliario,Santiago,Metropolitana,555000,15.86,43.5,2023-03-17 00:00:00.000000,2023-03-29 00:00:00.000000,departamento,ARRIENDO,agency
PI-2023-03-000534,portalinmobiliario,Peñalolén,Metropolitana,570000,16.29,62.0,2023-02-26 00:00:00.000000,2023-03-01 00:00:00.000000,Departamento,ARRIENDO,owner_direct
PI-2023-03-003549,portalinmobiliario,Quilicura,Metropolitana,530000,15.14,68.7,2023-02-05 00:00:00.000000,2023-03-22 00:00:00.000000,DEPARTAMENTO,ARRIENDO,agency
PI-2023-03-002570,portalinmobiliario,San Miguel,Metropolitana,435000,12.43,40.2,2023-02-14 00:00:00.000000,2023-03-15 00:00:00.000000,DEPARTAMENTO,ARRIENDO,owner_direct
PI-2023-03-002483,portalinmobiliario,Estación Central,Metropolitana,395000,11.29,31.1,2023-02-21 00:00:00.000000,2023-03-15 00:00:00.000000,Departamento,Arriendo,agency
PI-2023-03-003272,portalinmobiliario,Pudahuel,Metropolitana,540000,15.43,64.0,2023-03-01 00:00:00.000000,2023-03-22 00:00:00.000000,DEPARTAMENTO,arriendo,agency
PI-2023-03-000100,portalinmobiliario,Ñuñoa,Metropolitana,625000,17.86,42.7,2023-02-21 00:00:00.000000,2023-03-01 00:00:00.000000,Departamento,Arriendo,agency
PI-2023-03-004202,portalinmobiliario,Puente Alto,Metropolitana,525000,15.0,69.0,2023-03-07 00:00:00.000000,2023-03-29 00:00:00.000000,DEPARTAMENTO,Arriendo,agency
PI-2023-03-004765,portalinmobiliario,Santiago,Metropolitana,700000,20.0,58.1,2023-03-21 00:00:00.000000,2023-03-29 00:00:00.000000,DEPARTAMENTO,arriendo,owner_direct
PI-2023-03-004589,portalinmobiliario,Santiago,Metropolitana,490000,14.0,57.4,2023-01-26 00:00:00.000000,2023-03-29 00:00:00.000000,departamento,Arriendo,owner_direct
PI-2023-03-002698,portalinmobiliario,Quilicura,Metropolitana,360000,10.29,46.3,2023-02-07 00:00:00.000000,2023-03-15 00:00:00.000000,departamento,arriendo,agency
PI-2023-03-004669,portalinmobiliario,San Miguel,Metropolitana,540000,15.43,43.9,2023-03-20 00:00:00.000000,2023-03-29 00:00:00.000000,departamento,arriendo,agency
PI-2023-03-004231,portalinmobiliario,Puente Alto,Metropolitana,515000,14.71,55.0,2023-03-14 00:00:00.000000,2023-03-29 00:00:00.000000,Departamento,arriendo,agency
PI-2023-03-003948,portalinmobiliario,Independencia,Metropolitana,655000,18.71,75.4,2023-03-14 00:00:00.000000,2023-03-22 00:00:00.000000,Departamento,ARRIENDO,agency
PI-2023-03-001327,portalinmobiliario,Ñuñoa,Metropolitana,630000,18.0,51.8,2023-02-27 00:00:00.000000,2023-03-08 00:00:00.000000,departamento,Arriendo,owner_direct
PI-2023-03-002929,portalinmobiliario,La Cisterna,Metropolitana,620000,17.71,59.8,2022-10-21 00:00:00.000000,2023-03-15 00:00:00.000000,Departamento,ARRIENDO,agency
PI-2023-03-004988,portalinmobiliario,Huechuraba,Metropolitana,555000,15.86,41.0,2023-02-24 00:00:00.000000,2023-03-29 00:00:00.000000,Departamento,ARRIENDO,agency
PI-2023-03-002287,portalinmobiliario,Pudahuel,Metropolitana,425000,12.14,52.2,2023-01-06 00:00:00.000000,2023-03-15 00:00:00.000000,Departamento,Arriendo,owner_direct
PI-2023-03-004026,portalinmobiliario,Providencia,Metropolitana,1175000,33.57,60.9,2023-03-08 00:00:00.000000,2023-03-22 00:00:00.000000,departamento,arriendo,owner_direct
PI-2023-03-004052,portalinmobiliario,Maipú,Metropolitana,405000,11.57,48.4,2023-03-01 00:00:00.000000,2023-03-22 00:00:00.000000,DEPARTAMENTO,Arriendo,agency
PI-2023-03-000730,portalinmobiliario,Estación Central,Metropolitana,470000,13.43,37.4,2023-02-19 00:00:00.000000,2023-03-01 00:00:00.000000,departamento,arriendo,agency
PI-2023-03-002960,portalinmobiliario,Peñalolén,Metropolitana,620000,17.71,56.7,2023-01-25 00:00:00.000000,2023-03-22 00:00:00.000000,DEPARTAMENTO,Arriendo,agency
PI-2023-03-001667,portalinmobiliario,estación central,Metropolitana,550000,15.71,51.2,2023-02-08 00:00:00.000000,2023-03-08 00:00:00.000000,Departamento,ARRIENDO,agency
PI-2023-03-003700,portalinmobiliario,La Reina,Metropolitana,650000,18.57,51.5,2023-02-02 00:00:00.000000,2023-03-22 00:00:00.000000,Departamento,Arriendo,agency
PI-2023-03-004555,portalinmobiliario,Providencia,Metropolitana,1015000,29.0,45.7,2023-03-24 00:00:00.000000,2023-03-29 00:00:00.000000,DEPARTAMENTO,arriendo,owner_direct
PI-2023-03-000373,portalinmobiliario,Independencia,Metropolitana,765000,21.86,77.9,2022-12-28 00:00:00.000000,2023-03-01 00:00:00.000000,departamento,ARRIENDO,agency
PI-2023-03-000620,portalinmobiliario,La Florida,Metropolitana,430000,12.29,38.5,2022-12-30 00:00:00.000000,2023-03-01 00:00:00.000000,departamento,arriendo,agency
PI-2023-03-005213,portalinmobiliario,Macul,Metropolitana,440000,12.57,25.1,2023-03-02 00:00:00.000000,2023-03-29 00:00:00.000000,departamento,Arriendo,agency
PI-2023-03-000747,portalinmobiliario,Lo Barnechea,Metropolitana,665000,19.0,33.5,2023-02-21 00:00:00.000000,2023-03-01 00:00:00.000000,departamento,ARRIENDO,owner_direct
PI-2023-03-000146,portalinmobiliario,Conchalí,Metropolitana,525000,15.0,53.9,2022-10-11 00:00:00.000000,2023-03-01 00:00:00.000000,Departamento,arriendo,owner_direct
PI-2023-03-001627,portalinmobiliario,La Florida,Metropolitana,800000,22.86,96.8,2022-08-27 00:00:00.000000,2023-03-08 00:00:00.000000,departamento,ARRIENDO,agency
PI-2023-03-003589,portalinmobiliario,San Miguel,Metropolitana,545000,15.57,40.6,2022-11-02 00:00:00.000000,2023-03-22 00:00:00.000000,Departamento,arriendo,agency
PI-2023-03-000549,portalinmobiliario,Santiago,Metropolitana,605000,,43.4,2023-01-21 00:00:00.000000,2023-03-01 00:00:00.000000,DEPARTAMENTO,Arriendo,owner_direct
PI-2023-03-001948,portalinmobiliario,Estación Central,Metropolitana,435000,12.43,46.2,2023-01-24 00:00:00.000000,2023-03-15 00:00:00.000000,Departamento,ARRIENDO,owner_direct
PI-2023-03-000616,portalinmobiliario,San Joaquín,Metropolitana,520000,14.86,42.9,2023-02-02 00:00:00.000000,2023-03-01 00:00:00.000000,Departamento,arriendo,agency
PI-2023-03-001006,portalinmobiliario,Estación Central,Metropolitana,400000,11.43,36.2,2023-02-26 00:00:00.000000,2023-03-08 00:00:00.000000,Departamento,arriendo,owner_direct
PI-2023-03-001790,portalinmobiliario,Quinta Normal,Metropolitana,400000,11.43,39.5,2023-02-15 00:00:00.000000,2023-03-08 00:00:00.000000,DEPARTAMENTO,arriendo,agency
PI-2023-03-001116,portalinmobiliario,Ñuñoa,Metropolitana,570000,16.29,28.1,2023-03-03 00:00:00.000000,2023-03-08 00:00:00.000000,departamento,Arriendo,agency
PI-2023-03-003422,portalinmobiliario,Quilicura,Metropolitana,470000,13.43,45.5,2022-11-27 00:00:00.000000,2023-03-22 00:00:00.000000,departamento,ARRIENDO,agency
PI-2023-03-003042,portalinmobiliario,Santiago,Metropolitana,995000,28.43,34.5,2023-03-14 00:00:00.000000,2023-03-22 00:00:00.000000,departamento,Arriendo,owner_direct
PI-2023-03-003455,portalinmobiliario,San Miguel,Metropolitana,560000,16.0,47.3,2023-02-08 00:00:00.000000,2023-03-22 00:00:00.000000,DEPARTAMENTO,Arriendo,agency
PI-2023-03-002141,portalinmobiliario,San Joaquín,Metropolitana,330000,9.43,25.8,2023-02-18 00:00:00.000000,2023-03-15 00:00:00.000000,Departamento,Arriendo,owner_direct
PI-2023-03-002120,portalinmobiliario,Macul,Metropolitana,690000,19.71,62.5,2023-02-23 00:00:00.000000,2023-03-15 00:00:00.000000,departamento,arriendo,agency
PI-2023-03-003656,portalinmobiliario,Peñalolén,Metropolitana,590000,16.86,56.8,2023-03-04 00:00:00.000000,2023-03-22 00:00:00.000000,DEPARTAMENTO,Arriendo,owner_direct
PI-2023-03-005320,portalinmobiliario,Santiago,Metropolitana,560000,16.0,36.0,2023-02-20 00:00:00.000000,2023-03-29 00:00:00.000000,DEPARTAMENTO,Arriendo,agency
PI-2023-03-004314,portalinmobiliario,Recoleta,Metropolitana,535000,15.29,36.2,2023-03-13 00:00:00.000000,2023-03-29 00:00:00.000000,departamento,arriendo,agency
PI-2023-03-000712,portalinmobiliario,San Miguel,Metropolitana,3190000,91.14,92.0,2023-02-23 00:00:00.000000,2023-03-01 00:00:00.000000,departamento,arriendo,agency
PI-2023-03-004205,portalinmobiliario,Maipú,Metropolitana,510000,14.57,50.4,2023-02-23 00:00:00.000000,2023-03-29 00:00:00.000000,DEPARTAMENTO,ARRIENDO,agency
PI-2023-03-000245,portalinmobiliario,Peñalolén,Metropolitana,1010000,,107.1,2022-12-19 00:00:00.000000,2023-03-01 00:00:00.000000,departamento,arriendo,agency
PI-2023-03-004899,portalinmobiliario,Conchalí,Metropolitana,635000,18.14,77.0,2022-12-10 00:00:00.000000,2023-03-29 00:00:00.000000,DEPARTAMENTO,Arriendo,agency
PI-2023-03-004531,portalinmobiliario,Recoleta,Metropolitana,395000,11.29,47.3,2023-02-27 00:00:00.000000,2023-03-29 00:00:00.000000,Departamento,arriendo,owner_direct
PI-2023-03-001546,portalinmobiliario,Huechuraba,Metropolitana,450000,12.86,33.6,2023-03-07 00:00:00.000000,2023-03-08 00:00:00.000000,Departamento,Arriendo,owner_direct
PI-2023-03-000821,portalinmobiliario,Estación Central,Metropolitana,345000,9.86,26.0,2023-01-13 00:00:00.000000,2023-03-01 00:00:00.000000,DEPARTAMENTO,ARRIENDO,agency
PI-2023-03-002365,portalinmobiliario,Estación Central,Metropolitana,375000,10.71,34.2,2023-02-22 00:00:00.000000,2023-03-15 00:00:00.000000,DEPARTAMENTO,arriendo,owner_direct
PI-2023-03-004774,portalinmobiliario,Macul,Metropolitana,470000,13.43,42.3,2023-02-28 00:00:00.000000,2023-03-29 00:00:00.000000,Departamento,Arriendo,agency
PI-2023-03-000929,portalinmobiliario,Santiago,Metropolitana,510000,,39.3,2023-02-18 00:00:00.000000,2023-03-01 00:00:00.000000,DEPARTAMENTO,ARRIENDO,agency
PI-2023-03-001366,portalinmobiliario,Quinta Normal,Metropolitana,475000,13.57,57.8,2023-02-22 00:00:00.000000,2023-03-08 00:00:00.000000,Departamento,arriendo,agency
PI-2023-03-000229,portalinmobiliario,Santiago,Metropolitana,480000,13.71,46.4,2023-02-17 00:00:00.000000,2023-03-01 00:00:00.000000,Departamento,Arriendo,owner_direct
PI-2023-03-001958,portalinmobiliario,Recoleta,Metropolitana,410000,11.71,34.0,2023-02-25 00:00:00.000000,2023-03-15 00:00:00.000000,DEPARTAMENTO,Arriendo,owner_direct
PI-2023-03-001570,portalinmobiliario,San Joaquín,Metropolitana,500000,14.29,59.1,2023-02-11 00:00:00.000000,2023-03-08 00:00:00.000000,departamento,Arriendo,agency
PI-2023-03-002220,portalinmobiliario,Providencia,Metropolitana,540000,15.43,29.3,2023-03-11 00:00:00.000000,2023-03-15 00:00:00.000000,DEPARTAMENTO,arriendo,agency
PI-2023-03-001744,portalinmobiliario,Maipú,Metropolitana,810000,23.14,99.1,2023-02-21 00:00:00.000000,2023-03-08 00:00:00.000000,DEPARTAMENTO,Arriendo,agency
PI-2023-03-001015,portalinmobiliario,Independencia,Metropolitana,620000,17.71,77.2,2023-02-27 00:00:00.000000,2023-03-08 00:00:00.000000,departamento,ARRIENDO,owner_direct
PI-2023-03-004724,portalinmobiliario,Santiago,Metropolitana,705000,20.14,57.0,2022-11-27 00:00:00.000000,2023-03-29 00:00:00.000000,Departamento,Arriendo,agency
PI-2023-03-002078,portalinmobiliario,San Miguel,Metropolitana,580000,16.57,49.0,2023-02-25 00:00:00.000000,2023-03-15 00:00:00.000000,DEPARTAMENTO,arriendo,agency
PI-2023-03-001236,portalinmobiliario,Independencia,Metropolitana,1270000,36.29,147.6,2023-01-30 00:00:00.000000,2023-03-08 00:00:00.000000,departamento,arriendo,agency
PI-2023-03-001766,portalinmobiliario,ESTACIÓN CENTRAL,Metropolitana,545000,15.57,52.1,2023-01-16 00:00:00.000000,2023-03-08 00:00:00.000000,departamento,Arriendo,owner_direct
PI-2023-03-001414,portalinmobiliario,Maipú,Metropolitana,510000,14.57,41.3,2023-02-14 00:00:00.000000,2023-03-08 00:00:00.000000,departamento,ARRIENDO,agency
PI-2023-03-000994,portalinmobiliario,Ñuñoa,Metropolitana,510000,14.57,30.6,2023-01-16 00:00:00.000000,2023-03-08 00:00:00.000000,departamento,arriendo,agency
PI-2023-03-004549,portalinmobiliario,La Cisterna,Metropolitana,1450000,41.43,54.4,2023-03-18 00:00:00.000000,2023-03-29 00:00:00.000000,DEPARTAMENTO,Arriendo,agency
PI-2023-03-000113,portalinmobiliario,Cerrillos,Metropolitana,570000,16.29,54.6,2022-09-30 00:00:00.000000,2023-03-01 00:00:00.000000,Departamento,ARRIENDO,agency
PI-2023-03-003344,portalinmobiliario,Ñuñoa,Metropolitana,530000,15.14,25.6,2022-10-12 00:00:00.000000,2023-03-22 00:00:00.000000,DEPARTAMENTO,Arriendo,agency
PI-2023-03-001760,portalinmobiliario,Estación Central,Metropolitana,535000,15.29,51.3,2022-11-04 00:00:00.000000,2023-03-08 00:00:00.000000,departamento,Arriendo,agency
PI-2023-03-002491,portalinmobiliario,Providencia,Metropolitana,1220000,34.86,64.0,2023-02-12 00:00:00.000000,2023-03-15 00:00:00.000000,DEPARTAMENTO,arriendo,agency
PI-2023-03-002371,portalinmobiliario,Peñalolén,Metropolitana,530000,15.14,54.2,2023-02-04 00:00:00.000000,2023-03-15 00:00:00.000000,DEPARTAMENTO,arriendo,agency
PI-2023-03-000306,portalinmobiliario,Puente Alto,Metropolitana,470000,13.43,43.2,2023-01-29 00:00:00.000000,2023-03-01 00:00:00.000000,departamento,ARRIENDO,agency
PI-2023-03-000653,portalinmobiliario,Santiago,Metropolitana,760000,21.71,55.1,2023-02-09 00:00:00.000000,2023-03-01 00:00:00.000000,DEPARTAMENTO,ARRIENDO,agency
PI-2023-03-003072,portalinmobiliario,La Cisterna,Metropolitana,380000,10.86,32.7,2023-02-22 00:00:00.000000,2023-03-22 00:00:00.000000,Departamento,arriendo,agency
PI-2023-03-004083,portalinmobiliario,Independencia,Metropolitana,700000,20.0,76.7,2022-11-02 00:00:00.000000,2023-03-29 00:00:00.000000,Departamento,ARRIENDO,agency
PI-2023-03-004010,portalinmobiliario,Santiago,Metropolitana,520000,14.86,40.8,2023-03-03 00:00:00.000000,2023-03-22 00:00:00.000000,departamento,Arriendo,agency
PI-2023-03-003664,portalinmobiliario,Las Condes,Metropolitana,1435000,41.0,70.4,2023-03-03 00:00:00.000000,2023-03-22 00:00:00.000000,Departamento,ARRIENDO,agency
PI-2023-03-001883,portalinmobiliario,Santiago,Metropolitana,555000,15.86,36.8,2023-02-09 00:00:00.000000,2023-03-08 00:00:00.000000,departamento,Arriendo,owner_direct
PI-2023-03-000766,portalinmobiliario,Ñuñoa,Metropolitana,1060000,30.29,98.6,2023-01-25 00:00:00.000000,2023-03-01 00:00:00.000000,Departamento,Arriendo,agency
PI-2023-03-001468,portalinmobiliario,Santiago,Metropolitana,465000,13.29,37.9,2023-01-29 00:00:00.000000,2023-03-08 00:00:00.000000,Departamento,arriendo,agency
PI-2023-03-002398,portalinmobiliario,Conchalí,Metropolitana,600000,17.14,57.6,2022-12-16 00:00:00.000000,2023-03-15 00:00:00.000000,DEPARTAMENTO,Arriendo,agency
PI-2023-03-004091,portalinmobiliario,Las Condes,Metropolitana,910000,26.0,37.3,2023-02-18 00:00:00.000000,2023-03-29 00:00:00.000000,Departamento,arriendo,agency
PI-2023-03-000007,portalinmobiliario,Huechuraba,Metropolitana,595000,17.0,47.7,2023-02-07 00:00:00.000000,2023-03-01 00:00:00.000000,departamento,Arriendo,agency
PI-2023-03-000260,portalinmobiliario,Conchalí,Metropolitana,490000,14.0,62.4,2023-02-10 00:00:00.000000,2023-03-01 00:00:00.000000,Departamento,arriendo,agency
PI-2023-03-001778,portalinmobiliario,Recoleta,Metropolitana,670000,19.14,72.7,2023-02-11 00:00:00.000000,2023-03-08 00:00:00.000000,departamento,ARRIENDO,agency
PI-2023-03-003755,portalinmobiliario,Santiago,Metropolitana,530000,15.14,38.4,2023-03-08 00:00:00.000000,2023-03-22 00:00:00.000000,Departamento,Arriendo,owner_direct
PI-2023-03-002872,portalinmobiliario,La Reina,Metropolitana,595000,17.0,35.5,2022-10-05 00:00:00.000000,2023-03-15 00:00:00.000000,departamento,ARRIENDO,agency
PI-2023-03-001704,portalinmobiliario,Peñalolén,Metropolitana,875000,25.0,94.1,2023-02-25 00:00:00.000000,2023-03-08 00:00:00.000000,departamento,Arriendo,agency
PI-2023-03-000702,portalinmobiliario,Providencia,Metropolitana,1545000,44.14,101.3,2023-01-20 00:00:00.000000,2023-03-01 00:00:00.000000,departamento,Arriendo,owner_direct
PI-2023-03-001682,portalinmobiliario,Quinta Normal,Metropolitana,465000,13.29,38.7,2023-02-12 00:00:00.000000,2023-03-08 00:00:00.000000,DEPARTAMENTO,arriendo,owner_direct
PI-2023-03-003963,portalinmobiliario,Santiago,Metropolitana,695000,19.86,79.2,2023-03-14 00:00:00.000000,2023-03-22 00:00:00.000000,departamento,arriendo,agency
PI-2023-03-003764,portalinmobiliario,Santiago,Metropolitana,585000,16.71,46.4,2023-02-22 00:00:00.000000,2023-03-22 00:00:00.000000,departamento,ARRIENDO,agency
PI-2023-03-002750,portalinmobiliario,Estación Central,Metropolitana,415000,11.86,36.6,2023-01-19 00:00:00.000000,2023-03-15 00:00:00.000000,departamento,ARRIENDO,owner_direct
PI-2023-03-005108,portalinmobiliario,Las Condes,Metropolitana,1190000,34.0,50.8,2023-02-22 00:00:00.000000,2023-03-29 00:00:00.000000,DEPARTAMENTO,Arriendo,owner_direct
PI-2023-03-004352,portalinmobiliario,Quinta Normal,Metropolitana,445000,12.71,54.0,2023-02-22 00:00:00.000000,2023-03-29 00:00:00.000000,departamento,ARRIENDO,agency
PI-2023-03-004336,portalinmobiliario,Recoleta,Metropolitana,650000,18.57,68.1,2023-03-02 00:00:00.000000,2023-03-29 00:00:00.000000,DEPARTAMENTO,arriendo,agency
PI-2023-03-004803,portalinmobiliario,Recoleta,Metropolitana,420000,12.0,30.6,2023-03-20 00:00:00.000000,2023-03-29 00:00:00.000000,departamento,ARRIENDO,owner_direct
PI-2023-03-001743,portalinmobiliario,Independencia,Metropolitana,495000,14.14,52.6,2023-02-12 00:00:00.000000,2023-03-08 00:00:00.000000,Departamento,Arriendo,owner_direct
PI-2023-03-001922,portalinmobiliario,Independencia,Metropolitana,530000,15.14,55.8,2022-09-22 00:00:00.000000,2023-03-15 00:00:00.000000,Departamento,ARRIENDO,agency
PI-2023-03-004954,portalinmobiliario,Ñuñoa,Metropolitana,660000,18.86,45.2,2023-03-06 00:00:00.000000,2023-03-29 00:00:00.000000,Departamento,ARRIENDO,agency
PI-2023-03-001476,portalinmobiliario,San Miguel,Metropolitana,600000,17.14,55.2,2023-01-21 00:00:00.000000,2023-03-08 00:00:00.000000,DEPARTAMENTO,arriendo,agency
PI-2023-03-001599,portalinmobiliario,La Cisterna,Metropolitana,550000,15.71,57.1,2023-02-21 00:00:00.000000,2023-03-08 00:00:00.000000,Departamento,ARRIENDO,owner_direct
PI-2023-03-003621,portalinmobiliario,Conchalí,Metropolitana,410000,11.71,36.7,2023-02-26 00:00:00.000000,2023-03-22 00:00:00.000000,DEPARTAMENTO,ARRIENDO,agency
PI-2023-03-002136,portalinmobiliario,Santiago,Metropolitana,535000,15.29,41.8,2023-02-27 00:00:00.000000,2023-03-15 00:00:00.000000,DEPARTAMENTO,Arriendo,agency
PI-2023-03-001764,portalinmobiliario,Puente Alto,Metropolitana,320000,9.14,21.0,2023-02-17 00:00:00.000000,2023-03-08 00:00:00.000000,departamento,Arriendo,agency
PI-2023-03-004578,portalinmobiliario,San Miguel,Metropolitana,700000,20.0,69.0,2023-03-10 00:00:00.000000,2023-03-29 00:00:00.000000,DEPARTAMENTO,Arriendo,agency
PI-2023-03-004685,portalinmobiliario,Providencia,Metropolitana,970000,27.71,45.7,2023-02-26 00:00:00.000000,2023-03-29 00:00:00.000000,departamento,arriendo,agency
PI-2023-03-000528,portalinmobiliario,Macul,Metropolitana,530000,15.14,40.0,2023-01-16 00:00:00.000000,2023-03-01 00:00:00.000000,DEPARTAMENTO,ARRIENDO,agency
PI-2023-03-000388,portalinmobiliario,San Joaquín,Metropolitana,410000,11.71,33.2,2023-01-26 00:00:00.000000,2023-03-01 00:00:00.000000,DEPARTAMENTO,ARRIENDO,agency
PI-2023-03-003968,portalinmobiliario,Las Condes,Metropolitana,895000,25.57,43.2,2023-03-14 00:00:00.000000,2023-03-22 00:00:00.000000,DEPARTAMENTO,Arriendo,owner_direct
PI-2023-03-004441,portalinmobiliario,Estación Central,Metropolitana,425000,12.14,46.3,2023-03-10 00:00:00.000000,2023-03-29 00:00:00.000000,departamento,ARRIENDO,owner_direct
PI-2023-03-003188,portalinmobiliario,Recoleta,Metropolitana,840000,24.0,125.1,2023-03-16 00:00:00.000000,2023-03-22 00:00:00.000000,Departamento,ARRIENDO,agency
PI-2023-03-003288,portalinmobiliario,San Miguel,Metropolitana,560000,16.0,40.3,2023-03-08 00:00:00.000000,2023-03-22 00:00:00.000000,departamento,Arriendo,agency
PI-2023-03-003777,portalinmobiliario,Conchalí,Metropolitana,335000,9.57,28.9,2023-02-22 00:00:00.000000,2023-03-22 00:00:00.000000,Departamento,ARRIENDO,owner_direct
PI-2023-03-004844,portalinmobiliario,Vitacura,Metropolitana,1450000,41.43,60.6,2023-03-22 00:00:00.000000,2023-03-29 00:00:00.000000,departamento,arriendo,agency
PI-2023-03-004682,portalinmobiliario,San Miguel,Metropolitana,590000,16.86,58.5,2023-03-11 00:00:00.000000,2023-03-29 00:00:00.000000,departamento,arriendo,agency
PI-2023-03-000375,portalinmobiliario,Puente Alto,Metropolitana,370000,10.57,49.7,2023-01-10 00:00:00.000000,2023-03-01 00:00:00.000000,departamento,arriendo,agency
PI-2023-03-001481,portalinmobiliario,Providencia,Metropolitana,735000,21.0,30.6,2023-02-13 00:00:00.000000,2023-03-08 00:00:00.000000,DEPARTAMENTO,arriendo,agency
PI-2023-03-004377,portalinmobiliario,Lo Barnechea,Metropolitana,720000,20.57,27.9,2023-02-15 00:00:00.000000,2023-03-29 00:00:00.000000,DEPARTAMENTO,ARRIENDO,agency
PI-2023-03-000192,portalinmobiliario,Las Condes,Metropolitana,1095000,31.29,59.1,2023-02-18 00:00:00.000000,2023-03-01 00:00:00.000000,Departamento,arriendo,agency
PI-2023-03-002705,portalinmobiliario,Maipú,Metropolitana,440000,12.57,39.6,2023-02-21 00:00:00.000000,2023-03-15 00:00:00.000000,DEPARTAMENTO,ARRIENDO,agency
PI-2023-03-002951,portalinmobiliario,Providencia,Metropolitana,1285000,36.71,95.0,2023-03-07 00:00:00.000000,2023-03-22 00:00:00.000000,departamento,Arriendo,owner_direct
PI-2023-03-001485,portalinmobiliario,Estación Central,Metropolitana,570000,16.29,66.9,2023-02-11 00:00:00.000000,2023-03-08 00:00:00.000000,departamento,arriendo,agency
PI-2023-03-001905,portalinmobiliario,Vitacura,Metropolitana,1135000,32.43,47.2,2023-02-28 00:00:00.000000,2023-03-08 00:00:00.000000,DEPARTAMENTO,arriendo,agency
PI-2023-03-002069,portalinmobiliario,Huechuraba,Metropolitana,585000,16.71,43.1,2023-03-11 00:00:00.000000,2023-03-15 00:00:00.000000,Departamento,arriendo,agency
PI-2023-03-003352,portalinmobiliario,ÑUÑOA,Metropolitana,8885000,253.86,71.6,2023-03-15 00:00:00.000000,2023-03-22 00:00:00.000000,Departamento,ARRIENDO,agency
PI-2023-03-004086,portalinmobiliario,Conchalí,Metropolitana,625000,17.86,80.9,2022-10-30 00:00:00.000000,2023-03-29 00:00:00.000000,departamento,ARRIENDO,owner_direct
PI-2023-03-001939,portalinmobiliario,Lo Barnechea,Metropolitana,1150000,32.86,62.9,2023-01-28 00:00:00.000000,2023-03-15 00:00:00.000000,DEPARTAMENTO,ARRIENDO,agency
PI-2023-03-001926,portalinmobiliario,Ñuñoa,Metropolitana,1620000,46.29,127.4,2023-03-09 00:00:00.000000,2023-03-15 00:00:00.000000,Departamento,arriendo,agency
PI-2023-03-001748,portalinmobiliario,Santiago,Metropolitana,435000,12.43,26.1,2022-11-21 00:00:00.000000,2023-03-08 00:00:00.000000,Departamento,arriendo,owner_direct
PI-2023-03-003494,portalinmobiliario,San Joaquín,Metropolitana,385000,11.0,31.2,2023-01-27 00:00:00.000000,2023-03-22 00:00:00.000000,DEPARTAMENTO,Arriendo,owner_direct
PI-2023-03-005321,portalinmobiliario,Santiago,Metropolitana,445000,12.71,29.5,2023-01-20 00:00:00.000000,2023-03-29 00:00:00.000000,DEPARTAMENTO,Arriendo,owner_direct
PI-2023-03-002215,portalinmobiliario,Puente Alto,Metropolitana,535000,15.29,55.0,2023-03-11 00:00:00.000000,2023-03-15 00:00:00.000000,Departamento,arriendo,agency
PI-2023-03-005231,portalinmobiliario,Quinta Normal,Metropolitana,4405000,125.86,51.9,2023-01-08 00:00:00.000000,2023-03-29 00:00:00.000000,Departamento,arriendo,agency
PI-2023-03-001959,portalinmobiliario,Santiago,Metropolitana,445000,12.71,26.9,2023-02-25 00:00:00.000000,2023-03-15 00:00:00.000000,departamento,ARRIENDO,agency
PI-2023-03-003446,portalinmobiliario,Ñuñoa,Metropolitana,980000,28.0,111.7,2023-01-21 00:00:00.000000,2023-03-22 00:00:00.000000,departamento,ARRIENDO,agency
PI-2023-03-004385,portalinmobiliario,Independencia,Metropolitana,465000,13.29,43.1,2023-02-18 00:00:00.000000,2023-03-29 00:00:00.000000,departamento,arriendo,owner_direct
PI-2023-03-005349,portalinmobiliario,PROVIDENCIA,Metropolitana,930000,26.57,56.8,2023-03-08 00:00:00.000000,2023-03-29 00:00:00.000000,DEPARTAMENTO,ARRIENDO,agency
PI-2023-03-002424,portalinmobiliario,Puente Alto,Metropolitana,335000,9.57,37.9,2023-02-12 00:00:00.000000,2023-03-15 00:00:00.000000,Departamento,ARRIENDO,owner_direct
PI-2023-03-001789,portalinmobiliario,Vitacura,Metropolitana,1720000,49.14,107.3,2023-02-08 00:00:00.000000,2023-03-08 00:00:00.000000,Departamento,Arriendo,agency
PI-2023-03-000687,portalinmobiliario,Peñalolén,Metropolitana,455000,13.0,39.4,2023-02-11 00:00:00.000000,2023-03-01 00:00:00.000000,departamento,Arriendo,agency
PI-2023-03-003324,portalinmobiliario,San Joaquín,Metropolitana,425000,12.14,35.7,2023-03-03 00:00:00.000000,2023-03-22 00:00:00.000000,departamento,arriendo,agency
PI-2023-03-002807,portalinmobiliario,Providencia,Metropolitana,955000,27.29,53.1,2023-02-25 00:00:00.000000,2023-03-15 00:00:00.000000,Departamento,arriendo,agency
PI-2023-03-003638,portalinmobiliario,Santiago,Metropolitana,660000,18.86,58.6,2023-02-26 00:00:00.000000,2023-03-22 00:00:00.000000,departamento,Arriendo,agency
PI-2023-03-002346,portalinmobiliario,Macul,Metropolitana,490000,14.0,39.4,2022-10-22 00:00:00.000000,2023-03-15 00:00:00.000000,DEPARTAMENTO,ARRIENDO,agency
PI-2023-03-002787,portalinmobiliario,Providencia,Metropolitana,1120000,32.0,72.7,2023-03-08 00:00:00.000000,2023-03-15 00:00:00.000000,departamento,ARRIENDO,owner_direct
PI-2023-03-003305,portalinmobiliario,Ñuñoa,Metropolitana,705000,20.14,56.6,2023-03-10 00:00:00.000000,2023-03-22 00:00:00.000000,DEPARTAMENTO,Arriendo,agency
PI-2023-03-002471,portalinmobiliario,Santiago,Metropolitana,715000,20.43,67.3,2023-02-13 00:00:00.000000,2023-03-15 00:00:00.000000,Departamento,ARRIENDO,agency
PI-2023-03-003772,portalinmobiliario,San Miguel,Metropolitana,525000,15.0,70.6,2023-01-31 00:00:00.000000,2023-03-22 00:00:00.000000,Departamento,Arriendo,agency
PI-2023-03-005006,portalinmobiliario,Quinta Normal,Metropolitana,430000,12.29,33.7,2023-02-27 00:00:00.000000,2023-03-29 00:00:00.000000,Departamento,arriendo,agency
PI-2023-03-002117,portalinmobiliario,Estación Central,Metropolitana,835000,23.86,105.9,2023-03-04 00:00:00.000000,2023-03-15 00:00:00.000000,Departamento,ARRIENDO,agency
PI-2023-03-000883,portalinmobiliario,Estación Central,Metropolitana,440000,12.57,43.9,2023-01-19 00:00:00.000000,2023-03-01 00:00:00.000000,departamento,ARRIENDO,agency
PI-2023-03-000416,portalinmobiliario,Peñalolén,Metropolitana,850000,24.29,95.2,2023-02-14 00:00:00.000000,2023-03-01 00:00:00.000000,departamento,arriendo,agency
PI-2023-03-005059,portalinmobiliario,Las Condes,Metropolitana,1095000,31.29,54.5,2023-03-13 00:00:00.000000,2023-03-29 00:00:00.000000,DEPARTAMENTO,Arriendo,owner_direct
PI-2023-03-000508,portalinmobiliario,Lo Barnechea,Metropolitana,1115000,31.86,71.9,2023-02-04 00:00:00.000000,2023-03-01 00:00:00.000000,departamento,ARRIENDO,agency
PI-2023-03-002752,portalinmobiliario,Providencia,Metropolitana,740000,21.14,42.4,2023-02-15 00:00:00.000000,2023-03-15 00:00:00.000000,departamento,ARRIENDO,agency
PI-2023-03-002721,portalinmobiliario,Providencia,Metropolitana,1045000,29.86,76.9,2023-03-05 00:00:00.000000,2023-03-15 00:00:00.000000,DEPARTAMENTO,arriendo,agency
PI-2023-03-002840,portalinmobiliario,Puente Alto,Metropolitana,685000,19.57,106.5,2023-02-28 00:00:00.000000,2023-03-15 00:00:00.000000,DEPARTAMENTO,ARRIENDO,owner_direct
PI-2023-03-003157,portalinmobiliario,Ñuñoa,Metropolitana,845000,24.14,77.5,2023-02-26 00:00:00.000000,2023-03-22 00:00:00.000000,departamento,arriendo,agency
PI-2023-03-005050,portalinmobiliario,Ñuñoa,Metropolitana,880000,25.14,71.6,2023-03-14 00:00:00.000000,2023-03-29 00:00:00.000000,DEPARTAMENTO,arriendo,owner_direct
PI-2023-03-005283,portalinmobiliario,Ñuñoa,Metropolitana,1000000,28.57,75.9,2023-03-21 00:00:00.000000,2023-03-29 00:00:00.000000,departamento,Arriendo,agency
PI-2023-03-004811,portalinmobiliario,Puente Alto,Metropolitana,530000,15.14,69.2,2023-03-17 00:00:00.000000,2023-03-29 00:00:00.000000,Departamento,ARRIENDO,owner_direct
PI-2023-03-002671,portalinmobiliario,Estación Central,Metropolitana,475000,13.57,47.4,2023-02-21 00:00:00.000000,2023-03-15 00:00:00.000000,DEPARTAMENTO,ARRIENDO,agency
PI-2023-03-004139,portalinmobiliario,Las Condes,Metropolitana,840000,24.0,39.4,2023-02-23 00:00:00.000000,2023-03-29 00:00:00.000000,departamento,arriendo,agency
PI-2023-03-000295,portalinmobiliario,Lo Barnechea,Metropolitana,1325000,37.86,101.9,2023-01-07 00:00:00.000000,2023-03-01 00:00:00.000000,Departamento,ARRIENDO,owner_direct
PI-2023-03-005201,portalinmobiliario,La Florida,Metropolitana,610000,17.43,50.5,2023-02-24 00:00:00.000000,2023-03-29 00:00:00.000000,Departamento,arriendo,agency
PI-2023-03-002783,portalinmobiliario,Providencia,Metropolitana,720000,20.57,34.2,2023-01-24 00:00:00.000000,2023-03-15 00:00:00.000000,Departamento,Arriendo,owner_direct
PI-2023-03-003897,portalinmobiliario,San Miguel,Metropolitana,400000,11.43,28.4,2023-02-20 00:00:00.000000,2023-03-22 00:00:00.000000,departamento,arriendo,agency
PI-2023-03-004540,portalinmobiliario,Las Condes,Metropolitana,940000,26.86,45.5,2023-03-25 00:00:00.000000,2023-03-29 00:00:00.000000,departamento,ARRIENDO,owner_direct
PI-2023-03-000359,portalinmobiliario,Santiago,Metropolitana,495000,14.14,34.0,2023-02-16 00:00:00.000000,2023-03-01 00:00:00.000000,departamento,Arriendo,owner_direct
PI-2023-03-000383,portalinmobiliario,La Florida,Metropolitana,450000,12.86,41.6,2023-02-21 00:00:00.000000,2023-03-01 00:00:00.000000,Departamento,arriendo,agency
PI-2023-03-003895,portalinmobiliario,Santiago,Metropolitana,580000,16.57,37.9,2023-03-09 00:00:00.000000,2023-03-22 00:00:00.000000,DEPARTAMENTO,arriendo,agency
PI-2023-03-001811,portalinmobiliario,San Miguel,Metropolitana,635000,18.14,62.7,2023-03-06 00:00:00.000000,2023-03-08 00:00:00.000000,DEPARTAMENTO,Arriendo,owner_direct
PI-2023-03-000523,portalinmobiliario,Providencia,Metropolitana,855000,24.43,34.7,2023-02-05 00:00:00.000000,2023-03-01 00:00:00.000000,DEPARTAMENTO,Arriendo,agency
PI-2023-03-000957,portalinmobiliario,Providencia,Metropolitana,755000,21.57,44.0,2023-02-03 00:00:00.000000,2023-03-01 00:00:00.000000,departamento,arriendo,agency
PI-2023-03-001644,portalinmobiliario,Las Condes,Metropolitana,965000,27.57,52.0,2022-12-07 00:00:00.000000,2023-03-08 00:00:00.000000,departamento,arriendo,agency
PI-2023-03-002574,portalinmobiliario,Quinta Normal,Metropolitana,455000,13.0,52.2,2023-03-01 00:00:00.000000,2023-03-15 00:00:00.000000,DEPARTAMENTO,Arriendo,owner_direct
PI-2023-03-000908,portalinmobiliario,Lo Barnechea,Metropolitana,880000,25.14,54.2,2023-01-27 00:00:00.000000,2023-03-01 00:00:00.000000,departamento,ARRIENDO,agency
PI-2023-03-001368,portalinmobiliario,Las Condes,Metropolitana,1020000,29.14,45.3,2023-03-03 00:00:00.000000,2023-03-08 00:00:00.000000,Departamento,ARRIENDO,agency
PI-2023-03-002675,portalinmobiliario,Vitacura,Metropolitana,865000,24.71,29.7,2023-02-27 00:00:00.000000,2023-03-15 00:00:00.000000,Departamento,ARRIENDO,agency
PI-2023-03-002881,portalinmobiliario,La Reina,Metropolitana,770000,22.0,50.4,2022-11-15 00:00:00.000000,2023-03-15 00:00:00.000000,DEPARTAMENTO,arriendo,owner_direct
PI-2023-03-001794,portalinmobiliario,Las Condes,Metropolitana,1020000,29.14,53.1,2023-02-11 00:00:00.000000,2023-03-08 00:00:00.000000,DEPARTAMENTO,arriendo,agency
PI-2023-03-003768,portalinmobiliario,Las Condes,Metropolitana,930000,26.57,35.1,2023-02-23 00:00:00.000000,2023-03-22 00:00:00.000000,Departamento,arriendo,owner_direct
PI-2023-03-000003,portalinmobiliario,Las Condes,Metropolitana,820000,23.43,36.9,2023-02-09 00:00:00.000000,2023-03-01 00:00:00.000000,Departamento,Arriendo,owner_direct
PI-2023-03-001436,portalinmobiliario,Pudahuel,Metropolitana,480000,13.71,51.8,2023-03-05 00:00:00.000000,2023-03-08 00:00:00.000000,departamento,Arriendo,agency
PI-2023-03-003251,portalinmobiliario,San Miguel,Metropolitana,400000,11.43,24.8,2023-02-21 00:00:00.000000,2023-03-22 00:00:00.000000,DEPARTAMENTO,arriendo,agency
PI-2023-03-004218,portalinmobiliario,Quilicura,Metropolitana,405000,11.57,37.4,2023-02-14 00:00:00.000000,2023-03-29 00:00:00.000000,Departamento,arriendo,owner_direct
PI-2023-03-000413,portalinmobiliario,Maipú,Metropolitana,430000,12.29,54.4,2023-02-14 00:00:00.000000,2023-03-01 00:00:00.000000,DEPARTAMENTO,Arriendo,agency
PI-2023-03-001454,portalinmobiliario,Santiago,Metropolitana,5730000,163.71,49.3,2023-02-17 00:00:00.000000,2023-03-08 00:00:00.000000,Departamento,ARRIENDO,owner_direct
PI-2023-03-001572,portalinmobiliario,Lo Barnechea,Metropolitana,1035000,29.57,78.0,2023-02-07 00:00:00.000000,2023-03-08 00:00:00.000000,departamento,ARRIENDO,agency
PI-2023-03-001496,portalinmobiliario,Ñuñoa,Metropolitana,795000,22.71,45.0,2023-02-03 00:00:00.000000,2023-03-08 00:00:00.000000,departamento,ARRIENDO,agency
PI-2023-03-002793,portalinmobiliario,estación central,Metropolitana,410000,11.71,47.0,2023-02-23 00:00:00.000000,2023-03-15 00:00:00.000000,Departamento,arriendo,agency
PI-2023-03-001990,portalinmobiliario,Macul,Metropolitana,1615000,46.14,63.6,2023-02-25 00:00:00.000000,2023-03-15 00:00:00.000000,DEPARTAMENTO,Arriendo,owner_direct
PI-2023-03-002844,portalinmobiliario,La Cisterna,Metropolitana,465000,13.29,48.1,2023-02-28 00:00:00.000000,2023-03-15 00:00:00.000000,departamento,arriendo,agency
PI-2023-03-001849,portalinmobiliario,La Florida,Metropolitana,525000,15.0,36.0,2022-12-21 00:00:00.000000,2023-03-08 00:00:00.000000,Departamento,arriendo,owner_direct
PI-2023-03-000500,portalinmobiliario,Santiago,Metropolitana,485000,13.86,29.1,2023-01-30 00:00:00.000000,2023-03-01 00:00:00.000000,Departamento,Arriendo,agency
PI-2023-03-004233,portalinmobiliario,Estación Central,Metropolitana,450000,12.86,40.2,2022-10-21 00:00:00.000000,2023-03-29 00:00:00.000000,DEPARTAMENTO,ARRIENDO,owner_direct
PI-2023-03-000492,portalinmobiliario,Huechuraba,Metropolitana,525000,15.0,42.2,2023-02-14 00:00:00.000000,2023-03-01 00:00:00.000000,Departamento,ARRIENDO,agency
PI-2023-03-002782,portalinmobiliario,San Miguel,Metropolitana,500000,14.29,30.1,2023-02-24 00:00:00.000000,2023-03-15 00:00:00.000000,departamento,arriendo,agency
PI-2023-03-000289,portalinmobiliario,Macul,Metropolitana,460000,13.14,30.4,2023-02-01 00:00:00.000000,2023-03-01 00:00:00.000000,Departamento,arriendo,agency
PI-2023-03-002851,portalinmobiliario,San Miguel,Metropolitana,590000,16.86,52.1,2023-01-23 00:00:00.000000,2023-03-15 00:00:00.000000,DEPARTAMENTO,Arriendo,owner_direct
PI-2023-03-003937,portalinmobiliario,Quinta Normal,Metropolitana,460000,13.14,38.1,2023-02-28 00:00:00.000000,2023-03-22 00:00:00.000000,DEPARTAMENTO,ARRIENDO,agency
PI-2023-03-004371,portalinmobiliario,Ñuñoa,Metropolitana,810000,23.14,70.3,2023-02-20 00:00:00.000000,2023-03-29 00:00:00.000000,Departamento,ARRIENDO,owner_direct
PI-2023-03-000395,portalinmobiliario,Estación Central,Metropolitana,475000,13.57,49.8,2023-02-19 00:00:00.000000,2023-03-01 00:00:00.000000,Departamento,ARRIENDO,agency
PI-2023-03-002532,portalinmobiliario,Santiago,Metropolitana,1105000,31.57,133.6,2023-01-26 00:00:00.000000,2023-03-15 00:00:00.000000,Departamento,ARRIENDO,agency
PI-2023-03-001079,portalinmobiliario,Santiago,Metropolitana,590000,16.86,37.5,2023-01-29 00:00:00.000000,2023-03-08 00:00:00.000000,Departamento,arriendo,agency
PI-2023-03-004894,portalinmobiliario,Independencia,Metropolitana,470000,13.43,46.0,2023-03-14 00:00:00.000000,2023-03-29 00:00:00.000000,departamento,arriendo,agency
PI-2023-03-002458,portalinmobiliario,Huechuraba,Metropolitana,575000,16.43,35.8,2023-02-19 00:00:00.000000,2023-03-15 00:00:00.000000,Departamento,Arriendo,agency
PI-2023-03-003899,portalinmobiliario,Las Condes,Metropolitana,835000,23.86,54.6,2023-03-02 00:00:00.000000,2023-03-22 00:00:00.000000,DEPARTAMENTO,arriendo,agency
PI-2023-03-003955,portalinmobiliario,La Florida,Metropolitana,570000,16.29,37.4,2022-12-17 00:00:00.000000,2023-03-22 00:00:00.000000,DEPARTAMENTO,ARRIENDO,agency
PI-2023-03-003583,portalinmobiliario,Lo Barnechea,Metropolitana,860000,24.57,36.9,2023-02-01 00:00:00.000000,2023-03-22 00:00:00.000000,DEPARTAMENTO,ARRIENDO,agency
PI-2023-03-003077,portalinmobiliario,Ñuñoa,Metropolitana,720000,20.57,46.7,2023-01-02 00:00:00.000000,2023-03-22 00:00:00.000000,Departamento,Arriendo,owner_direct
PI-2023-03-003535,portalinmobiliario,Las Condes,Metropolitana,1230000,35.14,74.4,2023-03-03 00:00:00.000000,2023-03-22 00:00:00.000000,Departamento,arriendo,agency
PI-2023-03-004620,portalinmobiliario,Cerrillos,Metropolitana,495000,14.14,53.1,2023-03-13 00:00:00.000000,2023-03-29 00:00:00.000000,DEPARTAMENTO,ARRIENDO,agency
PI-2023-03-004158,portalinmobiliario,Macul,Metropolitana,555000,15.86,48.4,2023-02-05 00:00:00.000000,2023-03-29 00:00:00.000000,departamento,Arriendo,agency
PI-2023-03-000917,portalinmobiliario,San Miguel,Metropolitana,570000,16.29,64.7,2023-01-07 00:00:00.000000,2023-03-01 00:00:00.000000,departamento,Arriendo,agency
PI-2023-03-000733,portalinmobiliario,San Joaquín,Metropolitana,435000,12.43,45.9,2022-11-27 00:00:00.000000,2023-03-01 00:00:00.000000,Departamento,Arriendo,agency
PI-2023-03-002526,portalinmobiliario,Santiago,Metropolitana,610000,17.43,61.3,2023-02-17 00:00:00.000000,2023-03-15 00:00:00.000000,departamento,arriendo,agency
PI-2023-03-001683,portalinmobiliario,MACUL,Metropolitana,625000,17.86,48.5,2023-03-06 00:00:00.000000,2023-03-08 00:00:00.000000,departamento,ARRIENDO,owner_direct
PI-2023-03-003607,portalinmobiliario,Santiago,Metropolitana,720000,20.57,81.9,2023-02-15 00:00:00.000000,2023-03-22 00:00:00.000000,departamento,ARRIENDO,agency
PI-2023-03-004210,portalinmobiliario,Recoleta,Metropolitana,445000,12.71,41.9,2023-02-26 00:00:00.000000,2023-03-29 00:00:00.000000,Departamento,ARRIENDO,owner_direct
PI-2023-03-004596,portalinmobiliario,San Joaquín,Metropolitana,530000,15.14,44.1,2023-02-17 00:00:00.000000,2023-03-29 00:00:00.000000,DEPARTAMENTO,Arriendo,owner_direct
PI-2023-03-003254,portalinmobiliario,Recoleta,Metropolitana,490000,14.0,55.9,2023-02-24 00:00:00.000000,2023-03-22 00:00:00.000000,Departamento,Arriendo,agency
PI-2023-03-001370,portalinmobiliario,La Reina,Metropolitana,590000,16.86,32.7,2023-02-28 00:00:00.000000,2023-03-08 00:00:00.000000,DEPARTAMENTO,ARRIENDO,agency
PI-2023-03-002653,portalinmobiliario,San Joaquín,Metropolitana,400000,11.43,47.0,2023-02-26 00:00:00.000000,2023-03-15 00:00:00.000000,Departamento,ARRIENDO,agency
PI-2023-03-004217,portalinmobiliario,Quinta Normal,Metropolitana,695000,19.86,103.0,2023-02-06 00:00:00.000000,2023-03-29 00:00:00.000000,DEPARTAMENTO,arriendo,owner_direct
PI-2023-03-003245,portalinmobiliario,San Miguel,Metropolitana,455000,13.0,36.7,2023-02-14 00:00:00.000000,2023-03-22 00:00:00.000000,DEPARTAMENTO,Arriendo,owner_direct
PI-2023-03-004886,portalinmobiliario,Lo Barnechea,Metropolitana,865000,24.71,37.5,2023-03-23 00:00:00.000000,2023-03-29 00:00:00.000000,DEPARTAMENTO,arriendo,agency
PI-2023-03-001432,portalinmobiliario,San Miguel,Metropolitana,615000,17.57,50.5,2023-01-28 00:00:00.000000,2023-03-08 00:00:00.000000,Departamento,arriendo,agency
PI-2023-03-003635,portalinmobiliario,Huechuraba,Metropolitana,1025000,29.29,85.9,2023-03-06 00:00:00.000000,2023-03-22 00:00:00.000000,departamento,Arriendo,agency
PI-2023-03-003451,portalinmobiliario,Ñuñoa,Metropolitana,675000,19.29,49.1,2023-01-23 00:00:00.000000,2023-03-22 00:00:00.000000,Departamento,ARRIENDO,agency
PI-2023-03-005299,portalinmobiliario,San Miguel,Metropolitana,475000,13.57,35.6,2023-02-10 00:00:00.000000,2023-03-29 00:00:00.000000,departamento,arriendo,agency
PI-2023-03-005246,portalinmobiliario,Macul,Metropolitana,515000,14.71,28.0,2023-02-08 00:00:00.000000,2023-03-29 00:00:00.000000,DEPARTAMENTO,Arriendo,agency
PI-2023-03-004942,portalinmobiliario,Maipú,Metropolitana,360000,10.29,41.5,2023-03-19 00:00:00.000000,2023-03-29 00:00:00.000000,departamento,ARRIENDO,agency
PI-2023-03-001882,portalinmobiliario,Quinta Normal,Metropolitana,400000,11.43,28.6,2023-02-24 00:00:00.000000,2023-03-08 00:00:00.000000,DEPARTAMENTO,arriendo,agency
PI-2023-03-003114,portalinmobiliario,Santiago,Metropolitana,530000,15.14,42.0,2023-02-10 00:00:00.000000,2023-03-22 00:00:00.000000,DEPARTAMENTO,Arriendo,agency
PI-2023-03-003287,portalinmobiliario,Santiago,Metropolitana,610000,17.43,55.8,2022-10-14 00:00:00.000000,2023-03-22 00:00:00.000000,DEPARTAMENTO,ARRIENDO,agency
PI-2023-03-003821,portalinmobiliario,Quilicura,Metropolitana,575000,16.43,70.6,2023-03-18 00:00:00.000000,2023-03-22 00:00:00.000000,DEPARTAMENTO,ARRIENDO,agency
PI-2023-03-001816,portalinmobiliario,Quilicura,Metropolitana,650000,18.57,75.1,2023-01-19 00:00:00.000000,2023-03-08 00:00:00.000000,departamento,arriendo,agency
PI-2023-03-000504,portalinmobiliario,Independencia,Metropolitana,595000,17.0,61.0,2023-02-10 00:00:00.000000,2023-03-01 00:00:00.000000,departamento,ARRIENDO,agency
PI-2023-03-005195,portalinmobiliario,Puente Alto,Metropolitana,385000,11.0,32.2,2023-02-24 00:00:00.000000,2023-03-29 00:00:00.000000,DEPARTAMENTO,ARRIENDO,agency
PI-2023-03-002945,portalinmobiliario,Estación Central,Metropolitana,460000,13.14,32.8,2023-01-28 00:00:00.000000,2023-03-15 00:00:00.000000,departamento,Arriendo,agency
PI-2023-03-001685,portalinmobiliario,Independencia,Metropolitana,435000,12.43,52.6,2023-03-02 00:00:00.000000,2023-03-08 00:00:00.000000,Departamento,ARRIENDO,agency
PI-2023-03-002448,portalinmobiliario,Puente Alto,Metropolitana,420000,12.0,55.9,2023-02-23 00:00:00.000000,2023-03-15 00:00:00.000000,Departamento,Arriendo,agency
PI-2023-03-001701,portalinmobiliario,Puente Alto,Metropolitana,640000,18.29,81.9,2023-02-06 00:00:00.000000,2023-03-08 00:00:00.000000,DEPARTAMENTO,arriendo,agency
PI-2023-03-001854,portalinmobiliario,Pudahuel,Metropolitana,445000,12.71,53.0,2023-01-26 00:00:00.000000,2023-03-08 00:00:00.000000,departamento,ARRIENDO,owner_direct
PI-2023-03-000199,portalinmobiliario,Quinta Normal,Metropolitana,550000,15.71,51.9,2023-01-30 00:00:00.000000,2023-03-01 00:00:00.000000,departamento,Arriendo,agency
PI-2023-03-002272,portalinmobiliario,Estación Central,Metropolitana,410000,11.71,29.9,2023-03-01 00:00:00.000000,2023-03-15 00:00:00.000000,departamento,Arriendo,owner_direct
PI-2023-03-001589,portalinmobiliario,La Florida ,Metropolitana,480000,13.71,43.8,2022-12-29 00:00:00.000000,2023-03-08 00:00:00.000000,departamento,ARRIENDO,owner_direct
PI-2023-03-003506,portalinmobiliario,Estación Central,Metropolitana,570000,16.29,65.4,2023-03-14 00:00:00.000000,2023-03-22 00:00:00.000000,Departamento,Arriendo,agency
PI-2023-03-003828,portalinmobiliario,Quinta Normal,Metropolitana,590000,16.86,53.9,2023-02-20 00:00:00.000000,2023-03-22 00:00:00.000000,departamento,ARRIENDO,owner_direct
PI-2023-03-001796,portalinmobiliario,Estación Central,Metropolitana,470000,13.43,38.7,2023-01-16 00:00:00.000000,2023-03-08 00:00:00.000000,Departamento,arriendo,owner_direct
PI-2023-03-000067,portalinmobiliario,Ñuñoa,Metropolitana,645000,18.43,38.6,2023-02-18 00:00:00.000000,2023-03-01 00:00:00.000000,departamento,ARRIENDO,agency
PI-2023-03-003105,portalinmobiliario,Pudahuel,Metropolitana,420000,12.0,32.0,2023-03-01 00:00:00.000000,2023-03-22 00:00:00.000000,Departamento,ARRIENDO,agency
PI-2023-03-004778,portalinmobiliario,Las Condes,Metropolitana,755000,21.57,33.8,2023-03-01 00:00:00.000000,2023-03-29 00:00:00.000000,DEPARTAMENTO,Arriendo,agency
PI-2023-03-005197,portalinmobiliario,Las Condes,Metropolitana,1170000,33.43,75.8,2023-03-22 00:00:00.000000,2023-03-29 00:00:00.000000,departamento,arriendo,agency
PI-2023-03-001350,portalinmobiliario,Independencia,Metropolitana,370000,10.57,27.0,2023-03-02 00:00:00.000000,2023-03-08 00:00:00.000000,Departamento,Arriendo,owner_direct
PI-2023-03-004972,portalinmobiliario,Puente Alto,Metropolitana,375000,10.71,48.5,2023-03-20 00:00:00.000000,2023-03-29 00:00:00.000000,DEPARTAMENTO,arriendo,agency
PI-2023-03-000720,portalinmobiliario,Santiago,Metropolitana,580000,16.57,32.7,2022-12-08 00:00:00.000000,2023-03-01 00:00:00.000000,DEPARTAMENTO,arriendo,agency
PI-2023-03-000542,portalinmobiliario,Las Condes,Metropolitana,945000,27.0,38.1,2023-02-14 00:00:00.000000,2023-03-01 00:00:00.000000,departamento,ARRIENDO,agency
PI-2023-03-000144,portalinmobiliario,Santiago,Metropolitana,1030000,29.43,102.8,2023-01-27 00:00:00.000000,2023-03-01 00:00:00.000000,Departamento,Arriendo,agency
PI-2023-03-001139,portalinmobiliario,Las Condes,Metropolitana,1945000,55.57,131.8,2022-12-23 00:00:00.000000,2023-03-08 00:00:00.000000,departamento,Arriendo,agency
PI-2023-03-003139,portalinmobiliario,Lo Barnechea,Metropolitana,735000,21.0,36.8,2022-12-28 00:00:00.000000,2023-03-22 00:00:00.000000,DEPARTAMENTO,ARRIENDO,agency
PI-2023-03-005044,portalinmobiliario, Quilicura,Metropolitana,845000,24.14,137.5,2022-08-28 00:00:00.000000,2023-03-29 00:00:00.000000,Departamento,arriendo,agency
PI-2023-03-001392,portalinmobiliario,Santiago,Metropolitana,605000,17.29,47.7,2023-02-03 00:00:00.000000,2023-03-08 00:00:00.000000,Departamento,arriendo,agency
PI-2023-03-004159,portalinmobiliario,Las Condes,Metropolitana,1005000,28.71,41.5,2023-03-23 00:00:00.000000,2023-03-29 00:00:00.000000,DEPARTAMENTO,Arriendo,agency
PI-2023-03-002454,portalinmobiliario,Vitacura,Metropolitana,935000,26.71,27.4,2023-02-19 00:00:00.000000,2023-03-15 00:00:00.000000,Departamento,Arriendo,agency
PI-2023-03-005025,portalinmobiliario,Cerrillos,Metropolitana,670000,19.14,70.0,2022-12-25 00:00:00.000000,2023-03-29 00:00:00.000000,DEPARTAMENTO,Arriendo,agency
PI-2023-03-004291,portalinmobiliario,Providencia,Metropolitana,585000,16.71,21.6,2023-02-25 00:00:00.000000,2023-03-29 00:00:00.000000,Departamento,Arriendo,agency
PI-2023-03-003957,portalinmobiliario,La Reina,Metropolitana,1030000,29.43,66.9,2023-03-05 00:00:00.000000,2023-03-22 00:00:00.000000,Departamento,Arriendo,agency
PI-2023-03-003229,portalinmobiliario,Las Condes,Metropolitana,930000,26.57,46.9,2023-01-26 00:00:00.000000,2023-03-22 00:00:00.000000,departamento,arriendo,owner_direct
PI-2023-03-001146,portalinmobiliario,Estación Central,Metropolitana,510000,14.57,44.1,2023-01-08 00:00:00.000000,2023-03-08 00:00:00.000000,DEPARTAMENTO,ARRIENDO,owner_direct
PI-2023-03-004497,portalinmobiliario,Lo Barnechea,Metropolitana,755000,21.57,49.9,2023-03-20 00:00:00.000000,2023-03-29 00:00:00.000000,DEPARTAMENTO,ARRIENDO,owner_direct
PI-2023-03-001341,portalinmobiliario,San Joaquín ,Metropolitana,510000,14.57,50.8,2023-02-14 00:00:00.000000,2023-03-08 00:00:00.000000,departamento,Arriendo,agency
PI-2023-03-004152,portalinmobiliario,Huechuraba,Metropolitana,500000,14.29,32.0,2023-02-01 00:00:00.000000,2023-03-29 00:00:00.000000,departamento,Arriendo,owner_direct
PI-2023-03-001087,portalinmobiliario,Santiago,Metropolitana,425000,12.14,26.4,2023-03-01 00:00:00.000000,2023-03-08 00:00:00.000000,Departamento,ARRIENDO,agency
PI-2023-03-003713,portalinmobiliario,Macul,Metropolitana,750000,21.43,78.2,2023-01-07 00:00:00.000000,2023-03-22 00:00:00.000000,Departamento,ARRIENDO,owner_direct
PI-2023-03-002633,portalinmobiliario,Providencia,Metropolitana,1050000,30.0,54.4,2022-12-17 00:00:00.000000,2023-03-15 00:00:00.000000,DEPARTAMENTO,arriendo,agency
PI-2023-03-005178,portalinmobiliario,Maipú,Metropolitana,600000,17.14,90.6,2023-03-14 00:00:00.000000,2023-03-29 00:00:00.000000,departamento,Arriendo,owner_direct
PI-2023-03-005168,portalinmobiliario,Pudahuel,Metropolitana,405000,11.57,40.4,2023-03-09 00:00:00.000000,2023-03-29 00:00:00.000000,DEPARTAMENTO,ARRIENDO,agency
PI-2023-03-001703,portalinmobiliario,Huechuraba,Metropolitana,700000,20.0,54.8,2023-02-27 00:00:00.000000,2023-03-08 00:00:00.000000,departamento,ARRIENDO,agency
PI-2023-03-001632,portalinmobiliario,Estación Central,Metropolitana,520000,14.86,61.9,2023-02-23 00:00:00.000000,2023-03-08 00:00:00.000000,DEPARTAMENTO,arriendo,owner_direct
PI-2023-03-003220,portalinmobiliario,Macul,Metropolitana,445000,12.71,33.2,2023-03-03 00:00:00.000000,2023-03-22 00:00:00.000000,DEPARTAMENTO,arriendo,agency
PI-2023-03-004572,portalinmobiliario,Vitacura,Metropolitana,1045000,29.86,50.2,2023-02-16 00:00:00.000000,2023-03-29 00:00:00.000000,Departamento,Arriendo,owner_direct
PI-2023-03-003003,portalinmobiliario,Independencia,Metropolitana,720000,20.57,68.6,2023-02-18 00:00:00.000000,2023-03-22 00:00:00.000000,DEPARTAMENTO,ARRIENDO,agency
PI-2023-03-001180,portalinmobiliario,Las Condes,Metropolitana,1055000,30.14,59.4,2023-03-04 00:00:00.000000,2023-03-08 00:00:00.000000,Departamento,arriendo,agency
PI-2023-03-002155,portalinmobiliario,Huechuraba,Metropolitana,620000,17.71,53.5,2023-02-07 00:00:00.000000,2023-03-15 00:00:00.000000,Departamento,ARRIENDO,agency
PI-2023-03-004186,portalinmobiliario,Macul,Metropolitana,515000,14.71,50.9,2023-02-24 00:00:00.000000,2023-03-29 00:00:00.000000,Departamento,Arriendo,agency
PI-2023-03-002785,portalinmobiliario,La Florida,Metropolitana,475000,13.57,48.7,2023-01-15 00:00:00.000000,2023-03-15 00:00:00.000000,Departamento,ARRIENDO,agency
PI-2023-03-002729,portalinmobiliario,La Reina,Metropolitana,945000,27.0,63.0,2023-02-21 00:00:00.000000,2023-03-15 00:00:00.000000,DEPARTAMENTO,ARRIENDO,owner_direct
PI-2023-03-000087,portalinmobiliario,Maipú,Metropolitana,470000,13.43,51.3,2023-01-05 00:00:00.000000,2023-03-01 00:00:00.000000,DEPARTAMENTO,ARRIENDO,owner_direct
PI-2023-03-002660,portalinmobiliario,Providencia,Metropolitana,795000,22.71,45.7,2023-02-17 00:00:00.000000,2023-03-15 00:00:00.000000,DEPARTAMENTO,ARRIENDO,agency
PI-2023-03-004450,portalinmobiliario,La Cisterna,Metropolitana,570000,16.29,50.7,2023-03-18 00:00:00.000000,2023-03-29 00:00:00.000000,Departamento,arriendo,agency
PI-2023-03-001637,portalinmobiliario,Conchalí,Metropolitana,340000,9.71,32.0,2023-02-19 00:00:00.000000,2023-03-08 00:00:00.000000,departamento,ARRIENDO,owner_direct
PI-2023-03-004394,portalinmobiliario,San Miguel,Metropolitana,4005000,114.43,24.4,2023-03-23 00:00:00.000000,2023-03-29 00:00:00.000000,departamento,Arriendo,agency
PI-2023-03-002516,portalinmobiliario,Santiago,Metropolitana,490000,14.0,57.9,2023-02-13 00:00:00.000000,2023-03-15 00:00:00.000000,Departamento,ARRIENDO,agency
PI-2023-03-002989,portalinmobiliario,La Florida,Metropolitana,555000,15.86,53.1,2023-02-25 00:00:00.000000,2023-03-22 00:00:00.000000,Departamento,Arriendo,agency
PI-2023-03-005357,portalinmobiliario,Providencia,Metropolitana,710000,20.29,23.8,2023-03-06 00:00:00.000000,2023-03-29 00:00:00.000000,departamento,arriendo,owner_direct
PI-2023-03-002727,portalinmobiliario,Ñuñoa,Metropolitana,820000,23.43,45.2,2023-02-19 00:00:00.000000,2023-03-15 00:00:00.000000,departamento,Arriendo,agency
PI-2023-03-005332,portalinmobiliario,Independencia,Metropolitana,425000,12.14,46.2,2023-02-11 00:00:00.000000,2023-03-29 00:00:00.000000,Departamento,arriendo,agency
PI-2023-03-004683,portalinmobiliario,Ñuñoa,Metropolitana,705000,20.14,53.8,2023-02-12 00:00:00.000000,2023-03-29 00:00:00.000000,departamento,ARRIENDO,owner_direct
PI-2023-03-000789,portalinmobiliario,Macul,Metropolitana,655000,18.71,66.9,2023-02-02 00:00:00.000000,2023-03-01 00:00:00.000000,departamento,Arriendo,agency
PI-2023-03-002862,portalinmobiliario,Conchalí,Metropolitana,395000,11.29,46.3,2023-01-25 00:00:00.000000,2023-03-15 00:00:00.000000,departamento,arriendo,owner_direct
PI-2023-03-002127,portalinmobiliario,Quilicura,Metropolitana,470000,13.43,52.8,2023-03-07 00:00:00.000000,2023-03-15 00:00:00.000000,DEPARTAMENTO,arriendo,owner_direct
PI-2023-03-000384,portalinmobiliario,Santiago,Metropolitana,555000,15.86,61.9,2023-01-22 00:00:00.000000,2023-03-01 00:00:00.000000,DEPARTAMENTO,ARRIENDO,agency
PI-2023-03-002573,portalinmobiliario,Providencia,Metropolitana,1400000,40.0,96.4,2023-02-15 00:00:00.000000,2023-03-15 00:00:00.000000,Departamento,Arriendo,agency
PI-2023-03-003863,portalinmobiliario,Providencia,Metropolitana,745000,21.29,34.1,2023-02-19 00:00:00.000000,2023-03-22 00:00:00.000000,DEPARTAMENTO,ARRIENDO,agency
PI-2023-03-000732,portalinmobiliario,San Miguel,Metropolitana,575000,16.43,44.8,2023-02-27 00:00:00.000000,2023-03-01 00:00:00.000000,departamento,Arriendo,agency
PI-2023-03-004841,portalinmobiliario,Recoleta,Metropolitana,425000,12.14,42.4,2023-03-08 00:00:00.000000,2023-03-29 00:00:00.000000,departamento,Arriendo,agency
PI-2023-03-003982,portalinmobiliario,Maipú,Metropolitana,590000,16.86,62.3,2022-10-20 00:00:00.000000,2023-03-22 00:00:00.000000,Departamento,arriendo,agency
PI-2023-03-004946,portalinmobiliario,Providencia,Metropolitana,790000,22.57,36.3,2023-03-15 00:00:00.000000,2023-03-29 00:00:00.000000,Departamento,ARRIENDO,owner_direct
PI-2023-03-001823,portalinmobiliario,San Miguel,Metropolitana,790000,22.57,79.0,2023-03-06 00:00:00.000000,2023-03-08 00:00:00.000000,Departamento,Arriendo,agency
PI-2023-03-004823,portalinmobiliario,Estación Central,Metropolitana,705000,20.14,83.4,2023-01-04 00:00:00.000000,2023-03-29 00:00:00.000000,DEPARTAMENTO,arriendo,agency
PI-2023-03-003472,portalinmobiliario,Peñalolén,Metropolitana,450000,12.86,29.8,2023-03-09 00:00:00.000000,2023-03-22 00:00:00.000000,departamento,ARRIENDO,agency
PI-2023-03-001117,portalinmobiliario,Recoleta,Metropolitana,565000,16.14,56.5,2023-02-27 00:00:00.000000,2023-03-08 00:00:00.000000,departamento,arriendo,agency
PI-2023-03-000828,portalinmobiliario,La Florida,Metropolitana,545000,15.57,49.8,2023-01-20 00:00:00.000000,2023-03-01 00:00:00.000000,departamento,Arriendo,owner_direct
PI-2023-03-003527,portalinmobiliario,Conchalí,Metropolitana,6035000,172.43,67.0,2023-01-29 00:00:00.000000,2023-03-22 00:00:00.000000,DEPARTAMENTO,ARRIENDO,agency
PI-2023-03-001352,portalinmobiliario,Quinta Normal,Metropolitana,850000,24.29,84.9,2023-01-05 00:00:00.000000,2023-03-08 00:00:00.000000,departamento,Arriendo,agency
PI-2023-03-000327,portalinmobiliario,Independencia,Metropolitana,425000,12.14,48.1,2023-01-21 00:00:00.000000,2023-03-01 00:00:00.000000,Departamento,arriendo,agency
PI-2023-03-004807,portalinmobiliario,Estación Central,Metropolitana,780000,22.29,73.4,2023-02-21 00:00:00.000000,2023-03-29 00:00:00.000000,DEPARTAMENTO,arriendo,agency
PI-2023-03-003090,portalinmobiliario,Providencia,Metropolitana,695000,19.86,31.4,2023-03-03 00:00:00.000000,2023-03-22 00:00:00.000000,Departamento,arriendo,agency
PI-2023-03-003771,portalinmobiliario,Maipú,Metropolitana,350000,10.0,34.9,2023-03-13 00:00:00.000000,2023-03-22 00:00:00.000000,Departamento,Arriendo,agency
PI-2023-03-001880,portalinmobiliario,Maipú,Metropolitana,500000,14.29,56.8,2023-02-03 00:00:00.000000,2023-03-08 00:00:00.000000,Departamento,arriendo,agency
PI-2023-03-005072,portalinmobiliario,Ñuñoa,Metropolitana,945000,27.0,68.2,2023-03-14 00:00:00.000000,2023-03-29 00:00:00.000000,departamento,Arriendo,agency
PI-2023-03-000341,portalinmobiliario,La Florida,Metropolitana,585000,16.71,43.2,2023-02-07 00:00:00.000000,2023-03-01 00:00:00.000000,departamento,Arriendo,agency
PI-2023-03-000107,portalinmobiliario,Peñalolén,Metropolitana,745000,21.29,82.9,2023-02-14 00:00:00.000000,2023-03-01 00:00:00.000000,Departamento,arriendo,owner_direct
PI-2023-03-003708,portalinmobiliario,Providencia,Metropolitana,1960000,56.0,138.9,2023-02-17 00:00:00.000000,2023-03-22 00:00:00.000000,DEPARTAMENTO,arriendo,owner_direct
PI-2023-03-001979,portalinmobiliario,Ñuñoa,Metropolitana,565000,16.14,20.0,2023-03-06 00:00:00.000000,2023-03-15 00:00:00.000000,Departamento,Arriendo,agency
PI-2023-03-001085,portalinmobiliario,La Cisterna,Metropolitana,535000,15.29,61.2,2023-03-02 00:00:00.000000,2023-03-08 00:00:00.000000,Departamento,ARRIENDO,agency
PI-2023-03-003127,portalinmobiliario,Santiago,Metropolitana,1000000,28.57,116.8,2023-03-16 00:00:00.000000,2023-03-22 00:00:00.000000,DEPARTAMENTO,ARRIENDO,owner_direct
PI-2023-03-002323,portalinmobiliario,Santiago,Metropolitana,660000,18.86,52.0,2023-02-12 00:00:00.000000,2023-03-15 00:00:00.000000,Departamento,Arriendo,owner_direct
PI-2023-03-002518,portalinmobiliario,Providencia,Metropolitana,1375000,39.29,84.5,2023-02-06 00:00:00.000000,2023-03-15 00:00:00.000000,Departamento,Arriendo,owner_direct
PI-2023-03-004757,portalinmobiliario,Maipú,Metropolitana,530000,15.14,61.3,2022-11-18 00:00:00.000000,2023-03-29 00:00:00.000000,Departamento,Arriendo,agency
PI-2023-03-001598,portalinmobiliario,Estación Central,Metropolitana,555000,15.86,47.7,2023-02-14 00:00:00.000000,2023-03-08 00:00:00.000000,Departamento,arriendo,agency
PI-2023-03-001130,portalinmobiliario,Renca,Metropolitana,425000,12.14,38.0,2023-03-02 00:00:00.000000,2023-03-08 00:00:00.000000,DEPARTAMENTO,Arriendo,agency
PI-2023-03-002619,portalinmobiliario,Maipú,Metropolitana,610000,17.43,68.4,2023-02-11 00:00:00.000000,2023-03-15 00:00:00.000000,Departamento,arriendo,agency
PI-2023-03-003063,portalinmobiliario,Santiago,Metropolitana,680000,19.43,55.7,2023-02-07 00:00:00.000000,2023-03-22 00:00:00.000000,departamento,Arriendo,owner_direct
PI-2023-03-004248,portalinmobiliario,Providencia,Metropolitana,1485000,42.43,94.6,2023-02-15 00:00:00.000000,2023-03-29 00:00:00.000000,departamento,Arriendo,owner_direct
PI-2023-03-000358,portalinmobiliario,PUDAHUEL,Metropolitana,300000,8.57,22.7,2023-02-26 00:00:00.000000,2023-03-01 00:00:00.000000,DEPARTAMENTO,Arriendo,owner_direct
PI-2023-03-004848,portalinmobiliario,Huechuraba,Metropolitana,655000,18.71,50.7,2023-02-04 00:00:00.000000,2023-03-29 00:00:00.000000,DEPARTAMENTO,ARRIENDO,agency
PI-2023-03-001487,portalinmobiliario,Puente Alto,Metropolitana,435000,12.43,51.8,2023-03-03 00:00:00.000000,2023-03-08 00:00:00.000000,departamento,Arriendo,agency
PI-2023-03-003889,portalinmobiliario,Cerrillos,Metropolitana,465000,13.29,44.1,2023-02-03 00:00:00.000000,2023-03-22 00:00:00.000000,Departamento,ARRIENDO,owner_direct
PI-2023-03-003353,portalinmobiliario,Providencia,Metropolitana,750000,21.43,33.5,2023-01-02 00:00:00.000000,2023-03-22 00:00:00.000000,departamento,ARRIENDO,agency
PI-2023-03-003706,portalinmobiliario,Santiago,Metropolitana,1385000,39.57,130.7,2022-11-26 00:00:00.000000,2023-03-22 00:00:00.000000,DEPARTAMENTO,Arriendo,owner_direct
PI-2023-03-002178,portalinmobiliario,La Florida,Metropolitana,830000,23.71,115.2,2023-02-12 00:00:00.000000,2023-03-15 00:00:00.000000,departamento,ARRIENDO,agency
PI-2023-03-004206,portalinmobiliario,Santiago,Metropolitana,650000,18.57,59.6,2023-02-14 00:00:00.000000,2023-03-29 00:00:00.000000,DEPARTAMENTO,ARRIENDO,agency
PI-2023-03-003924,portalinmobiliario,Quinta Normal,Metropolitana,425000,12.14,36.8,2023-02-27 00:00:00.000000,2023-03-22 00:00:00.000000,DEPARTAMENTO,ARRIENDO,agency
PI-2023-03-004832,portalinmobiliario,Estación Central,Metropolitana,515000,14.71,55.9,2023-03-20 00:00:00.000000,2023-03-29 00:00:00.000000,departamento,arriendo,owner_direct
PI-2023-03-005275,portalinmobiliario,Estación Central,Metropolitana,525000,15.0,58.9,2023-02-25 00:00:00.000000,2023-03-29 00:00:00.000000,DEPARTAMENTO,ARRIENDO,agency
PI-2023-03-002600,portalinmobiliario,Macul,Metropolitana,520000,14.86,35.5,2023-02-27 00:00:00.000000,2023-03-15 00:00:00.000000,departamento,ARRIENDO,owner_direct
PI-2023-03-004359,portalinmobiliario,Ñuñoa,Metropolitana,685000,19.57,35.5,2023-02-23 00:00:00.000000,2023-03-29 00:00:00.000000,DEPARTAMENTO,ARRIENDO,agency
PI-2023-03-000642,portalinmobiliario,Ñuñoa,Metropolitana,755000,21.57,60.4,2023-02-26 00:00:00.000000,2023-03-01 00:00:00.000000,DEPARTAMENTO,ARRIENDO,owner_direct
PI-2023-03-001279,portalinmobiliario,CONCHALÍ,Metropolitana,340000,9.71,33.5,2023-02-11 00:00:00.000000,2023-03-08 00:00:00.000000,DEPARTAMENTO,arriendo,agency
PI-2023-03-002626,portalinmobiliario,Santiago,Metropolitana,500000,14.29,33.7,2023-02-14 00:00:00.000000,2023-03-15 00:00:00.000000,DEPARTAMENTO,arriendo,owner_direct
PI-2023-03-005020,portalinmobiliario,Quinta Normal,Metropolitana,425000,12.14,36.9,2023-03-01 00:00:00.000000,2023-03-29 00:00:00.000000,departamento,arriendo,owner_direct
PI-2023-03-002142,portalinmobiliario,Cerrillos,Metropolitana,570000,16.29,56.5,2023-02-25 00:00:00.000000,2023-03-15 00:00:00.000000,departamento,Arriendo,owner_direct
PI-2023-03-001111,portalinmobiliario,Las Condes,Metropolitana,1120000,32.0,45.9,2023-02-07 00:00:00.000000,2023-03-08 00:00:00.000000,Departamento,arriendo,owner_direct
PI-2023-03-002291,portalinmobiliario,Independencia,Metropolitana,375000,10.71,33.0,2023-01-01 00:00:00.000000,2023-03-15 00:00:00.000000,departamento,arriendo,agency
PI-2023-03-000894,portalinmobiliario,Independencia,Metropolitana,765000,21.86,94.3,2023-02-12 00:00:00.000000,2023-03-01 00:00:00.000000,departamento,arriendo,agency
PI-2023-03-001784,portalinmobiliario,La Reina,Metropolitana,880000,25.14,47.6,2023-02-05 00:00:00.000000,2023-03-08 00:00:00.000000,DEPARTAMENTO,ARRIENDO,owner_direct
PI-2023-03-003277,portalinmobiliario,La Florida,Metropolitana,405000,11.57,34.8,2023-02-25 00:00:00.000000,2023-03-22 00:00:00.000000,DEPARTAMENTO,ARRIENDO,agency
PI-2023-03-005194,portalinmobiliario,Santiago,Metropolitana,535000,15.29,35.7,2023-03-14 00:00:00.000000,2023-03-29 00:00:00.000000,departamento,arriendo,owner_direct
PI-2023-03-003202,portalinmobiliario,Independencia,Metropolitana,2010000,57.43,53.4,2023-03-07 00:00:00.000000,2023-03-22 00:00:00.000000,Departamento,Arriendo,agency
PI-2023-03-004945,portalinmobiliario,LA REINA,Metropolitana,690000,19.71,41.8,2023-03-01 00:00:00.000000,2023-03-29 00:00:00.000000,DEPARTAMENTO,arriendo,owner_direct
PI-2023-03-004185,portalinmobiliario,Santiago,Metropolitana,500000,14.29,35.9,2023-01-20 00:00:00.000000,2023-03-29 00:00:00.000000,Departamento,arriendo,agency
PI-2023-03-003873,portalinmobiliario,La Florida,Metropolitana,535000,15.29,48.3,2023-01-16 00:00:00.000000,2023-03-22 00:00:00.000000,DEPARTAMENTO,Arriendo,agency
PI-2023-03-003546,portalinmobiliario,Providencia,Metropolitana,1200000,34.29,70.3,2023-01-30 00:00:00.000000,2023-03-22 00:00:00.000000,DEPARTAMENTO,Arriendo,owner_direct
PI-2023-03-000352,portalinmobiliario,Peñalolén,Metropolitana,930000,26.57,87.7,2022-12-28 00:00:00.000000,2023-03-01 00:00:00.000000,Departamento,Arriendo,agency
PI-2023-03-003180,portalinmobiliario,Providencia,Metropolitana,5065000,144.71,400.0,2023-02-24 00:00:00.000000,2023-03-22 00:00:00.000000,Departamento,arriendo,agency
PI-2023-03-003698,portalinmobiliario,San Miguel,Metropolitana,700000,20.0,51.1,2023-02-18 00:00:00.000000,2023-03-22 00:00:00.000000,departamento,arriendo,agency
PI-2023-03-003965,portalinmobiliario,Santiago,Metropolitana,660000,18.86,59.7,2023-03-07 00:00:00.000000,2023-03-22 00:00:00.000000,Departamento,arriendo,agency
PI-2023-03-001932,portalinmobiliario,San Joaquín,Metropolitana,445000,12.71,38.5,2023-03-07 00:00:00.000000,2023-03-15 00:00:00.000000,Departamento,arriendo,agency
PI-2023-03-001248,portalinmobiliario,Ñuñoa,Metropolitana,1000000,28.57,97.4,2023-01-23 00:00:00.000000,2023-03-08 00:00:00.000000,departamento,ARRIENDO,agency
PI-2023-03-004298,portalinmobiliario,Macul,Metropolitana,560000,16.0,40.5,2023-03-15 00:00:00.000000,2023-03-29 00:00:00.000000,Departamento,ARRIENDO,owner_direct
PI-2023-03-002528,portalinmobiliario,Estación Central,Metropolitana,310000,8.86,21.0,2023-02-25 00:00:00.000000,2023-03-15 00:00:00.000000,DEPARTAMENTO,Arriendo,agency
PI-2023-03-001100,portalinmobiliario,Providencia,Metropolitana,860000,24.57,47.3,2023-01-29 00:00:00.000000,2023-03-08 00:00:00.000000,departamento,arriendo,agency
PI-2023-03-004340,portalinmobiliario,Providencia,Metropolitana,1080000,30.86,44.5,2023-02-26 00:00:00.000000,2023-03-29 00:00:00.000000,departamento,ARRIENDO,agency
PI-2023-03-001330,portalinmobiliario,Puente Alto,Metropolitana,425000,12.14,41.5,2023-02-10 00:00:00.000000,2023-03-08 00:00:00.000000,DEPARTAMENTO,arriendo,owner_direct
PI-2023-03-002563,portalinmobiliario,Macul,Metropolitana,535000,15.29,31.0,2023-01-31 00:00:00.000000,2023-03-15 00:00:00.000000,DEPARTAMENTO,arriendo,owner_direct
PI-2023-03-005181,portalinmobiliario, Macul,Metropolitana,485000,13.86,51.8,2023-03-02 00:00:00.000000,2023-03-29 00:00:00.000000,departamento,arriendo,agency
PI-2023-03-000603,portalinmobiliario,Ñuñoa,Metropolitana,685000,19.57,40.0,2023-01-08 00:00:00.000000,2023-03-01 00:00:00.000000,departamento,Arriendo,agency
PI-2023-03-001272,portalinmobiliario,San Miguel,Metropolitana,680000,19.43,64.0,2023-02-05 00:00:00.000000,2023-03-08 00:00:00.000000,departamento,ARRIENDO,agency
PI-2023-03-001860,portalinmobiliario,Santiago,Metropolitana,545000,15.57,55.7,2022-10-21 00:00:00.000000,2023-03-08 00:00:00.000000,Departamento,arriendo,owner_direct
PI-2023-03-001441,portalinmobiliario,Macul,Metropolitana,580000,16.57,49.5,2023-01-20 00:00:00.000000,2023-03-08 00:00:00.000000,Departamento,ARRIENDO,agency
PI-2023-03-002341,portalinmobiliario, San Miguel,Metropolitana,800000,22.86,85.7,2023-01-30 00:00:00.000000,2023-03-15 00:00:00.000000,Departamento,Arriendo,agency
PI-2023-03-002387,portalinmobiliario,Santiago,Metropolitana,940000,26.86,73.2,2023-02-09 00:00:00.000000,2023-03-15 00:00:00.000000,DEPARTAMENTO,Arriendo,agency
PI-2023-03-002205,portalinmobiliario,Providencia,Metropolitana,1260000,36.0,62.3,2023-03-09 00:00:00.000000,2023-03-15 00:00:00.000000,DEPARTAMENTO,Arriendo,agency
PI-2023-03-002273,portalinmobiliario,Estación Central,Metropolitana,680000,19.43,90.1,2023-01-10 00:00:00.000000,2023-03-15 00:00:00.000000,DEPARTAMENTO,Arriendo,agency
PI-2023-03-004070,portalinmobiliario,Huechuraba,Metropolitana,485000,13.86,35.8,2023-02-19 00:00:00.000000,2023-03-22 00:00:00.000000,departamento,arriendo,owner_direct
PI-2023-03-003126,portalinmobiliario,Santiago ,Metropolitana,605000,17.29,42.8,2023-02-26 00:00:00.000000,2023-03-22 00:00:00.000000,departamento,ARRIENDO,agency
PI-2023-03-001515,portalinmobiliario,San Miguel,Metropolitana,700000,20.0,68.5,2023-02-09 00:00:00.000000,2023-03-08 00:00:00.000000,DEPARTAMENTO,arriendo,owner_direct
PI-2023-03-002634,portalinmobiliario,La Florida,Metropolitana,650000,18.57,52.6,2022-10-28 00:00:00.000000,2023-03-15 00:00:00.000000,DEPARTAMENTO,arriendo,agency
PI-2023-03-000588,portalinmobiliario,La Reina,Metropolitana,955000,27.29,64.8,2023-02-18 00:00:00.000000,2023-03-01 00:00:00.000000,Departamento,Arriendo,agency
PI-2023-03-001037,portalinmobiliario,Cerrillos,Metropolitana,570000,16.29,64.1,2023-01-17 00:00:00.000000,2023-03-08 00:00:00.000000,departamento,Arriendo,agency
PI-2023-03-002704,portalinmobiliario,Santiago,Metropolitana,465000,,29.2,2022-12-25 00:00:00.000000,2023-03-15 00:00:00.000000,Departamento,ARRIENDO,agency
PI-2023-03-004116,portalinmobiliario,Providencia,Metropolitana,750000,21.43,41.1,2023-03-26 00:00:00.000000,2023-03-29 00:00:00.000000,departamento,arriendo,agency
PI-2023-03-001876,portalinmobiliario,Macul,Metropolitana,615000,17.57,58.5,2023-03-05 00:00:00.000000,2023-03-08 00:00:00.000000,Departamento,arriendo,agency
PI-2023-03-000636,portalinmobiliario,Huechuraba,Metropolitana,510000,14.57,41.1,2023-01-14 00:00:00.000000,2023-03-01 00:00:00.000000,departamento,ARRIENDO,agency
PI-2023-03-000759,portalinmobiliario,Santiago,Metropolitana,610000,17.43,41.4,2023-02-20 00:00:00.000000,2023-03-01 00:00:00.000000,DEPARTAMENTO,Arriendo,agency
PI-2023-03-004749,portalinmobiliario,Estación Central,Metropolitana,455000,13.0,29.5,2023-02-25 00:00:00.000000,2023-03-29 00:00:00.000000,Departamento,arriendo,agency
PI-2023-03-003337,portalinmobiliario,Huechuraba,Metropolitana,600000,17.14,46.4,2023-03-05 00:00:00.000000,2023-03-22 00:00:00.000000,DEPARTAMENTO,Arriendo,owner_direct
PI-2023-03-002622,portalinmobiliario,Conchalí,Metropolitana,550000,15.71,54.6,2023-02-22 00:00:00.000000,2023-03-15 00:00:00.000000,DEPARTAMENTO,ARRIENDO,agency
PI-2023-03-004642,portalinmobiliario,San Miguel,Metropolitana,710000,20.29,66.1,2023-02-21 00:00:00.000000,2023-03-29 00:00:00.000000,DEPARTAMENTO,ARRIENDO,agency
PI-2023-03-000267,portalinmobiliario,San Joaquín,Metropolitana,595000,17.0,81.2,2022-12-17 00:00:00.000000,2023-03-01 00:00:00.000000,DEPARTAMENTO,arriendo,agency
PI-2023-03-001557,portalinmobiliario,Vitacura,Metropolitana,1250000,35.71,50.1,2023-02-23 00:00:00.000000,2023-03-08 00:00:00.000000,departamento,ARRIENDO,owner_direct
PI-2023-03-004317,portalinmobiliario,Recoleta,Metropolitana,375000,10.71,28.4,2023-03-26 00:00:00.000000,2023-03-29 00:00:00.000000,DEPARTAMENTO,arriendo,agency
PI-2023-03-004408,portalinmobiliario,Peñalolén,Metropolitana,650000,18.57,47.1,2023-02-21 00:00:00.000000,2023-03-29 00:00:00.000000,departamento,Arriendo,agency
PI-2023-03-001787,portalinmobiliario,Las Condes,Metropolitana,955000,27.29,56.4,2023-03-05 00:00:00.000000,2023-03-08 00:00:00.000000,departamento,Arriendo,agency
PI-2023-03-001597,portalinmobiliario,Quilicura,Metropolitana,585000,16.71,60.2,2023-02-11 00:00:00.000000,2023-03-08 00:00:00.000000,departamento,arriendo,owner_direct
PI-2023-03-005018,portalinmobiliario,Macul,Metropolitana,540000,15.43,43.3,2023-02-23 00:00:00.000000,2023-03-29 00:00:00.000000,departamento,Arriendo,owner_direct
PI-2023-03-003358,portalinmobiliario,estación central,Metropolitana,385000,11.0,31.8,2023-03-02 00:00:00.000000,2023-03-22 00:00:00.000000,Departamento,ARRIENDO,owner_direct
PI-2023-03-004482,portalinmobiliario,Vitacura,Metropolitana,1025000,29.29,39.1,2023-03-16 00:00:00.000000,2023-03-29 00:00:00.000000,departamento,arriendo,agency
PI-2023-03-002786,portalinmobiliario,Santiago,Metropolitana,670000,19.14,58.6,2023-02-23 00:00:00.000000,2023-03-15 00:00:00.000000,Departamento,ARRIENDO,agency
PI-2023-03-005291,portalinmobiliario,Providencia,Metropolitana,840000,24.0,51.5,2023-02-11 00:00:00.000000,2023-03-29 00:00:00.000000,DEPARTAMENTO,arriendo,agency
PI-2023-03-002311,portalinmobiliario,Estación Central,Metropolitana,415000,11.86,39.3,2023-03-12 00:00:00.000000,2023-03-15 00:00:00.000000,departamento,arriendo,owner_direct
PI-2023-03-001226,portalinmobiliario,ñuñoa,Metropolitana,695000,19.86,41.3,2023-02-15 00:00:00.000000,2023-03-08 00:00:00.000000,DEPARTAMENTO,ARRIENDO,owner_direct
PI-2023-03-001344,portalinmobiliario,Peñalolén,Metropolitana,795000,22.71,80.9,2023-02-14 00:00:00.000000,2023-03-08 00:00:00.000000,Departamento,ARRIENDO,agency
PI-2023-03-002493,portalinmobiliario,San Miguel,Metropolitana,425000,12.14,31.4,2023-02-18 00:00:00.000000,2023-03-15 00:00:00.000000,DEPARTAMENTO,ARRIENDO,owner_direct
PI-2023-03-002746,portalinmobiliario,Quinta Normal,Metropolitana,430000,12.29,41.3,2023-02-19 00:00:00.000000,2023-03-15 00:00:00.000000,departamento,ARRIENDO,agency
PI-2023-03-002537,portalinmobiliario,Quinta Normal,Metropolitana,385000,11.0,22.0,2023-03-13 00:00:00.000000,2023-03-15 00:00:00.000000,DEPARTAMENTO,arriendo,agency
PI-2023-03-003290,portalinmobiliario,La Cisterna,Metropolitana,665000,19.0,71.3,2023-03-11 00:00:00.000000,2023-03-22 00:00:00.000000,DEPARTAMENTO,arriendo,agency
PI-2023-03-004343,portalinmobiliario,Lo Barnechea,Metropolitana,835000,23.86,44.9,2023-03-13 00:00:00.000000,2023-03-29 00:00:00.000000,departamento,ARRIENDO,owner_direct
PI-2023-03-004659,portalinmobiliario,Providencia,Metropolitana,845000,24.14,33.8,2023-03-17 00:00:00.000000,2023-03-29 00:00:00.000000,DEPARTAMENTO,Arriendo,owner_direct
PI-2023-03-005346,portalinmobiliario,Providencia,Metropolitana,1020000,29.14,52.3,2023-02-21 00:00:00.000000,2023-03-29 00:00:00.000000,departamento,arriendo,agency
PI-2023-03-005324,portalinmobiliario,Ñuñoa,Metropolitana,870000,24.86,59.6,2023-03-13 00:00:00.000000,2023-03-29 00:00:00.000000,Departamento,Arriendo,owner_direct
PI-2023-03-003339,portalinmobiliario,Estación Central,Metropolitana,355000,10.14,32.6,2023-02-19 00:00:00.000000,2023-03-22 00:00:00.000000,Departamento,Arriendo,owner_direct
PI-2023-03-001573,portalinmobiliario,Vitacura,Metropolitana,1360000,38.86,62.1,2023-02-15 00:00:00.000000,2023-03-08 00:00:00.000000,Departamento,arriendo,owner_direct
PI-2023-03-004087,portalinmobiliario,San Joaquín,Metropolitana,525000,15.0,56.4,2023-03-23 00:00:00.000000,2023-03-29 00:00:00.000000,Departamento,arriendo,owner_direct
PI-2023-03-002878,portalinmobiliario,Santiago,Metropolitana,1190000,34.0,130.0,2023-02-27 00:00:00.000000,2023-03-15 00:00:00.000000,departamento,Arriendo,agency
PI-2023-03-003545,portalinmobiliario,Huechuraba,Metropolitana,765000,21.86,64.4,2023-03-15 00:00:00.000000,2023-03-22 00:00:00.000000,DEPARTAMENTO,ARRIENDO,agency
PI-2023-03-001869,portalinmobiliario,Estación Central,Metropolitana,550000,15.71,57.9,2023-02-15 00:00:00.000000,2023-03-08 00:00:00.000000,DEPARTAMENTO,arriendo,agency
PI-2023-03-001065,portalinmobiliario,San Miguel,Metropolitana,915000,26.14,93.8,2022-12-22 00:00:00.000000,2023-03-08 00:00:00.000000,Departamento,Arriendo,agency
PI-2023-03-002217,portalinmobiliario,Estación Central,Metropolitana,565000,16.14,52.0,2023-03-06 00:00:00.000000,2023-03-15 00:00:00.000000,Departamento,ARRIENDO,owner_direct
PI-2023-03-005125,portalinmobiliario,Las Condes,Metropolitana,1470000,42.0,87.7,2022-08-30 00:00:00.000000,2023-03-29 00:00:00.000000,departamento,ARRIENDO,owner_direct
PI-2023-03-000537,portalinmobiliario,Peñalolén,Metropolitana,610000,17.43,58.4,2023-02-02 00:00:00.000000,2023-03-01 00:00:00.000000,departamento,ARRIENDO,agency
PI-2023-03-000204,portalinmobiliario,Santiago,Metropolitana,725000,20.71,50.8,2022-10-29 00:00:00.000000,2023-03-01 00:00:00.000000,Departamento,ARRIENDO,agency
PI-2023-03-000721,portalinmobiliario,Macul,Metropolitana,455000,13.0,34.6,2023-02-06 00:00:00.000000,2023-03-01 00:00:00.000000,Departamento,Arriendo,owner_direct
PI-2023-03-005307,portalinmobiliario,Ñuñoa,Metropolitana,440000,12.57,26.2,2023-03-19 00:00:00.000000,2023-03-29 00:00:00.000000,Departamento,Arriendo,agency
PI-2023-03-001569,portalinmobiliario,Recoleta,Metropolitana,410000,11.71,36.9,2023-01-23 00:00:00.000000,2023-03-08 00:00:00.000000,Departamento,arriendo,agency
PI-2023-03-005323,portalinmobiliario,Huechuraba,Metropolitana,1215000,34.71,144.0,2023-02-25 00:00:00.000000,2023-03-29 00:00:00.000000,DEPARTAMENTO,ARRIENDO,agency
PI-2023-03-003026,portalinmobiliario,La Florida,Metropolitana,460000,13.14,29.2,2023-03-10 00:00:00.000000,2023-03-22 00:00:00.000000,departamento,ARRIENDO,owner_direct
PI-2023-03-004306,portalinmobiliario,Huechuraba,Metropolitana,890000,25.43,65.9,2023-03-02 00:00:00.000000,2023-03-29 00:00:00.000000,Departamento,Arriendo,agency
PI-2023-03-003267,portalinmobiliario,Vitacura,Metropolitana,1860000,53.14,89.6,2023-02-06 00:00:00.000000,2023-03-22 00:00:00.000000,departamento,arriendo,agency
PI-2023-03-002094,portalinmobiliario,Puente Alto,Metropolitana,435000,12.43,49.5,2023-02-18 00:00:00.000000,2023-03-15 00:00:00.000000,departamento,Arriendo,agency
PI-2023-03-001808,portalinmobiliario,Macul,Metropolitana,805000,23.0,66.0,2022-11-10 00:00:00.000000,2023-03-08 00:00:00.000000,departamento,arriendo,agency
PI-2023-03-000842,portalinmobiliario,Puente Alto,Metropolitana,380000,10.86,31.3,2023-02-21 00:00:00.000000,2023-03-01 00:00:00.000000,departamento,ARRIENDO,agency
PI-2023-03-002714,portalinmobiliario,Ñuñoa,Metropolitana,5930000,169.43,49.7,2023-01-16 00:00:00.000000,2023-03-15 00:00:00.000000,DEPARTAMENTO,Arriendo,agency
PI-2023-03-001219,portalinmobiliario,Peñalolén,Metropolitana,530000,15.14,47.5,2023-01-18 00:00:00.000000,2023-03-08 00:00:00.000000,DEPARTAMENTO,arriendo,agency
PI-2023-03-002776,portalinmobiliario,Quinta Normal,Metropolitana,530000,15.14,67.5,2022-11-08 00:00:00.000000,2023-03-15 00:00:00.000000,DEPARTAMENTO,ARRIENDO,agency
PI-2023-03-001596,portalinmobiliario,Recoleta,Metropolitana,430000,12.29,38.6,2023-03-05 00:00:00.000000,2023-03-08 00:00:00.000000,Departamento,ARRIENDO,agency
PI-2023-03-003256,portalinmobiliario,San Miguel,Metropolitana,575000,16.43,36.1,2023-01-19 00:00:00.000000,2023-03-22 00:00:00.000000,Departamento,Arriendo,owner_direct
PI-2023-03-002581,portalinmobiliario,San Miguel,Metropolitana,580000,16.57,62.0,2022-10-11 00:00:00.000000,2023-03-15 00:00:00.000000,departamento,arriendo,owner_direct
PI-2023-03-002071,portalinmobiliario,Recoleta,Metropolitana,485000,13.86,48.6,2022-09-27 00:00:00.000000,2023-03-15 00:00:00.000000,DEPARTAMENTO,ARRIENDO,owner_direct
PI-2023-03-004627,portalinmobiliario,Recoleta,Metropolitana,470000,13.43,49.0,2023-02-19 00:00:00.000000,2023-03-29 00:00:00.000000,DEPARTAMENTO,Arriendo,owner_direct
PI-2023-03-002268,portalinmobiliario,Maipú,Metropolitana,535000,15.29,57.0,2022-10-06 00:00:00.000000,2023-03-15 00:00:00.000000,departamento,Arriendo,agency
PI-2023-03-002993,portalinmobiliario,Estación Central,Metropolitana,490000,14.0,65.0,2023-03-08 00:00:00.000000,2023-03-22 00:00:00.000000,departamento,ARRIENDO,agency
PI-2023-03-002546,portalinmobiliario, Maipú,Metropolitana,985000,28.14,139.8,2023-03-10 00:00:00.000000,2023-03-15 00:00:00.000000,Departamento,arriendo,agency
PI-2023-03-000718,portalinmobiliario,La Reina,Metropolitana,810000,23.14,51.2,2022-08-30 00:00:00.000000,2023-03-01 00:00:00.000000,departamento,Arriendo,agency
PI-2023-03-003348,portalinmobiliario,Maipú,Metropolitana,405000,11.57,35.9,2023-03-14 00:00:00.000000,2023-03-22 00:00:00.000000,Departamento,Arriendo,owner_direct
PI-2023-03-000285,portalinmobiliario,La Reina,Metropolitana,430000,12.29,33.9,2023-02-12 00:00:00.000000,2023-03-01 00:00:00.000000,departamento,Arriendo,owner_direct
PI-2023-03-005252,portalinmobiliario,Santiago,Metropolitana,705000,20.14,58.2,2023-03-12 00:00:00.000000,2023-03-29 00:00:00.000000,Departamento,arriendo,agency
PI-2023-03-002669,portalinmobiliario,Macul,Metropolitana,490000,14.0,49.3,2022-09-30 00:00:00.000000,2023-03-15 00:00:00.000000,departamento,arriendo,owner_direct
PI-2023-03-002329,portalinmobiliario,Maipú,Metropolitana,625000,17.86,61.9,2023-02-14 00:00:00.000000,2023-03-15 00:00:00.000000,DEPARTAMENTO,Arriendo,agency
PI-2023-03-002048,portalinmobiliario,Estación Central,Metropolitana,945000,27.0,45.1,2023-02-16 00:00:00.000000,2023-03-15 00:00:00.000000,Departamento,ARRIENDO,agency
PI-2023-03-002910,portalinmobiliario,Santiago,Metropolitana,640000,18.29,59.6,2023-03-10 00:00:00.000000,2023-03-15 00:00:00.000000,Departamento,arriendo,owner_direct
PI-2023-03-003357,portalinmobiliario,Pudahuel,Metropolitana,435000,12.43,41.3,2023-01-24 00:00:00.000000,2023-03-22 00:00:00.000000,departamento,ARRIENDO,agency
PI-2023-03-002977,portalinmobiliario,Independencia,Metropolitana,725000,20.71,81.2,2023-03-18 00:00:00.000000,2023-03-22 00:00:00.000000,Departamento,arriendo,agency
PI-2023-03-000190,portalinmobiliario,Huechuraba,Metropolitana,620000,17.71,50.1,2023-02-12 00:00:00.000000,2023-03-01 00:00:00.000000,Departamento,arriendo,agency
PI-2023-03-001345,portalinmobiliario,ñuñoa,Metropolitana,690000,19.71,48.4,2022-12-23 00:00:00.000000,2023-03-08 00:00:00.000000,Departamento,arriendo,owner_direct
PI-2023-03-003947,portalinmobiliario,Estación Central,Metropolitana,450000,12.86,39.7,2023-01-15 00:00:00.000000,2023-03-22 00:00:00.000000,Departamento,arriendo,owner_direct
PI-2023-03-004661,portalinmobiliario,Macul,Metropolitana,620000,17.71,45.7,2023-03-01 00:00:00.000000,2023-03-29 00:00:00.000000,departamento,ARRIENDO,owner_direct
PI-2023-03-004348,portalinmobiliario,San Miguel,Metropolitana,490000,14.0,39.0,2023-03-15 00:00:00.000000,2023-03-29 00:00:00.000000,departamento,ARRIENDO,owner_direct
PI-2023-03-001997,portalinmobiliario,La Florida,Metropolitana,570000,16.29,56.7,2023-02-25 00:00:00.000000,2023-03-15 00:00:00.000000,Departamento,arriendo,agency
PI-2023-03-002290,portalinmobiliario,Santiago,Metropolitana,840000,24.0,75.1,2023-02-28 00:00:00.000000,2023-03-15 00:00:00.000000,DEPARTAMENTO,Arriendo,agency
PI-2023-03-004672,portalinmobiliario,Lo Barnechea,Metropolitana,610000,17.43,22.1,2023-03-09 00:00:00.000000,2023-03-29 00:00:00.000000,DEPARTAMENTO,arriendo,agency
PI-2023-03-000378,portalinmobiliario,La Florida,Metropolitana,505000,14.43,43.9,2022-10-21 00:00:00.000000,2023-03-01 00:00:00.000000,DEPARTAMENTO,arriendo,agency
PI-2023-03-000596,portalinmobiliario,Pudahuel,Metropolitana,510000,14.57,58.4,2023-02-14 00:00:00.000000,2023-03-01 00:00:00.000000,Departamento,ARRIENDO,agency
PI-2023-03-000290,portalinmobiliario,Santiago,Metropolitana,765000,21.86,66.1,2023-02-19 00:00:00.000000,2023-03-01 00:00:00.000000,DEPARTAMENTO,Arriendo,owner_direct
PI-2023-03-002794,portalinmobiliario,Estación Central,Metropolitana,310000,8.86,26.5,2023-03-07 00:00:00.000000,2023-03-15 00:00:00.000000,DEPARTAMENTO,ARRIENDO,owner_direct
PI-2023-03-002250,portalinmobiliario,Estación Central,Metropolitana,275000,7.86,30.9,2023-02-11 00:00:00.000000,2023-03-15 00:00:00.000000,departamento,arriendo,owner_direct
PI-2023-03-001725,portalinmobiliario,Santiago,Metropolitana,660000,18.86,72.5,2023-02-24 00:00:00.000000,2023-03-08 00:00:00.000000,Departamento,arriendo,owner_direct
PI-2023-03-001128,portalinmobiliario,Cerrillos,Metropolitana,585000,16.71,74.3,2023-02-24 00:00:00.000000,2023-03-08 00:00:00.000000,DEPARTAMENTO,ARRIENDO,agency
PI-2023-03-003785,portalinmobiliario,La Florida,Metropolitana,585000,16.71,57.1,2023-02-01 00:00:00.000000,2023-03-22 00:00:00.000000,Departamento,arriendo,owner_direct
PI-2023-03-001118,portalinmobiliario,SAN JOAQUÍN,Metropolitana,410000,11.71,44.8,2023-01-12 00:00:00.000000,2023-03-08 00:00:00.000000,Departamento,Arriendo,agency
PI-2023-03-003201,portalinmobiliario,Independencia,Metropolitana,445000,12.71,45.2,2023-03-11 00:00:00.000000,2023-03-22 00:00:00.000000,DEPARTAMENTO,Arriendo,owner_direct
PI-2023-03-000692,portalinmobiliario,Quilicura,Metropolitana,460000,13.14,59.5,2023-02-19 00:00:00.000000,2023-03-01 00:00:00.000000,departamento,Arriendo,agency
PI-2023-03-004347,portalinmobiliario,Providencia,Metropolitana,1125000,32.14,73.6,2023-03-03 00:00:00.000000,2023-03-29 00:00:00.000000,DEPARTAMENTO,arriendo,owner_direct
PI-2023-03-002811,portalinmobiliario,Las Condes,Metropolitana,2820000,80.57,29.4,2023-02-28 00:00:00.000000,2023-03-15 00:00:00.000000,departamento,ARRIENDO,agency
PI-2023-03-000284,portalinmobiliario,Santiago,Metropolitana,935000,26.71,98.9,2023-02-20 00:00:00.000000,2023-03-01 00:00:00.000000,Departamento,Arriendo,agency
PI-2023-03-004744,portalinmobiliario,Puente Alto,Metropolitana,505000,14.43,56.6,2023-02-14 00:00:00.000000,2023-03-29 00:00:00.000000,Departamento,ARRIENDO,agency
PI-2023-03-005284,portalinmobiliario,Providencia,Metropolitana,765000,21.86,33.1,2023-02-14 00:00:00.000000,2023-03-29 00:00:00.000000,departamento,arriendo,agency
PI-2023-03-004621,portalinmobiliario,Puente Alto,Metropolitana,965000,27.57,136.8,2022-11-21 00:00:00.000000,2023-03-29 00:00:00.000000,Departamento,arriendo,agency
PI-2023-03-002524,portalinmobiliario,Pudahuel,Metropolitana,430000,12.29,56.1,2023-02-20 00:00:00.000000,2023-03-15 00:00:00.000000,DEPARTAMENTO,arriendo,owner_direct
PI-2023-03-004201,portalinmobiliario,Las Condes,Metropolitana,765000,21.86,33.6,2022-09-18 00:00:00.000000,2023-03-29 00:00:00.000000,DEPARTAMENTO,ARRIENDO,owner_direct
PI-2023-03-001998,portalinmobiliario,San Miguel,Metropolitana,615000,17.57,60.3,2023-03-06 00:00:00.000000,2023-03-15 00:00:00.000000,DEPARTAMENTO,ARRIENDO,owner_direct
PI-2023-03-003363,portalinmobiliario,San Miguel,Metropolitana,620000,17.71,48.7,2022-11-30 00:00:00.000000,2023-03-22 00:00:00.000000,DEPARTAMENTO,arriendo,owner_direct
PI-2023-03-001010,portalinmobiliario,Estación Central,Metropolitana,390000,11.14,31.5,2023-02-04 00:00:00.000000,2023-03-08 00:00:00.000000,departamento,Arriendo,agency
PI-2023-03-003644,portalinmobiliario,Independencia,Metropolitana,370000,10.57,33.3,2023-03-18 00:00:00.000000,2023-03-22 00:00:00.000000,DEPARTAMENTO,Arriendo,agency
PI-2023-03-003335,portalinmobiliario,La Reina,Metropolitana,1460000,41.71,96.3,2023-03-14 00:00:00.000000,2023-03-22 00:00:00.000000,Departamento,arriendo,owner_direct
PI-2023-03-000515,portalinmobiliario,Peñalolén,Metropolitana,530000,15.14,46.0,2023-02-16 00:00:00.000000,2023-03-01 00:00:00.000000,Departamento,arriendo,agency
PI-2023-03-004909,portalinmobiliario,Ñuñoa,Metropolitana,570000,16.29,35.9,2023-03-25 00:00:00.000000,2023-03-29 00:00:00.000000,DEPARTAMENTO,Arriendo,agency
PI-2023-03-003491,portalinmobiliario,La Florida,Metropolitana,480000,13.71,28.1,2023-02-15 00:00:00.000000,2023-03-22 00:00:00.000000,DEPARTAMENTO,arriendo,owner_direct
PI-2023-03-000157,portalinmobiliario,Ñuñoa,Metropolitana,645000,18.43,43.9,2023-02-22 00:00:00.000000,2023-03-01 00:00:00.000000,DEPARTAMENTO,Arriendo,agency
PI-2023-03-003569,portalinmobiliario,Quinta Normal,Metropolitana,555000,15.86,48.7,2022-12-25 00:00:00.000000,2023-03-22 00:00:00.000000,DEPARTAMENTO,arriendo,owner_direct
PI-2023-03-000574,portalinmobiliario,Maipú,Metropolitana,505000,14.43,61.4,2022-12-24 00:00:00.000000,2023-03-01 00:00:00.000000,Departamento,ARRIENDO,agency
PI-2023-03-001077,portalinmobiliario,Puente Alto,Metropolitana,340000,9.71,10.0,2023-02-22 00:00:00.000000,2023-03-08 00:00:00.000000,departamento,arriendo,agency
PI-2023-03-002801,portalinmobiliario,La Reina,Metropolitana,740000,21.14,39.2,2023-03-06 00:00:00.000000,2023-03-15 00:00:00.000000,departamento,arriendo,agency
PI-2023-03-002150,portalinmobiliario,Quilicura,Metropolitana,395000,11.29,38.0,2023-02-17 00:00:00.000000,2023-03-15 00:00:00.000000,departamento,arriendo,owner_direct
PI-2023-03-001511,portalinmobiliario,Macul,Metropolitana,725000,20.71,85.9,2023-02-18 00:00:00.000000,2023-03-08 00:00:00.000000,DEPARTAMENTO,ARRIENDO,agency
PI-2023-03-004763,portalinmobiliario,La Florida,Metropolitana,690000,19.71,63.7,2023-03-16 00:00:00.000000,2023-03-29 00:00:00.000000,Departamento,ARRIENDO,agency
PI-2023-03-003259,portalinmobiliario,La Reina,Metropolitana,735000,21.0,42.9,2023-03-08 00:00:00.000000,2023-03-22 00:00:00.000000,Departamento,ARRIENDO,owner_direct
PI-2023-03-004670,portalinmobiliario,Recoleta,Metropolitana,690000,19.71,75.7,2022-09-16 00:00:00.000000,2023-03-29 00:00:00.000000,departamento,ARRIENDO,agency
PI-2023-03-002075,portalinmobiliario,Ñuñoa,Metropolitana,1185000,33.86,97.7,2023-01-06 00:00:00.000000,2023-03-15 00:00:00.000000,DEPARTAMENTO,arriendo,agency
PI-2023-03-003279,portalinmobiliario,Las Condes,Metropolitana,915000,26.14,50.8,2023-02-22 00:00:00.000000,2023-03-22 00:00:00.000000,departamento,ARRIENDO,agency
PI-2023-03-000511,portalinmobiliario,Ñuñoa ,Metropolitana,985000,28.14,76.0,2023-01-22 00:00:00.000000,2023-03-01 00:00:00.000000,departamento,Arriendo,owner_direct
PI-2023-03-003783,portalinmobiliario,La Florida,Metropolitana,380000,10.86,39.8,2023-03-04 00:00:00.000000,2023-03-22 00:00:00.000000,departamento,ARRIENDO,agency
PI-2023-03-004793,portalinmobiliario,HUECHURABA,Metropolitana,705000,20.14,51.7,2023-03-04 00:00:00.000000,2023-03-29 00:00:00.000000,departamento,arriendo,owner_direct
PI-2023-03-002736,portalinmobiliario,Independencia,Metropolitana,550000,15.71,53.4,2023-03-09 00:00:00.000000,2023-03-15 00:00:00.000000,DEPARTAMENTO,Arriendo,agency
PI-2023-03-003223,portalinmobiliario,Providencia,Metropolitana,1115000,31.86,71.3,2023-03-08 00:00:00.000000,2023-03-22 00:00:00.000000,departamento,Arriendo,agency
PI-2023-03-000752,portalinmobiliario,Santiago,Metropolitana,840000,24.0,86.2,2023-02-03 00:00:00.000000,2023-03-01 00:00:00.000000,Departamento,ARRIENDO,agency
PI-2023-03-000126,portalinmobiliario,Maipú,Metropolitana,620000,17.71,57.5,2023-02-16 00:00:00.000000,2023-03-01 00:00:00.000000,DEPARTAMENTO,arriendo,agency
PI-2023-03-001980,portalinmobiliario,san joaquín,Metropolitana,385000,11.0,31.4,2023-02-03 00:00:00.000000,2023-03-15 00:00:00.000000,departamento,Arriendo,owner_direct
PI-2023-03-001150,portalinmobiliario,La Florida,Metropolitana,3990000,114.0,27.4,2023-02-08 00:00:00.000000,2023-03-08 00:00:00.000000,departamento,arriendo,owner_direct
PI-2023-03-003338,portalinmobiliario,Recoleta,Metropolitana,455000,13.0,37.1,2023-03-07 00:00:00.000000,2023-03-22 00:00:00.000000,departamento,Arriendo,owner_direct
PI-2023-03-000191,portalinmobiliario,Recoleta,Metropolitana,430000,12.29,28.4,2023-02-18 00:00:00.000000,2023-03-01 00:00:00.000000,Departamento,Arriendo,owner_direct
PI-2023-03-003119,portalinmobiliario,San Joaquín,Metropolitana,545000,15.57,47.1,2023-03-01 00:00:00.000000,2023-03-22 00:00:00.000000,departamento,Arriendo,agency
PI-2023-03-003886,portalinmobiliario,Independencia,Metropolitana,405000,11.57,23.7,2023-02-17 00:00:00.000000,2023-03-22 00:00:00.000000,departamento,Arriendo,agency
PI-2023-03-001840,portalinmobiliario,MAIPÚ,Metropolitana,485000,13.86,56.6,2023-02-08 00:00:00.000000,2023-03-08 00:00:00.000000,Departamento,arriendo,owner_direct
PI-2023-03-000501,portalinmobiliario,San Miguel,Metropolitana,4820000,137.71,46.0,2023-02-08 00:00:00.000000,2023-03-01 00:00:00.000000,DEPARTAMENTO,Arriendo,agency
PI-2023-03-000481,portalinmobiliario,Providencia,Metropolitana,685000,19.57,37.4,2023-02-17 00:00:00.000000,2023-03-01 00:00:00.000000,Departamento,arriendo,owner_direct
PI-2023-03-004081,portalinmobiliario,Santiago,Metropolitana,605000,17.29,48.0,2022-11-22 00:00:00.000000,2023-03-29 00:00:00.000000,departamento,arriendo,agency
PI-2023-03-003301,portalinmobiliario,Macul,Metropolitana,440000,12.57,29.9,2023-03-09 00:00:00.000000,2023-03-22 00:00:00.000000,DEPARTAMENTO,ARRIENDO,owner_direct
PI-2023-03-002408,portalinmobiliario,San Miguel,Metropolitana,860000,24.57,102.5,2023-03-01 00:00:00.000000,2023-03-15 00:00:00.000000,DEPARTAMENTO,ARRIENDO,agency
PI-2023-03-001107,portalinmobiliario,San Joaquín,Metropolitana,795000,22.71,100.3,2023-02-13 00:00:00.000000,2023-03-08 00:00:00.000000,departamento,Arriendo,agency
PI-2023-03-002874,portalinmobiliario,quinta normal,Metropolitana,435000,12.43,46.7,2023-03-11 00:00:00.000000,2023-03-15 00:00:00.000000,DEPARTAMENTO,Arriendo,agency
PI-2023-03-000942,portalinmobiliario,Estación Central,Metropolitana,570000,16.29,52.8,2023-02-07 00:00:00.000000,2023-03-01 00:00:00.000000,departamento,ARRIENDO,owner_direct
PI-2023-03-001386,portalinmobiliario,Independencia,Metropolitana,650000,18.57,71.0,2022-10-16 00:00:00.000000,2023-03-08 00:00:00.000000,departamento,arriendo,owner_direct
PI-2023-03-002858,portalinmobiliario,Lo Barnechea,Metropolitana,1655000,47.29,128.7,2023-02-25 00:00:00.000000,2023-03-15 00:00:00.000000,Departamento,ARRIENDO,owner_direct
PI-2023-03-004427,portalinmobiliario,La Reina,Metropolitana,930000,26.57,48.8,2023-03-19 00:00:00.000000,2023-03-29 00:00:00.000000,Departamento,arriendo,owner_direct
PI-2023-03-002064,portalinmobiliario,Conchalí,Metropolitana,335000,9.57,28.6,2023-02-27 00:00:00.000000,2023-03-15 00:00:00.000000,departamento,ARRIENDO,owner_direct
PI-2023-03-001945,portalinmobiliario,La Reina,Metropolitana,830000,23.71,61.8,2023-01-10 00:00:00.000000,2023-03-15 00:00:00.000000,Departamento,ARRIENDO,owner_direct
PI-2023-03-001179,portalinmobiliario,La Florida,Metropolitana,465000,13.29,46.2,2023-02-19 00:00:00.000000,2023-03-08 00:00:00.000000,Departamento,ARRIENDO,agency
PI-2023-03-001850,portalinmobiliario,Santiago,Metropolitana,540000,15.43,34.8,2023-02-22 00:00:00.000000,2023-03-08 00:00:00.000000,DEPARTAMENTO,Arriendo,agency
PI-2023-03-002309,portalinmobiliario,Ñuñoa,Metropolitana,800000,22.86,51.7,2023-01-18 00:00:00.000000,2023-03-15 00:00:00.000000,Departamento,ARRIENDO,agency
PI-2023-03-001317,portalinmobiliario,Peñalolén,Metropolitana,470000,13.43,35.4,2023-02-22 00:00:00.000000,2023-03-08 00:00:00.000000,departamento,arriendo,owner_direct
PI-2023-03-001034,portalinmobiliario,Las Condes,Metropolitana,780000,22.29,36.5,2023-01-31 00:00:00.000000,2023-03-08 00:00:00.000000,departamento,arriendo,owner_direct
PI-2023-03-002639,portalinmobiliario,San Miguel,Metropolitana,440000,12.57,31.2,2023-02-19 00:00:00.000000,2023-03-15 00:00:00.000000,DEPARTAMENTO,Arriendo,owner_direct
PI-2023-03-002879,portalinmobiliario,Recoleta,Metropolitana,465000,13.29,49.3,2023-02-08 00:00:00.000000,2023-03-15 00:00:00.000000,Departamento,arriendo,agency
PI-2023-03-003881,portalinmobiliario,Renca,Metropolitana,390000,11.14,50.2,2023-02-07 00:00:00.000000,2023-03-22 00:00:00.000000,Departamento,ARRIENDO,agency
PI-2023-03-001875,portalinmobiliario,Santiago,Metropolitana,585000,16.71,54.8,2023-02-27 00:00:00.000000,2023-03-08 00:00:00.000000,Departamento,Arriendo,agency
PI-2023-03-002286,portalinmobiliario,Independencia,Metropolitana,420000,12.0,36.8,2023-02-06 00:00:00.000000,2023-03-15 00:00:00.000000,Departamento,arriendo,agency
PI-2023-03-004874,portalinmobiliario,lo barnechea,Metropolitana,955000,27.29,54.1,2023-02-24 00:00:00.000000,2023-03-29 00:00:00.000000,Departamento,arriendo,agency
PI-2023-03-005001,portalinmobiliario,Macul,Metropolitana,585000,16.71,55.1,2023-03-24 00:00:00.000000,2023-03-29 00:00:00.000000,DEPARTAMENTO,arriendo,agency
PI-2023-03-004560,portalinmobiliario,Peñalolén,Metropolitana,410000,11.71,24.8,2023-03-25 00:00:00.000000,2023-03-29 00:00:00.000000,DEPARTAMENTO,arriendo,agency
PI-2023-03-004999,portalinmobiliario,Santiago ,Metropolitana,640000,18.29,44.6,2023-02-28 00:00:00.000000,2023-03-29 00:00:00.000000,departamento,Arriendo,agency
PI-2023-03-004614,portalinmobiliario,La Florida,Metropolitana,410000,11.71,30.3,2022-08-18 00:00:00.000000,2023-03-29 00:00:00.000000,DEPARTAMENTO,ARRIENDO,owner_direct
PI-2023-03-002894,portalinmobiliario,San Miguel,Metropolitana,700000,20.0,66.4,2023-02-19 00:00:00.000000,2023-03-15 00:00:00.000000,departamento,Arriendo,agency
PI-2023-03-002318,portalinmobiliario,Lo Barnechea,Metropolitana,1075000,30.71,97.0,2023-03-11 00:00:00.000000,2023-03-15 00:00:00.000000,DEPARTAMENTO,arriendo,owner_direct
PI-2023-03-004120,portalinmobiliario,Quinta Normal,Metropolitana,1770000,50.57,250.0,2023-03-21 00:00:00.000000,2023-03-29 00:00:00.000000,Departamento,ARRIENDO,owner_direct
PI-2023-03-005269,portalinmobiliario,Providencia,Metropolitana,565000,16.14,35.3,2023-03-20 00:00:00.000000,2023-03-29 00:00:00.000000,Departamento,ARRIENDO,owner_direct
PI-2023-03-000430,portalinmobiliario,Maipú,Metropolitana,365000,10.43,27.0,2023-01-09 00:00:00.000000,2023-03-01 00:00:00.000000,DEPARTAMENTO,ARRIENDO,owner_direct
PI-2023-03-001204,portalinmobiliario,Providencia,Metropolitana,845000,24.14,37.2,2023-02-21 00:00:00.000000,2023-03-08 00:00:00.000000,Departamento,ARRIENDO,owner_direct
PI-2023-03-005169,portalinmobiliario,Las Condes,Metropolitana,1615000,46.14,100.0,2023-03-14 00:00:00.000000,2023-03-29 00:00:00.000000,departamento,ARRIENDO,agency
PI-2023-03-002342,portalinmobiliario,Quinta Normal,Metropolitana,420000,12.0,39.0,2023-02-26 00:00:00.000000,2023-03-15 00:00:00.000000,departamento,arriendo,agency
PI-2023-03-005015,portalinmobiliario,Estación Central,Metropolitana,620000,17.71,62.9,2023-01-23 00:00:00.000000,2023-03-29 00:00:00.000000,DEPARTAMENTO,arriendo,owner_direct
PI-2023-03-002111,portalinmobiliario,Independencia,Metropolitana,760000,21.71,74.9,2023-03-09 00:00:00.000000,2023-03-15 00:00:00.000000,DEPARTAMENTO,ARRIENDO,agency
PI-2023-03-000123,portalinmobiliario,San Miguel,Metropolitana,540000,15.43,47.1,2023-02-25 00:00:00.000000,2023-03-01 00:00:00.000000,DEPARTAMENTO,Arriendo,agency
PI-2023-03-002509,portalinmobiliario,Estación Central,Metropolitana,425000,12.14,36.2,2023-02-19 00:00:00.000000,2023-03-15 00:00:00.000000,Departamento,arriendo,owner_direct
PI-2023-03-002055,portalinmobiliario,La Reina,Metropolitana,705000,20.14,43.9,2023-02-05 00:00:00.000000,2023-03-15 00:00:00.000000,DEPARTAMENTO,ARRIENDO,agency
PI-2023-03-000611,portalinmobiliario,Providencia,Metropolitana,1070000,30.57,49.5,2023-02-16 00:00:00.000000,2023-03-01 00:00:00.000000,Departamento,arriendo,owner_direct
PI-2023-03-001062,portalinmobiliario,Ñuñoa,Metropolitana,680000,19.43,49.5,2023-02-20 00:00:00.000000,2023-03-08 00:00:00.000000,departamento,ARRIENDO,owner_direct
PI-2023-03-000354,portalinmobiliario,Macul,Metropolitana,545000,15.57,54.1,2023-01-26 00:00:00.000000,2023-03-01 00:00:00.000000,Departamento,arriendo,agency
PI-2023-03-000349,portalinmobiliario,Pudahuel,Metropolitana,415000,11.86,44.2,2023-01-16 00:00:00.000000,2023-03-01 00:00:00.000000,departamento,ARRIENDO,agency
PI-2023-03-000938,portalinmobiliario,La Florida,Metropolitana,585000,16.71,49.1,2023-02-14 00:00:00.000000,2023-03-01 00:00:00.000000,Departamento,arriendo,agency
PI-2023-03-004885,portalinmobiliario,Macul,Metropolitana,530000,15.14,48.0,2023-03-20 00:00:00.000000,2023-03-29 00:00:00.000000,Departamento,ARRIENDO,agency
PI-2023-03-004821,portalinmobiliario,Macul,Metropolitana,650000,18.57,63.8,2023-03-16 00:00:00.000000,2023-03-29 00:00:00.000000,Departamento,Arriendo,agency
PI-2023-03-003665,portalinmobiliario,Peñalolén,Metropolitana,745000,21.29,75.7,2023-03-13 00:00:00.000000,2023-03-22 00:00:00.000000,Departamento,ARRIENDO,owner_direct
PI-2023-03-004264,portalinmobiliario,Providencia,Metropolitana,875000,25.0,46.3,2023-02-10 00:00:00.000000,2023-03-29 00:00:00.000000,DEPARTAMENTO,Arriendo,owner_direct
PI-2023-03-002885,portalinmobiliario,Santiago,Metropolitana,460000,13.14,32.1,2022-10-25 00:00:00.000000,2023-03-15 00:00:00.000000,DEPARTAMENTO,ARRIENDO,agency
PI-2023-03-004466,portalinmobiliario,cerrillos,Metropolitana,730000,20.86,75.8,2023-03-08 00:00:00.000000,2023-03-29 00:00:00.000000,DEPARTAMENTO,Arriendo,agency
PI-2023-03-000242,portalinmobiliario,Conchalí,Metropolitana,435000,12.43,40.1,2023-02-03 00:00:00.000000,2023-03-01 00:00:00.000000,departamento,Arriendo,agency
PI-2023-03-000983,portalinmobiliario,San Joaquín,Metropolitana,455000,13.0,58.1,2023-02-21 00:00:00.000000,2023-03-08 00:00:00.000000,DEPARTAMENTO,arriendo,owner_direct
PI-2023-03-000207,portalinmobiliario,La Reina,Metropolitana,705000,20.14,48.2,2023-01-28 00:00:00.000000,2023-03-01 00:00:00.000000,Departamento,arriendo,owner_direct
PI-2023-03-000280,portalinmobiliario,Maipú,Metropolitana,445000,12.71,41.8,2023-02-15 00:00:00.000000,2023-03-01 00:00:00.000000,DEPARTAMENTO,arriendo,agency
PI-2023-03-001181,portalinmobiliario,La Florida,Metropolitana,800000,22.86,83.4,2023-01-02 00:00:00.000000,2023-03-08 00:00:00.000000,DEPARTAMENTO,arriendo,owner_direct
PI-2023-03-003007,portalinmobiliario,Las Condes,Metropolitana,790000,22.57,33.5,2023-02-22 00:00:00.000000,2023-03-22 00:00:00.000000,Departamento,ARRIENDO,agency
PI-2023-03-003066,portalinmobiliario,la reina,Metropolitana,1440000,41.14,94.4,2023-02-01 00:00:00.000000,2023-03-22 00:00:00.000000,departamento,Arriendo,agency
PI-2023-03-002913,portalinmobiliario,San Miguel,Metropolitana,665000,19.0,70.1,2023-03-13 00:00:00.000000,2023-03-15 00:00:00.000000,Departamento,Arriendo,owner_direct
PI-2023-03-003611,portalinmobiliario,Santiago,Metropolitana,1260000,36.0,127.4,2023-02-09 00:00:00.000000,2023-03-22 00:00:00.000000,DEPARTAMENTO,Arriendo,owner_direct
PI-2023-03-002810,portalinmobiliario,La Reina,Metropolitana,930000,26.57,61.7,2023-01-20 00:00:00.000000,2023-03-15 00:00:00.000000,departamento,ARRIENDO,agency
PI-2023-03-000117,portalinmobiliario,Quinta Normal,Metropolitana,510000,14.57,44.2,2023-02-01 00:00:00.000000,2023-03-01 00:00:00.000000,DEPARTAMENTO,ARRIENDO,agency
PI-2023-03-003733,portalinmobiliario,San Miguel,Metropolitana,1000000,28.57,123.9,2023-02-27 00:00:00.000000,2023-03-22 00:00:00.000000,departamento,arriendo,owner_direct
PI-2023-03-000829,portalinmobiliario,Ñuñoa,Metropolitana,1190000,34.0,91.9,2023-01-08 00:00:00.000000,2023-03-01 00:00:00.000000,DEPARTAMENTO,arriendo,agency
PI-2023-03-003020,portalinmobiliario,Ñuñoa,Metropolitana,605000,17.29,33.5,2023-02-21 00:00:00.000000,2023-03-22 00:00:00.000000,Departamento,ARRIENDO,agency
PI-2023-03-000243,portalinmobiliario,San Joaquín,Metropolitana,450000,12.86,47.8,2023-02-18 00:00:00.000000,2023-03-01 00:00:00.000000,DEPARTAMENTO,arriendo,agency
PI-2023-03-004872,portalinmobiliario,San Miguel,Metropolitana,670000,19.14,55.3,2023-01-24 00:00:00.000000,2023-03-29 00:00:00.000000,Departamento,arriendo,owner_direct
PI-2023-03-002760,portalinmobiliario,Maipú,Metropolitana,405000,11.57,40.1,2023-03-04 00:00:00.000000,2023-03-15 00:00:00.000000,Departamento,ARRIENDO,agency
PI-2023-03-004981,portalinmobiliario,Quinta Normal,Metropolitana,435000,12.43,35.3,2023-02-11 00:00:00.000000,2023-03-29 00:00:00.000000,Departamento,arriendo,agency
PI-2023-03-003107,portalinmobiliario,Puente Alto,Metropolitana,300000,8.57,30.5,2023-02-19 00:00:00.000000,2023-03-22 00:00:00.000000,DEPARTAMENTO,Arriendo,agency
PI-2023-03-003364,portalinmobiliario,La Cisterna,Metropolitana,415000,11.86,30.9,2023-02-19 00:00:00.000000,2023-03-22 00:00:00.000000,departamento,ARRIENDO,agency
PI-2023-03-000073,portalinmobiliario,Independencia,Metropolitana,550000,15.71,55.7,2023-02-07 00:00:00.000000,2023-03-01 00:00:00.000000,Departamento,ARRIENDO,owner_direct
PI-2023-03-004068,portalinmobiliario,Estación Central,Metropolitana,415000,11.86,36.8,2023-01-10 00:00:00.000000,2023-03-22 00:00:00.000000,DEPARTAMENTO,Arriendo,agency
PI-2023-03-005327,portalinmobiliario,Las Condes,Metropolitana,1195000,34.14,47.0,2022-10-01 00:00:00.000000,2023-03-29 00:00:00.000000,Departamento,arriendo,owner_direct
PI-2023-03-000105,portalinmobiliario,Providencia,Metropolitana,1000000,28.57,61.4,2023-02-08 00:00:00.000000,2023-03-01 00:00:00.000000,departamento,Arriendo,owner_direct
PI-2023-03-001830,portalinmobiliario,Santiago,Metropolitana,695000,19.86,51.4,2023-02-20 00:00:00.000000,2023-03-08 00:00:00.000000,departamento,arriendo,owner_direct
PI-2023-03-001322,portalinmobiliario,Ñuñoa,Metropolitana,855000,24.43,63.1,2023-02-04 00:00:00.000000,2023-03-08 00:00:00.000000,departamento,Arriendo,agency
PI-2023-03-002077,portalinmobiliario,Santiago,Metropolitana,525000,15.0,39.7,2023-03-03 00:00:00.000000,2023-03-15 00:00:00.000000,Departamento,Arriendo,agency
PI-2023-03-004658,portalinmobiliario,Independencia,Metropolitana,375000,10.71,41.0,2023-03-02 00:00:00.000000,2023-03-29 00:00:00.000000,Departamento,ARRIENDO,agency
PI-2023-03-001994,portalinmobiliario,Santiago,Metropolitana,690000,19.71,60.7,2022-09-29 00:00:00.000000,2023-03-15 00:00:00.000000,Departamento,arriendo,owner_direct
PI-2023-03-004072,portalinmobiliario,Santiago,Metropolitana,625000,17.86,47.0,2023-02-11 00:00:00.000000,2023-03-29 00:00:00.000000,Departamento,Arriendo,owner_direct
PI-2023-03-000786,portalinmobiliario,Las Condes,Metropolitana,820000,23.43,38.0,2023-02-25 00:00:00.000000,2023-03-01 00:00:00.000000,DEPARTAMENTO,Arriendo,owner_direct
PI-2023-03-004751,portalinmobiliario,Estación Central,Metropolitana,865000,24.71,114.4,2023-02-24 00:00:00.000000,2023-03-29 00:00:00.000000,departamento,ARRIENDO,owner_direct
PI-2023-03-004887,portalinmobiliario,Independencia,Metropolitana,440000,12.57,43.3,2023-03-09 00:00:00.000000,2023-03-29 00:00:00.000000,DEPARTAMENTO,ARRIENDO,agency
PI-2023-03-000477,portalinmobiliario,Macul,Metropolitana,785000,22.43,84.8,2023-02-18 00:00:00.000000,2023-03-01 00:00:00.000000,DEPARTAMENTO,Arriendo,agency
PI-2023-03-000878,portalinmobiliario,Las Condes,Metropolitana,1140000,32.57,61.9,2022-12-31 00:00:00.000000,2023-03-01 00:00:00.000000,departamento,ARRIENDO,agency
PI-2023-03-003781,portalinmobiliario,La Florida,Metropolitana,635000,18.14,62.7,2023-02-23 00:00:00.000000,2023-03-22 00:00:00.000000,Departamento,arriendo,agency
PI-2023-03-004173,portalinmobiliario,Providencia,Metropolitana,1405000,40.14,76.7,2022-10-27 00:00:00.000000,2023-03-29 00:00:00.000000,Departamento,ARRIENDO,agency
PI-2023-03-001387,portalinmobiliario,Renca,Metropolitana,360000,10.29,26.1,2023-02-04 00:00:00.000000,2023-03-08 00:00:00.000000,departamento,Arriendo,owner_direct
PI-2023-03-004322,portalinmobiliario,Macul,Metropolitana,685000,19.57,61.2,2023-02-20 00:00:00.000000,2023-03-29 00:00:00.000000,DEPARTAMENTO,Arriendo,agency
PI-2023-03-004924,portalinmobiliario,Providencia,Metropolitana,715000,20.43,27.6,2022-10-29 00:00:00.000000,2023-03-29 00:00:00.000000,DEPARTAMENTO,ARRIENDO,agency
PI-2023-03-003550,portalinmobiliario,Independencia,Metropolitana,645000,18.43,84.3,2023-02-14 00:00:00.000000,2023-03-22 00:00:00.000000,DEPARTAMENTO,Arriendo,owner_direct
PI-2023-03-005084,portalinmobiliario,Ñuñoa,Metropolitana,650000,18.57,48.8,2023-03-09 00:00:00.000000,2023-03-29 00:00:00.000000,departamento,ARRIENDO,agency
PI-2023-03-000429,portalinmobiliario,Recoleta,Metropolitana,700000,20.0,90.9,2023-01-21 00:00:00.000000,2023-03-01 00:00:00.000000,departamento,Arriendo,owner_direct
PI-2023-03-003099,portalinmobiliario,Ñuñoa,Metropolitana,945000,27.0,58.3,2023-03-07 00:00:00.000000,2023-03-22 00:00:00.000000,DEPARTAMENTO,arriendo,agency
PI-2023-03-001438,portalinmobiliario, Recoleta,Metropolitana,350000,10.0,25.1,2023-02-25 00:00:00.000000,2023-03-08 00:00:00.000000,DEPARTAMENTO,Arriendo,agency
PI-2023-03-005218,portalinmobiliario,Maipú,Metropolitana,490000,14.0,58.1,2023-03-10 00:00:00.000000,2023-03-29 00:00:00.000000,Departamento,ARRIENDO,owner_direct
PI-2023-03-004953,portalinmobiliario,San Joaquín,Metropolitana,585000,16.71,72.0,2023-03-12 00:00:00.000000,2023-03-29 00:00:00.000000,departamento,Arriendo,owner_direct
PI-2023-03-003029,portalinmobiliario,San Miguel,Metropolitana,410000,11.71,38.0,2023-03-10 00:00:00.000000,2023-03-22 00:00:00.000000,departamento,ARRIENDO,owner_direct
PI-2023-03-000420,portalinmobiliario,Providencia,Metropolitana,780000,22.29,32.8,2023-01-19 00:00:00.000000,2023-03-01 00:00:00.000000,Departamento,ARRIENDO,agency
PI-2023-03-000920,portalinmobiliario,Santiago,Metropolitana,735000,21.0,65.1,2023-01-22 00:00:00.000000,2023-03-01 00:00:00.000000,DEPARTAMENTO,arriendo,owner_direct
PI-2023-03-002333,portalinmobiliario,San Miguel,Metropolitana,4690000,134.0,38.7,2023-02-09 00:00:00.000000,2023-03-15 00:00:00.000000,departamento,arriendo,owner_direct
PI-2023-03-004124,portalinmobiliario,Ñuñoa,Metropolitana,635000,18.14,26.2,2023-02-18 00:00:00.000000,2023-03-29 00:00:00.000000,DEPARTAMENTO,arriendo,owner_direct
PI-2023-03-000505,portalinmobiliario,VITACURA,Metropolitana,975000,27.86,50.9,2023-02-10 00:00:00.000000,2023-03-01 00:00:00.000000,DEPARTAMENTO,arriendo,agency
PI-2023-03-000369,portalinmobiliario,Macul,Metropolitana,495000,14.14,50.0,2023-01-03 00:00:00.000000,2023-03-01 00:00:00.000000,Departamento,arriendo,agency
PI-2023-03-002902,portalinmobiliario,La Florida,Metropolitana,800000,22.86,92.5,2023-02-21 00:00:00.000000,2023-03-15 00:00:00.000000,Departamento,ARRIENDO,agency
PI-2023-03-001472,portalinmobiliario,San Joaquín,Metropolitana,400000,11.43,29.6,2023-02-06 00:00:00.000000,2023-03-08 00:00:00.000000,Departamento,Arriendo,owner_direct
PI-2023-03-000498,portalinmobiliario,Las Condes,Metropolitana,2820000,80.57,78.5,2022-12-09 00:00:00.000000,2023-03-01 00:00:00.000000,Departamento,arriendo,agency
PI-2023-03-004481,portalinmobiliario,La Reina,Metropolitana,600000,17.14,1.0,2023-03-05 00:00:00.000000,2023-03-29 00:00:00.000000,DEPARTAMENTO,arriendo,agency
PI-2023-03-004976,portalinmobiliario,Huechuraba,Metropolitana,670000,19.14,80.3,2023-03-15 00:00:00.000000,2023-03-29 00:00:00.000000,Departamento,arriendo,agency
PI-2023-03-003111,portalinmobiliario,Conchalí,Metropolitana,540000,15.43,50.3,2023-03-02 00:00:00.000000,2023-03-22 00:00:00.000000,departamento,ARRIENDO,agency
PI-2023-03-004920,portalinmobiliario,Ñuñoa,Metropolitana,465000,13.29,24.8,2023-03-15 00:00:00.000000,2023-03-29 00:00:00.000000,DEPARTAMENTO,Arriendo,owner_direct
PI-2023-03-001935,portalinmobiliario,La Florida,Metropolitana,450000,12.86,29.0,2023-02-16 00:00:00.000000,2023-03-15 00:00:00.000000,departamento,ARRIENDO,owner_direct
PI-2023-03-003014,portalinmobiliario,Santiago,Metropolitana,505000,14.43,39.3,2022-09-05 00:00:00.000000,2023-03-22 00:00:00.000000,Departamento,ARRIENDO,agency
PI-2023-03-004729,portalinmobiliario,San Miguel,Metropolitana,860000,24.57,81.8,2023-03-18 00:00:00.000000,2023-03-29 00:00:00.000000,DEPARTAMENTO,arriendo,owner_direct
PI-2023-03-002193,portalinmobiliario,Santiago,Metropolitana,470000,13.43,41.2,2023-02-19 00:00:00.000000,2023-03-15 00:00:00.000000,DEPARTAMENTO,arriendo,owner_direct
PI-2023-03-004417,portalinmobiliario,Macul,Metropolitana,600000,17.14,50.8,2023-02-23 00:00:00.000000,2023-03-29 00:00:00.000000,DEPARTAMENTO,ARRIENDO,agency
PI-2023-03-000125,portalinmobiliario,PUENTE ALTO,Metropolitana,495000,14.14,53.6,2023-02-05 00:00:00.000000,2023-03-01 00:00:00.000000,departamento,ARRIENDO,agency
PI-2023-03-003910,portalinmobiliario,SANTIAGO,Metropolitana,540000,15.43,38.3,2023-03-19 00:00:00.000000,2023-03-22 00:00:00.000000,DEPARTAMENTO,arriendo,agency
PI-2023-03-001136,portalinmobiliario,Estación Central,Metropolitana,640000,18.29,67.2,2023-02-26 00:00:00.000000,2023-03-08 00:00:00.000000,departamento,ARRIENDO,agency
PI-2023-03-002271,portalinmobiliario,Santiago,Metropolitana,795000,22.71,65.7,2023-03-14 00:00:00.000000,2023-03-15 00:00:00.000000,departamento,arriendo,agency
PI-2023-03-000807,portalinmobiliario, La Reina,Metropolitana,660000,18.86,36.8,2023-02-26 00:00:00.000000,2023-03-01 00:00:00.000000,Departamento,arriendo,owner_direct
PI-2023-03-004720,portalinmobiliario,Maipú,Metropolitana,540000,15.43,59.7,2023-03-12 00:00:00.000000,2023-03-29 00:00:00.000000,Departamento,Arriendo,agency
PI-2023-03-000693,portalinmobiliario,Providencia,Metropolitana,1310000,37.43,74.3,2023-02-21 00:00:00.000000,2023-03-01 00:00:00.000000,Departamento,arriendo,owner_direct
PI-2023-03-001906,portalinmobiliario,Ñuñoa,Metropolitana,660000,18.86,50.6,2023-02-27 00:00:00.000000,2023-03-08 00:00:00.000000,Departamento,Arriendo,agency
PI-2023-03-001954,portalinmobiliario,Santiago,Metropolitana,1035000,29.57,113.7,2023-02-23 00:00:00.000000,2023-03-15 00:00:00.000000,Departamento,ARRIENDO,agency
PI-2023-03-004588,portalinmobiliario,Las Condes,Metropolitana,1250000,35.71,77.6,2023-02-24 00:00:00.000000,2023-03-29 00:00:00.000000,Departamento,Arriendo,agency
PI-2023-03-000674,portalinmobiliario,Ñuñoa,Metropolitana,1145000,32.71,88.2,2023-02-12 00:00:00.000000,2023-03-01 00:00:00.000000,departamento,Arriendo,owner_direct
PI-2023-03-003040,portalinmobiliario,Huechuraba,Metropolitana,580000,16.57,40.3,2023-01-31 00:00:00.000000,2023-03-22 00:00:00.000000,departamento,arriendo,agency
PI-2023-03-000705,portalinmobiliario,Las Condes,Metropolitana,1010000,28.86,52.9,2023-02-25 00:00:00.000000,2023-03-01 00:00:00.000000,Departamento,ARRIENDO,owner_direct
PI-2023-03-003319,portalinmobiliario,Macul,Metropolitana,555000,15.86,46.2,2023-03-09 00:00:00.000000,2023-03-22 00:00:00.000000,departamento,arriendo,owner_direct
PI-2023-03-001462,portalinmobiliario,Renca,Metropolitana,455000,13.0,52.9,2023-01-22 00:00:00.000000,2023-03-08 00:00:00.000000,Departamento,ARRIENDO,agency
PI-2023-03-001382,portalinmobiliario,Santiago,Metropolitana,565000,16.14,44.7,2023-02-25 00:00:00.000000,2023-03-08 00:00:00.000000,DEPARTAMENTO,arriendo,agency
PI-2023-03-002853,portalinmobiliario,Maipú,Metropolitana,485000,13.86,53.7,2023-03-03 00:00:00.000000,2023-03-15 00:00:00.000000,DEPARTAMENTO,ARRIENDO,owner_direct
PI-2023-03-004295,portalinmobiliario,Macul,Metropolitana,725000,20.71,64.1,2023-03-27 00:00:00.000000,2023-03-29 00:00:00.000000,DEPARTAMENTO,arriendo,agency
PI-2023-03-002747,portalinmobiliario,Conchalí,Metropolitana,830000,23.71,97.1,2023-02-08 00:00:00.000000,2023-03-15 00:00:00.000000,DEPARTAMENTO,ARRIENDO,agency
PI-2023-03-001114,portalinmobiliario,Lo Barnechea,Metropolitana,660000,18.86,34.2,2023-01-24 00:00:00.000000,2023-03-08 00:00:00.000000,Departamento,Arriendo,agency
PI-2023-03-005128,portalinmobiliario,Huechuraba,Metropolitana,455000,13.0,25.5,2023-02-13 00:00:00.000000,2023-03-29 00:00:00.000000,Departamento,Arriendo,owner_direct
PI-2023-03-000303,portalinmobiliario,Recoleta,Metropolitana,390000,11.14,36.9,2023-02-05 00:00:00.000000,2023-03-01 00:00:00.000000,departamento,Arriendo,agency
PI-2023-03-001343,portalinmobiliario,Macul,Metropolitana,450000,12.86,37.0,2023-02-03 00:00:00.000000,2023-03-08 00:00:00.000000,DEPARTAMENTO,Arriendo,agency
PI-2023-03-003186,portalinmobiliario,Las Condes,Metropolitana,1000000,28.57,34.0,2023-03-06 00:00:00.000000,2023-03-22 00:00:00.000000,Departamento,arriendo,owner_direct
PI-2023-03-005255,portalinmobiliario,La Cisterna,Metropolitana,500000,14.29,57.0,2023-03-02 00:00:00.000000,2023-03-29 00:00:00.000000,Departamento,Arriendo,agency
PI-2023-03-000068,portalinmobiliario,Providencia,Metropolitana,935000,26.71,45.9,2023-02-02 00:00:00.000000,2023-03-01 00:00:00.000000,DEPARTAMENTO,arriendo,agency
PI-2023-03-004580,portalinmobiliario,La Florida,Metropolitana,565000,16.14,55.1,2023-03-06 00:00:00.000000,2023-03-29 00:00:00.000000,departamento,ARRIENDO,agency
PI-2023-03-005185,portalinmobiliario,Maipú,Metropolitana,410000,11.71,34.4,2023-03-14 00:00:00.000000,2023-03-29 00:00:00.000000,DEPARTAMENTO,arriendo,owner_direct
PI-2023-03-003010,portalinmobiliario,Pudahuel,Metropolitana,420000,12.0,31.9,2023-02-18 00:00:00.000000,2023-03-22 00:00:00.000000,Departamento,ARRIENDO,owner_direct
PI-2023-03-003501,portalinmobiliario,Independencia,Metropolitana,475000,13.57,42.2,2023-03-16 00:00:00.000000,2023-03-22 00:00:00.000000,DEPARTAMENTO,arriendo,agency
PI-2023-03-001292,portalinmobiliario,Las Condes,Metropolitana,940000,26.86,40.3,2023-01-23 00:00:00.000000,2023-03-08 00:00:00.000000,DEPARTAMENTO,Arriendo,owner_direct
PI-2023-03-000089,portalinmobiliario,Santiago,Metropolitana,650000,18.57,57.9,2023-02-17 00:00:00.000000,2023-03-01 00:00:00.000000,Departamento,ARRIENDO,owner_direct
PI-2023-03-005183,portalinmobiliario,Santiago,Metropolitana,790000,22.57,78.8,2023-03-14 00:00:00.000000,2023-03-29 00:00:00.000000,Departamento,ARRIENDO,owner_direct
PI-2023-03-004458,portalinmobiliario,San Miguel,Metropolitana,575000,16.43,50.9,2023-01-17 00:00:00.000000,2023-03-29 00:00:00.000000,DEPARTAMENTO,ARRIENDO,owner_direct
PI-2023-03-003996,portalinmobiliario,Santiago,Metropolitana,540000,15.43,38.0,2023-02-01 00:00:00.000000,2023-03-22 00:00:00.000000,departamento,Arriendo,owner_direct
PI-2023-03-000020,portalinmobiliario,Independencia,Metropolitana,765000,21.86,97.0,2023-01-30 00:00:00.000000,2023-03-01 00:00:00.000000,departamento,arriendo,agency
PI-2023-03-002898,portalinmobiliario,Estación Central,Metropolitana,420000,12.0,34.8,2023-02-23 00:00:00.000000,2023-03-15 00:00:00.000000,DEPARTAMENTO,arriendo,owner_direct
PI-2023-03-001249,portalinmobiliario,Las Condes,Metropolitana,850000,24.29,29.9,2023-02-21 00:00:00.000000,2023-03-08 00:00:00.000000,DEPARTAMENTO,Arriendo,agency
PI-2023-03-005082,portalinmobiliario,Santiago,Metropolitana,520000,14.86,39.3,2023-02-28 00:00:00.000000,2023-03-29 00:00:00.000000,departamento,ARRIENDO,agency
PI-2023-03-003359,portalinmobiliario,Santiago,Metropolitana,510000,14.57,45.0,2023-02-12 00:00:00.000000,2023-03-22 00:00:00.000000,departamento,Arriendo,agency
PI-2023-03-002896,portalinmobiliario,Pudahuel,Metropolitana,445000,12.71,33.6,2023-03-05 00:00:00.000000,2023-03-15 00:00:00.000000,DEPARTAMENTO,Arriendo,agency
PI-2023-03-002955,portalinmobiliario,Cerrillos,Metropolitana,820000,23.43,87.1,2023-02-28 00:00:00.000000,2023-03-22 00:00:00.000000,Departamento,arriendo,owner_direct
PI-2023-03-004004,portalinmobiliario,Macul,Metropolitana,475000,13.57,32.0,2023-02-10 00:00:00.000000,2023-03-22 00:00:00.000000,departamento,ARRIENDO,owner_direct
PI-2023-03-002912,portalinmobiliario,Macul,Metropolitana,990000,28.29,112.2,2023-01-14 00:00:00.000000,2023-03-15 00:00:00.000000,departamento,ARRIENDO,agency
PI-2023-03-004098,portalinmobiliario,Las Condes,Metropolitana,1065000,30.43,36.0,2023-03-10 00:00:00.000000,2023-03-29 00:00:00.000000,DEPARTAMENTO,ARRIENDO,agency
PI-2023-03-003989,portalinmobiliario,Independencia,Metropolitana,595000,17.0,49.7,2023-01-31 00:00:00.000000,2023-03-22 00:00:00.000000,Departamento,arriendo,agency
PI-2023-03-002183,portalinmobiliario,Santiago,Metropolitana,745000,21.29,62.8,2023-02-16 00:00:00.000000,2023-03-15 00:00:00.000000,Departamento,Arriendo,owner_direct
PI-2023-03-002905,portalinmobiliario,Macul,Metropolitana,495000,14.14,35.5,2023-03-08 00:00:00.000000,2023-03-15 00:00:00.000000,departamento,Arriendo,agency
PI-2023-03-002084,portalinmobiliario,Providencia,Metropolitana,740000,21.14,35.8,2023-03-04 00:00:00.000000,2023-03-15 00:00:00.000000,departamento,ARRIENDO,agency
PI-2023-03-003616,portalinmobiliario,Quilicura,Metropolitana,355000,10.14,31.1,2023-02-15 00:00:00.000000,2023-03-22 00:00:00.000000,DEPARTAMENTO,Arriendo,owner_direct
PI-2023-03-000330,portalinmobiliario,Las Condes,Metropolitana,14460000,413.14,1200.0,2023-02-24 00:00:00.000000,2023-03-01 00:00:00.000000,DEPARTAMENTO,Arriendo,owner_direct
PI-2023-03-004966,portalinmobiliario,Las Condes,Metropolitana,840000,24.0,44.8,2023-03-16 00:00:00.000000,2023-03-29 00:00:00.000000,Departamento,Arriendo,owner_direct
PI-2023-03-002132,portalinmobiliario,Macul,Metropolitana,535000,15.29,44.1,2023-02-10 00:00:00.000000,2023-03-15 00:00:00.000000,departamento,Arriendo,agency
PI-2023-03-001267,portalinmobiliario,Pudahuel,Metropolitana,565000,16.14,72.5,2023-02-14 00:00:00.000000,2023-03-08 00:00:00.000000,departamento,ARRIENDO,owner_direct
PI-2023-03-001894,portalinmobiliario,Renca,Metropolitana,365000,10.43,31.5,2023-02-15 00:00:00.000000,2023-03-08 00:00:00.000000,DEPARTAMENTO,Arriendo,owner_direct
PI-2023-03-001730,portalinmobiliario,Vitacura,Metropolitana,1610000,46.0,69.8,2023-02-04 00:00:00.000000,2023-03-08 00:00:00.000000,Departamento,Arriendo,agency
PI-2023-03-001710,portalinmobiliario, La Cisterna,Metropolitana,585000,16.71,52.9,2023-02-13 00:00:00.000000,2023-03-08 00:00:00.000000,departamento,ARRIENDO,owner_direct
PI-2023-03-003440,portalinmobiliario,La Florida,Metropolitana,620000,17.71,68.0,2023-03-08 00:00:00.000000,2023-03-22 00:00:00.000000,DEPARTAMENTO,arriendo,agency
PI-2023-03-000921,portalinmobiliario,SAN MIGUEL,Metropolitana,870000,24.86,76.7,2023-02-13 00:00:00.000000,2023-03-01 00:00:00.000000,Departamento,ARRIENDO,agency
PI-2023-03-001306,portalinmobiliario,Santiago,Metropolitana,675000,19.29,51.5,2023-01-29 00:00:00.000000,2023-03-08 00:00:00.000000,DEPARTAMENTO,arriendo,agency
PI-2023-03-001334,portalinmobiliario,Providencia,Metropolitana,890000,25.43,48.6,2023-02-17 00:00:00.000000,2023-03-08 00:00:00.000000,departamento,Arriendo,agency
PI-2023-03-001448,portalinmobiliario,Puente Alto,Metropolitana,515000,14.71,40.5,2023-02-13 00:00:00.000000,2023-03-08 00:00:00.000000,DEPARTAMENTO,Arriendo,agency
PI-2023-03-003473,portalinmobiliario,Providencia,Metropolitana,970000,27.71,49.6,2023-03-13 00:00:00.000000,2023-03-22 00:00:00.000000,DEPARTAMENTO,ARRIENDO,agency
PI-2023-03-003162,portalinmobiliario,Las Condes,Metropolitana,1410000,40.29,73.2,2023-03-07 00:00:00.000000,2023-03-22 00:00:00.000000,DEPARTAMENTO,ARRIENDO,owner_direct
PI-2023-03-002137,portalinmobiliario,Recoleta,Metropolitana,655000,18.71,64.4,2023-02-26 00:00:00.000000,2023-03-15 00:00:00.000000,Departamento,arriendo,owner_direct
PI-2023-03-001452,portalinmobiliario,La Florida,Metropolitana,5075000,145.0,54.0,2023-02-06 00:00:00.000000,2023-03-08 00:00:00.000000,DEPARTAMENTO,ARRIENDO,owner_direct
PI-2023-03-002056,portalinmobiliario,Independencia,Metropolitana,580000,16.57,66.1,2023-03-04 00:00:00.000000,2023-03-15 00:00:00.000000,Departamento,arriendo,agency
PI-2023-03-000142,portalinmobiliario,Ñuñoa,Metropolitana,780000,22.29,90.6,2023-01-23 00:00:00.000000,2023-03-01 00:00:00.000000,DEPARTAMENTO,Arriendo,agency
PI-2023-03-004426,portalinmobiliario,Las Condes,Metropolitana,885000,25.29,30.0,2023-02-12 00:00:00.000000,2023-03-29 00:00:00.000000,departamento,arriendo,agency
PI-2023-03-000754,portalinmobiliario,Santiago,Metropolitana,465000,13.29,29.9,2023-01-21 00:00:00.000000,2023-03-01 00:00:00.000000,departamento,arriendo,agency
PI-2023-03-003838,portalinmobiliario,La Florida,Metropolitana,485000,13.86,43.7,2023-02-27 00:00:00.000000,2023-03-22 00:00:00.000000,Departamento,Arriendo,agency
PI-2023-03-001173,portalinmobiliario,Santiago,Metropolitana,510000,14.57,40.5,2023-01-25 00:00:00.000000,2023-03-08 00:00:00.000000,DEPARTAMENTO,ARRIENDO,agency
PI-2023-03-002922,portalinmobiliario,Macul,Metropolitana,560000,16.0,68.2,2023-03-03 00:00:00.000000,2023-03-15 00:00:00.000000,Departamento,arriendo,owner_direct
PI-2023-03-000904,portalinmobiliario,Santiago,Metropolitana,725000,20.71,56.1,2023-02-11 00:00:00.000000,2023-03-01 00:00:00.000000,DEPARTAMENTO,arriendo,agency
PI-2023-03-000785,portalinmobiliario,Las Condes,Metropolitana,1250000,35.71,83.7,2023-02-22 00:00:00.000000,2023-03-01 00:00:00.000000,departamento,Arriendo,agency
PI-2023-03-003101,portalinmobiliario,Providencia,Metropolitana,1005000,28.71,41.3,2023-03-02 00:00:00.000000,2023-03-22 00:00:00.000000,departamento,arriendo,agency
PI-2023-03-000886,portalinmobiliario,San Miguel,Metropolitana,425000,12.14,32.9,2023-02-22 00:00:00.000000,2023-03-01 00:00:00.000000,departamento,arriendo,owner_direct
PI-2023-03-004489,portalinmobiliario,Lo Barnechea,Metropolitana,930000,26.57,44.0,2023-03-20 00:00:00.000000,2023-03-29 00:00:00.000000,departamento,ARRIENDO,agency
PI-2023-03-004933,portalinmobiliario,Estación Central,Metropolitana,475000,13.57,64.2,2022-11-18 00:00:00.000000,2023-03-29 00:00:00.000000,Departamento,Arriendo,owner_direct
PI-2023-03-002943,portalinmobiliario,Estación Central,Metropolitana,450000,12.86,48.1,2023-03-07 00:00:00.000000,2023-03-15 00:00:00.000000,departamento,ARRIENDO,agency
PI-2023-03-001500,portalinmobiliario,Quinta Normal,Metropolitana,460000,13.14,38.6,2023-02-17 00:00:00.000000,2023-03-08 00:00:00.000000,departamento,arriendo,owner_direct
PI-2023-03-002264,portalinmobiliario,Santiago,Metropolitana,7095000,202.71,999.0,2022-12-12 00:00:00.000000,2023-03-15 00:00:00.000000,departamento,ARRIENDO,agency
PI-2023-03-004859,portalinmobiliario,Ñuñoa,Metropolitana,1820000,52.0,30.7,2023-03-24 00:00:00.000000,2023-03-29 00:00:00.000000,DEPARTAMENTO,Arriendo,agency
PI-2023-03-002543,portalinmobiliario,Independencia,Metropolitana,395000,11.29,36.2,2023-02-03 00:00:00.000000,2023-03-15 00:00:00.000000,DEPARTAMENTO,ARRIENDO,owner_direct
PI-2023-03-004713,portalinmobiliario,Vitacura ,Metropolitana,1105000,31.57,33.5,2023-03-26 00:00:00.000000,2023-03-29 00:00:00.000000,departamento,Arriendo,agency
PI-2023-03-001804,portalinmobiliario,Providencia,Metropolitana,1705000,48.71,93.2,2023-02-27 00:00:00.000000,2023-03-08 00:00:00.000000,DEPARTAMENTO,arriendo,agency
PI-2023-03-004640,portalinmobiliario,San Joaquín,Metropolitana,450000,12.86,42.5,2023-02-05 00:00:00.000000,2023-03-29 00:00:00.000000,departamento,ARRIENDO,agency
PI-2023-03-002131,portalinmobiliario,Estación Central,Metropolitana,550000,15.71,47.7,2023-02-28 00:00:00.000000,2023-03-15 00:00:00.000000,Departamento,ARRIENDO,agency
PI-2023-03-003131,portalinmobiliario,San Miguel,Metropolitana,7360000,210.29,58.0,2023-02-23 00:00:00.000000,2023-03-22 00:00:00.000000,Departamento,Arriendo,agency
PI-2023-03-002032,portalinmobiliario,Providencia,Metropolitana,895000,25.57,59.1,2023-01-19 00:00:00.000000,2023-03-15 00:00:00.000000,departamento,ARRIENDO,agency
PI-2023-03-004439,portalinmobiliario,Recoleta,Metropolitana,685000,19.57,76.4,2023-03-15 00:00:00.000000,2023-03-29 00:00:00.000000,departamento,Arriendo,agency
PI-2023-03-003166,portalinmobiliario,Las Condes,Metropolitana,745000,21.29,38.2,2023-03-16 00:00:00.000000,2023-03-22 00:00:00.000000,departamento,Arriendo,owner_direct
PI-2023-03-003354,portalinmobiliario,Recoleta,Metropolitana,505000,14.43,52.3,2023-03-19 00:00:00.000000,2023-03-22 00:00:00.000000,departamento,Arriendo,agency
PI-2023-03-002494,portalinmobiliario,Las Condes,Metropolitana,1180000,33.71,59.3,2023-02-27 00:00:00.000000,2023-03-15 00:00:00.000000,Departamento,ARRIENDO,owner_direct
PI-2023-03-003074,portalinmobiliario,San Miguel,Metropolitana,515000,14.71,40.0,2023-03-01 00:00:00.000000,2023-03-22 00:00:00.000000,DEPARTAMENTO,arriendo,agency
PI-2023-03-005219,portalinmobiliario,La Florida,Metropolitana,675000,19.29,87.1,2023-02-21 00:00:00.000000,2023-03-29 00:00:00.000000,Departamento,arriendo,agency
PI-2023-03-002936,portalinmobiliario,maipú,Metropolitana,530000,15.14,52.5,2023-01-08 00:00:00.000000,2023-03-15 00:00:00.000000,DEPARTAMENTO,arriendo,agency
PI-2023-03-005300,portalinmobiliario,Recoleta,Metropolitana,525000,15.0,45.8,2023-02-26 00:00:00.000000,2023-03-29 00:00:00.000000,Departamento,arriendo,owner_direct
PI-2023-03-001767,portalinmobiliario,Quinta Normal,Metropolitana,805000,23.0,96.5,2023-02-17 00:00:00.000000,2023-03-08 00:00:00.000000,departamento,ARRIENDO,agency
PI-2023-03-004297,portalinmobiliario,Maipú,Metropolitana,890000,25.43,126.4,2023-01-25 00:00:00.000000,2023-03-29 00:00:00.000000,Departamento,arriendo,agency
PI-2023-03-004985,portalinmobiliario,RECOLETA,Metropolitana,475000,13.57,41.0,2023-02-11 00:00:00.000000,2023-03-29 00:00:00.000000,Departamento,ARRIENDO,agency
PI-2023-03-003593,portalinmobiliario,Las Condes,Metropolitana,865000,24.71,41.6,2023-03-10 00:00:00.000000,2023-03-22 00:00:00.000000,DEPARTAMENTO,Arriendo,agency
PI-2023-03-002442,portalinmobiliario,LAS CONDES,Metropolitana,940000,26.86,41.4,2022-09-12 00:00:00.000000,2023-03-15 00:00:00.000000,Departamento,arriendo,agency
PI-2023-03-005263,portalinmobiliario,Las Condes,Metropolitana,740000,21.14,33.9,2023-01-10 00:00:00.000000,2023-03-29 00:00:00.000000,DEPARTAMENTO,ARRIENDO,agency
PI-2023-03-004041,portalinmobiliario,San Miguel,Metropolitana,490000,14.0,38.8,2023-03-08 00:00:00.000000,2023-03-22 00:00:00.000000,Departamento,arriendo,agency
PI-2023-03-001320,portalinmobiliario,Santiago,Metropolitana,715000,20.43,49.5,2023-03-03 00:00:00.000000,2023-03-08 00:00:00.000000,DEPARTAMENTO,arriendo,owner_direct
PI-2023-03-002092,portalinmobiliario,Huechuraba,Metropolitana,765000,21.86,63.3,2023-02-11 00:00:00.000000,2023-03-15 00:00:00.000000,Departamento,arriendo,agency
PI-2023-03-003793,portalinmobiliario,Providencia,Metropolitana,680000,19.43,24.8,2022-10-24 00:00:00.000000,2023-03-22 00:00:00.000000,DEPARTAMENTO,ARRIENDO,agency
PI-2023-03-000543,portalinmobiliario,Peñalolén,Metropolitana,615000,,63.1,2023-02-10 00:00:00.000000,2023-03-01 00:00:00.000000,DEPARTAMENTO,ARRIENDO,agency
PI-2023-03-000282,portalinmobiliario,Recoleta,Metropolitana,525000,15.0,43.7,2023-01-30 00:00:00.000000,2023-03-01 00:00:00.000000,departamento,arriendo,owner_direct
PI-2023-03-000394,portalinmobiliario,Lo Barnechea,Metropolitana,955000,27.29,54.8,2023-02-13 00:00:00.000000,2023-03-01 00:00:00.000000,DEPARTAMENTO,arriendo,owner_direct
PI-2023-03-002812,portalinmobiliario,Lo Barnechea,Metropolitana,1345000,38.43,87.6,2023-02-23 00:00:00.000000,2023-03-15 00:00:00.000000,departamento,Arriendo,owner_direct
PI-2023-03-000703,portalinmobiliario,San Miguel,Metropolitana,1020000,29.14,145.7,2022-12-03 00:00:00.000000,2023-03-01 00:00:00.000000,departamento,ARRIENDO,agency
PI-2023-03-002362,portalinmobiliario,Santiago,Metropolitana,390000,11.14,29.6,2023-02-08 00:00:00.000000,2023-03-15 00:00:00.000000,Departamento,arriendo,owner_direct
PI-2023-03-000247,portalinmobiliario,Recoleta,Metropolitana,520000,14.86,57.2,2023-02-06 00:00:00.000000,2023-03-01 00:00:00.000000,DEPARTAMENTO,ARRIENDO,agency
PI-2023-03-003376,portalinmobiliario,Independencia,Metropolitana,370000,10.57,27.8,2023-01-23 00:00:00.000000,2023-03-22 00:00:00.000000,Departamento,Arriendo,agency
PI-2023-03-003674,portalinmobiliario,Macul,Metropolitana,445000,12.71,34.0,2023-02-24 00:00:00.000000,2023-03-22 00:00:00.000000,Departamento,ARRIENDO,agency
PI-2023-03-000188,portalinmobiliario,La Reina,Metropolitana,745000,21.29,45.0,2023-01-07 00:00:00.000000,2023-03-01 00:00:00.000000,DEPARTAMENTO,Arriendo,agency
PI-2023-03-001908,portalinmobiliario,Santiago,Metropolitana,555000,15.86,51.6,2023-03-10 00:00:00.000000,2023-03-15 00:00:00.000000,departamento,ARRIENDO,agency
PI-2023-03-000774,portalinmobiliario,Independencia,Metropolitana,500000,14.29,38.3,2023-01-04 00:00:00.000000,2023-03-01 00:00:00.000000,DEPARTAMENTO,Arriendo,owner_direct
PI-2023-03-004077,portalinmobiliario,Santiago,Metropolitana,475000,13.57,43.4,2023-03-28 00:00:00.000000,2023-03-29 00:00:00.000000,DEPARTAMENTO,ARRIENDO,agency
PI-2023-03-001201,portalinmobiliario,Independencia,Metropolitana,440000,12.57,37.9,2023-01-31 00:00:00.000000,2023-03-08 00:00:00.000000,DEPARTAMENTO,Arriendo,agency
PI-2023-03-001581,portalinmobiliario,Santiago,Metropolitana,635000,18.14,73.5,2023-02-04 00:00:00.000000,2023-03-08 00:00:00.000000,Departamento,ARRIENDO,agency
PI-2023-03-001754,portalinmobiliario,Estación Central,Metropolitana,905000,25.86,100.7,2023-03-07 00:00:00.000000,2023-03-08 00:00:00.000000,Departamento,arriendo,agency
PI-2023-03-004865,portalinmobiliario,Santiago,Metropolitana,990000,28.29,89.2,2023-03-14 00:00:00.000000,2023-03-29 00:00:00.000000,departamento,arriendo,agency
PI-2023-03-004822,portalinmobiliario,La Reina,Metropolitana,1315000,37.57,93.6,2023-03-25 00:00:00.000000,2023-03-29 00:00:00.000000,Departamento,arriendo,owner_direct
PI-2023-03-000184,portalinmobiliario,Las Condes,Metropolitana,1110000,31.71,55.5,2023-02-21 00:00:00.000000,2023-03-01 00:00:00.000000,departamento,ARRIENDO,agency
PI-2023-03-000019,portalinmobiliario,Independencia,Metropolitana,620000,17.71,72.4,2023-01-15 00:00:00.000000,2023-03-01 00:00:00.000000,departamento,ARRIENDO,agency
PI-2023-03-001165,portalinmobiliario,Macul,Metropolitana,640000,18.29,67.8,2023-01-15 00:00:00.000000,2023-03-08 00:00:00.000000,departamento,ARRIENDO,agency
PI-2023-03-000679,portalinmobiliario,Ñuñoa,Metropolitana,925000,,69.6,2023-02-14 00:00:00.000000,2023-03-01 00:00:00.000000,departamento,Arriendo,owner_direct
PI-2023-03-004321,portalinmobiliario,Conchalí,Metropolitana,430000,12.29,31.8,2023-02-27 00:00:00.000000,2023-03-29 00:00:00.000000,DEPARTAMENTO,ARRIENDO,agency
PI-2023-03-000442,portalinmobiliario,San Joaquín,Metropolitana,905000,25.86,111.1,2023-02-14 00:00:00.000000,2023-03-01 00:00:00.000000,departamento,Arriendo,agency
PI-2023-03-005042,portalinmobiliario,Santiago,Metropolitana,650000,18.57,58.5,2022-09-30 00:00:00.000000,2023-03-29 00:00:00.000000,DEPARTAMENTO,ARRIENDO,agency
PI-2023-03-004132,portalinmobiliario,Puente Alto,Metropolitana,385000,11.0,1.0,2023-03-03 00:00:00.000000,2023-03-29 00:00:00.000000,Departamento,arriendo,owner_direct
PI-2023-03-003815,portalinmobiliario,Santiago,Metropolitana,535000,15.29,41.7,2023-01-17 00:00:00.000000,2023-03-22 00:00:00.000000,departamento,arriendo,owner_direct
PI-2023-03-004692,portalinmobiliario,Las Condes,Metropolitana,1290000,36.86,79.7,2023-02-27 00:00:00.000000,2023-03-29 00:00:00.000000,DEPARTAMENTO,Arriendo,owner_direct
PI-2023-03-001503,portalinmobiliario,Santiago,Metropolitana,595000,17.0,62.8,2022-10-07 00:00:00.000000,2023-03-08 00:00:00.000000,Departamento,Arriendo,agency
PI-2023-03-002216,portalinmobiliario,La Reina,Metropolitana,755000,21.57,45.2,2023-03-07 00:00:00.000000,2023-03-15 00:00:00.000000,Departamento,Arriendo,agency
PI-2023-03-000716,portalinmobiliario, Quilicura,Metropolitana,595000,17.0,77.9,2023-02-18 00:00:00.000000,2023-03-01 00:00:00.000000,Departamento,arriendo,agency
PI-2023-03-003465,portalinmobiliario,Santiago,Metropolitana,645000,18.43,40.6,2023-03-20 00:00:00.000000,2023-03-22 00:00:00.000000,DEPARTAMENTO,Arriendo,agency
PI-2023-03-000450,portalinmobiliario,Macul,Metropolitana,660000,18.86,59.1,2022-12-15 00:00:00.000000,2023-03-01 00:00:00.000000,Departamento,arriendo,agency
PI-2023-03-001769,portalinmobiliario,La Cisterna,Metropolitana,515000,14.71,62.0,2023-02-19 00:00:00.000000,2023-03-08 00:00:00.000000,departamento,ARRIENDO,agency
PI-2023-03-001550,portalinmobiliario,Estación Central,Metropolitana,380000,10.86,26.8,2023-01-29 00:00:00.000000,2023-03-08 00:00:00.000000,departamento,arriendo,agency
PI-2023-03-003226,portalinmobiliario,Providencia,Metropolitana,1395000,39.86,99.2,2023-03-13 00:00:00.000000,2023-03-22 00:00:00.000000,departamento,Arriendo,owner_direct
PI-2023-03-004533,portalinmobiliario,Las Condes,Metropolitana,1035000,29.57,59.2,2023-03-10 00:00:00.000000,2023-03-29 00:00:00.000000,Departamento,Arriendo,owner_direct
PI-2023-03-002656,portalinmobiliario,Santiago,Metropolitana,580000,16.57,42.7,2023-02-26 00:00:00.000000,2023-03-15 00:00:00.000000,DEPARTAMENTO,Arriendo,agency
PI-2023-03-004287,portalinmobiliario,Quinta Normal,Metropolitana,490000,14.0,56.4,2022-08-21 00:00:00.000000,2023-03-29 00:00:00.000000,DEPARTAMENTO,Arriendo,agency
PI-2023-03-003705,portalinmobiliario,PUDAHUEL,Metropolitana,5010000,143.14,55.8,2023-03-04 00:00:00.000000,2023-03-22 00:00:00.000000,departamento,ARRIENDO,agency
PI-2023-03-000232,portalinmobiliario,Santiago,Metropolitana,605000,17.29,55.9,2023-01-08 00:00:00.000000,2023-03-01 00:00:00.000000,Departamento,Arriendo,agency
PI-2023-03-000319,portalinmobiliario,Recoleta,Metropolitana,520000,14.86,59.5,2023-01-19 00:00:00.000000,2023-03-01 00:00:00.000000,departamento,Arriendo,owner_direct
PI-2023-03-003231,portalinmobiliario,San Miguel,Metropolitana,590000,16.86,55.8,2023-03-03 00:00:00.000000,2023-03-22 00:00:00.000000,DEPARTAMENTO,ARRIENDO,agency
PI-2023-03-003926,portalinmobiliario,Ñuñoa,Metropolitana,820000,23.43,57.3,2023-01-30 00:00:00.000000,2023-03-22 00:00:00.000000,DEPARTAMENTO,Arriendo,agency
PI-2023-03-004636,portalinmobiliario,Macul,Metropolitana,290000,8.29,24.7,2023-03-19 00:00:00.000000,2023-03-29 00:00:00.000000,Departamento,Arriendo,agency
PI-2023-03-003660,portalinmobiliario,Santiago,Metropolitana,605000,17.29,49.3,2023-02-27 00:00:00.000000,2023-03-22 00:00:00.000000,DEPARTAMENTO,Arriendo,agency
PI-2023-03-004921,portalinmobiliario,La Florida,Metropolitana,385000,11.0,38.6,2023-03-09 00:00:00.000000,2023-03-29 00:00:00.000000,DEPARTAMENTO,arriendo,owner_direct
PI-2023-03-004220,portalinmobiliario,Ñuñoa,Metropolitana,685000,19.57,55.7,2023-03-12 00:00:00.000000,2023-03-29 00:00:00.000000,DEPARTAMENTO,ARRIENDO,owner_direct
PI-2023-03-000837,portalinmobiliario,San Miguel,Metropolitana,510000,14.57,41.7,2023-02-14 00:00:00.000000,2023-03-01 00:00:00.000000,Departamento,Arriendo,agency
PI-2023-03-003697,portalinmobiliario,Estación Central,Metropolitana,650000,18.57,71.7,2023-02-23 00:00:00.000000,2023-03-22 00:00:00.000000,Departamento,ARRIENDO,owner_direct
PI-2023-03-004943,portalinmobiliario,Santiago,Metropolitana,855000,24.43,76.1,2023-03-04 00:00:00.000000,2023-03-29 00:00:00.000000,Departamento,arriendo,agency
PI-2023-03-003906,portalinmobiliario,Lo Barnechea,Metropolitana,735000,21.0,41.8,2023-03-17 00:00:00.000000,2023-03-22 00:00:00.000000,Departamento,arriendo,agency
PI-2023-03-000869,portalinmobiliario,Ñuñoa,Metropolitana,540000,15.43,41.5,2023-02-04 00:00:00.000000,2023-03-01 00:00:00.000000,Departamento,Arriendo,owner_direct
PI-2023-03-001723,portalinmobiliario,Macul,Metropolitana,630000,18.0,58.2,2023-02-15 00:00:00.000000,2023-03-08 00:00:00.000000,Departamento,arriendo,agency
PI-2023-03-002233,portalinmobiliario,Recoleta,Metropolitana,470000,13.43,50.2,2023-02-27 00:00:00.000000,2023-03-15 00:00:00.000000,Departamento,ARRIENDO,agency
PI-2023-03-002788,portalinmobiliario,Independencia,Metropolitana,385000,11.0,1.0,2023-02-22 00:00:00.000000,2023-03-15 00:00:00.000000,DEPARTAMENTO,arriendo,owner_direct
PI-2023-03-004730,portalinmobiliario,Peñalolén,Metropolitana,495000,14.14,36.3,2023-03-24 00:00:00.000000,2023-03-29 00:00:00.000000,Departamento,ARRIENDO,agency
PI-2023-03-003212,portalinmobiliario,La Florida,Metropolitana,560000,16.0,43.0,2023-01-27 00:00:00.000000,2023-03-22 00:00:00.000000,DEPARTAMENTO,ARRIENDO,agency
PI-2023-03-001009,portalinmobiliario,Recoleta,Metropolitana,385000,11.0,36.9,2023-02-09 00:00:00.000000,2023-03-08 00:00:00.000000,DEPARTAMENTO,ARRIENDO,agency
PI-2023-03-002319,portalinmobiliario,San Miguel,Metropolitana,790000,22.57,87.2,2023-01-09 00:00:00.000000,2023-03-15 00:00:00.000000,DEPARTAMENTO,arriendo,agency
PI-2023-03-003667,portalinmobiliario,Santiago,Metropolitana,440000,12.57,30.3,2023-03-11 00:00:00.000000,2023-03-22 00:00:00.000000,Departamento,arriendo,agency
PI-2023-03-004826,portalinmobiliario,Macul,Metropolitana,515000,14.71,37.2,2023-02-26 00:00:00.000000,2023-03-29 00:00:00.000000,departamento,arriendo,agency
PI-2023-03-004735,portalinmobiliario,Quilicura,Metropolitana,430000,12.29,38.9,2023-03-22 00:00:00.000000,2023-03-29 00:00:00.000000,Departamento,Arriendo,owner_direct
PI-2023-03-001388,portalinmobiliario,Santiago,Metropolitana,635000,18.14,48.5,2023-02-13 00:00:00.000000,2023-03-08 00:00:00.000000,DEPARTAMENTO,ARRIENDO,owner_direct
PI-2023-03-004094,portalinmobiliario,Estación Central,Metropolitana,465000,13.29,45.7,2023-03-26 00:00:00.000000,2023-03-29 00:00:00.000000,departamento,arriendo,owner_direct
PI-2023-03-000066,portalinmobiliario,Estación Central,Metropolitana,420000,12.0,47.0,2023-02-20 00:00:00.000000,2023-03-01 00:00:00.000000,Departamento,Arriendo,agency
PI-2023-03-003798,portalinmobiliario,La Florida,Metropolitana,370000,10.57,24.0,2023-03-04 00:00:00.000000,2023-03-22 00:00:00.000000,departamento,ARRIENDO,agency
PI-2023-03-000781,portalinmobiliario,La Cisterna,Metropolitana,1005000,28.71,138.2,2023-01-06 00:00:00.000000,2023-03-01 00:00:00.000000,DEPARTAMENTO,Arriendo,owner_direct
PI-2023-03-004468,portalinmobiliario,Quilicura,Metropolitana,565000,16.14,74.7,2023-03-23 00:00:00.000000,2023-03-29 00:00:00.000000,Departamento,arriendo,owner_direct
PI-2023-03-003741,portalinmobiliario,San Joaquín,Metropolitana,540000,15.43,48.3,2023-03-10 00:00:00.000000,2023-03-22 00:00:00.000000,DEPARTAMENTO,ARRIENDO,owner_direct
PI-2023-03-001094,portalinmobiliario,Huechuraba,Metropolitana,565000,16.14,37.8,2023-03-01 00:00:00.000000,2023-03-08 00:00:00.000000,departamento,ARRIENDO,agency
PI-2023-03-003727,portalinmobiliario,Santiago,Metropolitana,705000,20.14,51.3,2023-03-03 00:00:00.000000,2023-03-22 00:00:00.000000,Departamento,arriendo,agency
PI-2023-03-004313,portalinmobiliario,Recoleta,Metropolitana,730000,20.86,93.9,2023-03-11 00:00:00.000000,2023-03-29 00:00:00.000000,DEPARTAMENTO,arriendo,owner_direct
PI-2023-03-001867,portalinmobiliario,Estación Central,Metropolitana,500000,14.29,42.0,2023-02-15 00:00:00.000000,2023-03-08 00:00:00.000000,DEPARTAMENTO,Arriendo,agency
PI-2023-03-002860,portalinmobiliario,San Joaquín,Metropolitana,430000,12.29,22.7,2022-12-06 00:00:00.000000,2023-03-15 00:00:00.000000,Departamento,ARRIENDO,agency
PI-2023-03-000393,portalinmobiliario,Providencia,Metropolitana,1820000,52.0,119.2,2023-02-18 00:00:00.000000,2023-03-01 00:00:00.000000,DEPARTAMENTO,ARRIENDO,agency
PI-2023-03-001239,portalinmobiliario,Santiago,Metropolitana,665000,,68.7,2023-01-27 00:00:00.000000,2023-03-08 00:00:00.000000,DEPARTAMENTO,Arriendo,owner_direct
PI-2023-03-001469,portalinmobiliario,Las Condes,Metropolitana,1315000,37.57,64.6,2023-01-29 00:00:00.000000,2023-03-08 00:00:00.000000,Departamento,Arriendo,agency
PI-2023-03-001080,portalinmobiliario,Lo Barnechea,Metropolitana,720000,20.57,37.7,2023-01-11 00:00:00.000000,2023-03-08 00:00:00.000000,departamento,Arriendo,owner_direct
PI-2023-03-001722,portalinmobiliario,Santiago,Metropolitana,950000,27.14,79.4,2023-02-13 00:00:00.000000,2023-03-08 00:00:00.000000,departamento,ARRIENDO,agency
PI-2023-03-004816,portalinmobiliario,Recoleta,Metropolitana,465000,13.29,53.5,2023-03-24 00:00:00.000000,2023-03-29 00:00:00.000000,DEPARTAMENTO,ARRIENDO,agency
PI-2023-03-002394,portalinmobiliario,San Miguel,Metropolitana,580000,16.57,52.5,2023-02-23 00:00:00.000000,2023-03-15 00:00:00.000000,DEPARTAMENTO,ARRIENDO,agency
PI-2023-03-002326,portalinmobiliario,recoleta,Metropolitana,545000,15.57,80.9,2023-02-06 00:00:00.000000,2023-03-15 00:00:00.000000,DEPARTAMENTO,Arriendo,agency
PI-2023-03-002827,portalinmobiliario,Independencia,Metropolitana,600000,17.14,57.2,2023-03-03 00:00:00.000000,2023-03-15 00:00:00.000000,departamento,arriendo,agency
PI-2023-03-002422,portalinmobiliario,Estación Central,Metropolitana,495000,14.14,43.4,2023-01-07 00:00:00.000000,2023-03-15 00:00:00.000000,DEPARTAMENTO,Arriendo,owner_direct
PI-2023-03-000909,portalinmobiliario,Independencia,Metropolitana,480000,,45.1,2023-02-05 00:00:00.000000,2023-03-01 00:00:00.000000,DEPARTAMENTO,arriendo,owner_direct
PI-2023-03-003802,portalinmobiliario,Providencia,Metropolitana,1095000,31.29,58.0,2023-03-07 00:00:00.000000,2023-03-22 00:00:00.000000,Departamento,arriendo,agency
PI-2023-03-000934,portalinmobiliario,La Reina,Metropolitana,645000,18.43,43.6,2023-01-04 00:00:00.000000,2023-03-01 00:00:00.000000,DEPARTAMENTO,arriendo,agency
PI-2023-03-002112,portalinmobiliario,Santiago,Metropolitana,435000,12.43,29.2,2023-01-18 00:00:00.000000,2023-03-15 00:00:00.000000,departamento,Arriendo,agency
PI-2023-03-003475,portalinmobiliario,Macul,Metropolitana,680000,19.43,63.6,2023-02-26 00:00:00.000000,2023-03-22 00:00:00.000000,departamento,arriendo,agency
PI-2023-03-004739,portalinmobiliario,Pudahuel,Metropolitana,335000,,37.1,2023-03-07 00:00:00.000000,2023-03-29 00:00:00.000000,DEPARTAMENTO,ARRIENDO,agency
PI-2023-03-004625,portalinmobiliario,Cerrillos,Metropolitana,700000,20.0,100.9,2023-02-15 00:00:00.000000,2023-03-29 00:00:00.000000,departamento,Arriendo,agency
PI-2023-03-004579,portalinmobiliario,San Miguel,Metropolitana,475000,13.57,39.1,2023-01-27 00:00:00.000000,2023-03-29 00:00:00.000000,departamento,ARRIENDO,agency
PI-2023-03-000219,portalinmobiliario,Ñuñoa,Metropolitana,1580000,45.14,145.0,2023-02-16 00:00:00.000000,2023-03-01 00:00:00.000000,DEPARTAMENTO,arriendo,owner_direct
PI-2023-03-000208,portalinmobiliario,Santiago,Metropolitana,665000,19.0,51.2,2023-01-26 00:00:00.000000,2023-03-01 00:00:00.000000,departamento,ARRIENDO,owner_direct
PI-2023-03-003312,portalinmobiliario,Santiago,Metropolitana,735000,21.0,73.6,2023-02-19 00:00:00.000000,2023-03-22 00:00:00.000000,Departamento,ARRIENDO,agency
PI-2023-03-005112,portalinmobiliario,La Reina,Metropolitana,1035000,29.57,76.3,2023-03-20 00:00:00.000000,2023-03-29 00:00:00.000000,Departamento,arriendo,owner_direct
PI-2023-03-000605,portalinmobiliario,Macul,Metropolitana,680000,19.43,55.2,2023-02-25 00:00:00.000000,2023-03-01 00:00:00.000000,DEPARTAMENTO,arriendo,agency
PI-2023-03-000294,portalinmobiliario,Recoleta,Metropolitana,400000,11.43,35.1,2023-01-18 00:00:00.000000,2023-03-01 00:00:00.000000,DEPARTAMENTO,ARRIENDO,owner_direct
PI-2023-03-000967,portalinmobiliario,La Reina,Metropolitana,740000,21.14,46.2,2023-02-12 00:00:00.000000,2023-03-08 00:00:00.000000,Departamento,Arriendo,agency
PI-2023-03-002364,portalinmobiliario,Independencia,Metropolitana,505000,14.43,51.4,2023-01-24 00:00:00.000000,2023-03-15 00:00:00.000000,DEPARTAMENTO,ARRIENDO,owner_direct
PI-2023-03-001660,portalinmobiliario,La Cisterna,Metropolitana,615000,17.57,50.2,2023-02-26 00:00:00.000000,2023-03-08 00:00:00.000000,DEPARTAMENTO,arriendo,agency
PI-2023-03-003900,portalinmobiliario,Providencia,Metropolitana,775000,22.14,43.4,2023-03-06 00:00:00.000000,2023-03-22 00:00:00.000000,DEPARTAMENTO,arriendo,agency
PI-2023-03-000062,portalinmobiliario,Providencia,Metropolitana,690000,19.71,30.9,2023-02-05 00:00:00.000000,2023-03-01 00:00:00.000000,departamento,Arriendo,owner_direct
PI-2023-03-004107,portalinmobiliario,Estación Central,Metropolitana,430000,12.29,36.3,2023-02-24 00:00:00.000000,2023-03-29 00:00:00.000000,departamento,arriendo,agency
PI-2023-03-002294,portalinmobiliario,las condes,Metropolitana,1425000,40.71,73.7,2023-02-06 00:00:00.000000,2023-03-15 00:00:00.000000,DEPARTAMENTO,Arriendo,agency
PI-2023-03-003009,portalinmobiliario,Santiago,Metropolitana,505000,14.43,23.7,2023-03-20 00:00:00.000000,2023-03-22 00:00:00.000000,Departamento,arriendo,agency
PI-2023-03-001250,portalinmobiliario,Estación Central,Metropolitana,440000,12.57,42.8,2023-02-12 00:00:00.000000,2023-03-08 00:00:00.000000,DEPARTAMENTO,Arriendo,agency
PI-2023-03-003633,portalinmobiliario,Providencia,Metropolitana,1185000,33.86,80.0,2023-02-23 00:00:00.000000,2023-03-22 00:00:00.000000,departamento,Arriendo,owner_direct
PI-2023-03-001089,portalinmobiliario,Providencia,Metropolitana,745000,21.29,26.8,2023-01-02 00:00:00.000000,2023-03-08 00:00:00.000000,DEPARTAMENTO,Arriendo,agency
PI-2023-03-000527,portalinmobiliario,Renca,Metropolitana,375000,10.71,40.3,2023-01-30 00:00:00.000000,2023-03-01 00:00:00.000000,departamento,ARRIENDO,agency
PI-2023-03-004373,portalinmobiliario,Independencia,Metropolitana,540000,15.43,48.4,2023-02-09 00:00:00.000000,2023-03-29 00:00:00.000000,DEPARTAMENTO,arriendo,owner_direct
PI-2023-03-004564,portalinmobiliario,Peñalolén,Metropolitana,465000,13.29,48.7,2022-08-10 00:00:00.000000,2023-03-29 00:00:00.000000,departamento,Arriendo,owner_direct
PI-2023-03-000831,portalinmobiliario,Ñuñoa,Metropolitana,560000,16.0,32.2,2023-02-23 00:00:00.000000,2023-03-01 00:00:00.000000,DEPARTAMENTO,ARRIENDO,agency
PI-2023-03-004830,portalinmobiliario,Maipú,Metropolitana,565000,16.14,65.0,2023-01-14 00:00:00.000000,2023-03-29 00:00:00.000000,Departamento,Arriendo,owner_direct
PI-2023-03-000385,portalinmobiliario,Santiago,Metropolitana,535000,15.29,36.8,2023-02-19 00:00:00.000000,2023-03-01 00:00:00.000000,Departamento,ARRIENDO,agency
PI-2023-03-003392,portalinmobiliario,Recoleta,Metropolitana,790000,22.57,79.9,2023-03-14 00:00:00.000000,2023-03-22 00:00:00.000000,Departamento,Arriendo,agency
PI-2023-03-001782,portalinmobiliario,La Florida,Metropolitana,635000,18.14,53.4,2023-02-22 00:00:00.000000,2023-03-08 00:00:00.000000,departamento,ARRIENDO,agency
PI-2023-03-001765,portalinmobiliario,Maipú,Metropolitana,470000,13.43,54.4,2023-02-01 00:00:00.000000,2023-03-08 00:00:00.000000,Departamento,Arriendo,agency
PI-2023-03-004050,portalinmobiliario,La Reina,Metropolitana,650000,18.57,29.1,2023-03-11 00:00:00.000000,2023-03-22 00:00:00.000000,Departamento,ARRIENDO,agency
PI-2023-03-002586,portalinmobiliario,La Florida,Metropolitana,430000,12.29,33.6,2023-02-27 00:00:00.000000,2023-03-15 00:00:00.000000,DEPARTAMENTO,ARRIENDO,agency
PI-2023-03-003084,portalinmobiliario,Santiago,Metropolitana,590000,16.86,42.7,2023-03-11 00:00:00.000000,2023-03-22 00:00:00.000000,departamento,ARRIENDO,owner_direct
PI-2023-03-002628,portalinmobiliario,Independencia,Metropolitana,295000,8.43,27.3,2023-03-02 00:00:00.000000,2023-03-15 00:00:00.000000,departamento,Arriendo,agency
PI-2023-03-003882,portalinmobiliario,Las Condes,Metropolitana,735000,21.0,36.3,2023-02-08 00:00:00.000000,2023-03-22 00:00:00.000000,DEPARTAMENTO,Arriendo,owner_direct
PI-2023-03-001361,portalinmobiliario,Peñalolén,Metropolitana,645000,18.43,78.3,2023-02-07 00:00:00.000000,2023-03-08 00:00:00.000000,Departamento,Arriendo,owner_direct
PI-2023-03-000180,portalinmobiliario,Providencia,Metropolitana,730000,20.86,36.3,2022-12-27 00:00:00.000000,2023-03-01 00:00:00.000000,Departamento,ARRIENDO,owner_direct
PI-2023-03-004493,portalinmobiliario,Estación Central,Metropolitana,590000,16.86,52.3,2023-02-14 00:00:00.000000,2023-03-29 00:00:00.000000,Departamento,arriendo,agency
PI-2023-03-003457,portalinmobiliario,Santiago,Metropolitana,705000,20.14,62.2,2022-12-05 00:00:00.000000,2023-03-22 00:00:00.000000,DEPARTAMENTO,Arriendo,owner_direct
PI-2023-03-005058,portalinmobiliario,Maipú,Metropolitana,350000,10.0,23.3,2023-03-04 00:00:00.000000,2023-03-29 00:00:00.000000,Departamento,ARRIENDO,agency
PI-2023-03-001666,portalinmobiliario,Independencia,Metropolitana,710000,20.29,73.8,2023-03-01 00:00:00.000000,2023-03-08 00:00:00.000000,DEPARTAMENTO,arriendo,agency
PI-2023-03-003182,portalinmobiliario,Huechuraba,Metropolitana,630000,18.0,39.5,2023-03-07 00:00:00.000000,2023-03-22 00:00:00.000000,DEPARTAMENTO,ARRIENDO,agency
PI-2023-03-003233,portalinmobiliario,Providencia,Metropolitana,1345000,38.43,77.2,2023-03-05 00:00:00.000000,2023-03-22 00:00:00.000000,DEPARTAMENTO,arriendo,owner_direct
PI-2023-03-001708,portalinmobiliario,Renca,Metropolitana,400000,11.43,52.8,2023-02-23 00:00:00.000000,2023-03-08 00:00:00.000000,Departamento,ARRIENDO,agency
PI-2023-03-004488,portalinmobiliario,Recoleta,Metropolitana,385000,11.0,39.2,2023-02-22 00:00:00.000000,2023-03-29 00:00:00.000000,Departamento,ARRIENDO,owner_direct
PI-2023-03-000724,portalinmobiliario,Macul,Metropolitana,720000,20.57,61.7,2022-11-01 00:00:00.000000,2023-03-01 00:00:00.000000,departamento,arriendo,agency
PI-2023-03-001527,portalinmobiliario,Independencia,Metropolitana,365000,10.43,29.4,2023-02-23 00:00:00.000000,2023-03-08 00:00:00.000000,DEPARTAMENTO,ARRIENDO,owner_direct
PI-2023-03-005370,portalinmobiliario,Providencia,Metropolitana,915000,26.14,43.5,2023-02-16 00:00:00.000000,2023-03-29 00:00:00.000000,DEPARTAMENTO,Arriendo,agency
PI-2023-03-002995,portalinmobiliario,Macul,Metropolitana,1810000,51.71,400.0,2023-03-14 00:00:00.000000,2023-03-22 00:00:00.000000,DEPARTAMENTO,Arriendo,agency
PI-2023-03-001490,portalinmobiliario,Quinta Normal,Metropolitana,395000,11.29,34.2,2023-02-19 00:00:00.000000,2023-03-08 00:00:00.000000,DEPARTAMENTO,ARRIENDO,agency
PI-2023-03-000156,portalinmobiliario,Ñuñoa,Metropolitana,560000,16.0,31.2,2023-02-05 00:00:00.000000,2023-03-01 00:00:00.000000,Departamento,ARRIENDO,agency
PI-2023-03-000405,portalinmobiliario,Santiago,Metropolitana,415000,11.86,24.6,2023-02-05 00:00:00.000000,2023-03-01 00:00:00.000000,DEPARTAMENTO,Arriendo,agency
PI-2023-03-003816,portalinmobiliario,Renca,Metropolitana,835000,23.86,118.8,2023-03-12 00:00:00.000000,2023-03-22 00:00:00.000000,DEPARTAMENTO,arriendo,agency
PI-2023-03-001069,portalinmobiliario,Santiago,Metropolitana,415000,11.86,36.1,2023-02-10 00:00:00.000000,2023-03-08 00:00:00.000000,departamento,arriendo,agency
PI-2023-03-002802,portalinmobiliario,Estación Central,Metropolitana,350000,10.0,20.0,2023-02-28 00:00:00.000000,2023-03-15 00:00:00.000000,Departamento,ARRIENDO,owner_direct
PI-2023-03-000121,portalinmobiliario,Providencia,Metropolitana,760000,21.71,42.9,2023-01-17 00:00:00.000000,2023-03-01 00:00:00.000000,DEPARTAMENTO,arriendo,agency
PI-2023-03-001971,portalinmobiliario,Lo Barnechea,Metropolitana,810000,23.14,36.6,2023-02-05 00:00:00.000000,2023-03-15 00:00:00.000000,Departamento,Arriendo,owner_direct
PI-2023-03-004307,portalinmobiliario,La Cisterna,Metropolitana,2650000,75.71,400.0,2023-03-08 00:00:00.000000,2023-03-29 00:00:00.000000,departamento,Arriendo,agency
PI-2023-03-000569,portalinmobiliario,Ñuñoa,Metropolitana,745000,21.29,51.4,2023-02-21 00:00:00.000000,2023-03-01 00:00:00.000000,Departamento,ARRIENDO,owner_direct
PI-2023-03-003831,portalinmobiliario,Puente Alto,Metropolitana,420000,12.0,34.7,2023-03-17 00:00:00.000000,2023-03-22 00:00:00.000000,Departamento,ARRIENDO,agency
PI-2023-03-002440,portalinmobiliario,Puente Alto,Metropolitana,455000,13.0,45.3,2023-02-22 00:00:00.000000,2023-03-15 00:00:00.000000,DEPARTAMENTO,arriendo,agency
PI-2023-03-000028,portalinmobiliario,Las Condes,Metropolitana,1070000,30.57,56.4,2023-01-10 00:00:00.000000,2023-03-01 00:00:00.000000,departamento,arriendo,owner_direct
PI-2023-03-001856,portalinmobiliario,Maipú,Metropolitana,465000,13.29,39.2,2023-01-23 00:00:00.000000,2023-03-08 00:00:00.000000,departamento,ARRIENDO,agency
PI-2023-03-005220,portalinmobiliario,Las Condes,Metropolitana,1020000,29.14,59.5,2023-03-06 00:00:00.000000,2023-03-29 00:00:00.000000,Departamento,arriendo,agency
PI-2023-03-001507,portalinmobiliario, Santiago,Metropolitana,690000,19.71,66.3,2023-01-29 00:00:00.000000,2023-03-08 00:00:00.000000,Departamento,ARRIENDO,agency
PI-2023-03-005048,portalinmobiliario,Maipú,Metropolitana,490000,14.0,45.9,2023-03-09 00:00:00.000000,2023-03-29 00:00:00.000000,DEPARTAMENTO,ARRIENDO,agency
PI-2023-03-005240,portalinmobiliario,San Miguel,Metropolitana,530000,15.14,35.6,2023-02-04 00:00:00.000000,2023-03-29 00:00:00.000000,DEPARTAMENTO,ARRIENDO,agency
PI-2023-03-002352,portalinmobiliario,Peñalolén,Metropolitana,480000,13.71,29.8,2022-11-21 00:00:00.000000,2023-03-15 00:00:00.000000,departamento,arriendo,agency
PI-2023-03-001941,portalinmobiliario,Maipú,Metropolitana,440000,12.57,48.5,2023-03-08 00:00:00.000000,2023-03-15 00:00:00.000000,departamento,arriendo,owner_direct
PI-2023-03-003648,portalinmobiliario,Maipú,Metropolitana,430000,12.29,51.0,2023-02-25 00:00:00.000000,2023-03-22 00:00:00.000000,DEPARTAMENTO,arriendo,agency
PI-2023-03-001203,portalinmobiliario,Maipú,Metropolitana,400000,11.43,39.0,2023-01-05 00:00:00.000000,2023-03-08 00:00:00.000000,departamento,ARRIENDO,agency
PI-2023-03-002427,portalinmobiliario,Quinta Normal,Metropolitana,445000,12.71,31.3,2022-09-10 00:00:00.000000,2023-03-15 00:00:00.000000,DEPARTAMENTO,ARRIENDO,agency
PI-2023-03-003489,portalinmobiliario,Las Condes,Metropolitana,770000,22.0,29.8,2023-03-05 00:00:00.000000,2023-03-22 00:00:00.000000,departamento,ARRIENDO,owner_direct
PI-2023-03-005264,portalinmobiliario,Ñuñoa,Metropolitana,795000,22.71,56.7,2023-02-22 00:00:00.000000,2023-03-29 00:00:00.000000,Departamento,arriendo,agency
PI-2023-03-001234,portalinmobiliario,Huechuraba,Metropolitana,725000,20.71,60.7,2023-01-29 00:00:00.000000,2023-03-08 00:00:00.000000,departamento,ARRIENDO,agency
PI-2023-03-002689,portalinmobiliario,Macul,Metropolitana,515000,14.71,43.8,2023-03-03 00:00:00.000000,2023-03-15 00:00:00.000000,DEPARTAMENTO,Arriendo,agency
PI-2023-03-003140,portalinmobiliario,Cerrillos,Metropolitana,535000,15.29,53.8,2023-01-24 00:00:00.000000,2023-03-22 00:00:00.000000,Departamento,arriendo,owner_direct
PI-2023-03-000981,portalinmobiliario,Quilicura,Metropolitana,505000,14.43,34.1,2023-02-05 00:00:00.000000,2023-03-08 00:00:00.000000,DEPARTAMENTO,ARRIENDO,agency
PI-2023-03-000989,portalinmobiliario,Lo Barnechea,Metropolitana,705000,20.14,33.5,2023-02-13 00:00:00.000000,2023-03-08 00:00:00.000000,Departamento,arriendo,agency
PI-2023-03-001697,portalinmobiliario,Quilicura,Metropolitana,370000,10.57,37.2,2023-02-07 00:00:00.000000,2023-03-08 00:00:00.000000,Departamento,ARRIENDO,owner_direct
PI-2023-03-000110,portalinmobiliario,Estación Central,Metropolitana,575000,16.43,63.8,2023-02-13 00:00:00.000000,2023-03-01 00:00:00.000000,departamento,arriendo,agency
PI-2023-03-003902,portalinmobiliario,La Reina,Metropolitana,965000,27.57,63.4,2022-10-17 00:00:00.000000,2023-03-22 00:00:00.000000,DEPARTAMENTO,Arriendo,agency
PI-2023-03-003189,portalinmobiliario,Recoleta,Metropolitana,460000,13.14,40.5,2023-02-23 00:00:00.000000,2023-03-22 00:00:00.000000,DEPARTAMENTO,ARRIENDO,agency
PI-2023-03-004617,portalinmobiliario,Lo Barnechea,Metropolitana,1040000,29.71,70.3,2023-03-20 00:00:00.000000,2023-03-29 00:00:00.000000,departamento,ARRIENDO,agency
PI-2023-03-005011,portalinmobiliario,Santiago,Metropolitana,590000,16.86,46.7,2023-02-25 00:00:00.000000,2023-03-29 00:00:00.000000,Departamento,arriendo,owner_direct
PI-2023-03-001412,portalinmobiliario,Ñuñoa,Metropolitana,595000,17.0,35.7,2023-01-10 00:00:00.000000,2023-03-08 00:00:00.000000,Departamento,arriendo,agency
PI-2023-03-002737,portalinmobiliario,Ñuñoa,Metropolitana,735000,21.0,50.6,2023-03-01 00:00:00.000000,2023-03-15 00:00:00.000000,Departamento,Arriendo,agency
PI-2023-03-000025,portalinmobiliario,Recoleta,Metropolitana,370000,10.57,30.9,2023-02-14 00:00:00.000000,2023-03-01 00:00:00.000000,DEPARTAMENTO,Arriendo,agency
PI-2023-03-002662,portalinmobiliario,Santiago,Metropolitana,820000,23.43,67.2,2023-03-03 00:00:00.000000,2023-03-15 00:00:00.000000,departamento,arriendo,agency
PI-2023-03-004360,portalinmobiliario,Ñuñoa,Metropolitana,1410000,40.29,147.2,2023-03-05 00:00:00.000000,2023-03-29 00:00:00.000000,DEPARTAMENTO,ARRIENDO,agency
PI-2023-03-002162,portalinmobiliario,La Florida,Metropolitana,415000,11.86,24.7,2023-02-20 00:00:00.000000,2023-03-15 00:00:00.000000,Departamento,Arriendo,owner_direct
PI-2023-03-004760,portalinmobiliario,Lo Barnechea,Metropolitana,900000,25.71,49.2,2023-02-24 00:00:00.000000,2023-03-29 00:00:00.000000,departamento,ARRIENDO,agency
PI-2023-03-002164,portalinmobiliario,Santiago,Metropolitana,585000,16.71,43.5,2023-02-19 00:00:00.000000,2023-03-15 00:00:00.000000,DEPARTAMENTO,arriendo,owner_direct
PI-2023-03-004947,portalinmobiliario,La Florida,Metropolitana,655000,18.71,52.8,2023-03-25 00:00:00.000000,2023-03-29 00:00:00.000000,departamento,arriendo,owner_direct
PI-2023-03-004583,portalinmobiliario,Recoleta,Metropolitana,440000,12.57,42.8,2023-03-22 00:00:00.000000,2023-03-29 00:00:00.000000,Departamento,arriendo,agency
PI-2023-03-004156,portalinmobiliario,Estación Central,Metropolitana,865000,24.71,113.1,2023-03-03 00:00:00.000000,2023-03-29 00:00:00.000000,Departamento,arriendo,owner_direct
PI-2023-03-002486,portalinmobiliario,Macul,Metropolitana,495000,14.14,31.0,2023-02-25 00:00:00.000000,2023-03-15 00:00:00.000000,Departamento,Arriendo,agency
PI-2023-03-005060,portalinmobiliario,Santiago,Metropolitana,655000,18.71,49.7,2023-02-15 00:00:00.000000,2023-03-29 00:00:00.000000,DEPARTAMENTO,ARRIENDO,agency
PI-2023-03-002511,portalinmobiliario,Conchalí,Metropolitana,520000,14.86,56.8,2023-03-10 00:00:00.000000,2023-03-15 00:00:00.000000,departamento,Arriendo,owner_direct
PI-2023-03-002974,portalinmobiliario,Providencia,Metropolitana,1660000,47.43,102.8,2023-02-28 00:00:00.000000,2023-03-22 00:00:00.000000,departamento,ARRIENDO,agency
PI-2023-03-003637,portalinmobiliario,Peñalolén,Metropolitana,420000,12.0,30.8,2023-02-21 00:00:00.000000,2023-03-22 00:00:00.000000,Departamento,arriendo,agency
PI-2023-03-004837,portalinmobiliario, Santiago,Metropolitana,715000,20.43,60.5,2023-02-28 00:00:00.000000,2023-03-29 00:00:00.000000,Departamento,arriendo,agency
PI-2023-03-004939,portalinmobiliario,Pudahuel,Metropolitana,435000,12.43,42.5,2023-02-28 00:00:00.000000,2023-03-29 00:00:00.000000,DEPARTAMENTO,arriendo,owner_direct
PI-2023-03-004919,portalinmobiliario,Quilicura,Metropolitana,525000,15.0,63.3,2023-02-10 00:00:00.000000,2023-03-29 00:00:00.000000,Departamento,Arriendo,agency
PI-2023-03-003373,portalinmobiliario,Quilicura,Metropolitana,460000,13.14,53.7,2023-03-04 00:00:00.000000,2023-03-22 00:00:00.000000,Departamento,arriendo,agency
PI-2023-03-005215,portalinmobiliario,La Florida,Metropolitana,490000,14.0,47.2,2023-03-23 00:00:00.000000,2023-03-29 00:00:00.000000,departamento,ARRIENDO,agency
PI-2023-03-001967,portalinmobiliario,Quilicura,Metropolitana,540000,15.43,79.6,2023-03-02 00:00:00.000000,2023-03-15 00:00:00.000000,DEPARTAMENTO,Arriendo,agency
PI-2023-03-004252,portalinmobiliario,La Florida,Metropolitana,795000,22.71,106.3,2022-12-30 00:00:00.000000,2023-03-29 00:00:00.000000,Departamento,Arriendo,agency
PI-2023-03-001095,portalinmobiliario,Maipú,Metropolitana,490000,14.0,53.2,2023-02-17 00:00:00.000000,2023-03-08 00:00:00.000000,departamento,Arriendo,agency
PI-2023-03-000135,portalinmobiliario,Independencia,Metropolitana,615000,17.57,79.5,2023-02-27 00:00:00.000000,2023-03-01 00:00:00.000000,departamento,arriendo,owner_direct
PI-2023-03-002013,portalinmobiliario,Providencia,Metropolitana,870000,24.86,54.3,2023-02-15 00:00:00.000000,2023-03-15 00:00:00.000000,DEPARTAMENTO,ARRIENDO,owner_direct
PI-2023-03-000655,portalinmobiliario,La Florida,Metropolitana,655000,18.71,59.2,2023-02-16 00:00:00.000000,2023-03-01 00:00:00.000000,departamento,arriendo,agency
PI-2023-03-002123,portalinmobiliario,Santiago,Metropolitana,525000,15.0,39.9,2023-02-12 00:00:00.000000,2023-03-15 00:00:00.000000,departamento,ARRIENDO,agency
PI-2023-03-001193,portalinmobiliario,Santiago,Metropolitana,585000,16.71,58.1,2023-02-01 00:00:00.000000,2023-03-08 00:00:00.000000,DEPARTAMENTO,ARRIENDO,agency
PI-2023-03-002433,portalinmobiliario,Santiago,Metropolitana,400000,11.43,23.9,2023-03-01 00:00:00.000000,2023-03-15 00:00:00.000000,DEPARTAMENTO,arriendo,owner_direct
PI-2023-03-001135,portalinmobiliario,Maipú,Metropolitana,680000,19.43,75.5,2023-02-02 00:00:00.000000,2023-03-08 00:00:00.000000,departamento,Arriendo,agency
PI-2023-03-001584,portalinmobiliario,Puente Alto,Metropolitana,475000,13.57,51.6,2023-02-26 00:00:00.000000,2023-03-08 00:00:00.000000,DEPARTAMENTO,Arriendo,agency
PI-2023-03-001197,portalinmobiliario,Maipú,Metropolitana,495000,14.14,50.4,2023-01-19 00:00:00.000000,2023-03-08 00:00:00.000000,departamento,Arriendo,agency
PI-2023-03-003657,portalinmobiliario,Vitacura,Metropolitana,1185000,33.86,36.0,2023-03-02 00:00:00.000000,2023-03-22 00:00:00.000000,Departamento,ARRIENDO,agency
PI-2023-03-002805,portalinmobiliario,Puente Alto,Metropolitana,3975000,113.57,35.3,2022-12-06 00:00:00.000000,2023-03-15 00:00:00.000000,Departamento,Arriendo,owner_direct
PI-2023-03-004048,portalinmobiliario,CERRILLOS,Metropolitana,505000,14.43,57.2,2022-10-15 00:00:00.000000,2023-03-22 00:00:00.000000,DEPARTAMENTO,arriendo,agency
PI-2023-03-002505,portalinmobiliario,Quilicura ,Metropolitana,540000,15.43,62.8,2023-02-25 00:00:00.000000,2023-03-15 00:00:00.000000,DEPARTAMENTO,Arriendo,agency
PI-2023-03-001576,portalinmobiliario,Cerrillos,Metropolitana,410000,11.71,41.1,2023-01-27 00:00:00.000000,2023-03-08 00:00:00.000000,departamento,arriendo,owner_direct
PI-2023-03-000304,portalinmobiliario,PROVIDENCIA,Metropolitana,1145000,32.71,57.9,2023-01-02 00:00:00.000000,2023-03-01 00:00:00.000000,DEPARTAMENTO,ARRIENDO,agency
PI-2023-03-002700,portalinmobiliario,Cerrillos,Metropolitana,640000,18.29,70.5,2023-03-10 00:00:00.000000,2023-03-15 00:00:00.000000,departamento,ARRIENDO,owner_direct
PI-2023-03-001718,portalinmobiliario,Cerrillos,Metropolitana,580000,16.57,65.5,2023-01-31 00:00:00.000000,2023-03-08 00:00:00.000000,departamento,arriendo,agency
PI-2023-03-002813,portalinmobiliario,Conchalí,Metropolitana,535000,15.29,64.9,2022-12-03 00:00:00.000000,2023-03-15 00:00:00.000000,departamento,arriendo,agency
PI-2023-03-002388,portalinmobiliario,San Miguel,Metropolitana,465000,13.29,36.4,2023-03-06 00:00:00.000000,2023-03-15 00:00:00.000000,DEPARTAMENTO,arriendo,owner_direct
PI-2023-03-001606,portalinmobiliario,MACUL,Metropolitana,3920000,112.0,23.8,2023-02-17 00:00:00.000000,2023-03-08 00:00:00.000000,departamento,ARRIENDO,agency
PI-2023-03-001007,portalinmobiliario,Santiago,Metropolitana,765000,21.86,55.3,2023-03-04 00:00:00.000000,2023-03-08 00:00:00.000000,DEPARTAMENTO,arriendo,owner_direct
PI-2023-03-001057,portalinmobiliario,Lo Barnechea,Metropolitana,1755000,50.14,138.6,2023-01-29 00:00:00.000000,2023-03-08 00:00:00.000000,departamento,Arriendo,agency
PI-2023-03-001423,portalinmobiliario,Estación Central,Metropolitana,555000,15.86,51.9,2022-12-11 00:00:00.000000,2023-03-08 00:00:00.000000,Departamento,arriendo,owner_direct
PI-2023-03-005087,portalinmobiliario,Santiago,Metropolitana,765000,21.86,72.8,2023-03-26 00:00:00.000000,2023-03-29 00:00:00.000000,Departamento,ARRIENDO,owner_direct
PI-2023-03-002681,portalinmobiliario,Providencia,Metropolitana,1380000,39.43,87.3,2023-02-01 00:00:00.000000,2023-03-15 00:00:00.000000,departamento,arriendo,agency
PI-2023-03-000210,portalinmobiliario,Quinta Normal,Metropolitana,485000,13.86,46.0,2023-02-11 00:00:00.000000,2023-03-01 00:00:00.000000,DEPARTAMENTO,ARRIENDO,agency
PI-2023-03-001715,portalinmobiliario,Independencia,Metropolitana,440000,12.57,44.7,2023-02-12 00:00:00.000000,2023-03-08 00:00:00.000000,departamento,arriendo,agency
PI-2023-03-002045,portalinmobiliario,Santiago,Metropolitana,565000,16.14,48.1,2023-03-05 00:00:00.000000,2023-03-15 00:00:00.000000,departamento,ARRIENDO,owner_direct
PI-2023-03-002235,portalinmobiliario,Cerrillos,Metropolitana,500000,14.29,36.6,2023-03-02 00:00:00.000000,2023-03-15 00:00:00.000000,departamento,ARRIENDO,agency
PI-2023-03-003553,portalinmobiliario,Santiago,Metropolitana,570000,16.29,41.2,2023-02-08 00:00:00.000000,2023-03-22 00:00:00.000000,Departamento,arriendo,agency
PI-2023-03-002171,portalinmobiliario,RECOLETA,Metropolitana,335000,9.57,25.2,2023-02-28 00:00:00.000000,2023-03-15 00:00:00.000000,DEPARTAMENTO,arriendo,owner_direct
PI-2023-03-003597,portalinmobiliario,Renca,Metropolitana,465000,13.29,65.1,2023-03-19 00:00:00.000000,2023-03-22 00:00:00.000000,DEPARTAMENTO,arriendo,owner_direct
PI-2023-03-002614,portalinmobiliario,Recoleta,Metropolitana,635000,18.14,58.2,2023-03-06 00:00:00.000000,2023-03-15 00:00:00.000000,departamento,arriendo,agency
PI-2023-03-005310,portalinmobiliario,Santiago,Metropolitana,920000,26.29,99.6,2023-03-08 00:00:00.000000,2023-03-29 00:00:00.000000,Departamento,arriendo,agency
PI-2023-03-001044,portalinmobiliario,Santiago,Metropolitana,715000,20.43,75.6,2022-12-27 00:00:00.000000,2023-03-08 00:00:00.000000,Departamento,Arriendo,agency
PI-2023-03-000895,portalinmobiliario,Estación Central,Metropolitana,390000,11.14,41.7,2023-02-21 00:00:00.000000,2023-03-01 00:00:00.000000,Departamento,Arriendo,agency
PI-2023-03-000451,portalinmobiliario,La Reina,Metropolitana,1150000,32.86,80.4,2023-01-30 00:00:00.000000,2023-03-01 00:00:00.000000,DEPARTAMENTO,ARRIENDO,owner_direct
PI-2023-03-002228,portalinmobiliario,Quinta Normal,Metropolitana,400000,11.43,33.4,2023-02-23 00:00:00.000000,2023-03-15 00:00:00.000000,Departamento,arriendo,agency
PI-2023-03-005172,portalinmobiliario,Santiago,Metropolitana,840000,24.0,70.0,2023-01-06 00:00:00.000000,2023-03-29 00:00:00.000000,Departamento,ARRIENDO,agency
PI-2023-03-004228,portalinmobiliario,Estación Central,Metropolitana,425000,12.14,42.9,2023-03-21 00:00:00.000000,2023-03-29 00:00:00.000000,Departamento,ARRIENDO,agency
PI-2023-03-000475,portalinmobiliario,San Miguel,Metropolitana,475000,13.57,45.9,2023-02-26 00:00:00.000000,2023-03-01 00:00:00.000000,Departamento,ARRIENDO,owner_direct
PI-2023-03-005331,portalinmobiliario,San Miguel,Metropolitana,665000,19.0,58.6,2023-03-27 00:00:00.000000,2023-03-29 00:00:00.000000,departamento,arriendo,agency
PI-2023-03-000071,portalinmobiliario,La Reina,Metropolitana,690000,19.71,38.5,2023-01-13 00:00:00.000000,2023-03-01 00:00:00.000000,departamento,Arriendo,owner_direct
PI-2023-03-005014,portalinmobiliario,San Miguel,Metropolitana,400000,11.43,28.9,2023-03-08 00:00:00.000000,2023-03-29 00:00:00.000000,Departamento,Arriendo,agency
PI-2023-03-004662,portalinmobiliario,San Miguel,Metropolitana,595000,17.0,53.0,2023-03-19 00:00:00.000000,2023-03-29 00:00:00.000000,DEPARTAMENTO,ARRIENDO,agency
PI-2023-03-000862,portalinmobiliario,La Florida,Metropolitana,480000,13.71,41.6,2023-01-23 00:00:00.000000,2023-03-01 00:00:00.000000,departamento,Arriendo,agency
PI-2023-03-002708,portalinmobiliario,Las Condes,Metropolitana,3955000,113.0,59.5,2022-09-15 00:00:00.000000,2023-03-15 00:00:00.000000,DEPARTAMENTO,Arriendo,owner_direct
PI-2023-03-001346,portalinmobiliario,Independencia,Metropolitana,530000,15.14,52.2,2022-09-15 00:00:00.000000,2023-03-08 00:00:00.000000,DEPARTAMENTO,ARRIENDO,owner_direct
PI-2023-03-001046,portalinmobiliario,Huechuraba,Metropolitana,815000,23.29,82.6,2023-02-16 00:00:00.000000,2023-03-08 00:00:00.000000,DEPARTAMENTO,ARRIENDO,agency
PI-2023-03-002536,portalinmobiliario,San Miguel,Metropolitana,490000,14.0,61.6,2023-03-06 00:00:00.000000,2023-03-15 00:00:00.000000,departamento,Arriendo,agency
PI-2023-03-003258,portalinmobiliario,San Miguel,Metropolitana,805000,23.0,87.4,2023-03-04 00:00:00.000000,2023-03-22 00:00:00.000000,DEPARTAMENTO,arriendo,agency
PI-2023-03-002806,portalinmobiliario,Ñuñoa,Metropolitana,1085000,31.0,100.8,2023-02-28 00:00:00.000000,2023-03-15 00:00:00.000000,DEPARTAMENTO,ARRIENDO,agency
PI-2023-03-004420,portalinmobiliario,las condes,Metropolitana,1175000,33.57,59.9,2023-02-25 00:00:00.000000,2023-03-29 00:00:00.000000,Departamento,Arriendo,owner_direct
PI-2023-03-002944,portalinmobiliario,Estación Central,Metropolitana,405000,11.57,39.0,2022-10-26 00:00:00.000000,2023-03-15 00:00:00.000000,departamento,arriendo,agency
PI-2023-03-000959,portalinmobiliario,Ñuñoa,Metropolitana,660000,18.86,47.5,2023-02-08 00:00:00.000000,2023-03-01 00:00:00.000000,departamento,Arriendo,owner_direct
PI-2023-03-001645,portalinmobiliario,Ñuñoa,Metropolitana,655000,18.71,44.2,2022-09-08 00:00:00.000000,2023-03-08 00:00:00.000000,Departamento,Arriendo,agency
PI-2023-03-003908,portalinmobiliario,Estación Central,Metropolitana,340000,9.71,25.0,2023-03-02 00:00:00.000000,2023-03-22 00:00:00.000000,DEPARTAMENTO,arriendo,agency
PI-2023-03-004526,portalinmobiliario,Recoleta,Metropolitana,900000,25.71,85.4,2023-03-15 00:00:00.000000,2023-03-29 00:00:00.000000,DEPARTAMENTO,arriendo,owner_direct
PI-2023-03-004900,portalinmobiliario,Estación Central,Metropolitana,515000,14.71,43.0,2022-11-08 00:00:00.000000,2023-03-29 00:00:00.000000,DEPARTAMENTO,arriendo,agency
PI-2023-03-002173,portalinmobiliario,santiago,Metropolitana,780000,22.29,71.9,2023-03-06 00:00:00.000000,2023-03-15 00:00:00.000000,Departamento,arriendo,owner_direct
PI-2023-03-000510,portalinmobiliario,Recoleta,Metropolitana,940000,26.86,125.5,2023-02-10 00:00:00.000000,2023-03-01 00:00:00.000000,departamento,Arriendo,agency
PI-2023-03-004496,portalinmobiliario,La Florida,Metropolitana,430000,12.29,30.0,2023-03-04 00:00:00.000000,2023-03-29 00:00:00.000000,departamento,Arriendo,owner_direct
PI-2023-03-000447,portalinmobiliario,Las Condes,Metropolitana,750000,21.43,29.0,2023-02-20 00:00:00.000000,2023-03-01 00:00:00.000000,DEPARTAMENTO,Arriendo,agency
PI-2023-03-004266,portalinmobiliario,Providencia,Metropolitana,935000,26.71,46.7,2023-03-07 00:00:00.000000,2023-03-29 00:00:00.000000,DEPARTAMENTO,Arriendo,owner_direct
PI-2023-03-001489,portalinmobiliario,Las Condes,Metropolitana,770000,22.0,27.5,2022-11-22 00:00:00.000000,2023-03-08 00:00:00.000000,DEPARTAMENTO,Arriendo,agency
PI-2023-03-001031,portalinmobiliario,Independencia,Metropolitana,620000,17.71,56.8,2023-03-04 00:00:00.000000,2023-03-08 00:00:00.000000,Departamento,Arriendo,agency
PI-2023-03-004310,portalinmobiliario,Estación Central,Metropolitana,425000,12.14,42.0,2023-02-08 00:00:00.000000,2023-03-29 00:00:00.000000,departamento,Arriendo,agency
PI-2023-03-001168,portalinmobiliario,La Reina,Metropolitana,505000,14.43,20.0,2023-03-03 00:00:00.000000,2023-03-08 00:00:00.000000,departamento,ARRIENDO,owner_direct
PI-2023-03-000694,portalinmobiliario,la florida,Metropolitana,500000,14.29,36.5,2023-02-04 00:00:00.000000,2023-03-01 00:00:00.000000,Departamento,ARRIENDO,owner_direct
PI-2023-03-004071,portalinmobiliario,Puente Alto,Metropolitana,290000,8.29,25.3,2023-03-21 00:00:00.000000,2023-03-29 00:00:00.000000,DEPARTAMENTO,Arriendo,owner_direct
PI-2023-03-002823,portalinmobiliario,Independencia,Metropolitana,590000,16.86,57.0,2023-03-06 00:00:00.000000,2023-03-15 00:00:00.000000,departamento,arriendo,agency
PI-2023-03-003632,portalinmobiliario,Pudahuel,Metropolitana,460000,13.14,53.9,2023-03-14 00:00:00.000000,2023-03-22 00:00:00.000000,DEPARTAMENTO,arriendo,agency
PI-2023-03-004599,portalinmobiliario,Las Condes,Metropolitana,1215000,34.71,74.2,2023-02-20 00:00:00.000000,2023-03-29 00:00:00.000000,DEPARTAMENTO,Arriendo,agency
PI-2023-03-005092,portalinmobiliario,La Florida,Metropolitana,380000,10.86,28.5,2023-03-25 00:00:00.000000,2023-03-29 00:00:00.000000,Departamento,arriendo,owner_direct
PI-2023-03-001162,portalinmobiliario,Ñuñoa,Metropolitana,795000,22.71,53.4,2023-01-14 00:00:00.000000,2023-03-08 00:00:00.000000,DEPARTAMENTO,Arriendo,agency
PI-2023-03-005243,portalinmobiliario,Estación Central,Metropolitana,750000,21.43,89.4,2023-02-03 00:00:00.000000,2023-03-29 00:00:00.000000,departamento,arriendo,agency
PI-2023-03-002403,portalinmobiliario,Estación Central,Metropolitana,475000,13.57,41.4,2023-02-13 00:00:00.000000,2023-03-15 00:00:00.000000,departamento,Arriendo,agency
PI-2023-03-002588,portalinmobiliario,La Reina,Metropolitana,1025000,29.29,64.6,2023-03-09 00:00:00.000000,2023-03-15 00:00:00.000000,DEPARTAMENTO,Arriendo,owner_direct
PI-2023-03-005251,portalinmobiliario,Quilicura,Metropolitana,530000,15.14,47.1,2023-02-17 00:00:00.000000,2023-03-29 00:00:00.000000,departamento,arriendo,owner_direct
PI-2023-03-000347,portalinmobiliario,Estación Central,Metropolitana,570000,16.29,64.3,2023-02-05 00:00:00.000000,2023-03-01 00:00:00.000000,departamento,arriendo,agency
PI-2023-03-001098,portalinmobiliario, Santiago,Metropolitana,620000,17.71,50.6,2023-02-21 00:00:00.000000,2023-03-08 00:00:00.000000,departamento,ARRIENDO,agency
PI-2023-03-002209,portalinmobiliario,Estación Central,Metropolitana,550000,15.71,52.2,2023-01-20 00:00:00.000000,2023-03-15 00:00:00.000000,DEPARTAMENTO,Arriendo,agency
PI-2023-03-001863,portalinmobiliario,Santiago,Metropolitana,605000,17.29,47.0,2023-02-26 00:00:00.000000,2023-03-08 00:00:00.000000,Departamento,arriendo,owner_direct
PI-2023-03-000825,portalinmobiliario,La Reina,Metropolitana,810000,23.14,56.8,2023-02-27 00:00:00.000000,2023-03-01 00:00:00.000000,departamento,ARRIENDO,agency
PI-2023-03-003306,portalinmobiliario,Santiago,Metropolitana,465000,13.29,28.4,2023-03-19 00:00:00.000000,2023-03-22 00:00:00.000000,DEPARTAMENTO,ARRIENDO,agency
PI-2023-03-005122,portalinmobiliario,Ñuñoa,Metropolitana,1245000,35.57,106.2,2023-03-24 00:00:00.000000,2023-03-29 00:00:00.000000,DEPARTAMENTO,arriendo,agency
PI-2023-03-000409,portalinmobiliario,Providencia,Metropolitana,765000,21.86,30.9,2023-01-26 00:00:00.000000,2023-03-01 00:00:00.000000,departamento,ARRIENDO,agency
PI-2023-03-002087,portalinmobiliario,Las Condes,Metropolitana,905000,25.86,39.6,2023-02-16 00:00:00.000000,2023-03-15 00:00:00.000000,DEPARTAMENTO,Arriendo,owner_direct
PI-2023-03-002842,portalinmobiliario,Santiago,Metropolitana,545000,15.57,50.7,2023-02-24 00:00:00.000000,2023-03-15 00:00:00.000000,departamento,arriendo,agency
PI-2023-03-003195,portalinmobiliario,Pudahuel,Metropolitana,400000,11.43,43.3,2023-02-04 00:00:00.000000,2023-03-22 00:00:00.000000,departamento,ARRIENDO,agency
PI-2023-03-004836,portalinmobiliario,Santiago,Metropolitana,810000,23.14,72.5,2023-02-16 00:00:00.000000,2023-03-29 00:00:00.000000,Departamento,ARRIENDO,agency
PI-2023-03-000919,portalinmobiliario,Estación Central,Metropolitana,535000,15.29,52.6,2022-11-24 00:00:00.000000,2023-03-01 00:00:00.000000,Departamento,arriendo,agency
PI-2023-03-003466,portalinmobiliario,Santiago,Metropolitana,2205000,63.0,85.9,2023-02-06 00:00:00.000000,2023-03-22 00:00:00.000000,DEPARTAMENTO,ARRIENDO,owner_direct
PI-2023-03-001073,portalinmobiliario,Peñalolén,Metropolitana,340000,9.71,12.0,2023-03-04 00:00:00.000000,2023-03-08 00:00:00.000000,Departamento,Arriendo,owner_direct
PI-2023-03-000138,portalinmobiliario,Santiago,Metropolitana,6095000,174.14,54.1,2023-02-22 00:00:00.000000,2023-03-01 00:00:00.000000,DEPARTAMENTO,Arriendo,owner_direct
PI-2023-03-003794,portalinmobiliario,Santiago,Metropolitana,550000,15.71,38.0,2023-03-12 00:00:00.000000,2023-03-22 00:00:00.000000,Departamento,arriendo,owner_direct
PI-2023-03-001137,portalinmobiliario,LA FLORIDA,Metropolitana,995000,28.43,129.6,2022-12-21 00:00:00.000000,2023-03-08 00:00:00.000000,departamento,ARRIENDO,agency
PI-2023-03-003842,portalinmobiliario,Puente Alto,Metropolitana,1420000,40.57,47.9,2023-02-26 00:00:00.000000,2023-03-22 00:00:00.000000,DEPARTAMENTO,arriendo,agency
PI-2023-03-002959,portalinmobiliario,Lo Barnechea,Metropolitana,1015000,29.0,75.3,2023-03-04 00:00:00.000000,2023-03-22 00:00:00.000000,departamento,arriendo,agency
PI-2023-03-000488,portalinmobiliario,Peñalolén,Metropolitana,960000,27.43,104.0,2022-09-15 00:00:00.000000,2023-03-01 00:00:00.000000,Departamento,ARRIENDO,owner_direct
PI-2023-03-004341,portalinmobiliario,Providencia,Metropolitana,915000,26.14,61.4,2023-03-19 00:00:00.000000,2023-03-29 00:00:00.000000,DEPARTAMENTO,ARRIENDO,owner_direct
PI-2023-03-001616,portalinmobiliario,Quinta Normal,Metropolitana,620000,17.71,73.2,2023-02-14 00:00:00.000000,2023-03-08 00:00:00.000000,Departamento,Arriendo,owner_direct
PI-2023-03-003429,portalinmobiliario,San Joaquín,Metropolitana,455000,13.0,51.0,2023-03-17 00:00:00.000000,2023-03-22 00:00:00.000000,Departamento,Arriendo,owner_direct
PI-2023-03-002130,portalinmobiliario,Conchalí,Metropolitana,395000,11.29,36.2,2023-03-04 00:00:00.000000,2023-03-15 00:00:00.000000,departamento,Arriendo,owner_direct
PI-2023-03-003285,portalinmobiliario,Las Condes,Metropolitana,965000,27.57,45.9,2023-01-20 00:00:00.000000,2023-03-22 00:00:00.000000,DEPARTAMENTO,arriendo,agency
PI-2023-03-000570,portalinmobiliario,Las Condes,Metropolitana,810000,23.14,35.0,2023-02-17 00:00:00.000000,2023-03-01 00:00:00.000000,DEPARTAMENTO,Arriendo,owner_direct
PI-2023-03-003854,portalinmobiliario,Cerrillos,Metropolitana,570000,16.29,54.6,2023-02-07 00:00:00.000000,2023-03-22 00:00:00.000000,Departamento,arriendo,agency
PI-2023-03-003646,portalinmobiliario,Estación Central,Metropolitana,335000,9.57,35.5,2023-03-11 00:00:00.000000,2023-03-22 00:00:00.000000,DEPARTAMENTO,arriendo,agency
PI-2023-03-004049,portalinmobiliario,Providencia,Metropolitana,1080000,30.86,52.7,2023-02-07 00:00:00.000000,2023-03-22 00:00:00.000000,Departamento,Arriendo,owner_direct
PI-2023-03-003750,portalinmobiliario,Santiago,Metropolitana,530000,15.14,38.4,2023-02-21 00:00:00.000000,2023-03-22 00:00:00.000000,DEPARTAMENTO,arriendo,agency
PI-2023-03-000240,portalinmobiliario,Huechuraba,Metropolitana,850000,24.29,55.1,2023-02-15 00:00:00.000000,2023-03-01 00:00:00.000000,DEPARTAMENTO,ARRIENDO,owner_direct
PI-2023-03-000932,portalinmobiliario,la reina,Metropolitana,625000,17.86,33.2,2023-01-31 00:00:00.000000,2023-03-01 00:00:00.000000,DEPARTAMENTO,arriendo,agency
PI-2023-03-003235,portalinmobiliario,Recoleta,Metropolitana,620000,17.71,73.0,2023-03-13 00:00:00.000000,2023-03-22 00:00:00.000000,Departamento,Arriendo,agency
PI-2023-03-002914,portalinmobiliario,Ñuñoa,Metropolitana,660000,18.86,38.3,2023-02-01 00:00:00.000000,2023-03-15 00:00:00.000000,DEPARTAMENTO,Arriendo,agency
PI-2023-03-000982,portalinmobiliario,Providencia,Metropolitana,910000,26.0,55.7,2023-02-15 00:00:00.000000,2023-03-08 00:00:00.000000,departamento,arriendo,owner_direct
PI-2023-03-002697,portalinmobiliario,Independencia,Metropolitana,380000,10.86,32.6,2023-03-05 00:00:00.000000,2023-03-15 00:00:00.000000,departamento,Arriendo,agency
PI-2023-03-001106,portalinmobiliario,Providencia,Metropolitana,1265000,36.14,87.5,2023-02-21 00:00:00.000000,2023-03-08 00:00:00.000000,departamento,Arriendo,agency
PI-2023-03-000070,portalinmobiliario,Pudahuel,Metropolitana,490000,14.0,41.4,2023-01-16 00:00:00.000000,2023-03-01 00:00:00.000000,departamento,arriendo,agency
PI-2023-03-000408,portalinmobiliario,santiago,Metropolitana,565000,16.14,37.2,2023-01-13 00:00:00.000000,2023-03-01 00:00:00.000000,DEPARTAMENTO,Arriendo,agency
PI-2023-03-001066,portalinmobiliario,Las Condes,Metropolitana,1015000,29.0,54.4,2023-02-15 00:00:00.000000,2023-03-08 00:00:00.000000,departamento,Arriendo,agency
PI-2023-03-004194,portalinmobiliario,Maipú,Metropolitana,415000,11.86,47.1,2023-02-07 00:00:00.000000,2023-03-29 00:00:00.000000,Departamento,arriendo,owner_direct
PI-2023-03-000298,portalinmobiliario,Conchalí,Metropolitana,465000,13.29,37.0,2023-02-09 00:00:00.000000,2023-03-01 00:00:00.000000,DEPARTAMENTO,arriendo,owner_direct
PI-2023-03-000584,portalinmobiliario,Conchalí,Metropolitana,450000,12.86,41.9,2023-01-28 00:00:00.000000,2023-03-01 00:00:00.000000,Departamento,ARRIENDO,owner_direct
PI-2023-03-004457,portalinmobiliario,Quinta Normal,Metropolitana,595000,17.0,60.0,2023-03-13 00:00:00.000000,2023-03-29 00:00:00.000000,Departamento,arriendo,owner_direct
PI-2023-03-000495,portalinmobiliario,Independencia,Metropolitana,480000,13.71,39.1,2023-02-17 00:00:00.000000,2023-03-01 00:00:00.000000,Departamento,ARRIENDO,owner_direct
PI-2023-03-001701,portalinmobiliario,Puente Alto,Metropolitana,640000,18.29,81.9,2023-02-06 00:00:00.000000,2023-03-08 00:00:00.000000,DEPARTAMENTO,arriendo,agency
PI-2023-03-003998,portalinmobiliario,San Miguel,Metropolitana,1040000,29.71,121.5,2023-02-21 00:00:00.000000,2023-03-22 00:00:00.000000,Departamento,Arriendo,owner_direct
PI-2023-03-001729,portalinmobiliario,Estación Central,Metropolitana,535000,15.29,65.7,2023-02-01 00:00:00.000000,2023-03-08 00:00:00.000000,DEPARTAMENTO,arriendo,owner_direct
PI-2023-03-002165,portalinmobiliario,Santiago,Metropolitana,635000,18.14,54.3,2023-03-04 00:00:00.000000,2023-03-15 00:00:00.000000,departamento,Arriendo,agency
PI-2023-03-001190,portalinmobiliario,Quinta Normal,Metropolitana,385000,11.0,36.0,2023-02-03 00:00:00.000000,2023-03-08 00:00:00.000000,Departamento,Arriendo,agency
PI-2023-03-000799,portalinmobiliario,Huechuraba,Metropolitana,520000,14.86,37.6,2023-01-30 00:00:00.000000,2023-03-01 00:00:00.000000,Departamento,arriendo,agency
PI-2023-03-004165,portalinmobiliario,independencia,Metropolitana,415000,11.86,34.4,2022-09-25 00:00:00.000000,2023-03-29 00:00:00.000000,DEPARTAMENTO,Arriendo,owner_direct
PI-2023-03-002432,portalinmobiliario,Providencia,Metropolitana,840000,24.0,44.5,2023-03-01 00:00:00.000000,2023-03-15 00:00:00.000000,DEPARTAMENTO,arriendo,owner_direct
PI-2023-03-004196,portalinmobiliario,Puente Alto,Metropolitana,385000,11.0,48.0,2023-02-27 00:00:00.000000,2023-03-29 00:00:00.000000,DEPARTAMENTO,arriendo,agency
PI-2023-03-001421,portalinmobiliario, La Florida,Metropolitana,520000,14.86,47.5,2023-02-12 00:00:00.000000,2023-03-08 00:00:00.000000,departamento,Arriendo,agency
PI-2023-03-003092,portalinmobiliario,Santiago,Metropolitana,915000,26.14,100.7,2023-03-12 00:00:00.000000,2023-03-22 00:00:00.000000,DEPARTAMENTO,arriendo,agency
PI-2023-03-004602,portalinmobiliario,Estación Central,Metropolitana,460000,13.14,45.9,2023-02-28 00:00:00.000000,2023-03-29 00:00:00.000000,DEPARTAMENTO,arriendo,agency
PI-2023-03-001399,portalinmobiliario,Santiago,Metropolitana,665000,19.0,54.0,2023-02-20 00:00:00.000000,2023-03-08 00:00:00.000000,departamento,ARRIENDO,agency
PI-2023-03-000953,portalinmobiliario,Providencia,Metropolitana,1000000,28.57,44.5,2022-12-09 00:00:00.000000,2023-03-01 00:00:00.000000,departamento,arriendo,owner_direct
PI-2023-03-004813,portalinmobiliario,La Reina,Metropolitana,695000,19.86,49.5,2023-01-22 00:00:00.000000,2023-03-29 00:00:00.000000,DEPARTAMENTO,arriendo,agency
PI-2023-03-004428,portalinmobiliario,Quilicura,Metropolitana,415000,11.86,36.0,2023-03-10 00:00:00.000000,2023-03-29 00:00:00.000000,Departamento,ARRIENDO,owner_direct
PI-2023-03-002545,portalinmobiliario,Estación Central,Metropolitana,620000,17.71,76.5,2023-03-13 00:00:00.000000,2023-03-15 00:00:00.000000,departamento,arriendo,owner_direct
PI-2023-03-002741,portalinmobiliario,Las Condes,Metropolitana,1445000,41.29,105.0,2023-02-08 00:00:00.000000,2023-03-15 00:00:00.000000,Departamento,Arriendo,agency
PI-2023-03-002921,portalinmobiliario,Independencia,Metropolitana,925000,26.43,100.5,2023-02-19 00:00:00.000000,2023-03-15 00:00:00.000000,departamento,Arriendo,agency
PI-2023-03-003887,portalinmobiliario,Ñuñoa,Metropolitana,700000,20.0,32.6,2023-02-15 00:00:00.000000,2023-03-22 00:00:00.000000,Departamento,Arriendo,agency
PI-2023-03-003143,portalinmobiliario,Independencia,Metropolitana,405000,11.57,38.7,2023-02-27 00:00:00.000000,2023-03-22 00:00:00.000000,Departamento,arriendo,agency
PI-2023-03-001022,portalinmobiliario,Lo Barnechea,Metropolitana,1415000,40.43,106.4,2023-01-16 00:00:00.000000,2023-03-08 00:00:00.000000,Departamento,arriendo,owner_direct
PI-2023-03-001187,portalinmobiliario,La Florida,Metropolitana,510000,14.57,35.9,2023-01-24 00:00:00.000000,2023-03-08 00:00:00.000000,Departamento,Arriendo,agency
PI-2023-03-003083,portalinmobiliario,Providencia,Metropolitana,905000,25.86,44.7,2023-02-24 00:00:00.000000,2023-03-22 00:00:00.000000,departamento,ARRIENDO,agency
PI-2023-03-001732,portalinmobiliario,Estación Central,Metropolitana,305000,8.71,24.6,2023-02-25 00:00:00.000000,2023-03-08 00:00:00.000000,Departamento,arriendo,owner_direct
PI-2023-03-004882,portalinmobiliario,Providencia,Metropolitana,800000,22.86,1.0,2023-02-24 00:00:00.000000,2023-03-29 00:00:00.000000,departamento,arriendo,agency
PI-2023-03-001901,portalinmobiliario,Puente Alto,Metropolitana,440000,12.57,37.7,2023-03-02 00:00:00.000000,2023-03-08 00:00:00.000000,DEPARTAMENTO,arriendo,agency
PI-2023-03-001347,portalinmobiliario,Ñuñoa,Metropolitana,765000,21.86,51.8,2023-02-07 00:00:00.000000,2023-03-08 00:00:00.000000,Departamento,Arriendo,agency
PI-2023-03-004398,portalinmobiliario,Quilicura,Metropolitana,725000,20.71,95.7,2022-10-01 00:00:00.000000,2023-03-29 00:00:00.000000,Departamento,Arriendo,owner_direct
PI-2023-03-002930,portalinmobiliario,Peñalolén,Metropolitana,540000,15.43,40.2,2022-11-27 00:00:00.000000,2023-03-15 00:00:00.000000,Departamento,ARRIENDO,owner_direct
PI-2023-03-001012,portalinmobiliario, Recoleta,Metropolitana,895000,25.57,100.7,2023-02-27 00:00:00.000000,2023-03-08 00:00:00.000000,Departamento,arriendo,agency
PI-2023-03-000879,portalinmobiliario,Huechuraba,Metropolitana,840000,24.0,65.3,2023-02-11 00:00:00.000000,2023-03-01 00:00:00.000000,DEPARTAMENTO,ARRIENDO,owner_direct
PI-2023-03-003791,portalinmobiliario,Estación Central,Metropolitana,375000,10.71,43.4,2023-02-28 00:00:00.000000,2023-03-22 00:00:00.000000,departamento,arriendo,agency
PI-2023-03-001855,portalinmobiliario,Puente Alto,Metropolitana,460000,13.14,50.6,2023-02-23 00:00:00.000000,2023-03-08 00:00:00.000000,departamento,arriendo,agency
PI-2023-03-001828,portalinmobiliario,La Florida,Metropolitana,900000,25.71,115.2,2023-02-21 00:00:00.000000,2023-03-08 00:00:00.000000,departamento,Arriendo,owner_direct
PI-2023-03-004256,portalinmobiliario,Estación Central,Metropolitana,535000,15.29,42.0,2023-02-19 00:00:00.000000,2023-03-29 00:00:00.000000,departamento,ARRIENDO,agency
PI-2023-03-000024,portalinmobiliario,Estación Central,Metropolitana,445000,12.71,43.9,2022-09-11 00:00:00.000000,2023-03-01 00:00:00.000000,departamento,Arriendo,agency
PI-2023-03-005329,portalinmobiliario,Las Condes,Metropolitana,1410000,40.29,94.0,2023-03-20 00:00:00.000000,2023-03-29 00:00:00.000000,Departamento,Arriendo,agency
PI-2023-03-004632,portalinmobiliario,La Cisterna,Metropolitana,575000,16.43,79.0,2023-02-11 00:00:00.000000,2023-03-29 00:00:00.000000,departamento,ARRIENDO,owner_direct
PI-2023-03-004447,portalinmobiliario,La Florida,Metropolitana,600000,17.14,58.6,2023-03-01 00:00:00.000000,2023-03-29 00:00:00.000000,Departamento,Arriendo,agency
PI-2023-03-004495,portalinmobiliario,Santiago,Metropolitana,645000,18.43,46.7,2023-02-24 00:00:00.000000,2023-03-29 00:00:00.000000,DEPARTAMENTO,Arriendo,agency
PI-2023-03-002562,portalinmobiliario,Las Condes,Metropolitana,985000,28.14,42.3,2023-01-31 00:00:00.000000,2023-03-15 00:00:00.000000,Departamento,ARRIENDO,owner_direct
PI-2023-03-002100,portalinmobiliario,Macul,Metropolitana,495000,,41.9,2023-02-18 00:00:00.000000,2023-03-15 00:00:00.000000,Departamento,arriendo,owner_direct
PI-2023-03-001240,portalinmobiliario,Lo Barnechea,Metropolitana,740000,21.14,47.0,2023-03-01 00:00:00.000000,2023-03-08 00:00:00.000000,departamento,Arriendo,agency
PI-2023-03-001526,portalinmobiliario,Pudahuel,Metropolitana,565000,16.14,59.7,2023-02-09 00:00:00.000000,2023-03-08 00:00:00.000000,Departamento,arriendo,agency
PI-2023-03-004104,portalinmobiliario,Independencia,Metropolitana,455000,13.0,39.0,2023-03-12 00:00:00.000000,2023-03-29 00:00:00.000000,DEPARTAMENTO,Arriendo,owner_direct
PI-2023-03-002674,portalinmobiliario,Ñuñoa,Metropolitana,1005000,28.71,72.8,2023-02-24 00:00:00.000000,2023-03-15 00:00:00.000000,Departamento,ARRIENDO,agency
PI-2023-03-001411,portalinmobiliario,Las Condes ,Metropolitana,1805000,51.57,124.0,2023-02-14 00:00:00.000000,2023-03-08 00:00:00.000000,departamento,Arriendo,agency
PI-2023-03-004073,portalinmobiliario,Recoleta,Metropolitana,615000,17.57,65.8,2023-03-15 00:00:00.000000,2023-03-29 00:00:00.000000,DEPARTAMENTO,arriendo,agency
PI-2023-03-002770,portalinmobiliario,Macul,Metropolitana,690000,19.71,51.7,2023-02-21 00:00:00.000000,2023-03-15 00:00:00.000000,DEPARTAMENTO,Arriendo,agency
PI-2023-03-002383,portalinmobiliario,Ñuñoa,Metropolitana,890000,25.43,71.0,2023-03-11 00:00:00.000000,2023-03-15 00:00:00.000000,DEPARTAMENTO,Arriendo,agency
PI-2023-03-003608,portalinmobiliario,Santiago,Metropolitana,480000,13.71,27.8,2023-02-17 00:00:00.000000,2023-03-22 00:00:00.000000,Departamento,Arriendo,agency
PI-2023-03-004301,portalinmobiliario,Providencia,Metropolitana,915000,26.14,45.6,2023-03-03 00:00:00.000000,2023-03-29 00:00:00.000000,departamento,arriendo,agency
PI-2023-03-001415,portalinmobiliario,Santiago,Metropolitana,640000,18.29,50.1,2023-01-20 00:00:00.000000,2023-03-08 00:00:00.000000,DEPARTAMENTO,ARRIENDO,owner_direct
PI-2023-03-003825,portalinmobiliario,Huechuraba,Metropolitana,675000,19.29,69.1,2023-03-05 00:00:00.000000,2023-03-22 00:00:00.000000,Departamento,ARRIENDO,agency
PI-2023-03-004032,portalinmobiliario,Santiago,Metropolitana,520000,14.86,32.6,2022-11-02 00:00:00.000000,2023-03-22 00:00:00.000000,Departamento,arriendo,agency
PI-2023-03-001380,portalinmobiliario,La Florida,Metropolitana,520000,14.86,49.3,2022-09-11 00:00:00.000000,2023-03-08 00:00:00.000000,Departamento,ARRIENDO,owner_direct
PI-2023-03-004553,portalinmobiliario,San Joaquín,Metropolitana,425000,12.14,39.2,2023-03-21 00:00:00.000000,2023-03-29 00:00:00.000000,departamento,arriendo,agency
PI-2023-03-000189,portalinmobiliario,San Miguel,Metropolitana,645000,18.43,59.4,2023-01-01 00:00:00.000000,2023-03-01 00:00:00.000000,departamento,arriendo,agency
PI-2023-03-005070,portalinmobiliario,La Florida,Metropolitana,400000,11.43,27.0,2023-02-27 00:00:00.000000,2023-03-29 00:00:00.000000,Departamento,Arriendo,agency
PI-2023-03-001311,portalinmobiliario,Recoleta,Metropolitana,560000,16.0,68.2,2023-02-28 00:00:00.000000,2023-03-08 00:00:00.000000,Departamento,Arriendo,agency
PI-2023-03-004528,portalinmobiliario,ESTACIÓN CENTRAL,Metropolitana,580000,16.57,54.9,2023-03-11 00:00:00.000000,2023-03-29 00:00:00.000000,Departamento,ARRIENDO,owner_direct
PI-2023-03-005026,portalinmobiliario,Independencia,Metropolitana,745000,21.29,99.2,2023-03-01 00:00:00.000000,2023-03-29 00:00:00.000000,DEPARTAMENTO,arriendo,agency
PI-2023-03-002589,portalinmobiliario,Macul,Metropolitana,505000,14.43,39.9,2023-02-16 00:00:00.000000,2023-03-15 00:00:00.000000,DEPARTAMENTO,ARRIENDO,agency
PI-2023-03-005365,portalinmobiliario,Las Condes,Metropolitana,740000,21.14,28.9,2023-03-20 00:00:00.000000,2023-03-29 00:00:00.000000,departamento,arriendo,owner_direct
PI-2023-03-004753,portalinmobiliario,Quilicura,Metropolitana,450000,12.86,49.5,2023-02-21 00:00:00.000000,2023-03-29 00:00:00.000000,Departamento,arriendo,agency
PI-2023-03-003643,portalinmobiliario,La Florida,Metropolitana,485000,13.86,46.0,2023-02-21 00:00:00.000000,2023-03-22 00:00:00.000000,departamento,ARRIENDO,agency
PI-2023-03-002816,portalinmobiliario,La Reina,Metropolitana,680000,19.43,44.0,2022-09-13 00:00:00.000000,2023-03-15 00:00:00.000000,departamento,Arriendo,owner_direct
PI-2023-03-004728,portalinmobiliario,Santiago,Metropolitana,655000,18.71,54.4,2023-03-05 00:00:00.000000,2023-03-29 00:00:00.000000,departamento,ARRIENDO,agency
PI-2023-03-004149,portalinmobiliario,La Florida,Metropolitana,720000,20.57,68.9,2023-03-17 00:00:00.000000,2023-03-29 00:00:00.000000,Departamento,ARRIENDO,owner_direct
PI-2023-03-001571,portalinmobiliario,Cerrillos,Metropolitana,505000,,35.4,2023-03-02 00:00:00.000000,2023-03-08 00:00:00.000000,Departamento,ARRIENDO,owner_direct
PI-2023-03-002965,portalinmobiliario,Santiago,Metropolitana,510000,14.57,41.4,2023-02-17 00:00:00.000000,2023-03-22 00:00:00.000000,DEPARTAMENTO,ARRIENDO,agency
PI-2023-03-000972,portalinmobiliario,La Florida,Metropolitana,505000,14.43,45.0,2022-10-18 00:00:00.000000,2023-03-08 00:00:00.000000,Departamento,Arriendo,agency
PI-2023-03-003138,portalinmobiliario,Quilicura,Metropolitana,450000,12.86,42.6,2023-02-12 00:00:00.000000,2023-03-22 00:00:00.000000,departamento,arriendo,agency
PI-2023-03-004300,portalinmobiliario,Ñuñoa,Metropolitana,715000,20.43,54.9,2023-03-09 00:00:00.000000,2023-03-29 00:00:00.000000,DEPARTAMENTO,ARRIENDO,agency
PI-2023-03-000950,portalinmobiliario,La Reina,Metropolitana,940000,26.86,63.3,2023-01-27 00:00:00.000000,2023-03-01 00:00:00.000000,departamento,ARRIENDO,agency
PI-2023-03-000658,portalinmobiliario,San Joaquín,Metropolitana,3710000,106.0,30.3,2023-02-16 00:00:00.000000,2023-03-01 00:00:00.000000,Departamento,ARRIENDO,owner_direct
PI-2023-03-004880,portalinmobiliario,Providencia,Metropolitana,765000,21.86,31.9,2023-03-21 00:00:00.000000,2023-03-29 00:00:00.000000,DEPARTAMENTO,Arriendo,agency
PI-2023-03-001786,portalinmobiliario,Maipú,Metropolitana,400000,11.43,45.2,2022-10-22 00:00:00.000000,2023-03-08 00:00:00.000000,departamento,Arriendo,agency
PI-2023-03-002059,portalinmobiliario,Maipú,Metropolitana,685000,19.57,88.9,2023-02-22 00:00:00.000000,2023-03-15 00:00:00.000000,Departamento,ARRIENDO,agency
PI-2023-03-004479,portalinmobiliario,Providencia,Metropolitana,760000,21.71,35.0,2023-03-25 00:00:00.000000,2023-03-29 00:00:00.000000,departamento,ARRIENDO,agency
PI-2023-03-004896,portalinmobiliario,Providencia,Metropolitana,620000,17.71,12.0,2023-03-19 00:00:00.000000,2023-03-29 00:00:00.000000,departamento,ARRIENDO,agency
PI-2023-03-004273,portalinmobiliario,La Cisterna,Metropolitana,435000,12.43,41.0,2023-02-26 00:00:00.000000,2023-03-29 00:00:00.000000,DEPARTAMENTO,ARRIENDO,owner_direct
PI-2023-03-000272,portalinmobiliario,Estación Central,Metropolitana,435000,12.43,56.2,2023-02-06 00:00:00.000000,2023-03-01 00:00:00.000000,DEPARTAMENTO,arriendo,agency
PI-2023-03-003773,portalinmobiliario,Quilicura,Metropolitana,555000,15.86,68.6,2023-02-24 00:00:00.000000,2023-03-22 00:00:00.000000,DEPARTAMENTO,ARRIENDO,agency
PI-2023-03-000763,portalinmobiliario,Lo Barnechea,Metropolitana,695000,19.86,30.3,2022-12-26 00:00:00.000000,2023-03-01 00:00:00.000000,Departamento,ARRIENDO,agency
PI-2023-03-001406,portalinmobiliario,Conchalí,Metropolitana,485000,13.86,43.5,2023-02-24 00:00:00.000000,2023-03-08 00:00:00.000000,departamento,Arriendo,owner_direct
PI-2023-03-004723,portalinmobiliario,Santiago,Metropolitana,375000,10.71,27.3,2023-02-02 00:00:00.000000,2023-03-29 00:00:00.000000,departamento,ARRIENDO,agency
PI-2023-03-005373,portalinmobiliario,Estación Central,Metropolitana,430000,12.29,29.0,2023-02-09 00:00:00.000000,2023-03-29 00:00:00.000000,Departamento,arriendo,agency
PI-2023-03-002997,portalinmobiliario,Estación Central,Metropolitana,575000,16.43,63.8,2023-02-11 00:00:00.000000,2023-03-22 00:00:00.000000,departamento,arriendo,agency
PI-2023-03-003973,portalinmobiliario,Puente Alto,Metropolitana,370000,10.57,41.3,2023-03-01 00:00:00.000000,2023-03-22 00:00:00.000000,Departamento,arriendo,owner_direct
PI-2023-03-003666,portalinmobiliario,Quilicura,Metropolitana,480000,13.71,43.7,2023-03-12 00:00:00.000000,2023-03-22 00:00:00.000000,Departamento,Arriendo,owner_direct
PI-2023-03-000296,portalinmobiliario,Ñuñoa,Metropolitana,895000,25.57,56.6,2023-01-25 00:00:00.000000,2023-03-01 00:00:00.000000,departamento,ARRIENDO,owner_direct
PI-2023-03-003019,portalinmobiliario,Macul,Metropolitana,635000,18.14,64.5,2023-01-20 00:00:00.000000,2023-03-22 00:00:00.000000,DEPARTAMENTO,arriendo,agency
PI-2023-03-001692,portalinmobiliario,La Cisterna,Metropolitana,870000,24.86,104.7,2023-02-12 00:00:00.000000,2023-03-08 00:00:00.000000,Departamento,Arriendo,agency
PI-2023-03-000964,portalinmobiliario,Ñuñoa,Metropolitana,870000,24.86,64.1,2023-02-27 00:00:00.000000,2023-03-01 00:00:00.000000,DEPARTAMENTO,Arriendo,agency
PI-2023-03-002845,portalinmobiliario,Las Condes,Metropolitana,1105000,31.57,59.1,2023-03-12 00:00:00.000000,2023-03-15 00:00:00.000000,departamento,ARRIENDO,agency
PI-2023-03-002876,portalinmobiliario,Ñuñoa,Metropolitana,1215000,34.71,91.5,2023-01-08 00:00:00.000000,2023-03-15 00:00:00.000000,Departamento,ARRIENDO,agency
PI-2023-03-001519,portalinmobiliario,Santiago,Metropolitana,610000,17.43,40.6,2023-02-20 00:00:00.000000,2023-03-08 00:00:00.000000,DEPARTAMENTO,ARRIENDO,owner_direct
PI-2023-03-002646,portalinmobiliario,Peñalolén,Metropolitana,480000,13.71,50.9,2023-02-15 00:00:00.000000,2023-03-15 00:00:00.000000,DEPARTAMENTO,arriendo,owner_direct
PI-2023-03-004281,portalinmobiliario,Macul,Metropolitana,450000,12.86,42.3,2023-01-23 00:00:00.000000,2023-03-29 00:00:00.000000,departamento,Arriendo,owner_direct
PI-2023-03-001256,portalinmobiliario,Huechuraba,Metropolitana,1010000,28.86,103.9,2023-03-05 00:00:00.000000,2023-03-08 00:00:00.000000,departamento,arriendo,owner_direct
PI-2023-03-002610,portalinmobiliario,Las Condes,Metropolitana,3235000,92.43,250.0,2023-02-04 00:00:00.000000,2023-03-15 00:00:00.000000,Departamento,arriendo,owner_direct
PI-2023-03-001253,portalinmobiliario,Santiago,Metropolitana,490000,14.0,32.5,2023-02-26 00:00:00.000000,2023-03-08 00:00:00.000000,departamento,arriendo,owner_direct
PI-2023-03-004655,portalinmobiliario, Providencia,Metropolitana,790000,22.57,36.3,2023-03-18 00:00:00.000000,2023-03-29 00:00:00.000000,DEPARTAMENTO,ARRIENDO,agency
PI-2023-03-004742,portalinmobiliario,Santiago,Metropolitana,515000,14.71,48.9,2023-03-16 00:00:00.000000,2023-03-29 00:00:00.000000,Departamento,ARRIENDO,owner_direct
PI-2023-03-003369,portalinmobiliario,Lo Barnechea,Metropolitana,1160000,33.14,62.4,2023-03-21 00:00:00.000000,2023-03-22 00:00:00.000000,DEPARTAMENTO,arriendo,agency
PI-2023-03-003704,portalinmobiliario,Las Condes,Metropolitana,795000,22.71,32.5,2023-03-08 00:00:00.000000,2023-03-22 00:00:00.000000,departamento,Arriendo,agency
PI-2023-03-000627,portalinmobiliario,Santiago,Metropolitana,595000,17.0,52.4,2023-01-23 00:00:00.000000,2023-03-01 00:00:00.000000,departamento,arriendo,agency
PI-2023-03-003731,portalinmobiliario,Ñuñoa,Metropolitana,910000,26.0,68.3,2023-03-08 00:00:00.000000,2023-03-22 00:00:00.000000,Departamento,arriendo,agency
PI-2023-03-004177,portalinmobiliario,Providencia,Metropolitana,635000,18.14,30.7,2023-02-26 00:00:00.000000,2023-03-29 00:00:00.000000,Departamento,Arriendo,agency
PI-2023-03-001950,portalinmobiliario,San Joaquín,Metropolitana,740000,21.14,92.9,2023-02-01 00:00:00.000000,2023-03-15 00:00:00.000000,DEPARTAMENTO,Arriendo,agency
PI-2023-03-004941,portalinmobiliario,Ñuñoa,Metropolitana,1050000,30.0,93.4,2023-03-18 00:00:00.000000,2023-03-29 00:00:00.000000,DEPARTAMENTO,arriendo,owner_direct
PI-2023-03-003920,portalinmobiliario,Providencia,Metropolitana,1190000,34.0,70.7,2023-03-04 00:00:00.000000,2023-03-22 00:00:00.000000,DEPARTAMENTO,ARRIENDO,agency
PI-2023-03-003810,portalinmobiliario,Santiago,Metropolitana,530000,15.14,46.1,2023-02-24 00:00:00.000000,2023-03-22 00:00:00.000000,departamento,arriendo,agency
PI-2023-03-001877,portalinmobiliario,Estación Central,Metropolitana,465000,13.29,46.5,2023-02-18 00:00:00.000000,2023-03-08 00:00:00.000000,departamento,Arriendo,agency
PI-2023-03-002553,portalinmobiliario,Conchalí,Metropolitana,530000,15.14,67.9,2023-03-04 00:00:00.000000,2023-03-15 00:00:00.000000,DEPARTAMENTO,Arriendo,agency
PI-2023-03-003253,portalinmobiliario,Conchalí,Metropolitana,550000,15.71,50.2,2023-02-22 00:00:00.000000,2023-03-22 00:00:00.000000,DEPARTAMENTO,arriendo,owner_direct
PI-2023-03-003782,portalinmobiliario,Estación Central,Metropolitana,385000,11.0,24.9,2023-03-05 00:00:00.000000,2023-03-22 00:00:00.000000,DEPARTAMENTO,Arriendo,agency
PI-2023-03-000954,portalinmobiliario,Ñuñoa,Metropolitana,835000,23.86,78.6,2022-12-31 00:00:00.000000,2023-03-01 00:00:00.000000,DEPARTAMENTO,arriendo,agency
PI-2023-03-002072,portalinmobiliario,Macul,Metropolitana,770000,22.0,78.8,2023-02-18 00:00:00.000000,2023-03-15 00:00:00.000000,DEPARTAMENTO,arriendo,agency
PI-2023-03-005326,portalinmobiliario,La Cisterna,Metropolitana,565000,16.14,57.2,2023-02-10 00:00:00.000000,2023-03-29 00:00:00.000000,DEPARTAMENTO,Arriendo,agency
PI-2023-03-003450,portalinmobiliario,peñalolén,Metropolitana,725000,20.71,89.0,2023-03-03 00:00:00.000000,2023-03-22 00:00:00.000000,departamento,ARRIENDO,owner_direct
PI-2023-03-004038,portalinmobiliario,ESTACIÓN CENTRAL,Metropolitana,710000,20.29,97.8,2023-03-10 00:00:00.000000,2023-03-22 00:00:00.000000,DEPARTAMENTO,Arriendo,owner_direct
PI-2023-03-000559,portalinmobiliario,La Florida,Metropolitana,430000,12.29,38.6,2023-01-18 00:00:00.000000,2023-03-01 00:00:00.000000,DEPARTAMENTO,Arriendo,agency
PI-2023-03-005135,portalinmobiliario,Recoleta,Metropolitana,495000,14.14,45.3,2023-03-13 00:00:00.000000,2023-03-29 00:00:00.000000,DEPARTAMENTO,arriendo,agency
PI-2023-03-001865,portalinmobiliario,La Florida,Metropolitana,555000,15.86,46.9,2023-02-16 00:00:00.000000,2023-03-08 00:00:00.000000,Departamento,Arriendo,agency
PI-2023-03-001336,portalinmobiliario,Recoleta,Metropolitana,690000,19.71,74.0,2023-02-16 00:00:00.000000,2023-03-08 00:00:00.000000,Departamento,ARRIENDO,owner_direct
PI-2023-03-003933,portalinmobiliario,Independencia,Metropolitana,560000,16.0,52.0,2023-03-13 00:00:00.000000,2023-03-22 00:00:00.000000,Departamento,Arriendo,agency
PI-2023-03-001390,portalinmobiliario,Independencia,Metropolitana,415000,11.86,35.7,2023-02-07 00:00:00.000000,2023-03-08 00:00:00.000000,DEPARTAMENTO,ARRIENDO,owner_direct
PI-2023-03-001636,portalinmobiliario,Ñuñoa,Metropolitana,865000,24.71,71.8,2023-02-04 00:00:00.000000,2023-03-08 00:00:00.000000,DEPARTAMENTO,Arriendo,agency
PI-2023-03-003471,portalinmobiliario,Las Condes,Metropolitana,835000,23.86,45.6,2023-02-11 00:00:00.000000,2023-03-22 00:00:00.000000,departamento,Arriendo,agency
PI-2023-03-002726,portalinmobiliario,San Miguel,Metropolitana,495000,14.14,30.5,2022-09-05 00:00:00.000000,2023-03-15 00:00:00.000000,Departamento,arriendo,agency
PI-2023-03-001834,portalinmobiliario,Puente Alto,Metropolitana,455000,13.0,38.9,2023-02-25 00:00:00.000000,2023-03-08 00:00:00.000000,Departamento,ARRIENDO,agency
PI-2023-03-004113,portalinmobiliario,Santiago,Metropolitana,610000,17.43,43.3,2023-02-26 00:00:00.000000,2023-03-29 00:00:00.000000,Departamento,Arriendo,agency
PI-2023-03-005103,portalinmobiliario,Ñuñoa,Metropolitana,675000,19.29,43.3,2023-03-18 00:00:00.000000,2023-03-29 00:00:00.000000,Departamento,Arriendo,owner_direct
PI-2023-03-000949,portalinmobiliario,Ñuñoa,Metropolitana,745000,21.29,46.0,2023-01-16 00:00:00.000000,2023-03-01 00:00:00.000000,Departamento,ARRIENDO,owner_direct
PI-2023-03-002830,portalinmobiliario,Santiago,Metropolitana,515000,,40.1,2023-03-09 00:00:00.000000,2023-03-15 00:00:00.000000,departamento,arriendo,owner_direct
PI-2023-03-003135,portalinmobiliario,Conchalí,Metropolitana,545000,15.57,73.0,2023-03-14 00:00:00.000000,2023-03-22 00:00:00.000000,DEPARTAMENTO,arriendo,owner_direct
PI-2023-03-005145,portalinmobiliario,Peñalolén,Metropolitana,435000,12.43,34.3,2023-03-12 00:00:00.000000,2023-03-29 00:00:00.000000,DEPARTAMENTO,ARRIENDO,agency
PI-2023-03-004078,portalinmobiliario,independencia,Metropolitana,730000,20.86,78.1,2023-03-13 00:00:00.000000,2023-03-29 00:00:00.000000,Departamento,ARRIENDO,owner_direct
PI-2023-03-000657,portalinmobiliario,Ñuñoa,Metropolitana,850000,,53.1,2022-10-01 00:00:00.000000,2023-03-01 00:00:00.000000,departamento,Arriendo,agency
PI-2023-03-000713,portalinmobiliario,Peñalolén,Metropolitana,530000,15.14,39.6,2023-02-24 00:00:00.000000,2023-03-01 00:00:00.000000,Departamento,arriendo,owner_direct
PI-2023-03-002085,portalinmobiliario,Independencia,Metropolitana,880000,25.14,89.7,2023-02-24 00:00:00.000000,2023-03-15 00:00:00.000000,Departamento,Arriendo,owner_direct
PI-2023-03-000680,portalinmobiliario,Recoleta,Metropolitana,475000,13.57,40.6,2022-10-01 00:00:00.000000,2023-03-01 00:00:00.000000,Departamento,Arriendo,agency
PI-2023-03-005271,portalinmobiliario,Santiago,Metropolitana,455000,13.0,26.2,2023-03-18 00:00:00.000000,2023-03-29 00:00:00.000000,departamento,ARRIENDO,owner_direct
PI-2023-03-001424,portalinmobiliario,Santiago,Metropolitana,530000,15.14,39.0,2023-02-11 00:00:00.000000,2023-03-08 00:00:00.000000,DEPARTAMENTO,ARRIENDO,agency
PI-2023-03-002668,portalinmobiliario,Santiago,Metropolitana,460000,13.14,37.4,2023-02-11 00:00:00.000000,2023-03-15 00:00:00.000000,departamento,Arriendo,agency
PI-2023-03-002350,portalinmobiliario,Santiago,Metropolitana,665000,19.0,49.9,2023-02-25 00:00:00.000000,2023-03-15 00:00:00.000000,Departamento,arriendo,agency
PI-2023-03-004935,portalinmobiliario,Macul,Metropolitana,840000,24.0,86.3,2022-09-21 00:00:00.000000,2023-03-29 00:00:00.000000,Departamento,Arriendo,agency
PI-2023-03-002731,portalinmobiliario,Vitacura,Metropolitana,945000,,40.5,2023-03-08 00:00:00.000000,2023-03-15 00:00:00.000000,Departamento,arriendo,agency
PI-2023-03-002567,portalinmobiliario,Ñuñoa,Metropolitana,905000,25.86,68.0,2023-03-06 00:00:00.000000,2023-03-15 00:00:00.000000,Departamento,ARRIENDO,agency
PI-2023-03-004014,portalinmobiliario,Puente Alto,Metropolitana,570000,16.29,85.1,2023-02-20 00:00:00.000000,2023-03-22 00:00:00.000000,DEPARTAMENTO,ARRIENDO,agency
PI-2023-03-000815,portalinmobiliario,Santiago,Metropolitana,405000,11.57,28.3,2023-02-16 00:00:00.000000,2023-03-01 00:00:00.000000,DEPARTAMENTO,ARRIENDO,agency
PI-2023-03-001296,portalinmobiliario,Lo Barnechea,Metropolitana,1000000,28.57,44.7,2023-01-30 00:00:00.000000,2023-03-08 00:00:00.000000,DEPARTAMENTO,ARRIENDO,owner_direct
PI-2023-03-002498,portalinmobiliario,Huechuraba,Metropolitana,860000,24.57,61.4,2023-03-09 00:00:00.000000,2023-03-15 00:00:00.000000,Departamento,ARRIENDO,agency
PI-2023-03-001319,portalinmobiliario,Quinta Normal,Metropolitana,385000,11.0,27.0,2023-01-26 00:00:00.000000,2023-03-08 00:00:00.000000,DEPARTAMENTO,arriendo,owner_direct
PI-2023-03-004772,portalinmobiliario,Ñuñoa,Metropolitana,820000,23.43,47.7,2023-02-07 00:00:00.000000,2023-03-29 00:00:00.000000,DEPARTAMENTO,Arriendo,agency
PI-2023-03-002402,portalinmobiliario,La Florida,Metropolitana,640000,18.29,59.5,2023-02-25 00:00:00.000000,2023-03-15 00:00:00.000000,departamento,Arriendo,owner_direct
PI-2023-03-000456,portalinmobiliario,Huechuraba,Metropolitana,455000,13.0,32.5,2023-02-08 00:00:00.000000,2023-03-01 00:00:00.000000,Departamento,ARRIENDO,agency
PI-2023-03-001792,portalinmobiliario,Recoleta,Metropolitana,515000,14.71,51.7,2023-02-24 00:00:00.000000,2023-03-08 00:00:00.000000,departamento,Arriendo,owner_direct
PI-2023-03-001032,portalinmobiliario, Independencia,Metropolitana,510000,14.57,50.7,2023-02-11 00:00:00.000000,2023-03-08 00:00:00.000000,Departamento,ARRIENDO,owner_direct
PI-2023-03-001652,portalinmobiliario,Ñuñoa,Metropolitana,720000,20.57,57.0,2023-02-16 00:00:00.000000,2023-03-08 00:00:00.000000,departamento,Arriendo,agency
PI-2023-03-000558,portalinmobiliario,San Miguel,Metropolitana,500000,14.29,48.9,2022-10-22 00:00:00.000000,2023-03-01 00:00:00.000000,DEPARTAMENTO,arriendo,agency
PI-2023-03-001122,portalinmobiliario,Ñuñoa,Metropolitana,1130000,32.29,100.2,2023-02-03 00:00:00.000000,2023-03-08 00:00:00.000000,departamento,ARRIENDO,agency
PI-2023-03-003421,portalinmobiliario,Macul,Metropolitana,575000,16.43,48.9,2022-11-13 00:00:00.000000,2023-03-22 00:00:00.000000,Departamento,ARRIENDO,owner_direct
PI-2023-03-001891,portalinmobiliario,Santiago,Metropolitana,525000,15.0,47.9,2023-01-19 00:00:00.000000,2023-03-08 00:00:00.000000,departamento,ARRIENDO,owner_direct
PI-2023-03-002489,portalinmobiliario,Ñuñoa,Metropolitana,805000,23.0,49.3,2023-02-18 00:00:00.000000,2023-03-15 00:00:00.000000,Departamento,arriendo,agency
PI-2023-03-004590,portalinmobiliario,La Cisterna,Metropolitana,490000,14.0,53.4,2023-03-27 00:00:00.000000,2023-03-29 00:00:00.000000,departamento,Arriendo,owner_direct
PI-2023-03-003073,portalinmobiliario,La Florida,Metropolitana,585000,16.71,69.9,2023-03-14 00:00:00.000000,2023-03-22 00:00:00.000000,DEPARTAMENTO,arriendo,owner_direct
PI-2023-03-001374,portalinmobiliario,Conchalí,Metropolitana,3935000,112.43,50.0,2023-01-16 00:00:00.000000,2023-03-08 00:00:00.000000,departamento,ARRIENDO,agency
PI-2023-03-003856,portalinmobiliario,La Reina,Metropolitana,1240000,35.43,72.5,2022-10-22 00:00:00.000000,2023-03-22 00:00:00.000000,DEPARTAMENTO,arriendo,agency
PI-2023-03-002648,portalinmobiliario,Quinta Normal,Metropolitana,580000,16.57,59.0,2022-08-21 00:00:00.000000,2023-03-15 00:00:00.000000,DEPARTAMENTO,ARRIENDO,agency
PI-2023-03-001896,portalinmobiliario,Puente Alto,Metropolitana,410000,11.71,50.8,2022-09-24 00:00:00.000000,2023-03-08 00:00:00.000000,departamento,ARRIENDO,owner_direct
PI-2023-03-002499,portalinmobiliario,Macul,Metropolitana,660000,18.86,54.0,2022-10-12 00:00:00.000000,2023-03-15 00:00:00.000000,DEPARTAMENTO,ARRIENDO,owner_direct
PI-2023-03-002196,portalinmobiliario,Recoleta,Metropolitana,385000,11.0,32.7,2023-02-26 00:00:00.000000,2023-03-15 00:00:00.000000,departamento,arriendo,agency
PI-2023-03-003218,portalinmobiliario,Estación Central,Metropolitana,570000,16.29,62.5,2023-02-19 00:00:00.000000,2023-03-22 00:00:00.000000,departamento,ARRIENDO,agency
PI-2023-03-002695,portalinmobiliario,Conchalí,Metropolitana,395000,11.29,38.3,2023-02-21 00:00:00.000000,2023-03-15 00:00:00.000000,Departamento,Arriendo,agency
PI-2023-03-001171,portalinmobiliario,Macul,Metropolitana,400000,11.43,30.0,2023-02-25 00:00:00.000000,2023-03-08 00:00:00.000000,departamento,arriendo,agency
PI-2023-03-002900,portalinmobiliario,La Florida,Metropolitana,1050000,30.0,139.9,2023-03-03 00:00:00.000000,2023-03-15 00:00:00.000000,Departamento,arriendo,owner_direct
PI-2023-03-001342,portalinmobiliario,San Miguel,Metropolitana,425000,12.14,34.7,2023-02-01 00:00:00.000000,2023-03-08 00:00:00.000000,DEPARTAMENTO,Arriendo,agency
PI-2023-03-002706,portalinmobiliario,Las Condes,Metropolitana,845000,24.14,38.2,2023-02-06 00:00:00.000000,2023-03-15 00:00:00.000000,Departamento,ARRIENDO,agency
PI-2023-03-000026,portalinmobiliario,Estación Central,Metropolitana,430000,12.29,43.0,2022-12-01 00:00:00.000000,2023-03-01 00:00:00.000000,DEPARTAMENTO,arriendo,agency
PI-2023-03-001043,portalinmobiliario,Estación Central,Metropolitana,375000,10.71,28.6,2023-03-07 00:00:00.000000,2023-03-08 00:00:00.000000,Departamento,ARRIENDO,agency
PI-2023-03-004459,portalinmobiliario,Maipú,Metropolitana,515000,14.71,39.1,2023-01-20 00:00:00.000000,2023-03-29 00:00:00.000000,departamento,ARRIENDO,agency
PI-2023-03-000292,portalinmobiliario,Las Condes,Metropolitana,1435000,41.0,75.1,2023-02-11 00:00:00.000000,2023-03-01 00:00:00.000000,Departamento,arriendo,agency
PI-2023-03-001395,portalinmobiliario,Puente Alto,Metropolitana,460000,13.14,71.5,2023-02-05 00:00:00.000000,2023-03-08 00:00:00.000000,DEPARTAMENTO,Arriendo,agency
PI-2023-03-004518,portalinmobiliario,Quilicura,Metropolitana,385000,11.0,44.3,2023-03-01 00:00:00.000000,2023-03-29 00:00:00.000000,DEPARTAMENTO,ARRIENDO,agency
PI-2023-03-000288,portalinmobiliario,San Miguel,Metropolitana,525000,15.0,53.5,2023-02-17 00:00:00.000000,2023-03-01 00:00:00.000000,Departamento,Arriendo,agency
PI-2023-03-002947,portalinmobiliario,la florida,Metropolitana,525000,15.0,61.8,2023-02-01 00:00:00.000000,2023-03-15 00:00:00.000000,departamento,arriendo,agency
PI-2023-03-003110,portalinmobiliario,Huechuraba,Metropolitana,580000,16.57,35.4,2023-03-18 00:00:00.000000,2023-03-22 00:00:00.000000,DEPARTAMENTO,ARRIENDO,agency
PI-2023-03-003628,portalinmobiliario,Ñuñoa,Metropolitana,815000,23.29,55.6,2023-03-07 00:00:00.000000,2023-03-22 00:00:00.000000,Departamento,Arriendo,agency
PI-2023-03-000367,portalinmobiliario,Huechuraba,Metropolitana,525000,15.0,39.8,2023-01-12 00:00:00.000000,2023-03-01 00:00:00.000000,DEPARTAMENTO,Arriendo,agency
PI-2023-03-001431,portalinmobiliario,LA REINA,Metropolitana,950000,27.14,73.2,2023-01-23 00:00:00.000000,2023-03-08 00:00:00.000000,DEPARTAMENTO,Arriendo,agency
PI-2023-03-001053,portalinmobiliario,San Joaquín,Metropolitana,585000,16.71,57.6,2023-03-04 00:00:00.000000,2023-03-08 00:00:00.000000,Departamento,Arriendo,owner_direct
PI-2023-03-004379,portalinmobiliario,Santiago,Metropolitana,480000,13.71,34.4,2023-03-16 00:00:00.000000,2023-03-29 00:00:00.000000,Departamento,ARRIENDO,agency
PI-2023-03-004700,portalinmobiliario,Conchalí,Metropolitana,330000,9.43,33.0,2023-03-12 00:00:00.000000,2023-03-29 00:00:00.000000,Departamento,arriendo,agency
PI-2023-03-002547,portalinmobiliario,Macul,Metropolitana,450000,12.86,8.0,2023-03-06 00:00:00.000000,2023-03-15 00:00:00.000000,DEPARTAMENTO,Arriendo,agency
PI-2023-03-001313,portalinmobiliario,las condes,Metropolitana,1720000,49.14,95.3,2023-02-20 00:00:00.000000,2023-03-08 00:00:00.000000,departamento,ARRIENDO,agency
PI-2023-03-001549,portalinmobiliario,Providencia,Metropolitana,800000,22.86,36.4,2023-02-21 00:00:00.000000,2023-03-08 00:00:00.000000,DEPARTAMENTO,Arriendo,agency
PI-2023-03-005077,portalinmobiliario,Santiago,Metropolitana,690000,19.71,69.1,2023-03-27 00:00:00.000000,2023-03-29 00:00:00.000000,departamento,arriendo,agency
PI-2023-03-004332,portalinmobiliario,Puente Alto,Metropolitana,400000,11.43,37.8,2023-02-02 00:00:00.000000,2023-03-29 00:00:00.000000,departamento,ARRIENDO,agency
PI-2023-03-003864,portalinmobiliario,Independencia,Metropolitana,715000,20.43,83.1,2023-01-06 00:00:00.000000,2023-03-22 00:00:00.000000,departamento,arriendo,owner_direct
PI-2023-03-000943,portalinmobiliario,San Joaquín,Metropolitana,580000,16.57,61.4,2022-12-12 00:00:00.000000,2023-03-01 00:00:00.000000,Departamento,arriendo,owner_direct
PI-2023-03-000036,portalinmobiliario,Independencia,Metropolitana,390000,11.14,29.0,2023-02-02 00:00:00.000000,2023-03-01 00:00:00.000000,departamento,Arriendo,agency
PI-2023-03-004850,portalinmobiliario,Maipú,Metropolitana,555000,15.86,56.7,2023-03-10 00:00:00.000000,2023-03-29 00:00:00.000000,Departamento,arriendo,owner_direct
PI-2023-03-003433,portalinmobiliario,Estación Central,Metropolitana,490000,14.0,41.8,2023-02-25 00:00:00.000000,2023-03-22 00:00:00.000000,Departamento,ARRIENDO,agency
PI-2023-03-000027,portalinmobiliario,Providencia,Metropolitana,3075000,87.86,42.5,2023-02-14 00:00:00.000000,2023-03-01 00:00:00.000000,departamento,ARRIENDO,agency
PI-2023-03-004203,portalinmobiliario,Lo Barnechea,Metropolitana,740000,21.14,43.8,2023-02-23 00:00:00.000000,2023-03-29 00:00:00.000000,departamento,ARRIENDO,agency
PI-2023-03-004862,portalinmobiliario,Maipú,Metropolitana,485000,13.86,61.8,2023-03-15 00:00:00.000000,2023-03-29 00:00:00.000000,DEPARTAMENTO,arriendo,agency
PI-2023-03-004646,portalinmobiliario,Renca,Metropolitana,335000,9.57,26.1,2023-02-28 00:00:00.000000,2023-03-29 00:00:00.000000,DEPARTAMENTO,ARRIENDO,agency
PI-2023-03-000322,portalinmobiliario,Recoleta,Metropolitana,700000,,73.9,2022-12-29 00:00:00.000000,2023-03-01 00:00:00.000000,Departamento,arriendo,agency
PI-2023-03-003880,portalinmobiliario,Santiago,Metropolitana,1020000,29.14,104.2,2023-03-12 00:00:00.000000,2023-03-22 00:00:00.000000,Departamento,Arriendo,owner_direct
PI-2023-03-000411,portalinmobiliario,Recoleta,Metropolitana,715000,20.43,79.9,2023-02-05 00:00:00.000000,2023-03-01 00:00:00.000000,Departamento,ARRIENDO,agency
PI-2023-03-004462,portalinmobiliario,Recoleta,Metropolitana,575000,16.43,59.9,2023-03-05 00:00:00.000000,2023-03-29 00:00:00.000000,DEPARTAMENTO,arriendo,owner_direct
PI-2023-03-003684,portalinmobiliario,Recoleta,Metropolitana,570000,16.29,47.9,2023-02-19 00:00:00.000000,2023-03-22 00:00:00.000000,DEPARTAMENTO,arriendo,agency
PI-2023-03-003476,portalinmobiliario,Estación Central,Metropolitana,600000,17.14,73.8,2023-02-20 00:00:00.000000,2023-03-22 00:00:00.000000,DEPARTAMENTO,ARRIENDO,agency
PI-2023-03-001027,portalinmobiliario,Independencia,Metropolitana,620000,17.71,64.7,2023-02-21 00:00:00.000000,2023-03-08 00:00:00.000000,DEPARTAMENTO,arriendo,owner_direct
PI-2023-03-000870,portalinmobiliario,Maipú,Metropolitana,425000,12.14,34.6,2022-12-31 00:00:00.000000,2023-03-01 00:00:00.000000,DEPARTAMENTO,ARRIENDO,agency
PI-2023-03-001096,portalinmobiliario,Estación Central,Metropolitana,460000,13.14,57.6,2023-01-26 00:00:00.000000,2023-03-08 00:00:00.000000,departamento,arriendo,agency
PI-2023-03-003876,portalinmobiliario,Maipú,Metropolitana,575000,16.43,75.5,2022-11-02 00:00:00.000000,2023-03-22 00:00:00.000000,Departamento,arriendo,owner_direct
PI-2023-03-003276,portalinmobiliario,Las Condes,Metropolitana,1055000,30.14,40.2,2023-01-24 00:00:00.000000,2023-03-22 00:00:00.000000,Departamento,arriendo,agency
PI-2023-03-004312,portalinmobiliario,Santiago,Metropolitana,565000,16.14,28.7,2023-02-09 00:00:00.000000,2023-03-29 00:00:00.000000,departamento,arriendo,owner_direct
PI-2023-03-004551,portalinmobiliario,Quinta Normal,Metropolitana,385000,11.0,32.6,2023-03-19 00:00:00.000000,2023-03-29 00:00:00.000000,Departamento,arriendo,agency
PI-2023-03-000005,portalinmobiliario,Recoleta,Metropolitana,375000,10.71,25.9,2023-01-17 00:00:00.000000,2023-03-01 00:00:00.000000,departamento,Arriendo,owner_direct
PI-2023-03-000104,portalinmobiliario,Santiago,Metropolitana,485000,13.86,31.3,2023-01-21 00:00:00.000000,2023-03-01 00:00:00.000000,departamento,arriendo,agency
PI-2023-03-003070,portalinmobiliario,Ñuñoa,Metropolitana,805000,23.0,57.5,2023-03-07 00:00:00.000000,2023-03-22 00:00:00.000000,DEPARTAMENTO,Arriendo,agency
PI-2023-03-003980,portalinmobiliario,San Miguel,Metropolitana,560000,16.0,37.8,2023-01-27 00:00:00.000000,2023-03-22 00:00:00.000000,DEPARTAMENTO,ARRIENDO,agency
PI-2023-03-001693,portalinmobiliario,Lo Barnechea,Metropolitana,735000,,38.7,2023-02-20 00:00:00.000000,2023-03-08 00:00:00.000000,Departamento,ARRIENDO,owner_direct
PI-2023-03-003832,portalinmobiliario,Cerrillos,Metropolitana,780000,22.29,107.4,2023-02-14 00:00:00.000000,2023-03-22 00:00:00.000000,DEPARTAMENTO,ARRIENDO,owner_direct
PI-2023-03-004702,portalinmobiliario,LA REINA,Metropolitana,835000,23.86,46.0,2023-03-16 00:00:00.000000,2023-03-29 00:00:00.000000,DEPARTAMENTO,ARRIENDO,agency
PI-2023-03-004956,portalinmobiliario,Cerrillos,Metropolitana,570000,16.29,58.8,2022-09-30 00:00:00.000000,2023-03-29 00:00:00.000000,Departamento,ARRIENDO,owner_direct
PI-2023-03-003177,portalinmobiliario,Santiago,Metropolitana,460000,13.14,31.2,2023-02-17 00:00:00.000000,2023-03-22 00:00:00.000000,DEPARTAMENTO,arriendo,agency
PI-2023-03-002530,portalinmobiliario,Estación Central,Metropolitana,580000,16.57,57.4,2023-03-08 00:00:00.000000,2023-03-15 00:00:00.000000,Departamento,arriendo,agency
PI-2023-03-000951,portalinmobiliario,San Miguel,Metropolitana,545000,15.57,49.2,2023-02-08 00:00:00.000000,2023-03-01 00:00:00.000000,departamento,ARRIENDO,owner_direct
PI-2023-03-001539,portalinmobiliario,La Reina,Metropolitana,7380000,210.86,33.3,2023-02-22 00:00:00.000000,2023-03-08 00:00:00.000000,Departamento,Arriendo,agency
PI-2023-03-002632,portalinmobiliario,Estación Central,Metropolitana,315000,9.0,29.5,2023-02-21 00:00:00.000000,2023-03-15 00:00:00.000000,DEPARTAMENTO,ARRIENDO,agency
PI-2023-03-001904,portalinmobiliario,ESTACIÓN CENTRAL,Metropolitana,400000,11.43,42.6,2023-01-10 00:00:00.000000,2023-03-08 00:00:00.000000,Departamento,arriendo,agency
PI-2023-03-004649,portalinmobiliario,Conchalí,Metropolitana,410000,11.71,50.4,2023-03-15 00:00:00.000000,2023-03-29 00:00:00.000000,Departamento,arriendo,agency
PI-2023-03-003860,portalinmobiliario,Ñuñoa,Metropolitana,1480000,42.29,152.6,2022-12-27 00:00:00.000000,2023-03-22 00:00:00.000000,Departamento,ARRIENDO,agency
PI-2023-03-002485,portalinmobiliario,Las Condes,Metropolitana,1005000,28.71,54.2,2022-09-21 00:00:00.000000,2023-03-15 00:00:00.000000,departamento,ARRIENDO,owner_direct
PI-2023-03-002982,portalinmobiliario,Macul,Metropolitana,640000,18.29,56.8,2023-02-27 00:00:00.000000,2023-03-22 00:00:00.000000,DEPARTAMENTO,Arriendo,owner_direct
PI-2023-03-000441,portalinmobiliario,Quilicura,Metropolitana,835000,23.86,95.8,2023-01-15 00:00:00.000000,2023-03-01 00:00:00.000000,departamento,ARRIENDO,owner_direct
PI-2023-03-000101,portalinmobiliario,San Miguel,Metropolitana,580000,16.57,49.5,2023-01-26 00:00:00.000000,2023-03-01 00:00:00.000000,Departamento,ARRIENDO,agency
PI-2023-03-000940,portalinmobiliario,Quilicura,Metropolitana,375000,10.71,30.9,2023-02-21 00:00:00.000000,2023-03-01 00:00:00.000000,DEPARTAMENTO,Arriendo,agency
PI-2023-03-003671,portalinmobiliario, Santiago,Metropolitana,820000,23.43,77.5,2022-11-05 00:00:00.000000,2023-03-22 00:00:00.000000,departamento,ARRIENDO,owner_direct
PI-2023-03-004390,portalinmobiliario,Estación Central,Metropolitana,360000,10.29,27.7,2023-03-27 00:00:00.000000,2023-03-29 00:00:00.000000,Departamento,ARRIENDO,agency
PI-2023-03-004566,portalinmobiliario,San Miguel,Metropolitana,530000,15.14,64.0,2023-03-08 00:00:00.000000,2023-03-29 00:00:00.000000,Departamento,arriendo,agency
PI-2023-03-000085,portalinmobiliario,Independencia,Metropolitana,675000,19.29,62.3,2023-02-11 00:00:00.000000,2023-03-01 00:00:00.000000,Departamento,Arriendo,agency
PI-2023-03-003707,portalinmobiliario,Independencia,Metropolitana,610000,17.43,58.4,2023-03-05 00:00:00.000000,2023-03-22 00:00:00.000000,Departamento,Arriendo,agency
PI-2023-03-002560,portalinmobiliario,Huechuraba,Metropolitana,615000,17.57,44.1,2023-01-30 00:00:00.000000,2023-03-15 00:00:00.000000,Departamento,arriendo,agency
PI-2023-03-002733,portalinmobiliario,San Miguel,Metropolitana,515000,14.71,43.8,2023-02-23 00:00:00.000000,2023-03-15 00:00:00.000000,departamento,arriendo,owner_direct
PI-2023-03-005097,portalinmobiliario,Las Condes,Metropolitana,755000,,28.5,2023-03-22 00:00:00.000000,2023-03-29 00:00:00.000000,DEPARTAMENTO,Arriendo,owner_direct
PI-2023-03-004923,portalinmobiliario,La Florida,Metropolitana,495000,14.14,45.8,2023-03-26 00:00:00.000000,2023-03-29 00:00:00.000000,departamento,ARRIENDO,agency
PI-2023-03-001214,portalinmobiliario,Recoleta,Metropolitana,535000,15.29,58.9,2023-03-03 00:00:00.000000,2023-03-08 00:00:00.000000,departamento,ARRIENDO,owner_direct
PI-2023-03-001755,portalinmobiliario,Macul,Metropolitana,585000,16.71,36.5,2023-01-20 00:00:00.000000,2023-03-08 00:00:00.000000,Departamento,Arriendo,agency
PI-2023-03-001978,portalinmobiliario, Macul,Metropolitana,585000,16.71,35.7,2023-02-16 00:00:00.000000,2023-03-15 00:00:00.000000,Departamento,arriendo,owner_direct
PI-2023-03-003485,portalinmobiliario,Santiago,Metropolitana,655000,18.71,69.5,2023-02-21 00:00:00.000000,2023-03-22 00:00:00.000000,DEPARTAMENTO,ARRIENDO,agency
PI-2023-03-005147,portalinmobiliario,Santiago,Metropolitana,670000,19.14,57.4,2023-03-19 00:00:00.000000,2023-03-29 00:00:00.000000,DEPARTAMENTO,ARRIENDO,owner_direct
PI-2023-03-001281,portalinmobiliario,Quilicura,Metropolitana,500000,14.29,50.3,2023-02-05 00:00:00.000000,2023-03-08 00:00:00.000000,Departamento,ARRIENDO,owner_direct
PI-2023-03-004507,portalinmobiliario,Independencia,Metropolitana,395000,11.29,34.6,2023-03-17 00:00:00.000000,2023-03-29 00:00:00.000000,Departamento,arriendo,owner_direct
PI-2023-03-000399,portalinmobiliario,Huechuraba,Metropolitana,800000,22.86,98.8,2023-01-03 00:00:00.000000,2023-03-01 00:00:00.000000,departamento,Arriendo,agency
PI-2023-03-001209,portalinmobiliario,Ñuñoa,Metropolitana,655000,18.71,49.4,2023-02-20 00:00:00.000000,2023-03-08 00:00:00.000000,Departamento,Arriendo,agency
PI-2023-03-000202,portalinmobiliario,Vitacura,Metropolitana,1150000,32.86,39.0,2023-01-22 00:00:00.000000,2023-03-01 00:00:00.000000,DEPARTAMENTO,Arriendo,agency
PI-2023-03-003602,portalinmobiliario,Huechuraba,Metropolitana,485000,13.86,30.9,2023-02-12 00:00:00.000000,2023-03-22 00:00:00.000000,departamento,Arriendo,owner_direct
PI-2023-03-001014,portalinmobiliario,Lo Barnechea,Metropolitana,1255000,35.86,72.0,2023-02-24 00:00:00.000000,2023-03-08 00:00:00.000000,Departamento,arriendo,agency
PI-2023-03-005229,portalinmobiliario,Puente Alto,Metropolitana,430000,12.29,41.1,2023-03-14 00:00:00.000000,2023-03-29 00:00:00.000000,departamento,ARRIENDO,agency
PI-2023-03-005170,portalinmobiliario,Quilicura,Metropolitana,385000,11.0,41.1,2023-02-15 00:00:00.000000,2023-03-29 00:00:00.000000,Departamento,arriendo,agency
PI-2023-03-002115,portalinmobiliario,Las Condes,Metropolitana,1245000,35.57,69.4,2023-03-08 00:00:00.000000,2023-03-15 00:00:00.000000,departamento,Arriendo,agency
PI-2023-03-001276,portalinmobiliario,Quilicura,Metropolitana,380000,10.86,41.3,2022-12-12 00:00:00.000000,2023-03-08 00:00:00.000000,DEPARTAMENTO,Arriendo,agency
PI-2023-03-001600,portalinmobiliario,MACUL,Metropolitana,535000,15.29,51.7,2023-03-01 00:00:00.000000,2023-03-08 00:00:00.000000,DEPARTAMENTO,ARRIENDO,agency
PI-2023-03-004761,portalinmobiliario,Las Condes ,Metropolitana,970000,27.71,45.2,2023-03-27 00:00:00.000000,2023-03-29 00:00:00.000000,DEPARTAMENTO,arriendo,agency
PI-2023-03-000582,portalinmobiliario,Independencia,Metropolitana,830000,23.71,99.5,2023-01-24 00:00:00.000000,2023-03-01 00:00:00.000000,Departamento,Arriendo,agency
PI-2023-03-000351,portalinmobiliario,Cerrillos,Metropolitana,455000,13.0,36.3,2022-12-03 00:00:00.000000,2023-03-01 00:00:00.000000,departamento,Arriendo,agency
PI-2023-03-003413,portalinmobiliario,Independencia,Metropolitana,440000,12.57,42.3,2023-02-09 00:00:00.000000,2023-03-22 00:00:00.000000,DEPARTAMENTO,ARRIENDO,agency
PI-2023-03-000246,portalinmobiliario,San Miguel,Metropolitana,535000,15.29,51.9,2023-02-05 00:00:00.000000,2023-03-01 00:00:00.000000,DEPARTAMENTO,ARRIENDO,owner_direct
PI-2023-03-000009,portalinmobiliario,Pudahuel,Metropolitana,330000,9.43,33.6,2022-12-28 00:00:00.000000,2023-03-01 00:00:00.000000,Departamento,ARRIENDO,agency
PI-2023-03-002306,portalinmobiliario,Estación Central,Metropolitana,615000,17.57,67.2,2023-02-14 00:00:00.000000,2023-03-15 00:00:00.000000,DEPARTAMENTO,arriendo,owner_direct
PI-2023-03-002089,portalinmobiliario,Santiago,Metropolitana,470000,13.43,31.5,2023-02-27 00:00:00.000000,2023-03-15 00:00:00.000000,departamento,arriendo,owner_direct
PI-2023-03-003435,portalinmobiliario,Huechuraba,Metropolitana,645000,18.43,53.6,2023-02-21 00:00:00.000000,2023-03-22 00:00:00.000000,DEPARTAMENTO,ARRIENDO,owner_direct
PI-2023-03-004164,portalinmobiliario,Quilicura,Metropolitana,535000,15.29,52.4,2023-03-15 00:00:00.000000,2023-03-29 00:00:00.000000,departamento,ARRIENDO,owner_direct
PI-2023-03-004652,portalinmobiliario,Recoleta,Metropolitana,455000,13.0,35.1,2023-03-15 00:00:00.000000,2023-03-29 00:00:00.000000,departamento,ARRIENDO,owner_direct
PI-2023-03-003662,portalinmobiliario,Lo Barnechea,Metropolitana,630000,18.0,28.3,2023-03-13 00:00:00.000000,2023-03-22 00:00:00.000000,Departamento,arriendo,agency
PI-2023-03-003592,portalinmobiliario,Las Condes,Metropolitana,1455000,41.57,76.9,2023-02-06 00:00:00.000000,2023-03-22 00:00:00.000000,departamento,Arriendo,agency
PI-2023-03-004267,portalinmobiliario,La Florida,Metropolitana,450000,12.86,27.5,2023-02-12 00:00:00.000000,2023-03-29 00:00:00.000000,Departamento,Arriendo,agency
PI-2023-03-003776,portalinmobiliario,Renca,Metropolitana,300000,8.57,35.5,2023-03-12 00:00:00.000000,2023-03-22 00:00:00.000000,departamento,arriendo,agency
PI-2023-03-004993,portalinmobiliario,Independencia,Metropolitana,560000,16.0,66.9,2023-03-14 00:00:00.000000,2023-03-29 00:00:00.000000,DEPARTAMENTO,Arriendo,owner_direct
PI-2023-03-002941,portalinmobiliario,Ñuñoa,Metropolitana,550000,15.71,32.3,2023-03-11 00:00:00.000000,2023-03-15 00:00:00.000000,departamento,ARRIENDO,agency
PI-2023-03-004337,portalinmobiliario,Quinta Normal,Metropolitana,430000,12.29,49.1,2023-01-31 00:00:00.000000,2023-03-29 00:00:00.000000,DEPARTAMENTO,arriendo,owner_direct
PI-2023-03-002361,portalinmobiliario,peñalolén,Metropolitana,480000,13.71,57.9,2023-02-17 00:00:00.000000,2023-03-15 00:00:00.000000,Departamento,ARRIENDO,agency
PI-2023-03-003652,portalinmobiliario,Independencia,Metropolitana,530000,15.14,62.0,2022-08-26 00:00:00.000000,2023-03-22 00:00:00.000000,Departamento,Arriendo,owner_direct
PI-2023-03-003388,portalinmobiliario,San Miguel,Metropolitana,485000,13.86,53.0,2023-03-08 00:00:00.000000,2023-03-22 00:00:00.000000,DEPARTAMENTO,arriendo,owner_direct
PI-2023-03-001817,portalinmobiliario,Maipú,Metropolitana,425000,12.14,47.9,2022-09-09 00:00:00.000000,2023-03-08 00:00:00.000000,DEPARTAMENTO,arriendo,agency
PI-2023-03-003000,portalinmobiliario,Santiago,Metropolitana,615000,17.57,41.5,2023-02-16 00:00:00.000000,2023-03-22 00:00:00.000000,departamento,ARRIENDO,owner_direct
PI-2023-03-001594,portalinmobiliario,Lo Barnechea,Metropolitana,920000,26.29,42.5,2023-01-27 00:00:00.000000,2023-03-08 00:00:00.000000,departamento,ARRIENDO,owner_direct
PI-2023-03-005210,portalinmobiliario,La Reina,Metropolitana,705000,20.14,43.8,2023-03-02 00:00:00.000000,2023-03-29 00:00:00.000000,Departamento,Arriendo,agency
PI-2023-03-001700,portalinmobiliario,Santiago,Metropolitana,570000,16.29,32.3,2023-01-16 00:00:00.000000,2023-03-08 00:00:00.000000,DEPARTAMENTO,Arriendo,owner_direct
PI-2023-03-001777,portalinmobiliario,La Reina,Metropolitana,785000,22.43,59.6,2023-02-17 00:00:00.000000,2023-03-08 00:00:00.000000,Departamento,ARRIENDO,owner_direct
PI-2023-03-000848,portalinmobiliario,Estación Central,Metropolitana,400000,11.43,41.1,2023-01-26 00:00:00.000000,2023-03-01 00:00:00.000000,Departamento,Arriendo,agency
PI-2023-03-005295,portalinmobiliario,Ñuñoa ,Metropolitana,790000,22.57,55.1,2022-11-05 00:00:00.000000,2023-03-29 00:00:00.000000,Departamento,Arriendo,agency
PI-2023-03-005239,portalinmobiliario,Puente Alto,Metropolitana,530000,15.14,72.3,2023-01-20 00:00:00.000000,2023-03-29 00:00:00.000000,Departamento,arriendo,agency
PI-2023-03-004891,portalinmobiliario,Macul,Metropolitana,460000,13.14,40.9,2023-03-15 00:00:00.000000,2023-03-29 00:00:00.000000,departamento,arriendo,owner_direct
PI-2023-03-003624,portalinmobiliario,Independencia,Metropolitana,490000,14.0,50.0,2023-03-15 00:00:00.000000,2023-03-22 00:00:00.000000,Departamento,arriendo,owner_direct
PI-2023-03-004111,portalinmobiliario,Estación Central,Metropolitana,565000,16.14,62.1,2023-03-20 00:00:00.000000,2023-03-29 00:00:00.000000,departamento,ARRIENDO,owner_direct
PI-2023-03-004000,portalinmobiliario,Estación Central,Metropolitana,460000,13.14,41.8,2023-02-14 00:00:00.000000,2023-03-22 00:00:00.000000,departamento,ARRIENDO,owner_direct
PI-2023-03-004151,portalinmobiliario,Independencia,Metropolitana,500000,14.29,44.4,2023-03-22 00:00:00.000000,2023-03-29 00:00:00.000000,DEPARTAMENTO,arriendo,agency
PI-2023-03-004035,portalinmobiliario,Cerrillos,Metropolitana,560000,16.0,59.8,2023-01-25 00:00:00.000000,2023-03-22 00:00:00.000000,Departamento,arriendo,owner_direct
PI-2023-03-003024,portalinmobiliario,Independencia,Metropolitana,385000,11.0,34.4,2023-02-04 00:00:00.000000,2023-03-22 00:00:00.000000,Departamento,Arriendo,agency
PI-2023-03-000390,portalinmobiliario,Maipú,Metropolitana,400000,11.43,39.5,2023-02-21 00:00:00.000000,2023-03-01 00:00:00.000000,Departamento,Arriendo,agency
PI-2023-03-004066,portalinmobiliario,Santiago,Metropolitana,560000,16.0,47.2,2023-03-05 00:00:00.000000,2023-03-22 00:00:00.000000,Departamento,arriendo,agency
PI-2023-03-004211,portalinmobiliario, San Miguel,Metropolitana,600000,17.14,43.1,2023-03-08 00:00:00.000000,2023-03-29 00:00:00.000000,Departamento,Arriendo,agency
PI-2023-03-000490,portalinmobiliario,La Florida,Metropolitana,530000,15.14,52.5,2023-02-08 00:00:00.000000,2023-03-01 00:00:00.000000,Departamento,Arriendo,agency
PI-2023-03-003257,portalinmobiliario,La Florida,Metropolitana,525000,15.0,45.2,2023-03-15 00:00:00.000000,2023-03-22 00:00:00.000000,DEPARTAMENTO,Arriendo,agency
PI-2023-03-004128,portalinmobiliario,Vitacura ,Metropolitana,965000,27.57,37.1,2023-03-20 00:00:00.000000,2023-03-29 00:00:00.000000,Departamento,arriendo,agency
PI-2023-03-000778,portalinmobiliario,Santiago,Metropolitana,545000,15.57,39.4,2023-01-29 00:00:00.000000,2023-03-01 00:00:00.000000,Departamento,arriendo,agency
PI-2023-03-004606,portalinmobiliario,San Joaquín,Metropolitana,655000,18.71,74.0,2023-03-09 00:00:00.000000,2023-03-29 00:00:00.000000,Departamento,ARRIENDO,owner_direct
PI-2023-03-002949,portalinmobiliario,La Reina,Metropolitana,910000,26.0,50.4,2023-03-06 00:00:00.000000,2023-03-22 00:00:00.000000,Departamento,ARRIENDO,agency
PI-2023-03-004140,portalinmobiliario,Recoleta,Metropolitana,425000,12.14,37.9,2022-11-03 00:00:00.000000,2023-03-29 00:00:00.000000,departamento,Arriendo,agency
PI-2023-03-000891,portalinmobiliario,San Miguel,Metropolitana,480000,13.71,41.0,2023-02-12 00:00:00.000000,2023-03-01 00:00:00.000000,departamento,ARRIENDO,agency
PI-2023-03-000579,portalinmobiliario,Quilicura,Metropolitana,365000,10.43,34.2,2022-09-20 00:00:00.000000,2023-03-01 00:00:00.000000,DEPARTAMENTO,arriendo,agency
PI-2023-03-002351,portalinmobiliario,Santiago,Metropolitana,535000,15.29,43.8,2023-02-12 00:00:00.000000,2023-03-15 00:00:00.000000,DEPARTAMENTO,arriendo,agency
PI-2023-03-001208,portalinmobiliario,Santiago,Metropolitana,450000,12.86,27.8,2023-02-19 00:00:00.000000,2023-03-08 00:00:00.000000,DEPARTAMENTO,arriendo,agency
PI-2023-03-003266,portalinmobiliario,Ñuñoa,Metropolitana,640000,18.29,30.7,2023-01-24 00:00:00.000000,2023-03-22 00:00:00.000000,departamento,Arriendo,owner_direct
PI-2023-03-001353,portalinmobiliario,Recoleta,Metropolitana,385000,11.0,28.9,2023-02-25 00:00:00.000000,2023-03-08 00:00:00.000000,DEPARTAMENTO,ARRIENDO,owner_direct
PI-2023-03-003514,portalinmobiliario,Quinta Normal,Metropolitana,530000,15.14,62.3,2023-03-15 00:00:00.000000,2023-03-22 00:00:00.000000,Departamento,ARRIENDO,agency
PI-2023-03-001707,portalinmobiliario,La Florida,Metropolitana,435000,12.43,35.1,2022-09-26 00:00:00.000000,2023-03-08 00:00:00.000000,departamento,ARRIENDO,agency
PI-2023-03-000215,portalinmobiliario,Las Condes,Metropolitana,780000,22.29,41.4,2023-01-21 00:00:00.000000,2023-03-01 00:00:00.000000,DEPARTAMENTO,ARRIENDO,agency
PI-2023-03-001402,portalinmobiliario,Las Condes,Metropolitana,1225000,35.0,68.6,2023-02-22 00:00:00.000000,2023-03-08 00:00:00.000000,Departamento,arriendo,agency
PI-2023-03-000532,portalinmobiliario,Estación Central,Metropolitana,565000,16.14,54.0,2023-02-20 00:00:00.000000,2023-03-01 00:00:00.000000,DEPARTAMENTO,arriendo,agency
PI-2023-03-002753,portalinmobiliario,PROVIDENCIA,Metropolitana,1175000,33.57,84.1,2023-02-10 00:00:00.000000,2023-03-15 00:00:00.000000,DEPARTAMENTO,Arriendo,owner_direct
PI-2023-03-000723,portalinmobiliario,Las Condes,Metropolitana,1175000,33.57,63.9,2023-01-02 00:00:00.000000,2023-03-01 00:00:00.000000,DEPARTAMENTO,Arriendo,agency
PI-2023-03-004607,portalinmobiliario,Cerrillos,Metropolitana,635000,18.14,80.3,2023-03-18 00:00:00.000000,2023-03-29 00:00:00.000000,Departamento,ARRIENDO,agency
PI-2023-03-002240,portalinmobiliario,Recoleta,Metropolitana,360000,10.29,29.9,2023-03-02 00:00:00.000000,2023-03-15 00:00:00.000000,departamento,Arriendo,owner_direct
PI-2023-03-000357,portalinmobiliario,Quilicura,Metropolitana,555000,15.86,62.9,2023-01-23 00:00:00.000000,2023-03-01 00:00:00.000000,Departamento,Arriendo,agency
PI-2023-03-004952,portalinmobiliario,Macul,Metropolitana,520000,14.86,49.6,2023-02-25 00:00:00.000000,2023-03-29 00:00:00.000000,departamento,Arriendo,owner_direct
PI-2023-03-000453,portalinmobiliario,La Florida,Metropolitana,685000,19.57,74.2,2023-02-09 00:00:00.000000,2023-03-01 00:00:00.000000,departamento,ARRIENDO,owner_direct
PI-2023-03-002973,portalinmobiliario,Santiago,Metropolitana,555000,15.86,35.1,2023-02-28 00:00:00.000000,2023-03-22 00:00:00.000000,departamento,Arriendo,agency
PI-2023-03-000040,portalinmobiliario,Las Condes,Metropolitana,985000,28.14,50.3,2023-02-22 00:00:00.000000,2023-03-01 00:00:00.000000,departamento,ARRIENDO,agency
PI-2023-03-000965,portalinmobiliario,macul,Metropolitana,4460000,127.43,46.4,2023-02-20 00:00:00.000000,2023-03-01 00:00:00.000000,DEPARTAMENTO,ARRIENDO,agency
PI-2023-03-000864,portalinmobiliario,Pudahuel,Metropolitana,680000,19.43,85.2,2023-01-22 00:00:00.000000,2023-03-01 00:00:00.000000,DEPARTAMENTO,arriendo,agency
PI-2023-03-004925,portalinmobiliario,Maipú,Metropolitana,375000,,44.1,2023-03-17 00:00:00.000000,2023-03-29 00:00:00.000000,departamento,arriendo,agency
PI-2023-03-003367,portalinmobiliario,Las Condes,Metropolitana,1105000,31.57,65.9,2022-11-04 00:00:00.000000,2023-03-22 00:00:00.000000,departamento,arriendo,owner_direct
PI-2023-03-001601,portalinmobiliario,Maipú,Metropolitana,490000,14.0,61.4,2022-11-05 00:00:00.000000,2023-03-08 00:00:00.000000,DEPARTAMENTO,arriendo,owner_direct
PI-2023-03-003862,portalinmobiliario,Macul,Metropolitana,525000,15.0,51.9,2023-03-15 00:00:00.000000,2023-03-22 00:00:00.000000,Departamento,ARRIENDO,agency
PI-2023-03-000865,portalinmobiliario,La Reina,Metropolitana,630000,18.0,33.1,2023-02-24 00:00:00.000000,2023-03-01 00:00:00.000000,Departamento,arriendo,agency
PI-2023-03-003441,portalinmobiliario,Quilicura,Metropolitana,550000,15.71,68.5,2023-02-03 00:00:00.000000,2023-03-22 00:00:00.000000,departamento,Arriendo,agency
PI-2023-03-001586,portalinmobiliario,Santiago,Metropolitana,750000,21.43,70.0,2023-02-23 00:00:00.000000,2023-03-08 00:00:00.000000,Departamento,arriendo,agency
PI-2023-03-004679,portalinmobiliario,San Miguel,Metropolitana,880000,25.14,77.2,2023-03-17 00:00:00.000000,2023-03-29 00:00:00.000000,Departamento,Arriendo,owner_direct
PI-2023-03-000777,portalinmobiliario,Quilicura,Metropolitana,395000,11.29,34.6,2022-12-28 00:00:00.000000,2023-03-01 00:00:00.000000,departamento,arriendo,agency
PI-2023-03-002693,portalinmobiliario,Lo Barnechea,Metropolitana,1125000,32.14,55.3,2023-02-25 00:00:00.000000,2023-03-15 00:00:00.000000,departamento,ARRIENDO,agency
PI-2023-03-000742,portalinmobiliario,Santiago,Metropolitana,665000,19.0,60.8,2023-02-18 00:00:00.000000,2023-03-01 00:00:00.000000,DEPARTAMENTO,arriendo,agency
PI-2023-03-004397,portalinmobiliario,Estación Central,Metropolitana,710000,20.29,74.5,2023-03-16 00:00:00.000000,2023-03-29 00:00:00.000000,Departamento,arriendo,owner_direct
PI-2023-03-002248,portalinmobiliario,Independencia,Metropolitana,525000,15.0,43.8,2023-02-20 00:00:00.000000,2023-03-15 00:00:00.000000,DEPARTAMENTO,arriendo,owner_direct
PI-2023-03-004799,portalinmobiliario,Ñuñoa,Metropolitana,740000,21.14,56.3,2023-03-06 00:00:00.000000,2023-03-29 00:00:00.000000,Departamento,ARRIENDO,agency
PI-2023-03-004715,portalinmobiliario,Huechuraba,Metropolitana,880000,25.14,87.2,2023-02-11 00:00:00.000000,2023-03-29 00:00:00.000000,departamento,ARRIENDO,owner_direct
PI-2023-03-004740,portalinmobiliario, Independencia,Metropolitana,495000,14.14,42.7,2023-03-14 00:00:00.000000,2023-03-29 00:00:00.000000,DEPARTAMENTO,arriendo,agency
PI-2023-03-001170,portalinmobiliario,Pudahuel,Metropolitana,495000,14.14,57.4,2023-02-11 00:00:00.000000,2023-03-08 00:00:00.000000,Departamento,arriendo,agency
PI-2023-03-003912,portalinmobiliario,Quinta Normal,Metropolitana,365000,10.43,29.0,2023-03-21 00:00:00.000000,2023-03-22 00:00:00.000000,Departamento,arriendo,agency
PI-2023-03-002927,portalinmobiliario,San Joaquín,Metropolitana,440000,12.57,44.2,2023-02-04 00:00:00.000000,2023-03-15 00:00:00.000000,Departamento,Arriendo,agency
PI-2023-03-005009,portalinmobiliario,Quinta Normal,Metropolitana,565000,16.14,62.2,2023-03-04 00:00:00.000000,2023-03-29 00:00:00.000000,departamento,ARRIENDO,agency
PI-2023-03-003213,portalinmobiliario, Puente Alto,Metropolitana,465000,13.29,51.3,2023-03-08 00:00:00.000000,2023-03-22 00:00:00.000000,departamento,arriendo,owner_direct
PI-2023-03-000768,portalinmobiliario,Recoleta,Metropolitana,615000,17.57,59.6,2022-08-14 00:00:00.000000,2023-03-01 00:00:00.000000,departamento,Arriendo,agency
PI-2023-03-001870,portalinmobiliario,Santiago,Metropolitana,660000,18.86,46.0,2023-02-08 00:00:00.000000,2023-03-08 00:00:00.000000,departamento,Arriendo,owner_direct
PI-2023-03-004424,portalinmobiliario,Ñuñoa,Metropolitana,785000,22.43,68.2,2023-01-11 00:00:00.000000,2023-03-29 00:00:00.000000,departamento,arriendo,owner_direct
PI-2023-03-003580,portalinmobiliario,San Miguel,Metropolitana,1190000,34.0,114.4,2023-03-16 00:00:00.000000,2023-03-22 00:00:00.000000,DEPARTAMENTO,Arriendo,agency
PI-2023-03-001535,portalinmobiliario,Macul,Metropolitana,530000,15.14,47.6,2023-02-03 00:00:00.000000,2023-03-08 00:00:00.000000,departamento,arriendo,agency
PI-2023-03-002722,portalinmobiliario,Peñalolén,Metropolitana,855000,24.43,103.5,2023-02-25 00:00:00.000000,2023-03-15 00:00:00.000000,Departamento,ARRIENDO,owner_direct
PI-2023-03-000685,portalinmobiliario,Quilicura,Metropolitana,640000,18.29,100.7,2023-01-31 00:00:00.000000,2023-03-01 00:00:00.000000,DEPARTAMENTO,ARRIENDO,owner_direct
PI-2023-03-000037,portalinmobiliario,Ñuñoa,Metropolitana,745000,21.29,42.4,2023-01-28 00:00:00.000000,2023-03-01 00:00:00.000000,DEPARTAMENTO,Arriendo,owner_direct
PI-2023-03-003724,portalinmobiliario,LA CISTERNA,Metropolitana,545000,15.57,51.0,2023-03-04 00:00:00.000000,2023-03-22 00:00:00.000000,departamento,ARRIENDO,owner_direct
PI-2023-03-004592,portalinmobiliario,Estación Central,Metropolitana,610000,17.43,68.4,2023-03-06 00:00:00.000000,2023-03-29 00:00:00.000000,DEPARTAMENTO,arriendo,agency
PI-2023-03-004767,portalinmobiliario,Quilicura,Metropolitana,440000,12.57,41.5,2023-03-18 00:00:00.000000,2023-03-29 00:00:00.000000,Departamento,arriendo,agency
PI-2023-03-002637,portalinmobiliario,LA REINA,Metropolitana,930000,26.57,69.5,2023-02-12 00:00:00.000000,2023-03-15 00:00:00.000000,Departamento,arriendo,agency
PI-2023-03-003078,portalinmobiliario,Huechuraba,Metropolitana,1260000,36.0,130.3,2023-03-13 00:00:00.000000,2023-03-22 00:00:00.000000,departamento,Arriendo,agency
PI-2023-03-004413,portalinmobiliario,San Miguel,Metropolitana,485000,13.86,33.9,2023-03-24 00:00:00.000000,2023-03-29 00:00:00.000000,DEPARTAMENTO,ARRIENDO,owner_direct
PI-2023-03-004015,portalinmobiliario,Independencia,Metropolitana,445000,12.71,32.6,2023-02-26 00:00:00.000000,2023-03-22 00:00:00.000000,DEPARTAMENTO,Arriendo,agency
PI-2023-03-001969,portalinmobiliario, Providencia,Metropolitana,780000,22.29,28.2,2023-01-06 00:00:00.000000,2023-03-15 00:00:00.000000,DEPARTAMENTO,Arriendo,agency
PI-2023-03-002897,portalinmobiliario,Conchalí,Metropolitana,430000,12.29,57.7,2023-02-27 00:00:00.000000,2023-03-15 00:00:00.000000,departamento,ARRIENDO,agency
PI-2023-03-002555,portalinmobiliario,Ñuñoa,Metropolitana,680000,19.43,31.2,2023-02-10 00:00:00.000000,2023-03-15 00:00:00.000000,DEPARTAMENTO,arriendo,agency
PI-2023-03-002208,portalinmobiliario,San Miguel,Metropolitana,625000,17.86,50.4,2023-01-07 00:00:00.000000,2023-03-15 00:00:00.000000,departamento,Arriendo,owner_direct
PI-2023-03-005069,portalinmobiliario,Vitacura,Metropolitana,950000,27.14,32.8,2023-03-28 00:00:00.000000,2023-03-29 00:00:00.000000,departamento,ARRIENDO,owner_direct
PI-2023-03-002373,portalinmobiliario,Ñuñoa,Metropolitana,1225000,35.0,103.2,2023-01-16 00:00:00.000000,2023-03-15 00:00:00.000000,DEPARTAMENTO,Arriendo,owner_direct
PI-2023-03-001523,portalinmobiliario,Vitacura,Metropolitana,5080000,145.14,400.0,2023-02-24 00:00:00.000000,2023-03-08 00:00:00.000000,Departamento,arriendo,agency
PI-2023-03-000333,portalinmobiliario,Ñuñoa,Metropolitana,825000,23.57,50.4,2023-02-16 00:00:00.000000,2023-03-01 00:00:00.000000,Departamento,arriendo,agency
PI-2023-03-005034,portalinmobiliario,Ñuñoa,Metropolitana,6475000,185.0,39.0,2023-01-16 00:00:00.000000,2023-03-29 00:00:00.000000,Departamento,ARRIENDO,agency
PI-2023-03-001145,portalinmobiliario,Pudahuel,Metropolitana,465000,13.29,63.3,2023-02-23 00:00:00.000000,2023-03-08 00:00:00.000000,DEPARTAMENTO,Arriendo,owner_direct
PI-2023-03-004060,portalinmobiliario,Quinta Normal,Metropolitana,480000,13.71,39.1,2023-02-27 00:00:00.000000,2023-03-22 00:00:00.000000,departamento,Arriendo,owner_direct
PI-2023-03-004895,portalinmobiliario,Macul,Metropolitana,495000,14.14,42.8,2023-03-19 00:00:00.000000,2023-03-29 00:00:00.000000,Departamento,arriendo,agency
PI-2023-03-001624,portalinmobiliario,San Joaquín,Metropolitana,530000,15.14,51.4,2023-02-15 00:00:00.000000,2023-03-08 00:00:00.000000,departamento,Arriendo,agency
PI-2023-03-004550,portalinmobiliario,Huechuraba,Metropolitana,645000,18.43,52.6,2022-12-19 00:00:00.000000,2023-03-29 00:00:00.000000,departamento,Arriendo,agency
PI-2023-03-000049,portalinmobiliario,Cerrillos,Metropolitana,640000,18.29,73.9,2023-01-12 00:00:00.000000,2023-03-01 00:00:00.000000,DEPARTAMENTO,ARRIENDO,agency
PI-2023-03-000262,portalinmobiliario,Ñuñoa,Metropolitana,725000,20.71,41.1,2023-02-09 00:00:00.000000,2023-03-01 00:00:00.000000,Departamento,arriendo,agency
PI-2023-03-001619,portalinmobiliario,la florida,Metropolitana,475000,13.57,45.0,2023-02-10 00:00:00.000000,2023-03-08 00:00:00.000000,departamento,ARRIENDO,owner_direct
PI-2023-03-005234,portalinmobiliario,Maipú,Metropolitana,345000,9.86,31.9,2023-02-26 00:00:00.000000,2023-03-29 00:00:00.000000,Departamento,arriendo,agency
PI-2023-03-005024,portalinmobiliario,Macul,Metropolitana,675000,19.29,58.9,2023-02-28 00:00:00.000000,2023-03-29 00:00:00.000000,Departamento,Arriendo,agency
PI-2023-03-003751,portalinmobiliario,San Miguel,Metropolitana,645000,18.43,60.1,2023-02-20 00:00:00.000000,2023-03-22 00:00:00.000000,departamento,arriendo,agency
PI-2023-03-000099,portalinmobiliario,Santiago,Metropolitana,695000,19.86,56.3,2023-02-13 00:00:00.000000,2023-03-01 00:00:00.000000,departamento,ARRIENDO,agency
PI-2023-03-002809,portalinmobiliario,Las Condes,Metropolitana,895000,25.57,35.5,2023-02-14 00:00:00.000000,2023-03-15 00:00:00.000000,DEPARTAMENTO,arriendo,agency
PI-2023-03-005337,portalinmobiliario,Ñuñoa,Metropolitana,7955000,227.29,999.0,2023-02-06 00:00:00.000000,2023-03-29 00:00:00.000000,DEPARTAMENTO,arriendo,agency
PI-2023-03-002523,portalinmobiliario,Santiago,Metropolitana,640000,18.29,50.3,2023-01-31 00:00:00.000000,2023-03-15 00:00:00.000000,Departamento,Arriendo,owner_direct
PI-2023-03-003688,portalinmobiliario,Santiago,Metropolitana,445000,12.71,37.9,2023-03-04 00:00:00.000000,2023-03-22 00:00:00.000000,departamento,arriendo,owner_direct
PI-2023-03-001198,portalinmobiliario,Conchalí,Metropolitana,570000,16.29,60.7,2023-01-28 00:00:00.000000,2023-03-08 00:00:00.000000,Departamento,ARRIENDO,agency
PI-2023-03-003035,portalinmobiliario,La Florida,Metropolitana,635000,18.14,64.6,2023-02-15 00:00:00.000000,2023-03-22 00:00:00.000000,Departamento,Arriendo,agency
PI-2023-03-001033,portalinmobiliario,Providencia,Metropolitana,1095000,31.29,32.3,2023-02-07 00:00:00.000000,2023-03-08 00:00:00.000000,departamento,Arriendo,owner_direct
PI-2023-03-003049,portalinmobiliario,Providencia,Metropolitana,2020000,57.71,122.1,2023-03-08 00:00:00.000000,2023-03-22 00:00:00.000000,Departamento,Arriendo,agency
PI-2023-03-001157,portalinmobiliario,Conchalí,Metropolitana,495000,14.14,51.8,2023-02-18 00:00:00.000000,2023-03-08 00:00:00.000000,departamento,arriendo,agency
PI-2023-03-005350,portalinmobiliario,Estación Central,Metropolitana,425000,12.14,46.5,2023-03-15 00:00:00.000000,2023-03-29 00:00:00.000000,DEPARTAMENTO,arriendo,agency
PI-2023-03-004705,portalinmobiliario,Maipú,Metropolitana,425000,12.14,55.1,2023-03-04 00:00:00.000000,2023-03-29 00:00:00.000000,departamento,arriendo,owner_direct
PI-2023-03-000251,portalinmobiliario,Las Condes,Metropolitana,1185000,33.86,65.3,2022-08-19 00:00:00.000000,2023-03-01 00:00:00.000000,Departamento,ARRIENDO,agency
PI-2023-03-003496,portalinmobiliario,Renca,Metropolitana,465000,13.29,43.2,2023-03-11 00:00:00.000000,2023-03-22 00:00:00.000000,departamento,arriendo,agency
PI-2023-03-001621,portalinmobiliario,Estación Central,Metropolitana,500000,14.29,52.7,2023-02-12 00:00:00.000000,2023-03-08 00:00:00.000000,DEPARTAMENTO,ARRIENDO,agency
PI-2023-03-001426,portalinmobiliario,Maipú,Metropolitana,430000,12.29,36.7,2023-01-16 00:00:00.000000,2023-03-08 00:00:00.000000,DEPARTAMENTO,Arriendo,agency
PI-2023-03-002771,portalinmobiliario,Recoleta,Metropolitana,665000,19.0,69.5,2023-02-19 00:00:00.000000,2023-03-15 00:00:00.000000,departamento,Arriendo,agency
PI-2023-03-001615,portalinmobiliario,San Miguel,Metropolitana,635000,18.14,66.9,2023-02-15 00:00:00.000000,2023-03-08 00:00:00.000000,DEPARTAMENTO,ARRIENDO,agency
PI-2023-03-000512,portalinmobiliario,Ñuñoa,Metropolitana,750000,21.43,54.3,2023-02-10 00:00:00.000000,2023-03-01 00:00:00.000000,DEPARTAMENTO,Arriendo,agency
PI-2023-03-000910,portalinmobiliario,Macul,Metropolitana,515000,14.71,43.2,2023-02-14 00:00:00.000000,2023-03-01 00:00:00.000000,departamento,ARRIENDO,agency
PI-2023-03-000365,portalinmobiliario,Quilicura,Metropolitana,490000,14.0,45.7,2023-02-15 00:00:00.000000,2023-03-01 00:00:00.000000,Departamento,ARRIENDO,agency
PI-2023-03-000008,portalinmobiliario,Santiago,Metropolitana,695000,19.86,60.4,2023-01-10 00:00:00.000000,2023-03-01 00:00:00.000000,Departamento,arriendo,agency
PI-2023-03-001551,portalinmobiliario,Ñuñoa,Metropolitana,825000,23.57,59.0,2023-02-07 00:00:00.000000,2023-03-08 00:00:00.000000,DEPARTAMENTO,arriendo,agency
PI-2023-03-000263,portalinmobiliario,Ñuñoa,Metropolitana,680000,19.43,47.5,2023-02-19 00:00:00.000000,2023-03-01 00:00:00.000000,DEPARTAMENTO,Arriendo,owner_direct
PI-2023-03-000797,portalinmobiliario,Santiago,Metropolitana,445000,12.71,28.1,2022-12-31 00:00:00.000000,2023-03-01 00:00:00.000000,departamento,Arriendo,agency
PI-2023-03-003318,portalinmobiliario,Lo Barnechea,Metropolitana,790000,22.57,49.1,2023-03-15 00:00:00.000000,2023-03-22 00:00:00.000000,departamento,arriendo,agency
PI-2023-03-000711,portalinmobiliario,Ñuñoa,Metropolitana,710000,20.29,50.4,2023-02-16 00:00:00.000000,2023-03-01 00:00:00.000000,Departamento,ARRIENDO,agency
PI-2023-03-003859,portalinmobiliario,Providencia,Metropolitana,890000,25.43,44.9,2023-02-19 00:00:00.000000,2023-03-22 00:00:00.000000,Departamento,ARRIENDO,agency
PI-2023-03-001001,portalinmobiliario,Estación Central,Metropolitana,520000,14.86,42.7,2022-12-09 00:00:00.000000,2023-03-08 00:00:00.000000,Departamento,ARRIENDO,agency
PI-2023-03-001833,portalinmobiliario,Peñalolén,Metropolitana,535000,15.29,36.0,2023-02-10 00:00:00.000000,2023-03-08 00:00:00.000000,Departamento,arriendo,owner_direct
PI-2023-03-000115,portalinmobiliario,Conchalí,Metropolitana,425000,12.14,44.0,2023-02-24 00:00:00.000000,2023-03-01 00:00:00.000000,departamento,ARRIENDO,agency
PI-2023-03-000608,portalinmobiliario,Las Condes,Metropolitana,1090000,31.14,50.0,2023-01-26 00:00:00.000000,2023-03-01 00:00:00.000000,DEPARTAMENTO,ARRIENDO,agency
PI-2023-03-004569,portalinmobiliario,Santiago,Metropolitana,705000,20.14,67.1,2023-02-07 00:00:00.000000,2023-03-29 00:00:00.000000,Departamento,ARRIENDO,agency
PI-2023-03-000850,portalinmobiliario,Vitacura,Metropolitana,9025000,257.86,22.7,2023-02-06 00:00:00.000000,2023-03-01 00:00:00.000000,departamento,Arriendo,agency
PI-2023-03-003943,portalinmobiliario,Santiago,Metropolitana,565000,16.14,40.0,2023-03-20 00:00:00.000000,2023-03-22 00:00:00.000000,DEPARTAMENTO,ARRIENDO,agency
PI-2023-03-003242,portalinmobiliario,Recoleta,Metropolitana,495000,,52.9,2023-03-07 00:00:00.000000,2023-03-22 00:00:00.000000,Departamento,ARRIENDO,agency
PI-2023-03-003461,portalinmobiliario,Las Condes,Metropolitana,3195000,91.29,72.3,2023-02-02 00:00:00.000000,2023-03-22 00:00:00.000000,DEPARTAMENTO,ARRIENDO,agency
PI-2023-03-000389,portalinmobiliario,Las Condes,Metropolitana,1220000,34.86,79.2,2023-02-18 00:00:00.000000,2023-03-01 00:00:00.000000,DEPARTAMENTO,ARRIENDO,owner_direct
PI-2023-03-001287,portalinmobiliario,Recoleta,Metropolitana,475000,13.57,42.3,2023-02-20 00:00:00.000000,2023-03-08 00:00:00.000000,Departamento,arriendo,owner_direct
PI-2023-03-001083,portalinmobiliario,Pudahuel,Metropolitana,360000,10.29,45.5,2023-02-28 00:00:00.000000,2023-03-08 00:00:00.000000,Departamento,Arriendo,owner_direct
PI-2023-03-001042,portalinmobiliario,La Florida,Metropolitana,660000,18.86,54.2,2023-02-23 00:00:00.000000,2023-03-08 00:00:00.000000,DEPARTAMENTO,Arriendo,owner_direct
PI-2023-03-003296,portalinmobiliario,La Florida,Metropolitana,590000,16.86,50.7,2022-11-19 00:00:00.000000,2023-03-22 00:00:00.000000,Departamento,arriendo,agency
PI-2023-03-001529,portalinmobiliario,Providencia,Metropolitana,930000,26.57,48.1,2023-01-29 00:00:00.000000,2023-03-08 00:00:00.000000,departamento,arriendo,agency
PI-2023-03-002184,portalinmobiliario,La Cisterna,Metropolitana,455000,13.0,36.9,2023-03-12 00:00:00.000000,2023-03-15 00:00:00.000000,DEPARTAMENTO,arriendo,agency
PI-2023-03-003918,portalinmobiliario,Independencia,Metropolitana,530000,15.14,64.3,2023-02-21 00:00:00.000000,2023-03-22 00:00:00.000000,departamento,arriendo,owner_direct
PI-2023-03-002412,portalinmobiliario,La Florida ,Metropolitana,470000,13.43,47.2,2023-02-12 00:00:00.000000,2023-03-15 00:00:00.000000,Departamento,arriendo,agency
PI-2023-03-001024,portalinmobiliario,Estación Central,Metropolitana,525000,15.0,49.9,2023-02-26 00:00:00.000000,2023-03-08 00:00:00.000000,DEPARTAMENTO,arriendo,agency
PI-2023-03-001839,portalinmobiliario,Las Condes,Metropolitana,930000,26.57,36.3,2023-02-08 00:00:00.000000,2023-03-08 00:00:00.000000,departamento,arriendo,agency
PI-2023-03-001540,portalinmobiliario,Peñalolén,Metropolitana,575000,16.43,52.0,2023-03-04 00:00:00.000000,2023-03-08 00:00:00.000000,departamento,arriendo,agency
PI-2023-03-000158,portalinmobiliario,Las Condes,Metropolitana,1005000,28.71,43.6,2023-02-20 00:00:00.000000,2023-03-01 00:00:00.000000,departamento,ARRIENDO,owner_direct
PI-2023-03-004358,portalinmobiliario,Recoleta,Metropolitana,720000,20.57,99.4,2023-03-15 00:00:00.000000,2023-03-29 00:00:00.000000,DEPARTAMENTO,arriendo,owner_direct
PI-2023-03-001520,portalinmobiliario,Macul,Metropolitana,495000,14.14,32.9,2023-02-20 00:00:00.000000,2023-03-08 00:00:00.000000,Departamento,Arriendo,agency
PI-2023-03-003739,portalinmobiliario,Recoleta,Metropolitana,565000,16.14,61.5,2023-03-07 00:00:00.000000,2023-03-22 00:00:00.000000,Departamento,ARRIENDO,owner_direct
PI-2023-03-003872,portalinmobiliario,Las Condes,Metropolitana,1025000,29.29,54.8,2023-02-27 00:00:00.000000,2023-03-22 00:00:00.000000,Departamento,arriendo,agency
PI-2023-03-000200,portalinmobiliario,Providencia,Metropolitana,1010000,28.86,57.4,2023-02-15 00:00:00.000000,2023-03-01 00:00:00.000000,Departamento,Arriendo,agency
PI-2023-03-000822,portalinmobiliario,San Miguel,Metropolitana,550000,15.71,44.5,2023-01-28 00:00:00.000000,2023-03-01 00:00:00.000000,DEPARTAMENTO,Arriendo,agency
PI-2023-03-004395,portalinmobiliario,Providencia,Metropolitana,6020000,172.0,650.0,2022-10-28 00:00:00.000000,2023-03-29 00:00:00.000000,departamento,arriendo,agency
PI-2023-03-001035,portalinmobiliario,Recoleta,Metropolitana,485000,13.86,41.7,2023-02-28 00:00:00.000000,2023-03-08 00:00:00.000000,departamento,ARRIENDO,agency
PI-2023-03-003382,portalinmobiliario,Santiago ,Metropolitana,525000,15.0,39.4,2023-03-11 00:00:00.000000,2023-03-22 00:00:00.000000,Departamento,ARRIENDO,agency
PI-2023-03-000701,portalinmobiliario, Macul,Metropolitana,600000,17.14,49.2,2023-02-01 00:00:00.000000,2023-03-01 00:00:00.000000,DEPARTAMENTO,ARRIENDO,agency
PI-2023-03-000787,portalinmobiliario,Macul,Metropolitana,460000,13.14,36.8,2023-02-09 00:00:00.000000,2023-03-01 00:00:00.000000,DEPARTAMENTO,ARRIENDO,agency
PI-2023-03-000802,portalinmobiliario,San Joaquín,Metropolitana,560000,16.0,52.3,2023-02-04 00:00:00.000000,2023-03-01 00:00:00.000000,departamento,ARRIENDO,agency
PI-2023-03-002790,portalinmobiliario,La Cisterna,Metropolitana,355000,10.14,24.1,2023-02-09 00:00:00.000000,2023-03-15 00:00:00.000000,departamento,Arriendo,owner_direct
PI-2023-03-004628,portalinmobiliario,Ñuñoa,Metropolitana,785000,22.43,48.4,2023-02-26 00:00:00.000000,2023-03-29 00:00:00.000000,departamento,arriendo,agency
PI-2023-03-005008,portalinmobiliario,Maipú,Metropolitana,625000,17.86,68.6,2023-02-21 00:00:00.000000,2023-03-29 00:00:00.000000,DEPARTAMENTO,Arriendo,agency
PI-2023-03-005279,portalinmobiliario,Maipú,Metropolitana,365000,10.43,32.5,2023-01-07 00:00:00.000000,2023-03-29 00:00:00.000000,departamento,arriendo,owner_direct
PI-2023-03-001149,portalinmobiliario,Lo Barnechea,Metropolitana,1565000,44.71,122.3,2023-03-05 00:00:00.000000,2023-03-08 00:00:00.000000,departamento,ARRIENDO,agency
PI-2023-03-003295,portalinmobiliario,La Florida,Metropolitana,965000,27.57,129.3,2022-10-03 00:00:00.000000,2023-03-22 00:00:00.000000,departamento,Arriendo,agency
PI-2023-03-002730,portalinmobiliario,San Miguel,Metropolitana,515000,14.71,44.5,2023-02-12 00:00:00.000000,2023-03-15 00:00:00.000000,departamento,Arriendo,agency
PI-2023-03-002593,portalinmobiliario,Santiago,Metropolitana,560000,16.0,46.0,2023-02-16 00:00:00.000000,2023-03-15 00:00:00.000000,Departamento,Arriendo,agency
PI-2023-03-000717,portalinmobiliario,Independencia,Metropolitana,795000,22.71,93.2,2022-08-08 00:00:00.000000,2023-03-01 00:00:00.000000,DEPARTAMENTO,Arriendo,owner_direct
PI-2023-03-003129,portalinmobiliario,Ñuñoa,Metropolitana,885000,25.29,66.4,2023-02-08 00:00:00.000000,2023-03-22 00:00:00.000000,departamento,arriendo,agency
PI-2023-03-002103,portalinmobiliario, La Florida,Metropolitana,330000,9.43,20.6,2023-02-25 00:00:00.000000,2023-03-15 00:00:00.000000,Departamento,Arriendo,agency
PI-2023-03-000583,portalinmobiliario,Independencia,Metropolitana,450000,12.86,46.7,2023-02-06 00:00:00.000000,2023-03-01 00:00:00.000000,DEPARTAMENTO,arriendo,agency
PI-2023-03-002107,portalinmobiliario,Providencia,Metropolitana,790000,22.57,43.2,2023-02-15 00:00:00.000000,2023-03-15 00:00:00.000000,departamento,ARRIENDO,owner_direct
PI-2023-03-003911,portalinmobiliario,Providencia,Metropolitana,745000,21.29,39.2,2023-03-05 00:00:00.000000,2023-03-22 00:00:00.000000,Departamento,ARRIENDO,owner_direct
PI-2023-03-004770,portalinmobiliario,Independencia,Metropolitana,695000,19.86,82.1,2022-09-25 00:00:00.000000,2023-03-29 00:00:00.000000,Departamento,ARRIENDO,agency
PI-2023-03-003006,portalinmobiliario,San Miguel,Metropolitana,565000,16.14,41.0,2023-02-13 00:00:00.000000,2023-03-22 00:00:00.000000,Departamento,ARRIENDO,owner_direct
PI-2023-03-004593,portalinmobiliario,Las Condes,Metropolitana,755000,21.57,36.2,2022-11-22 00:00:00.000000,2023-03-29 00:00:00.000000,departamento,ARRIENDO,owner_direct
PI-2023-03-000314,portalinmobiliario,Macul,Metropolitana,740000,21.14,83.0,2022-10-30 00:00:00.000000,2023-03-01 00:00:00.000000,DEPARTAMENTO,ARRIENDO,agency
PI-2023-03-003949,portalinmobiliario,Estación Central,Metropolitana,375000,10.71,28.3,2022-10-30 00:00:00.000000,2023-03-22 00:00:00.000000,Departamento,ARRIENDO,agency
PI-2023-03-003905,portalinmobiliario,Maipú,Metropolitana,540000,15.43,61.0,2023-03-16 00:00:00.000000,2023-03-22 00:00:00.000000,Departamento,arriendo,agency
PI-2023-03-002631,portalinmobiliario,Independencia,Metropolitana,585000,16.71,60.4,2023-02-19 00:00:00.000000,2023-03-15 00:00:00.000000,DEPARTAMENTO,Arriendo,agency
PI-2023-03-004308,portalinmobiliario,Las Condes,Metropolitana,1215000,34.71,65.6,2023-02-22 00:00:00.000000,2023-03-29 00:00:00.000000,DEPARTAMENTO,ARRIENDO,agency
PI-2023-03-001553,portalinmobiliario,Santiago ,Metropolitana,430000,12.29,36.8,2023-02-20 00:00:00.000000,2023-03-08 00:00:00.000000,Departamento,ARRIENDO,agency
PI-2023-03-002116,portalinmobiliario,Maipú,Metropolitana,465000,13.29,45.4,2023-01-25 00:00:00.000000,2023-03-15 00:00:00.000000,departamento,arriendo,agency
PI-2023-03-003372,portalinmobiliario,Lo Barnechea,Metropolitana,655000,18.71,29.9,2023-02-08 00:00:00.000000,2023-03-22 00:00:00.000000,DEPARTAMENTO,arriendo,agency
PI-2023-03-000595,portalinmobiliario,Quinta Normal,Metropolitana,575000,16.43,62.3,2023-02-10 00:00:00.000000,2023-03-01 00:00:00.000000,Departamento,arriendo,agency
PI-2023-03-005376,portalinmobiliario,La Reina,Metropolitana,985000,28.14,60.7,2023-03-22 00:00:00.000000,2023-03-29 00:00:00.000000,DEPARTAMENTO,Arriendo,owner_direct
PI-2023-03-005162,portalinmobiliario,ñuñoa,Metropolitana,785000,22.43,66.7,2023-02-26 00:00:00.000000,2023-03-29 00:00:00.000000,departamento,Arriendo,agency
PI-2023-03-003867,portalinmobiliario,Maipú,Metropolitana,415000,,48.2,2022-08-27 00:00:00.000000,2023-03-22 00:00:00.000000,DEPARTAMENTO,Arriendo,agency
PI-2023-03-003420,portalinmobiliario,Quilicura,Metropolitana,465000,13.29,43.0,2023-03-06 00:00:00.000000,2023-03-22 00:00:00.000000,DEPARTAMENTO,Arriendo,owner_direct
PI-2023-03-002869,portalinmobiliario,La Reina,Metropolitana,865000,24.71,52.0,2023-02-27 00:00:00.000000,2023-03-15 00:00:00.000000,DEPARTAMENTO,Arriendo,agency
PI-2023-03-000149,portalinmobiliario,Macul,Metropolitana,650000,18.57,58.0,2023-02-16 00:00:00.000000,2023-03-01 00:00:00.000000,Departamento,ARRIENDO,owner_direct
PI-2023-03-000187,portalinmobiliario,ñuñoa,Metropolitana,580000,16.57,31.3,2023-02-21 00:00:00.000000,2023-03-01 00:00:00.000000,Departamento,arriendo,owner_direct
PI-2023-03-000652,portalinmobiliario,Providencia,Metropolitana,895000,25.57,31.1,2023-02-15 00:00:00.000000,2023-03-01 00:00:00.000000,Departamento,arriendo,agency
PI-2023-03-000055,portalinmobiliario,Conchalí,Metropolitana,395000,11.29,34.1,2023-01-24 00:00:00.000000,2023-03-01 00:00:00.000000,Departamento,Arriendo,agency
PI-2023-03-003661,portalinmobiliario,Conchalí,Metropolitana,470000,13.43,46.4,2022-09-22 00:00:00.000000,2023-03-22 00:00:00.000000,Departamento,arriendo,owner_direct
PI-2023-03-000615,portalinmobiliario,Quilicura,Metropolitana,355000,10.14,27.3,2023-01-30 00:00:00.000000,2023-03-01 00:00:00.000000,DEPARTAMENTO,arriendo,agency
PI-2023-03-002510,portalinmobiliario,Maipú,Metropolitana,670000,19.14,77.3,2023-01-09 00:00:00.000000,2023-03-15 00:00:00.000000,DEPARTAMENTO,ARRIENDO,owner_direct
PI-2023-03-004388,portalinmobiliario,Las Condes,Metropolitana,1100000,31.43,53.7,2023-03-13 00:00:00.000000,2023-03-29 00:00:00.000000,DEPARTAMENTO,ARRIENDO,agency
PI-2023-03-003355,portalinmobiliario,Las Condes,Metropolitana,1015000,29.0,44.3,2023-03-03 00:00:00.000000,2023-03-22 00:00:00.000000,Departamento,ARRIENDO,agency
PI-2023-03-004443,portalinmobiliario,Puente Alto,Metropolitana,500000,14.29,44.9,2023-02-16 00:00:00.000000,2023-03-29 00:00:00.000000,Departamento,ARRIENDO,agency
PI-2023-03-002331,portalinmobiliario,Ñuñoa,Metropolitana,1285000,36.71,106.8,2023-02-09 00:00:00.000000,2023-03-15 00:00:00.000000,departamento,arriendo,agency
PI-2023-03-004710,portalinmobiliario,Quinta Normal,Metropolitana,510000,14.57,46.1,2023-02-06 00:00:00.000000,2023-03-29 00:00:00.000000,DEPARTAMENTO,ARRIENDO,agency
PI-2023-03-001835,portalinmobiliario,La Florida,Metropolitana,585000,16.71,49.1,2023-01-10 00:00:00.000000,2023-03-08 00:00:00.000000,departamento,ARRIENDO,owner_direct
PI-2023-03-004704,portalinmobiliario,Quinta Normal,Metropolitana,615000,17.57,64.0,2023-03-03 00:00:00.000000,2023-03-29 00:00:00.000000,DEPARTAMENTO,arriendo,agency
PI-2023-03-003923,portalinmobiliario,Huechuraba,Metropolitana,535000,15.29,32.3,2023-03-04 00:00:00.000000,2023-03-22 00:00:00.000000,Departamento,Arriendo,agency
PI-2023-03-005340,portalinmobiliario,Santiago,Metropolitana,535000,15.29,30.4,2023-03-20 00:00:00.000000,2023-03-29 00:00:00.000000,Departamento,arriendo,owner_direct
PI-2023-03-001127,portalinmobiliario,Maipú,Metropolitana,510000,14.57,63.5,2023-02-25 00:00:00.000000,2023-03-08 00:00:00.000000,departamento,ARRIENDO,agency
PI-2023-03-005344,portalinmobiliario,SAN MIGUEL,Metropolitana,640000,18.29,72.0,2023-03-22 00:00:00.000000,2023-03-29 00:00:00.000000,Departamento,Arriendo,agency
PI-2023-03-003932,portalinmobiliario,Santiago,Metropolitana,1110000,31.71,103.5,2023-03-05 00:00:00.000000,2023-03-22 00:00:00.000000,Departamento,ARRIENDO,agency
PI-2023-03-000503,portalinmobiliario,Conchalí,Metropolitana,600000,17.14,67.1,2022-07-26 00:00:00.000000,2023-03-01 00:00:00.000000,Departamento,Arriendo,owner_direct
PI-2023-03-001655,portalinmobiliario,Estación Central,Metropolitana,425000,12.14,58.9,2023-02-24 00:00:00.000000,2023-03-08 00:00:00.000000,DEPARTAMENTO,Arriendo,agency
PI-2023-03-000461,portalinmobiliario,La Florida,Metropolitana,1650000,47.14,41.1,2023-01-13 00:00:00.000000,2023-03-01 00:00:00.000000,departamento,ARRIENDO,agency
PI-2023-03-003730,portalinmobiliario,Quilicura,Metropolitana,485000,13.86,49.6,2022-12-04 00:00:00.000000,2023-03-22 00:00:00.000000,Departamento,ARRIENDO,agency
PI-2023-03-002665,portalinmobiliario,Santiago,Metropolitana,830000,23.71,78.8,2023-02-13 00:00:00.000000,2023-03-15 00:00:00.000000,DEPARTAMENTO,Arriendo,agency
PI-2023-03-002592,portalinmobiliario,La Cisterna,Metropolitana,440000,12.57,43.1,2023-03-02 00:00:00.000000,2023-03-15 00:00:00.000000,departamento,arriendo,agency
PI-2023-03-004851,portalinmobiliario,Santiago,Metropolitana,460000,13.14,26.8,2023-02-09 00:00:00.000000,2023-03-29 00:00:00.000000,Departamento,arriendo,owner_direct
PI-2023-03-002515,portalinmobiliario,Providencia,Metropolitana,940000,26.86,54.5,2023-03-09 00:00:00.000000,2023-03-15 00:00:00.000000,departamento,arriendo,agency
PI-2023-03-004148,portalinmobiliario,Providencia,Metropolitana,1060000,30.29,53.2,2023-03-07 00:00:00.000000,2023-03-29 00:00:00.000000,departamento,Arriendo,owner_direct
PI-2023-03-003547,portalinmobiliario,La Reina,Metropolitana,750000,21.43,39.8,2023-02-25 00:00:00.000000,2023-03-22 00:00:00.000000,DEPARTAMENTO,ARRIENDO,agency
PI-2023-03-003763,portalinmobiliario,Las Condes,Metropolitana,985000,,54.4,2023-03-03 00:00:00.000000,2023-03-22 00:00:00.000000,departamento,Arriendo,agency
PI-2023-03-002151,portalinmobiliario,Santiago,Metropolitana,455000,13.0,26.5,2023-02-23 00:00:00.000000,2023-03-15 00:00:00.000000,Departamento,ARRIENDO,owner_direct
PI-2023-03-004243,portalinmobiliario,Santiago,Metropolitana,745000,21.29,69.9,2023-03-24 00:00:00.000000,2023-03-29 00:00:00.000000,departamento,arriendo,agency
PI-2023-03-002456,portalinmobiliario,San Joaquín,Metropolitana,390000,11.14,39.3,2023-02-21 00:00:00.000000,2023-03-15 00:00:00.000000,departamento,Arriendo,agency
PI-2023-03-003552,portalinmobiliario,Las Condes,Metropolitana,1160000,33.14,83.8,2023-03-11 00:00:00.000000,2023-03-22 00:00:00.000000,Departamento,Arriendo,agency
PI-2023-03-005270,portalinmobiliario,Providencia,Metropolitana,930000,26.57,44.9,2023-03-05 00:00:00.000000,2023-03-29 00:00:00.000000,Departamento,Arriendo,owner_direct
PI-2023-03-001753,portalinmobiliario,Huechuraba,Metropolitana,445000,12.71,23.0,2023-01-03 00:00:00.000000,2023-03-08 00:00:00.000000,departamento,Arriendo,owner_direct
PI-2023-03-002328,portalinmobiliario,LA CISTERNA,Metropolitana,425000,12.14,26.8,2023-01-21 00:00:00.000000,2023-03-15 00:00:00.000000,Departamento,Arriendo,agency
PI-2023-03-003570,portalinmobiliario,Cerrillos,Metropolitana,510000,14.57,54.2,2023-03-04 00:00:00.000000,2023-03-22 00:00:00.000000,Departamento,arriendo,agency
PI-2023-03-001815,portalinmobiliario,La Cisterna,Metropolitana,470000,13.43,36.6,2023-02-23 00:00:00.000000,2023-03-08 00:00:00.000000,DEPARTAMENTO,arriendo,agency
PI-2023-03-000088,portalinmobiliario,Ñuñoa,Metropolitana,650000,18.57,37.4,2023-01-04 00:00:00.000000,2023-03-01 00:00:00.000000,DEPARTAMENTO,Arriendo,agency
PI-2023-03-003416,portalinmobiliario,Santiago,Metropolitana,480000,13.71,41.2,2023-03-09 00:00:00.000000,2023-03-22 00:00:00.000000,departamento,ARRIENDO,agency
PI-2023-03-004200,portalinmobiliario,Santiago,Metropolitana,785000,22.43,58.8,2022-12-26 00:00:00.000000,2023-03-29 00:00:00.000000,Departamento,Arriendo,owner_direct
PI-2023-03-004084,portalinmobiliario,Macul,Metropolitana,685000,19.57,45.5,2022-11-02 00:00:00.000000,2023-03-29 00:00:00.000000,Departamento,arriendo,owner_direct
PI-2023-03-000775,portalinmobiliario,Santiago,Metropolitana,1035000,29.57,104.5,2023-02-19 00:00:00.000000,2023-03-01 00:00:00.000000,DEPARTAMENTO,Arriendo,owner_direct
PI-2023-03-001110,portalinmobiliario,Renca,Metropolitana,790000,22.57,115.8,2023-01-31 00:00:00.000000,2023-03-08 00:00:00.000000,DEPARTAMENTO,ARRIENDO,owner_direct
PI-2023-03-002503,portalinmobiliario,Santiago,Metropolitana,665000,19.0,53.4,2023-03-04 00:00:00.000000,2023-03-15 00:00:00.000000,departamento,ARRIENDO,agency
PI-2023-03-004870,portalinmobiliario,Macul,Metropolitana,935000,26.71,86.3,2023-02-28 00:00:00.000000,2023-03-29 00:00:00.000000,departamento,arriendo,owner_direct
PI-2023-03-003619,portalinmobiliario,Estación Central,Metropolitana,555000,15.86,57.5,2023-03-21 00:00:00.000000,2023-03-22 00:00:00.000000,departamento,Arriendo,agency
PI-2023-03-003436,portalinmobiliario,Providencia,Metropolitana,880000,25.14,38.7,2023-03-06 00:00:00.000000,2023-03-22 00:00:00.000000,DEPARTAMENTO,ARRIENDO,owner_direct
PI-2023-03-001385,portalinmobiliario,Conchalí,Metropolitana,380000,10.86,36.1,2023-02-12 00:00:00.000000,2023-03-08 00:00:00.000000,departamento,Arriendo,agency
PI-2023-03-001676,portalinmobiliario,Macul,Metropolitana,505000,,51.1,2023-02-17 00:00:00.000000,2023-03-08 00:00:00.000000,Departamento,ARRIENDO,owner_direct
PI-2023-03-002206,portalinmobiliario,Santiago,Metropolitana,790000,22.57,78.6,2023-02-15 00:00:00.000000,2023-03-15 00:00:00.000000,DEPARTAMENTO,arriendo,agency
PI-2023-03-003331,portalinmobiliario,San Joaquín,Metropolitana,660000,18.86,80.8,2023-03-09 00:00:00.000000,2023-03-22 00:00:00.000000,departamento,arriendo,agency
PI-2023-03-000838,portalinmobiliario,Providencia,Metropolitana,1645000,47.0,103.3,2023-02-20 00:00:00.000000,2023-03-01 00:00:00.000000,Departamento,Arriendo,owner_direct
PI-2023-03-001055,portalinmobiliario,La Florida,Metropolitana,510000,14.57,69.5,2023-01-17 00:00:00.000000,2023-03-08 00:00:00.000000,departamento,arriendo,owner_direct
PI-2023-03-004016,portalinmobiliario,Las Condes,Metropolitana,1050000,30.0,52.5,2023-03-03 00:00:00.000000,2023-03-22 00:00:00.000000,Departamento,ARRIENDO,agency
PI-2023-03-002274,portalinmobiliario,Maipú,Metropolitana,510000,14.57,51.7,2023-02-13 00:00:00.000000,2023-03-15 00:00:00.000000,DEPARTAMENTO,Arriendo,agency
PI-2023-03-000017,portalinmobiliario,La Florida,Metropolitana,570000,16.29,53.2,2023-02-19 00:00:00.000000,2023-03-01 00:00:00.000000,Departamento,arriendo,agency
PI-2023-03-003837,portalinmobiliario,La Florida,Metropolitana,665000,19.0,53.2,2023-03-06 00:00:00.000000,2023-03-22 00:00:00.000000,Departamento,ARRIENDO,agency
PI-2023-03-001635,portalinmobiliario,ESTACIÓN CENTRAL,Metropolitana,915000,26.14,123.8,2023-01-17 00:00:00.000000,2023-03-08 00:00:00.000000,departamento,Arriendo,agency
PI-2023-03-003054,portalinmobiliario,Las Condes,Metropolitana,940000,26.86,43.7,2023-02-17 00:00:00.000000,2023-03-22 00:00:00.000000,DEPARTAMENTO,ARRIENDO,owner_direct
PI-2023-03-004126,portalinmobiliario,Estación Central,Metropolitana,460000,13.14,43.9,2023-03-12 00:00:00.000000,2023-03-29 00:00:00.000000,departamento,Arriendo,agency
PI-2023-03-000877,portalinmobiliario,Las Condes,Metropolitana,1075000,30.71,53.3,2023-02-13 00:00:00.000000,2023-03-01 00:00:00.000000,departamento,ARRIENDO,agency
PI-2023-03-004242,portalinmobiliario,Quinta Normal,Metropolitana,425000,12.14,44.1,2023-02-10 00:00:00.000000,2023-03-29 00:00:00.000000,departamento,Arriendo,agency
PI-2023-03-000901,portalinmobiliario,Macul,Metropolitana,390000,11.14,1.0,2023-02-13 00:00:00.000000,2023-03-01 00:00:00.000000,departamento,ARRIENDO,agency
PI-2023-03-001064,portalinmobiliario,Maipú,Metropolitana,430000,12.29,44.0,2023-01-23 00:00:00.000000,2023-03-08 00:00:00.000000,departamento,arriendo,owner_direct
PI-2023-03-003907,portalinmobiliario,Recoleta,Metropolitana,535000,15.29,50.3,2023-03-17 00:00:00.000000,2023-03-22 00:00:00.000000,departamento,arriendo,agency
PI-2023-03-001669,portalinmobiliario,Santiago,Metropolitana,500000,14.29,36.6,2023-02-27 00:00:00.000000,2023-03-08 00:00:00.000000,DEPARTAMENTO,arriendo,owner_direct
PI-2023-03-000621,portalinmobiliario,San Joaquín,Metropolitana,415000,11.86,28.0,2023-01-02 00:00:00.000000,2023-03-01 00:00:00.000000,departamento,Arriendo,agency
PI-2023-03-001407,portalinmobiliario,La Florida,Metropolitana,495000,14.14,50.4,2023-02-26 00:00:00.000000,2023-03-08 00:00:00.000000,Departamento,Arriendo,agency
PI-2023-03-002825,portalinmobiliario,Huechuraba,Metropolitana,690000,19.71,68.9,2023-02-09 00:00:00.000000,2023-03-15 00:00:00.000000,Departamento,ARRIENDO,owner_direct
PI-2023-03-004990,portalinmobiliario,Recoleta,Metropolitana,620000,17.71,68.9,2023-03-21 00:00:00.000000,2023-03-29 00:00:00.000000,departamento,ARRIENDO,owner_direct
PI-2023-03-001416,portalinmobiliario,Pudahuel,Metropolitana,360000,10.29,30.3,2023-02-08 00:00:00.000000,2023-03-08 00:00:00.000000,Departamento,arriendo,agency
PI-2023-03-000472,portalinmobiliario,Maipú,Metropolitana,430000,12.29,51.2,2023-01-03 00:00:00.000000,2023-03-01 00:00:00.000000,DEPARTAMENTO,arriendo,agency
PI-2023-03-001931,portalinmobiliario,San Joaquín,Metropolitana,485000,13.86,41.7,2023-02-08 00:00:00.000000,2023-03-15 00:00:00.000000,departamento,Arriendo,agency
PI-2023-03-003264,portalinmobiliario,Puente Alto,Metropolitana,565000,16.14,71.7,2023-03-14 00:00:00.000000,2023-03-22 00:00:00.000000,departamento,Arriendo,owner_direct
PI-2023-03-001568,portalinmobiliario,La Florida,Metropolitana,480000,13.71,53.1,2023-02-27 00:00:00.000000,2023-03-08 00:00:00.000000,departamento,ARRIENDO,owner_direct
PI-2023-03-004031,portalinmobiliario,Independencia,Metropolitana,590000,16.86,58.9,2023-03-01 00:00:00.000000,2023-03-22 00:00:00.000000,Departamento,ARRIENDO,owner_direct
PI-2023-03-004024,portalinmobiliario,Macul,Metropolitana,1035000,29.57,92.0,2023-02-11 00:00:00.000000,2023-03-22 00:00:00.000000,departamento,ARRIENDO,owner_direct
PI-2023-03-000129,portalinmobiliario,Quilicura,Metropolitana,585000,16.71,70.1,2023-01-17 00:00:00.000000,2023-03-01 00:00:00.000000,departamento,ARRIENDO,owner_direct
PI-2023-03-004511,portalinmobiliario,Huechuraba,Metropolitana,535000,15.29,34.6,2023-03-11 00:00:00.000000,2023-03-29 00:00:00.000000,departamento,ARRIENDO,owner_direct
PI-2023-03-002024,portalinmobiliario,Maipú,Metropolitana,380000,10.86,36.3,2023-01-24 00:00:00.000000,2023-03-15 00:00:00.000000,departamento,arriendo,agency
PI-2023-03-003096,portalinmobiliario,Macul,Metropolitana,835000,23.86,80.7,2023-02-11 00:00:00.000000,2023-03-22 00:00:00.000000,DEPARTAMENTO,arriendo,agency
PI-2023-03-003292,portalinmobiliario,Santiago,Metropolitana,455000,13.0,40.0,2023-01-30 00:00:00.000000,2023-03-22 00:00:00.000000,DEPARTAMENTO,Arriendo,owner_direct
PI-2023-03-004209,portalinmobiliario,Recoleta,Metropolitana,670000,19.14,68.5,2023-02-26 00:00:00.000000,2023-03-29 00:00:00.000000,Departamento,Arriendo,agency
PI-2023-03-005314,portalinmobiliario,Estación Central,Metropolitana,625000,17.86,70.7,2023-02-19 00:00:00.000000,2023-03-29 00:00:00.000000,DEPARTAMENTO,Arriendo,owner_direct
PI-2023-03-002484,portalinmobiliario,La Cisterna,Metropolitana,450000,12.86,50.3,2023-03-12 00:00:00.000000,2023-03-15 00:00:00.000000,departamento,ARRIENDO,agency
PI-2023-03-001254,portalinmobiliario,Santiago,Metropolitana,675000,19.29,73.4,2023-02-08 00:00:00.000000,2023-03-08 00:00:00.000000,departamento,arriendo,owner_direct
PI-2023-03-005105,portalinmobiliario,Santiago,Metropolitana,610000,17.43,53.5,2023-03-25 00:00:00.000000,2023-03-29 00:00:00.000000,departamento,Arriendo,agency
PI-2023-03-003408,portalinmobiliario,La Florida,Metropolitana,420000,12.0,26.6,2023-03-02 00:00:00.000000,2023-03-22 00:00:00.000000,DEPARTAMENTO,ARRIENDO,owner_direct
PI-2023-03-002756,portalinmobiliario,Providencia,Metropolitana,815000,23.29,39.3,2023-03-03 00:00:00.000000,2023-03-15 00:00:00.000000,DEPARTAMENTO,arriendo,agency
PI-2023-03-005117,portalinmobiliario,San Joaquín,Metropolitana,500000,14.29,47.7,2023-03-15 00:00:00.000000,2023-03-29 00:00:00.000000,departamento,ARRIENDO,owner_direct
PI-2023-03-000179,portalinmobiliario,Santiago,Metropolitana,655000,18.71,50.3,2023-02-16 00:00:00.000000,2023-03-01 00:00:00.000000,DEPARTAMENTO,ARRIENDO,agency
PI-2023-03-000269,portalinmobiliario,Quilicura,Metropolitana,505000,14.43,49.8,2023-02-26 00:00:00.000000,2023-03-01 00:00:00.000000,DEPARTAMENTO,Arriendo,owner_direct
PI-2023-03-002027,portalinmobiliario,Huechuraba,Metropolitana,905000,25.86,75.5,2023-02-06 00:00:00.000000,2023-03-15 00:00:00.000000,departamento,Arriendo,owner_direct
PI-2023-03-000809,portalinmobiliario,Cerrillos,Metropolitana,320000,9.14,24.4,2023-02-03 00:00:00.000000,2023-03-01 00:00:00.000000,DEPARTAMENTO,ARRIENDO,agency
PI-2023-03-002353,portalinmobiliario,Macul,Metropolitana,570000,16.29,46.9,2023-01-29 00:00:00.000000,2023-03-15 00:00:00.000000,Departamento,Arriendo,agency
PI-2023-03-001650,portalinmobiliario,Recoleta,Metropolitana,525000,15.0,44.5,2023-02-19 00:00:00.000000,2023-03-08 00:00:00.000000,DEPARTAMENTO,Arriendo,agency
PI-2023-03-003154,portalinmobiliario,Independencia,Metropolitana,460000,,49.0,2023-03-11 00:00:00.000000,2023-03-22 00:00:00.000000,departamento,Arriendo,owner_direct
PI-2023-03-003954,portalinmobiliario,Independencia,Metropolitana,645000,18.43,68.5,2023-03-11 00:00:00.000000,2023-03-22 00:00:00.000000,departamento,arriendo,agency
PI-2023-03-004009,portalinmobiliario,Lo Barnechea,Metropolitana,945000,27.0,56.3,2023-03-18 00:00:00.000000,2023-03-22 00:00:00.000000,Departamento,ARRIENDO,agency
PI-2023-03-001852,portalinmobiliario,La Florida,Metropolitana,530000,15.14,48.6,2023-02-18 00:00:00.000000,2023-03-08 00:00:00.000000,DEPARTAMENTO,Arriendo,agency
PI-2023-03-003820,portalinmobiliario,Quilicura,Metropolitana,380000,10.86,32.7,2023-03-16 00:00:00.000000,2023-03-22 00:00:00.000000,Departamento,ARRIENDO,agency
PI-2023-03-002599,portalinmobiliario,Santiago,Metropolitana,525000,15.0,39.1,2023-03-12 00:00:00.000000,2023-03-15 00:00:00.000000,DEPARTAMENTO,Arriendo,owner_direct
PI-2023-03-005354,portalinmobiliario,Ñuñoa,Metropolitana,1360000,38.86,118.9,2023-03-09 00:00:00.000000,2023-03-29 00:00:00.000000,departamento,Arriendo,agency
PI-2023-03-000182,portalinmobiliario,Santiago,Metropolitana,590000,16.86,49.8,2022-11-19 00:00:00.000000,2023-03-01 00:00:00.000000,departamento,arriendo,owner_direct
PI-2023-03-003342,portalinmobiliario,Recoleta,Metropolitana,430000,12.29,38.0,2023-02-24 00:00:00.000000,2023-03-22 00:00:00.000000,departamento,ARRIENDO,owner_direct
PI-2023-03-002460,portalinmobiliario,San Miguel,Metropolitana,570000,16.29,47.2,2023-02-26 00:00:00.000000,2023-03-15 00:00:00.000000,Departamento,arriendo,agency
PI-2023-03-000664,portalinmobiliario,Vitacura,Metropolitana,1110000,31.71,43.4,2023-02-06 00:00:00.000000,2023-03-01 00:00:00.000000,DEPARTAMENTO,arriendo,agency
PI-2023-03-001791,portalinmobiliario,Santiago,Metropolitana,555000,15.86,35.4,2023-01-26 00:00:00.000000,2023-03-08 00:00:00.000000,Departamento,ARRIENDO,agency
PI-2023-03-001739,portalinmobiliario,Estación Central,Metropolitana,510000,14.57,48.0,2023-03-01 00:00:00.000000,2023-03-08 00:00:00.000000,Departamento,Arriendo,agency
PI-2023-03-002604,portalinmobiliario,Providencia,Metropolitana,800000,22.86,37.6,2023-02-20 00:00:00.000000,2023-03-15 00:00:00.000000,DEPARTAMENTO,ARRIENDO,agency
PI-2023-03-004499,portalinmobiliario,Las Condes,Metropolitana,970000,27.71,45.3,2023-02-06 00:00:00.000000,2023-03-29 00:00:00.000000,DEPARTAMENTO,ARRIENDO,agency
PI-2023-03-003173,portalinmobiliario,Estación Central,Metropolitana,465000,13.29,47.1,2023-03-16 00:00:00.000000,2023-03-22 00:00:00.000000,Departamento,ARRIENDO,agency
PI-2023-03-002016,portalinmobiliario,San Joaquín,Metropolitana,425000,12.14,29.7,2022-12-24 00:00:00.000000,2023-03-15 00:00:00.000000,departamento,arriendo,owner_direct
PI-2023-03-002026,portalinmobiliario,La Cisterna,Metropolitana,375000,10.71,30.0,2023-03-02 00:00:00.000000,2023-03-15 00:00:00.000000,DEPARTAMENTO,ARRIENDO,agency
PI-2023-03-003368,portalinmobiliario,Las Condes,Metropolitana,880000,25.14,41.9,2023-02-23 00:00:00.000000,2023-03-22 00:00:00.000000,Departamento,ARRIENDO,owner_direct
PI-2023-03-002232,portalinmobiliario,La Cisterna,Metropolitana,365000,10.43,21.6,2022-10-27 00:00:00.000000,2023-03-15 00:00:00.000000,departamento,arriendo,owner_direct
PI-2023-03-004829,portalinmobiliario,Estación Central,Metropolitana,390000,11.14,31.9,2023-03-19 00:00:00.000000,2023-03-29 00:00:00.000000,DEPARTAMENTO,Arriendo,owner_direct
PI-2023-03-000233,portalinmobiliario,Vitacura,Metropolitana,1430000,40.86,58.2,2023-01-06 00:00:00.000000,2023-03-01 00:00:00.000000,Departamento,arriendo,owner_direct
PI-2023-03-002282,portalinmobiliario,Las Condes,Metropolitana,965000,27.57,41.5,2023-02-05 00:00:00.000000,2023-03-15 00:00:00.000000,Departamento,arriendo,agency
PI-2023-03-003407,portalinmobiliario,Puente Alto,Metropolitana,565000,16.14,69.8,2023-02-23 00:00:00.000000,2023-03-22 00:00:00.000000,DEPARTAMENTO,ARRIENDO,owner_direct
PI-2023-03-001200,portalinmobiliario,Independencia,Metropolitana,455000,13.0,37.8,2023-03-03 00:00:00.000000,2023-03-08 00:00:00.000000,DEPARTAMENTO,arriendo,owner_direct
PI-2023-03-004905,portalinmobiliario,Macul,Metropolitana,505000,14.43,43.8,2023-01-28 00:00:00.000000,2023-03-29 00:00:00.000000,DEPARTAMENTO,Arriendo,agency
PI-2023-03-001563,portalinmobiliario,La Florida,Metropolitana,750000,21.43,84.1,2023-01-29 00:00:00.000000,2023-03-08 00:00:00.000000,Departamento,arriendo,agency
PI-2023-03-000963,portalinmobiliario,La Florida,Metropolitana,860000,24.57,96.8,2023-01-27 00:00:00.000000,2023-03-01 00:00:00.000000,DEPARTAMENTO,arriendo,agency
PI-2023-03-002804,portalinmobiliario,La Cisterna,Metropolitana,420000,12.0,38.0,2022-11-28 00:00:00.000000,2023-03-15 00:00:00.000000,departamento,Arriendo,agency
PI-2023-03-003934,portalinmobiliario,ESTACIÓN CENTRAL,Metropolitana,515000,14.71,51.9,2023-03-07 00:00:00.000000,2023-03-22 00:00:00.000000,DEPARTAMENTO,arriendo,agency
PI-2023-03-000436,portalinmobiliario,Independencia,Metropolitana,440000,12.57,38.9,2023-02-25 00:00:00.000000,2023-03-01 00:00:00.000000,departamento,ARRIENDO,agency
PI-2023-03-000928,portalinmobiliario,Recoleta,Metropolitana,540000,15.43,50.9,2022-08-25 00:00:00.000000,2023-03-01 00:00:00.000000,Departamento,ARRIENDO,agency
PI-2023-03-001211,portalinmobiliario,Quilicura,Metropolitana,675000,19.29,73.4,2023-02-16 00:00:00.000000,2023-03-08 00:00:00.000000,departamento,arriendo,agency
PI-2023-03-000522,portalinmobiliario,La Florida,Metropolitana,580000,16.57,64.7,2023-02-10 00:00:00.000000,2023-03-01 00:00:00.000000,departamento,arriendo,agency
PI-2023-03-002608,portalinmobiliario,Macul,Metropolitana,675000,19.29,59.3,2022-10-18 00:00:00.000000,2023-03-15 00:00:00.000000,DEPARTAMENTO,arriendo,agency
PI-2023-03-002755,portalinmobiliario,Santiago,Metropolitana,750000,21.43,77.6,2023-02-26 00:00:00.000000,2023-03-15 00:00:00.000000,departamento,arriendo,agency
PI-2023-03-005290,portalinmobiliario,San Miguel,Metropolitana,440000,12.57,52.1,2023-02-10 00:00:00.000000,2023-03-29 00:00:00.000000,Departamento,Arriendo,agency
PI-2023-03-003675,portalinmobiliario,Quinta Normal,Metropolitana,640000,18.29,75.4,2023-03-11 00:00:00.000000,2023-03-22 00:00:00.000000,departamento,arriendo,agency
PI-2023-03-003627,portalinmobiliario,Providencia,Metropolitana,845000,24.14,38.4,2023-02-24 00:00:00.000000,2023-03-22 00:00:00.000000,DEPARTAMENTO,ARRIENDO,agency
PI-2023-03-002397,portalinmobiliario,Ñuñoa,Metropolitana,655000,18.71,51.7,2023-02-13 00:00:00.000000,2023-03-15 00:00:00.000000,Departamento,arriendo,owner_direct
PI-2023-03-002821,portalinmobiliario,Recoleta,Metropolitana,615000,17.57,58.0,2023-02-17 00:00:00.000000,2023-03-15 00:00:00.000000,DEPARTAMENTO,arriendo,owner_direct
PI-2023-03-000539,portalinmobiliario,Conchalí,Metropolitana,1050000,30.0,129.4,2023-02-03 00:00:00.000000,2023-03-01 00:00:00.000000,Departamento,arriendo,owner_direct
PI-2023-03-001927,portalinmobiliario,Estación Central,Metropolitana,505000,14.43,43.6,2023-02-05 00:00:00.000000,2023-03-15 00:00:00.000000,DEPARTAMENTO,arriendo,owner_direct
PI-2023-03-002001,portalinmobiliario,Santiago,Metropolitana,555000,15.86,36.9,2023-02-02 00:00:00.000000,2023-03-15 00:00:00.000000,departamento,arriendo,agency
PI-2023-03-005140,portalinmobiliario,Maipú,Metropolitana,520000,14.86,59.5,2023-03-08 00:00:00.000000,2023-03-29 00:00:00.000000,DEPARTAMENTO,ARRIENDO,owner_direct
PI-2023-03-000578,portalinmobiliario,Providencia,Metropolitana,655000,18.71,30.4,2023-02-17 00:00:00.000000,2023-03-01 00:00:00.000000,DEPARTAMENTO,Arriendo,owner_direct
PI-2023-03-003109,portalinmobiliario,San Miguel,Metropolitana,585000,16.71,40.8,2023-02-18 00:00:00.000000,2023-03-22 00:00:00.000000,Departamento,arriendo,agency
PI-2023-03-002875,portalinmobiliario,Maipú,Metropolitana,470000,13.43,40.8,2023-02-02 00:00:00.000000,2023-03-15 00:00:00.000000,Departamento,arriendo,agency
PI-2023-03-001228,portalinmobiliario,Estación Central,Metropolitana,535000,15.29,53.3,2023-03-01 00:00:00.000000,2023-03-08 00:00:00.000000,DEPARTAMENTO,arriendo,owner_direct
PI-2023-03-003901,portalinmobiliario,Maipú,Metropolitana,505000,14.43,49.4,2023-02-25 00:00:00.000000,2023-03-22 00:00:00.000000,departamento,Arriendo,agency
PI-2023-03-004542,portalinmobiliario,Maipú,Metropolitana,425000,12.14,38.0,2022-12-10 00:00:00.000000,2023-03-29 00:00:00.000000,DEPARTAMENTO,arriendo,agency
PI-2023-03-002663,portalinmobiliario,Santiago,Metropolitana,625000,17.86,54.0,2023-01-24 00:00:00.000000,2023-03-15 00:00:00.000000,departamento,arriendo,owner_direct
PI-2023-03-000526,portalinmobiliario,San Miguel,Metropolitana,675000,19.29,66.3,2023-01-08 00:00:00.000000,2023-03-01 00:00:00.000000,Departamento,ARRIENDO,agency
PI-2023-03-005359,portalinmobiliario,Independencia,Metropolitana,660000,18.86,64.6,2023-03-19 00:00:00.000000,2023-03-29 00:00:00.000000,Departamento,ARRIENDO,agency
PI-2023-03-002413,portalinmobiliario,Santiago,Metropolitana,945000,27.0,90.6,2023-03-08 00:00:00.000000,2023-03-15 00:00:00.000000,DEPARTAMENTO,ARRIENDO,agency
PI-2023-03-001474,portalinmobiliario,La Florida,Metropolitana,535000,15.29,49.4,2023-02-17 00:00:00.000000,2023-03-08 00:00:00.000000,DEPARTAMENTO,Arriendo,owner_direct
PI-2023-03-003432,portalinmobiliario,Santiago,Metropolitana,770000,22.0,63.3,2023-02-21 00:00:00.000000,2023-03-22 00:00:00.000000,departamento,ARRIENDO,agency
PI-2023-03-003121,portalinmobiliario,Independencia,Metropolitana,545000,15.57,58.3,2023-03-13 00:00:00.000000,2023-03-22 00:00:00.000000,departamento,arriendo,agency
PI-2023-03-003082,portalinmobiliario,San Miguel,Metropolitana,1215000,34.71,128.1,2023-02-20 00:00:00.000000,2023-03-22 00:00:00.000000,Departamento,arriendo,agency
PI-2023-03-001364,portalinmobiliario,Ñuñoa,Metropolitana,855000,24.43,63.7,2023-02-01 00:00:00.000000,2023-03-08 00:00:00.000000,departamento,Arriendo,agency
PI-2023-03-004255,portalinmobiliario,Las Condes,Metropolitana,1055000,30.14,61.2,2023-03-07 00:00:00.000000,2023-03-29 00:00:00.000000,departamento,ARRIENDO,agency
PI-2023-03-000130,portalinmobiliario,Vitacura,Metropolitana,1380000,39.43,49.2,2023-01-18 00:00:00.000000,2023-03-01 00:00:00.000000,departamento,arriendo,owner_direct
PI-2023-03-003801,portalinmobiliario,Recoleta ,Metropolitana,440000,12.57,43.2,2023-02-25 00:00:00.000000,2023-03-22 00:00:00.000000,departamento,ARRIENDO,agency
PI-2023-03-000999,portalinmobiliario,Quinta Normal,Metropolitana,375000,10.71,40.0,2023-02-20 00:00:00.000000,2023-03-08 00:00:00.000000,departamento,ARRIENDO,agency
PI-2023-03-003039,portalinmobiliario,La Cisterna,Metropolitana,490000,14.0,45.3,2023-02-23 00:00:00.000000,2023-03-22 00:00:00.000000,DEPARTAMENTO,arriendo,agency
PI-2023-03-003100,portalinmobiliario,Independencia,Metropolitana,905000,25.86,89.6,2023-03-06 00:00:00.000000,2023-03-22 00:00:00.000000,DEPARTAMENTO,ARRIENDO,agency
PI-2023-03-003047,portalinmobiliario,Ñuñoa,Metropolitana,1155000,33.0,86.5,2023-03-04 00:00:00.000000,2023-03-22 00:00:00.000000,Departamento,ARRIENDO,agency
PI-2023-03-005277,portalinmobiliario,La Florida,Metropolitana,760000,21.71,92.4,2023-03-24 00:00:00.000000,2023-03-29 00:00:00.000000,departamento,Arriendo,owner_direct
PI-2023-03-000820,portalinmobiliario,La Reina,Metropolitana,805000,23.0,44.5,2023-02-10 00:00:00.000000,2023-03-01 00:00:00.000000,Departamento,arriendo,owner_direct
PI-2023-03-001428,portalinmobiliario,San Miguel,Metropolitana,555000,15.86,42.4,2023-02-19 00:00:00.000000,2023-03-08 00:00:00.000000,Departamento,Arriendo,agency
PI-2023-03-004342,portalinmobiliario,Estación Central,Metropolitana,620000,17.71,60.7,2023-03-25 00:00:00.000000,2023-03-29 00:00:00.000000,departamento,ARRIENDO,agency
PI-2023-03-000421,portalinmobiliario,Pudahuel,Metropolitana,470000,13.43,46.5,2023-01-31 00:00:00.000000,2023-03-01 00:00:00.000000,departamento,arriendo,agency
PI-2023-03-004188,portalinmobiliario,Independencia,Metropolitana,5270000,150.57,53.0,2023-03-08 00:00:00.000000,2023-03-29 00:00:00.000000,Departamento,Arriendo,agency
PI-2023-03-001354,portalinmobiliario,La Florida,Metropolitana,560000,16.0,40.7,2023-02-03 00:00:00.000000,2023-03-08 00:00:00.000000,Departamento,Arriendo,agency
PI-2023-03-001947,portalinmobiliario,La Florida,Metropolitana,750000,21.43,84.9,2023-03-01 00:00:00.000000,2023-03-15 00:00:00.000000,departamento,Arriendo,owner_direct
PI-2023-03-002416,portalinmobiliario,Ñuñoa,Metropolitana,780000,22.29,66.8,2023-03-05 00:00:00.000000,2023-03-15 00:00:00.000000,Departamento,ARRIENDO,agency
PI-2023-03-001078,portalinmobiliario,Macul,Metropolitana,665000,19.0,59.6,2023-02-17 00:00:00.000000,2023-03-08 00:00:00.000000,DEPARTAMENTO,arriendo,owner_direct
PI-2023-03-004863,portalinmobiliario,Santiago,Metropolitana,450000,12.86,33.1,2023-03-14 00:00:00.000000,2023-03-29 00:00:00.000000,departamento,Arriendo,agency
PI-2023-03-002152,portalinmobiliario,Peñalolén,Metropolitana,370000,10.57,29.4,2023-01-12 00:00:00.000000,2023-03-15 00:00:00.000000,DEPARTAMENTO,ARRIENDO,agency
PI-2023-03-000839,portalinmobiliario,Ñuñoa,Metropolitana,765000,21.86,53.6,2023-02-13 00:00:00.000000,2023-03-01 00:00:00.000000,DEPARTAMENTO,Arriendo,agency
PI-2023-03-002666,portalinmobiliario,Ñuñoa,Metropolitana,715000,20.43,40.8,2023-02-03 00:00:00.000000,2023-03-15 00:00:00.000000,departamento,ARRIENDO,agency
PI-2023-03-004782,portalinmobiliario,Santiago,Metropolitana,870000,24.86,82.1,2023-03-10 00:00:00.000000,2023-03-29 00:00:00.000000,DEPARTAMENTO,ARRIENDO,owner_direct
PI-2023-03-004622,portalinmobiliario,Maipú,Metropolitana,535000,,74.0,2023-03-26 00:00:00.000000,2023-03-29 00:00:00.000000,departamento,Arriendo,owner_direct
PI-2023-03-001889,portalinmobiliario,Las Condes,Metropolitana,1235000,35.29,68.4,2022-10-17 00:00:00.000000,2023-03-08 00:00:00.000000,Departamento,Arriendo,agency
PI-2023-03-004023,portalinmobiliario,San Joaquín,Metropolitana,365000,10.43,30.2,2023-03-09 00:00:00.000000,2023-03-22 00:00:00.000000,Departamento,Arriendo,owner_direct
PI-2023-03-001781,portalinmobiliario,Santiago,Metropolitana,5010000,143.14,29.6,2023-02-22 00:00:00.000000,2023-03-08 00:00:00.000000,Departamento,Arriendo,owner_direct
PI-2023-03-001512,portalinmobiliario,Las Condes,Metropolitana,915000,26.14,33.2,2023-02-21 00:00:00.000000,2023-03-08 00:00:00.000000,Departamento,arriendo,agency
PI-2023-03-004725,portalinmobiliario,Maipú,Metropolitana,625000,17.86,88.5,2023-03-20 00:00:00.000000,2023-03-29 00:00:00.000000,Departamento,arriendo,agency
PI-2023-03-003238,portalinmobiliario,Estación Central,Metropolitana,600000,17.14,60.1,2023-02-07 00:00:00.000000,2023-03-22 00:00:00.000000,DEPARTAMENTO,Arriendo,agency
PI-2023-03-005119,portalinmobiliario,Providencia,Metropolitana,1160000,33.14,77.5,2023-03-13 00:00:00.000000,2023-03-29 00:00:00.000000,Departamento,arriendo,owner_direct
PI-2023-03-004680,portalinmobiliario,Las Condes,Metropolitana,1030000,29.43,38.7,2023-02-09 00:00:00.000000,2023-03-29 00:00:00.000000,DEPARTAMENTO,Arriendo,agency
PI-2023-03-001895,portalinmobiliario,ÑUÑOA,Metropolitana,470000,13.43,26.8,2023-02-02 00:00:00.000000,2023-03-08 00:00:00.000000,Departamento,Arriendo,agency
PI-2023-03-003125,portalinmobiliario,Santiago,Metropolitana,1005000,28.71,93.2,2023-02-26 00:00:00.000000,2023-03-22 00:00:00.000000,DEPARTAMENTO,Arriendo,agency
PI-2023-03-004908,portalinmobiliario,Estación Central,Metropolitana,560000,16.0,74.1,2023-03-11 00:00:00.000000,2023-03-29 00:00:00.000000,Departamento,arriendo,owner_direct
PI-2023-03-000659,portalinmobiliario,Santiago,Metropolitana,505000,14.43,36.4,2023-01-31 00:00:00.000000,2023-03-01 00:00:00.000000,Departamento,ARRIENDO,owner_direct
PI-2023-03-000890,portalinmobiliario,Santiago,Metropolitana,460000,13.14,31.2,2023-01-24 00:00:00.000000,2023-03-01 00:00:00.000000,departamento,Arriendo,owner_direct
PI-2023-03-004917,portalinmobiliario,Recoleta,Metropolitana,635000,18.14,65.5,2023-02-08 00:00:00.000000,2023-03-29 00:00:00.000000,DEPARTAMENTO,arriendo,agency
PI-2023-03-001536,portalinmobiliario,Huechuraba,Metropolitana,575000,16.43,31.7,2023-02-14 00:00:00.000000,2023-03-08 00:00:00.000000,Departamento,Arriendo,owner_direct
PI-2023-03-004809,portalinmobiliario,Peñalolén,Metropolitana,730000,20.86,92.3,2023-02-27 00:00:00.000000,2023-03-29 00:00:00.000000,DEPARTAMENTO,Arriendo,agency
PI-2023-03-003596,portalinmobiliario,Maipú,Metropolitana,520000,14.86,57.8,2023-03-11 00:00:00.000000,2023-03-22 00:00:00.000000,Departamento,Arriendo,owner_direct
PI-2023-03-002664,portalinmobiliario,Conchalí,Metropolitana,450000,12.86,74.4,2023-02-12 00:00:00.000000,2023-03-15 00:00:00.000000,Departamento,ARRIENDO,owner_direct
PI-2023-03-003788,portalinmobiliario,Quilicura,Metropolitana,445000,12.71,44.0,2023-03-14 00:00:00.000000,2023-03-22 00:00:00.000000,Departamento,ARRIENDO,owner_direct
PI-2023-03-002021,portalinmobiliario,Santiago,Metropolitana,605000,17.29,45.0,2022-12-04 00:00:00.000000,2023-03-15 00:00:00.000000,Departamento,ARRIENDO,agency
PI-2023-03-001144,portalinmobiliario, Macul,Metropolitana,475000,13.57,37.8,2023-02-11 00:00:00.000000,2023-03-08 00:00:00.000000,DEPARTAMENTO,ARRIENDO,agency
PI-2023-03-001657,portalinmobiliario,Recoleta,Metropolitana,415000,11.86,38.9,2023-02-10 00:00:00.000000,2023-03-08 00:00:00.000000,departamento,Arriendo,agency
PI-2023-03-003247,portalinmobiliario,La Reina,Metropolitana,720000,20.57,43.4,2022-09-21 00:00:00.000000,2023-03-22 00:00:00.000000,DEPARTAMENTO,ARRIENDO,owner_direct
PI-2023-03-005017,portalinmobiliario,La Reina,Metropolitana,720000,20.57,40.4,2023-01-07 00:00:00.000000,2023-03-29 00:00:00.000000,DEPARTAMENTO,ARRIENDO,owner_direct
PI-2023-03-005226,portalinmobiliario,Providencia,Metropolitana,1450000,41.43,100.4,2023-02-21 00:00:00.000000,2023-03-29 00:00:00.000000,departamento,arriendo,agency
PI-2023-03-000645,portalinmobiliario,San Joaquín,Metropolitana,595000,17.0,58.1,2023-02-05 00:00:00.000000,2023-03-01 00:00:00.000000,departamento,Arriendo,owner_direct
PI-2023-03-000209,portalinmobiliario,Recoleta,Metropolitana,480000,13.71,59.5,2023-01-29 00:00:00.000000,2023-03-01 00:00:00.000000,Departamento,arriendo,owner_direct
PI-2023-03-005205,portalinmobiliario,Quilicura,Metropolitana,390000,11.14,44.3,2023-03-07 00:00:00.000000,2023-03-29 00:00:00.000000,departamento,ARRIENDO,owner_direct
PI-2023-03-001879,portalinmobiliario,Estación Central,Metropolitana,380000,10.86,30.1,2023-01-16 00:00:00.000000,2023-03-08 00:00:00.000000,departamento,ARRIENDO,agency
PI-2023-03-003291,portalinmobiliario,Renca,Metropolitana,525000,15.0,89.4,2023-01-09 00:00:00.000000,2023-03-22 00:00:00.000000,Departamento,arriendo,owner_direct
PI-2023-03-002347,portalinmobiliario,Independencia,Metropolitana,440000,12.57,33.8,2023-01-27 00:00:00.000000,2023-03-15 00:00:00.000000,DEPARTAMENTO,arriendo,agency
PI-2023-03-003696,portalinmobiliario,Estación Central,Metropolitana,770000,22.0,111.9,2023-03-12 00:00:00.000000,2023-03-22 00:00:00.000000,DEPARTAMENTO,ARRIENDO,owner_direct
PI-2023-03-000175,portalinmobiliario,Santiago,Metropolitana,605000,17.29,42.8,2022-11-13 00:00:00.000000,2023-03-01 00:00:00.000000,DEPARTAMENTO,arriendo,agency
PI-2023-03-003271,portalinmobiliario,Estación Central,Metropolitana,625000,17.86,67.9,2023-03-10 00:00:00.000000,2023-03-22 00:00:00.000000,departamento,arriendo,agency
PI-2023-03-001893,portalinmobiliario,Ñuñoa,Metropolitana,800000,22.86,59.3,2023-02-20 00:00:00.000000,2023-03-08 00:00:00.000000,Departamento,arriendo,owner_direct
PI-2023-03-000544,portalinmobiliario,Estación Central,Metropolitana,1285000,36.71,32.7,2023-01-02 00:00:00.000000,2023-03-01 00:00:00.000000,Departamento,arriendo,agency
PI-2023-03-002649,portalinmobiliario,Ñuñoa,Metropolitana,1115000,31.86,79.3,2023-02-13 00:00:00.000000,2023-03-15 00:00:00.000000,departamento,Arriendo,owner_direct
PI-2023-03-004232,portalinmobiliario,Providencia,Metropolitana,885000,25.29,46.5,2023-02-23 00:00:00.000000,2023-03-29 00:00:00.000000,DEPARTAMENTO,ARRIENDO,owner_direct
PI-2023-03-002615,portalinmobiliario,La Florida,Metropolitana,470000,13.43,40.3,2023-03-05 00:00:00.000000,2023-03-15 00:00:00.000000,departamento,ARRIENDO,agency
PI-2023-03-000555,portalinmobiliario,La Cisterna,Metropolitana,485000,13.86,55.4,2023-02-17 00:00:00.000000,2023-03-01 00:00:00.000000,DEPARTAMENTO,ARRIENDO,owner_direct
PI-2023-03-001862,portalinmobiliario,San Miguel,Metropolitana,615000,17.57,39.7,2023-02-26 00:00:00.000000,2023-03-08 00:00:00.000000,departamento,Arriendo,agency
PI-2023-03-003396,portalinmobiliario,Huechuraba,Metropolitana,620000,17.71,45.6,2023-02-20 00:00:00.000000,2023-03-22 00:00:00.000000,Departamento,arriendo,agency
PI-2023-03-000381,portalinmobiliario,Vitacura,Metropolitana,1060000,30.29,47.1,2023-02-20 00:00:00.000000,2023-03-01 00:00:00.000000,departamento,arriendo,agency
PI-2023-03-004819,portalinmobiliario,La Cisterna,Metropolitana,520000,14.86,50.3,2023-03-02 00:00:00.000000,2023-03-29 00:00:00.000000,Departamento,Arriendo,agency
PI-2023-03-003261,portalinmobiliario,La Reina,Metropolitana,565000,16.14,23.3,2023-03-13 00:00:00.000000,2023-03-22 00:00:00.000000,Departamento,Arriendo,owner_direct
PI-2023-03-002728,portalinmobiliario,Huechuraba,Metropolitana,515000,14.71,39.1,2023-03-01 00:00:00.000000,2023-03-15 00:00:00.000000,Departamento,arriendo,agency
PI-2023-03-000517,portalinmobiliario,Cerrillos,Metropolitana,510000,14.57,54.5,2023-02-07 00:00:00.000000,2023-03-01 00:00:00.000000,Departamento,ARRIENDO,owner_direct
PI-2023-03-001631,portalinmobiliario,Las Condes,Metropolitana,1095000,31.29,47.9,2023-02-27 00:00:00.000000,2023-03-08 00:00:00.000000,Departamento,arriendo,agency
PI-2023-03-005040,portalinmobiliario,Ñuñoa,Metropolitana,1035000,29.57,76.2,2022-12-12 00:00:00.000000,2023-03-29 00:00:00.000000,DEPARTAMENTO,Arriendo,owner_direct
PI-2023-03-003085,portalinmobiliario,Las Condes,Metropolitana,965000,27.57,51.0,2023-02-20 00:00:00.000000,2023-03-22 00:00:00.000000,Departamento,ARRIENDO,agency
PI-2023-03-001844,portalinmobiliario,Lo Barnechea,Metropolitana,815000,23.29,37.8,2023-02-07 00:00:00.000000,2023-03-08 00:00:00.000000,departamento,ARRIENDO,agency
PI-2023-03-004805,portalinmobiliario,La Florida,Metropolitana,505000,14.43,49.9,2023-02-12 00:00:00.000000,2023-03-29 00:00:00.000000,Departamento,ARRIENDO,agency
PI-2023-03-004330,portalinmobiliario,Independencia,Metropolitana,535000,15.29,48.1,2023-03-24 00:00:00.000000,2023-03-29 00:00:00.000000,departamento,Arriendo,agency
PI-2023-03-002603,portalinmobiliario,Santiago,Metropolitana,565000,16.14,47.1,2023-02-05 00:00:00.000000,2023-03-15 00:00:00.000000,departamento,arriendo,agency
PI-2023-03-002837,portalinmobiliario,Quinta Normal,Metropolitana,435000,12.43,43.6,2023-02-17 00:00:00.000000,2023-03-15 00:00:00.000000,DEPARTAMENTO,Arriendo,owner_direct
PI-2023-03-001147,portalinmobiliario,Ñuñoa,Metropolitana,955000,27.29,94.2,2023-02-27 00:00:00.000000,2023-03-08 00:00:00.000000,departamento,ARRIENDO,agency
PI-2023-03-003848,portalinmobiliario,Estación Central,Metropolitana,415000,11.86,38.4,2023-01-19 00:00:00.000000,2023-03-22 00:00:00.000000,DEPARTAMENTO,ARRIENDO,agency
PI-2023-03-001740,portalinmobiliario,Santiago,Metropolitana,475000,13.57,35.6,2023-01-29 00:00:00.000000,2023-03-08 00:00:00.000000,departamento,Arriendo,agency
PI-2023-03-001952,portalinmobiliario,Santiago,Metropolitana,425000,12.14,22.6,2023-03-02 00:00:00.000000,2023-03-15 00:00:00.000000,departamento,arriendo,agency
PI-2023-03-002133,portalinmobiliario,Santiago,Metropolitana,590000,16.86,57.4,2023-01-10 00:00:00.000000,2023-03-15 00:00:00.000000,departamento,arriendo,agency
PI-2023-03-004456,portalinmobiliario,Lo Barnechea,Metropolitana,1405000,40.14,131.6,2023-03-08 00:00:00.000000,2023-03-29 00:00:00.000000,Departamento,ARRIENDO,owner_direct
PI-2023-03-000581,portalinmobiliario,Ñuñoa,Metropolitana,785000,22.43,51.4,2023-02-10 00:00:00.000000,2023-03-01 00:00:00.000000,DEPARTAMENTO,Arriendo,agency
PI-2023-03-001300,portalinmobiliario,San Joaquín,Metropolitana,395000,11.29,31.6,2022-08-23 00:00:00.000000,2023-03-08 00:00:00.000000,Departamento,Arriendo,agency
PI-2023-03-003444,portalinmobiliario,San Joaquín,Metropolitana,560000,16.0,50.1,2023-01-30 00:00:00.000000,2023-03-22 00:00:00.000000,departamento,ARRIENDO,agency
PI-2023-03-002775,portalinmobiliario,La Florida,Metropolitana,555000,15.86,46.1,2022-12-04 00:00:00.000000,2023-03-15 00:00:00.000000,departamento,ARRIENDO,agency
PI-2023-03-004721,portalinmobiliario,Santiago,Metropolitana,630000,18.0,42.2,2023-03-27 00:00:00.000000,2023-03-29 00:00:00.000000,DEPARTAMENTO,arriendo,agency
PI-2023-03-005067,portalinmobiliario,Quinta Normal,Metropolitana,455000,13.0,40.9,2023-02-18 00:00:00.000000,2023-03-29 00:00:00.000000,Departamento,Arriendo,agency
PI-2023-03-001340,portalinmobiliario,Macul,Metropolitana,600000,17.14,57.2,2023-02-12 00:00:00.000000,2023-03-08 00:00:00.000000,departamento,Arriendo,agency
PI-2023-03-002276,portalinmobiliario,Lo Barnechea,Metropolitana,1075000,30.71,76.4,2023-02-26 00:00:00.000000,2023-03-15 00:00:00.000000,departamento,arriendo,owner_direct
PI-2023-03-003988,portalinmobiliario,La Florida,Metropolitana,485000,13.86,33.4,2023-03-06 00:00:00.000000,2023-03-22 00:00:00.000000,Departamento,ARRIENDO,agency
PI-2023-03-002839,portalinmobiliario,Santiago,Metropolitana,650000,18.57,72.9,2023-02-25 00:00:00.000000,2023-03-15 00:00:00.000000,Departamento,Arriendo,agency
PI-2023-03-005100,portalinmobiliario,Ñuñoa,Metropolitana,735000,21.0,63.7,2022-11-28 00:00:00.000000,2023-03-29 00:00:00.000000,Departamento,arriendo,agency
PI-2023-03-001845,portalinmobiliario,Las Condes,Metropolitana,795000,22.71,28.7,2023-02-23 00:00:00.000000,2023-03-08 00:00:00.000000,DEPARTAMENTO,arriendo,agency
PI-2023-03-000575,portalinmobiliario,Estación Central,Metropolitana,350000,10.0,42.7,2023-01-22 00:00:00.000000,2023-03-01 00:00:00.000000,Departamento,ARRIENDO,agency
PI-2023-03-005319,portalinmobiliario,Providencia,Metropolitana,935000,26.71,46.4,2023-02-19 00:00:00.000000,2023-03-29 00:00:00.000000,departamento,ARRIENDO,owner_direct
PI-2023-03-002468,portalinmobiliario,Ñuñoa,Metropolitana,825000,23.57,48.4,2023-01-17 00:00:00.000000,2023-03-15 00:00:00.000000,Departamento,Arriendo,agency
PI-2023-03-000998,portalinmobiliario,La Florida,Metropolitana,1095000,31.29,137.4,2023-03-04 00:00:00.000000,2023-03-08 00:00:00.000000,DEPARTAMENTO,Arriendo,agency
PI-2023-03-003094,portalinmobiliario,Independencia,Metropolitana,620000,17.71,61.1,2022-11-22 00:00:00.000000,2023-03-22 00:00:00.000000,DEPARTAMENTO,Arriendo,agency
PI-2023-03-004160,portalinmobiliario,Las Condes,Metropolitana,850000,24.29,33.4,2023-03-07 00:00:00.000000,2023-03-29 00:00:00.000000,Departamento,arriendo,owner_direct
PI-2023-03-003209,portalinmobiliario,Estación Central,Metropolitana,665000,19.0,66.6,2023-02-24 00:00:00.000000,2023-03-22 00:00:00.000000,Departamento,arriendo,agency
PI-2023-03-002114,portalinmobiliario,Providencia,Metropolitana,1230000,35.14,86.9,2023-02-21 00:00:00.000000,2023-03-15 00:00:00.000000,departamento,ARRIENDO,owner_direct
PI-2023-03-001684,portalinmobiliario,La Cisterna,Metropolitana,1165000,33.29,151.3,2023-02-02 00:00:00.000000,2023-03-08 00:00:00.000000,DEPARTAMENTO,Arriendo,agency
