id,fuente,comuna,region,precio_clp,precio_uf,superficie_total_m2,fecha_publicacion,fecha_scraping,tipo_propiedad,tipo_operacion,contact_type
PI-2023-05-003921,portalinmobiliario,Las Condes,Metropolitana,860000,24.57,43.3,2023-05-23 00:00:00.000000,2023-05-29 00:00:00.000000,Departamento,Arriendo,agency
PI-2023-05-004734,portalinmobiliario,Vitacura,Metropolitana,1665000,47.57,94.2,2023-04-14 00:00:00.000000,2023-05-29 00:00:00.000000,Departamento,arriendo,owner_direct
PI-2023-05-004097,portalinmobiliario,Puente Alto,Metropolitana,405000,11.57,36.8,2023-01-01 00:00:00.000000,2023-05-29 00:00:00.000000,Departamento,Arriendo,agency
PI-2023-05-002916,portalinmobiliario,Maipú,Metropolitana,485000,13.86,39.6,2023-03-28 00:00:00.000000,2023-05-22 00:00:00.000000,Departamento,ARRIENDO,agency
PI-2023-05-001594,portalinmobiliario,Macul,Metropolitana,620000,17.71,56.5,2022-12-10 00:00:00.000000,2023-05-08 00:00:00.000000,Departamento,ARRIENDO,agency
PI-2023-05-002087,portalinmobiliario,La Florida,Metropolitana,530000,15.14,34.0,2023-04-03 00:00:00.000000,2023-05-15 00:00:00.000000,DEPARTAMENTO,Arriendo,agency
PI-2023-05-001436,portalinmobiliario,Santiago,Metropolitana,560000,16.0,41.2,2023-05-04 00:00:00.000000,2023-05-08 00:00:00.000000,Departamento,ARRIENDO,agency
PI-2023-05-002632,portalinmobiliario,Las Condes,Metropolitana,875000,25.0,45.1,2023-04-28 00:00:00.000000,2023-05-15 00:00:00.000000,departamento,Arriendo,owner_direct
PI-2023-05-002168,portalinmobiliario,Puente Alto,Metropolitana,555000,15.86,56.1,2023-04-10 00:00:00.000000,2023-05-15 00:00:00.000000,Departamento,ARRIENDO,agency
PI-2023-05-004031,portalinmobiliario,Santiago,Metropolitana,705000,,61.9,2023-04-15 00:00:00.000000,2023-05-29 00:00:00.000000,departamento,arriendo,agency
PI-2023-05-004365,portalinmobiliario,San Miguel,Metropolitana,575000,16.43,57.4,2023-05-01 00:00:00.000000,2023-05-29 00:00:00.000000,Departamento,arriendo,agency
PI-2023-05-002977,portalinmobiliario,Recoleta,Metropolitana,890000,25.43,80.6,2023-04-29 00:00:00.000000,2023-05-22 00:00:00.000000,departamento,arriendo,agency
PI-2023-05-001155,portalinmobiliario,Santiago,Metropolitana,490000,14.0,44.7,2023-05-02 00:00:00.000000,2023-05-08 00:00:00.000000,DEPARTAMENTO,Arriendo,agency
PI-2023-05-001338,portalinmobiliario,Lo Barnechea,Metropolitana,860000,24.57,56.3,2023-04-26 00:00:00.000000,2023-05-08 00:00:00.000000,DEPARTAMENTO,Arriendo,agency
PI-2023-05-002922,portalinmobiliario,Peñalolén,Metropolitana,525000,15.0,59.5,2023-04-02 00:00:00.000000,2023-05-22 00:00:00.000000,Departamento,ARRIENDO,owner_direct
PI-2023-05-001524,portalinmobiliario,San Joaquín,Metropolitana,585000,16.71,62.5,2023-03-30 00:00:00.000000,2023-05-08 00:00:00.000000,departamento,arriendo,agency
PI-2023-05-004337,portalinmobiliario,Providencia,Metropolitana,1005000,28.71,49.2,2023-05-25 00:00:00.000000,2023-05-29 00:00:00.000000,DEPARTAMENTO,Arriendo,agency
PI-2023-05-004588,portalinmobiliario,La Florida,Metropolitana,530000,15.14,42.2,2023-05-07 00:00:00.000000,2023-05-29 00:00:00.000000,departamento,arriendo,agency
PI-2023-05-003806,portalinmobiliario,Recoleta,Metropolitana,495000,14.14,39.9,2023-05-06 00:00:00.000000,2023-05-29 00:00:00.000000,Departamento,ARRIENDO,agency
PI-2023-05-003313,portalinmobiliario,Santiago,Metropolitana,890000,25.43,98.0,2023-05-12 00:00:00.000000,2023-05-22 00:00:00.000000,Departamento,ARRIENDO,agency
PI-2023-05-001567,portalinmobiliario,Ñuñoa,Metropolitana,590000,16.86,46.2,2023-04-19 00:00:00.000000,2023-05-08 00:00:00.000000,departamento,arriendo,owner_direct
PI-2023-05-004220,portalinmobiliario,Providencia,Metropolitana,855000,24.43,54.6,2023-05-08 00:00:00.000000,2023-05-29 00:00:00.000000,Departamento,Arriendo,owner_direct
PI-2023-05-004714,portalinmobiliario,Santiago,Metropolitana,695000,19.86,73.0,2023-05-26 00:00:00.000000,2023-05-29 00:00:00.000000,DEPARTAMENTO,Arriendo,agency
PI-2023-05-002913,portalinmobiliario,Las Condes,Metropolitana,1050000,30.0,53.5,2023-05-16 00:00:00.000000,2023-05-22 00:00:00.000000,Departamento,ARRIENDO,agency
PI-2023-05-002598,portalinmobiliario,Huechuraba,Metropolitana,775000,22.14,62.8,2023-05-11 00:00:00.000000,2023-05-15 00:00:00.000000,DEPARTAMENTO,ARRIENDO,owner_direct
PI-2023-05-000808,portalinmobiliario,Macul,Metropolitana,570000,16.29,48.1,2023-04-16 00:00:00.000000,2023-05-01 00:00:00.000000,departamento,arriendo,owner_direct
PI-2023-05-001995,portalinmobiliario,La Florida,Metropolitana,635000,18.14,58.9,2023-05-01 00:00:00.000000,2023-05-15 00:00:00.000000,Departamento,arriendo,agency
PI-2023-05-001072,portalinmobiliario,Macul ,Metropolitana,665000,19.0,62.9,2023-04-14 00:00:00.000000,2023-05-08 00:00:00.000000,departamento,ARRIENDO,agency
PI-2023-05-004250,portalinmobiliario,Macul,Metropolitana,485000,13.86,34.4,2023-05-27 00:00:00.000000,2023-05-29 00:00:00.000000,DEPARTAMENTO,ARRIENDO,agency
PI-2023-05-001328,portalinmobiliario,Santiago,Metropolitana,580000,16.57,58.6,2023-04-28 00:00:00.000000,2023-05-08 00:00:00.000000,departamento,Arriendo,agency
PI-2023-05-001062,portalinmobiliario,Providencia,Metropolitana,1085000,31.0,52.0,2023-04-27 00:00:00.000000,2023-05-08 00:00:00.000000,DEPARTAMENTO,Arriendo,agency
PI-2023-05-002695,portalinmobiliario,La Cisterna,Metropolitana,490000,14.0,46.7,2023-04-20 00:00:00.000000,2023-05-15 00:00:00.000000,Departamento,ARRIENDO,agency
PI-2023-05-004128,portalinmobiliario, Estación Central,Metropolitana,345000,9.86,34.1,2023-04-15 00:00:00.000000,2023-05-29 00:00:00.000000,Departamento,Arriendo,agency
PI-2023-05-001174,portalinmobiliario,Maipú,Metropolitana,470000,13.43,58.5,2023-04-13 00:00:00.000000,2023-05-08 00:00:00.000000,DEPARTAMENTO,arriendo,agency
PI-2023-05-002170,portalinmobiliario,Peñalolén,Metropolitana,645000,18.43,71.8,2023-04-27 00:00:00.000000,2023-05-15 00:00:00.000000,departamento,ARRIENDO,agency
PI-2023-05-000091,portalinmobiliario,La Florida,Metropolitana,555000,15.86,54.0,2023-04-26 00:00:00.000000,2023-05-01 00:00:00.000000,departamento,Arriendo,agency
PI-2023-05-001387,portalinmobiliario,PROVIDENCIA,Metropolitana,650000,18.57,24.3,2023-04-14 00:00:00.000000,2023-05-08 00:00:00.000000,DEPARTAMENTO,arriendo,owner_direct
PI-2023-05-004208,portalinmobiliario,La Florida,Metropolitana,545000,15.57,46.3,2023-04-14 00:00:00.000000,2023-05-29 00:00:00.000000,departamento,ARRIENDO,owner_direct
PI-2023-05-004339,portalinmobiliario,Maipú,Metropolitana,470000,13.43,50.0,2022-12-01 00:00:00.000000,2023-05-29 00:00:00.000000,departamento,ARRIENDO,agency
PI-2023-05-004550,portalinmobiliario,las condes,Metropolitana,1020000,29.14,49.9,2022-11-29 00:00:00.000000,2023-05-29 00:00:00.000000,DEPARTAMENTO,arriendo,owner_direct
PI-2023-05-002372,portalinmobiliario,Quilicura,Metropolitana,685000,19.57,88.2,2023-04-29 00:00:00.000000,2023-05-15 00:00:00.000000,departamento,ARRIENDO,owner_direct
PI-2023-05-004781,portalinmobiliario,San Miguel,Metropolitana,670000,19.14,48.7,2022-11-25 00:00:00.000000,2023-05-29 00:00:00.000000,DEPARTAMENTO,arriendo,agency
PI-2023-05-004864,portalinmobiliario,Santiago,Metropolitana,480000,13.71,34.2,2023-04-03 00:00:00.000000,2023-05-29 00:00:00.000000,DEPARTAMENTO,Arriendo,agency
PI-2023-05-000841,portalinmobiliario,Macul,Metropolitana,470000,13.43,26.4,2023-05-04 00:00:00.000000,2023-05-08 00:00:00.000000,Departamento,arriendo,owner_direct
PI-2023-05-001450,portalinmobiliario,santiago,Metropolitana,785000,22.43,79.4,2023-05-05 00:00:00.000000,2023-05-08 00:00:00.000000,Departamento,ARRIENDO,agency
PI-2023-05-002700,portalinmobiliario,Puente Alto,Metropolitana,455000,13.0,52.6,2023-05-04 00:00:00.000000,2023-05-15 00:00:00.000000,departamento,Arriendo,agency
PI-2023-05-003471,portalinmobiliario,Independencia,Metropolitana,380000,10.86,33.0,2023-05-03 00:00:00.000000,2023-05-22 00:00:00.000000,DEPARTAMENTO,Arriendo,agency
PI-2023-05-004213,portalinmobiliario,Recoleta,Metropolitana,340000,9.71,27.1,2023-05-08 00:00:00.000000,2023-05-29 00:00:00.000000,Departamento,ARRIENDO,agency
PI-2023-05-002512,portalinmobiliario,San Joaquín,Metropolitana,400000,11.43,48.7,2023-05-07 00:00:00.000000,2023-05-15 00:00:00.000000,DEPARTAMENTO,arriendo,agency
PI-2023-05-000969,portalinmobiliario,Santiago,Metropolitana,820000,23.43,75.5,2023-04-28 00:00:00.000000,2023-05-08 00:00:00.000000,DEPARTAMENTO,arriendo,agency
PI-2023-05-004276,portalinmobiliario,Independencia,Metropolitana,395000,11.29,28.1,2023-04-22 00:00:00.000000,2023-05-29 00:00:00.000000,departamento,Arriendo,agency
PI-2023-05-004850,portalinmobiliario,Providencia,Metropolitana,1440000,41.14,82.0,2023-05-20 00:00:00.000000,2023-05-29 00:00:00.000000,Departamento,ARRIENDO,agency
PI-2023-05-001488,portalinmobiliario,Ñuñoa,Metropolitana,910000,26.0,65.5,2023-05-04 00:00:00.000000,2023-05-08 00:00:00.000000,DEPARTAMENTO,Arriendo,agency
PI-2023-05-000729,portalinmobiliario,San Miguel,Metropolitana,580000,16.57,45.5,2023-02-28 00:00:00.000000,2023-05-01 00:00:00.000000,DEPARTAMENTO,arriendo,agency
PI-2023-05-001768,portalinmobiliario,La Cisterna,Metropolitana,520000,14.86,56.9,2023-04-08 00:00:00.000000,2023-05-15 00:00:00.000000,departamento,Arriendo,owner_direct
PI-2023-05-001676,portalinmobiliario,Providencia,Metropolitana,690000,19.71,33.1,2023-04-07 00:00:00.000000,2023-05-08 00:00:00.000000,DEPARTAMENTO,ARRIENDO,owner_direct
PI-2023-05-000378,portalinmobiliario,Las Condes,Metropolitana,1515000,43.29,71.4,2022-12-07 00:00:00.000000,2023-05-01 00:00:00.000000,DEPARTAMENTO,ARRIENDO,agency
PI-2023-05-001818,portalinmobiliario,San Joaquín,Metropolitana,515000,14.71,52.1,2023-03-19 00:00:00.000000,2023-05-15 00:00:00.000000,DEPARTAMENTO,Arriendo,owner_direct
PI-2023-05-004107,portalinmobiliario,Estación Central,Metropolitana,390000,11.14,31.0,2023-04-12 00:00:00.000000,2023-05-29 00:00:00.000000,DEPARTAMENTO,Arriendo,agency
PI-2023-05-000433,portalinmobiliario,Santiago,Metropolitana,650000,18.57,58.3,2023-04-20 00:00:00.000000,2023-05-01 00:00:00.000000,departamento,ARRIENDO,owner_direct
PI-2023-05-003515,portalinmobiliario,Ñuñoa,Metropolitana,590000,16.86,38.7,2023-04-21 00:00:00.000000,2023-05-22 00:00:00.000000,Departamento,Arriendo,agency
PI-2023-05-002865,portalinmobiliario,Macul,Metropolitana,955000,27.29,98.7,2023-05-06 00:00:00.000000,2023-05-22 00:00:00.000000,departamento,ARRIENDO,owner_direct
PI-2023-05-003448,portalinmobiliario,Ñuñoa,Metropolitana,1140000,32.57,103.8,2023-05-05 00:00:00.000000,2023-05-22 00:00:00.000000,departamento,ARRIENDO,agency
PI-2023-05-001408,portalinmobiliario,La Florida,Metropolitana,525000,15.0,42.7,2023-04-05 00:00:00.000000,2023-05-08 00:00:00.000000,DEPARTAMENTO,ARRIENDO,agency
PI-2023-05-001309,portalinmobiliario,Huechuraba,Metropolitana,575000,16.43,49.1,2023-05-01 00:00:00.000000,2023-05-08 00:00:00.000000,DEPARTAMENTO,ARRIENDO,agency
PI-2023-05-003207,portalinmobiliario,Estación Central,Metropolitana,730000,20.86,90.7,2023-04-03 00:00:00.000000,2023-05-22 00:00:00.000000,DEPARTAMENTO,Arriendo,agency
PI-2023-05-000953,portalinmobiliario,Ñuñoa,Metropolitana,1280000,36.57,93.1,2023-03-30 00:00:00.000000,2023-05-08 00:00:00.000000,Departamento,arriendo,agency
PI-2023-05-001766,portalinmobiliario,Macul,Metropolitana,605000,17.29,53.6,2023-04-17 00:00:00.000000,2023-05-08 00:00:00.000000,Departamento,arriendo,agency
PI-2023-05-001293,portalinmobiliario,Quinta Normal,Metropolitana,775000,22.14,86.7,2023-03-27 00:00:00.000000,2023-05-08 00:00:00.000000,Departamento,ARRIENDO,agency
PI-2023-05-002196,portalinmobiliario,Lo Barnechea,Metropolitana,1015000,29.0,59.4,2023-05-05 00:00:00.000000,2023-05-15 00:00:00.000000,Departamento,ARRIENDO,owner_direct
PI-2023-05-003547,portalinmobiliario,Independencia,Metropolitana,460000,13.14,50.1,2023-04-08 00:00:00.000000,2023-05-22 00:00:00.000000,Departamento,arriendo,agency
PI-2023-05-000532,portalinmobiliario,Santiago,Metropolitana,750000,21.43,66.7,2023-04-03 00:00:00.000000,2023-05-01 00:00:00.000000,DEPARTAMENTO,arriendo,owner_direct
PI-2023-05-000753,portalinmobiliario,Santiago,Metropolitana,570000,16.29,56.5,2023-01-20 00:00:00.000000,2023-05-01 00:00:00.000000,DEPARTAMENTO,Arriendo,agency
PI-2023-05-002158,portalinmobiliario,Vitacura,Metropolitana,1175000,33.57,33.8,2023-04-23 00:00:00.000000,2023-05-15 00:00:00.000000,departamento,ARRIENDO,agency
PI-2023-05-004290,portalinmobiliario,Santiago,Metropolitana,565000,16.14,51.9,2023-03-24 00:00:00.000000,2023-05-29 00:00:00.000000,departamento,ARRIENDO,agency
PI-2023-05-000419,portalinmobiliario,Quinta Normal,Metropolitana,515000,14.71,48.9,2023-03-31 00:00:00.000000,2023-05-01 00:00:00.000000,Departamento,Arriendo,agency
PI-2023-05-001449,portalinmobiliario,Cerrillos,Metropolitana,780000,22.29,78.5,2023-04-19 00:00:00.000000,2023-05-08 00:00:00.000000,Departamento,ARRIENDO,agency
PI-2023-05-001566,portalinmobiliario,Estación Central,Metropolitana,545000,15.57,53.9,2023-04-24 00:00:00.000000,2023-05-08 00:00:00.000000,Departamento,ARRIENDO,owner_direct
PI-2023-05-000806,portalinmobiliario,San Joaquín,Metropolitana,480000,13.71,50.7,2023-04-12 00:00:00.000000,2023-05-01 00:00:00.000000,Departamento,arriendo,owner_direct
PI-2023-05-003554,portalinmobiliario,San Miguel,Metropolitana,775000,22.14,77.8,2023-04-24 00:00:00.000000,2023-05-22 00:00:00.000000,departamento,arriendo,agency
PI-2023-05-004579,portalinmobiliario,Macul,Metropolitana,575000,16.43,44.8,2023-05-08 00:00:00.000000,2023-05-29 00:00:00.000000,Departamento,Arriendo,owner_direct
PI-2023-05-001428,portalinmobiliario,Lo Barnechea,Metropolitana,1075000,30.71,67.1,2023-03-20 00:00:00.000000,2023-05-08 00:00:00.000000,DEPARTAMENTO,arriendo,agency
PI-2023-05-002341,portalinmobiliario,Independencia,Metropolitana,465000,13.29,31.7,2023-05-02 00:00:00.000000,2023-05-15 00:00:00.000000,departamento,ARRIENDO,agency
PI-2023-05-000585,portalinmobiliario,Puente Alto,Metropolitana,455000,13.0,37.5,2023-04-10 00:00:00.000000,2023-05-01 00:00:00.000000,Departamento,arriendo,agency
PI-2023-05-002967,portalinmobiliario,Providencia,Metropolitana,995000,28.43,60.6,2023-04-13 00:00:00.000000,2023-05-22 00:00:00.000000,DEPARTAMENTO,arriendo,owner_direct
PI-2023-05-000434,portalinmobiliario,La Reina,Metropolitana,680000,19.43,45.6,2023-04-11 00:00:00.000000,2023-05-01 00:00:00.000000,DEPARTAMENTO,Arriendo,owner_direct
PI-2023-05-004794,portalinmobiliario,Maipú,Metropolitana,3835000,109.57,650.0,2023-04-22 00:00:00.000000,2023-05-29 00:00:00.000000,Departamento,Arriendo,owner_direct
PI-2023-05-003219,portalinmobiliario,Las Condes,Metropolitana,730000,20.86,35.3,2023-05-11 00:00:00.000000,2023-05-22 00:00:00.000000,Departamento,ARRIENDO,agency
PI-2023-05-000717,portalinmobiliario,Pudahuel,Metropolitana,350000,10.0,27.9,2023-02-07 00:00:00.000000,2023-05-01 00:00:00.000000,departamento,arriendo,agency
PI-2023-05-004051,portalinmobiliario,Providencia,Metropolitana,1450000,41.43,105.2,2023-05-03 00:00:00.000000,2023-05-29 00:00:00.000000,DEPARTAMENTO,Arriendo,agency
PI-2023-05-004695,portalinmobiliario, Providencia,Metropolitana,860000,24.57,47.9,2023-04-29 00:00:00.000000,2023-05-29 00:00:00.000000,departamento,arriendo,owner_direct
PI-2023-05-001715,portalinmobiliario,Lo Barnechea,Metropolitana,795000,22.71,54.4,2023-03-27 00:00:00.000000,2023-05-08 00:00:00.000000,DEPARTAMENTO,ARRIENDO,agency
PI-2023-05-003910,portalinmobiliario,Ñuñoa,Metropolitana,880000,25.14,81.8,2023-05-25 00:00:00.000000,2023-05-29 00:00:00.000000,DEPARTAMENTO,ARRIENDO,agency
PI-2023-05-003543,portalinmobiliario,La Cisterna,Metropolitana,545000,15.57,62.4,2023-04-19 00:00:00.000000,2023-05-22 00:00:00.000000,departamento,ARRIENDO,agency
PI-2023-05-004775,portalinmobiliario,Santiago,Metropolitana,515000,14.71,39.1,2022-12-14 00:00:00.000000,2023-05-29 00:00:00.000000,departamento,arriendo,agency
PI-2023-05-001887,portalinmobiliario,San Joaquín,Metropolitana,475000,13.57,44.8,2023-05-09 00:00:00.000000,2023-05-15 00:00:00.000000,Departamento,Arriendo,agency
PI-2023-05-001556,portalinmobiliario,La Cisterna,Metropolitana,405000,11.57,41.9,2023-04-30 00:00:00.000000,2023-05-08 00:00:00.000000,Departamento,ARRIENDO,owner_direct
PI-2023-05-001894,portalinmobiliario,La Florida,Metropolitana,510000,14.57,42.5,2023-04-22 00:00:00.000000,2023-05-15 00:00:00.000000,departamento,ARRIENDO,agency
PI-2023-05-004038,portalinmobiliario,LAS CONDES,Metropolitana,1140000,32.57,74.3,2023-05-04 00:00:00.000000,2023-05-29 00:00:00.000000,DEPARTAMENTO,arriendo,agency
PI-2023-05-002846,portalinmobiliario,Ñuñoa,Metropolitana,585000,16.71,31.4,2023-05-08 00:00:00.000000,2023-05-22 00:00:00.000000,Departamento,Arriendo,agency
PI-2023-05-000711,portalinmobiliario,Ñuñoa,Metropolitana,890000,25.43,60.8,2023-03-01 00:00:00.000000,2023-05-01 00:00:00.000000,Departamento,Arriendo,owner_direct
PI-2023-05-001369,portalinmobiliario,Maipú,Metropolitana,410000,11.71,41.9,2023-05-07 00:00:00.000000,2023-05-08 00:00:00.000000,Departamento,arriendo,owner_direct
PI-2023-05-000861,portalinmobiliario,Macul,Metropolitana,915000,26.14,90.0,2023-02-25 00:00:00.000000,2023-05-08 00:00:00.000000,departamento,Arriendo,agency
PI-2023-05-001853,portalinmobiliario, La Reina,Metropolitana,640000,18.29,29.0,2023-03-29 00:00:00.000000,2023-05-15 00:00:00.000000,DEPARTAMENTO,Arriendo,agency
PI-2023-05-003013,portalinmobiliario,La Florida,Metropolitana,575000,16.43,63.7,2023-05-12 00:00:00.000000,2023-05-22 00:00:00.000000,DEPARTAMENTO,Arriendo,owner_direct
PI-2023-05-001166,portalinmobiliario,Macul,Metropolitana,845000,24.14,75.4,2022-12-09 00:00:00.000000,2023-05-08 00:00:00.000000,departamento,Arriendo,owner_direct
PI-2023-05-001376,portalinmobiliario,La Florida,Metropolitana,605000,17.29,57.9,2023-04-29 00:00:00.000000,2023-05-08 00:00:00.000000,Departamento,Arriendo,agency
PI-2023-05-000258,portalinmobiliario,Estación Central,Metropolitana,560000,16.0,55.0,2023-04-12 00:00:00.000000,2023-05-01 00:00:00.000000,Departamento,arriendo,agency
PI-2023-05-004338,portalinmobiliario,Providencia,Metropolitana,1735000,49.57,136.4,2023-04-21 00:00:00.000000,2023-05-29 00:00:00.000000,departamento,arriendo,agency
PI-2023-05-004673,portalinmobiliario,Quinta Normal,Metropolitana,525000,15.0,51.8,2023-05-11 00:00:00.000000,2023-05-29 00:00:00.000000,Departamento,Arriendo,owner_direct
PI-2023-05-003088,portalinmobiliario,San Miguel,Metropolitana,470000,13.43,39.5,2023-04-09 00:00:00.000000,2023-05-22 00:00:00.000000,DEPARTAMENTO,ARRIENDO,owner_direct
PI-2023-05-002255,portalinmobiliario,Providencia,Metropolitana,840000,24.0,41.8,2023-03-29 00:00:00.000000,2023-05-15 00:00:00.000000,Departamento,arriendo,agency
PI-2023-05-000202,portalinmobiliario,Ñuñoa,Metropolitana,650000,18.57,49.2,2023-04-12 00:00:00.000000,2023-05-01 00:00:00.000000,Departamento,ARRIENDO,owner_direct
PI-2023-05-001627,portalinmobiliario,San Miguel,Metropolitana,665000,19.0,65.2,2023-04-14 00:00:00.000000,2023-05-08 00:00:00.000000,DEPARTAMENTO,arriendo,agency
PI-2023-05-003870,portalinmobiliario,Las Condes,Metropolitana,635000,18.14,24.6,2023-05-22 00:00:00.000000,2023-05-29 00:00:00.000000,Departamento,arriendo,owner_direct
PI-2023-05-004263,portalinmobiliario,Santiago,Metropolitana,625000,17.86,70.3,2023-05-02 00:00:00.000000,2023-05-29 00:00:00.000000,Departamento,Arriendo,owner_direct
PI-2023-05-002982,portalinmobiliario,La Florida,Metropolitana,405000,11.57,2.0,2023-05-04 00:00:00.000000,2023-05-22 00:00:00.000000,Departamento,Arriendo,agency
PI-2023-05-003891,portalinmobiliario,Santiago,Metropolitana,565000,16.14,37.6,2023-05-13 00:00:00.000000,2023-05-29 00:00:00.000000,Departamento,ARRIENDO,owner_direct
PI-2023-05-001620,portalinmobiliario,Quinta Normal,Metropolitana,415000,11.86,43.4,2023-03-23 00:00:00.000000,2023-05-08 00:00:00.000000,DEPARTAMENTO,arriendo,agency
PI-2023-05-001297,portalinmobiliario,Maipú,Metropolitana,440000,12.57,41.2,2023-04-18 00:00:00.000000,2023-05-08 00:00:00.000000,DEPARTAMENTO,Arriendo,agency
PI-2023-05-001056,portalinmobiliario,San Miguel,Metropolitana,615000,17.57,56.3,2023-03-02 00:00:00.000000,2023-05-08 00:00:00.000000,DEPARTAMENTO,arriendo,agency
PI-2023-05-000980,portalinmobiliario,Pudahuel,Metropolitana,590000,16.86,71.1,2023-04-11 00:00:00.000000,2023-05-08 00:00:00.000000,departamento,Arriendo,owner_direct
PI-2023-05-003696,portalinmobiliario,La Cisterna,Metropolitana,470000,13.43,52.4,2023-04-13 00:00:00.000000,2023-05-22 00:00:00.000000,departamento,arriendo,agency
PI-2023-05-000228,portalinmobiliario,Quilicura,Metropolitana,465000,13.29,41.3,2023-04-09 00:00:00.000000,2023-05-01 00:00:00.000000,DEPARTAMENTO,Arriendo,agency
PI-2023-05-001547,portalinmobiliario,providencia,Metropolitana,1070000,30.57,71.6,2022-09-23 00:00:00.000000,2023-05-08 00:00:00.000000,departamento,arriendo,agency
PI-2023-05-002701,portalinmobiliario,La Cisterna,Metropolitana,670000,19.14,64.5,2022-11-01 00:00:00.000000,2023-05-15 00:00:00.000000,DEPARTAMENTO,Arriendo,agency
PI-2023-05-004297,portalinmobiliario,Vitacura,Metropolitana,1200000,34.29,63.0,2023-05-17 00:00:00.000000,2023-05-29 00:00:00.000000,DEPARTAMENTO,Arriendo,agency
PI-2023-05-001078,portalinmobiliario,Conchalí,Metropolitana,355000,10.14,27.5,2023-04-07 00:00:00.000000,2023-05-08 00:00:00.000000,Departamento,arriendo,owner_direct
PI-2023-05-002337,portalinmobiliario,San Miguel,Metropolitana,780000,22.29,70.3,2023-04-02 00:00:00.000000,2023-05-15 00:00:00.000000,Departamento,ARRIENDO,agency
PI-2023-05-002004,portalinmobiliario,Las Condes,Metropolitana,915000,26.14,40.3,2023-05-04 00:00:00.000000,2023-05-15 00:00:00.000000,departamento,arriendo,agency
PI-2023-05-001277,portalinmobiliario,Independencia,Metropolitana,525000,15.0,48.2,2023-04-12 00:00:00.000000,2023-05-08 00:00:00.000000,departamento,ARRIENDO,owner_direct
PI-2023-05-002003,portalinmobiliario,Estación Central,Metropolitana,480000,13.71,55.3,2023-03-26 00:00:00.000000,2023-05-15 00:00:00.000000,Departamento,arriendo,agency
PI-2023-05-000005,portalinmobiliario,La Florida,Metropolitana,670000,19.14,78.0,2023-04-10 00:00:00.000000,2023-05-01 00:00:00.000000,DEPARTAMENTO,Arriendo,agency
PI-2023-05-000112,portalinmobiliario,Puente Alto,Metropolitana,320000,9.14,29.3,2023-04-18 00:00:00.000000,2023-05-01 00:00:00.000000,Departamento,ARRIENDO,agency
PI-2023-05-002321,portalinmobiliario,Santiago,Metropolitana,715000,20.43,58.8,2023-05-02 00:00:00.000000,2023-05-15 00:00:00.000000,departamento,arriendo,agency
PI-2023-05-000947,portalinmobiliario,Vitacura,Metropolitana,1115000,31.86,57.8,2023-04-29 00:00:00.000000,2023-05-08 00:00:00.000000,Departamento,ARRIENDO,agency
PI-2023-05-000982,portalinmobiliario,Renca,Metropolitana,320000,9.14,29.8,2023-04-29 00:00:00.000000,2023-05-08 00:00:00.000000,departamento,Arriendo,owner_direct
PI-2023-05-003906,portalinmobiliario,Huechuraba,Metropolitana,740000,21.14,57.4,2023-05-20 00:00:00.000000,2023-05-29 00:00:00.000000,DEPARTAMENTO,ARRIENDO,owner_direct
PI-2023-05-001223,portalinmobiliario,Quinta Normal,Metropolitana,445000,12.71,50.5,2023-04-23 00:00:00.000000,2023-05-08 00:00:00.000000,DEPARTAMENTO,Arriendo,agency
PI-2023-05-001839,portalinmobiliario,Peñalolén,Metropolitana,530000,15.14,44.5,2023-04-12 00:00:00.000000,2023-05-15 00:00:00.000000,DEPARTAMENTO,arriendo,agency
PI-2023-05-003986,portalinmobiliario,Peñalolén,Metropolitana,545000,15.57,38.3,2023-05-03 00:00:00.000000,2023-05-29 00:00:00.000000,Departamento,arriendo,agency
PI-2023-05-000063,portalinmobiliario,Ñuñoa,Metropolitana,575000,16.43,38.4,2022-10-29 00:00:00.000000,2023-05-01 00:00:00.000000,departamento,Arriendo,agency
PI-2023-05-001708,portalinmobiliario,La Reina,Metropolitana,625000,17.86,28.2,2023-01-27 00:00:00.000000,2023-05-08 00:00:00.000000,DEPARTAMENTO,Arriendo,owner_direct
PI-2023-05-000254,portalinmobiliario,Macul,Metropolitana,410000,11.71,31.1,2023-04-14 00:00:00.000000,2023-05-01 00:00:00.000000,Departamento,Arriendo,agency
PI-2023-05-002699,portalinmobiliario,San Joaquín,Metropolitana,670000,19.14,112.5,2023-04-19 00:00:00.000000,2023-05-15 00:00:00.000000,DEPARTAMENTO,ARRIENDO,agency
PI-2023-05-003592,portalinmobiliario,Santiago,Metropolitana,965000,27.57,98.7,2023-05-20 00:00:00.000000,2023-05-22 00:00:00.000000,departamento,Arriendo,agency
PI-2023-05-002613,portalinmobiliario,Recoleta,Metropolitana,415000,11.86,30.7,2023-04-25 00:00:00.000000,2023-05-15 00:00:00.000000,departamento,arriendo,agency
PI-2023-05-000460,portalinmobiliario,Cerrillos,Metropolitana,465000,13.29,46.3,2023-04-02 00:00:00.000000,2023-05-01 00:00:00.000000,Departamento,arriendo,agency
PI-2023-05-002456,portalinmobiliario,Ñuñoa,Metropolitana,545000,15.57,43.0,2023-04-22 00:00:00.000000,2023-05-15 00:00:00.000000,departamento,arriendo,agency
PI-2023-05-004306,portalinmobiliario,Providencia,Metropolitana,880000,25.14,63.4,2022-12-01 00:00:00.000000,2023-05-29 00:00:00.000000,departamento,arriendo,agency
PI-2023-05-001962,portalinmobiliario,Puente Alto,Metropolitana,600000,17.14,98.3,2023-04-09 00:00:00.000000,2023-05-15 00:00:00.000000,DEPARTAMENTO,ARRIENDO,agency
PI-2023-05-003472,portalinmobiliario,Providencia,Metropolitana,1325000,37.86,76.9,2023-05-18 00:00:00.000000,2023-05-22 00:00:00.000000,departamento,arriendo,agency
PI-2023-05-004287,portalinmobiliario,Santiago,Metropolitana,735000,21.0,79.4,2023-04-27 00:00:00.000000,2023-05-29 00:00:00.000000,DEPARTAMENTO,Arriendo,agency
PI-2023-05-003411,portalinmobiliario,Estación Central,Metropolitana,440000,12.57,58.2,2023-03-28 00:00:00.000000,2023-05-22 00:00:00.000000,departamento,Arriendo,owner_direct
PI-2023-05-000630,portalinmobiliario,San Miguel,Metropolitana,605000,,59.6,2023-03-27 00:00:00.000000,2023-05-01 00:00:00.000000,DEPARTAMENTO,Arriendo,agency
PI-2023-05-003264,portalinmobiliario,Las Condes,Metropolitana,805000,23.0,32.3,2023-05-02 00:00:00.000000,2023-05-22 00:00:00.000000,Departamento,Arriendo,owner_direct
PI-2023-05-002279,portalinmobiliario,La Cisterna,Metropolitana,615000,17.57,68.5,2023-04-17 00:00:00.000000,2023-05-15 00:00:00.000000,DEPARTAMENTO,Arriendo,owner_direct
PI-2023-05-003297,portalinmobiliario,Providencia,Metropolitana,915000,26.14,39.1,2023-05-08 00:00:00.000000,2023-05-22 00:00:00.000000,departamento,Arriendo,agency
PI-2023-05-001498,portalinmobiliario,Providencia,Metropolitana,725000,20.71,44.6,2022-11-13 00:00:00.000000,2023-05-08 00:00:00.000000,departamento,ARRIENDO,agency
PI-2023-05-004801,portalinmobiliario,Ñuñoa,Metropolitana,1125000,32.14,104.7,2023-05-25 00:00:00.000000,2023-05-29 00:00:00.000000,DEPARTAMENTO,arriendo,owner_direct
PI-2023-05-001189,portalinmobiliario,Ñuñoa,Metropolitana,745000,21.29,74.7,2023-03-10 00:00:00.000000,2023-05-08 00:00:00.000000,departamento,arriendo,agency
PI-2023-05-000231,portalinmobiliario,La Reina,Metropolitana,545000,15.57,25.9,2023-04-16 00:00:00.000000,2023-05-01 00:00:00.000000,Departamento,Arriendo,agency
PI-2023-05-001052,portalinmobiliario,Estación Central,Metropolitana,445000,12.71,53.2,2023-04-04 00:00:00.000000,2023-05-08 00:00:00.000000,departamento,ARRIENDO,agency
PI-2023-05-000145,portalinmobiliario,Lo Barnechea,Metropolitana,970000,27.71,56.9,2023-04-22 00:00:00.000000,2023-05-01 00:00:00.000000,Departamento,ARRIENDO,agency
PI-2023-05-002356,portalinmobiliario,Santiago,Metropolitana,625000,17.86,49.2,2023-04-16 00:00:00.000000,2023-05-15 00:00:00.000000,Departamento,Arriendo,agency
PI-2023-05-002744,portalinmobiliario,Peñalolén,Metropolitana,570000,16.29,49.8,2023-05-15 00:00:00.000000,2023-05-22 00:00:00.000000,Departamento,arriendo,owner_direct
PI-2023-05-002330,portalinmobiliario,Recoleta,Metropolitana,530000,15.14,38.6,2023-04-13 00:00:00.000000,2023-05-15 00:00:00.000000,departamento,Arriendo,agency
PI-2023-05-004547,portalinmobiliario,Independencia,Metropolitana,475000,13.57,48.9,2023-05-04 00:00:00.000000,2023-05-29 00:00:00.000000,Departamento,arriendo,agency
PI-2023-05-001701,portalinmobiliario,La Florida,Metropolitana,540000,,60.4,2023-04-30 00:00:00.000000,2023-05-08 00:00:00.000000,departamento,Arriendo,owner_direct
PI-2023-05-003467,portalinmobiliario,Providencia,Metropolitana,890000,25.43,34.8,2023-04-28 00:00:00.000000,2023-05-22 00:00:00.000000,Departamento,Arriendo,agency
PI-2023-05-001526,portalinmobiliario,Providencia,Metropolitana,1460000,41.71,90.0,2023-04-14 00:00:00.000000,2023-05-08 00:00:00.000000,Departamento,Arriendo,agency
PI-2023-05-004286,portalinmobiliario,Santiago,Metropolitana,595000,17.0,42.2,2023-04-19 00:00:00.000000,2023-05-29 00:00:00.000000,DEPARTAMENTO,Arriendo,owner_direct
PI-2023-05-000341,portalinmobiliario,Quilicura,Metropolitana,420000,12.0,50.5,2023-04-01 00:00:00.000000,2023-05-01 00:00:00.000000,departamento,Arriendo,owner_direct
PI-2023-05-003114,portalinmobiliario,Maipú,Metropolitana,620000,17.71,63.0,2023-05-17 00:00:00.000000,2023-05-22 00:00:00.000000,departamento,arriendo,agency
PI-2023-05-001020,portalinmobiliario,Providencia,Metropolitana,1100000,31.43,67.2,2023-04-12 00:00:00.000000,2023-05-08 00:00:00.000000,departamento,ARRIENDO,owner_direct
PI-2023-05-003044,portalinmobiliario,Estación Central,Metropolitana,470000,13.43,50.3,2023-04-12 00:00:00.000000,2023-05-22 00:00:00.000000,Departamento,arriendo,agency
PI-2023-05-003676,portalinmobiliario,Vitacura,Metropolitana,1250000,35.71,75.2,2023-02-22 00:00:00.000000,2023-05-22 00:00:00.000000,DEPARTAMENTO,ARRIENDO,agency
PI-2023-05-004806,portalinmobiliario,Estación Central,Metropolitana,385000,11.0,28.6,2023-04-28 00:00:00.000000,2023-05-29 00:00:00.000000,Departamento,arriendo,agency
PI-2023-05-004102,portalinmobiliario,Puente Alto,Metropolitana,485000,13.86,38.9,2023-05-22 00:00:00.000000,2023-05-29 00:00:00.000000,departamento,ARRIENDO,owner_direct
PI-2023-05-003764,portalinmobiliario,La Florida,Metropolitana,590000,16.86,64.4,2023-04-26 00:00:00.000000,2023-05-22 00:00:00.000000,DEPARTAMENTO,Arriendo,agency
PI-2023-05-001804,portalinmobiliario,Puente Alto,Metropolitana,395000,11.29,37.7,2023-01-27 00:00:00.000000,2023-05-15 00:00:00.000000,DEPARTAMENTO,Arriendo,owner_direct
PI-2023-05-000896,portalinmobiliario,Huechuraba,Metropolitana,1005000,28.71,99.7,2023-04-11 00:00:00.000000,2023-05-08 00:00:00.000000,departamento,ARRIENDO,owner_direct
PI-2023-05-004546,portalinmobiliario,Conchalí,Metropolitana,520000,14.86,61.5,2023-01-15 00:00:00.000000,2023-05-29 00:00:00.000000,DEPARTAMENTO,Arriendo,owner_direct
PI-2023-05-002762,portalinmobiliario,Santiago,Metropolitana,440000,12.57,27.9,2023-05-08 00:00:00.000000,2023-05-22 00:00:00.000000,DEPARTAMENTO,arriendo,agency
PI-2023-05-002333,portalinmobiliario,Renca,Metropolitana,495000,14.14,56.2,2023-04-16 00:00:00.000000,2023-05-15 00:00:00.000000,Departamento,ARRIENDO,agency
PI-2023-05-000503,portalinmobiliario,Ñuñoa,Metropolitana,730000,20.86,60.3,2023-03-18 00:00:00.000000,2023-05-01 00:00:00.000000,departamento,Arriendo,agency
PI-2023-05-002026,portalinmobiliario,Quilicura,Metropolitana,350000,10.0,29.3,2023-04-21 00:00:00.000000,2023-05-15 00:00:00.000000,Departamento,ARRIENDO,agency
PI-2023-05-003769,portalinmobiliario,Las Condes,Metropolitana,1130000,32.29,52.9,2023-05-19 00:00:00.000000,2023-05-22 00:00:00.000000,departamento,arriendo,owner_direct
PI-2023-05-001964,portalinmobiliario,San Miguel,Metropolitana,705000,20.14,58.6,2023-04-17 00:00:00.000000,2023-05-15 00:00:00.000000,Departamento,arriendo,agency
PI-2023-05-002593,portalinmobiliario,Recoleta,Metropolitana,720000,20.57,100.5,2023-01-25 00:00:00.000000,2023-05-15 00:00:00.000000,Departamento,ARRIENDO,agency
PI-2023-05-000826,portalinmobiliario,San Joaquín ,Metropolitana,695000,19.86,82.2,2023-04-09 00:00:00.000000,2023-05-08 00:00:00.000000,departamento,Arriendo,agency
PI-2023-05-004229,portalinmobiliario,Providencia,Metropolitana,725000,20.71,36.5,2023-05-01 00:00:00.000000,2023-05-29 00:00:00.000000,DEPARTAMENTO,ARRIENDO,agency
PI-2023-05-003613,portalinmobiliario,Providencia,Metropolitana,1315000,37.57,95.3,2023-05-13 00:00:00.000000,2023-05-22 00:00:00.000000,Departamento,Arriendo,agency
PI-2023-05-003006,portalinmobiliario,Santiago,Metropolitana,595000,17.0,54.7,2023-04-23 00:00:00.000000,2023-05-22 00:00:00.000000,DEPARTAMENTO,ARRIENDO,agency
PI-2023-05-001220,portalinmobiliario,Estación Central,Metropolitana,345000,9.86,24.8,2023-03-17 00:00:00.000000,2023-05-08 00:00:00.000000,Departamento,Arriendo,agency
PI-2023-05-002496,portalinmobiliario,Independencia,Metropolitana,515000,14.71,50.2,2023-04-18 00:00:00.000000,2023-05-15 00:00:00.000000,Departamento,arriendo,agency
PI-2023-05-002088,portalinmobiliario,Macul,Metropolitana,530000,15.14,44.9,2022-11-01 00:00:00.000000,2023-05-15 00:00:00.000000,DEPARTAMENTO,ARRIENDO,agency
PI-2023-05-002902,portalinmobiliario,Ñuñoa,Metropolitana,1100000,31.43,91.1,2023-04-04 00:00:00.000000,2023-05-22 00:00:00.000000,departamento,Arriendo,owner_direct
PI-2023-05-000694,portalinmobiliario,Maipú,Metropolitana,540000,15.43,52.4,2022-10-28 00:00:00.000000,2023-05-01 00:00:00.000000,departamento,Arriendo,owner_direct
PI-2023-05-003616,portalinmobiliario,Lo Barnechea,Metropolitana,660000,18.86,30.4,2023-05-16 00:00:00.000000,2023-05-22 00:00:00.000000,DEPARTAMENTO,Arriendo,agency
PI-2023-05-004717,portalinmobiliario,San Miguel,Metropolitana,525000,15.0,38.7,2023-05-04 00:00:00.000000,2023-05-29 00:00:00.000000,DEPARTAMENTO,arriendo,owner_direct
PI-2023-05-000291,portalinmobiliario,Santiago,Metropolitana,600000,17.14,60.6,2023-04-01 00:00:00.000000,2023-05-01 00:00:00.000000,Departamento,ARRIENDO,owner_direct
PI-2023-05-002359,portalinmobiliario,La Cisterna,Metropolitana,580000,16.57,53.5,2023-04-29 00:00:00.000000,2023-05-15 00:00:00.000000,DEPARTAMENTO,ARRIENDO,agency
PI-2023-05-002660,portalinmobiliario,Pudahuel,Metropolitana,815000,23.29,112.4,2023-03-30 00:00:00.000000,2023-05-15 00:00:00.000000,departamento,Arriendo,agency
PI-2023-05-004575,portalinmobiliario,Huechuraba,Metropolitana,595000,17.0,45.3,2023-04-09 00:00:00.000000,2023-05-29 00:00:00.000000,departamento,ARRIENDO,agency
PI-2023-05-002561,portalinmobiliario,Santiago,Metropolitana,530000,15.14,43.3,2023-04-22 00:00:00.000000,2023-05-15 00:00:00.000000,DEPARTAMENTO,arriendo,owner_direct
PI-2023-05-000978,portalinmobiliario,Maipú,Metropolitana,620000,17.71,74.7,2023-04-28 00:00:00.000000,2023-05-08 00:00:00.000000,Departamento,ARRIENDO,agency
PI-2023-05-004202,portalinmobiliario,Santiago,Metropolitana,495000,14.14,37.7,2023-04-17 00:00:00.000000,2023-05-29 00:00:00.000000,DEPARTAMENTO,arriendo,agency
PI-2023-05-001591,portalinmobiliario,Santiago,Metropolitana,5250000,150.0,33.4,2023-04-11 00:00:00.000000,2023-05-08 00:00:00.000000,DEPARTAMENTO,Arriendo,owner_direct
PI-2023-05-000508,portalinmobiliario,La Florida,Metropolitana,415000,11.86,34.4,2023-04-30 00:00:00.000000,2023-05-01 00:00:00.000000,DEPARTAMENTO,arriendo,owner_direct
PI-2023-05-004573,portalinmobiliario,Providencia,Metropolitana,865000,24.71,46.9,2023-05-15 00:00:00.000000,2023-05-29 00:00:00.000000,Departamento,Arriendo,agency
PI-2023-05-001245,portalinmobiliario,Santiago,Metropolitana,595000,17.0,49.2,2023-04-03 00:00:00.000000,2023-05-08 00:00:00.000000,Departamento,ARRIENDO,agency
PI-2023-05-000849,portalinmobiliario,Macul,Metropolitana,475000,13.57,45.5,2023-03-11 00:00:00.000000,2023-05-08 00:00:00.000000,DEPARTAMENTO,arriendo,agency
PI-2023-05-002384,portalinmobiliario,La Florida,Metropolitana,825000,23.57,84.3,2023-04-14 00:00:00.000000,2023-05-15 00:00:00.000000,DEPARTAMENTO,Arriendo,agency
PI-2023-05-001811,portalinmobiliario,Huechuraba,Metropolitana,1990000,56.86,45.4,2022-10-10 00:00:00.000000,2023-05-15 00:00:00.000000,departamento,Arriendo,owner_direct
PI-2023-05-003260,portalinmobiliario, San Joaquín,Metropolitana,515000,14.71,53.5,2023-04-26 00:00:00.000000,2023-05-22 00:00:00.000000,Departamento,ARRIENDO,owner_direct
PI-2023-05-002618,portalinmobiliario,Las Condes,Metropolitana,1055000,30.14,46.8,2023-04-11 00:00:00.000000,2023-05-15 00:00:00.000000,Departamento,Arriendo,owner_direct
PI-2023-05-001030,portalinmobiliario,Independencia,Metropolitana,530000,15.14,44.2,2023-04-27 00:00:00.000000,2023-05-08 00:00:00.000000,departamento,Arriendo,owner_direct
PI-2023-05-002021,portalinmobiliario,Pudahuel,Metropolitana,440000,12.57,36.8,2023-03-10 00:00:00.000000,2023-05-15 00:00:00.000000,DEPARTAMENTO,arriendo,agency
PI-2023-05-003349,portalinmobiliario,Las Condes,Metropolitana,815000,23.29,28.6,2023-05-21 00:00:00.000000,2023-05-22 00:00:00.000000,Departamento,Arriendo,owner_direct
PI-2023-05-002811,portalinmobiliario,Maipú,Metropolitana,365000,10.43,24.4,2023-04-13 00:00:00.000000,2023-05-22 00:00:00.000000,departamento,Arriendo,agency
PI-2023-05-000147,portalinmobiliario,Recoleta,Metropolitana,575000,16.43,71.5,2023-04-04 00:00:00.000000,2023-05-01 00:00:00.000000,departamento,Arriendo,agency
PI-2023-05-004375,portalinmobiliario,Lo Barnechea,Metropolitana,735000,21.0,42.0,2023-05-24 00:00:00.000000,2023-05-29 00:00:00.000000,departamento,arriendo,agency
PI-2023-05-000348,portalinmobiliario,Recoleta,Metropolitana,605000,17.29,66.7,2023-02-09 00:00:00.000000,2023-05-01 00:00:00.000000,Departamento,Arriendo,owner_direct
PI-2023-05-000384,portalinmobiliario,La Florida,Metropolitana,570000,16.29,55.0,2023-04-23 00:00:00.000000,2023-05-01 00:00:00.000000,Departamento,arriendo,agency
PI-2023-05-002391,portalinmobiliario,Conchalí,Metropolitana,415000,11.86,31.6,2022-12-28 00:00:00.000000,2023-05-15 00:00:00.000000,Departamento,arriendo,agency
PI-2023-05-000356,portalinmobiliario,Lo Barnechea,Metropolitana,790000,22.57,42.2,2023-04-03 00:00:00.000000,2023-05-01 00:00:00.000000,departamento,Arriendo,agency
PI-2023-05-003344,portalinmobiliario,Santiago,Metropolitana,425000,12.14,31.9,2023-02-27 00:00:00.000000,2023-05-22 00:00:00.000000,Departamento,Arriendo,owner_direct
PI-2023-05-000075,portalinmobiliario,Macul,Metropolitana,605000,17.29,52.8,2023-04-09 00:00:00.000000,2023-05-01 00:00:00.000000,departamento,ARRIENDO,agency
PI-2023-05-002233,portalinmobiliario,Santiago,Metropolitana,540000,15.43,43.1,2023-04-26 00:00:00.000000,2023-05-15 00:00:00.000000,Departamento,arriendo,agency
PI-2023-05-001538,portalinmobiliario,Estación Central ,Metropolitana,720000,20.57,83.7,2023-04-27 00:00:00.000000,2023-05-08 00:00:00.000000,DEPARTAMENTO,Arriendo,agency
PI-2023-05-002503,portalinmobiliario,Independencia,Metropolitana,400000,11.43,40.2,2023-05-12 00:00:00.000000,2023-05-15 00:00:00.000000,Departamento,Arriendo,agency
PI-2023-05-003926,portalinmobiliario,Ñuñoa,Metropolitana,1270000,36.29,121.2,2023-05-16 00:00:00.000000,2023-05-29 00:00:00.000000,DEPARTAMENTO,arriendo,agency
PI-2023-05-003526,portalinmobiliario,Puente Alto,Metropolitana,395000,11.29,37.0,2023-04-20 00:00:00.000000,2023-05-22 00:00:00.000000,DEPARTAMENTO,arriendo,owner_direct
PI-2023-05-004649,portalinmobiliario,San Joaquín,Metropolitana,530000,15.14,62.4,2023-05-08 00:00:00.000000,2023-05-29 00:00:00.000000,Departamento,ARRIENDO,owner_direct
PI-2023-05-001113,portalinmobiliario,Las Condes,Metropolitana,800000,22.86,36.1,2023-04-19 00:00:00.000000,2023-05-08 00:00:00.000000,departamento,ARRIENDO,owner_direct
PI-2023-05-002175,portalinmobiliario,La Florida,Metropolitana,450000,,45.2,2023-04-22 00:00:00.000000,2023-05-15 00:00:00.000000,DEPARTAMENTO,ARRIENDO,owner_direct
PI-2023-05-001281,portalinmobiliario,Las Condes,Metropolitana,1065000,30.43,46.3,2023-04-30 00:00:00.000000,2023-05-08 00:00:00.000000,Departamento,arriendo,agency
PI-2023-05-001911,portalinmobiliario,Providencia,Metropolitana,975000,27.86,43.6,2023-04-07 00:00:00.000000,2023-05-15 00:00:00.000000,Departamento,ARRIENDO,agency
PI-2023-05-004843,portalinmobiliario,Providencia,Metropolitana,810000,23.14,67.0,2023-05-06 00:00:00.000000,2023-05-29 00:00:00.000000,DEPARTAMENTO,ARRIENDO,agency
PI-2023-05-002069,portalinmobiliario,Santiago,Metropolitana,705000,20.14,59.5,2023-04-22 00:00:00.000000,2023-05-15 00:00:00.000000,DEPARTAMENTO,ARRIENDO,agency
PI-2023-05-001898,portalinmobiliario,Macul,Metropolitana,455000,13.0,26.5,2023-04-24 00:00:00.000000,2023-05-15 00:00:00.000000,DEPARTAMENTO,ARRIENDO,agency
PI-2023-05-002250,portalinmobiliario,Las Condes,Metropolitana,1340000,38.29,72.7,2023-05-01 00:00:00.000000,2023-05-15 00:00:00.000000,Departamento,arriendo,owner_direct
PI-2023-05-003704,portalinmobiliario,Recoleta,Metropolitana,480000,13.71,50.7,2023-04-10 00:00:00.000000,2023-05-22 00:00:00.000000,DEPARTAMENTO,arriendo,agency
PI-2023-05-002925,portalinmobiliario,Independencia,Metropolitana,420000,12.0,26.6,2023-03-31 00:00:00.000000,2023-05-22 00:00:00.000000,DEPARTAMENTO,Arriendo,agency
PI-2023-05-002831,portalinmobiliario,Ñuñoa,Metropolitana,895000,25.57,73.9,2023-05-04 00:00:00.000000,2023-05-22 00:00:00.000000,DEPARTAMENTO,ARRIENDO,agency
PI-2023-05-001361,portalinmobiliario, Independencia,Metropolitana,795000,22.71,87.1,2023-03-14 00:00:00.000000,2023-05-08 00:00:00.000000,departamento,Arriendo,agency
PI-2023-05-000788,portalinmobiliario,Santiago,Metropolitana,585000,16.71,49.4,2023-03-30 00:00:00.000000,2023-05-01 00:00:00.000000,Departamento,arriendo,owner_direct
PI-2023-05-004810,portalinmobiliario,Providencia,Metropolitana,1075000,30.71,49.8,2023-05-22 00:00:00.000000,2023-05-29 00:00:00.000000,DEPARTAMENTO,ARRIENDO,owner_direct
PI-2023-05-004436,portalinmobiliario,Lo Barnechea,Metropolitana,1060000,30.29,68.4,2022-12-12 00:00:00.000000,2023-05-29 00:00:00.000000,departamento,ARRIENDO,owner_direct
PI-2023-05-002125,portalinmobiliario,Huechuraba,Metropolitana,730000,20.86,53.3,2023-04-28 00:00:00.000000,2023-05-15 00:00:00.000000,Departamento,ARRIENDO,owner_direct
PI-2023-05-004416,portalinmobiliario,Vitacura,Metropolitana,1160000,33.14,44.9,2022-07-14 00:00:00.000000,2023-05-29 00:00:00.000000,departamento,ARRIENDO,owner_direct
PI-2023-05-002577,portalinmobiliario,Recoleta,Metropolitana,635000,18.14,53.3,2023-05-04 00:00:00.000000,2023-05-15 00:00:00.000000,Departamento,arriendo,owner_direct
PI-2023-05-003993,portalinmobiliario,San Miguel,Metropolitana,820000,23.43,89.7,2023-04-18 00:00:00.000000,2023-05-29 00:00:00.000000,DEPARTAMENTO,Arriendo,agency
PI-2023-05-002070,portalinmobiliario,Independencia,Metropolitana,435000,12.43,29.7,2023-04-15 00:00:00.000000,2023-05-15 00:00:00.000000,Departamento,Arriendo,agency
PI-2023-05-004876,portalinmobiliario,Lo Barnechea,Metropolitana,840000,24.0,50.0,2023-05-13 00:00:00.000000,2023-05-29 00:00:00.000000,Departamento,Arriendo,owner_direct
PI-2023-05-001719,portalinmobiliario,La Reina,Metropolitana,1105000,31.57,62.2,2023-04-04 00:00:00.000000,2023-05-08 00:00:00.000000,Departamento,ARRIENDO,agency
PI-2023-05-004539,portalinmobiliario,San Joaquín,Metropolitana,380000,10.86,30.5,2023-04-21 00:00:00.000000,2023-05-29 00:00:00.000000,departamento,arriendo,owner_direct
PI-2023-05-002302,portalinmobiliario,Macul,Metropolitana,520000,14.86,44.5,2023-05-03 00:00:00.000000,2023-05-15 00:00:00.000000,DEPARTAMENTO,Arriendo,owner_direct
PI-2023-05-000507,portalinmobiliario,Santiago,Metropolitana,615000,17.57,46.7,2023-04-21 00:00:00.000000,2023-05-01 00:00:00.000000,Departamento,ARRIENDO,agency
PI-2023-05-003321,portalinmobiliario,Estación Central,Metropolitana,740000,21.14,99.9,2023-05-03 00:00:00.000000,2023-05-22 00:00:00.000000,Departamento,Arriendo,agency
PI-2023-05-004315,portalinmobiliario,Santiago,Metropolitana,810000,23.14,70.6,2023-05-02 00:00:00.000000,2023-05-29 00:00:00.000000,DEPARTAMENTO,Arriendo,agency
PI-2023-05-000740,portalinmobiliario,La Cisterna,Metropolitana,410000,11.71,45.4,2023-04-15 00:00:00.000000,2023-05-01 00:00:00.000000,Departamento,Arriendo,agency
PI-2023-05-002164,portalinmobiliario,Ñuñoa,Metropolitana,780000,22.29,50.4,2023-04-02 00:00:00.000000,2023-05-15 00:00:00.000000,DEPARTAMENTO,Arriendo,owner_direct
PI-2023-05-004184,portalinmobiliario,San Miguel,Metropolitana,550000,15.71,41.8,2023-04-08 00:00:00.000000,2023-05-29 00:00:00.000000,departamento,ARRIENDO,owner_direct
PI-2023-05-003468,portalinmobiliario,Las Condes,Metropolitana,950000,27.14,58.2,2023-03-30 00:00:00.000000,2023-05-22 00:00:00.000000,Departamento,ARRIENDO,owner_direct
PI-2023-05-004599,portalinmobiliario,Puente Alto,Metropolitana,335000,9.57,35.9,2023-04-02 00:00:00.000000,2023-05-29 00:00:00.000000,Departamento,arriendo,agency
PI-2023-05-001112,portalinmobiliario,Vitacura,Metropolitana,1025000,29.29,42.4,2023-04-17 00:00:00.000000,2023-05-08 00:00:00.000000,departamento,ARRIENDO,agency
PI-2023-05-002678,portalinmobiliario,Santiago,Metropolitana,515000,14.71,33.7,2023-05-03 00:00:00.000000,2023-05-15 00:00:00.000000,Departamento,Arriendo,owner_direct
PI-2023-05-000690,portalinmobiliario,San Miguel,Metropolitana,485000,13.86,37.6,2023-04-03 00:00:00.000000,2023-05-01 00:00:00.000000,departamento,Arriendo,agency
PI-2023-05-001356,portalinmobiliario,Estación Central,Metropolitana,390000,11.14,32.5,2022-11-20 00:00:00.000000,2023-05-08 00:00:00.000000,Departamento,arriendo,agency
PI-2023-05-004745,portalinmobiliario,La Reina,Metropolitana,935000,26.71,63.0,2023-05-10 00:00:00.000000,2023-05-29 00:00:00.000000,departamento,arriendo,agency
PI-2023-05-001663,portalinmobiliario, Lo Barnechea,Metropolitana,1000000,28.57,51.8,2022-11-12 00:00:00.000000,2023-05-08 00:00:00.000000,Departamento,Arriendo,owner_direct
PI-2023-05-004142,portalinmobiliario,Huechuraba,Metropolitana,685000,19.57,58.8,2023-05-15 00:00:00.000000,2023-05-29 00:00:00.000000,departamento,ARRIENDO,owner_direct
PI-2023-05-002635,portalinmobiliario,San Miguel,Metropolitana,705000,20.14,74.3,2023-04-30 00:00:00.000000,2023-05-15 00:00:00.000000,DEPARTAMENTO,Arriendo,agency
PI-2023-05-003494,portalinmobiliario,Quilicura,Metropolitana,425000,12.14,32.6,2023-03-23 00:00:00.000000,2023-05-22 00:00:00.000000,departamento,arriendo,owner_direct
PI-2023-05-001308,portalinmobiliario,Pudahuel,Metropolitana,640000,18.29,80.5,2022-12-20 00:00:00.000000,2023-05-08 00:00:00.000000,departamento,ARRIENDO,agency
PI-2023-05-003376,portalinmobiliario,Quilicura,Metropolitana,620000,17.71,90.3,2023-04-29 00:00:00.000000,2023-05-22 00:00:00.000000,Departamento,ARRIENDO,agency
PI-2023-05-000784,portalinmobiliario,Ñuñoa,Metropolitana,785000,22.43,46.8,2023-04-04 00:00:00.000000,2023-05-01 00:00:00.000000,departamento,arriendo,owner_direct
PI-2023-05-001758,portalinmobiliario,Santiago ,Metropolitana,595000,17.0,40.3,2023-04-27 00:00:00.000000,2023-05-08 00:00:00.000000,Departamento,ARRIENDO,owner_direct
PI-2023-05-003112,portalinmobiliario,Lo Barnechea,Metropolitana,640000,18.29,8.0,2023-05-14 00:00:00.000000,2023-05-22 00:00:00.000000,Departamento,ARRIENDO,agency
PI-2023-05-003279,portalinmobiliario,La Florida,Metropolitana,605000,17.29,63.4,2023-05-09 00:00:00.000000,2023-05-22 00:00:00.000000,DEPARTAMENTO,ARRIENDO,agency
PI-2023-05-001384,portalinmobiliario,Estación Central,Metropolitana,655000,18.71,78.5,2023-03-31 00:00:00.000000,2023-05-08 00:00:00.000000,DEPARTAMENTO,Arriendo,agency
PI-2023-05-003023,portalinmobiliario,Peñalolén,Metropolitana,1045000,29.86,133.2,2023-04-11 00:00:00.000000,2023-05-22 00:00:00.000000,Departamento,ARRIENDO,agency
PI-2023-05-002957,portalinmobiliario,Providencia,Metropolitana,1465000,41.86,116.2,2023-05-17 00:00:00.000000,2023-05-22 00:00:00.000000,DEPARTAMENTO,Arriendo,agency
PI-2023-05-004454,portalinmobiliario,Santiago,Metropolitana,560000,16.0,40.3,2023-05-24 00:00:00.000000,2023-05-29 00:00:00.000000,departamento,arriendo,agency
PI-2023-05-001588,portalinmobiliario,Recoleta,Metropolitana,325000,9.29,30.8,2023-04-03 00:00:00.000000,2023-05-08 00:00:00.000000,DEPARTAMENTO,ARRIENDO,agency
PI-2023-05-001698,portalinmobiliario,Pudahuel,Metropolitana,1240000,35.43,166.8,2023-05-04 00:00:00.000000,2023-05-08 00:00:00.000000,departamento,Arriendo,agency
PI-2023-05-003452,portalinmobiliario,Maipú,Metropolitana,1185000,33.86,169.5,2023-05-07 00:00:00.000000,2023-05-22 00:00:00.000000,departamento,Arriendo,agency
PI-2023-05-003636,portalinmobiliario,Recoleta,Metropolitana,390000,11.14,42.7,2023-05-01 00:00:00.000000,2023-05-22 00:00:00.000000,Departamento,ARRIENDO,owner_direct
PI-2023-05-000807,portalinmobiliario,Quinta Normal,Metropolitana,520000,14.86,66.9,2023-02-13 00:00:00.000000,2023-05-01 00:00:00.000000,departamento,ARRIENDO,agency
PI-2023-05-001172,portalinmobiliario,San Joaquín,Metropolitana,500000,14.29,44.0,2023-05-04 00:00:00.000000,2023-05-08 00:00:00.000000,departamento,arriendo,owner_direct
PI-2023-05-003035,portalinmobiliario,Puente Alto,Metropolitana,390000,11.14,44.5,2022-12-17 00:00:00.000000,2023-05-22 00:00:00.000000,DEPARTAMENTO,arriendo,owner_direct
PI-2023-05-004312,portalinmobiliario,San Miguel,Metropolitana,440000,12.57,41.6,2023-04-28 00:00:00.000000,2023-05-29 00:00:00.000000,Departamento,Arriendo,owner_direct
PI-2023-05-000833,portalinmobiliario,Independencia,Metropolitana,410000,11.71,27.9,2022-12-16 00:00:00.000000,2023-05-08 00:00:00.000000,Departamento,Arriendo,agency
PI-2023-05-004606,portalinmobiliario,San Miguel,Metropolitana,815000,23.29,86.1,2023-04-19 00:00:00.000000,2023-05-29 00:00:00.000000,Departamento,ARRIENDO,agency
PI-2023-05-001200,portalinmobiliario,Las Condes,Metropolitana,1050000,30.0,71.0,2023-04-17 00:00:00.000000,2023-05-08 00:00:00.000000,departamento,ARRIENDO,agency
PI-2023-05-002435,portalinmobiliario,Vitacura,Metropolitana,1220000,34.86,46.9,2023-05-02 00:00:00.000000,2023-05-15 00:00:00.000000,Departamento,Arriendo,owner_direct
PI-2023-05-003160,portalinmobiliario,Macul,Metropolitana,830000,23.71,104.9,2023-04-23 00:00:00.000000,2023-05-22 00:00:00.000000,DEPARTAMENTO,ARRIENDO,agency
PI-2023-05-002297,portalinmobiliario,Puente Alto,Metropolitana,420000,12.0,40.3,2023-05-09 00:00:00.000000,2023-05-15 00:00:00.000000,Departamento,ARRIENDO,owner_direct
PI-2023-05-003266,portalinmobiliario,Santiago,Metropolitana,485000,13.86,37.8,2023-04-02 00:00:00.000000,2023-05-22 00:00:00.000000,Departamento,Arriendo,agency
PI-2023-05-000476,portalinmobiliario,Las Condes,Metropolitana,765000,21.86,39.7,2023-02-09 00:00:00.000000,2023-05-01 00:00:00.000000,departamento,ARRIENDO,agency
PI-2023-05-004115,portalinmobiliario,La Florida,Metropolitana,480000,13.71,45.3,2023-05-25 00:00:00.000000,2023-05-29 00:00:00.000000,DEPARTAMENTO,Arriendo,agency
PI-2023-05-000636,portalinmobiliario,Macul,Metropolitana,755000,21.57,89.8,2023-04-11 00:00:00.000000,2023-05-01 00:00:00.000000,DEPARTAMENTO,Arriendo,agency
PI-2023-05-001298,portalinmobiliario,Maipú,Metropolitana,415000,11.86,39.4,2023-04-27 00:00:00.000000,2023-05-08 00:00:00.000000,departamento,Arriendo,owner_direct
PI-2023-05-000755,portalinmobiliario,Ñuñoa,Metropolitana,780000,22.29,45.1,2023-03-10 00:00:00.000000,2023-05-01 00:00:00.000000,DEPARTAMENTO,arriendo,agency
PI-2023-05-004604,portalinmobiliario,Peñalolén,Metropolitana,460000,13.14,39.3,2023-05-07 00:00:00.000000,2023-05-29 00:00:00.000000,departamento,arriendo,owner_direct
PI-2023-05-003232,portalinmobiliario,Ñuñoa,Metropolitana,845000,24.14,77.2,2023-04-11 00:00:00.000000,2023-05-22 00:00:00.000000,departamento,ARRIENDO,agency
PI-2023-05-001643,portalinmobiliario,Recoleta,Metropolitana,510000,14.57,63.5,2023-04-30 00:00:00.000000,2023-05-08 00:00:00.000000,Departamento,Arriendo,agency
PI-2023-05-001108,portalinmobiliario,San Miguel,Metropolitana,355000,10.14,24.4,2023-04-21 00:00:00.000000,2023-05-08 00:00:00.000000,DEPARTAMENTO,arriendo,agency
PI-2023-05-001684,portalinmobiliario,Lo Barnechea,Metropolitana,1055000,30.14,74.6,2023-03-31 00:00:00.000000,2023-05-08 00:00:00.000000,Departamento,Arriendo,owner_direct
PI-2023-05-003779,portalinmobiliario,Independencia,Metropolitana,555000,15.86,63.1,2023-04-09 00:00:00.000000,2023-05-22 00:00:00.000000,departamento,Arriendo,owner_direct
PI-2023-05-003896,portalinmobiliario,San Miguel,Metropolitana,490000,14.0,39.7,2023-05-24 00:00:00.000000,2023-05-29 00:00:00.000000,departamento,Arriendo,agency
PI-2023-05-001497,portalinmobiliario,Ñuñoa,Metropolitana,680000,,44.9,2023-04-01 00:00:00.000000,2023-05-08 00:00:00.000000,Departamento,Arriendo,owner_direct
PI-2023-05-004527,portalinmobiliario,Macul,Metropolitana,530000,15.14,50.1,2023-05-10 00:00:00.000000,2023-05-29 00:00:00.000000,DEPARTAMENTO,Arriendo,agency
PI-2023-05-000590,portalinmobiliario,La Florida,Metropolitana,545000,15.57,44.8,2023-03-28 00:00:00.000000,2023-05-01 00:00:00.000000,departamento,arriendo,agency
PI-2023-05-000579,portalinmobiliario,Puente Alto,Metropolitana,360000,10.29,33.0,2023-04-01 00:00:00.000000,2023-05-01 00:00:00.000000,departamento,arriendo,owner_direct
PI-2023-05-001009,portalinmobiliario,Santiago,Metropolitana,465000,13.29,20.5,2023-05-04 00:00:00.000000,2023-05-08 00:00:00.000000,DEPARTAMENTO,ARRIENDO,agency
PI-2023-05-002370,portalinmobiliario,Ñuñoa,Metropolitana,515000,14.71,27.6,2023-05-01 00:00:00.000000,2023-05-15 00:00:00.000000,DEPARTAMENTO,Arriendo,agency
PI-2023-05-001650,portalinmobiliario,Ñuñoa,Metropolitana,605000,17.29,37.8,2023-04-21 00:00:00.000000,2023-05-08 00:00:00.000000,Departamento,Arriendo,agency
PI-2023-05-001235,portalinmobiliario,Santiago,Metropolitana,570000,16.29,39.6,2023-04-26 00:00:00.000000,2023-05-08 00:00:00.000000,DEPARTAMENTO,Arriendo,agency
PI-2023-05-001830,portalinmobiliario,Estación Central,Metropolitana,490000,14.0,45.1,2023-05-02 00:00:00.000000,2023-05-15 00:00:00.000000,Departamento,arriendo,agency
PI-2023-05-001050,portalinmobiliario,Estación Central,Metropolitana,860000,24.57,111.1,2023-05-03 00:00:00.000000,2023-05-08 00:00:00.000000,Departamento,arriendo,owner_direct
PI-2023-05-002964,portalinmobiliario,Providencia,Metropolitana,1445000,41.29,98.5,2023-04-25 00:00:00.000000,2023-05-22 00:00:00.000000,departamento,Arriendo,agency
PI-2023-05-004571,portalinmobiliario,Recoleta,Metropolitana,595000,17.0,43.0,2023-05-24 00:00:00.000000,2023-05-29 00:00:00.000000,Departamento,arriendo,agency
PI-2023-05-001619,portalinmobiliario,Maipú,Metropolitana,560000,16.0,58.8,2023-04-05 00:00:00.000000,2023-05-08 00:00:00.000000,DEPARTAMENTO,ARRIENDO,agency
PI-2023-05-001106,portalinmobiliario,Santiago,Metropolitana,405000,11.57,31.7,2023-03-31 00:00:00.000000,2023-05-08 00:00:00.000000,departamento,arriendo,owner_direct
PI-2023-05-002570,portalinmobiliario,Santiago,Metropolitana,875000,25.0,72.3,2023-02-16 00:00:00.000000,2023-05-15 00:00:00.000000,DEPARTAMENTO,arriendo,agency
PI-2023-05-004650,portalinmobiliario,Santiago,Metropolitana,640000,18.29,63.7,2023-03-31 00:00:00.000000,2023-05-29 00:00:00.000000,Departamento,arriendo,agency
PI-2023-05-001689,portalinmobiliario,Providencia,Metropolitana,725000,20.71,34.4,2023-05-03 00:00:00.000000,2023-05-08 00:00:00.000000,DEPARTAMENTO,Arriendo,owner_direct
PI-2023-05-004368,portalinmobiliario,independencia,Metropolitana,430000,12.29,38.6,2023-04-15 00:00:00.000000,2023-05-29 00:00:00.000000,Departamento,arriendo,owner_direct
PI-2023-05-001303,portalinmobiliario,Las Condes,Metropolitana,930000,26.57,46.3,2023-04-14 00:00:00.000000,2023-05-08 00:00:00.000000,DEPARTAMENTO,ARRIENDO,owner_direct
PI-2023-05-002080,portalinmobiliario,Recoleta,Metropolitana,485000,13.86,49.9,2023-04-08 00:00:00.000000,2023-05-15 00:00:00.000000,Departamento,Arriendo,agency
PI-2023-05-002572,portalinmobiliario,Ñuñoa,Metropolitana,595000,17.0,5.0,2023-03-30 00:00:00.000000,2023-05-15 00:00:00.000000,DEPARTAMENTO,Arriendo,agency
PI-2023-05-003801,portalinmobiliario,La Florida,Metropolitana,680000,19.43,79.7,2023-04-21 00:00:00.000000,2023-05-29 00:00:00.000000,DEPARTAMENTO,ARRIENDO,agency
PI-2023-05-002289,portalinmobiliario,Ñuñoa,Metropolitana,510000,14.57,34.3,2023-04-20 00:00:00.000000,2023-05-15 00:00:00.000000,Departamento,ARRIENDO,owner_direct
PI-2023-05-000222,portalinmobiliario,La Reina,Metropolitana,645000,18.43,39.5,2023-03-09 00:00:00.000000,2023-05-01 00:00:00.000000,Departamento,ARRIENDO,agency
PI-2023-05-004162,portalinmobiliario,Estación Central,Metropolitana,455000,13.0,48.3,2023-05-01 00:00:00.000000,2023-05-29 00:00:00.000000,DEPARTAMENTO,Arriendo,agency
PI-2023-05-001077,portalinmobiliario,San Miguel,Metropolitana,570000,16.29,49.0,2023-05-05 00:00:00.000000,2023-05-08 00:00:00.000000,departamento,ARRIENDO,owner_direct
PI-2023-05-001478,portalinmobiliario,Maipú,Metropolitana,485000,13.86,41.5,2023-04-08 00:00:00.000000,2023-05-08 00:00:00.000000,Departamento,ARRIENDO,owner_direct
PI-2023-05-000966,portalinmobiliario,Providencia,Metropolitana,595000,17.0,26.3,2023-04-01 00:00:00.000000,2023-05-08 00:00:00.000000,Departamento,arriendo,agency
PI-2023-05-000673,portalinmobiliario,Huechuraba,Metropolitana,535000,15.29,25.2,2023-04-23 00:00:00.000000,2023-05-01 00:00:00.000000,DEPARTAMENTO,ARRIENDO,agency
PI-2023-05-004376,portalinmobiliario,Estación Central,Metropolitana,615000,17.57,65.1,2023-04-14 00:00:00.000000,2023-05-29 00:00:00.000000,Departamento,arriendo,owner_direct
PI-2023-05-000843,portalinmobiliario,San Miguel,Metropolitana,455000,13.0,53.0,2023-03-25 00:00:00.000000,2023-05-08 00:00:00.000000,departamento,ARRIENDO,owner_direct
PI-2023-05-003069,portalinmobiliario,Vitacura,Metropolitana,910000,26.0,30.3,2023-04-25 00:00:00.000000,2023-05-22 00:00:00.000000,departamento,arriendo,agency
PI-2023-05-001401,portalinmobiliario,Macul,Metropolitana,380000,10.86,25.7,2022-12-20 00:00:00.000000,2023-05-08 00:00:00.000000,Departamento,Arriendo,agency
PI-2023-05-003889,portalinmobiliario,Las Condes,Metropolitana,800000,22.86,33.8,2023-04-20 00:00:00.000000,2023-05-29 00:00:00.000000,departamento,arriendo,owner_direct
PI-2023-05-003172,portalinmobiliario,Las Condes,Metropolitana,1080000,30.86,52.2,2022-11-21 00:00:00.000000,2023-05-22 00:00:00.000000,departamento,ARRIENDO,agency
PI-2023-05-001479,portalinmobiliario,estación central,Metropolitana,520000,14.86,51.6,2023-04-19 00:00:00.000000,2023-05-08 00:00:00.000000,DEPARTAMENTO,Arriendo,agency
PI-2023-05-001358,portalinmobiliario,Huechuraba,Metropolitana,915000,26.14,75.0,2023-03-30 00:00:00.000000,2023-05-08 00:00:00.000000,departamento,Arriendo,agency
PI-2023-05-002901,portalinmobiliario,Providencia,Metropolitana,610000,17.43,25.5,2023-05-02 00:00:00.000000,2023-05-22 00:00:00.000000,Departamento,ARRIENDO,agency
PI-2023-05-003391,portalinmobiliario,Huechuraba,Metropolitana,775000,22.14,78.1,2023-04-20 00:00:00.000000,2023-05-22 00:00:00.000000,departamento,Arriendo,owner_direct
PI-2023-05-001302,portalinmobiliario,San Miguel,Metropolitana,630000,18.0,48.1,2023-04-04 00:00:00.000000,2023-05-08 00:00:00.000000,Departamento,ARRIENDO,owner_direct
PI-2023-05-001720,portalinmobiliario,Renca,Metropolitana,410000,11.71,40.7,2023-04-07 00:00:00.000000,2023-05-08 00:00:00.000000,departamento,arriendo,owner_direct
PI-2023-05-003237,portalinmobiliario,Ñuñoa,Metropolitana,540000,15.43,28.9,2023-05-14 00:00:00.000000,2023-05-22 00:00:00.000000,DEPARTAMENTO,arriendo,owner_direct
PI-2023-05-001884,portalinmobiliario,Providencia,Metropolitana,950000,27.14,58.8,2023-05-05 00:00:00.000000,2023-05-15 00:00:00.000000,Departamento,arriendo,agency
PI-2023-05-000340,portalinmobiliario,Lo Barnechea,Metropolitana,890000,25.43,33.6,2023-04-20 00:00:00.000000,2023-05-01 00:00:00.000000,Departamento,arriendo,agency
PI-2023-05-002980,portalinmobiliario,Independencia,Metropolitana,420000,12.0,39.0,2023-04-07 00:00:00.000000,2023-05-22 00:00:00.000000,departamento,arriendo,owner_direct
PI-2023-05-001088,portalinmobiliario,San Miguel,Metropolitana,560000,16.0,43.3,2023-04-06 00:00:00.000000,2023-05-08 00:00:00.000000,departamento,arriendo,owner_direct
PI-2023-05-004277,portalinmobiliario,La Florida,Metropolitana,480000,13.71,46.6,2023-05-24 00:00:00.000000,2023-05-29 00:00:00.000000,DEPARTAMENTO,arriendo,agency
PI-2023-05-000171,portalinmobiliario,Cerrillos,Metropolitana,355000,10.14,28.6,2023-04-09 00:00:00.000000,2023-05-01 00:00:00.000000,DEPARTAMENTO,arriendo,owner_direct
PI-2023-05-003152,portalinmobiliario,La Cisterna,Metropolitana,350000,10.0,27.7,2023-04-03 00:00:00.000000,2023-05-22 00:00:00.000000,Departamento,ARRIENDO,agency
PI-2023-05-004816,portalinmobiliario,San Joaquín,Metropolitana,415000,11.86,43.5,2023-03-23 00:00:00.000000,2023-05-29 00:00:00.000000,Departamento,ARRIENDO,owner_direct
PI-2023-05-003875,portalinmobiliario,Recoleta,Metropolitana,865000,24.71,102.3,2023-05-17 00:00:00.000000,2023-05-29 00:00:00.000000,departamento,arriendo,agency
PI-2023-05-003509,portalinmobiliario,San Miguel,Metropolitana,605000,17.29,48.4,2023-05-14 00:00:00.000000,2023-05-22 00:00:00.000000,DEPARTAMENTO,arriendo,agency
PI-2023-05-002506,portalinmobiliario,Independencia,Metropolitana,370000,10.57,35.9,2023-04-06 00:00:00.000000,2023-05-15 00:00:00.000000,departamento,Arriendo,owner_direct
PI-2023-05-004822,portalinmobiliario,La Cisterna,Metropolitana,470000,13.43,39.9,2023-05-13 00:00:00.000000,2023-05-29 00:00:00.000000,Departamento,arriendo,agency
PI-2023-05-000906,portalinmobiliario,Macul,Metropolitana,890000,25.43,97.6,2023-03-28 00:00:00.000000,2023-05-08 00:00:00.000000,Departamento,ARRIENDO,owner_direct
PI-2023-05-004666,portalinmobiliario,San Miguel,Metropolitana,890000,25.43,113.2,2023-05-14 00:00:00.000000,2023-05-29 00:00:00.000000,departamento,Arriendo,agency
PI-2023-05-004053,portalinmobiliario,Providencia,Metropolitana,760000,21.71,31.2,2023-05-18 00:00:00.000000,2023-05-29 00:00:00.000000,DEPARTAMENTO,ARRIENDO,agency
PI-2023-05-000649,portalinmobiliario,LA REINA,Metropolitana,645000,18.43,41.9,2023-04-14 00:00:00.000000,2023-05-01 00:00:00.000000,DEPARTAMENTO,Arriendo,agency
PI-2023-05-003922,portalinmobiliario,Macul,Metropolitana,445000,12.71,34.1,2023-03-08 00:00:00.000000,2023-05-29 00:00:00.000000,Departamento,ARRIENDO,agency
PI-2023-05-004629,portalinmobiliario,Vitacura,Metropolitana,1240000,35.43,62.9,2023-05-21 00:00:00.000000,2023-05-29 00:00:00.000000,Departamento,ARRIENDO,agency
PI-2023-05-000003,portalinmobiliario,San Miguel,Metropolitana,415000,11.86,36.9,2023-04-03 00:00:00.000000,2023-05-01 00:00:00.000000,DEPARTAMENTO,ARRIENDO,agency
PI-2023-05-000754,portalinmobiliario,San Miguel,Metropolitana,435000,12.43,39.5,2023-04-26 00:00:00.000000,2023-05-01 00:00:00.000000,DEPARTAMENTO,ARRIENDO,owner_direct
PI-2023-05-000343,portalinmobiliario,Estación Central,Metropolitana,635000,18.14,71.3,2023-03-18 00:00:00.000000,2023-05-01 00:00:00.000000,departamento,Arriendo,agency
PI-2023-05-003620,portalinmobiliario,La Florida,Metropolitana,575000,16.43,61.6,2023-04-30 00:00:00.000000,2023-05-22 00:00:00.000000,departamento,Arriendo,agency
PI-2023-05-000051,portalinmobiliario,Ñuñoa,Metropolitana,840000,24.0,57.5,2023-03-06 00:00:00.000000,2023-05-01 00:00:00.000000,DEPARTAMENTO,ARRIENDO,agency
PI-2023-05-000215,portalinmobiliario,Estación Central,Metropolitana,380000,10.86,31.3,2023-04-07 00:00:00.000000,2023-05-01 00:00:00.000000,departamento,ARRIENDO,agency
PI-2023-05-004148,portalinmobiliario,Recoleta,Metropolitana,405000,11.57,39.0,2023-04-21 00:00:00.000000,2023-05-29 00:00:00.000000,departamento,ARRIENDO,agency
PI-2023-05-001977,portalinmobiliario,Ñuñoa,Metropolitana,605000,17.29,39.2,2023-05-07 00:00:00.000000,2023-05-15 00:00:00.000000,DEPARTAMENTO,arriendo,agency
PI-2023-05-004756,portalinmobiliario,Estación Central,Metropolitana,365000,10.43,23.6,2023-04-21 00:00:00.000000,2023-05-29 00:00:00.000000,Departamento,arriendo,owner_direct
PI-2023-05-002545,portalinmobiliario,Santiago,Metropolitana,620000,17.71,40.4,2023-04-24 00:00:00.000000,2023-05-15 00:00:00.000000,Departamento,arriendo,agency
PI-2023-05-004205,portalinmobiliario,Macul,Metropolitana,710000,20.29,53.1,2023-04-28 00:00:00.000000,2023-05-29 00:00:00.000000,departamento,arriendo,agency
PI-2023-05-001215,portalinmobiliario,Providencia,Metropolitana,1245000,35.57,96.8,2023-04-29 00:00:00.000000,2023-05-08 00:00:00.000000,departamento,Arriendo,owner_direct
PI-2023-05-002688,portalinmobiliario,Santiago,Metropolitana,415000,11.86,5.0,2023-04-26 00:00:00.000000,2023-05-15 00:00:00.000000,DEPARTAMENTO,ARRIENDO,owner_direct
PI-2023-05-002813,portalinmobiliario,Puente Alto,Metropolitana,400000,11.43,38.4,2023-02-26 00:00:00.000000,2023-05-22 00:00:00.000000,departamento,arriendo,owner_direct
PI-2023-05-004640,portalinmobiliario,San Miguel,Metropolitana,535000,15.29,35.5,2023-05-11 00:00:00.000000,2023-05-29 00:00:00.000000,Departamento,ARRIENDO,owner_direct
PI-2023-05-003211,portalinmobiliario,La Florida,Metropolitana,3985000,113.86,28.6,2023-05-09 00:00:00.000000,2023-05-22 00:00:00.000000,departamento,Arriendo,agency
PI-2023-05-003235,portalinmobiliario,Conchalí,Metropolitana,550000,15.71,74.4,2023-02-21 00:00:00.000000,2023-05-22 00:00:00.000000,Departamento,arriendo,agency
PI-2023-05-003730,portalinmobiliario,Santiago,Metropolitana,645000,18.43,43.1,2023-04-21 00:00:00.000000,2023-05-22 00:00:00.000000,departamento,ARRIENDO,agency
PI-2023-05-000267,portalinmobiliario,La Florida,Metropolitana,445000,12.71,36.7,2023-04-02 00:00:00.000000,2023-05-01 00:00:00.000000,Departamento,ARRIENDO,owner_direct
PI-2023-05-003147,portalinmobiliario,La Reina,Metropolitana,520000,14.86,32.0,2023-04-01 00:00:00.000000,2023-05-22 00:00:00.000000,Departamento,arriendo,agency
PI-2023-05-002662,portalinmobiliario,La Cisterna,Metropolitana,345000,9.86,34.2,2023-04-25 00:00:00.000000,2023-05-15 00:00:00.000000,departamento,arriendo,agency
PI-2023-05-004167,portalinmobiliario,Ñuñoa,Metropolitana,755000,21.57,89.8,2023-05-06 00:00:00.000000,2023-05-29 00:00:00.000000,Departamento,Arriendo,agency
PI-2023-05-000701,portalinmobiliario,Ñuñoa,Metropolitana,750000,21.43,45.4,2023-04-07 00:00:00.000000,2023-05-01 00:00:00.000000,departamento,ARRIENDO,agency
PI-2023-05-003681,portalinmobiliario,Las Condes,Metropolitana,795000,22.71,39.9,2023-04-20 00:00:00.000000,2023-05-22 00:00:00.000000,departamento,ARRIENDO,owner_direct
PI-2023-05-001632,portalinmobiliario,Huechuraba,Metropolitana,625000,17.86,40.1,2023-04-11 00:00:00.000000,2023-05-08 00:00:00.000000,departamento,Arriendo,agency
PI-2023-05-001199,portalinmobiliario,La Cisterna,Metropolitana,315000,9.0,31.6,2023-03-22 00:00:00.000000,2023-05-08 00:00:00.000000,DEPARTAMENTO,ARRIENDO,agency
PI-2023-05-003092,portalinmobiliario,Cerrillos ,Metropolitana,475000,13.57,41.9,2023-05-11 00:00:00.000000,2023-05-22 00:00:00.000000,DEPARTAMENTO,ARRIENDO,owner_direct
PI-2023-05-003568,portalinmobiliario,Providencia,Metropolitana,865000,24.71,44.4,2023-05-13 00:00:00.000000,2023-05-22 00:00:00.000000,DEPARTAMENTO,ARRIENDO,agency
PI-2023-05-004183,portalinmobiliario,Santiago,Metropolitana,720000,20.57,73.4,2023-05-13 00:00:00.000000,2023-05-29 00:00:00.000000,departamento,ARRIENDO,owner_direct
PI-2023-05-001958,portalinmobiliario,Quilicura,Metropolitana,435000,12.43,47.3,2023-02-26 00:00:00.000000,2023-05-15 00:00:00.000000,departamento,ARRIENDO,owner_direct
PI-2023-05-002600,portalinmobiliario,Las Condes,Metropolitana,1330000,38.0,75.7,2023-03-30 00:00:00.000000,2023-05-15 00:00:00.000000,Departamento,arriendo,agency
PI-2023-05-000685,portalinmobiliario,Providencia,Metropolitana,1180000,33.71,75.6,2023-03-23 00:00:00.000000,2023-05-01 00:00:00.000000,Departamento,arriendo,agency
PI-2023-05-004014,portalinmobiliario,Recoleta,Metropolitana,560000,16.0,52.8,2022-12-19 00:00:00.000000,2023-05-29 00:00:00.000000,departamento,ARRIENDO,agency
PI-2023-05-003682,portalinmobiliario,Recoleta,Metropolitana,555000,15.86,53.2,2023-04-23 00:00:00.000000,2023-05-22 00:00:00.000000,departamento,ARRIENDO,owner_direct
PI-2023-05-003276,portalinmobiliario,Santiago,Metropolitana,480000,13.71,44.1,2023-04-29 00:00:00.000000,2023-05-22 00:00:00.000000,departamento,ARRIENDO,owner_direct
PI-2023-05-000942,portalinmobiliario,Vitacura,Metropolitana,1050000,30.0,43.0,2023-04-13 00:00:00.000000,2023-05-08 00:00:00.000000,Departamento,ARRIENDO,agency
PI-2023-05-002614,portalinmobiliario,Santiago,Metropolitana,500000,14.29,42.7,2023-01-11 00:00:00.000000,2023-05-15 00:00:00.000000,DEPARTAMENTO,arriendo,agency
PI-2023-05-004885,portalinmobiliario,Independencia,Metropolitana,530000,15.14,47.8,2023-04-30 00:00:00.000000,2023-05-29 00:00:00.000000,departamento,Arriendo,owner_direct
PI-2023-05-002244,portalinmobiliario,Providencia,Metropolitana,1440000,41.14,88.5,2023-01-03 00:00:00.000000,2023-05-15 00:00:00.000000,DEPARTAMENTO,ARRIENDO,agency
PI-2023-05-003295,portalinmobiliario,San Miguel,Metropolitana,590000,16.86,40.3,2023-01-17 00:00:00.000000,2023-05-22 00:00:00.000000,DEPARTAMENTO,arriendo,owner_direct
PI-2023-05-002673,portalinmobiliario,La Cisterna,Metropolitana,445000,12.71,34.9,2023-04-23 00:00:00.000000,2023-05-15 00:00:00.000000,Departamento,Arriendo,agency
PI-2023-05-004349,portalinmobiliario,Estación Central,Metropolitana,415000,11.86,40.4,2023-04-29 00:00:00.000000,2023-05-29 00:00:00.000000,departamento,Arriendo,owner_direct
PI-2023-05-001683,portalinmobiliario,Las Condes,Metropolitana,1175000,33.57,75.5,2023-04-14 00:00:00.000000,2023-05-08 00:00:00.000000,departamento,Arriendo,agency
PI-2023-05-000422,portalinmobiliario,Las Condes,Metropolitana,795000,22.71,35.6,2023-04-02 00:00:00.000000,2023-05-01 00:00:00.000000,DEPARTAMENTO,arriendo,agency
PI-2023-05-000029,portalinmobiliario,La Florida,Metropolitana,630000,18.0,62.2,2023-03-30 00:00:00.000000,2023-05-01 00:00:00.000000,departamento,Arriendo,owner_direct
PI-2023-05-001160,portalinmobiliario,Las Condes,Metropolitana,835000,23.86,46.0,2023-04-24 00:00:00.000000,2023-05-08 00:00:00.000000,Departamento,Arriendo,owner_direct
PI-2023-05-000495,portalinmobiliario,Recoleta,Metropolitana,465000,13.29,36.6,2023-04-12 00:00:00.000000,2023-05-01 00:00:00.000000,DEPARTAMENTO,ARRIENDO,agency
PI-2023-05-002708,portalinmobiliario,Recoleta,Metropolitana,415000,11.86,30.2,2023-02-20 00:00:00.000000,2023-05-15 00:00:00.000000,departamento,ARRIENDO,agency
PI-2023-05-004804,portalinmobiliario,Puente Alto,Metropolitana,4590000,131.14,50.9,2023-05-13 00:00:00.000000,2023-05-29 00:00:00.000000,Departamento,arriendo,owner_direct
PI-2023-05-000289,portalinmobiliario,Quinta Normal,Metropolitana,545000,15.57,51.3,2023-04-21 00:00:00.000000,2023-05-01 00:00:00.000000,departamento,arriendo,agency
PI-2023-05-001142,portalinmobiliario,San Joaquín,Metropolitana,580000,16.57,56.8,2023-04-29 00:00:00.000000,2023-05-08 00:00:00.000000,departamento,Arriendo,agency
PI-2023-05-002879,portalinmobiliario,Independencia,Metropolitana,475000,13.57,44.7,2023-05-04 00:00:00.000000,2023-05-22 00:00:00.000000,Departamento,arriendo,agency
PI-2023-05-000675,portalinmobiliario,Huechuraba,Metropolitana,615000,17.57,63.5,2022-11-20 00:00:00.000000,2023-05-01 00:00:00.000000,departamento,Arriendo,agency
PI-2023-05-002682,portalinmobiliario,Puente Alto,Metropolitana,460000,13.14,49.4,2022-10-17 00:00:00.000000,2023-05-15 00:00:00.000000,DEPARTAMENTO,Arriendo,owner_direct
PI-2023-05-001760,portalinmobiliario,Santiago,Metropolitana,450000,12.86,26.4,2023-04-27 00:00:00.000000,2023-05-08 00:00:00.000000,departamento,ARRIENDO,agency
PI-2023-05-001146,portalinmobiliario,Santiago,Metropolitana,590000,16.86,46.8,2023-04-21 00:00:00.000000,2023-05-08 00:00:00.000000,departamento,Arriendo,agency
PI-2023-05-003317,portalinmobiliario,La Cisterna,Metropolitana,600000,17.14,71.5,2023-04-17 00:00:00.000000,2023-05-22 00:00:00.000000,Departamento,ARRIENDO,agency
PI-2023-05-000794,portalinmobiliario,La Reina,Metropolitana,865000,24.71,69.9,2023-04-11 00:00:00.000000,2023-05-01 00:00:00.000000,DEPARTAMENTO,Arriendo,owner_direct
PI-2023-05-004070,portalinmobiliario,SANTIAGO,Metropolitana,480000,13.71,31.1,2023-05-03 00:00:00.000000,2023-05-29 00:00:00.000000,Departamento,arriendo,agency
PI-2023-05-003633,portalinmobiliario,Pudahuel,Metropolitana,520000,14.86,52.2,2023-04-25 00:00:00.000000,2023-05-22 00:00:00.000000,Departamento,ARRIENDO,agency
PI-2023-05-000287,portalinmobiliario,Ñuñoa,Metropolitana,415000,11.86,5.0,2023-04-12 00:00:00.000000,2023-05-01 00:00:00.000000,Departamento,Arriendo,agency
PI-2023-05-003555,portalinmobiliario,Vitacura,Metropolitana,1100000,31.43,41.8,2023-05-12 00:00:00.000000,2023-05-22 00:00:00.000000,departamento,arriendo,owner_direct
PI-2023-05-001849,portalinmobiliario,Peñalolén,Metropolitana,5890000,168.29,50.6,2023-04-05 00:00:00.000000,2023-05-15 00:00:00.000000,departamento,ARRIENDO,agency
PI-2023-05-000499,portalinmobiliario,Quinta Normal,Metropolitana,490000,14.0,54.3,2023-04-20 00:00:00.000000,2023-05-01 00:00:00.000000,Departamento,arriendo,agency
PI-2023-05-004565,portalinmobiliario,La Florida,Metropolitana,550000,15.71,48.5,2023-04-23 00:00:00.000000,2023-05-29 00:00:00.000000,Departamento,ARRIENDO,owner_direct
PI-2023-05-001633,portalinmobiliario,Las Condes,Metropolitana,1605000,45.86,105.7,2023-04-20 00:00:00.000000,2023-05-08 00:00:00.000000,Departamento,Arriendo,agency
PI-2023-05-002603,portalinmobiliario,Lo Barnechea,Metropolitana,1040000,29.71,85.4,2023-04-17 00:00:00.000000,2023-05-15 00:00:00.000000,Departamento,Arriendo,agency
PI-2023-05-000458,portalinmobiliario,Independencia,Metropolitana,375000,10.71,24.1,2023-04-28 00:00:00.000000,2023-05-01 00:00:00.000000,departamento,arriendo,agency
PI-2023-05-003935,portalinmobiliario,Estación Central,Metropolitana,370000,10.57,29.2,2023-05-03 00:00:00.000000,2023-05-29 00:00:00.000000,Departamento,ARRIENDO,agency
PI-2023-05-002745,portalinmobiliario,San Miguel,Metropolitana,395000,11.29,28.5,2023-04-26 00:00:00.000000,2023-05-22 00:00:00.000000,DEPARTAMENTO,arriendo,agency
PI-2023-05-003406,portalinmobiliario,Macul,Metropolitana,570000,16.29,43.4,2023-04-22 00:00:00.000000,2023-05-22 00:00:00.000000,Departamento,ARRIENDO,agency
PI-2023-05-002978,portalinmobiliario,Pudahuel,Metropolitana,430000,12.29,32.5,2023-05-06 00:00:00.000000,2023-05-22 00:00:00.000000,departamento,ARRIENDO,agency
PI-2023-05-003895,portalinmobiliario,huechuraba,Metropolitana,655000,18.71,52.1,2023-05-12 00:00:00.000000,2023-05-29 00:00:00.000000,DEPARTAMENTO,ARRIENDO,owner_direct
PI-2023-05-000931,portalinmobiliario,Santiago,Metropolitana,525000,15.0,29.2,2023-04-01 00:00:00.000000,2023-05-08 00:00:00.000000,departamento,Arriendo,agency
PI-2023-05-001425,portalinmobiliario,Providencia,Metropolitana,805000,23.0,39.6,2022-11-18 00:00:00.000000,2023-05-08 00:00:00.000000,DEPARTAMENTO,arriendo,agency
PI-2023-05-001114,portalinmobiliario,Conchalí,Metropolitana,425000,12.14,63.9,2023-04-18 00:00:00.000000,2023-05-08 00:00:00.000000,Departamento,arriendo,agency
PI-2023-05-003807,portalinmobiliario,Huechuraba,Metropolitana,675000,19.29,58.8,2023-04-27 00:00:00.000000,2023-05-29 00:00:00.000000,departamento,arriendo,owner_direct
PI-2023-05-003398,portalinmobiliario,Estación Central,Metropolitana,595000,17.0,56.0,2023-05-12 00:00:00.000000,2023-05-22 00:00:00.000000,departamento,arriendo,owner_direct
PI-2023-05-002388,portalinmobiliario,Las Condes,Metropolitana,785000,22.43,30.2,2023-04-27 00:00:00.000000,2023-05-15 00:00:00.000000,DEPARTAMENTO,Arriendo,owner_direct
PI-2023-05-004065,portalinmobiliario,Santiago,Metropolitana,955000,27.29,99.0,2023-05-09 00:00:00.000000,2023-05-29 00:00:00.000000,DEPARTAMENTO,ARRIENDO,agency
PI-2023-05-001685,portalinmobiliario,La Reina,Metropolitana,7770000,222.0,36.9,2023-01-06 00:00:00.000000,2023-05-08 00:00:00.000000,DEPARTAMENTO,Arriendo,owner_direct
PI-2023-05-003181,portalinmobiliario,Macul,Metropolitana,450000,12.86,36.7,2023-04-15 00:00:00.000000,2023-05-22 00:00:00.000000,DEPARTAMENTO,ARRIENDO,agency
PI-2023-05-003058,portalinmobiliario,Vitacura,Metropolitana,1180000,33.71,59.5,2023-05-01 00:00:00.000000,2023-05-22 00:00:00.000000,departamento,Arriendo,owner_direct
PI-2023-05-004036,portalinmobiliario,Recoleta,Metropolitana,485000,13.86,32.1,2023-05-09 00:00:00.000000,2023-05-29 00:00:00.000000,departamento,ARRIENDO,agency
PI-2023-05-001857,portalinmobiliario,Santiago,Metropolitana,620000,17.71,41.7,2023-02-19 00:00:00.000000,2023-05-15 00:00:00.000000,Departamento,ARRIENDO,agency
PI-2023-05-000989,portalinmobiliario,Estación Central,Metropolitana,425000,12.14,49.4,2023-04-26 00:00:00.000000,2023-05-08 00:00:00.000000,departamento,Arriendo,agency
PI-2023-05-002651,portalinmobiliario, Estación Central,Metropolitana,4485000,128.14,43.1,2023-05-01 00:00:00.000000,2023-05-15 00:00:00.000000,departamento,arriendo,agency
PI-2023-05-004101,portalinmobiliario,La Reina,Metropolitana,1270000,36.29,100.1,2023-05-01 00:00:00.000000,2023-05-29 00:00:00.000000,DEPARTAMENTO,arriendo,agency
PI-2023-05-004304,portalinmobiliario,La Reina,Metropolitana,585000,16.71,8.0,2023-05-22 00:00:00.000000,2023-05-29 00:00:00.000000,departamento,Arriendo,agency
PI-2023-05-000284,portalinmobiliario,Huechuraba,Metropolitana,690000,19.71,48.4,2023-03-02 00:00:00.000000,2023-05-01 00:00:00.000000,departamento,arriendo,agency
PI-2023-05-003750,portalinmobiliario,Las Condes,Metropolitana,935000,26.71,38.1,2023-05-05 00:00:00.000000,2023-05-22 00:00:00.000000,departamento,arriendo,agency
PI-2023-05-004192,portalinmobiliario,Estación Central,Metropolitana,435000,12.43,39.2,2023-05-15 00:00:00.000000,2023-05-29 00:00:00.000000,Departamento,Arriendo,agency
PI-2023-05-001023,portalinmobiliario,Maipú,Metropolitana,515000,14.71,47.5,2023-04-24 00:00:00.000000,2023-05-08 00:00:00.000000,Departamento,arriendo,agency
PI-2023-05-001371,portalinmobiliario,Estación Central,Metropolitana,555000,15.86,60.1,2023-04-27 00:00:00.000000,2023-05-08 00:00:00.000000,Departamento,ARRIENDO,agency
PI-2023-05-004411,portalinmobiliario,Puente Alto,Metropolitana,635000,18.14,70.0,2023-05-10 00:00:00.000000,2023-05-29 00:00:00.000000,departamento,ARRIENDO,owner_direct
PI-2023-05-002907,portalinmobiliario,Santiago,Metropolitana,600000,17.14,44.5,2023-05-16 00:00:00.000000,2023-05-22 00:00:00.000000,departamento,Arriendo,owner_direct
PI-2023-05-004403,portalinmobiliario,Estación Central,Metropolitana,510000,14.57,60.6,2022-12-29 00:00:00.000000,2023-05-29 00:00:00.000000,DEPARTAMENTO,ARRIENDO,owner_direct
PI-2023-05-001842,portalinmobiliario,San Joaquín,Metropolitana,550000,15.71,45.3,2023-03-18 00:00:00.000000,2023-05-15 00:00:00.000000,departamento,arriendo,agency
PI-2023-05-003735,portalinmobiliario,Recoleta,Metropolitana,410000,11.71,32.9,2023-05-10 00:00:00.000000,2023-05-22 00:00:00.000000,departamento,ARRIENDO,owner_direct
PI-2023-05-002799,portalinmobiliario,Quilicura,Metropolitana,390000,11.14,33.1,2023-05-06 00:00:00.000000,2023-05-22 00:00:00.000000,departamento,Arriendo,agency
PI-2023-05-003980,portalinmobiliario,Las Condes,Metropolitana,1235000,35.29,67.8,2023-05-25 00:00:00.000000,2023-05-29 00:00:00.000000,DEPARTAMENTO,ARRIENDO,agency
PI-2023-05-002348,portalinmobiliario,Santiago,Metropolitana,855000,24.43,114.2,2023-04-22 00:00:00.000000,2023-05-15 00:00:00.000000,DEPARTAMENTO,ARRIENDO,agency
PI-2023-05-004423,portalinmobiliario,Puente Alto,Metropolitana,4100000,117.14,37.3,2023-05-23 00:00:00.000000,2023-05-29 00:00:00.000000,departamento,ARRIENDO,owner_direct
PI-2023-05-000229,portalinmobiliario,Santiago,Metropolitana,500000,14.29,46.0,2023-04-20 00:00:00.000000,2023-05-01 00:00:00.000000,DEPARTAMENTO,ARRIENDO,agency
PI-2023-05-002987,portalinmobiliario,La Florida,Metropolitana,580000,16.57,60.2,2023-04-25 00:00:00.000000,2023-05-22 00:00:00.000000,DEPARTAMENTO,arriendo,agency
PI-2023-05-003960,portalinmobiliario,Recoleta,Metropolitana,485000,13.86,63.6,2023-02-06 00:00:00.000000,2023-05-29 00:00:00.000000,Departamento,arriendo,agency
PI-2023-05-000922,portalinmobiliario,Quinta Normal,Metropolitana,550000,15.71,45.9,2023-04-08 00:00:00.000000,2023-05-08 00:00:00.000000,Departamento,Arriendo,agency
PI-2023-05-001897,portalinmobiliario,La Reina,Metropolitana,1335000,38.14,126.5,2023-04-23 00:00:00.000000,2023-05-15 00:00:00.000000,Departamento,Arriendo,owner_direct
PI-2023-05-001965,portalinmobiliario,SANTIAGO,Metropolitana,570000,16.29,32.7,2023-02-20 00:00:00.000000,2023-05-15 00:00:00.000000,departamento,ARRIENDO,owner_direct
PI-2023-05-001322,portalinmobiliario,renca,Metropolitana,375000,10.71,39.7,2023-04-20 00:00:00.000000,2023-05-08 00:00:00.000000,DEPARTAMENTO,Arriendo,agency
PI-2023-05-002795,portalinmobiliario,Estación Central,Metropolitana,570000,16.29,64.3,2023-04-23 00:00:00.000000,2023-05-22 00:00:00.000000,departamento,Arriendo,agency
PI-2023-05-004381,portalinmobiliario,Santiago,Metropolitana,480000,13.71,42.5,2023-04-25 00:00:00.000000,2023-05-29 00:00:00.000000,DEPARTAMENTO,ARRIENDO,agency
PI-2023-05-004635,portalinmobiliario,Huechuraba,Metropolitana,845000,24.14,60.6,2023-05-07 00:00:00.000000,2023-05-29 00:00:00.000000,Departamento,arriendo,owner_direct
PI-2023-05-003074,portalinmobiliario,Las Condes,Metropolitana,735000,21.0,28.9,2023-05-07 00:00:00.000000,2023-05-22 00:00:00.000000,DEPARTAMENTO,ARRIENDO,agency
PI-2023-05-003105,portalinmobiliario,Santiago,Metropolitana,560000,16.0,42.0,2023-04-30 00:00:00.000000,2023-05-22 00:00:00.000000,DEPARTAMENTO,arriendo,owner_direct
PI-2023-05-000126,portalinmobiliario,La Florida,Metropolitana,445000,12.71,35.0,2023-04-12 00:00:00.000000,2023-05-01 00:00:00.000000,Departamento,ARRIENDO,agency
PI-2023-05-001641,portalinmobiliario,San Miguel,Metropolitana,455000,13.0,45.9,2023-04-10 00:00:00.000000,2023-05-08 00:00:00.000000,DEPARTAMENTO,Arriendo,agency
PI-2023-05-000621,portalinmobiliario,Santiago,Metropolitana,440000,12.57,35.9,2023-03-19 00:00:00.000000,2023-05-01 00:00:00.000000,departamento,Arriendo,agency
PI-2023-05-001751,portalinmobiliario,Huechuraba,Metropolitana,585000,16.71,63.6,2022-12-02 00:00:00.000000,2023-05-08 00:00:00.000000,Departamento,ARRIENDO,owner_direct
PI-2023-05-000563,portalinmobiliario,Ñuñoa,Metropolitana,840000,24.0,56.1,2023-04-28 00:00:00.000000,2023-05-01 00:00:00.000000,Departamento,ARRIENDO,agency
PI-2023-05-000477,portalinmobiliario,Providencia,Metropolitana,1100000,31.43,70.7,2023-04-29 00:00:00.000000,2023-05-01 00:00:00.000000,DEPARTAMENTO,Arriendo,agency
PI-2023-05-004626,portalinmobiliario,Ñuñoa,Metropolitana,565000,,36.7,2023-03-27 00:00:00.000000,2023-05-29 00:00:00.000000,Departamento,arriendo,agency
PI-2023-05-000041,portalinmobiliario,Independencia,Metropolitana,560000,,44.2,2023-03-09 00:00:00.000000,2023-05-01 00:00:00.000000,DEPARTAMENTO,ARRIENDO,agency
PI-2023-05-003340,portalinmobiliario,Ñuñoa,Metropolitana,810000,23.14,50.9,2023-05-13 00:00:00.000000,2023-05-22 00:00:00.000000,departamento,Arriendo,agency
PI-2023-05-000991,portalinmobiliario,Independencia,Metropolitana,620000,17.71,62.7,2023-03-24 00:00:00.000000,2023-05-08 00:00:00.000000,DEPARTAMENTO,Arriendo,owner_direct
PI-2023-05-002263,portalinmobiliario,Vitacura,Metropolitana,795000,22.71,28.6,2023-03-21 00:00:00.000000,2023-05-15 00:00:00.000000,Departamento,Arriendo,agency
PI-2023-05-003162,portalinmobiliario,Las Condes,Metropolitana,965000,27.57,37.7,2023-01-16 00:00:00.000000,2023-05-22 00:00:00.000000,departamento,Arriendo,agency
PI-2023-05-000300,portalinmobiliario,Las Condes ,Metropolitana,665000,19.0,32.1,2023-04-08 00:00:00.000000,2023-05-01 00:00:00.000000,Departamento,arriendo,agency
PI-2023-05-002259,portalinmobiliario,San Joaquín,Metropolitana,625000,17.86,79.4,2023-04-03 00:00:00.000000,2023-05-15 00:00:00.000000,Departamento,ARRIENDO,agency
PI-2023-05-001407,portalinmobiliario,Maipú,Metropolitana,760000,21.71,109.9,2023-04-12 00:00:00.000000,2023-05-08 00:00:00.000000,departamento,arriendo,agency
PI-2023-05-001756,portalinmobiliario,Santiago,Metropolitana,575000,16.43,48.8,2023-03-30 00:00:00.000000,2023-05-08 00:00:00.000000,DEPARTAMENTO,arriendo,agency
PI-2023-05-003763,portalinmobiliario,Quinta Normal,Metropolitana,390000,11.14,32.1,2023-04-11 00:00:00.000000,2023-05-22 00:00:00.000000,Departamento,arriendo,agency
PI-2023-05-003579,portalinmobiliario,Peñalolén,Metropolitana,480000,13.71,36.1,2023-05-14 00:00:00.000000,2023-05-22 00:00:00.000000,departamento,ARRIENDO,agency
PI-2023-05-000900,portalinmobiliario,Pudahuel,Metropolitana,645000,18.43,74.4,2023-04-14 00:00:00.000000,2023-05-08 00:00:00.000000,departamento,arriendo,agency
PI-2023-05-002269,portalinmobiliario,San Miguel,Metropolitana,485000,13.86,35.4,2023-04-22 00:00:00.000000,2023-05-15 00:00:00.000000,departamento,Arriendo,owner_direct
PI-2023-05-004275,portalinmobiliario,San Joaquín,Metropolitana,425000,12.14,36.4,2023-05-28 00:00:00.000000,2023-05-29 00:00:00.000000,departamento,arriendo,agency
PI-2023-05-003380,portalinmobiliario,San Joaquín,Metropolitana,490000,14.0,46.0,2023-05-20 00:00:00.000000,2023-05-22 00:00:00.000000,DEPARTAMENTO,arriendo,owner_direct
PI-2023-05-001848,portalinmobiliario,Pudahuel,Metropolitana,635000,18.14,79.5,2023-04-16 00:00:00.000000,2023-05-15 00:00:00.000000,Departamento,arriendo,agency
PI-2023-05-002392,portalinmobiliario,Providencia,Metropolitana,1320000,37.71,67.4,2023-04-30 00:00:00.000000,2023-05-15 00:00:00.000000,Departamento,Arriendo,agency
PI-2023-05-003848,portalinmobiliario,Conchalí,Metropolitana,570000,16.29,62.8,2023-04-02 00:00:00.000000,2023-05-29 00:00:00.000000,Departamento,arriendo,agency
PI-2023-05-001254,portalinmobiliario,Santiago,Metropolitana,1290000,36.86,118.1,2023-04-15 00:00:00.000000,2023-05-08 00:00:00.000000,Departamento,Arriendo,agency
PI-2023-05-004168,portalinmobiliario,Independencia,Metropolitana,490000,14.0,51.0,2023-05-02 00:00:00.000000,2023-05-29 00:00:00.000000,Departamento,arriendo,agency
PI-2023-05-003229,portalinmobiliario,Independencia,Metropolitana,670000,19.14,65.6,2023-05-05 00:00:00.000000,2023-05-22 00:00:00.000000,Departamento,Arriendo,agency
PI-2023-05-004408,portalinmobiliario,Las Condes,Metropolitana,990000,28.29,50.0,2023-03-11 00:00:00.000000,2023-05-29 00:00:00.000000,DEPARTAMENTO,arriendo,owner_direct
PI-2023-05-003975,portalinmobiliario,Lo Barnechea,Metropolitana,1895000,54.14,116.6,2023-05-13 00:00:00.000000,2023-05-29 00:00:00.000000,departamento,Arriendo,agency
PI-2023-05-001999,portalinmobiliario,Ñuñoa,Metropolitana,720000,20.57,49.0,2023-05-02 00:00:00.000000,2023-05-15 00:00:00.000000,DEPARTAMENTO,arriendo,agency
PI-2023-05-003744,portalinmobiliario,Ñuñoa,Metropolitana,645000,18.43,63.2,2023-05-05 00:00:00.000000,2023-05-22 00:00:00.000000,DEPARTAMENTO,arriendo,owner_direct
PI-2023-05-001737,portalinmobiliario,Cerrillos,Metropolitana,475000,13.57,54.9,2023-04-20 00:00:00.000000,2023-05-08 00:00:00.000000,DEPARTAMENTO,Arriendo,agency
PI-2023-05-004374,portalinmobiliario,Providencia,Metropolitana,795000,22.71,44.6,2023-05-06 00:00:00.000000,2023-05-29 00:00:00.000000,departamento,arriendo,owner_direct
PI-2023-05-004778,portalinmobiliario,La Florida,Metropolitana,840000,24.0,123.3,2023-05-19 00:00:00.000000,2023-05-29 00:00:00.000000,departamento,Arriendo,owner_direct
PI-2023-05-001201,portalinmobiliario,Lo Barnechea,Metropolitana,1025000,29.29,77.9,2023-02-18 00:00:00.000000,2023-05-08 00:00:00.000000,departamento,Arriendo,agency
PI-2023-05-004593,portalinmobiliario,Peñalolén,Metropolitana,390000,11.14,37.6,2023-04-22 00:00:00.000000,2023-05-29 00:00:00.000000,Departamento,ARRIENDO,agency
PI-2023-05-002280,portalinmobiliario,Providencia,Metropolitana,1725000,49.29,116.9,2023-05-08 00:00:00.000000,2023-05-15 00:00:00.000000,DEPARTAMENTO,ARRIENDO,agency
PI-2023-05-001915,portalinmobiliario,Independencia,Metropolitana,540000,15.43,61.3,2023-04-27 00:00:00.000000,2023-05-15 00:00:00.000000,Departamento,Arriendo,owner_direct
PI-2023-05-001131,portalinmobiliario,Providencia,Metropolitana,850000,24.29,42.1,2023-04-18 00:00:00.000000,2023-05-08 00:00:00.000000,DEPARTAMENTO,arriendo,owner_direct
PI-2023-05-004537,portalinmobiliario,Las Condes,Metropolitana,1105000,31.57,60.9,2023-05-11 00:00:00.000000,2023-05-29 00:00:00.000000,DEPARTAMENTO,ARRIENDO,agency
PI-2023-05-004580,portalinmobiliario,Las Condes,Metropolitana,715000,20.43,29.3,2023-03-23 00:00:00.000000,2023-05-29 00:00:00.000000,DEPARTAMENTO,arriendo,agency
PI-2023-05-004740,portalinmobiliario,La Florida,Metropolitana,590000,16.86,59.8,2023-05-13 00:00:00.000000,2023-05-29 00:00:00.000000,Departamento,arriendo,agency
PI-2023-05-002095,portalinmobiliario,Las Condes,Metropolitana,1675000,47.86,112.2,2023-04-24 00:00:00.000000,2023-05-15 00:00:00.000000,departamento,arriendo,agency
PI-2023-05-003716,portalinmobiliario,San Miguel,Metropolitana,460000,13.14,38.6,2023-05-09 00:00:00.000000,2023-05-22 00:00:00.000000,Departamento,arriendo,owner_direct
PI-2023-05-002633,portalinmobiliario,Estación Central,Metropolitana,570000,16.29,66.2,2023-05-11 00:00:00.000000,2023-05-15 00:00:00.000000,DEPARTAMENTO,arriendo,agency
PI-2023-05-000812,portalinmobiliario,Huechuraba,Metropolitana,490000,14.0,41.5,2023-04-15 00:00:00.000000,2023-05-01 00:00:00.000000,DEPARTAMENTO,ARRIENDO,owner_direct
PI-2023-05-004271,portalinmobiliario,Las Condes,Metropolitana,760000,21.71,32.8,2023-03-31 00:00:00.000000,2023-05-29 00:00:00.000000,DEPARTAMENTO,arriendo,agency
PI-2023-05-000556,portalinmobiliario,Las Condes,Metropolitana,960000,27.43,46.7,2023-04-08 00:00:00.000000,2023-05-01 00:00:00.000000,Departamento,arriendo,owner_direct
PI-2023-05-003861,portalinmobiliario,Ñuñoa,Metropolitana,1240000,35.43,133.3,2023-03-24 00:00:00.000000,2023-05-29 00:00:00.000000,DEPARTAMENTO,Arriendo,agency
PI-2023-05-000744,portalinmobiliario,Puente Alto,Metropolitana,480000,13.71,56.3,2023-04-27 00:00:00.000000,2023-05-01 00:00:00.000000,DEPARTAMENTO,arriendo,agency
PI-2023-05-001437,portalinmobiliario,Puente Alto,Metropolitana,765000,21.86,125.0,2022-10-05 00:00:00.000000,2023-05-08 00:00:00.000000,Departamento,ARRIENDO,owner_direct
PI-2023-05-000958,portalinmobiliario,Cerrillos,Metropolitana,445000,12.71,44.9,2023-04-22 00:00:00.000000,2023-05-08 00:00:00.000000,Departamento,arriendo,owner_direct
PI-2023-05-003754,portalinmobiliario,Estación Central,Metropolitana,520000,14.86,51.5,2023-03-21 00:00:00.000000,2023-05-22 00:00:00.000000,Departamento,arriendo,agency
PI-2023-05-004144,portalinmobiliario,Pudahuel,Metropolitana,525000,15.0,67.7,2023-05-02 00:00:00.000000,2023-05-29 00:00:00.000000,DEPARTAMENTO,Arriendo,agency
PI-2023-05-002494,portalinmobiliario,Providencia,Metropolitana,1235000,35.29,103.0,2022-10-29 00:00:00.000000,2023-05-15 00:00:00.000000,departamento,Arriendo,agency
PI-2023-05-001844,portalinmobiliario,Macul,Metropolitana,465000,13.29,40.3,2023-04-16 00:00:00.000000,2023-05-15 00:00:00.000000,Departamento,Arriendo,agency
PI-2023-05-003773,portalinmobiliario,Santiago,Metropolitana,850000,24.29,73.3,2023-04-18 00:00:00.000000,2023-05-22 00:00:00.000000,DEPARTAMENTO,ARRIENDO,agency
PI-2023-05-001129,portalinmobiliario,Santiago,Metropolitana,580000,16.57,37.9,2023-02-07 00:00:00.000000,2023-05-08 00:00:00.000000,DEPARTAMENTO,Arriendo,agency
PI-2023-05-003732,portalinmobiliario,Santiago,Metropolitana,535000,15.29,50.6,2023-05-17 00:00:00.000000,2023-05-22 00:00:00.000000,departamento,Arriendo,agency
PI-2023-05-001688,portalinmobiliario,Recoleta,Metropolitana,450000,12.86,34.1,2023-03-18 00:00:00.000000,2023-05-08 00:00:00.000000,DEPARTAMENTO,ARRIENDO,agency
PI-2023-05-003238,portalinmobiliario,Santiago,Metropolitana,530000,15.14,47.6,2023-05-14 00:00:00.000000,2023-05-22 00:00:00.000000,DEPARTAMENTO,Arriendo,agency
PI-2023-05-001381,portalinmobiliario,Quinta Normal,Metropolitana,630000,18.0,84.9,2023-04-28 00:00:00.000000,2023-05-08 00:00:00.000000,DEPARTAMENTO,Arriendo,owner_direct
PI-2023-05-004116,portalinmobiliario,Vitacura,Metropolitana,1050000,30.0,40.8,2023-04-17 00:00:00.000000,2023-05-29 00:00:00.000000,DEPARTAMENTO,ARRIENDO,agency
PI-2023-05-001558,portalinmobiliario,Ñuñoa,Metropolitana,555000,15.86,31.4,2023-04-11 00:00:00.000000,2023-05-08 00:00:00.000000,DEPARTAMENTO,Arriendo,owner_direct
PI-2023-05-004873,portalinmobiliario,La Florida,Metropolitana,675000,19.29,73.8,2023-05-08 00:00:00.000000,2023-05-29 00:00:00.000000,DEPARTAMENTO,ARRIENDO,owner_direct
PI-2023-05-003598,portalinmobiliario,Vitacura,Metropolitana,1175000,33.57,43.4,2023-05-17 00:00:00.000000,2023-05-22 00:00:00.000000,Departamento,arriendo,agency
PI-2023-05-002057,portalinmobiliario,La Florida,Metropolitana,540000,15.43,45.8,2023-02-14 00:00:00.000000,2023-05-15 00:00:00.000000,departamento,ARRIENDO,owner_direct
PI-2023-05-004568,portalinmobiliario,La Florida,Metropolitana,960000,27.43,126.5,2023-03-19 00:00:00.000000,2023-05-29 00:00:00.000000,Departamento,Arriendo,owner_direct
PI-2023-05-002191,portalinmobiliario,Ñuñoa,Metropolitana,845000,24.14,48.6,2023-05-12 00:00:00.000000,2023-05-15 00:00:00.000000,departamento,Arriendo,agency
PI-2023-05-001434,portalinmobiliario,Santiago,Metropolitana,520000,14.86,32.7,2023-04-23 00:00:00.000000,2023-05-08 00:00:00.000000,Departamento,Arriendo,agency
PI-2023-05-000879,portalinmobiliario,Maipú,Metropolitana,530000,15.14,66.9,2023-04-22 00:00:00.000000,2023-05-08 00:00:00.000000,departamento,Arriendo,agency
PI-2023-05-000757,portalinmobiliario,Ñuñoa,Metropolitana,495000,14.14,12.0,2023-04-08 00:00:00.000000,2023-05-01 00:00:00.000000,DEPARTAMENTO,arriendo,owner_direct
PI-2023-05-000118,portalinmobiliario,Huechuraba,Metropolitana,570000,16.29,41.9,2023-02-01 00:00:00.000000,2023-05-01 00:00:00.000000,DEPARTAMENTO,arriendo,agency
PI-2023-05-003082,portalinmobiliario,La Reina,Metropolitana,920000,26.29,69.5,2023-04-18 00:00:00.000000,2023-05-22 00:00:00.000000,Departamento,ARRIENDO,agency
PI-2023-05-003686,portalinmobiliario,San Joaquín,Metropolitana,700000,20.0,71.1,2023-03-10 00:00:00.000000,2023-05-22 00:00:00.000000,departamento,ARRIENDO,owner_direct
PI-2023-05-002090,portalinmobiliario,San Miguel,Metropolitana,545000,15.57,44.2,2023-04-20 00:00:00.000000,2023-05-15 00:00:00.000000,departamento,ARRIENDO,agency
PI-2023-05-002875,portalinmobiliario,Las Condes,Metropolitana,1335000,38.14,88.1,2023-05-08 00:00:00.000000,2023-05-22 00:00:00.000000,departamento,arriendo,owner_direct
PI-2023-05-004847,portalinmobiliario,Peñalolén,Metropolitana,550000,15.71,41.6,2023-05-23 00:00:00.000000,2023-05-29 00:00:00.000000,Departamento,arriendo,agency
PI-2023-05-001956,portalinmobiliario,San Miguel,Metropolitana,365000,10.43,27.7,2023-04-15 00:00:00.000000,2023-05-15 00:00:00.000000,Departamento,arriendo,owner_direct
PI-2023-05-003956,portalinmobiliario,Ñuñoa,Metropolitana,885000,25.29,59.6,2023-04-27 00:00:00.000000,2023-05-29 00:00:00.000000,Departamento,arriendo,agency
PI-2023-05-001415,portalinmobiliario,Recoleta,Metropolitana,520000,14.86,63.7,2023-03-15 00:00:00.000000,2023-05-08 00:00:00.000000,Departamento,arriendo,agency
PI-2023-05-003843,portalinmobiliario,Las Condes,Metropolitana,895000,25.57,41.8,2023-05-22 00:00:00.000000,2023-05-29 00:00:00.000000,departamento,Arriendo,agency
PI-2023-05-003073,portalinmobiliario,Las Condes,Metropolitana,970000,27.71,48.9,2023-05-18 00:00:00.000000,2023-05-22 00:00:00.000000,Departamento,arriendo,agency
PI-2023-05-001741,portalinmobiliario,Las Condes,Metropolitana,1320000,37.71,56.1,2023-04-21 00:00:00.000000,2023-05-08 00:00:00.000000,Departamento,arriendo,agency
PI-2023-05-003420,portalinmobiliario,la florida,Metropolitana,590000,16.86,43.6,2023-04-25 00:00:00.000000,2023-05-22 00:00:00.000000,Departamento,ARRIENDO,agency
PI-2023-05-000086,portalinmobiliario,La Florida,Metropolitana,570000,16.29,60.5,2023-04-19 00:00:00.000000,2023-05-01 00:00:00.000000,DEPARTAMENTO,Arriendo,owner_direct
PI-2023-05-002514,portalinmobiliario,Santiago,Metropolitana,405000,11.57,24.0,2023-04-18 00:00:00.000000,2023-05-15 00:00:00.000000,departamento,ARRIENDO,owner_direct
PI-2023-05-002405,portalinmobiliario,Providencia,Metropolitana,735000,21.0,39.0,2023-04-21 00:00:00.000000,2023-05-15 00:00:00.000000,DEPARTAMENTO,ARRIENDO,owner_direct
PI-2023-05-003189,portalinmobiliario,Santiago,Metropolitana,615000,17.57,56.2,2023-05-11 00:00:00.000000,2023-05-22 00:00:00.000000,Departamento,ARRIENDO,agency
PI-2023-05-003338,portalinmobiliario,Estación Central,Metropolitana,480000,13.71,49.9,2023-04-08 00:00:00.000000,2023-05-22 00:00:00.000000,Departamento,Arriendo,agency
PI-2023-05-003261,portalinmobiliario,Santiago,Metropolitana,535000,15.29,40.3,2023-01-31 00:00:00.000000,2023-05-22 00:00:00.000000,Departamento,ARRIENDO,owner_direct
PI-2023-05-003834,portalinmobiliario,Vitacura,Metropolitana,2460000,70.29,132.9,2023-05-17 00:00:00.000000,2023-05-29 00:00:00.000000,Departamento,arriendo,owner_direct
PI-2023-05-002334,portalinmobiliario,Ñuñoa,Metropolitana,685000,19.57,39.6,2023-04-21 00:00:00.000000,2023-05-15 00:00:00.000000,Departamento,Arriendo,owner_direct
PI-2023-05-000417,portalinmobiliario,Las Condes,Metropolitana,1085000,31.0,62.4,2023-02-06 00:00:00.000000,2023-05-01 00:00:00.000000,Departamento,ARRIENDO,agency
PI-2023-05-002564,portalinmobiliario,La Florida,Metropolitana,555000,15.86,43.9,2023-03-06 00:00:00.000000,2023-05-15 00:00:00.000000,DEPARTAMENTO,arriendo,owner_direct
PI-2023-05-003645,portalinmobiliario,Maipú ,Metropolitana,1185000,33.86,167.2,2023-04-16 00:00:00.000000,2023-05-22 00:00:00.000000,Departamento,ARRIENDO,agency
PI-2023-05-003994,portalinmobiliario,Santiago,Metropolitana,420000,12.0,21.6,2023-03-30 00:00:00.000000,2023-05-29 00:00:00.000000,Departamento,ARRIENDO,agency
PI-2023-05-001576,portalinmobiliario,Santiago,Metropolitana,710000,20.29,58.5,2023-04-15 00:00:00.000000,2023-05-08 00:00:00.000000,DEPARTAMENTO,Arriendo,owner_direct
PI-2023-05-004567,portalinmobiliario,San Joaquín,Metropolitana,540000,15.43,50.7,2023-05-01 00:00:00.000000,2023-05-29 00:00:00.000000,Departamento,ARRIENDO,agency
PI-2023-05-004803,portalinmobiliario,San Miguel,Metropolitana,610000,17.43,57.4,2023-02-27 00:00:00.000000,2023-05-29 00:00:00.000000,departamento,arriendo,agency
PI-2023-05-003091,portalinmobiliario,San Joaquín,Metropolitana,1265000,36.14,56.8,2023-04-06 00:00:00.000000,2023-05-22 00:00:00.000000,Departamento,ARRIENDO,agency
PI-2023-05-003139,portalinmobiliario,Santiago,Metropolitana,755000,21.57,81.5,2023-05-05 00:00:00.000000,2023-05-22 00:00:00.000000,Departamento,ARRIENDO,agency
PI-2023-05-002353,portalinmobiliario,Cerrillos,Metropolitana,820000,23.43,86.5,2023-04-07 00:00:00.000000,2023-05-15 00:00:00.000000,departamento,ARRIENDO,owner_direct
PI-2023-05-000255,portalinmobiliario,Santiago,Metropolitana,650000,18.57,44.4,2023-04-03 00:00:00.000000,2023-05-01 00:00:00.000000,DEPARTAMENTO,ARRIENDO,owner_direct
PI-2023-05-002081,portalinmobiliario,Providencia,Metropolitana,880000,25.14,44.0,2022-12-27 00:00:00.000000,2023-05-15 00:00:00.000000,Departamento,Arriendo,owner_direct
PI-2023-05-000163,portalinmobiliario,Quilicura,Metropolitana,510000,14.57,60.9,2023-04-24 00:00:00.000000,2023-05-01 00:00:00.000000,DEPARTAMENTO,ARRIENDO,agency
PI-2023-05-002264,portalinmobiliario,Huechuraba,Metropolitana,1245000,35.57,109.5,2023-03-12 00:00:00.000000,2023-05-15 00:00:00.000000,departamento,arriendo,agency
PI-2023-05-001963,portalinmobiliario,Santiago,Metropolitana,470000,13.43,37.1,2023-04-23 00:00:00.000000,2023-05-15 00:00:00.000000,DEPARTAMENTO,ARRIENDO,agency
PI-2023-05-003062,portalinmobiliario,Ñuñoa,Metropolitana,880000,25.14,54.8,2023-05-09 00:00:00.000000,2023-05-22 00:00:00.000000,DEPARTAMENTO,Arriendo,owner_direct
PI-2023-05-000880,portalinmobiliario,Santiago,Metropolitana,610000,17.43,47.0,2023-04-27 00:00:00.000000,2023-05-08 00:00:00.000000,DEPARTAMENTO,ARRIENDO,agency
PI-2023-05-000822,portalinmobiliario,Las Condes,Metropolitana,1140000,32.57,58.0,2023-04-04 00:00:00.000000,2023-05-08 00:00:00.000000,DEPARTAMENTO,arriendo,agency
PI-2023-05-000480,portalinmobiliario,Providencia,Metropolitana,1125000,32.14,60.1,2023-04-15 00:00:00.000000,2023-05-01 00:00:00.000000,Departamento,ARRIENDO,owner_direct
PI-2023-05-002824,portalinmobiliario,La Cisterna,Metropolitana,320000,9.14,30.1,2023-05-06 00:00:00.000000,2023-05-22 00:00:00.000000,departamento,Arriendo,owner_direct
PI-2023-05-002113,portalinmobiliario,Huechuraba,Metropolitana,575000,16.43,29.1,2023-05-06 00:00:00.000000,2023-05-15 00:00:00.000000,Departamento,arriendo,agency
PI-2023-05-004866,portalinmobiliario,Recoleta,Metropolitana,435000,12.43,44.8,2023-04-17 00:00:00.000000,2023-05-29 00:00:00.000000,Departamento,Arriendo,agency
PI-2023-05-003251,portalinmobiliario,Recoleta,Metropolitana,495000,14.14,40.0,2023-05-04 00:00:00.000000,2023-05-22 00:00:00.000000,departamento,arriendo,agency
PI-2023-05-001115,portalinmobiliario,Santiago,Metropolitana,575000,16.43,43.1,2023-04-18 00:00:00.000000,2023-05-08 00:00:00.000000,DEPARTAMENTO,ARRIENDO,agency
PI-2023-05-001527,portalinmobiliario,Ñuñoa,Metropolitana,645000,18.43,49.7,2023-04-15 00:00:00.000000,2023-05-08 00:00:00.000000,Departamento,arriendo,agency
PI-2023-05-004532,portalinmobiliario,La Cisterna,Metropolitana,520000,14.86,40.7,2023-05-07 00:00:00.000000,2023-05-29 00:00:00.000000,Departamento,Arriendo,agency
PI-2023-05-002382,portalinmobiliario,La Florida,Metropolitana,525000,15.0,43.9,2023-04-10 00:00:00.000000,2023-05-15 00:00:00.000000,departamento,Arriendo,agency
PI-2023-05-000347,portalinmobiliario,Santiago,Metropolitana,625000,17.86,55.9,2023-03-08 00:00:00.000000,2023-05-01 00:00:00.000000,departamento,ARRIENDO,agency
PI-2023-05-002181,portalinmobiliario,Estación Central,Metropolitana,540000,15.43,56.4,2023-04-09 00:00:00.000000,2023-05-15 00:00:00.000000,departamento,ARRIENDO,owner_direct
PI-2023-05-003528,portalinmobiliario,Independencia,Metropolitana,485000,13.86,58.9,2023-03-07 00:00:00.000000,2023-05-22 00:00:00.000000,departamento,ARRIENDO,agency
PI-2023-05-001858,portalinmobiliario,Ñuñoa,Metropolitana,695000,19.86,37.1,2023-04-26 00:00:00.000000,2023-05-15 00:00:00.000000,DEPARTAMENTO,Arriendo,agency
PI-2023-05-000527,portalinmobiliario,Huechuraba,Metropolitana,445000,12.71,36.2,2023-04-24 00:00:00.000000,2023-05-01 00:00:00.000000,Departamento,ARRIENDO,agency
PI-2023-05-000337,portalinmobiliario,La Reina,Metropolitana,860000,24.57,49.9,2023-03-01 00:00:00.000000,2023-05-01 00:00:00.000000,departamento,arriendo,agency
PI-2023-05-000262,portalinmobiliario,Recoleta,Metropolitana,1320000,37.71,10.0,2023-02-09 00:00:00.000000,2023-05-01 00:00:00.000000,DEPARTAMENTO,Arriendo,agency
PI-2023-05-004076,portalinmobiliario,San Miguel,Metropolitana,470000,13.43,39.9,2023-05-16 00:00:00.000000,2023-05-29 00:00:00.000000,DEPARTAMENTO,arriendo,agency
PI-2023-05-001139,portalinmobiliario,Las Condes,Metropolitana,1585000,45.29,103.9,2023-05-06 00:00:00.000000,2023-05-08 00:00:00.000000,departamento,Arriendo,agency
PI-2023-05-004356,portalinmobiliario,San Miguel,Metropolitana,420000,12.0,38.2,2023-05-20 00:00:00.000000,2023-05-29 00:00:00.000000,departamento,Arriendo,agency
PI-2023-05-003999,portalinmobiliario,Recoleta,Metropolitana,465000,13.29,40.7,2023-05-05 00:00:00.000000,2023-05-29 00:00:00.000000,DEPARTAMENTO,ARRIENDO,owner_direct
PI-2023-05-004178,portalinmobiliario,Providencia,Metropolitana,960000,27.43,46.4,2023-05-12 00:00:00.000000,2023-05-29 00:00:00.000000,DEPARTAMENTO,ARRIENDO,agency
PI-2023-05-004647,portalinmobiliario,Quilicura,Metropolitana,570000,16.29,66.9,2023-04-15 00:00:00.000000,2023-05-29 00:00:00.000000,DEPARTAMENTO,Arriendo,owner_direct
PI-2023-05-002407,portalinmobiliario,San Miguel,Metropolitana,460000,13.14,42.2,2023-04-29 00:00:00.000000,2023-05-15 00:00:00.000000,DEPARTAMENTO,ARRIENDO,agency
PI-2023-05-003708,portalinmobiliario,Macul,Metropolitana,525000,15.0,40.8,2023-03-20 00:00:00.000000,2023-05-22 00:00:00.000000,DEPARTAMENTO,ARRIENDO,agency
PI-2023-05-002358,portalinmobiliario,Independencia,Metropolitana,380000,10.86,30.6,2023-04-25 00:00:00.000000,2023-05-15 00:00:00.000000,Departamento,ARRIENDO,agency
PI-2023-05-002810,portalinmobiliario,San Miguel,Metropolitana,355000,10.14,26.9,2023-05-06 00:00:00.000000,2023-05-22 00:00:00.000000,departamento,ARRIENDO,agency
PI-2023-05-003626,portalinmobiliario,Peñalolén,Metropolitana,620000,17.71,55.4,2023-04-30 00:00:00.000000,2023-05-22 00:00:00.000000,departamento,Arriendo,agency
PI-2023-05-003656,portalinmobiliario,Santiago,Metropolitana,565000,16.14,60.8,2023-04-27 00:00:00.000000,2023-05-22 00:00:00.000000,Departamento,Arriendo,owner_direct
PI-2023-05-002033,portalinmobiliario,Macul,Metropolitana,500000,14.29,45.4,2023-02-26 00:00:00.000000,2023-05-15 00:00:00.000000,departamento,ARRIENDO,owner_direct
PI-2023-05-003876,portalinmobiliario,La Florida,Metropolitana,595000,17.0,50.0,2022-12-09 00:00:00.000000,2023-05-29 00:00:00.000000,DEPARTAMENTO,arriendo,agency
PI-2023-05-000392,portalinmobiliario,La Florida,Metropolitana,550000,15.71,61.9,2023-04-01 00:00:00.000000,2023-05-01 00:00:00.000000,Departamento,arriendo,owner_direct
PI-2023-05-002441,portalinmobiliario,La Reina,Metropolitana,790000,22.57,53.9,2023-04-22 00:00:00.000000,2023-05-15 00:00:00.000000,Departamento,ARRIENDO,agency
PI-2023-05-001256,portalinmobiliario,Peñalolén,Metropolitana,540000,15.43,51.7,2023-04-13 00:00:00.000000,2023-05-08 00:00:00.000000,DEPARTAMENTO,Arriendo,agency
PI-2023-05-004099,portalinmobiliario,La Cisterna,Metropolitana,445000,12.71,24.4,2023-04-21 00:00:00.000000,2023-05-29 00:00:00.000000,DEPARTAMENTO,Arriendo,owner_direct
PI-2023-05-000616,portalinmobiliario,QUINTA NORMAL,Metropolitana,335000,9.57,25.6,2023-04-05 00:00:00.000000,2023-05-01 00:00:00.000000,DEPARTAMENTO,Arriendo,agency
PI-2023-05-001469,portalinmobiliario,San Miguel,Metropolitana,480000,13.71,43.6,2023-04-22 00:00:00.000000,2023-05-08 00:00:00.000000,departamento,arriendo,agency
PI-2023-05-003690,portalinmobiliario,Maipú,Metropolitana,390000,11.14,5.0,2023-05-18 00:00:00.000000,2023-05-22 00:00:00.000000,DEPARTAMENTO,Arriendo,agency
PI-2023-05-004758,portalinmobiliario,Santiago,Metropolitana,660000,18.86,51.3,2023-05-10 00:00:00.000000,2023-05-29 00:00:00.000000,Departamento,Arriendo,agency
PI-2023-05-000778,portalinmobiliario,Santiago,Metropolitana,550000,15.71,33.9,2023-04-18 00:00:00.000000,2023-05-01 00:00:00.000000,DEPARTAMENTO,Arriendo,agency
PI-2023-05-000886,portalinmobiliario,Recoleta,Metropolitana,760000,21.71,66.1,2023-04-25 00:00:00.000000,2023-05-08 00:00:00.000000,DEPARTAMENTO,Arriendo,owner_direct
PI-2023-05-001057,portalinmobiliario,Las Condes,Metropolitana,975000,27.86,49.4,2023-04-02 00:00:00.000000,2023-05-08 00:00:00.000000,DEPARTAMENTO,Arriendo,owner_direct
PI-2023-05-000072,portalinmobiliario,Ñuñoa,Metropolitana,620000,17.71,30.9,2023-04-16 00:00:00.000000,2023-05-01 00:00:00.000000,departamento,arriendo,agency
PI-2023-05-004187,portalinmobiliario,Quinta Normal,Metropolitana,470000,13.43,55.5,2023-05-19 00:00:00.000000,2023-05-29 00:00:00.000000,Departamento,Arriendo,agency
PI-2023-05-000479,portalinmobiliario,Santiago,Metropolitana,645000,18.43,60.8,2023-04-01 00:00:00.000000,2023-05-01 00:00:00.000000,DEPARTAMENTO,Arriendo,agency
PI-2023-05-004727,portalinmobiliario,Independencia ,Metropolitana,535000,15.29,52.1,2022-11-08 00:00:00.000000,2023-05-29 00:00:00.000000,Departamento,Arriendo,agency
PI-2023-05-002448,portalinmobiliario,La Florida,Metropolitana,415000,11.86,35.2,2023-05-08 00:00:00.000000,2023-05-15 00:00:00.000000,departamento,arriendo,owner_direct
PI-2023-05-000671,portalinmobiliario,Peñalolén,Metropolitana,620000,17.71,52.9,2023-04-14 00:00:00.000000,2023-05-01 00:00:00.000000,departamento,Arriendo,agency
PI-2023-05-001924,portalinmobiliario,Pudahuel,Metropolitana,410000,11.71,33.0,2023-04-29 00:00:00.000000,2023-05-15 00:00:00.000000,departamento,arriendo,owner_direct
PI-2023-05-000085,portalinmobiliario,SANTIAGO,Metropolitana,600000,17.14,36.9,2023-04-03 00:00:00.000000,2023-05-01 00:00:00.000000,departamento,arriendo,agency
PI-2023-05-000472,portalinmobiliario,Ñuñoa,Metropolitana,555000,15.86,30.7,2023-02-03 00:00:00.000000,2023-05-01 00:00:00.000000,departamento,ARRIENDO,agency
PI-2023-05-004831,portalinmobiliario,Ñuñoa,Metropolitana,670000,19.14,47.8,2023-05-11 00:00:00.000000,2023-05-29 00:00:00.000000,Departamento,Arriendo,agency
PI-2023-05-000467,portalinmobiliario,La Florida,Metropolitana,605000,17.29,87.8,2023-04-01 00:00:00.000000,2023-05-01 00:00:00.000000,departamento,Arriendo,agency
PI-2023-05-001474,portalinmobiliario,Las Condes,Metropolitana,1025000,29.29,50.2,2023-04-19 00:00:00.000000,2023-05-08 00:00:00.000000,Departamento,arriendo,owner_direct
PI-2023-05-002008,portalinmobiliario,Santiago,Metropolitana,540000,15.43,45.4,2023-04-11 00:00:00.000000,2023-05-15 00:00:00.000000,Departamento,ARRIENDO,owner_direct
PI-2023-05-000787,portalinmobiliario,La Reina,Metropolitana,725000,20.71,46.2,2023-04-01 00:00:00.000000,2023-05-01 00:00:00.000000,Departamento,ARRIENDO,owner_direct
PI-2023-05-003944,portalinmobiliario,LAS CONDES,Metropolitana,785000,22.43,48.8,2023-05-12 00:00:00.000000,2023-05-29 00:00:00.000000,DEPARTAMENTO,Arriendo,owner_direct
PI-2023-05-000437,portalinmobiliario,Macul,Metropolitana,620000,17.71,46.2,2023-04-01 00:00:00.000000,2023-05-01 00:00:00.000000,departamento,ARRIENDO,owner_direct
PI-2023-05-004623,portalinmobiliario,SAN JOAQUÍN,Metropolitana,375000,10.71,25.0,2023-05-05 00:00:00.000000,2023-05-29 00:00:00.000000,Departamento,Arriendo,owner_direct
PI-2023-05-004424,portalinmobiliario,San Miguel,Metropolitana,1280000,36.57,130.6,2023-05-14 00:00:00.000000,2023-05-29 00:00:00.000000,departamento,arriendo,agency
PI-2023-05-002706,portalinmobiliario,Ñuñoa,Metropolitana,805000,23.0,53.4,2023-05-02 00:00:00.000000,2023-05-15 00:00:00.000000,departamento,ARRIENDO,owner_direct
PI-2023-05-000825,portalinmobiliario,Providencia,Metropolitana,875000,25.0,34.7,2023-02-27 00:00:00.000000,2023-05-08 00:00:00.000000,Departamento,arriendo,agency
PI-2023-05-004059,portalinmobiliario,Peñalolén,Metropolitana,530000,15.14,54.2,2023-05-19 00:00:00.000000,2023-05-29 00:00:00.000000,Departamento,Arriendo,owner_direct
PI-2023-05-000804,portalinmobiliario,Independencia,Metropolitana,960000,27.43,125.8,2023-04-21 00:00:00.000000,2023-05-01 00:00:00.000000,departamento,ARRIENDO,agency
PI-2023-05-000742,portalinmobiliario,LA CISTERNA,Metropolitana,515000,14.71,52.4,2023-01-14 00:00:00.000000,2023-05-01 00:00:00.000000,Departamento,arriendo,agency
PI-2023-05-001617,portalinmobiliario,La Reina,Metropolitana,730000,20.86,54.2,2022-11-12 00:00:00.000000,2023-05-08 00:00:00.000000,Departamento,ARRIENDO,agency
PI-2023-05-001931,portalinmobiliario,Las Condes,Metropolitana,900000,25.71,48.1,2023-05-04 00:00:00.000000,2023-05-15 00:00:00.000000,departamento,Arriendo,owner_direct
PI-2023-05-001618,portalinmobiliario,La Cisterna,Metropolitana,530000,15.14,48.6,2023-03-18 00:00:00.000000,2023-05-08 00:00:00.000000,departamento,ARRIENDO,agency
PI-2023-05-002300,portalinmobiliario,Recoleta,Metropolitana,620000,17.71,62.8,2023-04-27 00:00:00.000000,2023-05-15 00:00:00.000000,DEPARTAMENTO,ARRIENDO,agency
PI-2023-05-004185,portalinmobiliario,La Cisterna,Metropolitana,420000,12.0,50.4,2023-04-22 00:00:00.000000,2023-05-29 00:00:00.000000,DEPARTAMENTO,arriendo,agency
PI-2023-05-002974,portalinmobiliario,Peñalolén,Metropolitana,860000,24.57,105.5,2023-05-02 00:00:00.000000,2023-05-22 00:00:00.000000,DEPARTAMENTO,arriendo,agency
PI-2023-05-000805,portalinmobiliario,Providencia,Metropolitana,950000,27.14,42.1,2023-03-30 00:00:00.000000,2023-05-01 00:00:00.000000,DEPARTAMENTO,Arriendo,agency
PI-2023-05-002825,portalinmobiliario,San Miguel,Metropolitana,505000,14.43,41.5,2023-05-12 00:00:00.000000,2023-05-22 00:00:00.000000,Departamento,Arriendo,agency
PI-2023-05-003549,portalinmobiliario,San Joaquín,Metropolitana,520000,14.86,67.8,2023-04-26 00:00:00.000000,2023-05-22 00:00:00.000000,departamento,Arriendo,agency
PI-2023-05-002671,portalinmobiliario,Lo Barnechea,Metropolitana,765000,21.86,42.5,2023-05-12 00:00:00.000000,2023-05-15 00:00:00.000000,DEPARTAMENTO,ARRIENDO,agency
PI-2023-05-001747,portalinmobiliario,Estación Central,Metropolitana,455000,13.0,48.5,2023-04-26 00:00:00.000000,2023-05-08 00:00:00.000000,DEPARTAMENTO,ARRIENDO,agency
PI-2023-05-003017,portalinmobiliario,Ñuñoa,Metropolitana,805000,23.0,54.5,2023-04-28 00:00:00.000000,2023-05-22 00:00:00.000000,departamento,Arriendo,agency
PI-2023-05-002446,portalinmobiliario,La Florida,Metropolitana,645000,18.43,62.8,2023-04-29 00:00:00.000000,2023-05-15 00:00:00.000000,DEPARTAMENTO,arriendo,agency
PI-2023-05-002208,portalinmobiliario,Santiago,Metropolitana,455000,13.0,32.0,2023-04-14 00:00:00.000000,2023-05-15 00:00:00.000000,departamento,Arriendo,owner_direct
PI-2023-05-002121,portalinmobiliario,Estación Central,Metropolitana,605000,17.29,68.2,2023-03-13 00:00:00.000000,2023-05-15 00:00:00.000000,DEPARTAMENTO,arriendo,agency
PI-2023-05-000197,portalinmobiliario,Providencia,Metropolitana,1055000,30.14,52.8,2023-04-13 00:00:00.000000,2023-05-01 00:00:00.000000,Departamento,ARRIENDO,agency
PI-2023-05-003224,portalinmobiliario,Providencia,Metropolitana,740000,21.14,40.6,2023-01-05 00:00:00.000000,2023-05-22 00:00:00.000000,departamento,Arriendo,agency
PI-2023-05-001700,portalinmobiliario,Ñuñoa,Metropolitana,595000,17.0,32.4,2023-05-06 00:00:00.000000,2023-05-08 00:00:00.000000,Departamento,Arriendo,agency
PI-2023-05-002349,portalinmobiliario,Peñalolén,Metropolitana,460000,13.14,34.5,2023-04-23 00:00:00.000000,2023-05-15 00:00:00.000000,Departamento,Arriendo,owner_direct
PI-2023-05-001564,portalinmobiliario,Independencia,Metropolitana,500000,14.29,41.8,2023-04-12 00:00:00.000000,2023-05-08 00:00:00.000000,departamento,arriendo,agency
PI-2023-05-002203,portalinmobiliario,Pudahuel,Metropolitana,550000,15.71,62.9,2023-04-05 00:00:00.000000,2023-05-15 00:00:00.000000,DEPARTAMENTO,arriendo,agency
PI-2023-05-003220,portalinmobiliario,Estación Central,Metropolitana,655000,18.71,62.7,2023-05-16 00:00:00.000000,2023-05-22 00:00:00.000000,departamento,ARRIENDO,agency
PI-2023-05-003659,portalinmobiliario,Peñalolén,Metropolitana,610000,17.43,58.9,2023-04-21 00:00:00.000000,2023-05-22 00:00:00.000000,DEPARTAMENTO,ARRIENDO,agency
PI-2023-05-001648,portalinmobiliario,Estación Central,Metropolitana,530000,15.14,55.0,2023-03-01 00:00:00.000000,2023-05-08 00:00:00.000000,departamento,Arriendo,agency
PI-2023-05-000657,portalinmobiliario,santiago,Metropolitana,545000,15.57,48.6,2023-04-04 00:00:00.000000,2023-05-01 00:00:00.000000,Departamento,arriendo,owner_direct
PI-2023-05-000780,portalinmobiliario,Maipú,Metropolitana,450000,12.86,51.7,2023-04-12 00:00:00.000000,2023-05-01 00:00:00.000000,DEPARTAMENTO,arriendo,agency
PI-2023-05-002194,portalinmobiliario,Estación Central,Metropolitana,460000,13.14,42.0,2023-05-07 00:00:00.000000,2023-05-15 00:00:00.000000,DEPARTAMENTO,arriendo,agency
PI-2023-05-001888,portalinmobiliario,Puente Alto,Metropolitana,510000,14.57,66.4,2023-05-12 00:00:00.000000,2023-05-15 00:00:00.000000,Departamento,Arriendo,agency
PI-2023-05-002855,portalinmobiliario,Las Condes,Metropolitana,1470000,42.0,102.7,2023-04-14 00:00:00.000000,2023-05-22 00:00:00.000000,DEPARTAMENTO,arriendo,agency
PI-2023-05-001046,portalinmobiliario,Santiago,Metropolitana,405000,11.57,27.5,2023-04-18 00:00:00.000000,2023-05-08 00:00:00.000000,departamento,Arriendo,owner_direct
PI-2023-05-000487,portalinmobiliario,Pudahuel,Metropolitana,470000,13.43,44.5,2023-04-08 00:00:00.000000,2023-05-01 00:00:00.000000,departamento,Arriendo,agency
PI-2023-05-004218,portalinmobiliario,Santiago,Metropolitana,695000,19.86,67.6,2023-05-04 00:00:00.000000,2023-05-29 00:00:00.000000,departamento,arriendo,agency
PI-2023-05-001258,portalinmobiliario,Huechuraba,Metropolitana,815000,23.29,62.1,2023-04-04 00:00:00.000000,2023-05-08 00:00:00.000000,departamento,arriendo,owner_direct
PI-2023-05-003272,portalinmobiliario,Independencia,Metropolitana,635000,18.14,66.0,2023-05-16 00:00:00.000000,2023-05-22 00:00:00.000000,departamento,Arriendo,agency
PI-2023-05-001024,portalinmobiliario,La Reina,Metropolitana,705000,20.14,44.5,2023-04-30 00:00:00.000000,2023-05-08 00:00:00.000000,Departamento,Arriendo,agency
PI-2023-05-003254,portalinmobiliario,La Cisterna,Metropolitana,495000,14.14,59.3,2023-04-23 00:00:00.000000,2023-05-22 00:00:00.000000,DEPARTAMENTO,arriendo,agency
PI-2023-05-000320,portalinmobiliario,San Miguel,Metropolitana,560000,16.0,46.0,2023-04-12 00:00:00.000000,2023-05-01 00:00:00.000000,departamento,Arriendo,agency
PI-2023-05-003045,portalinmobiliario,Lo Barnechea,Metropolitana,880000,25.14,59.7,2023-05-05 00:00:00.000000,2023-05-22 00:00:00.000000,Departamento,Arriendo,agency
PI-2023-05-001869,portalinmobiliario,La Florida,Metropolitana,490000,14.0,45.5,2023-04-28 00:00:00.000000,2023-05-15 00:00:00.000000,Departamento,ARRIENDO,owner_direct
PI-2023-05-001578,portalinmobiliario,Conchalí,Metropolitana,305000,8.71,31.5,2023-04-13 00:00:00.000000,2023-05-08 00:00:00.000000,DEPARTAMENTO,Arriendo,agency
PI-2023-05-001891,portalinmobiliario,Providencia,Metropolitana,930000,26.57,48.3,2023-05-08 00:00:00.000000,2023-05-15 00:00:00.000000,DEPARTAMENTO,Arriendo,owner_direct
PI-2023-05-003966,portalinmobiliario,Lo Barnechea,Metropolitana,815000,23.29,36.5,2023-05-21 00:00:00.000000,2023-05-29 00:00:00.000000,departamento,Arriendo,owner_direct
PI-2023-05-000436,portalinmobiliario,Maipú,Metropolitana,810000,23.14,104.5,2023-04-10 00:00:00.000000,2023-05-01 00:00:00.000000,DEPARTAMENTO,arriendo,agency
PI-2023-05-003663,portalinmobiliario,Ñuñoa,Metropolitana,545000,15.57,24.4,2023-04-29 00:00:00.000000,2023-05-22 00:00:00.000000,departamento,ARRIENDO,owner_direct
PI-2023-05-002396,portalinmobiliario,Independencia,Metropolitana,500000,14.29,61.2,2023-03-05 00:00:00.000000,2023-05-15 00:00:00.000000,DEPARTAMENTO,ARRIENDO,agency
PI-2023-05-004054,portalinmobiliario,Santiago,Metropolitana,780000,22.29,70.7,2023-05-05 00:00:00.000000,2023-05-29 00:00:00.000000,departamento,Arriendo,agency
PI-2023-05-002580,portalinmobiliario,Ñuñoa,Metropolitana,1055000,30.14,85.5,2023-04-03 00:00:00.000000,2023-05-15 00:00:00.000000,Departamento,Arriendo,agency
PI-2023-05-001344,portalinmobiliario,Las Condes,Metropolitana,900000,25.71,34.2,2023-04-07 00:00:00.000000,2023-05-08 00:00:00.000000,departamento,Arriendo,agency
PI-2023-05-000824,portalinmobiliario, Santiago,Metropolitana,570000,16.29,39.4,2023-04-17 00:00:00.000000,2023-05-08 00:00:00.000000,DEPARTAMENTO,arriendo,owner_direct
PI-2023-05-003032,portalinmobiliario,Santiago,Metropolitana,505000,14.43,36.8,2023-04-29 00:00:00.000000,2023-05-22 00:00:00.000000,departamento,arriendo,agency
PI-2023-05-001278,portalinmobiliario,Santiago,Metropolitana,480000,13.71,33.5,2023-04-21 00:00:00.000000,2023-05-08 00:00:00.000000,Departamento,ARRIENDO,agency
PI-2023-05-001465,portalinmobiliario,Las Condes,Metropolitana,1030000,29.43,52.5,2023-03-16 00:00:00.000000,2023-05-08 00:00:00.000000,DEPARTAMENTO,arriendo,owner_direct
PI-2023-05-002569,portalinmobiliario,Maipú,Metropolitana,555000,15.86,59.5,2023-05-07 00:00:00.000000,2023-05-15 00:00:00.000000,Departamento,arriendo,owner_direct
PI-2023-05-003019,portalinmobiliario,Vitacura,Metropolitana,1305000,37.29,55.1,2022-12-10 00:00:00.000000,2023-05-22 00:00:00.000000,Departamento,Arriendo,agency
PI-2023-05-001398,portalinmobiliario,Vitacura,Metropolitana,1450000,41.43,90.4,2023-04-15 00:00:00.000000,2023-05-08 00:00:00.000000,departamento,ARRIENDO,agency
PI-2023-05-002144,portalinmobiliario,Quinta Normal,Metropolitana,495000,14.14,57.4,2023-04-07 00:00:00.000000,2023-05-15 00:00:00.000000,DEPARTAMENTO,Arriendo,owner_direct
PI-2023-05-001978,portalinmobiliario,Las Condes,Metropolitana,675000,,43.2,2023-03-29 00:00:00.000000,2023-05-15 00:00:00.000000,DEPARTAMENTO,arriendo,owner_direct
PI-2023-05-002182,portalinmobiliario,Recoleta,Metropolitana,710000,20.29,74.9,2023-05-11 00:00:00.000000,2023-05-15 00:00:00.000000,departamento,arriendo,owner_direct
PI-2023-05-004869,portalinmobiliario,Estación Central,Metropolitana,490000,14.0,52.9,2023-05-23 00:00:00.000000,2023-05-29 00:00:00.000000,DEPARTAMENTO,arriendo,owner_direct
PI-2023-05-004840,portalinmobiliario,Recoleta,Metropolitana,520000,14.86,52.7,2022-12-26 00:00:00.000000,2023-05-29 00:00:00.000000,DEPARTAMENTO,arriendo,agency
PI-2023-05-001886,portalinmobiliario,Quinta Normal,Metropolitana,525000,15.0,48.6,2023-05-07 00:00:00.000000,2023-05-15 00:00:00.000000,DEPARTAMENTO,arriendo,agency
PI-2023-05-001043,portalinmobiliario,Peñalolén,Metropolitana,555000,15.86,48.7,2023-04-02 00:00:00.000000,2023-05-08 00:00:00.000000,departamento,Arriendo,agency
PI-2023-05-001658,portalinmobiliario,Quilicura,Metropolitana,475000,13.57,53.8,2022-11-24 00:00:00.000000,2023-05-08 00:00:00.000000,DEPARTAMENTO,Arriendo,owner_direct
PI-2023-05-003811,portalinmobiliario,Providencia,Metropolitana,715000,20.43,33.6,2023-05-02 00:00:00.000000,2023-05-29 00:00:00.000000,departamento,Arriendo,agency
PI-2023-05-000803,portalinmobiliario,Las Condes ,Metropolitana,995000,28.43,43.2,2023-03-31 00:00:00.000000,2023-05-01 00:00:00.000000,Departamento,Arriendo,agency
PI-2023-05-000226,portalinmobiliario,Providencia,Metropolitana,880000,25.14,40.3,2023-02-19 00:00:00.000000,2023-05-01 00:00:00.000000,Departamento,arriendo,agency
PI-2023-05-001343,portalinmobiliario,Quilicura,Metropolitana,450000,12.86,40.3,2023-04-23 00:00:00.000000,2023-05-08 00:00:00.000000,departamento,ARRIENDO,agency
PI-2023-05-004345,portalinmobiliario,Independencia,Metropolitana,450000,12.86,36.1,2023-05-10 00:00:00.000000,2023-05-29 00:00:00.000000,Departamento,ARRIENDO,agency
PI-2023-05-001204,portalinmobiliario,Recoleta,Metropolitana,480000,13.71,50.8,2022-10-28 00:00:00.000000,2023-05-08 00:00:00.000000,Departamento,Arriendo,agency
PI-2023-05-003954,portalinmobiliario,La Reina,Metropolitana,580000,16.57,50.0,2023-05-08 00:00:00.000000,2023-05-29 00:00:00.000000,DEPARTAMENTO,Arriendo,owner_direct
PI-2023-05-001490,portalinmobiliario,Estación Central,Metropolitana,530000,15.14,38.4,2023-04-24 00:00:00.000000,2023-05-08 00:00:00.000000,Departamento,arriendo,agency
PI-2023-05-004511,portalinmobiliario,Estación Central,Metropolitana,425000,12.14,34.9,2023-05-06 00:00:00.000000,2023-05-29 00:00:00.000000,DEPARTAMENTO,arriendo,owner_direct
PI-2023-05-004255,portalinmobiliario,Independencia,Metropolitana,500000,14.29,58.2,2023-04-28 00:00:00.000000,2023-05-29 00:00:00.000000,departamento,Arriendo,agency
PI-2023-05-002502,portalinmobiliario,La Reina,Metropolitana,660000,18.86,34.1,2023-03-31 00:00:00.000000,2023-05-15 00:00:00.000000,departamento,ARRIENDO,agency
PI-2023-05-001847,portalinmobiliario,Lo Barnechea,Metropolitana,1120000,32.0,68.4,2023-04-05 00:00:00.000000,2023-05-15 00:00:00.000000,DEPARTAMENTO,ARRIENDO,agency
PI-2023-05-003977,portalinmobiliario,Las Condes,Metropolitana,835000,23.86,35.6,2023-04-09 00:00:00.000000,2023-05-29 00:00:00.000000,Departamento,ARRIENDO,agency
PI-2023-05-001596,portalinmobiliario,Puente Alto,Metropolitana,570000,16.29,67.3,2023-04-13 00:00:00.000000,2023-05-08 00:00:00.000000,DEPARTAMENTO,arriendo,agency
PI-2023-05-004484,portalinmobiliario,Independencia,Metropolitana,485000,13.86,41.5,2023-04-20 00:00:00.000000,2023-05-29 00:00:00.000000,DEPARTAMENTO,Arriendo,agency
PI-2023-05-004330,portalinmobiliario,Santiago,Metropolitana,710000,20.29,73.4,2023-04-27 00:00:00.000000,2023-05-29 00:00:00.000000,departamento,ARRIENDO,agency
PI-2023-05-000820,portalinmobiliario,Providencia,Metropolitana,1090000,31.14,57.3,2023-04-17 00:00:00.000000,2023-05-01 00:00:00.000000,DEPARTAMENTO,arriendo,agency
PI-2023-05-001717,portalinmobiliario,Santiago,Metropolitana,745000,21.29,65.3,2023-04-07 00:00:00.000000,2023-05-08 00:00:00.000000,DEPARTAMENTO,arriendo,agency
PI-2023-05-003143,portalinmobiliario,San Miguel,Metropolitana,2140000,61.14,54.0,2023-05-03 00:00:00.000000,2023-05-22 00:00:00.000000,DEPARTAMENTO,Arriendo,agency
PI-2023-05-000281,portalinmobiliario,Santiago,Metropolitana,600000,17.14,47.9,2023-04-10 00:00:00.000000,2023-05-01 00:00:00.000000,departamento,arriendo,owner_direct
PI-2023-05-004584,portalinmobiliario,Macul,Metropolitana,665000,19.0,46.3,2023-05-25 00:00:00.000000,2023-05-29 00:00:00.000000,DEPARTAMENTO,Arriendo,agency
PI-2023-05-004253,portalinmobiliario,Las Condes,Metropolitana,1130000,32.29,58.1,2023-05-17 00:00:00.000000,2023-05-29 00:00:00.000000,DEPARTAMENTO,Arriendo,agency
PI-2023-05-004261,portalinmobiliario,Recoleta,Metropolitana,335000,9.57,25.1,2023-05-26 00:00:00.000000,2023-05-29 00:00:00.000000,DEPARTAMENTO,Arriendo,agency
PI-2023-05-004813,portalinmobiliario,Renca,Metropolitana,505000,14.43,81.9,2023-05-16 00:00:00.000000,2023-05-29 00:00:00.000000,DEPARTAMENTO,ARRIENDO,owner_direct
PI-2023-05-004848,portalinmobiliario,Cerrillos,Metropolitana,430000,12.29,43.1,2023-05-15 00:00:00.000000,2023-05-29 00:00:00.000000,Departamento,Arriendo,owner_direct
PI-2023-05-000863,portalinmobiliario,Estación Central,Metropolitana,410000,11.71,34.3,2023-04-06 00:00:00.000000,2023-05-08 00:00:00.000000,departamento,arriendo,agency
PI-2023-05-002509,portalinmobiliario,San Miguel,Metropolitana,420000,12.0,30.1,2023-04-07 00:00:00.000000,2023-05-15 00:00:00.000000,DEPARTAMENTO,ARRIENDO,owner_direct
PI-2023-05-000245,portalinmobiliario,La Florida,Metropolitana,565000,16.14,49.9,2023-04-02 00:00:00.000000,2023-05-01 00:00:00.000000,DEPARTAMENTO,ARRIENDO,agency
PI-2023-05-001167,portalinmobiliario,Independencia,Metropolitana,355000,10.14,33.6,2023-04-11 00:00:00.000000,2023-05-08 00:00:00.000000,departamento,arriendo,owner_direct
PI-2023-05-002652,portalinmobiliario,Santiago,Metropolitana,560000,16.0,49.2,2023-05-05 00:00:00.000000,2023-05-15 00:00:00.000000,Departamento,ARRIENDO,agency
PI-2023-05-001413,portalinmobiliario,Huechuraba,Metropolitana,915000,26.14,88.7,2023-04-28 00:00:00.000000,2023-05-08 00:00:00.000000,Departamento,arriendo,agency
PI-2023-05-000490,portalinmobiliario,Conchalí,Metropolitana,510000,14.57,59.6,2023-03-13 00:00:00.000000,2023-05-01 00:00:00.000000,departamento,ARRIENDO,agency
PI-2023-05-002378,portalinmobiliario,Providencia,Metropolitana,860000,,38.1,2023-05-01 00:00:00.000000,2023-05-15 00:00:00.000000,departamento,ARRIENDO,agency
PI-2023-05-002419,portalinmobiliario,Cerrillos,Metropolitana,510000,14.57,51.1,2023-04-17 00:00:00.000000,2023-05-15 00:00:00.000000,DEPARTAMENTO,ARRIENDO,agency
PI-2023-05-001424,portalinmobiliario,La Florida,Metropolitana,1035000,29.57,97.9,2023-04-28 00:00:00.000000,2023-05-08 00:00:00.000000,DEPARTAMENTO,ARRIENDO,owner_direct
PI-2023-05-000090,portalinmobiliario,La Florida,Metropolitana,735000,21.0,90.3,2023-04-17 00:00:00.000000,2023-05-01 00:00:00.000000,departamento,ARRIENDO,agency
PI-2023-05-000735,portalinmobiliario,Maipú,Metropolitana,665000,19.0,87.2,2023-03-27 00:00:00.000000,2023-05-01 00:00:00.000000,DEPARTAMENTO,ARRIENDO,agency
PI-2023-05-004602,portalinmobiliario,Independencia,Metropolitana,450000,12.86,43.9,2023-05-03 00:00:00.000000,2023-05-29 00:00:00.000000,DEPARTAMENTO,arriendo,owner_direct
PI-2023-05-001473,portalinmobiliario,Cerrillos,Metropolitana,430000,12.29,42.5,2023-03-22 00:00:00.000000,2023-05-08 00:00:00.000000,DEPARTAMENTO,arriendo,agency
PI-2023-05-001809,portalinmobiliario,Providencia,Metropolitana,945000,27.0,61.3,2023-05-01 00:00:00.000000,2023-05-15 00:00:00.000000,Departamento,Arriendo,owner_direct
PI-2023-05-003955,portalinmobiliario,Estación Central,Metropolitana,460000,13.14,49.9,2023-04-19 00:00:00.000000,2023-05-29 00:00:00.000000,Departamento,arriendo,owner_direct
PI-2023-05-003293,portalinmobiliario,Las Condes,Metropolitana,1130000,32.29,71.2,2023-05-07 00:00:00.000000,2023-05-22 00:00:00.000000,departamento,arriendo,agency
PI-2023-05-000610,portalinmobiliario,Cerrillos,Metropolitana,410000,11.71,39.4,2023-04-15 00:00:00.000000,2023-05-01 00:00:00.000000,departamento,Arriendo,owner_direct
PI-2023-05-003777,portalinmobiliario,Macul,Metropolitana,830000,23.71,71.8,2023-05-14 00:00:00.000000,2023-05-22 00:00:00.000000,departamento,arriendo,agency
PI-2023-05-003319,portalinmobiliario,Ñuñoa,Metropolitana,550000,15.71,32.8,2023-05-05 00:00:00.000000,2023-05-22 00:00:00.000000,DEPARTAMENTO,arriendo,agency
PI-2023-05-002468,portalinmobiliario,Quilicura,Metropolitana,385000,11.0,42.4,2023-05-11 00:00:00.000000,2023-05-15 00:00:00.000000,Departamento,ARRIENDO,agency
PI-2023-05-004393,portalinmobiliario,Las Condes,Metropolitana,855000,24.43,40.0,2023-05-14 00:00:00.000000,2023-05-29 00:00:00.000000,Departamento,ARRIENDO,agency
PI-2023-05-003809,portalinmobiliario,Providencia,Metropolitana,1525000,43.57,94.0,2023-05-01 00:00:00.000000,2023-05-29 00:00:00.000000,Departamento,ARRIENDO,owner_direct
PI-2023-05-003125,portalinmobiliario,Independencia,Metropolitana,560000,16.0,53.2,2023-05-19 00:00:00.000000,2023-05-22 00:00:00.000000,Departamento,Arriendo,agency
PI-2023-05-003804,portalinmobiliario,Santiago,Metropolitana,515000,14.71,49.3,2023-05-07 00:00:00.000000,2023-05-29 00:00:00.000000,departamento,arriendo,agency
PI-2023-05-000566,portalinmobiliario,Ñuñoa,Metropolitana,850000,24.29,65.9,2023-03-09 00:00:00.000000,2023-05-01 00:00:00.000000,departamento,Arriendo,agency
PI-2023-05-004541,portalinmobiliario,Estación Central,Metropolitana,510000,14.57,49.3,2023-02-08 00:00:00.000000,2023-05-29 00:00:00.000000,departamento,arriendo,owner_direct
PI-2023-05-001984,portalinmobiliario,La Cisterna,Metropolitana,430000,12.29,31.9,2023-04-24 00:00:00.000000,2023-05-15 00:00:00.000000,DEPARTAMENTO,ARRIENDO,agency
PI-2023-05-004210,portalinmobiliario,Conchalí,Metropolitana,465000,13.29,50.6,2023-05-01 00:00:00.000000,2023-05-29 00:00:00.000000,Departamento,ARRIENDO,owner_direct
PI-2023-05-004427,portalinmobiliario,Santiago,Metropolitana,590000,16.86,43.4,2023-04-27 00:00:00.000000,2023-05-29 00:00:00.000000,DEPARTAMENTO,arriendo,agency
PI-2023-05-001081,portalinmobiliario,Ñuñoa,Metropolitana,750000,21.43,48.7,2023-03-09 00:00:00.000000,2023-05-08 00:00:00.000000,DEPARTAMENTO,Arriendo,agency
PI-2023-05-000877,portalinmobiliario,San Miguel,Metropolitana,770000,22.0,84.2,2023-03-01 00:00:00.000000,2023-05-08 00:00:00.000000,Departamento,Arriendo,owner_direct
PI-2023-05-002224,portalinmobiliario,Quilicura,Metropolitana,510000,14.57,56.4,2023-04-27 00:00:00.000000,2023-05-15 00:00:00.000000,departamento,Arriendo,owner_direct
PI-2023-05-003304,portalinmobiliario,Lo Barnechea,Metropolitana,635000,18.14,25.5,2023-03-16 00:00:00.000000,2023-05-22 00:00:00.000000,Departamento,Arriendo,agency
PI-2023-05-003322,portalinmobiliario,Vitacura,Metropolitana,1150000,,44.2,2023-01-19 00:00:00.000000,2023-05-22 00:00:00.000000,Departamento,Arriendo,agency
PI-2023-05-001068,portalinmobiliario,La Florida,Metropolitana,580000,16.57,68.6,2023-04-11 00:00:00.000000,2023-05-08 00:00:00.000000,departamento,ARRIENDO,owner_direct
PI-2023-05-000114,portalinmobiliario,Las Condes,Metropolitana,810000,23.14,51.3,2023-04-07 00:00:00.000000,2023-05-01 00:00:00.000000,DEPARTAMENTO,Arriendo,agency
PI-2023-05-004389,portalinmobiliario,Independencia,Metropolitana,480000,13.71,41.9,2023-05-16 00:00:00.000000,2023-05-29 00:00:00.000000,DEPARTAMENTO,ARRIENDO,owner_direct
PI-2023-05-000260,portalinmobiliario,Santiago,Metropolitana,720000,20.57,69.9,2023-04-29 00:00:00.000000,2023-05-01 00:00:00.000000,DEPARTAMENTO,ARRIENDO,agency
PI-2023-05-003479,portalinmobiliario,Las Condes,Metropolitana,1675000,47.86,103.5,2023-05-21 00:00:00.000000,2023-05-22 00:00:00.000000,Departamento,Arriendo,owner_direct
PI-2023-05-001423,portalinmobiliario,San Miguel,Metropolitana,540000,15.43,44.1,2022-11-10 00:00:00.000000,2023-05-08 00:00:00.000000,departamento,Arriendo,agency
PI-2023-05-002254,portalinmobiliario,Ñuñoa,Metropolitana,755000,21.57,47.0,2023-01-21 00:00:00.000000,2023-05-15 00:00:00.000000,DEPARTAMENTO,Arriendo,owner_direct
PI-2023-05-001315,portalinmobiliario,Santiago,Metropolitana,750000,21.43,76.7,2022-12-21 00:00:00.000000,2023-05-08 00:00:00.000000,Departamento,Arriendo,agency
PI-2023-05-004344,portalinmobiliario,Las Condes,Metropolitana,770000,22.0,29.7,2023-04-17 00:00:00.000000,2023-05-29 00:00:00.000000,Departamento,arriendo,owner_direct
PI-2023-05-001577,portalinmobiliario,SANTIAGO,Metropolitana,610000,17.43,48.8,2023-04-14 00:00:00.000000,2023-05-08 00:00:00.000000,departamento,ARRIENDO,owner_direct
PI-2023-05-004753,portalinmobiliario,Ñuñoa,Metropolitana,5995000,171.29,42.4,2023-05-11 00:00:00.000000,2023-05-29 00:00:00.000000,DEPARTAMENTO,Arriendo,owner_direct
PI-2023-05-001197,portalinmobiliario,Conchalí,Metropolitana,385000,11.0,30.2,2023-04-14 00:00:00.000000,2023-05-08 00:00:00.000000,departamento,ARRIENDO,agency
PI-2023-05-001325,portalinmobiliario,Las Condes,Metropolitana,760000,21.71,40.6,2023-04-20 00:00:00.000000,2023-05-08 00:00:00.000000,Departamento,Arriendo,owner_direct
PI-2023-05-002562,portalinmobiliario,Huechuraba,Metropolitana,535000,15.29,46.9,2023-05-09 00:00:00.000000,2023-05-15 00:00:00.000000,DEPARTAMENTO,arriendo,owner_direct
PI-2023-05-000008,portalinmobiliario,Macul,Metropolitana,585000,16.71,53.3,2023-03-02 00:00:00.000000,2023-05-01 00:00:00.000000,Departamento,ARRIENDO,owner_direct
PI-2023-05-002713,portalinmobiliario,Santiago,Metropolitana,595000,17.0,47.8,2023-04-28 00:00:00.000000,2023-05-15 00:00:00.000000,departamento,ARRIENDO,owner_direct
PI-2023-05-001251,portalinmobiliario,La Florida,Metropolitana,615000,17.57,68.0,2023-04-24 00:00:00.000000,2023-05-08 00:00:00.000000,departamento,Arriendo,agency
PI-2023-05-000570,portalinmobiliario,Recoleta,Metropolitana,355000,10.14,26.3,2023-03-28 00:00:00.000000,2023-05-01 00:00:00.000000,departamento,arriendo,owner_direct
PI-2023-05-001406,portalinmobiliario,Las Condes,Metropolitana,1170000,33.43,59.8,2023-04-17 00:00:00.000000,2023-05-08 00:00:00.000000,departamento,ARRIENDO,owner_direct
PI-2023-05-003562,portalinmobiliario,Quinta Normal,Metropolitana,640000,18.29,76.7,2023-04-18 00:00:00.000000,2023-05-22 00:00:00.000000,departamento,ARRIENDO,agency
PI-2023-05-004506,portalinmobiliario,Macul,Metropolitana,435000,12.43,40.4,2023-05-26 00:00:00.000000,2023-05-29 00:00:00.000000,DEPARTAMENTO,ARRIENDO,agency
PI-2023-05-004515,portalinmobiliario,Independencia,Metropolitana,390000,11.14,30.3,2023-05-23 00:00:00.000000,2023-05-29 00:00:00.000000,departamento,ARRIENDO,agency
PI-2023-05-003797,portalinmobiliario,Estación Central,Metropolitana,560000,16.0,69.2,2023-04-28 00:00:00.000000,2023-05-29 00:00:00.000000,departamento,Arriendo,agency
PI-2023-05-000430,portalinmobiliario,Providencia,Metropolitana,685000,19.57,29.1,2023-04-07 00:00:00.000000,2023-05-01 00:00:00.000000,Departamento,ARRIENDO,agency
PI-2023-05-002720,portalinmobiliario,Independencia,Metropolitana,460000,13.14,47.3,2023-05-13 00:00:00.000000,2023-05-15 00:00:00.000000,Departamento,ARRIENDO,agency
PI-2023-05-002518,portalinmobiliario,Independencia,Metropolitana,320000,9.14,24.5,2023-04-29 00:00:00.000000,2023-05-15 00:00:00.000000,Departamento,arriendo,agency
PI-2023-05-002465,portalinmobiliario,La Reina,Metropolitana,945000,27.0,51.0,2023-03-30 00:00:00.000000,2023-05-15 00:00:00.000000,departamento,Arriendo,owner_direct
PI-2023-05-003571,portalinmobiliario,Renca,Metropolitana,355000,10.14,42.7,2023-04-22 00:00:00.000000,2023-05-22 00:00:00.000000,DEPARTAMENTO,arriendo,agency
PI-2023-05-000218,portalinmobiliario,Macul,Metropolitana,580000,16.57,44.6,2023-03-16 00:00:00.000000,2023-05-01 00:00:00.000000,Departamento,Arriendo,agency
PI-2023-05-002397,portalinmobiliario,Santiago,Metropolitana,400000,11.43,30.1,2023-03-31 00:00:00.000000,2023-05-15 00:00:00.000000,DEPARTAMENTO,ARRIENDO,owner_direct
PI-2023-05-003972,portalinmobiliario,Macul,Metropolitana,690000,19.71,67.7,2023-05-28 00:00:00.000000,2023-05-29 00:00:00.000000,DEPARTAMENTO,arriendo,agency
PI-2023-05-002193,portalinmobiliario,Estación Central,Metropolitana,1235000,35.29,33.6,2023-05-01 00:00:00.000000,2023-05-15 00:00:00.000000,departamento,Arriendo,owner_direct
PI-2023-05-001507,portalinmobiliario,Pudahuel,Metropolitana,465000,13.29,52.2,2023-05-04 00:00:00.000000,2023-05-08 00:00:00.000000,Departamento,Arriendo,agency
PI-2023-05-002411,portalinmobiliario,La Florida,Metropolitana,615000,17.57,69.0,2023-05-01 00:00:00.000000,2023-05-15 00:00:00.000000,DEPARTAMENTO,arriendo,agency
PI-2023-05-003046,portalinmobiliario,Maipú,Metropolitana,375000,10.71,37.4,2023-04-15 00:00:00.000000,2023-05-22 00:00:00.000000,DEPARTAMENTO,Arriendo,owner_direct
PI-2023-05-000128,portalinmobiliario,San Miguel,Metropolitana,660000,18.86,64.0,2023-04-06 00:00:00.000000,2023-05-01 00:00:00.000000,Departamento,arriendo,agency
PI-2023-05-003902,portalinmobiliario,San Miguel,Metropolitana,630000,18.0,60.1,2023-04-20 00:00:00.000000,2023-05-29 00:00:00.000000,departamento,ARRIENDO,agency
PI-2023-05-001664,portalinmobiliario,Ñuñoa,Metropolitana,855000,,53.2,2023-04-23 00:00:00.000000,2023-05-08 00:00:00.000000,DEPARTAMENTO,arriendo,agency
PI-2023-05-001505,portalinmobiliario,Santiago,Metropolitana,650000,18.57,59.7,2023-03-04 00:00:00.000000,2023-05-08 00:00:00.000000,departamento,Arriendo,owner_direct
PI-2023-05-002721,portalinmobiliario,San Miguel,Metropolitana,710000,,62.2,2023-03-02 00:00:00.000000,2023-05-15 00:00:00.000000,departamento,arriendo,owner_direct
PI-2023-05-004081,portalinmobiliario,La Florida,Metropolitana,520000,14.86,44.1,2023-05-06 00:00:00.000000,2023-05-29 00:00:00.000000,departamento,ARRIENDO,agency
PI-2023-05-000321,portalinmobiliario,San Joaquín,Metropolitana,605000,17.29,65.9,2023-04-20 00:00:00.000000,2023-05-01 00:00:00.000000,Departamento,arriendo,agency
PI-2023-05-004492,portalinmobiliario,Macul,Metropolitana,735000,21.0,58.2,2023-04-20 00:00:00.000000,2023-05-29 00:00:00.000000,DEPARTAMENTO,arriendo,agency
PI-2023-05-004440,portalinmobiliario,Providencia,Metropolitana,1195000,34.14,68.1,2023-05-06 00:00:00.000000,2023-05-29 00:00:00.000000,DEPARTAMENTO,Arriendo,agency
PI-2023-05-002133,portalinmobiliario,San Miguel,Metropolitana,480000,13.71,42.9,2023-04-18 00:00:00.000000,2023-05-15 00:00:00.000000,Departamento,ARRIENDO,owner_direct
PI-2023-05-003241,portalinmobiliario,Peñalolén,Metropolitana,435000,12.43,30.0,2023-02-03 00:00:00.000000,2023-05-22 00:00:00.000000,Departamento,Arriendo,agency
PI-2023-05-001944,portalinmobiliario,Cerrillos,Metropolitana,640000,18.29,77.2,2023-05-01 00:00:00.000000,2023-05-15 00:00:00.000000,Departamento,arriendo,agency
PI-2023-05-004041,portalinmobiliario,La Reina,Metropolitana,1360000,38.86,86.8,2023-05-06 00:00:00.000000,2023-05-29 00:00:00.000000,Departamento,ARRIENDO,agency
PI-2023-05-000924,portalinmobiliario,Providencia,Metropolitana,2055000,58.71,156.5,2023-04-06 00:00:00.000000,2023-05-08 00:00:00.000000,DEPARTAMENTO,Arriendo,owner_direct
PI-2023-05-002282,portalinmobiliario,La Florida,Metropolitana,625000,17.86,65.9,2022-11-30 00:00:00.000000,2023-05-15 00:00:00.000000,Departamento,Arriendo,agency
PI-2023-05-004227,portalinmobiliario,Quinta Normal,Metropolitana,395000,11.29,35.1,2023-05-07 00:00:00.000000,2023-05-29 00:00:00.000000,Departamento,arriendo,agency
PI-2023-05-004177,portalinmobiliario,Providencia,Metropolitana,785000,22.43,38.7,2023-05-18 00:00:00.000000,2023-05-29 00:00:00.000000,DEPARTAMENTO,ARRIENDO,owner_direct
PI-2023-05-002742,portalinmobiliario,Providencia,Metropolitana,840000,24.0,40.2,2023-03-03 00:00:00.000000,2023-05-15 00:00:00.000000,departamento,arriendo,agency
PI-2023-05-002107,portalinmobiliario,Las Condes,Metropolitana,780000,22.29,36.6,2023-04-21 00:00:00.000000,2023-05-15 00:00:00.000000,Departamento,ARRIENDO,owner_direct
PI-2023-05-003560,portalinmobiliario,Peñalolén,Metropolitana,625000,17.86,61.0,2023-05-10 00:00:00.000000,2023-05-22 00:00:00.000000,DEPARTAMENTO,ARRIENDO,owner_direct
PI-2023-05-002752,portalinmobiliario,San Joaquín,Metropolitana,635000,18.14,57.3,2023-05-06 00:00:00.000000,2023-05-22 00:00:00.000000,Departamento,arriendo,agency
PI-2023-05-000421,portalinmobiliario,Macul,Metropolitana,515000,14.71,32.5,2023-03-25 00:00:00.000000,2023-05-01 00:00:00.000000,departamento,ARRIENDO,agency
PI-2023-05-003416,portalinmobiliario,Maipú,Metropolitana,6155000,175.86,1200.0,2023-05-04 00:00:00.000000,2023-05-22 00:00:00.000000,departamento,arriendo,agency
PI-2023-05-003227,portalinmobiliario,Independencia,Metropolitana,420000,12.0,29.7,2023-03-28 00:00:00.000000,2023-05-22 00:00:00.000000,DEPARTAMENTO,ARRIENDO,owner_direct
PI-2023-05-003678,portalinmobiliario,La Reina,Metropolitana,980000,28.0,68.2,2023-05-07 00:00:00.000000,2023-05-22 00:00:00.000000,DEPARTAMENTO,Arriendo,owner_direct
PI-2023-05-004478,portalinmobiliario,Santiago,Metropolitana,650000,18.57,44.9,2023-04-26 00:00:00.000000,2023-05-29 00:00:00.000000,departamento,ARRIENDO,agency
PI-2023-05-000096,portalinmobiliario,Las Condes,Metropolitana,1000000,28.57,46.9,2023-04-06 00:00:00.000000,2023-05-01 00:00:00.000000,Departamento,arriendo,agency
PI-2023-05-003788,portalinmobiliario,Estación Central,Metropolitana,320000,9.14,21.6,2023-05-05 00:00:00.000000,2023-05-29 00:00:00.000000,Departamento,ARRIENDO,agency
PI-2023-05-000173,portalinmobiliario,Cerrillos ,Metropolitana,730000,20.86,77.1,2023-03-29 00:00:00.000000,2023-05-01 00:00:00.000000,departamento,Arriendo,agency
PI-2023-05-001481,portalinmobiliario,Estación Central,Metropolitana,440000,12.57,45.2,2023-04-14 00:00:00.000000,2023-05-08 00:00:00.000000,Departamento,Arriendo,agency
PI-2023-05-001291,portalinmobiliario,Santiago,Metropolitana,545000,15.57,45.3,2023-04-09 00:00:00.000000,2023-05-08 00:00:00.000000,DEPARTAMENTO,Arriendo,agency
PI-2023-05-003713,portalinmobiliario,Las Condes,Metropolitana,1025000,29.29,41.1,2023-04-06 00:00:00.000000,2023-05-22 00:00:00.000000,DEPARTAMENTO,Arriendo,agency
PI-2023-05-003694,portalinmobiliario,Ñuñoa,Metropolitana,1020000,29.14,69.6,2023-03-20 00:00:00.000000,2023-05-22 00:00:00.000000,DEPARTAMENTO,Arriendo,owner_direct
PI-2023-05-001608,portalinmobiliario,Providencia,Metropolitana,800000,22.86,33.7,2023-04-22 00:00:00.000000,2023-05-08 00:00:00.000000,DEPARTAMENTO,ARRIENDO,owner_direct
PI-2023-05-003627,portalinmobiliario,Maipú,Metropolitana,555000,15.86,67.5,2023-04-27 00:00:00.000000,2023-05-22 00:00:00.000000,Departamento,Arriendo,owner_direct
PI-2023-05-000691,portalinmobiliario,Santiago,Metropolitana,425000,12.14,25.1,2023-03-19 00:00:00.000000,2023-05-01 00:00:00.000000,DEPARTAMENTO,ARRIENDO,agency
PI-2023-05-000730,portalinmobiliario,Independencia,Metropolitana,710000,20.29,75.4,2023-04-28 00:00:00.000000,2023-05-01 00:00:00.000000,Departamento,ARRIENDO,agency
PI-2023-05-004047,portalinmobiliario,Quinta Normal,Metropolitana,460000,13.14,42.7,2023-05-11 00:00:00.000000,2023-05-29 00:00:00.000000,departamento,Arriendo,agency
PI-2023-05-002962,portalinmobiliario,Quilicura,Metropolitana,390000,11.14,37.8,2023-03-16 00:00:00.000000,2023-05-22 00:00:00.000000,Departamento,arriendo,agency
PI-2023-05-000595,portalinmobiliario,La Reina,Metropolitana,860000,24.57,44.3,2023-04-19 00:00:00.000000,2023-05-01 00:00:00.000000,Departamento,Arriendo,agency
PI-2023-05-002780,portalinmobiliario,Providencia,Metropolitana,985000,28.14,45.4,2023-05-04 00:00:00.000000,2023-05-22 00:00:00.000000,DEPARTAMENTO,ARRIENDO,owner_direct
PI-2023-05-004254,portalinmobiliario,Macul,Metropolitana,470000,13.43,34.5,2023-05-09 00:00:00.000000,2023-05-29 00:00:00.000000,DEPARTAMENTO,arriendo,agency
PI-2023-05-002949,portalinmobiliario,Recoleta,Metropolitana,545000,15.57,57.9,2023-04-26 00:00:00.000000,2023-05-22 00:00:00.000000,Departamento,Arriendo,agency
PI-2023-05-000286,portalinmobiliario,Providencia,Metropolitana,1100000,31.43,56.7,2023-01-25 00:00:00.000000,2023-05-01 00:00:00.000000,Departamento,arriendo,agency
PI-2023-05-001270,portalinmobiliario,La Reina,Metropolitana,600000,17.14,28.4,2023-03-14 00:00:00.000000,2023-05-08 00:00:00.000000,DEPARTAMENTO,arriendo,agency
PI-2023-05-004173,portalinmobiliario,Huechuraba,Metropolitana,500000,14.29,38.1,2023-05-06 00:00:00.000000,2023-05-29 00:00:00.000000,departamento,ARRIENDO,agency
PI-2023-05-003674,portalinmobiliario,Quilicura,Metropolitana,450000,12.86,51.3,2023-04-15 00:00:00.000000,2023-05-22 00:00:00.000000,Departamento,Arriendo,owner_direct
PI-2023-05-003818,portalinmobiliario,Santiago,Metropolitana,665000,19.0,70.4,2023-05-22 00:00:00.000000,2023-05-29 00:00:00.000000,departamento,arriendo,agency
PI-2023-05-004615,portalinmobiliario,Peñalolén,Metropolitana,1115000,31.86,120.0,2023-05-20 00:00:00.000000,2023-05-29 00:00:00.000000,Departamento,Arriendo,owner_direct
PI-2023-05-003869,portalinmobiliario,Quinta Normal,Metropolitana,855000,24.43,115.6,2022-11-26 00:00:00.000000,2023-05-29 00:00:00.000000,DEPARTAMENTO,Arriendo,agency
PI-2023-05-004849,portalinmobiliario,Macul,Metropolitana,390000,11.14,37.6,2023-04-27 00:00:00.000000,2023-05-29 00:00:00.000000,Departamento,Arriendo,owner_direct
PI-2023-05-004707,portalinmobiliario,Recoleta,Metropolitana,580000,16.57,58.7,2023-05-02 00:00:00.000000,2023-05-29 00:00:00.000000,departamento,arriendo,owner_direct
PI-2023-05-002059,portalinmobiliario,Maipú,Metropolitana,615000,17.57,64.7,2023-05-11 00:00:00.000000,2023-05-15 00:00:00.000000,departamento,arriendo,agency
PI-2023-05-000125,portalinmobiliario,Las Condes,Metropolitana,850000,24.29,47.2,2023-04-25 00:00:00.000000,2023-05-01 00:00:00.000000,departamento,arriendo,agency
PI-2023-05-000497,portalinmobiliario,Providencia,Metropolitana,730000,20.86,32.0,2022-12-31 00:00:00.000000,2023-05-01 00:00:00.000000,DEPARTAMENTO,arriendo,agency
PI-2023-05-000049,portalinmobiliario,Quinta Normal,Metropolitana,425000,12.14,35.8,2023-04-12 00:00:00.000000,2023-05-01 00:00:00.000000,Departamento,ARRIENDO,agency
PI-2023-05-000067,portalinmobiliario,Quinta Normal,Metropolitana,505000,14.43,67.4,2023-04-02 00:00:00.000000,2023-05-01 00:00:00.000000,Departamento,ARRIENDO,agency
PI-2023-05-003033,portalinmobiliario,Estación Central,Metropolitana,1560000,44.57,36.7,2023-05-13 00:00:00.000000,2023-05-22 00:00:00.000000,departamento,Arriendo,agency
PI-2023-05-000840,portalinmobiliario,La Florida,Metropolitana,570000,16.29,74.2,2023-04-16 00:00:00.000000,2023-05-08 00:00:00.000000,DEPARTAMENTO,Arriendo,owner_direct
PI-2023-05-004207,portalinmobiliario,Santiago,Metropolitana,900000,25.71,86.9,2023-05-04 00:00:00.000000,2023-05-29 00:00:00.000000,departamento,ARRIENDO,owner_direct
PI-2023-05-001094,portalinmobiliario,ESTACIÓN CENTRAL,Metropolitana,470000,13.43,48.3,2023-04-12 00:00:00.000000,2023-05-08 00:00:00.000000,DEPARTAMENTO,Arriendo,owner_direct
PI-2023-05-001335,portalinmobiliario,Ñuñoa,Metropolitana,720000,20.57,31.7,2023-02-10 00:00:00.000000,2023-05-08 00:00:00.000000,DEPARTAMENTO,arriendo,agency
PI-2023-05-003558,portalinmobiliario,Estación Central,Metropolitana,465000,13.29,45.4,2023-05-10 00:00:00.000000,2023-05-22 00:00:00.000000,DEPARTAMENTO,arriendo,agency
PI-2023-05-004660,portalinmobiliario,Independencia,Metropolitana,625000,17.86,51.1,2023-03-30 00:00:00.000000,2023-05-29 00:00:00.000000,DEPARTAMENTO,ARRIENDO,owner_direct
PI-2023-05-001589,portalinmobiliario,Providencia,Metropolitana,8040000,229.71,40.8,2023-05-02 00:00:00.000000,2023-05-08 00:00:00.000000,Departamento,ARRIENDO,agency
PI-2023-05-002981,portalinmobiliario,Estación Central,Metropolitana,510000,14.57,48.7,2023-05-11 00:00:00.000000,2023-05-22 00:00:00.000000,Departamento,Arriendo,agency
PI-2023-05-004742,portalinmobiliario,Providencia,Metropolitana,1205000,34.43,63.2,2023-05-21 00:00:00.000000,2023-05-29 00:00:00.000000,departamento,Arriendo,agency
PI-2023-05-004823,portalinmobiliario,Independencia,Metropolitana,345000,9.86,26.1,2023-04-29 00:00:00.000000,2023-05-29 00:00:00.000000,Departamento,Arriendo,agency
PI-2023-05-004415,portalinmobiliario,Quinta Normal,Metropolitana,495000,14.14,48.1,2023-05-02 00:00:00.000000,2023-05-29 00:00:00.000000,DEPARTAMENTO,ARRIENDO,agency
PI-2023-05-000646,portalinmobiliario,Peñalolén,Metropolitana,445000,12.71,31.5,2023-03-18 00:00:00.000000,2023-05-01 00:00:00.000000,departamento,ARRIENDO,agency
PI-2023-05-001354,portalinmobiliario,Peñalolén,Metropolitana,570000,16.29,40.1,2023-04-12 00:00:00.000000,2023-05-08 00:00:00.000000,DEPARTAMENTO,ARRIENDO,agency
PI-2023-05-002786,portalinmobiliario,La Reina,Metropolitana,810000,23.14,47.4,2023-05-12 00:00:00.000000,2023-05-22 00:00:00.000000,DEPARTAMENTO,ARRIENDO,owner_direct
PI-2023-05-003653,portalinmobiliario,La Cisterna,Metropolitana,410000,11.71,27.5,2023-05-05 00:00:00.000000,2023-05-22 00:00:00.000000,DEPARTAMENTO,Arriendo,owner_direct
PI-2023-05-002077,portalinmobiliario,Recoleta,Metropolitana,620000,17.71,62.5,2023-03-25 00:00:00.000000,2023-05-15 00:00:00.000000,departamento,arriendo,owner_direct
PI-2023-05-002217,portalinmobiliario,Ñuñoa,Metropolitana,930000,26.57,60.6,2022-11-16 00:00:00.000000,2023-05-15 00:00:00.000000,DEPARTAMENTO,ARRIENDO,agency
PI-2023-05-002050,portalinmobiliario,Independencia,Metropolitana,425000,12.14,43.3,2023-03-21 00:00:00.000000,2023-05-15 00:00:00.000000,Departamento,Arriendo,owner_direct
PI-2023-05-000908,portalinmobiliario,Providencia,Metropolitana,945000,27.0,58.3,2023-04-19 00:00:00.000000,2023-05-08 00:00:00.000000,DEPARTAMENTO,arriendo,owner_direct
PI-2023-05-000105,portalinmobiliario,Providencia,Metropolitana,1260000,36.0,74.9,2023-04-16 00:00:00.000000,2023-05-01 00:00:00.000000,departamento,arriendo,agency
PI-2023-05-001775,portalinmobiliario,Macul,Metropolitana,620000,17.71,45.6,2023-04-14 00:00:00.000000,2023-05-15 00:00:00.000000,DEPARTAMENTO,Arriendo,agency
PI-2023-05-000858,portalinmobiliario,Maipú,Metropolitana,605000,17.29,99.0,2023-04-14 00:00:00.000000,2023-05-08 00:00:00.000000,departamento,arriendo,agency
PI-2023-05-001042,portalinmobiliario,Renca,Metropolitana,485000,13.86,64.1,2023-04-11 00:00:00.000000,2023-05-08 00:00:00.000000,Departamento,ARRIENDO,agency
PI-2023-05-003202,portalinmobiliario,Estación Central,Metropolitana,615000,17.57,64.2,2023-04-12 00:00:00.000000,2023-05-22 00:00:00.000000,departamento,Arriendo,agency
PI-2023-05-001053,portalinmobiliario,San Joaquín,Metropolitana,505000,14.43,37.8,2023-03-06 00:00:00.000000,2023-05-08 00:00:00.000000,DEPARTAMENTO,ARRIENDO,agency
PI-2023-05-001950,portalinmobiliario,Puente Alto,Metropolitana,495000,14.14,51.5,2023-04-19 00:00:00.000000,2023-05-15 00:00:00.000000,departamento,Arriendo,agency
PI-2023-05-004319,portalinmobiliario,San Joaquín,Metropolitana,495000,14.14,31.3,2023-03-31 00:00:00.000000,2023-05-29 00:00:00.000000,departamento,Arriendo,agency
PI-2023-05-000021,portalinmobiliario,Santiago,Metropolitana,710000,20.29,66.4,2023-04-08 00:00:00.000000,2023-05-01 00:00:00.000000,DEPARTAMENTO,ARRIENDO,agency
PI-2023-05-002012,portalinmobiliario,San Miguel,Metropolitana,550000,15.71,48.6,2023-04-26 00:00:00.000000,2023-05-15 00:00:00.000000,departamento,ARRIENDO,agency
PI-2023-05-002653,portalinmobiliario,Quilicura,Metropolitana,455000,13.0,41.3,2023-05-01 00:00:00.000000,2023-05-15 00:00:00.000000,departamento,Arriendo,agency
PI-2023-05-002624,portalinmobiliario,Santiago,Metropolitana,740000,21.14,64.8,2023-04-28 00:00:00.000000,2023-05-15 00:00:00.000000,departamento,arriendo,owner_direct
PI-2023-05-003844,portalinmobiliario,Cerrillos,Metropolitana,435000,12.43,32.2,2023-03-14 00:00:00.000000,2023-05-29 00:00:00.000000,DEPARTAMENTO,Arriendo,agency
PI-2023-05-002738,portalinmobiliario,La Florida,Metropolitana,610000,17.43,65.9,2023-05-03 00:00:00.000000,2023-05-15 00:00:00.000000,Departamento,arriendo,agency
PI-2023-05-000703,portalinmobiliario,La Reina,Metropolitana,755000,21.57,42.1,2023-04-10 00:00:00.000000,2023-05-01 00:00:00.000000,Departamento,ARRIENDO,agency
PI-2023-05-000270,portalinmobiliario,Independencia,Metropolitana,555000,15.86,46.2,2023-03-22 00:00:00.000000,2023-05-01 00:00:00.000000,Departamento,Arriendo,agency
PI-2023-05-002257,portalinmobiliario,Lo Barnechea,Metropolitana,1085000,31.0,61.1,2023-04-22 00:00:00.000000,2023-05-15 00:00:00.000000,Departamento,arriendo,agency
PI-2023-05-004558,portalinmobiliario,Santiago,Metropolitana,815000,23.29,72.8,2023-05-11 00:00:00.000000,2023-05-29 00:00:00.000000,DEPARTAMENTO,ARRIENDO,owner_direct
PI-2023-05-001432,portalinmobiliario,La Florida,Metropolitana,470000,13.43,39.8,2023-04-16 00:00:00.000000,2023-05-08 00:00:00.000000,departamento,arriendo,agency
PI-2023-05-000827,portalinmobiliario,La Cisterna,Metropolitana,600000,17.14,67.8,2023-04-27 00:00:00.000000,2023-05-08 00:00:00.000000,Departamento,Arriendo,agency
PI-2023-05-001746,portalinmobiliario,Macul,Metropolitana,575000,16.43,49.1,2023-03-10 00:00:00.000000,2023-05-08 00:00:00.000000,departamento,ARRIENDO,owner_direct
PI-2023-05-002990,portalinmobiliario,Estación Central,Metropolitana,585000,16.71,64.8,2023-05-04 00:00:00.000000,2023-05-22 00:00:00.000000,DEPARTAMENTO,arriendo,agency
PI-2023-05-002291,portalinmobiliario,Puente Alto,Metropolitana,300000,8.57,40.8,2023-05-08 00:00:00.000000,2023-05-15 00:00:00.000000,DEPARTAMENTO,Arriendo,agency
PI-2023-05-004459,portalinmobiliario,Las Condes,Metropolitana,845000,24.14,33.1,2023-05-15 00:00:00.000000,2023-05-29 00:00:00.000000,DEPARTAMENTO,Arriendo,owner_direct
PI-2023-05-001705,portalinmobiliario,La Reina,Metropolitana,660000,18.86,27.6,2023-05-01 00:00:00.000000,2023-05-08 00:00:00.000000,DEPARTAMENTO,Arriendo,agency
PI-2023-05-002648,portalinmobiliario,Santiago,Metropolitana,375000,10.71,34.0,2023-02-26 00:00:00.000000,2023-05-15 00:00:00.000000,Departamento,ARRIENDO,agency
PI-2023-05-003402,portalinmobiliario,Santiago,Metropolitana,1070000,30.57,104.1,2023-03-30 00:00:00.000000,2023-05-22 00:00:00.000000,Departamento,arriendo,agency
PI-2023-05-003812,portalinmobiliario,Peñalolén,Metropolitana,510000,14.57,36.9,2023-05-09 00:00:00.000000,2023-05-29 00:00:00.000000,departamento,ARRIENDO,owner_direct
PI-2023-05-002783,portalinmobiliario,Independencia,Metropolitana,350000,10.0,36.2,2023-05-03 00:00:00.000000,2023-05-22 00:00:00.000000,DEPARTAMENTO,ARRIENDO,agency
PI-2023-05-001185,portalinmobiliario,Maipú,Metropolitana,515000,14.71,55.5,2023-04-01 00:00:00.000000,2023-05-08 00:00:00.000000,Departamento,arriendo,owner_direct
PI-2023-05-002402,portalinmobiliario,Maipú,Metropolitana,555000,15.86,56.5,2023-05-09 00:00:00.000000,2023-05-15 00:00:00.000000,DEPARTAMENTO,ARRIENDO,agency
PI-2023-05-001905,portalinmobiliario,LA FLORIDA,Metropolitana,580000,16.57,61.6,2023-04-16 00:00:00.000000,2023-05-15 00:00:00.000000,Departamento,Arriendo,agency
PI-2023-05-004751,portalinmobiliario,Lo Barnechea,Metropolitana,840000,24.0,33.3,2023-04-06 00:00:00.000000,2023-05-29 00:00:00.000000,Departamento,ARRIENDO,owner_direct
PI-2023-05-001533,portalinmobiliario,San Miguel,Metropolitana,530000,15.14,31.4,2023-04-12 00:00:00.000000,2023-05-08 00:00:00.000000,Departamento,ARRIENDO,agency
PI-2023-05-003525,portalinmobiliario,Providencia,Metropolitana,7115000,203.29,650.0,2023-04-19 00:00:00.000000,2023-05-22 00:00:00.000000,departamento,Arriendo,agency
PI-2023-05-000732,portalinmobiliario,Recoleta,Metropolitana,510000,14.57,47.7,2023-04-28 00:00:00.000000,2023-05-01 00:00:00.000000,departamento,Arriendo,agency
PI-2023-05-000918,portalinmobiliario,Quinta Normal,Metropolitana,595000,17.0,65.3,2023-04-17 00:00:00.000000,2023-05-08 00:00:00.000000,departamento,Arriendo,agency
PI-2023-05-000276,portalinmobiliario,Las Condes,Metropolitana,990000,28.29,45.7,2023-04-15 00:00:00.000000,2023-05-01 00:00:00.000000,departamento,arriendo,owner_direct
PI-2023-05-004215,portalinmobiliario,San Joaquín,Metropolitana,635000,18.14,67.5,2023-05-14 00:00:00.000000,2023-05-29 00:00:00.000000,Departamento,Arriendo,owner_direct
PI-2023-05-002074,portalinmobiliario,Peñalolén,Metropolitana,765000,21.86,75.5,2023-04-23 00:00:00.000000,2023-05-15 00:00:00.000000,Departamento,Arriendo,owner_direct
PI-2023-05-004747,portalinmobiliario,Macul,Metropolitana,570000,16.29,45.3,2023-05-08 00:00:00.000000,2023-05-29 00:00:00.000000,departamento,ARRIENDO,owner_direct
PI-2023-05-003269,portalinmobiliario,Peñalolén,Metropolitana,470000,13.43,35.6,2023-05-14 00:00:00.000000,2023-05-22 00:00:00.000000,DEPARTAMENTO,Arriendo,agency
PI-2023-05-002495,portalinmobiliario,Las Condes,Metropolitana,1020000,29.14,55.2,2023-04-21 00:00:00.000000,2023-05-15 00:00:00.000000,DEPARTAMENTO,ARRIENDO,agency
PI-2023-05-002462,portalinmobiliario,Santiago,Metropolitana,545000,15.57,43.4,2023-04-10 00:00:00.000000,2023-05-15 00:00:00.000000,departamento,ARRIENDO,agency
PI-2023-05-000728,portalinmobiliario,Vitacura,Metropolitana,1145000,32.71,49.4,2023-03-24 00:00:00.000000,2023-05-01 00:00:00.000000,DEPARTAMENTO,Arriendo,owner_direct
PI-2023-05-003946,portalinmobiliario,Huechuraba,Metropolitana,595000,17.0,52.4,2023-05-13 00:00:00.000000,2023-05-29 00:00:00.000000,Departamento,ARRIENDO,owner_direct
PI-2023-05-003529,portalinmobiliario,San Joaquín,Metropolitana,375000,10.71,33.3,2023-04-10 00:00:00.000000,2023-05-22 00:00:00.000000,DEPARTAMENTO,Arriendo,owner_direct
PI-2023-05-003853,portalinmobiliario,La Cisterna,Metropolitana,1040000,29.71,147.7,2023-05-25 00:00:00.000000,2023-05-29 00:00:00.000000,departamento,Arriendo,agency
PI-2023-05-003209,portalinmobiliario,Ñuñoa,Metropolitana,1195000,34.14,80.1,2023-05-13 00:00:00.000000,2023-05-22 00:00:00.000000,Departamento,ARRIENDO,agency
PI-2023-05-001713,portalinmobiliario,La Reina,Metropolitana,735000,21.0,49.6,2023-04-28 00:00:00.000000,2023-05-08 00:00:00.000000,departamento,ARRIENDO,owner_direct
PI-2023-05-004480,portalinmobiliario,Santiago,Metropolitana,6015000,171.86,46.5,2023-04-13 00:00:00.000000,2023-05-29 00:00:00.000000,DEPARTAMENTO,ARRIENDO,owner_direct
PI-2023-05-001010,portalinmobiliario,Santiago,Metropolitana,590000,16.86,41.6,2023-04-21 00:00:00.000000,2023-05-08 00:00:00.000000,Departamento,ARRIENDO,owner_direct
PI-2023-05-001544,portalinmobiliario,Puente Alto,Metropolitana,370000,10.57,33.0,2023-02-19 00:00:00.000000,2023-05-08 00:00:00.000000,departamento,ARRIENDO,agency
PI-2023-05-000432,portalinmobiliario,Conchalí,Metropolitana,800000,22.86,109.0,2023-04-06 00:00:00.000000,2023-05-01 00:00:00.000000,DEPARTAMENTO,arriendo,owner_direct
PI-2023-05-000551,portalinmobiliario,Macul,Metropolitana,560000,16.0,46.6,2023-04-09 00:00:00.000000,2023-05-01 00:00:00.000000,Departamento,ARRIENDO,agency
PI-2023-05-002789,portalinmobiliario,Providencia,Metropolitana,1025000,29.29,75.2,2023-03-03 00:00:00.000000,2023-05-22 00:00:00.000000,departamento,arriendo,owner_direct
PI-2023-05-003978,portalinmobiliario,Ñuñoa,Metropolitana,540000,15.43,23.0,2023-01-19 00:00:00.000000,2023-05-29 00:00:00.000000,Departamento,Arriendo,agency
PI-2023-05-001218,portalinmobiliario,Santiago,Metropolitana,550000,15.71,49.0,2023-04-25 00:00:00.000000,2023-05-08 00:00:00.000000,Departamento,Arriendo,owner_direct
PI-2023-05-000669,portalinmobiliario,Santiago,Metropolitana,645000,18.43,62.3,2023-03-14 00:00:00.000000,2023-05-01 00:00:00.000000,DEPARTAMENTO,Arriendo,agency
PI-2023-05-000970,portalinmobiliario,Estación Central,Metropolitana,400000,11.43,40.3,2023-05-05 00:00:00.000000,2023-05-08 00:00:00.000000,Departamento,Arriendo,agency
PI-2023-05-001817,portalinmobiliario,Maipú,Metropolitana,530000,15.14,63.6,2023-04-03 00:00:00.000000,2023-05-15 00:00:00.000000,Departamento,arriendo,owner_direct
PI-2023-05-002352,portalinmobiliario,Macul,Metropolitana,480000,13.71,42.9,2023-04-27 00:00:00.000000,2023-05-15 00:00:00.000000,departamento,Arriendo,owner_direct
PI-2023-05-001545,portalinmobiliario,La Florida,Metropolitana,525000,15.0,41.5,2023-03-08 00:00:00.000000,2023-05-08 00:00:00.000000,Departamento,arriendo,owner_direct
PI-2023-05-002497,portalinmobiliario,Maipú,Metropolitana,415000,11.86,37.8,2023-04-05 00:00:00.000000,2023-05-15 00:00:00.000000,Departamento,Arriendo,agency
PI-2023-05-000546,portalinmobiliario,Recoleta,Metropolitana,530000,15.14,47.0,2023-04-05 00:00:00.000000,2023-05-01 00:00:00.000000,departamento,ARRIENDO,agency
PI-2023-05-002553,portalinmobiliario,La Reina,Metropolitana,690000,19.71,41.1,2023-04-26 00:00:00.000000,2023-05-15 00:00:00.000000,Departamento,ARRIENDO,owner_direct
PI-2023-05-003498,portalinmobiliario,Providencia,Metropolitana,815000,23.29,30.5,2023-04-16 00:00:00.000000,2023-05-22 00:00:00.000000,Departamento,arriendo,agency
PI-2023-05-004437,portalinmobiliario,Santiago,Metropolitana,740000,21.14,77.3,2023-05-16 00:00:00.000000,2023-05-29 00:00:00.000000,departamento,Arriendo,agency
PI-2023-05-003798,portalinmobiliario,San Miguel,Metropolitana,515000,14.71,35.2,2023-03-15 00:00:00.000000,2023-05-29 00:00:00.000000,departamento,arriendo,agency
PI-2023-05-001522,portalinmobiliario,Recoleta,Metropolitana,600000,17.14,63.9,2023-04-22 00:00:00.000000,2023-05-08 00:00:00.000000,DEPARTAMENTO,Arriendo,agency
PI-2023-05-001397,portalinmobiliario,Independencia,Metropolitana,415000,11.86,33.9,2023-02-14 00:00:00.000000,2023-05-08 00:00:00.000000,Departamento,ARRIENDO,owner_direct
PI-2023-05-002816,portalinmobiliario,Peñalolén,Metropolitana,375000,10.71,38.5,2023-05-03 00:00:00.000000,2023-05-22 00:00:00.000000,DEPARTAMENTO,arriendo,owner_direct
PI-2023-05-001673,portalinmobiliario,Estación Central,Metropolitana,720000,20.57,88.4,2023-03-22 00:00:00.000000,2023-05-08 00:00:00.000000,Departamento,arriendo,agency
PI-2023-05-002357,portalinmobiliario,Las Condes,Metropolitana,985000,28.14,39.4,2023-05-11 00:00:00.000000,2023-05-15 00:00:00.000000,DEPARTAMENTO,Arriendo,owner_direct
PI-2023-05-001525,portalinmobiliario,san miguel,Metropolitana,400000,11.43,28.0,2023-03-22 00:00:00.000000,2023-05-08 00:00:00.000000,DEPARTAMENTO,Arriendo,agency
PI-2023-05-001957,portalinmobiliario,Peñalolén,Metropolitana,735000,21.0,67.6,2023-01-10 00:00:00.000000,2023-05-15 00:00:00.000000,departamento,ARRIENDO,agency
PI-2023-05-003556,portalinmobiliario,Providencia,Metropolitana,830000,23.71,40.5,2023-05-09 00:00:00.000000,2023-05-22 00:00:00.000000,Departamento,Arriendo,owner_direct
PI-2023-05-001305,portalinmobiliario,Macul,Metropolitana,525000,15.0,39.2,2023-04-16 00:00:00.000000,2023-05-08 00:00:00.000000,DEPARTAMENTO,arriendo,agency
PI-2023-05-001345,portalinmobiliario,Renca,Metropolitana,550000,15.71,66.9,2023-04-23 00:00:00.000000,2023-05-08 00:00:00.000000,departamento,arriendo,agency
PI-2023-05-002815,portalinmobiliario,Las Condes,Metropolitana,860000,24.57,44.3,2023-01-18 00:00:00.000000,2023-05-22 00:00:00.000000,DEPARTAMENTO,arriendo,agency
PI-2023-05-003983,portalinmobiliario,Peñalolén,Metropolitana,490000,14.0,42.6,2023-05-22 00:00:00.000000,2023-05-29 00:00:00.000000,departamento,arriendo,owner_direct
PI-2023-05-000387,portalinmobiliario,CONCHALÍ,Metropolitana,525000,15.0,63.4,2023-04-13 00:00:00.000000,2023-05-01 00:00:00.000000,Departamento,Arriendo,agency
PI-2023-05-000557,portalinmobiliario,La Cisterna,Metropolitana,465000,13.29,36.3,2023-04-21 00:00:00.000000,2023-05-01 00:00:00.000000,Departamento,arriendo,agency
PI-2023-05-004598,portalinmobiliario,Las Condes,Metropolitana,1710000,48.86,113.9,2023-04-06 00:00:00.000000,2023-05-29 00:00:00.000000,departamento,ARRIENDO,agency
PI-2023-05-004323,portalinmobiliario,Recoleta,Metropolitana,480000,13.71,43.3,2023-05-21 00:00:00.000000,2023-05-29 00:00:00.000000,departamento,Arriendo,owner_direct
PI-2023-05-000211,portalinmobiliario,Vitacura,Metropolitana,900000,25.71,36.2,2023-04-22 00:00:00.000000,2023-05-01 00:00:00.000000,departamento,arriendo,owner_direct
PI-2023-05-001040,portalinmobiliario,Lo Barnechea,Metropolitana,725000,20.71,30.7,2022-11-19 00:00:00.000000,2023-05-08 00:00:00.000000,Departamento,ARRIENDO,owner_direct
PI-2023-05-004450,portalinmobiliario,San Miguel,Metropolitana,540000,15.43,40.4,2023-01-23 00:00:00.000000,2023-05-29 00:00:00.000000,DEPARTAMENTO,arriendo,agency
PI-2023-05-004186,portalinmobiliario,Vitacura,Metropolitana,1155000,33.0,41.7,2023-05-20 00:00:00.000000,2023-05-29 00:00:00.000000,departamento,arriendo,agency
PI-2023-05-001813,portalinmobiliario,San Miguel,Metropolitana,550000,15.71,50.6,2023-04-13 00:00:00.000000,2023-05-15 00:00:00.000000,DEPARTAMENTO,Arriendo,agency
PI-2023-05-001820,portalinmobiliario,Las Condes,Metropolitana,835000,23.86,41.2,2023-03-26 00:00:00.000000,2023-05-15 00:00:00.000000,DEPARTAMENTO,ARRIENDO,agency
PI-2023-05-003135,portalinmobiliario,Santiago,Metropolitana,670000,19.14,46.7,2023-04-04 00:00:00.000000,2023-05-22 00:00:00.000000,DEPARTAMENTO,arriendo,agency
PI-2023-05-002898,portalinmobiliario,Quinta Normal,Metropolitana,405000,11.57,47.2,2023-04-29 00:00:00.000000,2023-05-22 00:00:00.000000,Departamento,Arriendo,owner_direct
PI-2023-05-002190,portalinmobiliario,Santiago,Metropolitana,725000,20.71,57.6,2023-04-29 00:00:00.000000,2023-05-15 00:00:00.000000,departamento,ARRIENDO,owner_direct
PI-2023-05-002546,portalinmobiliario,Estación Central,Metropolitana,4625000,132.14,36.9,2023-04-11 00:00:00.000000,2023-05-15 00:00:00.000000,DEPARTAMENTO,ARRIENDO,agency
PI-2023-05-002327,portalinmobiliario,La Florida,Metropolitana,335000,9.57,40.2,2023-05-10 00:00:00.000000,2023-05-15 00:00:00.000000,Departamento,ARRIENDO,owner_direct
PI-2023-05-002920,portalinmobiliario,La Cisterna,Metropolitana,485000,13.86,41.7,2023-04-15 00:00:00.000000,2023-05-22 00:00:00.000000,Departamento,arriendo,agency
PI-2023-05-003072,portalinmobiliario,Pudahuel,Metropolitana,490000,14.0,60.8,2023-05-10 00:00:00.000000,2023-05-22 00:00:00.000000,departamento,ARRIENDO,agency
PI-2023-05-003657,portalinmobiliario,Las Condes,Metropolitana,740000,21.14,32.4,2022-11-16 00:00:00.000000,2023-05-22 00:00:00.000000,departamento,ARRIENDO,agency
PI-2023-05-003569,portalinmobiliario,La Cisterna,Metropolitana,525000,15.0,57.3,2023-04-17 00:00:00.000000,2023-05-22 00:00:00.000000,DEPARTAMENTO,arriendo,agency
PI-2023-05-003786,portalinmobiliario,Providencia,Metropolitana,935000,26.71,50.9,2023-05-25 00:00:00.000000,2023-05-29 00:00:00.000000,departamento,arriendo,agency
PI-2023-05-001321,portalinmobiliario,Recoleta,Metropolitana,420000,12.0,42.1,2023-04-26 00:00:00.000000,2023-05-08 00:00:00.000000,departamento,arriendo,agency
PI-2023-05-000081,portalinmobiliario,Huechuraba,Metropolitana,660000,18.86,54.7,2023-03-18 00:00:00.000000,2023-05-01 00:00:00.000000,DEPARTAMENTO,arriendo,agency
PI-2023-05-000094,portalinmobiliario,Pudahuel,Metropolitana,470000,13.43,60.3,2023-04-13 00:00:00.000000,2023-05-01 00:00:00.000000,departamento,arriendo,agency
PI-2023-05-003188,portalinmobiliario,Santiago,Metropolitana,615000,17.57,46.2,2023-04-25 00:00:00.000000,2023-05-22 00:00:00.000000,Departamento,arriendo,agency
PI-2023-05-000869,portalinmobiliario,Independencia,Metropolitana,435000,12.43,45.1,2023-03-24 00:00:00.000000,2023-05-08 00:00:00.000000,departamento,arriendo,agency
PI-2023-05-004793,portalinmobiliario,La Florida,Metropolitana,575000,16.43,49.4,2023-03-01 00:00:00.000000,2023-05-29 00:00:00.000000,DEPARTAMENTO,ARRIENDO,owner_direct
PI-2023-05-001319,portalinmobiliario,La Florida,Metropolitana,580000,16.57,58.8,2022-12-03 00:00:00.000000,2023-05-08 00:00:00.000000,DEPARTAMENTO,Arriendo,owner_direct
PI-2023-05-001630,portalinmobiliario,Santiago,Metropolitana,625000,17.86,48.8,2022-11-13 00:00:00.000000,2023-05-08 00:00:00.000000,Departamento,Arriendo,owner_direct
PI-2023-05-001240,portalinmobiliario,Cerrillos,Metropolitana,645000,18.43,62.9,2023-03-28 00:00:00.000000,2023-05-08 00:00:00.000000,departamento,ARRIENDO,agency
PI-2023-05-002827,portalinmobiliario,Huechuraba,Metropolitana,460000,13.14,31.6,2023-04-22 00:00:00.000000,2023-05-22 00:00:00.000000,DEPARTAMENTO,arriendo,agency
PI-2023-05-002992,portalinmobiliario,San Joaquín,Metropolitana,470000,13.43,44.8,2023-04-30 00:00:00.000000,2023-05-22 00:00:00.000000,Departamento,ARRIENDO,owner_direct
PI-2023-05-003312,portalinmobiliario,Providencia,Metropolitana,860000,24.57,50.3,2023-04-24 00:00:00.000000,2023-05-22 00:00:00.000000,Departamento,arriendo,agency
PI-2023-05-000441,portalinmobiliario,Recoleta,Metropolitana,760000,21.71,77.5,2023-04-21 00:00:00.000000,2023-05-01 00:00:00.000000,departamento,arriendo,agency
PI-2023-05-003102,portalinmobiliario,Cerrillos,Metropolitana,455000,13.0,50.4,2022-12-25 00:00:00.000000,2023-05-22 00:00:00.000000,departamento,arriendo,agency
PI-2023-05-003675,portalinmobiliario,Recoleta,Metropolitana,5065000,144.71,61.4,2023-05-17 00:00:00.000000,2023-05-22 00:00:00.000000,departamento,Arriendo,agency
PI-2023-05-000007,portalinmobiliario,Estación Central,Metropolitana,400000,11.43,33.3,2023-04-26 00:00:00.000000,2023-05-01 00:00:00.000000,departamento,Arriendo,agency
PI-2023-05-000659,portalinmobiliario,Macul,Metropolitana,505000,,32.8,2023-03-29 00:00:00.000000,2023-05-01 00:00:00.000000,Departamento,arriendo,agency
PI-2023-05-001468,portalinmobiliario,Santiago,Metropolitana,420000,12.0,27.4,2023-04-07 00:00:00.000000,2023-05-08 00:00:00.000000,Departamento,ARRIENDO,owner_direct
PI-2023-05-001422,portalinmobiliario,Lo Barnechea,Metropolitana,1010000,28.86,84.2,2023-04-29 00:00:00.000000,2023-05-08 00:00:00.000000,departamento,arriendo,owner_direct
PI-2023-05-002538,portalinmobiliario,Cerrillos,Metropolitana,450000,12.86,46.0,2023-04-08 00:00:00.000000,2023-05-15 00:00:00.000000,Departamento,arriendo,agency
PI-2023-05-003639,portalinmobiliario,Estación Central,Metropolitana,415000,11.86,43.8,2023-04-29 00:00:00.000000,2023-05-22 00:00:00.000000,DEPARTAMENTO,Arriendo,agency
PI-2023-05-004242,portalinmobiliario,La Florida,Metropolitana,345000,9.86,23.5,2023-04-29 00:00:00.000000,2023-05-29 00:00:00.000000,departamento,ARRIENDO,agency
PI-2023-05-003412,portalinmobiliario,Lo Barnechea,Metropolitana,825000,23.57,36.8,2023-04-28 00:00:00.000000,2023-05-22 00:00:00.000000,DEPARTAMENTO,arriendo,owner_direct
PI-2023-05-004591,portalinmobiliario,Conchalí,Metropolitana,970000,27.71,146.9,2023-05-16 00:00:00.000000,2023-05-29 00:00:00.000000,departamento,Arriendo,owner_direct
PI-2023-05-003791,portalinmobiliario,SANTIAGO,Metropolitana,470000,13.43,34.3,2023-05-15 00:00:00.000000,2023-05-29 00:00:00.000000,departamento,arriendo,owner_direct
PI-2023-05-000853,portalinmobiliario,Peñalolén,Metropolitana,1070000,30.57,128.4,2023-04-29 00:00:00.000000,2023-05-08 00:00:00.000000,Departamento,arriendo,agency
PI-2023-05-003256,portalinmobiliario,Providencia,Metropolitana,1250000,35.71,86.0,2023-05-09 00:00:00.000000,2023-05-22 00:00:00.000000,Departamento,ARRIENDO,owner_direct
PI-2023-05-002343,portalinmobiliario,La Reina,Metropolitana,655000,18.71,53.1,2023-05-11 00:00:00.000000,2023-05-15 00:00:00.000000,DEPARTAMENTO,ARRIENDO,owner_direct
PI-2023-05-002195,portalinmobiliario,Santiago,Metropolitana,485000,13.86,34.6,2023-04-12 00:00:00.000000,2023-05-15 00:00:00.000000,Departamento,arriendo,agency
PI-2023-05-001494,portalinmobiliario,Santiago,Metropolitana,995000,28.43,100.6,2023-04-04 00:00:00.000000,2023-05-08 00:00:00.000000,Departamento,arriendo,agency
PI-2023-05-002547,portalinmobiliario,La Reina,Metropolitana,710000,20.29,44.7,2023-05-04 00:00:00.000000,2023-05-15 00:00:00.000000,departamento,Arriendo,agency
PI-2023-05-002802,portalinmobiliario,Puente Alto,Metropolitana,375000,10.71,44.7,2023-05-16 00:00:00.000000,2023-05-22 00:00:00.000000,Departamento,Arriendo,owner_direct
PI-2023-05-000196,portalinmobiliario,La Florida,Metropolitana,425000,12.14,50.6,2023-04-16 00:00:00.000000,2023-05-01 00:00:00.000000,departamento,ARRIENDO,agency
PI-2023-05-001141,portalinmobiliario,ñuñoa,Metropolitana,525000,15.0,39.9,2023-04-22 00:00:00.000000,2023-05-08 00:00:00.000000,DEPARTAMENTO,Arriendo,owner_direct
PI-2023-05-004394,portalinmobiliario,la florida,Metropolitana,485000,13.86,38.6,2023-05-16 00:00:00.000000,2023-05-29 00:00:00.000000,Departamento,ARRIENDO,agency
PI-2023-05-000427,portalinmobiliario,Maipú,Metropolitana,665000,19.0,75.3,2023-04-07 00:00:00.000000,2023-05-01 00:00:00.000000,Departamento,ARRIENDO,agency
PI-2023-05-001118,portalinmobiliario,huechuraba,Metropolitana,8180000,233.71,1200.0,2023-04-17 00:00:00.000000,2023-05-08 00:00:00.000000,departamento,Arriendo,agency
PI-2023-05-001485,portalinmobiliario,Recoleta,Metropolitana,610000,17.43,68.6,2023-04-22 00:00:00.000000,2023-05-08 00:00:00.000000,Departamento,ARRIENDO,agency
PI-2023-05-001244,portalinmobiliario,San Joaquín,Metropolitana,645000,18.43,86.5,2023-04-07 00:00:00.000000,2023-05-08 00:00:00.000000,departamento,ARRIENDO,agency
PI-2023-05-001929,portalinmobiliario,Ñuñoa,Metropolitana,1075000,30.71,58.5,2023-01-20 00:00:00.000000,2023-05-15 00:00:00.000000,departamento,arriendo,owner_direct
PI-2023-05-001622,portalinmobiliario,Independencia,Metropolitana,415000,11.86,34.8,2023-05-04 00:00:00.000000,2023-05-08 00:00:00.000000,Departamento,arriendo,owner_direct
PI-2023-05-000104,portalinmobiliario,Macul,Metropolitana,470000,13.43,38.1,2023-04-08 00:00:00.000000,2023-05-01 00:00:00.000000,Departamento,Arriendo,owner_direct
PI-2023-05-004052,portalinmobiliario,Santiago,Metropolitana,415000,11.86,29.7,2023-05-09 00:00:00.000000,2023-05-29 00:00:00.000000,DEPARTAMENTO,ARRIENDO,agency
PI-2023-05-000763,portalinmobiliario,La Florida,Metropolitana,435000,12.43,45.3,2023-04-14 00:00:00.000000,2023-05-01 00:00:00.000000,Departamento,Arriendo,agency
PI-2023-05-001260,portalinmobiliario,Recoleta,Metropolitana,695000,19.86,66.4,2023-03-26 00:00:00.000000,2023-05-08 00:00:00.000000,departamento,Arriendo,agency
PI-2023-05-000895,portalinmobiliario,Providencia,Metropolitana,775000,22.14,34.2,2023-04-19 00:00:00.000000,2023-05-08 00:00:00.000000,departamento,ARRIENDO,owner_direct
PI-2023-05-000814,portalinmobiliario,Vitacura,Metropolitana,945000,27.0,34.7,2023-04-21 00:00:00.000000,2023-05-01 00:00:00.000000,DEPARTAMENTO,arriendo,agency
PI-2023-05-001846,portalinmobiliario,Santiago,Metropolitana,460000,13.14,31.4,2023-04-08 00:00:00.000000,2023-05-15 00:00:00.000000,DEPARTAMENTO,arriendo,owner_direct
PI-2023-05-001694,portalinmobiliario,Macul,Metropolitana,810000,23.14,76.5,2023-04-24 00:00:00.000000,2023-05-08 00:00:00.000000,DEPARTAMENTO,Arriendo,owner_direct
PI-2023-05-004644,portalinmobiliario,Puente Alto,Metropolitana,3105000,88.71,650.0,2023-05-04 00:00:00.000000,2023-05-29 00:00:00.000000,departamento,arriendo,owner_direct
PI-2023-05-004517,portalinmobiliario,Recoleta,Metropolitana,415000,11.86,43.4,2023-05-12 00:00:00.000000,2023-05-29 00:00:00.000000,DEPARTAMENTO,ARRIENDO,owner_direct
PI-2023-05-002295,portalinmobiliario,San Miguel,Metropolitana,420000,12.0,29.2,2023-05-12 00:00:00.000000,2023-05-15 00:00:00.000000,Departamento,arriendo,agency
PI-2023-05-002884,portalinmobiliario,Lo Barnechea,Metropolitana,1140000,32.57,53.2,2023-05-07 00:00:00.000000,2023-05-22 00:00:00.000000,Departamento,Arriendo,owner_direct
PI-2023-05-001509,portalinmobiliario,La Florida,Metropolitana,590000,16.86,59.9,2023-04-26 00:00:00.000000,2023-05-08 00:00:00.000000,Departamento,arriendo,agency
PI-2023-05-000462,portalinmobiliario,La Florida,Metropolitana,455000,13.0,37.4,2023-03-30 00:00:00.000000,2023-05-01 00:00:00.000000,departamento,arriendo,agency
PI-2023-05-000193,portalinmobiliario,Huechuraba,Metropolitana,440000,12.57,34.1,2022-11-30 00:00:00.000000,2023-05-01 00:00:00.000000,departamento,arriendo,agency
PI-2023-05-004468,portalinmobiliario,Santiago,Metropolitana,925000,26.43,93.5,2023-05-12 00:00:00.000000,2023-05-29 00:00:00.000000,DEPARTAMENTO,Arriendo,owner_direct
PI-2023-05-003095,portalinmobiliario,San Miguel,Metropolitana,595000,17.0,55.5,2023-04-28 00:00:00.000000,2023-05-22 00:00:00.000000,Departamento,arriendo,owner_direct
PI-2023-05-003815,portalinmobiliario,La Florida,Metropolitana,745000,21.29,87.9,2023-04-09 00:00:00.000000,2023-05-29 00:00:00.000000,Departamento,ARRIENDO,agency
PI-2023-05-000530,portalinmobiliario,Ñuñoa,Metropolitana,640000,18.29,36.8,2023-04-21 00:00:00.000000,2023-05-01 00:00:00.000000,departamento,Arriendo,agency
PI-2023-05-004485,portalinmobiliario,Vitacura,Metropolitana,1420000,40.57,62.8,2023-05-26 00:00:00.000000,2023-05-29 00:00:00.000000,Departamento,Arriendo,agency
PI-2023-05-001912,portalinmobiliario,Providencia,Metropolitana,1025000,29.29,55.7,2023-04-28 00:00:00.000000,2023-05-15 00:00:00.000000,DEPARTAMENTO,Arriendo,owner_direct
PI-2023-05-000234,portalinmobiliario,Huechuraba,Metropolitana,830000,23.71,56.8,2022-10-19 00:00:00.000000,2023-05-01 00:00:00.000000,Departamento,Arriendo,agency
PI-2023-05-003348,portalinmobiliario,Huechuraba,Metropolitana,645000,18.43,51.5,2023-04-04 00:00:00.000000,2023-05-22 00:00:00.000000,Departamento,arriendo,owner_direct
PI-2023-05-003087,portalinmobiliario,Lo Barnechea,Metropolitana,865000,24.71,32.7,2023-02-13 00:00:00.000000,2023-05-22 00:00:00.000000,departamento,Arriendo,owner_direct
PI-2023-05-003741,portalinmobiliario,Quilicura,Metropolitana,490000,14.0,60.3,2023-05-03 00:00:00.000000,2023-05-22 00:00:00.000000,departamento,ARRIENDO,owner_direct
PI-2023-05-000344,portalinmobiliario,Huechuraba,Metropolitana,780000,22.29,62.4,2023-04-07 00:00:00.000000,2023-05-01 00:00:00.000000,Departamento,arriendo,owner_direct
PI-2023-05-003824,portalinmobiliario,la florida,Metropolitana,460000,13.14,35.0,2023-04-29 00:00:00.000000,2023-05-29 00:00:00.000000,departamento,arriendo,agency
PI-2023-05-000180,portalinmobiliario,Pudahuel ,Metropolitana,675000,19.29,95.4,2023-04-16 00:00:00.000000,2023-05-01 00:00:00.000000,DEPARTAMENTO,arriendo,agency
PI-2023-05-002276,portalinmobiliario,Vitacura,Metropolitana,1040000,29.71,40.5,2022-10-23 00:00:00.000000,2023-05-15 00:00:00.000000,Departamento,arriendo,agency
PI-2023-05-001334,portalinmobiliario,Ñuñoa,Metropolitana,640000,18.29,49.9,2023-04-17 00:00:00.000000,2023-05-08 00:00:00.000000,Departamento,ARRIENDO,agency
PI-2023-05-001400,portalinmobiliario,La Reina,Metropolitana,740000,21.14,50.8,2023-04-08 00:00:00.000000,2023-05-08 00:00:00.000000,departamento,ARRIENDO,owner_direct
PI-2023-05-001530,portalinmobiliario,La Florida,Metropolitana,440000,12.57,31.1,2023-03-20 00:00:00.000000,2023-05-08 00:00:00.000000,departamento,arriendo,agency
PI-2023-05-001047,portalinmobiliario,San Joaquín,Metropolitana,525000,15.0,47.8,2023-03-11 00:00:00.000000,2023-05-08 00:00:00.000000,DEPARTAMENTO,arriendo,owner_direct
PI-2023-05-001430,portalinmobiliario,Peñalolén,Metropolitana,670000,19.14,70.8,2023-03-25 00:00:00.000000,2023-05-08 00:00:00.000000,Departamento,arriendo,agency
PI-2023-05-003711,portalinmobiliario,Recoleta,Metropolitana,555000,15.86,50.8,2023-05-12 00:00:00.000000,2023-05-22 00:00:00.000000,departamento,ARRIENDO,agency
PI-2023-05-002373,portalinmobiliario,Quinta Normal,Metropolitana,455000,13.0,42.3,2023-04-21 00:00:00.000000,2023-05-15 00:00:00.000000,DEPARTAMENTO,ARRIENDO,owner_direct
PI-2023-05-004819,portalinmobiliario,Estación Central,Metropolitana,465000,13.29,38.3,2023-04-23 00:00:00.000000,2023-05-29 00:00:00.000000,departamento,arriendo,owner_direct
PI-2023-05-004553,portalinmobiliario,Huechuraba,Metropolitana,545000,15.57,32.9,2023-04-27 00:00:00.000000,2023-05-29 00:00:00.000000,departamento,ARRIENDO,owner_direct
PI-2023-05-004499,portalinmobiliario,Pudahuel,Metropolitana,670000,19.14,88.3,2023-05-14 00:00:00.000000,2023-05-29 00:00:00.000000,DEPARTAMENTO,ARRIENDO,owner_direct
PI-2023-05-001016,portalinmobiliario,Lo Barnechea ,Metropolitana,800000,22.86,34.7,2023-04-26 00:00:00.000000,2023-05-08 00:00:00.000000,departamento,arriendo,agency
PI-2023-05-001823,portalinmobiliario,Estación Central,Metropolitana,490000,14.0,52.1,2023-03-14 00:00:00.000000,2023-05-15 00:00:00.000000,DEPARTAMENTO,Arriendo,agency
PI-2023-05-003404,portalinmobiliario,San Miguel,Metropolitana,425000,12.14,20.0,2023-04-30 00:00:00.000000,2023-05-22 00:00:00.000000,DEPARTAMENTO,Arriendo,owner_direct
PI-2023-05-002686,portalinmobiliario,Puente Alto,Metropolitana,410000,11.71,48.6,2023-05-03 00:00:00.000000,2023-05-15 00:00:00.000000,Departamento,arriendo,owner_direct
PI-2023-05-001130,portalinmobiliario,La Florida,Metropolitana,1105000,31.57,119.0,2023-03-28 00:00:00.000000,2023-05-08 00:00:00.000000,Departamento,Arriendo,owner_direct
PI-2023-05-004699,portalinmobiliario,Santiago,Metropolitana,510000,14.57,41.0,2023-05-21 00:00:00.000000,2023-05-29 00:00:00.000000,departamento,ARRIENDO,agency
PI-2023-05-002823,portalinmobiliario,Peñalolén,Metropolitana,650000,18.57,76.5,2023-05-01 00:00:00.000000,2023-05-22 00:00:00.000000,departamento,Arriendo,agency
PI-2023-05-001674,portalinmobiliario,Ñuñoa,Metropolitana,665000,19.0,43.0,2023-05-02 00:00:00.000000,2023-05-08 00:00:00.000000,DEPARTAMENTO,ARRIENDO,agency
PI-2023-05-003951,portalinmobiliario,Recoleta,Metropolitana,465000,13.29,54.2,2022-11-09 00:00:00.000000,2023-05-29 00:00:00.000000,departamento,Arriendo,agency
PI-2023-05-001796,portalinmobiliario,Recoleta,Metropolitana,420000,12.0,34.0,2023-03-13 00:00:00.000000,2023-05-15 00:00:00.000000,departamento,arriendo,agency
PI-2023-05-003414,portalinmobiliario,Macul,Metropolitana,600000,17.14,46.8,2023-05-10 00:00:00.000000,2023-05-22 00:00:00.000000,DEPARTAMENTO,ARRIENDO,owner_direct
PI-2023-05-002681,portalinmobiliario,Vitacura,Metropolitana,1215000,34.71,48.7,2022-11-20 00:00:00.000000,2023-05-15 00:00:00.000000,Departamento,arriendo,agency
PI-2023-05-004288,portalinmobiliario,Quinta Normal,Metropolitana,530000,15.14,59.8,2023-05-08 00:00:00.000000,2023-05-29 00:00:00.000000,Departamento,ARRIENDO,agency
PI-2023-05-003117,portalinmobiliario,Maipú,Metropolitana,540000,15.43,68.7,2023-01-03 00:00:00.000000,2023-05-22 00:00:00.000000,departamento,arriendo,agency
PI-2023-05-003397,portalinmobiliario,Huechuraba,Metropolitana,495000,14.14,35.4,2023-04-16 00:00:00.000000,2023-05-22 00:00:00.000000,DEPARTAMENTO,arriendo,agency
PI-2023-05-003093,portalinmobiliario,San Miguel,Metropolitana,680000,19.43,74.4,2023-04-23 00:00:00.000000,2023-05-22 00:00:00.000000,DEPARTAMENTO,ARRIENDO,owner_direct
PI-2023-05-002303,portalinmobiliario,La Florida,Metropolitana,530000,15.14,57.9,2023-05-05 00:00:00.000000,2023-05-15 00:00:00.000000,departamento,Arriendo,agency
PI-2023-05-002710,portalinmobiliario,Maipú,Metropolitana,360000,10.29,25.7,2023-04-19 00:00:00.000000,2023-05-15 00:00:00.000000,departamento,arriendo,owner_direct
PI-2023-05-001151,portalinmobiliario,San Miguel,Metropolitana,620000,17.71,36.2,2023-04-19 00:00:00.000000,2023-05-08 00:00:00.000000,DEPARTAMENTO,Arriendo,owner_direct
PI-2023-05-003197,portalinmobiliario,Santiago,Metropolitana,695000,19.86,67.9,2023-04-23 00:00:00.000000,2023-05-22 00:00:00.000000,DEPARTAMENTO,arriendo,owner_direct
PI-2023-05-004530,portalinmobiliario,Peñalolén,Metropolitana,600000,17.14,54.2,2023-05-28 00:00:00.000000,2023-05-29 00:00:00.000000,Departamento,ARRIENDO,agency
PI-2023-05-004461,portalinmobiliario,Maipú,Metropolitana,320000,9.14,29.3,2023-02-13 00:00:00.000000,2023-05-29 00:00:00.000000,DEPARTAMENTO,Arriendo,agency
PI-2023-05-000993,portalinmobiliario,La Florida,Metropolitana,455000,13.0,45.0,2023-04-14 00:00:00.000000,2023-05-08 00:00:00.000000,Departamento,arriendo,agency
PI-2023-05-000974,portalinmobiliario,Estación Central,Metropolitana,350000,10.0,29.2,2023-04-14 00:00:00.000000,2023-05-08 00:00:00.000000,DEPARTAMENTO,arriendo,agency
PI-2023-05-003446,portalinmobiliario,Peñalolén,Metropolitana,450000,12.86,33.3,2023-03-31 00:00:00.000000,2023-05-22 00:00:00.000000,Departamento,arriendo,agency
PI-2023-05-000872,portalinmobiliario,Las Condes,Metropolitana,920000,26.29,37.2,2023-04-13 00:00:00.000000,2023-05-08 00:00:00.000000,Departamento,arriendo,owner_direct
PI-2023-05-000995,portalinmobiliario,Cerrillos,Metropolitana,670000,19.14,69.0,2022-12-11 00:00:00.000000,2023-05-08 00:00:00.000000,DEPARTAMENTO,Arriendo,agency
PI-2023-05-000335,portalinmobiliario,Santiago,Metropolitana,660000,18.86,65.6,2023-04-11 00:00:00.000000,2023-05-01 00:00:00.000000,Departamento,arriendo,owner_direct
PI-2023-05-003375,portalinmobiliario,Estación Central,Metropolitana,490000,14.0,45.4,2023-05-14 00:00:00.000000,2023-05-22 00:00:00.000000,DEPARTAMENTO,Arriendo,owner_direct
PI-2023-05-001806,portalinmobiliario,La Florida,Metropolitana,675000,19.29,55.4,2023-04-04 00:00:00.000000,2023-05-15 00:00:00.000000,DEPARTAMENTO,ARRIENDO,agency
PI-2023-05-004093,portalinmobiliario,La Reina,Metropolitana,1465000,41.86,110.2,2023-01-16 00:00:00.000000,2023-05-29 00:00:00.000000,departamento,Arriendo,agency
PI-2023-05-000604,portalinmobiliario,Santiago,Metropolitana,790000,22.57,94.3,2023-04-17 00:00:00.000000,2023-05-01 00:00:00.000000,DEPARTAMENTO,ARRIENDO,owner_direct
PI-2023-05-001458,portalinmobiliario,San Miguel,Metropolitana,480000,13.71,37.8,2023-01-06 00:00:00.000000,2023-05-08 00:00:00.000000,departamento,arriendo,agency
PI-2023-05-000736,portalinmobiliario,Puente Alto,Metropolitana,435000,12.43,45.9,2023-04-02 00:00:00.000000,2023-05-01 00:00:00.000000,DEPARTAMENTO,arriendo,agency
PI-2023-05-003684,portalinmobiliario,Pudahuel,Metropolitana,510000,14.57,45.3,2023-05-18 00:00:00.000000,2023-05-22 00:00:00.000000,departamento,ARRIENDO,agency
PI-2023-05-004612,portalinmobiliario,Las Condes,Metropolitana,800000,22.86,40.4,2023-05-23 00:00:00.000000,2023-05-29 00:00:00.000000,departamento,ARRIENDO,owner_direct
PI-2023-05-003958,portalinmobiliario,Independencia,Metropolitana,440000,12.57,31.9,2023-05-01 00:00:00.000000,2023-05-29 00:00:00.000000,DEPARTAMENTO,Arriendo,agency
PI-2023-05-004525,portalinmobiliario,Independencia,Metropolitana,405000,11.57,34.6,2023-05-17 00:00:00.000000,2023-05-29 00:00:00.000000,Departamento,Arriendo,agency
PI-2023-05-002832,portalinmobiliario,La Reina,Metropolitana,640000,18.29,45.3,2023-04-08 00:00:00.000000,2023-05-22 00:00:00.000000,Departamento,arriendo,owner_direct
PI-2023-05-002205,portalinmobiliario,Independencia,Metropolitana,725000,20.71,67.9,2023-05-02 00:00:00.000000,2023-05-15 00:00:00.000000,Departamento,arriendo,agency
PI-2023-05-000084,portalinmobiliario,Ñuñoa,Metropolitana,515000,14.71,34.9,2023-04-12 00:00:00.000000,2023-05-01 00:00:00.000000,Departamento,Arriendo,agency
PI-2023-05-002009,portalinmobiliario,Santiago,Metropolitana,500000,14.29,37.1,2023-05-02 00:00:00.000000,2023-05-15 00:00:00.000000,departamento,arriendo,owner_direct
PI-2023-05-003493,portalinmobiliario,Puente Alto,Metropolitana,465000,13.29,57.8,2023-05-06 00:00:00.000000,2023-05-22 00:00:00.000000,departamento,arriendo,owner_direct
PI-2023-05-002975,portalinmobiliario,Peñalolén,Metropolitana,865000,24.71,91.6,2023-02-13 00:00:00.000000,2023-05-22 00:00:00.000000,departamento,arriendo,agency
PI-2023-05-002938,portalinmobiliario,Lo Barnechea,Metropolitana,1055000,30.14,54.3,2023-04-08 00:00:00.000000,2023-05-22 00:00:00.000000,departamento,arriendo,agency
PI-2023-05-001693,portalinmobiliario,Santiago,Metropolitana,660000,18.86,62.2,2023-04-08 00:00:00.000000,2023-05-08 00:00:00.000000,DEPARTAMENTO,Arriendo,owner_direct
PI-2023-05-000919,portalinmobiliario,Estación Central,Metropolitana,455000,13.0,43.9,2023-04-17 00:00:00.000000,2023-05-08 00:00:00.000000,Departamento,ARRIENDO,agency
PI-2023-05-002199,portalinmobiliario,La Cisterna,Metropolitana,1815000,51.86,39.1,2023-02-04 00:00:00.000000,2023-05-15 00:00:00.000000,departamento,ARRIENDO,agency
PI-2023-05-001721,portalinmobiliario,Las Condes,Metropolitana,720000,20.57,33.5,2023-04-27 00:00:00.000000,2023-05-08 00:00:00.000000,DEPARTAMENTO,Arriendo,agency
PI-2023-05-000580,portalinmobiliario,Ñuñoa,Metropolitana,540000,15.43,30.3,2023-04-04 00:00:00.000000,2023-05-01 00:00:00.000000,DEPARTAMENTO,Arriendo,agency
PI-2023-05-000097,portalinmobiliario,Quinta Normal,Metropolitana,415000,11.86,39.2,2023-03-14 00:00:00.000000,2023-05-01 00:00:00.000000,DEPARTAMENTO,ARRIENDO,agency
PI-2023-05-004387,portalinmobiliario,Quinta Normal,Metropolitana,515000,,56.8,2023-04-21 00:00:00.000000,2023-05-29 00:00:00.000000,DEPARTAMENTO,Arriendo,owner_direct
PI-2023-05-003057,portalinmobiliario,Recoleta,Metropolitana,475000,13.57,41.4,2023-02-06 00:00:00.000000,2023-05-22 00:00:00.000000,DEPARTAMENTO,ARRIENDO,agency
PI-2023-05-003028,portalinmobiliario,Maipú,Metropolitana,375000,10.71,32.3,2023-03-29 00:00:00.000000,2023-05-22 00:00:00.000000,DEPARTAMENTO,arriendo,owner_direct
PI-2023-05-004231,portalinmobiliario,Santiago,Metropolitana,1040000,29.71,96.0,2023-05-21 00:00:00.000000,2023-05-29 00:00:00.000000,Departamento,ARRIENDO,owner_direct
PI-2023-05-004713,portalinmobiliario,Macul,Metropolitana,555000,15.86,43.8,2023-05-06 00:00:00.000000,2023-05-29 00:00:00.000000,DEPARTAMENTO,ARRIENDO,agency
PI-2023-05-000489,portalinmobiliario,Las Condes,Metropolitana,950000,27.14,44.6,2023-04-06 00:00:00.000000,2023-05-01 00:00:00.000000,DEPARTAMENTO,Arriendo,owner_direct
PI-2023-05-004533,portalinmobiliario,Pudahuel,Metropolitana,580000,16.57,60.2,2022-12-02 00:00:00.000000,2023-05-29 00:00:00.000000,DEPARTAMENTO,ARRIENDO,agency
PI-2023-05-003771,portalinmobiliario,San Joaquín ,Metropolitana,440000,12.57,37.6,2023-04-14 00:00:00.000000,2023-05-22 00:00:00.000000,departamento,ARRIENDO,agency
PI-2023-05-001496,portalinmobiliario,SANTIAGO,Metropolitana,570000,16.29,67.1,2023-04-30 00:00:00.000000,2023-05-08 00:00:00.000000,DEPARTAMENTO,arriendo,agency
PI-2023-05-004248,portalinmobiliario,San Miguel ,Metropolitana,490000,14.0,43.0,2023-05-06 00:00:00.000000,2023-05-29 00:00:00.000000,Departamento,Arriendo,agency
PI-2023-05-001337,portalinmobiliario,Macul,Metropolitana,800000,22.86,65.0,2023-04-28 00:00:00.000000,2023-05-08 00:00:00.000000,Departamento,arriendo,agency
PI-2023-05-001883,portalinmobiliario,Recoleta,Metropolitana,490000,14.0,39.5,2023-04-08 00:00:00.000000,2023-05-15 00:00:00.000000,Departamento,arriendo,agency
PI-2023-05-002937,portalinmobiliario,Estación Central,Metropolitana,500000,14.29,61.9,2023-05-14 00:00:00.000000,2023-05-22 00:00:00.000000,departamento,ARRIENDO,agency
PI-2023-05-002443,portalinmobiliario,Maipú,Metropolitana,650000,18.57,63.8,2023-04-01 00:00:00.000000,2023-05-15 00:00:00.000000,Departamento,ARRIENDO,agency
PI-2023-05-001493,portalinmobiliario,Santiago,Metropolitana,570000,16.29,44.4,2023-04-22 00:00:00.000000,2023-05-08 00:00:00.000000,Departamento,arriendo,owner_direct
PI-2023-05-000576,portalinmobiliario,Lo Barnechea,Metropolitana,670000,19.14,35.8,2023-03-07 00:00:00.000000,2023-05-01 00:00:00.000000,Departamento,ARRIENDO,agency
PI-2023-05-001742,portalinmobiliario,Estación Central,Metropolitana,465000,13.29,40.3,2023-03-30 00:00:00.000000,2023-05-08 00:00:00.000000,DEPARTAMENTO,arriendo,owner_direct
PI-2023-05-004045,portalinmobiliario,La Reina,Metropolitana,960000,27.43,60.6,2023-05-23 00:00:00.000000,2023-05-29 00:00:00.000000,departamento,ARRIENDO,agency
PI-2023-05-001722,portalinmobiliario,Providencia,Metropolitana,925000,26.43,51.9,2023-04-30 00:00:00.000000,2023-05-08 00:00:00.000000,Departamento,arriendo,owner_direct
PI-2023-05-002867,portalinmobiliario,Maipú,Metropolitana,465000,13.29,39.1,2023-04-18 00:00:00.000000,2023-05-22 00:00:00.000000,DEPARTAMENTO,arriendo,owner_direct
PI-2023-05-002623,portalinmobiliario,San Miguel,Metropolitana,530000,15.14,45.9,2023-05-03 00:00:00.000000,2023-05-15 00:00:00.000000,departamento,arriendo,owner_direct
PI-2023-05-004217,portalinmobiliario,La Florida,Metropolitana,520000,14.86,44.8,2023-05-08 00:00:00.000000,2023-05-29 00:00:00.000000,Departamento,Arriendo,agency
PI-2023-05-000037,portalinmobiliario,Maipú,Metropolitana,445000,12.71,64.2,2023-04-11 00:00:00.000000,2023-05-01 00:00:00.000000,Departamento,ARRIENDO,agency
PI-2023-05-004048,portalinmobiliario,Pudahuel,Metropolitana,660000,18.86,92.0,2023-04-09 00:00:00.000000,2023-05-29 00:00:00.000000,Departamento,arriendo,agency
PI-2023-05-003123,portalinmobiliario,Ñuñoa,Metropolitana,695000,19.86,47.7,2023-05-18 00:00:00.000000,2023-05-22 00:00:00.000000,departamento,ARRIENDO,agency
PI-2023-05-004561,portalinmobiliario,Renca,Metropolitana,870000,24.86,124.8,2022-11-16 00:00:00.000000,2023-05-29 00:00:00.000000,DEPARTAMENTO,ARRIENDO,agency
PI-2023-05-002619,portalinmobiliario,Maipú,Metropolitana,750000,21.43,122.1,2023-05-09 00:00:00.000000,2023-05-15 00:00:00.000000,DEPARTAMENTO,Arriendo,agency
PI-2023-05-002735,portalinmobiliario,Recoleta,Metropolitana,460000,13.14,38.7,2022-12-31 00:00:00.000000,2023-05-15 00:00:00.000000,DEPARTAMENTO,Arriendo,agency
PI-2023-05-000682,portalinmobiliario,Maipú,Metropolitana,415000,11.86,36.4,2023-03-10 00:00:00.000000,2023-05-01 00:00:00.000000,Departamento,Arriendo,owner_direct
PI-2023-05-000455,portalinmobiliario,Macul,Metropolitana,915000,26.14,97.6,2023-04-17 00:00:00.000000,2023-05-01 00:00:00.000000,departamento,arriendo,owner_direct
PI-2023-05-001939,portalinmobiliario,Ñuñoa,Metropolitana,545000,15.57,35.4,2023-04-30 00:00:00.000000,2023-05-15 00:00:00.000000,DEPARTAMENTO,ARRIENDO,agency
PI-2023-05-002709,portalinmobiliario,Quinta Normal,Metropolitana,520000,14.86,51.5,2023-04-26 00:00:00.000000,2023-05-15 00:00:00.000000,departamento,arriendo,owner_direct
PI-2023-05-000017,portalinmobiliario,Providencia,Metropolitana,615000,17.57,30.4,2023-04-21 00:00:00.000000,2023-05-01 00:00:00.000000,Departamento,Arriendo,agency
PI-2023-05-000773,portalinmobiliario,La Florida,Metropolitana,950000,27.14,118.2,2023-04-10 00:00:00.000000,2023-05-01 00:00:00.000000,Departamento,arriendo,agency
PI-2023-05-003253,portalinmobiliario,Recoleta,Metropolitana,430000,12.29,40.7,2023-04-21 00:00:00.000000,2023-05-22 00:00:00.000000,DEPARTAMENTO,arriendo,owner_direct
PI-2023-05-003363,portalinmobiliario,Santiago,Metropolitana,820000,23.43,63.5,2023-05-11 00:00:00.000000,2023-05-22 00:00:00.000000,Departamento,Arriendo,owner_direct
PI-2023-05-000998,portalinmobiliario,Las Condes,Metropolitana,925000,26.43,45.5,2023-04-11 00:00:00.000000,2023-05-08 00:00:00.000000,DEPARTAMENTO,ARRIENDO,owner_direct
PI-2023-05-002032,portalinmobiliario,Ñuñoa,Metropolitana,835000,23.86,78.8,2023-04-26 00:00:00.000000,2023-05-15 00:00:00.000000,Departamento,Arriendo,agency
PI-2023-05-001076,portalinmobiliario,Renca,Metropolitana,395000,11.29,50.3,2023-03-10 00:00:00.000000,2023-05-08 00:00:00.000000,departamento,arriendo,agency
PI-2023-05-003584,portalinmobiliario,Independencia,Metropolitana,630000,18.0,76.9,2023-05-20 00:00:00.000000,2023-05-22 00:00:00.000000,DEPARTAMENTO,ARRIENDO,owner_direct
PI-2023-05-000274,portalinmobiliario,Recoleta,Metropolitana,350000,10.0,22.1,2023-04-09 00:00:00.000000,2023-05-01 00:00:00.000000,Departamento,arriendo,agency
PI-2023-05-002390,portalinmobiliario,Recoleta,Metropolitana,495000,14.14,45.5,2023-03-09 00:00:00.000000,2023-05-15 00:00:00.000000,departamento,ARRIENDO,agency
PI-2023-05-000450,portalinmobiliario,Ñuñoa,Metropolitana,630000,18.0,44.0,2023-03-21 00:00:00.000000,2023-05-01 00:00:00.000000,DEPARTAMENTO,Arriendo,owner_direct
PI-2023-05-000252,portalinmobiliario,Recoleta,Metropolitana,505000,14.43,60.5,2023-04-14 00:00:00.000000,2023-05-01 00:00:00.000000,departamento,ARRIENDO,agency
PI-2023-05-003278,portalinmobiliario,Santiago,Metropolitana,720000,20.57,47.6,2023-05-03 00:00:00.000000,2023-05-22 00:00:00.000000,departamento,arriendo,owner_direct
PI-2023-05-002414,portalinmobiliario,La Florida,Metropolitana,440000,12.57,37.1,2023-04-14 00:00:00.000000,2023-05-15 00:00:00.000000,Departamento,ARRIENDO,agency
PI-2023-05-002796,portalinmobiliario,Santiago,Metropolitana,395000,11.29,30.1,2023-05-09 00:00:00.000000,2023-05-22 00:00:00.000000,Departamento,ARRIENDO,agency
PI-2023-05-000587,portalinmobiliario,Ñuñoa,Metropolitana,955000,27.29,80.1,2023-04-21 00:00:00.000000,2023-05-01 00:00:00.000000,Departamento,ARRIENDO,owner_direct
PI-2023-05-002344,portalinmobiliario,Providencia,Metropolitana,925000,26.43,38.5,2023-03-09 00:00:00.000000,2023-05-15 00:00:00.000000,departamento,ARRIENDO,owner_direct
PI-2023-05-003759,portalinmobiliario,Santiago,Metropolitana,505000,14.43,37.5,2023-04-29 00:00:00.000000,2023-05-22 00:00:00.000000,departamento,ARRIENDO,agency
PI-2023-05-000943,portalinmobiliario, Maipú,Metropolitana,515000,14.71,47.7,2022-11-14 00:00:00.000000,2023-05-08 00:00:00.000000,departamento,ARRIENDO,agency
PI-2023-05-003516,portalinmobiliario,Puente Alto,Metropolitana,455000,13.0,42.7,2023-05-06 00:00:00.000000,2023-05-22 00:00:00.000000,departamento,Arriendo,owner_direct
PI-2023-05-002401,portalinmobiliario,Las Condes,Metropolitana,795000,22.71,25.9,2023-05-07 00:00:00.000000,2023-05-15 00:00:00.000000,departamento,arriendo,owner_direct
PI-2023-05-003914,portalinmobiliario,Macul,Metropolitana,540000,15.43,37.4,2023-05-22 00:00:00.000000,2023-05-29 00:00:00.000000,Departamento,Arriendo,agency
PI-2023-05-002147,portalinmobiliario,Conchalí,Metropolitana,500000,14.29,57.8,2023-05-01 00:00:00.000000,2023-05-15 00:00:00.000000,Departamento,ARRIENDO,agency
PI-2023-05-002427,portalinmobiliario,Ñuñoa,Metropolitana,615000,17.57,46.5,2023-03-29 00:00:00.000000,2023-05-15 00:00:00.000000,departamento,arriendo,agency
PI-2023-05-001442,portalinmobiliario,Estación Central,Metropolitana,455000,13.0,41.3,2023-04-24 00:00:00.000000,2023-05-08 00:00:00.000000,DEPARTAMENTO,ARRIENDO,agency
PI-2023-05-003482,portalinmobiliario,Peñalolén,Metropolitana,625000,17.86,68.9,2023-04-28 00:00:00.000000,2023-05-22 00:00:00.000000,departamento,arriendo,agency
PI-2023-05-002968,portalinmobiliario,Quinta Normal,Metropolitana,415000,11.86,40.4,2023-03-17 00:00:00.000000,2023-05-22 00:00:00.000000,Departamento,ARRIENDO,owner_direct
PI-2023-05-000603,portalinmobiliario,Santiago,Metropolitana,550000,15.71,45.6,2023-04-01 00:00:00.000000,2023-05-01 00:00:00.000000,departamento,ARRIENDO,agency
PI-2023-05-001606,portalinmobiliario,La Florida,Metropolitana,470000,13.43,46.7,2023-05-02 00:00:00.000000,2023-05-08 00:00:00.000000,Departamento,ARRIENDO,owner_direct
PI-2023-05-003079,portalinmobiliario,Ñuñoa,Metropolitana,885000,25.29,65.2,2023-03-20 00:00:00.000000,2023-05-22 00:00:00.000000,Departamento,arriendo,owner_direct
PI-2023-05-001382,portalinmobiliario,Cerrillos,Metropolitana,410000,11.71,45.3,2023-03-13 00:00:00.000000,2023-05-08 00:00:00.000000,DEPARTAMENTO,Arriendo,owner_direct
PI-2023-05-004795,portalinmobiliario,Estación Central,Metropolitana,605000,17.29,70.4,2023-04-25 00:00:00.000000,2023-05-29 00:00:00.000000,Departamento,ARRIENDO,agency
PI-2023-05-001805,portalinmobiliario,Santiago,Metropolitana,890000,25.43,78.0,2023-04-12 00:00:00.000000,2023-05-15 00:00:00.000000,Departamento,ARRIENDO,owner_direct
PI-2023-05-001875,portalinmobiliario,Maipú,Metropolitana,580000,16.57,67.6,2023-03-13 00:00:00.000000,2023-05-15 00:00:00.000000,Departamento,Arriendo,owner_direct
PI-2023-05-001133,portalinmobiliario,Las Condes,Metropolitana,755000,21.57,29.8,2023-04-11 00:00:00.000000,2023-05-08 00:00:00.000000,DEPARTAMENTO,ARRIENDO,agency
PI-2023-05-000452,portalinmobiliario,Estación Central,Metropolitana,530000,15.14,43.5,2023-03-31 00:00:00.000000,2023-05-01 00:00:00.000000,DEPARTAMENTO,ARRIENDO,agency
PI-2023-05-002019,portalinmobiliario,Estación Central,Metropolitana,390000,11.14,28.6,2023-05-09 00:00:00.000000,2023-05-15 00:00:00.000000,Departamento,Arriendo,agency
PI-2023-05-001637,portalinmobiliario,Ñuñoa,Metropolitana,555000,15.86,27.9,2023-04-19 00:00:00.000000,2023-05-08 00:00:00.000000,departamento,arriendo,agency
PI-2023-05-000127,portalinmobiliario,La Florida,Metropolitana,575000,16.43,64.4,2023-04-07 00:00:00.000000,2023-05-01 00:00:00.000000,departamento,arriendo,owner_direct
PI-2023-05-002669,portalinmobiliario,Santiago,Metropolitana,485000,13.86,34.8,2023-05-04 00:00:00.000000,2023-05-15 00:00:00.000000,Departamento,ARRIENDO,agency
PI-2023-05-002705,portalinmobiliario,Renca,Metropolitana,435000,12.43,59.2,2023-04-28 00:00:00.000000,2023-05-15 00:00:00.000000,departamento,Arriendo,agency
PI-2023-05-000325,portalinmobiliario,Recoleta,Metropolitana,725000,20.71,76.6,2023-04-11 00:00:00.000000,2023-05-01 00:00:00.000000,departamento,Arriendo,agency
PI-2023-05-002189,portalinmobiliario,Santiago,Metropolitana,885000,25.29,93.6,2023-04-21 00:00:00.000000,2023-05-15 00:00:00.000000,Departamento,arriendo,owner_direct
PI-2023-05-003242,portalinmobiliario,Santiago,Metropolitana,560000,16.0,52.8,2023-04-16 00:00:00.000000,2023-05-22 00:00:00.000000,departamento,ARRIENDO,agency
PI-2023-05-001231,portalinmobiliario,La Florida,Metropolitana,585000,16.71,51.7,2023-04-10 00:00:00.000000,2023-05-08 00:00:00.000000,DEPARTAMENTO,arriendo,agency
PI-2023-05-002926,portalinmobiliario,Providencia,Metropolitana,1030000,29.43,53.3,2023-04-23 00:00:00.000000,2023-05-22 00:00:00.000000,departamento,arriendo,agency
PI-2023-05-002500,portalinmobiliario,Quilicura,Metropolitana,5645000,161.29,999.0,2023-04-21 00:00:00.000000,2023-05-15 00:00:00.000000,DEPARTAMENTO,ARRIENDO,agency
PI-2023-05-000583,portalinmobiliario,Santiago,Metropolitana,720000,20.57,61.7,2023-04-19 00:00:00.000000,2023-05-01 00:00:00.000000,Departamento,ARRIENDO,agency
PI-2023-05-004211,portalinmobiliario,Quinta Normal,Metropolitana,455000,13.0,39.0,2023-05-20 00:00:00.000000,2023-05-29 00:00:00.000000,departamento,Arriendo,owner_direct
PI-2023-05-001561,portalinmobiliario,Quilicura,Metropolitana,470000,13.43,47.0,2023-04-30 00:00:00.000000,2023-05-08 00:00:00.000000,Departamento,ARRIENDO,agency
PI-2023-05-003768,portalinmobiliario,La Reina,Metropolitana,760000,21.71,44.5,2023-05-12 00:00:00.000000,2023-05-22 00:00:00.000000,DEPARTAMENTO,ARRIENDO,agency
PI-2023-05-000058,portalinmobiliario,MACUL,Metropolitana,855000,24.43,89.3,2023-03-30 00:00:00.000000,2023-05-01 00:00:00.000000,Departamento,Arriendo,agency
PI-2023-05-002281,portalinmobiliario,Las Condes,Metropolitana,1035000,29.57,59.1,2023-04-28 00:00:00.000000,2023-05-15 00:00:00.000000,Departamento,Arriendo,agency
PI-2023-05-003669,portalinmobiliario,San Miguel,Metropolitana,470000,13.43,38.3,2023-05-04 00:00:00.000000,2023-05-22 00:00:00.000000,Departamento,ARRIENDO,agency
PI-2023-05-004503,portalinmobiliario,Independencia,Metropolitana,495000,14.14,42.0,2023-05-03 00:00:00.000000,2023-05-29 00:00:00.000000,DEPARTAMENTO,arriendo,agency
PI-2023-05-001629,portalinmobiliario,Estación Central,Metropolitana,495000,14.14,50.4,2023-03-19 00:00:00.000000,2023-05-08 00:00:00.000000,DEPARTAMENTO,ARRIENDO,agency
PI-2023-05-001093,portalinmobiliario,San Miguel,Metropolitana,580000,16.57,44.4,2023-04-27 00:00:00.000000,2023-05-08 00:00:00.000000,Departamento,arriendo,agency
PI-2023-05-001290,portalinmobiliario,Las Condes,Metropolitana,980000,28.0,61.2,2023-03-20 00:00:00.000000,2023-05-08 00:00:00.000000,departamento,arriendo,owner_direct
PI-2023-05-000306,portalinmobiliario,Maipú,Metropolitana,780000,22.29,75.7,2023-01-21 00:00:00.000000,2023-05-01 00:00:00.000000,departamento,Arriendo,agency
PI-2023-05-000684,portalinmobiliario,La Cisterna,Metropolitana,415000,11.86,42.7,2023-04-11 00:00:00.000000,2023-05-01 00:00:00.000000,departamento,Arriendo,owner_direct
PI-2023-05-001743,portalinmobiliario,La Reina,Metropolitana,675000,19.29,48.2,2023-04-08 00:00:00.000000,2023-05-08 00:00:00.000000,DEPARTAMENTO,arriendo,owner_direct
PI-2023-05-003648,portalinmobiliario,Santiago,Metropolitana,540000,15.43,27.7,2023-05-20 00:00:00.000000,2023-05-22 00:00:00.000000,Departamento,arriendo,owner_direct
PI-2023-05-002594,portalinmobiliario,Macul,Metropolitana,610000,17.43,45.2,2023-04-23 00:00:00.000000,2023-05-15 00:00:00.000000,DEPARTAMENTO,ARRIENDO,owner_direct
PI-2023-05-003576,portalinmobiliario,Ñuñoa,Metropolitana,650000,18.57,45.2,2023-05-12 00:00:00.000000,2023-05-22 00:00:00.000000,departamento,arriendo,agency
PI-2023-05-000172,portalinmobiliario,Estación Central,Metropolitana,345000,9.86,33.6,2023-02-26 00:00:00.000000,2023-05-01 00:00:00.000000,departamento,Arriendo,owner_direct
PI-2023-05-003286,portalinmobiliario,Las Condes,Metropolitana,845000,24.14,35.9,2023-05-06 00:00:00.000000,2023-05-22 00:00:00.000000,departamento,ARRIENDO,owner_direct
PI-2023-05-004204,portalinmobiliario,Renca,Metropolitana,340000,9.71,31.2,2023-02-13 00:00:00.000000,2023-05-29 00:00:00.000000,departamento,arriendo,agency
PI-2023-05-000946,portalinmobiliario,La Reina,Metropolitana,885000,25.29,60.3,2023-04-27 00:00:00.000000,2023-05-08 00:00:00.000000,DEPARTAMENTO,Arriendo,agency
PI-2023-05-001675,portalinmobiliario,La Florida,Metropolitana,445000,12.71,35.0,2023-04-19 00:00:00.000000,2023-05-08 00:00:00.000000,DEPARTAMENTO,arriendo,owner_direct
PI-2023-05-000882,portalinmobiliario,Ñuñoa,Metropolitana,1050000,30.0,79.5,2023-04-19 00:00:00.000000,2023-05-08 00:00:00.000000,DEPARTAMENTO,Arriendo,agency
PI-2023-05-000562,portalinmobiliario,Ñuñoa,Metropolitana,1010000,28.86,74.5,2023-04-07 00:00:00.000000,2023-05-01 00:00:00.000000,Departamento,ARRIENDO,owner_direct
PI-2023-05-001366,portalinmobiliario,Estación Central,Metropolitana,700000,20.0,62.7,2023-04-17 00:00:00.000000,2023-05-08 00:00:00.000000,DEPARTAMENTO,arriendo,agency
PI-2023-05-001378,portalinmobiliario,San Joaquín,Metropolitana,560000,16.0,62.8,2023-04-28 00:00:00.000000,2023-05-08 00:00:00.000000,departamento,arriendo,owner_direct
PI-2023-05-004019,portalinmobiliario,Lo Barnechea,Metropolitana,625000,17.86,27.6,2023-05-03 00:00:00.000000,2023-05-29 00:00:00.000000,departamento,arriendo,owner_direct
PI-2023-05-001770,portalinmobiliario,Providencia,Metropolitana,945000,27.0,48.3,2023-05-13 00:00:00.000000,2023-05-15 00:00:00.000000,Departamento,arriendo,owner_direct
PI-2023-05-003259,portalinmobiliario,Ñuñoa,Metropolitana,760000,21.71,47.7,2023-05-06 00:00:00.000000,2023-05-22 00:00:00.000000,departamento,arriendo,agency
PI-2023-05-003060,portalinmobiliario,Vitacura,Metropolitana,2150000,61.43,130.1,2023-04-09 00:00:00.000000,2023-05-22 00:00:00.000000,DEPARTAMENTO,Arriendo,agency
PI-2023-05-003464,portalinmobiliario,Providencia,Metropolitana,700000,20.0,31.2,2023-05-07 00:00:00.000000,2023-05-22 00:00:00.000000,Departamento,Arriendo,owner_direct
PI-2023-05-000677,portalinmobiliario,Providencia,Metropolitana,855000,24.43,39.3,2023-03-09 00:00:00.000000,2023-05-01 00:00:00.000000,DEPARTAMENTO,Arriendo,agency
PI-2023-05-004671,portalinmobiliario,Macul,Metropolitana,2155000,61.57,93.8,2023-03-27 00:00:00.000000,2023-05-29 00:00:00.000000,Departamento,Arriendo,owner_direct
PI-2023-05-002935,portalinmobiliario,Santiago,Metropolitana,850000,24.29,101.6,2023-05-02 00:00:00.000000,2023-05-22 00:00:00.000000,Departamento,ARRIENDO,agency
PI-2023-05-003840,portalinmobiliario,San Joaquín,Metropolitana,530000,15.14,50.1,2023-05-07 00:00:00.000000,2023-05-29 00:00:00.000000,DEPARTAMENTO,arriendo,agency
PI-2023-05-003860,portalinmobiliario,Quilicura,Metropolitana,665000,19.0,73.9,2023-05-19 00:00:00.000000,2023-05-29 00:00:00.000000,DEPARTAMENTO,arriendo,owner_direct
PI-2023-05-000362,portalinmobiliario,Ñuñoa,Metropolitana,575000,16.43,31.7,2023-02-18 00:00:00.000000,2023-05-01 00:00:00.000000,DEPARTAMENTO,Arriendo,agency
PI-2023-05-002630,portalinmobiliario,Macul,Metropolitana,4830000,138.0,34.4,2023-04-16 00:00:00.000000,2023-05-15 00:00:00.000000,Departamento,arriendo,owner_direct
PI-2023-05-004551,portalinmobiliario,Conchalí,Metropolitana,580000,16.57,73.5,2023-05-25 00:00:00.000000,2023-05-29 00:00:00.000000,Departamento,arriendo,agency
PI-2023-05-001109,portalinmobiliario,La Florida,Metropolitana,415000,11.86,28.6,2023-04-14 00:00:00.000000,2023-05-08 00:00:00.000000,DEPARTAMENTO,arriendo,agency
PI-2023-05-000681,portalinmobiliario,Santiago,Metropolitana,400000,11.43,25.1,2023-04-14 00:00:00.000000,2023-05-01 00:00:00.000000,departamento,ARRIENDO,owner_direct
PI-2023-05-001913,portalinmobiliario,San Miguel,Metropolitana,565000,16.14,62.0,2023-04-18 00:00:00.000000,2023-05-15 00:00:00.000000,DEPARTAMENTO,Arriendo,agency
PI-2023-05-000022,portalinmobiliario,La Florida,Metropolitana,440000,12.57,38.5,2023-04-07 00:00:00.000000,2023-05-01 00:00:00.000000,Departamento,ARRIENDO,owner_direct
PI-2023-05-004557,portalinmobiliario,Independencia,Metropolitana,395000,11.29,32.9,2023-04-27 00:00:00.000000,2023-05-29 00:00:00.000000,Departamento,Arriendo,owner_direct
PI-2023-05-002312,portalinmobiliario,La Reina,Metropolitana,680000,19.43,43.2,2023-05-07 00:00:00.000000,2023-05-15 00:00:00.000000,departamento,arriendo,owner_direct
PI-2023-05-001803,portalinmobiliario,Conchalí,Metropolitana,345000,9.86,23.3,2023-04-26 00:00:00.000000,2023-05-15 00:00:00.000000,departamento,arriendo,agency
PI-2023-05-003700,portalinmobiliario,Providencia,Metropolitana,785000,22.43,38.0,2023-04-08 00:00:00.000000,2023-05-22 00:00:00.000000,Departamento,arriendo,owner_direct
PI-2023-05-000928,portalinmobiliario,Las Condes,Metropolitana,1055000,30.14,45.3,2023-04-10 00:00:00.000000,2023-05-08 00:00:00.000000,Departamento,ARRIENDO,agency
PI-2023-05-000608,portalinmobiliario,Ñuñoa,Metropolitana,920000,26.29,67.4,2023-02-13 00:00:00.000000,2023-05-01 00:00:00.000000,departamento,ARRIENDO,owner_direct
PI-2023-05-001827,portalinmobiliario,La Florida,Metropolitana,525000,15.0,45.6,2023-05-11 00:00:00.000000,2023-05-15 00:00:00.000000,Departamento,ARRIENDO,agency
PI-2023-05-002511,portalinmobiliario,Macul,Metropolitana,535000,15.29,47.3,2023-04-13 00:00:00.000000,2023-05-15 00:00:00.000000,Departamento,arriendo,agency
PI-2023-05-001402,portalinmobiliario,San Joaquín,Metropolitana,575000,16.43,52.9,2022-11-05 00:00:00.000000,2023-05-08 00:00:00.000000,departamento,arriendo,agency
PI-2023-05-003553,portalinmobiliario,Quinta Normal,Metropolitana,580000,16.57,48.7,2023-04-11 00:00:00.000000,2023-05-22 00:00:00.000000,departamento,Arriendo,agency
PI-2023-05-000101,portalinmobiliario,Providencia,Metropolitana,825000,23.57,29.3,2023-04-10 00:00:00.000000,2023-05-01 00:00:00.000000,DEPARTAMENTO,arriendo,agency
PI-2023-05-001690,portalinmobiliario,La Florida,Metropolitana,450000,12.86,45.5,2023-04-30 00:00:00.000000,2023-05-08 00:00:00.000000,DEPARTAMENTO,Arriendo,owner_direct
PI-2023-05-003339,portalinmobiliario,San Miguel,Metropolitana,465000,13.29,30.8,2023-04-18 00:00:00.000000,2023-05-22 00:00:00.000000,DEPARTAMENTO,ARRIENDO,owner_direct
PI-2023-05-004078,portalinmobiliario,Independencia,Metropolitana,530000,15.14,41.1,2023-05-06 00:00:00.000000,2023-05-29 00:00:00.000000,departamento,arriendo,owner_direct
PI-2023-05-001323,portalinmobiliario,San Joaquín,Metropolitana,475000,13.57,36.1,2023-04-01 00:00:00.000000,2023-05-08 00:00:00.000000,Departamento,Arriendo,agency
PI-2023-05-004582,portalinmobiliario,Recoleta,Metropolitana,380000,10.86,29.3,2023-05-22 00:00:00.000000,2023-05-29 00:00:00.000000,DEPARTAMENTO,Arriendo,owner_direct
PI-2023-05-003695,portalinmobiliario,Maipú,Metropolitana,635000,18.14,65.8,2023-04-29 00:00:00.000000,2023-05-22 00:00:00.000000,departamento,Arriendo,owner_direct
PI-2023-05-000965,portalinmobiliario,Peñalolén,Metropolitana,435000,12.43,38.0,2023-04-20 00:00:00.000000,2023-05-08 00:00:00.000000,departamento,Arriendo,agency
PI-2023-05-002261,portalinmobiliario,Quinta Normal,Metropolitana,570000,16.29,72.7,2023-04-07 00:00:00.000000,2023-05-15 00:00:00.000000,departamento,Arriendo,owner_direct
PI-2023-05-004658,portalinmobiliario,Providencia,Metropolitana,1140000,32.57,60.4,2022-10-14 00:00:00.000000,2023-05-29 00:00:00.000000,DEPARTAMENTO,ARRIENDO,agency
PI-2023-05-003239,portalinmobiliario,Maipú,Metropolitana,605000,17.29,61.0,2023-04-17 00:00:00.000000,2023-05-22 00:00:00.000000,departamento,Arriendo,agency
PI-2023-05-000514,portalinmobiliario,La Florida,Metropolitana,500000,14.29,38.8,2023-03-29 00:00:00.000000,2023-05-01 00:00:00.000000,DEPARTAMENTO,ARRIENDO,owner_direct
PI-2023-05-004182,portalinmobiliario,San Miguel,Metropolitana,535000,15.29,39.4,2022-12-20 00:00:00.000000,2023-05-29 00:00:00.000000,departamento,ARRIENDO,owner_direct
PI-2023-05-000061,portalinmobiliario,Pudahuel ,Metropolitana,470000,13.43,47.7,2023-04-09 00:00:00.000000,2023-05-01 00:00:00.000000,DEPARTAMENTO,arriendo,agency
PI-2023-05-002393,portalinmobiliario,Estación Central,Metropolitana,335000,9.57,30.7,2023-05-03 00:00:00.000000,2023-05-15 00:00:00.000000,DEPARTAMENTO,ARRIENDO,owner_direct
PI-2023-05-001263,portalinmobiliario,La Florida,Metropolitana,420000,12.0,41.5,2023-04-24 00:00:00.000000,2023-05-08 00:00:00.000000,departamento,arriendo,agency
PI-2023-05-003025,portalinmobiliario,Huechuraba,Metropolitana,935000,26.71,97.5,2023-04-18 00:00:00.000000,2023-05-22 00:00:00.000000,departamento,Arriendo,agency
PI-2023-05-001541,portalinmobiliario,Providencia,Metropolitana,1660000,47.43,127.3,2023-04-11 00:00:00.000000,2023-05-08 00:00:00.000000,Departamento,Arriendo,owner_direct
PI-2023-05-002754,portalinmobiliario,Independencia,Metropolitana,570000,16.29,58.6,2023-05-13 00:00:00.000000,2023-05-22 00:00:00.000000,departamento,Arriendo,agency
PI-2023-05-001169,portalinmobiliario,Estación Central,Metropolitana,715000,20.43,59.6,2023-04-13 00:00:00.000000,2023-05-08 00:00:00.000000,DEPARTAMENTO,arriendo,agency
PI-2023-05-003327,portalinmobiliario,Santiago,Metropolitana,440000,12.57,33.4,2023-05-11 00:00:00.000000,2023-05-22 00:00:00.000000,Departamento,Arriendo,owner_direct
PI-2023-05-001638,portalinmobiliario,Vitacura,Metropolitana,1375000,39.29,68.6,2023-03-28 00:00:00.000000,2023-05-08 00:00:00.000000,DEPARTAMENTO,arriendo,owner_direct
PI-2023-05-002266,portalinmobiliario,Santiago,Metropolitana,390000,11.14,12.0,2023-03-29 00:00:00.000000,2023-05-15 00:00:00.000000,DEPARTAMENTO,arriendo,owner_direct
PI-2023-05-002585,portalinmobiliario,Santiago,Metropolitana,870000,24.86,63.6,2023-04-19 00:00:00.000000,2023-05-15 00:00:00.000000,departamento,arriendo,owner_direct
PI-2023-05-003004,portalinmobiliario,Independencia,Metropolitana,640000,18.29,59.5,2023-04-27 00:00:00.000000,2023-05-22 00:00:00.000000,DEPARTAMENTO,ARRIENDO,owner_direct
PI-2023-05-003121,portalinmobiliario,Estación Central,Metropolitana,445000,12.71,47.5,2023-04-24 00:00:00.000000,2023-05-22 00:00:00.000000,departamento,ARRIENDO,agency
PI-2023-05-003964,portalinmobiliario,La Florida,Metropolitana,455000,13.0,37.8,2023-04-18 00:00:00.000000,2023-05-29 00:00:00.000000,DEPARTAMENTO,ARRIENDO,owner_direct
PI-2023-05-003745,portalinmobiliario,Santiago,Metropolitana,410000,11.71,25.4,2022-11-13 00:00:00.000000,2023-05-22 00:00:00.000000,departamento,ARRIENDO,agency
PI-2023-05-001669,portalinmobiliario,Vitacura,Metropolitana,1365000,39.0,62.4,2023-04-23 00:00:00.000000,2023-05-08 00:00:00.000000,departamento,Arriendo,agency
PI-2023-05-000188,portalinmobiliario,Santiago,Metropolitana,645000,18.43,56.9,2023-04-18 00:00:00.000000,2023-05-01 00:00:00.000000,Departamento,Arriendo,owner_direct
PI-2023-05-002209,portalinmobiliario,La Florida,Metropolitana,595000,17.0,72.4,2023-05-07 00:00:00.000000,2023-05-15 00:00:00.000000,Departamento,ARRIENDO,owner_direct
PI-2023-05-000465,portalinmobiliario,San Miguel,Metropolitana,535000,15.29,46.6,2023-04-05 00:00:00.000000,2023-05-01 00:00:00.000000,Departamento,arriendo,agency
PI-2023-05-000304,portalinmobiliario,Estación Central,Metropolitana,395000,11.29,34.0,2023-03-29 00:00:00.000000,2023-05-01 00:00:00.000000,DEPARTAMENTO,arriendo,agency
PI-2023-05-003748,portalinmobiliario,Cerrillos,Metropolitana,515000,14.71,57.3,2023-04-07 00:00:00.000000,2023-05-22 00:00:00.000000,departamento,arriendo,agency
PI-2023-05-003173,portalinmobiliario,Macul,Metropolitana,410000,11.71,35.9,2023-04-04 00:00:00.000000,2023-05-22 00:00:00.000000,DEPARTAMENTO,Arriendo,owner_direct
PI-2023-05-000746,portalinmobiliario,Ñuñoa,Metropolitana,880000,25.14,67.0,2023-02-22 00:00:00.000000,2023-05-01 00:00:00.000000,Departamento,ARRIENDO,agency
PI-2023-05-000333,portalinmobiliario,Conchalí,Metropolitana,680000,19.43,87.6,2023-04-23 00:00:00.000000,2023-05-01 00:00:00.000000,DEPARTAMENTO,ARRIENDO,owner_direct
PI-2023-05-004749,portalinmobiliario,Santiago,Metropolitana,2535000,72.43,56.9,2023-04-23 00:00:00.000000,2023-05-29 00:00:00.000000,DEPARTAMENTO,Arriendo,agency
PI-2023-05-002850,portalinmobiliario,Conchalí,Metropolitana,490000,14.0,38.5,2023-05-19 00:00:00.000000,2023-05-22 00:00:00.000000,Departamento,Arriendo,agency
PI-2023-05-001116,portalinmobiliario,La Cisterna,Metropolitana,395000,11.29,34.5,2023-04-07 00:00:00.000000,2023-05-08 00:00:00.000000,Departamento,ARRIENDO,owner_direct
PI-2023-05-002822,portalinmobiliario,Pudahuel,Metropolitana,700000,20.0,94.8,2023-01-24 00:00:00.000000,2023-05-22 00:00:00.000000,Departamento,Arriendo,agency
PI-2023-05-001173,portalinmobiliario,Santiago,Metropolitana,455000,13.0,28.3,2023-04-21 00:00:00.000000,2023-05-08 00:00:00.000000,departamento,Arriendo,agency
PI-2023-05-000760,portalinmobiliario,Maipú,Metropolitana,385000,11.0,38.0,2022-11-28 00:00:00.000000,2023-05-01 00:00:00.000000,DEPARTAMENTO,ARRIENDO,agency
PI-2023-05-004359,portalinmobiliario,Recoleta,Metropolitana,410000,11.71,47.4,2023-05-25 00:00:00.000000,2023-05-29 00:00:00.000000,departamento,Arriendo,agency
PI-2023-05-003881,portalinmobiliario,Las Condes,Metropolitana,775000,22.14,32.0,2023-04-24 00:00:00.000000,2023-05-29 00:00:00.000000,Departamento,ARRIENDO,agency
PI-2023-05-004035,portalinmobiliario,Pudahuel,Metropolitana,355000,10.14,38.4,2023-05-09 00:00:00.000000,2023-05-29 00:00:00.000000,departamento,arriendo,agency
PI-2023-05-001394,portalinmobiliario,Estación Central,Metropolitana,415000,11.86,33.3,2023-03-17 00:00:00.000000,2023-05-08 00:00:00.000000,Departamento,arriendo,agency
PI-2023-05-004281,portalinmobiliario,Ñuñoa,Metropolitana,650000,18.57,45.5,2023-05-16 00:00:00.000000,2023-05-29 00:00:00.000000,Departamento,arriendo,owner_direct
PI-2023-05-001706,portalinmobiliario,Recoleta,Metropolitana,440000,,37.2,2023-03-27 00:00:00.000000,2023-05-08 00:00:00.000000,Departamento,ARRIENDO,agency
PI-2023-05-000278,portalinmobiliario,Providencia,Metropolitana,1020000,29.14,58.9,2023-03-28 00:00:00.000000,2023-05-01 00:00:00.000000,Departamento,Arriendo,agency
PI-2023-05-003512,portalinmobiliario,Recoleta,Metropolitana,460000,13.14,40.9,2023-04-20 00:00:00.000000,2023-05-22 00:00:00.000000,departamento,ARRIENDO,agency
PI-2023-05-000068,portalinmobiliario,Macul,Metropolitana,555000,15.86,43.2,2022-11-26 00:00:00.000000,2023-05-01 00:00:00.000000,Departamento,Arriendo,agency
PI-2023-05-003106,portalinmobiliario,Las Condes,Metropolitana,855000,24.43,35.4,2023-04-14 00:00:00.000000,2023-05-22 00:00:00.000000,departamento,ARRIENDO,agency
PI-2023-05-001725,portalinmobiliario,Las Condes,Metropolitana,1105000,31.57,51.9,2023-04-26 00:00:00.000000,2023-05-08 00:00:00.000000,departamento,arriendo,agency
PI-2023-05-003984,portalinmobiliario,La Florida,Metropolitana,645000,18.43,53.9,2023-05-12 00:00:00.000000,2023-05-29 00:00:00.000000,Departamento,Arriendo,agency
PI-2023-05-001163,portalinmobiliario,Santiago,Metropolitana,565000,16.14,55.2,2023-05-01 00:00:00.000000,2023-05-08 00:00:00.000000,DEPARTAMENTO,ARRIENDO,agency
PI-2023-05-003537,portalinmobiliario,Lo Barnechea,Metropolitana,820000,23.43,36.1,2023-05-01 00:00:00.000000,2023-05-22 00:00:00.000000,DEPARTAMENTO,Arriendo,owner_direct
PI-2023-05-002609,portalinmobiliario,Vitacura,Metropolitana,1000000,28.57,28.3,2023-04-03 00:00:00.000000,2023-05-15 00:00:00.000000,DEPARTAMENTO,arriendo,owner_direct
PI-2023-05-004472,portalinmobiliario,Huechuraba,Metropolitana,590000,16.86,30.3,2023-05-28 00:00:00.000000,2023-05-29 00:00:00.000000,Departamento,arriendo,agency
PI-2023-05-000994,portalinmobiliario,Estación Central,Metropolitana,410000,11.71,33.0,2023-04-21 00:00:00.000000,2023-05-08 00:00:00.000000,departamento,Arriendo,agency
PI-2023-05-000466,portalinmobiliario,La Reina,Metropolitana,670000,19.14,36.0,2023-04-21 00:00:00.000000,2023-05-01 00:00:00.000000,Departamento,Arriendo,agency
PI-2023-05-004136,portalinmobiliario,Las Condes,Metropolitana,985000,28.14,35.8,2023-05-20 00:00:00.000000,2023-05-29 00:00:00.000000,DEPARTAMENTO,ARRIENDO,agency
PI-2023-05-001388,portalinmobiliario,La Reina,Metropolitana,985000,28.14,60.1,2023-05-07 00:00:00.000000,2023-05-08 00:00:00.000000,DEPARTAMENTO,arriendo,agency
PI-2023-05-002315,portalinmobiliario,Quilicura,Metropolitana,425000,12.14,43.9,2023-04-24 00:00:00.000000,2023-05-15 00:00:00.000000,departamento,Arriendo,agency
PI-2023-05-001774,portalinmobiliario,Las Condes,Metropolitana,890000,25.43,49.8,2023-05-01 00:00:00.000000,2023-05-15 00:00:00.000000,departamento,ARRIENDO,agency
PI-2023-05-002101,portalinmobiliario,Santiago,Metropolitana,655000,18.71,46.1,2023-05-11 00:00:00.000000,2023-05-15 00:00:00.000000,Departamento,Arriendo,agency
PI-2023-05-002590,portalinmobiliario,La Cisterna,Metropolitana,535000,15.29,64.8,2023-05-10 00:00:00.000000,2023-05-15 00:00:00.000000,Departamento,Arriendo,owner_direct
PI-2023-05-003281,portalinmobiliario,San Joaquín,Metropolitana,530000,15.14,57.5,2023-04-22 00:00:00.000000,2023-05-22 00:00:00.000000,Departamento,ARRIENDO,agency
PI-2023-05-000875,portalinmobiliario,Santiago,Metropolitana,765000,21.86,66.5,2023-04-06 00:00:00.000000,2023-05-08 00:00:00.000000,DEPARTAMENTO,ARRIENDO,agency
PI-2023-05-003521,portalinmobiliario,Independencia,Metropolitana,410000,11.71,39.3,2023-05-13 00:00:00.000000,2023-05-22 00:00:00.000000,Departamento,Arriendo,owner_direct
PI-2023-05-003908,portalinmobiliario,Quinta Normal,Metropolitana,425000,12.14,42.3,2023-04-30 00:00:00.000000,2023-05-29 00:00:00.000000,Departamento,Arriendo,agency
PI-2023-05-004252,portalinmobiliario,Estación Central,Metropolitana,435000,12.43,29.7,2023-02-14 00:00:00.000000,2023-05-29 00:00:00.000000,Departamento,Arriendo,owner_direct
PI-2023-05-001274,portalinmobiliario,LA REINA,Metropolitana,865000,24.71,50.4,2023-05-07 00:00:00.000000,2023-05-08 00:00:00.000000,Departamento,Arriendo,agency
PI-2023-05-002042,portalinmobiliario,Vitacura,Metropolitana,1305000,37.29,49.3,2023-05-13 00:00:00.000000,2023-05-15 00:00:00.000000,departamento,Arriendo,owner_direct
PI-2023-05-000885,portalinmobiliario,San Miguel,Metropolitana,570000,16.29,40.9,2023-04-03 00:00:00.000000,2023-05-08 00:00:00.000000,DEPARTAMENTO,Arriendo,owner_direct
PI-2023-05-002927,portalinmobiliario,Santiago,Metropolitana,790000,22.57,64.5,2023-05-09 00:00:00.000000,2023-05-22 00:00:00.000000,DEPARTAMENTO,Arriendo,agency
PI-2023-05-004700,portalinmobiliario,Maipú,Metropolitana,480000,13.71,42.5,2023-04-17 00:00:00.000000,2023-05-29 00:00:00.000000,DEPARTAMENTO,Arriendo,agency
PI-2023-05-001868,portalinmobiliario,San Miguel,Metropolitana,465000,13.29,25.0,2023-04-21 00:00:00.000000,2023-05-15 00:00:00.000000,DEPARTAMENTO,ARRIENDO,agency
PI-2023-05-004203,portalinmobiliario,Estación Central,Metropolitana,485000,13.86,51.2,2022-11-20 00:00:00.000000,2023-05-29 00:00:00.000000,Departamento,ARRIENDO,agency
PI-2023-05-000718,portalinmobiliario,San Joaquín,Metropolitana,790000,22.57,100.3,2023-04-09 00:00:00.000000,2023-05-01 00:00:00.000000,departamento,arriendo,owner_direct
PI-2023-05-003192,portalinmobiliario,Estación Central,Metropolitana,655000,18.71,71.2,2023-04-27 00:00:00.000000,2023-05-22 00:00:00.000000,departamento,arriendo,owner_direct
PI-2023-05-004371,portalinmobiliario,Las Condes,Metropolitana,790000,22.57,32.6,2023-05-14 00:00:00.000000,2023-05-29 00:00:00.000000,Departamento,arriendo,agency
PI-2023-05-000002,portalinmobiliario,Estación Central ,Metropolitana,700000,20.0,101.0,2023-04-21 00:00:00.000000,2023-05-01 00:00:00.000000,departamento,ARRIENDO,agency
PI-2023-05-003194,portalinmobiliario,Santiago,Metropolitana,590000,16.86,42.1,2023-04-25 00:00:00.000000,2023-05-22 00:00:00.000000,departamento,ARRIENDO,agency
PI-2023-05-002429,portalinmobiliario,Independencia,Metropolitana,380000,10.86,1.0,2023-04-24 00:00:00.000000,2023-05-15 00:00:00.000000,Departamento,Arriendo,agency
PI-2023-05-003872,portalinmobiliario,Ñuñoa,Metropolitana,640000,18.29,42.5,2023-05-08 00:00:00.000000,2023-05-29 00:00:00.000000,Departamento,arriendo,agency
PI-2023-05-004456,portalinmobiliario,Las Condes,Metropolitana,1125000,32.14,57.8,2023-03-18 00:00:00.000000,2023-05-29 00:00:00.000000,departamento,ARRIENDO,agency
PI-2023-05-000275,portalinmobiliario,San Joaquín,Metropolitana,585000,16.71,58.6,2023-04-05 00:00:00.000000,2023-05-01 00:00:00.000000,departamento,ARRIENDO,agency
PI-2023-05-003765,portalinmobiliario,Santiago,Metropolitana,575000,16.43,57.2,2023-05-15 00:00:00.000000,2023-05-22 00:00:00.000000,departamento,Arriendo,agency
PI-2023-05-000170,portalinmobiliario,La Florida,Metropolitana,620000,17.71,56.5,2023-04-07 00:00:00.000000,2023-05-01 00:00:00.000000,Departamento,ARRIENDO,owner_direct
PI-2023-05-000140,portalinmobiliario,Puente Alto,Metropolitana,530000,15.14,72.7,2023-03-15 00:00:00.000000,2023-05-01 00:00:00.000000,Departamento,ARRIENDO,agency
PI-2023-05-002847,portalinmobiliario,Independencia,Metropolitana,445000,12.71,44.1,2023-05-16 00:00:00.000000,2023-05-22 00:00:00.000000,DEPARTAMENTO,ARRIENDO,owner_direct
PI-2023-05-003557,portalinmobiliario,Lo Barnechea,Metropolitana,1080000,,63.6,2023-05-03 00:00:00.000000,2023-05-22 00:00:00.000000,DEPARTAMENTO,arriendo,owner_direct
PI-2023-05-004104,portalinmobiliario,Las Condes,Metropolitana,1145000,32.71,51.2,2023-05-22 00:00:00.000000,2023-05-29 00:00:00.000000,DEPARTAMENTO,ARRIENDO,owner_direct
PI-2023-05-001714,portalinmobiliario,Puente Alto,Metropolitana,315000,9.0,33.8,2023-04-28 00:00:00.000000,2023-05-08 00:00:00.000000,departamento,ARRIENDO,agency
PI-2023-05-001859,portalinmobiliario,Independencia,Metropolitana,460000,13.14,31.3,2023-04-17 00:00:00.000000,2023-05-15 00:00:00.000000,DEPARTAMENTO,ARRIENDO,owner_direct
PI-2023-05-001824,portalinmobiliario,Santiago,Metropolitana,905000,25.86,88.8,2023-04-29 00:00:00.000000,2023-05-15 00:00:00.000000,Departamento,Arriendo,owner_direct
PI-2023-05-004106,portalinmobiliario,San Miguel,Metropolitana,725000,,61.7,2023-04-26 00:00:00.000000,2023-05-29 00:00:00.000000,Departamento,Arriendo,owner_direct
PI-2023-05-002285,portalinmobiliario,Conchalí,Metropolitana,490000,14.0,51.8,2023-04-16 00:00:00.000000,2023-05-15 00:00:00.000000,departamento,Arriendo,owner_direct
PI-2023-05-001041,portalinmobiliario,Lo Barnechea,Metropolitana,910000,26.0,55.1,2023-04-23 00:00:00.000000,2023-05-08 00:00:00.000000,Departamento,ARRIENDO,owner_direct
PI-2023-05-002188,portalinmobiliario,Santiago,Metropolitana,710000,20.29,71.8,2023-03-28 00:00:00.000000,2023-05-15 00:00:00.000000,departamento,ARRIENDO,owner_direct
PI-2023-05-001514,portalinmobiliario,San Joaquín,Metropolitana,465000,13.29,47.2,2023-04-14 00:00:00.000000,2023-05-08 00:00:00.000000,departamento,arriendo,owner_direct
PI-2023-05-001124,portalinmobiliario,La Florida,Metropolitana,760000,21.71,71.3,2023-04-23 00:00:00.000000,2023-05-08 00:00:00.000000,Departamento,ARRIENDO,agency
PI-2023-05-003191,portalinmobiliario,Las Condes,Metropolitana,930000,26.57,49.0,2023-05-16 00:00:00.000000,2023-05-22 00:00:00.000000,Departamento,ARRIENDO,agency
PI-2023-05-003666,portalinmobiliario,Quilicura,Metropolitana,730000,20.86,97.7,2023-05-17 00:00:00.000000,2023-05-22 00:00:00.000000,Departamento,ARRIENDO,agency
PI-2023-05-000855,portalinmobiliario,Providencia,Metropolitana,910000,26.0,47.3,2023-04-08 00:00:00.000000,2023-05-08 00:00:00.000000,departamento,Arriendo,agency
PI-2023-05-000831,portalinmobiliario,Lo Barnechea,Metropolitana,830000,23.71,59.8,2023-03-16 00:00:00.000000,2023-05-08 00:00:00.000000,Departamento,ARRIENDO,agency
PI-2023-05-001776,portalinmobiliario,Ñuñoa,Metropolitana,435000,12.43,25.4,2023-05-11 00:00:00.000000,2023-05-15 00:00:00.000000,DEPARTAMENTO,Arriendo,agency
PI-2023-05-004563,portalinmobiliario,Santiago,Metropolitana,765000,21.86,74.3,2023-05-05 00:00:00.000000,2023-05-29 00:00:00.000000,departamento,arriendo,agency
PI-2023-05-000733,portalinmobiliario,Santiago,Metropolitana,485000,13.86,28.9,2023-04-18 00:00:00.000000,2023-05-01 00:00:00.000000,DEPARTAMENTO,ARRIENDO,owner_direct
PI-2023-05-000089,portalinmobiliario,Las Condes,Metropolitana,1115000,31.86,53.8,2023-04-07 00:00:00.000000,2023-05-01 00:00:00.000000,departamento,Arriendo,agency
PI-2023-05-003020,portalinmobiliario,Macul,Metropolitana,1065000,30.43,112.2,2022-11-13 00:00:00.000000,2023-05-22 00:00:00.000000,Departamento,ARRIENDO,owner_direct
PI-2023-05-000555,portalinmobiliario,Estación Central,Metropolitana,565000,16.14,62.5,2022-12-08 00:00:00.000000,2023-05-01 00:00:00.000000,DEPARTAMENTO,Arriendo,agency
PI-2023-05-000194,portalinmobiliario,San Miguel,Metropolitana,610000,17.43,67.4,2023-03-23 00:00:00.000000,2023-05-01 00:00:00.000000,DEPARTAMENTO,ARRIENDO,owner_direct
PI-2023-05-003790,portalinmobiliario,La Florida,Metropolitana,620000,17.71,65.2,2023-05-20 00:00:00.000000,2023-05-29 00:00:00.000000,departamento,arriendo,owner_direct
PI-2023-05-002319,portalinmobiliario,Independencia,Metropolitana,570000,16.29,56.1,2023-04-18 00:00:00.000000,2023-05-15 00:00:00.000000,Departamento,arriendo,agency
PI-2023-05-004787,portalinmobiliario,Independencia,Metropolitana,585000,16.71,66.0,2023-05-09 00:00:00.000000,2023-05-29 00:00:00.000000,DEPARTAMENTO,arriendo,agency
PI-2023-05-000248,portalinmobiliario,Independencia,Metropolitana,505000,14.43,41.4,2023-04-01 00:00:00.000000,2023-05-01 00:00:00.000000,departamento,arriendo,owner_direct
PI-2023-05-002098,portalinmobiliario,San Miguel,Metropolitana,600000,17.14,43.8,2023-05-14 00:00:00.000000,2023-05-15 00:00:00.000000,DEPARTAMENTO,Arriendo,agency
PI-2023-05-002355,portalinmobiliario,Santiago,Metropolitana,1145000,32.71,103.6,2023-05-02 00:00:00.000000,2023-05-15 00:00:00.000000,departamento,Arriendo,owner_direct
PI-2023-05-002433,portalinmobiliario,Lo Barnechea,Metropolitana,645000,18.43,25.3,2023-04-21 00:00:00.000000,2023-05-15 00:00:00.000000,Departamento,ARRIENDO,agency
PI-2023-05-000645,portalinmobiliario,Santiago,Metropolitana,665000,19.0,55.9,2023-04-28 00:00:00.000000,2023-05-01 00:00:00.000000,departamento,arriendo,owner_direct
PI-2023-05-001404,portalinmobiliario,Lo Barnechea,Metropolitana,740000,21.14,28.7,2023-04-26 00:00:00.000000,2023-05-08 00:00:00.000000,DEPARTAMENTO,arriendo,owner_direct
PI-2023-05-003107,portalinmobiliario,Santiago,Metropolitana,380000,10.86,27.3,2023-05-06 00:00:00.000000,2023-05-22 00:00:00.000000,departamento,Arriendo,owner_direct
PI-2023-05-002176,portalinmobiliario,Quinta Normal,Metropolitana,530000,15.14,47.8,2023-05-03 00:00:00.000000,2023-05-15 00:00:00.000000,Departamento,Arriendo,agency
PI-2023-05-003539,portalinmobiliario,Independencia,Metropolitana,440000,12.57,38.5,2023-03-15 00:00:00.000000,2023-05-22 00:00:00.000000,DEPARTAMENTO,Arriendo,agency
PI-2023-05-001101,portalinmobiliario,Quilicura,Metropolitana,430000,12.29,32.6,2023-04-02 00:00:00.000000,2023-05-08 00:00:00.000000,departamento,ARRIENDO,owner_direct
PI-2023-05-003997,portalinmobiliario,Ñuñoa,Metropolitana,575000,16.43,33.2,2023-01-14 00:00:00.000000,2023-05-29 00:00:00.000000,DEPARTAMENTO,Arriendo,agency
PI-2023-05-002149,portalinmobiliario, Maipú,Metropolitana,390000,11.14,33.9,2023-03-21 00:00:00.000000,2023-05-15 00:00:00.000000,departamento,arriendo,agency
PI-2023-05-004505,portalinmobiliario,Santiago,Metropolitana,670000,19.14,43.2,2023-05-21 00:00:00.000000,2023-05-29 00:00:00.000000,Departamento,arriendo,agency
PI-2023-05-003743,portalinmobiliario,SAN MIGUEL,Metropolitana,725000,20.71,66.3,2023-05-15 00:00:00.000000,2023-05-22 00:00:00.000000,Departamento,Arriendo,owner_direct
PI-2023-05-000406,portalinmobiliario,Santiago,Metropolitana,5810000,166.0,57.7,2023-03-20 00:00:00.000000,2023-05-01 00:00:00.000000,departamento,ARRIENDO,owner_direct
PI-2023-05-004334,portalinmobiliario,Puente Alto,Metropolitana,655000,18.71,83.9,2023-05-05 00:00:00.000000,2023-05-29 00:00:00.000000,Departamento,Arriendo,agency
PI-2023-05-003903,portalinmobiliario,Puente Alto,Metropolitana,465000,13.29,54.8,2023-05-14 00:00:00.000000,2023-05-29 00:00:00.000000,departamento,ARRIENDO,agency
PI-2023-05-004289,portalinmobiliario,Macul,Metropolitana,810000,23.14,89.1,2023-05-15 00:00:00.000000,2023-05-29 00:00:00.000000,Departamento,arriendo,agency
PI-2023-05-002038,portalinmobiliario,San Miguel,Metropolitana,460000,13.14,29.4,2023-04-12 00:00:00.000000,2023-05-15 00:00:00.000000,Departamento,arriendo,owner_direct
PI-2023-05-004120,portalinmobiliario,Ñuñoa,Metropolitana,555000,15.86,29.5,2023-01-26 00:00:00.000000,2023-05-29 00:00:00.000000,departamento,ARRIENDO,agency
PI-2023-05-004084,portalinmobiliario,Maipú,Metropolitana,380000,10.86,32.1,2023-04-21 00:00:00.000000,2023-05-29 00:00:00.000000,Departamento,ARRIENDO,agency
PI-2023-05-000468,portalinmobiliario,San Miguel,Metropolitana,585000,16.71,48.7,2023-04-12 00:00:00.000000,2023-05-01 00:00:00.000000,Departamento,ARRIENDO,agency
PI-2023-05-002122,portalinmobiliario,Ñuñoa,Metropolitana,875000,25.0,77.0,2023-04-30 00:00:00.000000,2023-05-15 00:00:00.000000,DEPARTAMENTO,ARRIENDO,agency
PI-2023-05-001889,portalinmobiliario,Santiago,Metropolitana,690000,19.71,74.3,2023-03-13 00:00:00.000000,2023-05-15 00:00:00.000000,DEPARTAMENTO,arriendo,owner_direct
PI-2023-05-004665,portalinmobiliario,La Florida,Metropolitana,460000,13.14,49.9,2023-03-15 00:00:00.000000,2023-05-29 00:00:00.000000,Departamento,ARRIENDO,agency
PI-2023-05-001783,portalinmobiliario,Estación Central,Metropolitana,560000,16.0,61.0,2023-03-29 00:00:00.000000,2023-05-15 00:00:00.000000,Departamento,Arriendo,agency
PI-2023-05-002354,portalinmobiliario,Providencia,Metropolitana,1450000,41.43,84.0,2023-04-07 00:00:00.000000,2023-05-15 00:00:00.000000,departamento,ARRIENDO,owner_direct
PI-2023-05-002781,portalinmobiliario,Las Condes,Metropolitana,715000,20.43,26.0,2023-04-19 00:00:00.000000,2023-05-22 00:00:00.000000,Departamento,Arriendo,agency
PI-2023-05-002052,portalinmobiliario,Santiago,Metropolitana,710000,20.29,77.1,2023-04-20 00:00:00.000000,2023-05-15 00:00:00.000000,DEPARTAMENTO,arriendo,agency
PI-2023-05-000239,portalinmobiliario,Lo Barnechea,Metropolitana,830000,23.71,39.9,2023-04-22 00:00:00.000000,2023-05-01 00:00:00.000000,Departamento,arriendo,owner_direct
PI-2023-05-003541,portalinmobiliario,Maipú,Metropolitana,315000,9.0,21.0,2023-05-10 00:00:00.000000,2023-05-22 00:00:00.000000,departamento,Arriendo,agency
PI-2023-05-003941,portalinmobiliario,Estación Central,Metropolitana,455000,13.0,52.3,2023-04-13 00:00:00.000000,2023-05-29 00:00:00.000000,DEPARTAMENTO,Arriendo,owner_direct
PI-2023-05-001909,portalinmobiliario,Santiago,Metropolitana,620000,17.71,49.0,2023-05-09 00:00:00.000000,2023-05-15 00:00:00.000000,departamento,ARRIENDO,owner_direct
PI-2023-05-004670,portalinmobiliario,Huechuraba,Metropolitana,635000,18.14,49.3,2023-05-19 00:00:00.000000,2023-05-29 00:00:00.000000,DEPARTAMENTO,Arriendo,owner_direct
PI-2023-05-001286,portalinmobiliario,La Reina,Metropolitana,935000,26.71,58.8,2022-11-24 00:00:00.000000,2023-05-08 00:00:00.000000,departamento,arriendo,owner_direct
PI-2023-05-003995,portalinmobiliario,Santiago,Metropolitana,6085000,173.86,44.4,2023-04-25 00:00:00.000000,2023-05-29 00:00:00.000000,departamento,arriendo,agency
PI-2023-05-001788,portalinmobiliario,Macul,Metropolitana,535000,15.29,40.5,2023-05-03 00:00:00.000000,2023-05-15 00:00:00.000000,departamento,arriendo,agency
PI-2023-05-000935,portalinmobiliario,Recoleta,Metropolitana,375000,10.71,32.1,2022-10-10 00:00:00.000000,2023-05-08 00:00:00.000000,departamento,ARRIENDO,agency
PI-2023-05-002387,portalinmobiliario,Lo Barnechea,Metropolitana,645000,18.43,36.5,2023-04-19 00:00:00.000000,2023-05-15 00:00:00.000000,departamento,arriendo,agency
PI-2023-05-001044,portalinmobiliario,Independencia,Metropolitana,640000,18.29,63.6,2023-05-01 00:00:00.000000,2023-05-08 00:00:00.000000,Departamento,Arriendo,agency
PI-2023-05-002167,portalinmobiliario,San Miguel,Metropolitana,985000,28.14,114.4,2023-05-06 00:00:00.000000,2023-05-15 00:00:00.000000,DEPARTAMENTO,Arriendo,agency
PI-2023-05-000791,portalinmobiliario,Ñuñoa,Metropolitana,630000,18.0,29.3,2023-04-26 00:00:00.000000,2023-05-01 00:00:00.000000,DEPARTAMENTO,arriendo,agency
PI-2023-05-000257,portalinmobiliario,La Reina,Metropolitana,620000,17.71,25.8,2023-04-22 00:00:00.000000,2023-05-01 00:00:00.000000,Departamento,Arriendo,agency
PI-2023-05-002398,portalinmobiliario,San Miguel,Metropolitana,475000,13.57,45.6,2023-04-11 00:00:00.000000,2023-05-15 00:00:00.000000,departamento,ARRIENDO,owner_direct
PI-2023-05-004761,portalinmobiliario,Pudahuel,Metropolitana,485000,13.86,45.4,2023-05-14 00:00:00.000000,2023-05-29 00:00:00.000000,Departamento,ARRIENDO,agency
PI-2023-05-004788,portalinmobiliario, Ñuñoa,Metropolitana,635000,18.14,43.0,2023-04-30 00:00:00.000000,2023-05-29 00:00:00.000000,Departamento,ARRIENDO,owner_direct
PI-2023-05-001529,portalinmobiliario,Santiago,Metropolitana,585000,16.71,37.6,2023-04-06 00:00:00.000000,2023-05-08 00:00:00.000000,Departamento,ARRIENDO,agency
PI-2023-05-003622,portalinmobiliario,San Miguel,Metropolitana,420000,12.0,29.1,2023-04-12 00:00:00.000000,2023-05-22 00:00:00.000000,departamento,ARRIENDO,owner_direct
PI-2023-05-000973,portalinmobiliario,San Miguel,Metropolitana,960000,27.43,111.8,2023-04-23 00:00:00.000000,2023-05-08 00:00:00.000000,DEPARTAMENTO,Arriendo,agency
PI-2023-05-000493,portalinmobiliario,Independencia,Metropolitana,825000,23.57,91.6,2023-04-02 00:00:00.000000,2023-05-01 00:00:00.000000,Departamento,ARRIENDO,agency
PI-2023-05-001837,portalinmobiliario,Las Condes,Metropolitana,1440000,41.14,96.3,2022-11-27 00:00:00.000000,2023-05-15 00:00:00.000000,DEPARTAMENTO,ARRIENDO,owner_direct
PI-2023-05-000371,portalinmobiliario,Las Condes,Metropolitana,815000,23.29,48.1,2023-03-25 00:00:00.000000,2023-05-01 00:00:00.000000,departamento,Arriendo,agency
PI-2023-05-003001,portalinmobiliario,Estación Central,Metropolitana,410000,11.71,35.1,2023-05-03 00:00:00.000000,2023-05-22 00:00:00.000000,Departamento,ARRIENDO,agency
PI-2023-05-001972,portalinmobiliario,Conchalí,Metropolitana,465000,13.29,61.1,2023-04-05 00:00:00.000000,2023-05-15 00:00:00.000000,departamento,Arriendo,owner_direct
PI-2023-05-004724,portalinmobiliario,La Reina,Metropolitana,995000,28.43,91.7,2023-05-02 00:00:00.000000,2023-05-29 00:00:00.000000,Departamento,ARRIENDO,owner_direct
PI-2023-05-004655,portalinmobiliario,Quilicura,Metropolitana,510000,14.57,49.1,2023-05-19 00:00:00.000000,2023-05-29 00:00:00.000000,departamento,arriendo,agency
PI-2023-05-000079,portalinmobiliario,Estación Central,Metropolitana,485000,13.86,54.7,2023-04-09 00:00:00.000000,2023-05-01 00:00:00.000000,DEPARTAMENTO,ARRIENDO,agency
PI-2023-05-001444,portalinmobiliario,Santiago,Metropolitana,630000,18.0,38.2,2023-03-30 00:00:00.000000,2023-05-08 00:00:00.000000,DEPARTAMENTO,arriendo,owner_direct
PI-2023-05-003887,portalinmobiliario,Providencia,Metropolitana,1080000,30.86,65.6,2023-04-23 00:00:00.000000,2023-05-29 00:00:00.000000,departamento,ARRIENDO,agency
PI-2023-05-002458,portalinmobiliario,La Florida,Metropolitana,1000000,28.57,128.8,2023-05-01 00:00:00.000000,2023-05-15 00:00:00.000000,departamento,Arriendo,agency
PI-2023-05-002131,portalinmobiliario,La Florida,Metropolitana,380000,10.86,36.0,2023-05-03 00:00:00.000000,2023-05-15 00:00:00.000000,DEPARTAMENTO,ARRIENDO,agency
PI-2023-05-002885,portalinmobiliario,Las Condes,Metropolitana,790000,22.57,27.7,2022-11-15 00:00:00.000000,2023-05-22 00:00:00.000000,Departamento,arriendo,owner_direct
PI-2023-05-000656,portalinmobiliario,Recoleta,Metropolitana,935000,26.71,97.7,2023-04-19 00:00:00.000000,2023-05-01 00:00:00.000000,Departamento,ARRIENDO,agency
PI-2023-05-002301,portalinmobiliario,Macul,Metropolitana,590000,16.86,70.5,2023-04-30 00:00:00.000000,2023-05-15 00:00:00.000000,Departamento,ARRIENDO,agency
PI-2023-05-003196,portalinmobiliario,Las Condes,Metropolitana,930000,26.57,36.1,2023-04-21 00:00:00.000000,2023-05-22 00:00:00.000000,Departamento,arriendo,owner_direct
PI-2023-05-004111,portalinmobiliario,Macul,Metropolitana,835000,23.86,120.0,2023-04-05 00:00:00.000000,2023-05-29 00:00:00.000000,departamento,arriendo,agency
PI-2023-05-002599,portalinmobiliario,Ñuñoa,Metropolitana,595000,17.0,32.6,2023-04-22 00:00:00.000000,2023-05-15 00:00:00.000000,departamento,arriendo,owner_direct
PI-2023-05-004141,portalinmobiliario,Ñuñoa,Metropolitana,1110000,31.71,87.8,2023-04-07 00:00:00.000000,2023-05-29 00:00:00.000000,DEPARTAMENTO,arriendo,agency
PI-2023-05-004851,portalinmobiliario,San Miguel,Metropolitana,755000,21.57,85.4,2023-04-26 00:00:00.000000,2023-05-29 00:00:00.000000,departamento,arriendo,owner_direct
PI-2023-05-000308,portalinmobiliario,Providencia,Metropolitana,845000,24.14,35.5,2023-04-23 00:00:00.000000,2023-05-01 00:00:00.000000,Departamento,Arriendo,agency
PI-2023-05-002526,portalinmobiliario,La Florida,Metropolitana,1050000,30.0,128.7,2023-04-21 00:00:00.000000,2023-05-15 00:00:00.000000,Departamento,Arriendo,agency
PI-2023-05-000992,portalinmobiliario,Macul,Metropolitana,495000,,38.1,2023-04-09 00:00:00.000000,2023-05-08 00:00:00.000000,departamento,arriendo,owner_direct
PI-2023-05-001959,portalinmobiliario,La Florida,Metropolitana,515000,14.71,52.0,2023-04-03 00:00:00.000000,2023-05-15 00:00:00.000000,DEPARTAMENTO,ARRIENDO,owner_direct
PI-2023-05-004343,portalinmobiliario,Estación Central,Metropolitana,440000,12.57,50.5,2023-04-14 00:00:00.000000,2023-05-29 00:00:00.000000,DEPARTAMENTO,Arriendo,owner_direct
PI-2023-05-003418,portalinmobiliario,Santiago,Metropolitana,515000,14.71,44.0,2023-05-21 00:00:00.000000,2023-05-22 00:00:00.000000,departamento,arriendo,agency
PI-2023-05-003299,portalinmobiliario,La Florida,Metropolitana,450000,12.86,39.8,2023-04-20 00:00:00.000000,2023-05-22 00:00:00.000000,Departamento,arriendo,agency
PI-2023-05-004766,portalinmobiliario,Peñalolén,Metropolitana,620000,17.71,70.6,2023-05-18 00:00:00.000000,2023-05-29 00:00:00.000000,Departamento,ARRIENDO,owner_direct
PI-2023-05-001785,portalinmobiliario,Providencia,Metropolitana,750000,21.43,28.6,2023-03-17 00:00:00.000000,2023-05-15 00:00:00.000000,DEPARTAMENTO,Arriendo,owner_direct
PI-2023-05-002728,portalinmobiliario,Recoleta,Metropolitana,400000,11.43,31.2,2023-04-09 00:00:00.000000,2023-05-15 00:00:00.000000,DEPARTAMENTO,ARRIENDO,agency
PI-2023-05-003374,portalinmobiliario,La Cisterna,Metropolitana,900000,25.71,106.0,2023-05-18 00:00:00.000000,2023-05-22 00:00:00.000000,departamento,Arriendo,agency
PI-2023-05-003849,portalinmobiliario,Independencia,Metropolitana,615000,17.57,77.1,2023-05-14 00:00:00.000000,2023-05-29 00:00:00.000000,departamento,Arriendo,agency
PI-2023-05-001029,portalinmobiliario,San Miguel,Metropolitana,455000,13.0,36.3,2023-03-17 00:00:00.000000,2023-05-08 00:00:00.000000,DEPARTAMENTO,Arriendo,agency
PI-2023-05-002505,portalinmobiliario,Providencia,Metropolitana,795000,22.71,49.2,2023-04-15 00:00:00.000000,2023-05-15 00:00:00.000000,DEPARTAMENTO,Arriendo,agency
PI-2023-05-002192,portalinmobiliario,Providencia,Metropolitana,780000,22.29,8.0,2023-05-02 00:00:00.000000,2023-05-15 00:00:00.000000,Departamento,ARRIENDO,owner_direct
PI-2023-05-001359,portalinmobiliario,Santiago,Metropolitana,855000,24.43,67.0,2023-04-17 00:00:00.000000,2023-05-08 00:00:00.000000,DEPARTAMENTO,arriendo,owner_direct
PI-2023-05-001419,portalinmobiliario,Las Condes,Metropolitana,1055000,30.14,41.1,2023-04-08 00:00:00.000000,2023-05-08 00:00:00.000000,DEPARTAMENTO,arriendo,agency
PI-2023-05-004682,portalinmobiliario,Peñalolén,Metropolitana,645000,18.43,53.6,2023-05-03 00:00:00.000000,2023-05-29 00:00:00.000000,Departamento,Arriendo,agency
PI-2023-05-000890,portalinmobiliario,Santiago,Metropolitana,460000,13.14,28.6,2023-05-04 00:00:00.000000,2023-05-08 00:00:00.000000,Departamento,Arriendo,agency
PI-2023-05-001326,portalinmobiliario,Estación Central,Metropolitana,550000,15.71,58.1,2023-04-15 00:00:00.000000,2023-05-08 00:00:00.000000,departamento,ARRIENDO,agency
PI-2023-05-000648,portalinmobiliario,Maipú,Metropolitana,425000,12.14,33.2,2023-02-17 00:00:00.000000,2023-05-01 00:00:00.000000,departamento,ARRIENDO,owner_direct
PI-2023-05-000889,portalinmobiliario,Quinta Normal,Metropolitana,405000,11.57,28.3,2023-03-03 00:00:00.000000,2023-05-08 00:00:00.000000,Departamento,ARRIENDO,agency
PI-2023-05-000111,portalinmobiliario,Estación Central,Metropolitana,405000,11.57,55.9,2023-03-20 00:00:00.000000,2023-05-01 00:00:00.000000,departamento,ARRIENDO,agency
PI-2023-05-003714,portalinmobiliario,Santiago,Metropolitana,545000,15.57,28.8,2023-04-17 00:00:00.000000,2023-05-22 00:00:00.000000,DEPARTAMENTO,ARRIENDO,agency
PI-2023-05-003821,portalinmobiliario,Las Condes,Metropolitana,840000,24.0,43.8,2022-11-23 00:00:00.000000,2023-05-29 00:00:00.000000,Departamento,arriendo,agency
PI-2023-05-000564,portalinmobiliario,Independencia,Metropolitana,730000,20.86,82.1,2023-01-04 00:00:00.000000,2023-05-01 00:00:00.000000,DEPARTAMENTO,arriendo,agency
PI-2023-05-003097,portalinmobiliario,San Joaquín,Metropolitana,450000,12.86,45.4,2023-05-10 00:00:00.000000,2023-05-22 00:00:00.000000,departamento,Arriendo,agency
PI-2023-05-002287,portalinmobiliario,Estación Central,Metropolitana,505000,14.43,57.6,2023-05-03 00:00:00.000000,2023-05-15 00:00:00.000000,Departamento,Arriendo,agency
PI-2023-05-004057,portalinmobiliario,Maipú,Metropolitana,545000,15.57,67.4,2023-05-14 00:00:00.000000,2023-05-29 00:00:00.000000,Departamento,Arriendo,owner_direct
PI-2023-05-000700,portalinmobiliario,Providencia,Metropolitana,865000,24.71,47.3,2023-03-12 00:00:00.000000,2023-05-01 00:00:00.000000,DEPARTAMENTO,arriendo,owner_direct
PI-2023-05-001607,portalinmobiliario,Huechuraba,Metropolitana,680000,19.43,48.7,2023-02-17 00:00:00.000000,2023-05-08 00:00:00.000000,DEPARTAMENTO,Arriendo,agency
PI-2023-05-004807,portalinmobiliario,Macul,Metropolitana,475000,13.57,30.8,2023-03-15 00:00:00.000000,2023-05-29 00:00:00.000000,DEPARTAMENTO,arriendo,owner_direct
PI-2023-05-001825,portalinmobiliario,Macul,Metropolitana,495000,14.14,51.8,2023-05-09 00:00:00.000000,2023-05-15 00:00:00.000000,Departamento,ARRIENDO,agency
PI-2023-05-002717,portalinmobiliario,Macul,Metropolitana,945000,27.0,109.7,2023-01-08 00:00:00.000000,2023-05-15 00:00:00.000000,departamento,arriendo,owner_direct
PI-2023-05-001427,portalinmobiliario,Renca,Metropolitana,395000,11.29,49.4,2023-03-09 00:00:00.000000,2023-05-08 00:00:00.000000,Departamento,arriendo,agency
PI-2023-05-003927,portalinmobiliario,Quilicura,Metropolitana,420000,12.0,44.3,2023-02-02 00:00:00.000000,2023-05-29 00:00:00.000000,DEPARTAMENTO,arriendo,owner_direct
PI-2023-05-001723,portalinmobiliario,Santiago,Metropolitana,490000,14.0,25.4,2023-04-25 00:00:00.000000,2023-05-08 00:00:00.000000,departamento,arriendo,agency
PI-2023-05-001008,portalinmobiliario,Vitacura,Metropolitana,12705000,363.0,54.3,2023-04-21 00:00:00.000000,2023-05-08 00:00:00.000000,Departamento,Arriendo,owner_direct
PI-2023-05-002485,portalinmobiliario,Ñuñoa ,Metropolitana,915000,26.14,69.6,2023-05-05 00:00:00.000000,2023-05-15 00:00:00.000000,DEPARTAMENTO,ARRIENDO,owner_direct
PI-2023-05-001431,portalinmobiliario,Peñalolén,Metropolitana,760000,21.71,81.3,2023-03-26 00:00:00.000000,2023-05-08 00:00:00.000000,Departamento,ARRIENDO,owner_direct
PI-2023-05-003450,portalinmobiliario,Ñuñoa,Metropolitana,630000,18.0,34.8,2023-05-08 00:00:00.000000,2023-05-22 00:00:00.000000,departamento,ARRIENDO,agency
PI-2023-05-000619,portalinmobiliario,Quinta Normal,Metropolitana,450000,12.86,37.7,2023-03-25 00:00:00.000000,2023-05-01 00:00:00.000000,Departamento,Arriendo,agency
PI-2023-05-000237,portalinmobiliario,Estación Central,Metropolitana,490000,14.0,50.5,2023-03-28 00:00:00.000000,2023-05-01 00:00:00.000000,departamento,Arriendo,agency
PI-2023-05-000273,portalinmobiliario,Pudahuel,Metropolitana,500000,14.29,48.4,2023-03-27 00:00:00.000000,2023-05-01 00:00:00.000000,departamento,ARRIENDO,agency
PI-2023-05-001986,portalinmobiliario,Ñuñoa,Metropolitana,2020000,57.71,46.8,2023-04-27 00:00:00.000000,2023-05-15 00:00:00.000000,Departamento,Arriendo,agency
PI-2023-05-003931,portalinmobiliario,Cerrillos,Metropolitana,680000,19.43,72.5,2023-05-08 00:00:00.000000,2023-05-29 00:00:00.000000,DEPARTAMENTO,ARRIENDO,owner_direct
PI-2023-05-003345,portalinmobiliario,Independencia,Metropolitana,590000,16.86,65.8,2023-04-07 00:00:00.000000,2023-05-22 00:00:00.000000,DEPARTAMENTO,ARRIENDO,agency
PI-2023-05-002437,portalinmobiliario,Puente Alto,Metropolitana,5365000,153.29,1200.0,2023-04-20 00:00:00.000000,2023-05-15 00:00:00.000000,DEPARTAMENTO,ARRIENDO,agency
PI-2023-05-001631,portalinmobiliario,La Cisterna,Metropolitana,615000,17.57,68.1,2023-03-31 00:00:00.000000,2023-05-08 00:00:00.000000,departamento,ARRIENDO,owner_direct
PI-2023-05-000783,portalinmobiliario,Conchalí,Metropolitana,440000,12.57,48.5,2023-04-22 00:00:00.000000,2023-05-01 00:00:00.000000,Departamento,ARRIENDO,owner_direct
PI-2023-05-002650,portalinmobiliario,Las Condes,Metropolitana,1960000,56.0,143.7,2023-05-02 00:00:00.000000,2023-05-15 00:00:00.000000,departamento,Arriendo,agency
PI-2023-05-001348,portalinmobiliario,Las Condes,Metropolitana,820000,23.43,26.4,2023-04-24 00:00:00.000000,2023-05-08 00:00:00.000000,DEPARTAMENTO,Arriendo,owner_direct
PI-2023-05-003458,portalinmobiliario,Estación Central,Metropolitana,480000,13.71,34.0,2023-03-03 00:00:00.000000,2023-05-22 00:00:00.000000,Departamento,ARRIENDO,owner_direct
PI-2023-05-001392,portalinmobiliario,Vitacura,Metropolitana,865000,24.71,35.6,2023-03-10 00:00:00.000000,2023-05-08 00:00:00.000000,departamento,Arriendo,owner_direct
PI-2023-05-002083,portalinmobiliario,Las Condes,Metropolitana,875000,25.0,51.6,2023-05-01 00:00:00.000000,2023-05-15 00:00:00.000000,departamento,arriendo,owner_direct
PI-2023-05-000635,portalinmobiliario,Las Condes,Metropolitana,1105000,31.57,50.0,2023-03-25 00:00:00.000000,2023-05-01 00:00:00.000000,departamento,ARRIENDO,owner_direct
PI-2023-05-004438,portalinmobiliario,Quilicura,Metropolitana,415000,11.86,42.7,2023-05-08 00:00:00.000000,2023-05-29 00:00:00.000000,DEPARTAMENTO,Arriendo,agency
PI-2023-05-002741,portalinmobiliario,Santiago,Metropolitana,480000,13.71,31.2,2023-04-02 00:00:00.000000,2023-05-15 00:00:00.000000,DEPARTAMENTO,arriendo,agency
PI-2023-05-000030,portalinmobiliario,Quilicura,Metropolitana,305000,8.71,28.7,2023-04-11 00:00:00.000000,2023-05-01 00:00:00.000000,DEPARTAMENTO,arriendo,owner_direct
PI-2023-05-001600,portalinmobiliario,Santiago,Metropolitana,600000,17.14,41.8,2023-04-27 00:00:00.000000,2023-05-08 00:00:00.000000,departamento,ARRIENDO,agency
PI-2023-05-000187,portalinmobiliario,San Joaquín,Metropolitana,425000,12.14,36.3,2023-04-10 00:00:00.000000,2023-05-01 00:00:00.000000,DEPARTAMENTO,ARRIENDO,agency
PI-2023-05-001609,portalinmobiliario, Ñuñoa,Metropolitana,630000,18.0,38.2,2023-02-13 00:00:00.000000,2023-05-08 00:00:00.000000,Departamento,Arriendo,agency
PI-2023-05-001692,portalinmobiliario,Estación Central,Metropolitana,435000,,41.5,2023-04-06 00:00:00.000000,2023-05-08 00:00:00.000000,DEPARTAMENTO,arriendo,owner_direct
PI-2023-05-000708,portalinmobiliario,Recoleta,Metropolitana,465000,13.29,49.0,2023-04-01 00:00:00.000000,2023-05-01 00:00:00.000000,DEPARTAMENTO,arriendo,owner_direct
PI-2023-05-000594,portalinmobiliario,Vitacura,Metropolitana,1060000,30.29,46.9,2023-04-30 00:00:00.000000,2023-05-01 00:00:00.000000,Departamento,arriendo,owner_direct
PI-2023-05-000074,portalinmobiliario,QUINTA NORMAL,Metropolitana,460000,13.14,46.7,2023-04-10 00:00:00.000000,2023-05-01 00:00:00.000000,departamento,ARRIENDO,owner_direct
PI-2023-05-000936,portalinmobiliario,Conchalí,Metropolitana,425000,12.14,37.1,2023-05-03 00:00:00.000000,2023-05-08 00:00:00.000000,DEPARTAMENTO,arriendo,owner_direct
PI-2023-05-000846,portalinmobiliario,Las Condes,Metropolitana,1005000,28.71,44.3,2023-04-28 00:00:00.000000,2023-05-08 00:00:00.000000,DEPARTAMENTO,Arriendo,agency
PI-2023-05-002115,portalinmobiliario,Peñalolén,Metropolitana,695000,19.86,69.6,2023-03-25 00:00:00.000000,2023-05-15 00:00:00.000000,departamento,arriendo,agency
PI-2023-05-003474,portalinmobiliario,Las Condes,Metropolitana,2980000,85.14,30.5,2023-03-04 00:00:00.000000,2023-05-22 00:00:00.000000,Departamento,Arriendo,owner_direct
PI-2023-05-002737,portalinmobiliario,La Florida,Metropolitana,425000,12.14,38.8,2023-04-30 00:00:00.000000,2023-05-15 00:00:00.000000,Departamento,arriendo,agency
PI-2023-05-002476,portalinmobiliario,las condes,Metropolitana,1135000,32.43,59.4,2023-05-02 00:00:00.000000,2023-05-15 00:00:00.000000,Departamento,Arriendo,agency
PI-2023-05-001531,portalinmobiliario,Estación Central,Metropolitana,520000,14.86,44.7,2023-04-19 00:00:00.000000,2023-05-08 00:00:00.000000,departamento,ARRIENDO,agency
PI-2023-05-003950,portalinmobiliario,Las Condes,Metropolitana,770000,22.0,40.7,2023-05-09 00:00:00.000000,2023-05-29 00:00:00.000000,DEPARTAMENTO,ARRIENDO,agency
PI-2023-05-002305,portalinmobiliario,Quilicura,Metropolitana,615000,17.57,88.9,2023-04-25 00:00:00.000000,2023-05-15 00:00:00.000000,DEPARTAMENTO,Arriendo,agency
PI-2023-05-004198,portalinmobiliario,Quinta Normal,Metropolitana,520000,14.86,45.2,2023-05-20 00:00:00.000000,2023-05-29 00:00:00.000000,departamento,arriendo,agency
PI-2023-05-003929,portalinmobiliario,La Florida,Metropolitana,530000,15.14,55.0,2023-04-21 00:00:00.000000,2023-05-29 00:00:00.000000,Departamento,Arriendo,owner_direct
PI-2023-05-000815,portalinmobiliario,Huechuraba,Metropolitana,635000,18.14,70.5,2023-04-20 00:00:00.000000,2023-05-01 00:00:00.000000,Departamento,Arriendo,owner_direct
PI-2023-05-003706,portalinmobiliario,San Miguel,Metropolitana,610000,17.43,55.1,2023-04-23 00:00:00.000000,2023-05-22 00:00:00.000000,DEPARTAMENTO,Arriendo,owner_direct
PI-2023-05-002491,portalinmobiliario,Las Condes,Metropolitana,725000,20.71,44.3,2023-04-24 00:00:00.000000,2023-05-15 00:00:00.000000,DEPARTAMENTO,arriendo,agency
PI-2023-05-003193,portalinmobiliario,Pudahuel,Metropolitana,500000,14.29,57.4,2023-04-27 00:00:00.000000,2023-05-22 00:00:00.000000,DEPARTAMENTO,arriendo,agency
PI-2023-05-004460,portalinmobiliario,Quinta Normal,Metropolitana,640000,18.29,76.0,2023-04-28 00:00:00.000000,2023-05-29 00:00:00.000000,DEPARTAMENTO,Arriendo,agency
PI-2023-05-004012,portalinmobiliario,Estación Central,Metropolitana,5440000,155.43,59.6,2023-04-02 00:00:00.000000,2023-05-29 00:00:00.000000,DEPARTAMENTO,Arriendo,agency
PI-2023-05-003465,portalinmobiliario,Santiago,Metropolitana,800000,22.86,57.4,2023-04-01 00:00:00.000000,2023-05-22 00:00:00.000000,departamento,ARRIENDO,agency
PI-2023-05-003390,portalinmobiliario,Providencia,Metropolitana,900000,25.71,48.7,2023-05-05 00:00:00.000000,2023-05-22 00:00:00.000000,Departamento,ARRIENDO,owner_direct
PI-2023-05-001989,portalinmobiliario,Las Condes,Metropolitana,835000,23.86,47.8,2023-05-10 00:00:00.000000,2023-05-15 00:00:00.000000,departamento,ARRIENDO,agency
PI-2023-05-001096,portalinmobiliario,Maipú,Metropolitana,390000,11.14,27.9,2023-04-17 00:00:00.000000,2023-05-08 00:00:00.000000,DEPARTAMENTO,Arriendo,agency
PI-2023-05-000569,portalinmobiliario,Santiago,Metropolitana,420000,12.0,21.5,2023-04-23 00:00:00.000000,2023-05-01 00:00:00.000000,departamento,Arriendo,agency
PI-2023-05-001367,portalinmobiliario,LO BARNECHEA,Metropolitana,805000,23.0,29.0,2023-04-28 00:00:00.000000,2023-05-08 00:00:00.000000,departamento,arriendo,owner_direct
PI-2023-05-003637,portalinmobiliario,Ñuñoa,Metropolitana,730000,20.86,61.4,2023-04-04 00:00:00.000000,2023-05-22 00:00:00.000000,DEPARTAMENTO,Arriendo,agency
PI-2023-05-003625,portalinmobiliario,Providencia,Metropolitana,1055000,30.14,60.9,2023-04-26 00:00:00.000000,2023-05-22 00:00:00.000000,departamento,ARRIENDO,owner_direct
PI-2023-05-001459,portalinmobiliario,Ñuñoa,Metropolitana,535000,15.29,35.6,2023-03-27 00:00:00.000000,2023-05-08 00:00:00.000000,departamento,Arriendo,agency
PI-2023-05-000818,portalinmobiliario,Quinta Normal,Metropolitana,355000,10.14,20.1,2023-04-14 00:00:00.000000,2023-05-01 00:00:00.000000,departamento,ARRIENDO,owner_direct
PI-2023-05-003469,portalinmobiliario,San Miguel,Metropolitana,985000,28.14,99.3,2023-04-30 00:00:00.000000,2023-05-22 00:00:00.000000,DEPARTAMENTO,ARRIENDO,owner_direct
PI-2023-05-001320,portalinmobiliario,La Florida,Metropolitana,395000,11.29,26.9,2023-03-28 00:00:00.000000,2023-05-08 00:00:00.000000,departamento,arriendo,agency
PI-2023-05-004731,portalinmobiliario,Vitacura,Metropolitana,1020000,29.14,41.6,2023-05-12 00:00:00.000000,2023-05-29 00:00:00.000000,DEPARTAMENTO,arriendo,agency
PI-2023-05-002317,portalinmobiliario,Santiago,Metropolitana,720000,20.57,69.7,2023-04-15 00:00:00.000000,2023-05-15 00:00:00.000000,Departamento,ARRIENDO,owner_direct
PI-2023-05-002544,portalinmobiliario,Huechuraba,Metropolitana,730000,20.86,49.3,2023-05-04 00:00:00.000000,2023-05-15 00:00:00.000000,DEPARTAMENTO,arriendo,owner_direct
PI-2023-05-003649,portalinmobiliario,Maipú,Metropolitana,605000,17.29,67.5,2023-05-12 00:00:00.000000,2023-05-22 00:00:00.000000,departamento,ARRIENDO,agency
PI-2023-05-003982,portalinmobiliario,Macul,Metropolitana,495000,14.14,46.4,2022-12-02 00:00:00.000000,2023-05-29 00:00:00.000000,departamento,arriendo,owner_direct
PI-2023-05-000683,portalinmobiliario,Ñuñoa,Metropolitana,835000,23.86,59.1,2023-04-03 00:00:00.000000,2023-05-01 00:00:00.000000,DEPARTAMENTO,Arriendo,agency
PI-2023-05-000142,portalinmobiliario,San Joaquín,Metropolitana,525000,15.0,53.2,2023-04-28 00:00:00.000000,2023-05-01 00:00:00.000000,Departamento,ARRIENDO,owner_direct
PI-2023-05-003159,portalinmobiliario,Huechuraba,Metropolitana,525000,15.0,36.0,2023-04-19 00:00:00.000000,2023-05-22 00:00:00.000000,DEPARTAMENTO,ARRIENDO,agency
PI-2023-05-000647,portalinmobiliario,Recoleta,Metropolitana,560000,16.0,68.5,2023-02-12 00:00:00.000000,2023-05-01 00:00:00.000000,Departamento,Arriendo,owner_direct
PI-2023-05-002645,portalinmobiliario,Conchalí,Metropolitana,450000,12.86,45.0,2023-05-05 00:00:00.000000,2023-05-15 00:00:00.000000,departamento,Arriendo,owner_direct
PI-2023-05-004685,portalinmobiliario,La Florida,Metropolitana,580000,16.57,55.4,2023-04-30 00:00:00.000000,2023-05-29 00:00:00.000000,Departamento,ARRIENDO,agency
PI-2023-05-004431,portalinmobiliario,Las Condes,Metropolitana,805000,23.0,39.3,2023-04-30 00:00:00.000000,2023-05-29 00:00:00.000000,Departamento,ARRIENDO,agency
PI-2023-05-000168,portalinmobiliario,Recoleta,Metropolitana,675000,19.29,78.4,2023-01-02 00:00:00.000000,2023-05-01 00:00:00.000000,departamento,Arriendo,agency
PI-2023-05-004089,portalinmobiliario,La Florida,Metropolitana,420000,12.0,30.7,2023-05-07 00:00:00.000000,2023-05-29 00:00:00.000000,departamento,ARRIENDO,agency
PI-2023-05-004310,portalinmobiliario,Vitacura,Metropolitana,945000,27.0,39.8,2023-04-18 00:00:00.000000,2023-05-29 00:00:00.000000,Departamento,Arriendo,owner_direct
PI-2023-05-003067,portalinmobiliario,Santiago,Metropolitana,535000,15.29,38.4,2023-05-02 00:00:00.000000,2023-05-22 00:00:00.000000,departamento,arriendo,agency
PI-2023-05-001070,portalinmobiliario,Santiago,Metropolitana,575000,16.43,34.9,2023-03-04 00:00:00.000000,2023-05-08 00:00:00.000000,Departamento,arriendo,agency
PI-2023-05-000909,portalinmobiliario,Independencia,Metropolitana,465000,13.29,39.8,2023-05-05 00:00:00.000000,2023-05-08 00:00:00.000000,DEPARTAMENTO,Arriendo,owner_direct
PI-2023-05-004883,portalinmobiliario,San Miguel,Metropolitana,485000,13.86,25.5,2023-03-24 00:00:00.000000,2023-05-29 00:00:00.000000,DEPARTAMENTO,arriendo,agency
PI-2023-05-001761,portalinmobiliario,La Florida,Metropolitana,510000,14.57,39.7,2023-04-08 00:00:00.000000,2023-05-08 00:00:00.000000,Departamento,arriendo,agency
PI-2023-05-001502,portalinmobiliario,Estación Central,Metropolitana,405000,11.57,31.1,2023-04-25 00:00:00.000000,2023-05-08 00:00:00.000000,departamento,ARRIENDO,owner_direct
PI-2023-05-001834,portalinmobiliario,Quinta Normal,Metropolitana,430000,12.29,36.0,2023-05-09 00:00:00.000000,2023-05-15 00:00:00.000000,Departamento,Arriendo,agency
PI-2023-05-001642,portalinmobiliario,San Joaquín,Metropolitana,550000,15.71,53.5,2023-04-26 00:00:00.000000,2023-05-08 00:00:00.000000,departamento,arriendo,owner_direct
PI-2023-05-000912,portalinmobiliario,Recoleta,Metropolitana,560000,16.0,59.2,2023-04-20 00:00:00.000000,2023-05-08 00:00:00.000000,DEPARTAMENTO,arriendo,agency
PI-2023-05-000106,portalinmobiliario,La Cisterna,Metropolitana,610000,17.43,63.9,2023-03-20 00:00:00.000000,2023-05-01 00:00:00.000000,DEPARTAMENTO,ARRIENDO,owner_direct
PI-2023-05-002215,portalinmobiliario,Santiago,Metropolitana,520000,14.86,40.6,2023-04-18 00:00:00.000000,2023-05-15 00:00:00.000000,departamento,Arriendo,agency
PI-2023-05-003503,portalinmobiliario,Puente Alto,Metropolitana,425000,12.14,40.4,2023-05-11 00:00:00.000000,2023-05-22 00:00:00.000000,Departamento,arriendo,owner_direct
PI-2023-05-003081,portalinmobiliario,Santiago,Metropolitana,745000,21.29,60.6,2023-05-06 00:00:00.000000,2023-05-22 00:00:00.000000,departamento,Arriendo,agency
PI-2023-05-002969,portalinmobiliario,Maipú,Metropolitana,620000,17.71,67.0,2023-03-03 00:00:00.000000,2023-05-22 00:00:00.000000,DEPARTAMENTO,Arriendo,agency
PI-2023-05-004293,portalinmobiliario,Quinta Normal,Metropolitana,425000,12.14,42.2,2023-04-30 00:00:00.000000,2023-05-29 00:00:00.000000,departamento,ARRIENDO,owner_direct
PI-2023-05-000599,portalinmobiliario,Ñuñoa,Metropolitana,545000,15.57,29.5,2023-04-15 00:00:00.000000,2023-05-01 00:00:00.000000,Departamento,ARRIENDO,agency
PI-2023-05-000962,portalinmobiliario,Ñuñoa,Metropolitana,680000,19.43,50.1,2023-04-08 00:00:00.000000,2023-05-08 00:00:00.000000,departamento,Arriendo,agency
PI-2023-05-002923,portalinmobiliario,Macul,Metropolitana,520000,14.86,41.0,2023-05-07 00:00:00.000000,2023-05-22 00:00:00.000000,Departamento,arriendo,agency
PI-2023-05-001011,portalinmobiliario,Lo Barnechea,Metropolitana,775000,22.14,32.4,2023-04-26 00:00:00.000000,2023-05-08 00:00:00.000000,DEPARTAMENTO,arriendo,owner_direct
PI-2023-05-001410,portalinmobiliario,Santiago,Metropolitana,440000,12.57,28.2,2023-04-27 00:00:00.000000,2023-05-08 00:00:00.000000,Departamento,Arriendo,agency
PI-2023-05-003615,portalinmobiliario,Macul,Metropolitana,470000,13.43,42.1,2023-02-19 00:00:00.000000,2023-05-22 00:00:00.000000,departamento,arriendo,agency
PI-2023-05-003451,portalinmobiliario,Estación Central,Metropolitana,570000,16.29,55.1,2023-04-22 00:00:00.000000,2023-05-22 00:00:00.000000,departamento,ARRIENDO,agency
PI-2023-05-004303,portalinmobiliario,Cerrillos,Metropolitana,360000,10.29,32.0,2023-01-31 00:00:00.000000,2023-05-29 00:00:00.000000,Departamento,ARRIENDO,owner_direct
PI-2023-05-001252,portalinmobiliario,Ñuñoa,Metropolitana,880000,25.14,52.2,2023-04-01 00:00:00.000000,2023-05-08 00:00:00.000000,Departamento,arriendo,owner_direct
PI-2023-05-000856,portalinmobiliario,Santiago,Metropolitana,685000,19.57,48.4,2023-04-18 00:00:00.000000,2023-05-08 00:00:00.000000,DEPARTAMENTO,ARRIENDO,owner_direct
PI-2023-05-002528,portalinmobiliario,San Miguel,Metropolitana,755000,21.57,61.0,2023-04-27 00:00:00.000000,2023-05-15 00:00:00.000000,departamento,ARRIENDO,agency
PI-2023-05-002155,portalinmobiliario,Vitacura,Metropolitana,1365000,39.0,52.3,2022-12-25 00:00:00.000000,2023-05-15 00:00:00.000000,departamento,Arriendo,agency
PI-2023-05-002729,portalinmobiliario,Puente Alto,Metropolitana,510000,14.57,51.1,2023-05-01 00:00:00.000000,2023-05-15 00:00:00.000000,departamento,arriendo,owner_direct
PI-2023-05-002571,portalinmobiliario,Conchalí,Metropolitana,440000,12.57,48.6,2023-04-06 00:00:00.000000,2023-05-15 00:00:00.000000,DEPARTAMENTO,Arriendo,owner_direct
PI-2023-05-001807,portalinmobiliario,Las Condes,Metropolitana,1110000,31.71,54.8,2023-03-12 00:00:00.000000,2023-05-15 00:00:00.000000,DEPARTAMENTO,ARRIENDO,owner_direct
PI-2023-05-004176,portalinmobiliario,Santiago,Metropolitana,470000,13.43,37.1,2023-05-17 00:00:00.000000,2023-05-29 00:00:00.000000,departamento,Arriendo,owner_direct
PI-2023-05-002820,portalinmobiliario,La Reina,Metropolitana,755000,21.57,40.9,2023-05-08 00:00:00.000000,2023-05-22 00:00:00.000000,departamento,arriendo,owner_direct
PI-2023-05-002162,portalinmobiliario,Santiago,Metropolitana,625000,17.86,54.9,2023-03-06 00:00:00.000000,2023-05-15 00:00:00.000000,Departamento,arriendo,owner_direct
PI-2023-05-003832,portalinmobiliario,Providencia,Metropolitana,740000,21.14,31.8,2023-03-26 00:00:00.000000,2023-05-29 00:00:00.000000,DEPARTAMENTO,ARRIENDO,agency
PI-2023-05-000927,portalinmobiliario,Estación Central,Metropolitana,375000,10.71,36.9,2023-04-17 00:00:00.000000,2023-05-08 00:00:00.000000,DEPARTAMENTO,arriendo,agency
PI-2023-05-001405,portalinmobiliario,Estación Central,Metropolitana,980000,28.0,119.6,2023-03-30 00:00:00.000000,2023-05-08 00:00:00.000000,DEPARTAMENTO,arriendo,owner_direct
PI-2023-05-004100,portalinmobiliario,San Miguel,Metropolitana,500000,14.29,39.7,2023-05-16 00:00:00.000000,2023-05-29 00:00:00.000000,DEPARTAMENTO,arriendo,owner_direct
PI-2023-05-000182,portalinmobiliario,PEÑALOLÉN,Metropolitana,565000,16.14,42.8,2023-04-23 00:00:00.000000,2023-05-01 00:00:00.000000,DEPARTAMENTO,Arriendo,agency
PI-2023-05-004656,portalinmobiliario,Renca,Metropolitana,560000,16.0,56.6,2023-04-14 00:00:00.000000,2023-05-29 00:00:00.000000,DEPARTAMENTO,ARRIENDO,agency
PI-2023-05-001656,portalinmobiliario,Santiago,Metropolitana,380000,10.86,26.9,2023-05-03 00:00:00.000000,2023-05-08 00:00:00.000000,DEPARTAMENTO,ARRIENDO,agency
PI-2023-05-000865,portalinmobiliario,Huechuraba,Metropolitana,815000,23.29,90.0,2023-04-03 00:00:00.000000,2023-05-08 00:00:00.000000,departamento,Arriendo,owner_direct
PI-2023-05-002111,portalinmobiliario,Ñuñoa,Metropolitana,690000,19.71,40.2,2023-05-04 00:00:00.000000,2023-05-15 00:00:00.000000,DEPARTAMENTO,arriendo,agency
PI-2023-05-001390,portalinmobiliario,La Florida,Metropolitana,650000,18.57,69.5,2023-03-09 00:00:00.000000,2023-05-08 00:00:00.000000,Departamento,Arriendo,agency
PI-2023-05-004509,portalinmobiliario,La Cisterna,Metropolitana,410000,11.71,26.3,2023-05-23 00:00:00.000000,2023-05-29 00:00:00.000000,departamento,Arriendo,agency
PI-2023-05-001671,portalinmobiliario,Maipú,Metropolitana,410000,11.71,33.4,2023-01-07 00:00:00.000000,2023-05-08 00:00:00.000000,departamento,Arriendo,agency
PI-2023-05-004738,portalinmobiliario,Estación Central,Metropolitana,555000,15.86,52.8,2023-05-13 00:00:00.000000,2023-05-29 00:00:00.000000,departamento,ARRIENDO,owner_direct
PI-2023-05-004556,portalinmobiliario,La Florida,Metropolitana,915000,26.14,125.6,2023-05-11 00:00:00.000000,2023-05-29 00:00:00.000000,departamento,Arriendo,agency
PI-2023-05-002124,portalinmobiliario,Ñuñoa,Metropolitana,580000,16.57,12.0,2023-01-21 00:00:00.000000,2023-05-15 00:00:00.000000,Departamento,ARRIENDO,agency
PI-2023-05-002006,portalinmobiliario,Macul,Metropolitana,705000,20.14,55.5,2022-10-30 00:00:00.000000,2023-05-15 00:00:00.000000,DEPARTAMENTO,Arriendo,agency
PI-2023-05-001051,portalinmobiliario,Santiago,Metropolitana,695000,19.86,51.7,2023-04-27 00:00:00.000000,2023-05-08 00:00:00.000000,DEPARTAMENTO,ARRIENDO,agency
PI-2023-05-002029,portalinmobiliario,Vitacura,Metropolitana,1130000,32.29,42.0,2023-05-10 00:00:00.000000,2023-05-15 00:00:00.000000,departamento,ARRIENDO,owner_direct
PI-2023-05-000491,portalinmobiliario,Puente Alto,Metropolitana,410000,11.71,39.2,2023-04-01 00:00:00.000000,2023-05-01 00:00:00.000000,departamento,ARRIENDO,agency
PI-2023-05-002908,portalinmobiliario,Las Condes,Metropolitana,1135000,32.43,62.9,2023-05-16 00:00:00.000000,2023-05-22 00:00:00.000000,departamento,Arriendo,agency
PI-2023-05-001181,portalinmobiliario,Maipú,Metropolitana,715000,20.43,91.7,2023-04-24 00:00:00.000000,2023-05-08 00:00:00.000000,Departamento,ARRIENDO,agency
PI-2023-05-000119,portalinmobiliario,Las Condes,Metropolitana,920000,26.29,35.8,2023-03-20 00:00:00.000000,2023-05-01 00:00:00.000000,Departamento,arriendo,owner_direct
PI-2023-05-001283,portalinmobiliario,Estación Central,Metropolitana,515000,14.71,59.7,2023-04-25 00:00:00.000000,2023-05-08 00:00:00.000000,Departamento,ARRIENDO,owner_direct
PI-2023-05-001910,portalinmobiliario,San Joaquín,Metropolitana,660000,18.86,69.9,2023-04-26 00:00:00.000000,2023-05-15 00:00:00.000000,departamento,arriendo,owner_direct
PI-2023-05-002986,portalinmobiliario,Quinta Normal,Metropolitana,550000,15.71,63.2,2023-04-14 00:00:00.000000,2023-05-22 00:00:00.000000,Departamento,ARRIENDO,agency
PI-2023-05-004046,portalinmobiliario,La Florida,Metropolitana,640000,18.29,47.4,2023-04-20 00:00:00.000000,2023-05-29 00:00:00.000000,departamento,Arriendo,agency
PI-2023-05-001288,portalinmobiliario, San Joaquín,Metropolitana,555000,15.86,51.2,2023-05-04 00:00:00.000000,2023-05-08 00:00:00.000000,Departamento,Arriendo,agency
PI-2023-05-003478,portalinmobiliario,Maipú,Metropolitana,435000,12.43,35.7,2023-04-20 00:00:00.000000,2023-05-22 00:00:00.000000,DEPARTAMENTO,Arriendo,owner_direct
PI-2023-05-004729,portalinmobiliario,Renca,Metropolitana,705000,20.14,92.2,2023-05-13 00:00:00.000000,2023-05-29 00:00:00.000000,Departamento,arriendo,owner_direct
PI-2023-05-003932,portalinmobiliario,Providencia,Metropolitana,1165000,33.29,57.8,2023-05-02 00:00:00.000000,2023-05-29 00:00:00.000000,DEPARTAMENTO,Arriendo,owner_direct
PI-2023-05-003119,portalinmobiliario,Peñalolén,Metropolitana,725000,20.71,57.1,2023-03-25 00:00:00.000000,2023-05-22 00:00:00.000000,DEPARTAMENTO,Arriendo,owner_direct
PI-2023-05-002103,portalinmobiliario,La Cisterna,Metropolitana,605000,17.29,63.8,2023-03-31 00:00:00.000000,2023-05-15 00:00:00.000000,departamento,ARRIENDO,agency
PI-2023-05-004880,portalinmobiliario,Estación Central,Metropolitana,640000,18.29,56.0,2023-04-14 00:00:00.000000,2023-05-29 00:00:00.000000,Departamento,Arriendo,agency
PI-2023-05-000745,portalinmobiliario,Pudahuel,Metropolitana,415000,11.86,48.8,2023-04-19 00:00:00.000000,2023-05-01 00:00:00.000000,Departamento,arriendo,agency
PI-2023-05-001922,portalinmobiliario,San Miguel,Metropolitana,470000,13.43,34.0,2023-03-30 00:00:00.000000,2023-05-15 00:00:00.000000,DEPARTAMENTO,ARRIENDO,agency
PI-2023-05-000591,portalinmobiliario,San Joaquín,Metropolitana,530000,15.14,44.3,2022-11-12 00:00:00.000000,2023-05-01 00:00:00.000000,departamento,ARRIENDO,agency
PI-2023-05-000637,portalinmobiliario,La Cisterna,Metropolitana,415000,11.86,35.5,2022-12-04 00:00:00.000000,2023-05-01 00:00:00.000000,Departamento,Arriendo,agency
PI-2023-05-000323,portalinmobiliario,Santiago,Metropolitana,695000,19.86,78.5,2023-03-10 00:00:00.000000,2023-05-01 00:00:00.000000,departamento,arriendo,owner_direct
PI-2023-05-000121,portalinmobiliario,Lo Barnechea,Metropolitana,785000,22.43,47.5,2023-04-13 00:00:00.000000,2023-05-01 00:00:00.000000,DEPARTAMENTO,Arriendo,agency
PI-2023-05-000130,portalinmobiliario,Recoleta,Metropolitana,455000,13.0,38.4,2023-04-03 00:00:00.000000,2023-05-01 00:00:00.000000,Departamento,Arriendo,agency
PI-2023-05-004094,portalinmobiliario,La Florida,Metropolitana,430000,12.29,45.5,2023-04-26 00:00:00.000000,2023-05-29 00:00:00.000000,DEPARTAMENTO,Arriendo,agency
PI-2023-05-001171,portalinmobiliario,Santiago,Metropolitana,565000,16.14,57.4,2023-05-02 00:00:00.000000,2023-05-08 00:00:00.000000,DEPARTAMENTO,ARRIENDO,owner_direct
PI-2023-05-000799,portalinmobiliario,Las Condes,Metropolitana,1245000,35.57,63.1,2023-01-29 00:00:00.000000,2023-05-01 00:00:00.000000,DEPARTAMENTO,Arriendo,agency
PI-2023-05-002921,portalinmobiliario,Huechuraba,Metropolitana,1580000,45.14,45.3,2023-04-22 00:00:00.000000,2023-05-22 00:00:00.000000,departamento,ARRIENDO,agency
PI-2023-05-004773,portalinmobiliario,San Miguel,Metropolitana,6000000,171.43,55.3,2023-05-24 00:00:00.000000,2023-05-29 00:00:00.000000,DEPARTAMENTO,Arriendo,agency
PI-2023-05-003888,portalinmobiliario,Las Condes,Metropolitana,1355000,38.71,84.2,2023-05-20 00:00:00.000000,2023-05-29 00:00:00.000000,departamento,ARRIENDO,agency
PI-2023-05-000055,portalinmobiliario,Estación Central,Metropolitana,515000,14.71,53.6,2023-03-04 00:00:00.000000,2023-05-01 00:00:00.000000,Departamento,arriendo,owner_direct
PI-2023-05-004730,portalinmobiliario,Independencia,Metropolitana,530000,15.14,54.1,2023-04-29 00:00:00.000000,2023-05-29 00:00:00.000000,DEPARTAMENTO,ARRIENDO,agency
PI-2023-05-004145,portalinmobiliario,La Florida,Metropolitana,580000,16.57,39.7,2023-05-09 00:00:00.000000,2023-05-29 00:00:00.000000,departamento,ARRIENDO,owner_direct
PI-2023-05-004432,portalinmobiliario,Recoleta,Metropolitana,470000,13.43,59.8,2023-04-25 00:00:00.000000,2023-05-29 00:00:00.000000,departamento,Arriendo,agency
PI-2023-05-003384,portalinmobiliario,La Florida,Metropolitana,620000,17.71,65.6,2023-05-08 00:00:00.000000,2023-05-22 00:00:00.000000,DEPARTAMENTO,arriendo,agency
PI-2023-05-001951,portalinmobiliario,PEÑALOLÉN,Metropolitana,500000,14.29,44.3,2023-05-02 00:00:00.000000,2023-05-15 00:00:00.000000,departamento,Arriendo,agency
PI-2023-05-000250,portalinmobiliario,Santiago,Metropolitana,655000,18.71,61.4,2023-04-06 00:00:00.000000,2023-05-01 00:00:00.000000,departamento,arriendo,agency
PI-2023-05-004824,portalinmobiliario,Las Condes,Metropolitana,885000,25.29,36.1,2023-05-16 00:00:00.000000,2023-05-29 00:00:00.000000,departamento,arriendo,agency
PI-2023-05-004216,portalinmobiliario,Puente Alto,Metropolitana,365000,10.43,38.4,2023-04-25 00:00:00.000000,2023-05-29 00:00:00.000000,departamento,Arriendo,agency
PI-2023-05-002611,portalinmobiliario,Ñuñoa,Metropolitana,690000,19.71,41.5,2023-04-14 00:00:00.000000,2023-05-15 00:00:00.000000,Departamento,ARRIENDO,owner_direct
PI-2023-05-002852,portalinmobiliario,Las Condes,Metropolitana,995000,28.43,43.8,2023-05-15 00:00:00.000000,2023-05-22 00:00:00.000000,Departamento,Arriendo,owner_direct
PI-2023-05-003857,portalinmobiliario,Pudahuel,Metropolitana,385000,11.0,40.3,2023-05-18 00:00:00.000000,2023-05-29 00:00:00.000000,DEPARTAMENTO,arriendo,owner_direct
PI-2023-05-000543,portalinmobiliario,Quilicura,Metropolitana,375000,10.71,34.8,2023-04-08 00:00:00.000000,2023-05-01 00:00:00.000000,departamento,ARRIENDO,agency
PI-2023-05-000256,portalinmobiliario,Independencia,Metropolitana,545000,15.57,47.5,2023-04-25 00:00:00.000000,2023-05-01 00:00:00.000000,DEPARTAMENTO,Arriendo,agency
PI-2023-05-002656,portalinmobiliario,Independencia,Metropolitana,675000,19.29,74.1,2023-05-13 00:00:00.000000,2023-05-15 00:00:00.000000,DEPARTAMENTO,ARRIENDO,agency
PI-2023-05-002498,portalinmobiliario,ñuñoa,Metropolitana,605000,17.29,41.8,2023-04-25 00:00:00.000000,2023-05-15 00:00:00.000000,DEPARTAMENTO,ARRIENDO,agency
PI-2023-05-001164,portalinmobiliario,Ñuñoa,Metropolitana,785000,22.43,45.1,2023-05-04 00:00:00.000000,2023-05-08 00:00:00.000000,DEPARTAMENTO,ARRIENDO,agency
PI-2023-05-002410,portalinmobiliario,Santiago,Metropolitana,415000,11.86,27.0,2023-04-20 00:00:00.000000,2023-05-15 00:00:00.000000,departamento,Arriendo,agency
PI-2023-05-000687,portalinmobiliario,Santiago,Metropolitana,760000,21.71,66.4,2023-03-21 00:00:00.000000,2023-05-01 00:00:00.000000,Departamento,arriendo,agency
PI-2023-05-003604,portalinmobiliario,Independencia,Metropolitana,495000,14.14,41.0,2022-11-14 00:00:00.000000,2023-05-22 00:00:00.000000,Departamento,arriendo,agency
PI-2023-05-003621,portalinmobiliario,La Florida,Metropolitana,575000,16.43,54.0,2023-04-19 00:00:00.000000,2023-05-22 00:00:00.000000,departamento,arriendo,agency
PI-2023-05-004030,portalinmobiliario,San Miguel,Metropolitana,620000,17.71,65.6,2022-11-26 00:00:00.000000,2023-05-29 00:00:00.000000,DEPARTAMENTO,arriendo,owner_direct
PI-2023-05-003080,portalinmobiliario,SANTIAGO,Metropolitana,505000,14.43,30.7,2023-03-02 00:00:00.000000,2023-05-22 00:00:00.000000,departamento,arriendo,owner_direct
PI-2023-05-002135,portalinmobiliario,Recoleta,Metropolitana,600000,,53.3,2023-04-17 00:00:00.000000,2023-05-15 00:00:00.000000,DEPARTAMENTO,Arriendo,owner_direct
PI-2023-05-002746,portalinmobiliario,Santiago,Metropolitana,690000,19.71,53.9,2023-03-26 00:00:00.000000,2023-05-22 00:00:00.000000,Departamento,ARRIENDO,owner_direct
PI-2023-05-003726,portalinmobiliario,La Reina,Metropolitana,775000,22.14,40.5,2022-12-24 00:00:00.000000,2023-05-22 00:00:00.000000,Departamento,arriendo,owner_direct
PI-2023-05-002430,portalinmobiliario,La Florida,Metropolitana,560000,16.0,57.2,2023-04-17 00:00:00.000000,2023-05-15 00:00:00.000000,Departamento,Arriendo,owner_direct
PI-2023-05-003900,portalinmobiliario,Las Condes,Metropolitana,920000,26.29,43.1,2023-05-10 00:00:00.000000,2023-05-29 00:00:00.000000,Departamento,ARRIENDO,agency
PI-2023-05-001089,portalinmobiliario,Puente Alto,Metropolitana,465000,13.29,44.9,2023-04-27 00:00:00.000000,2023-05-08 00:00:00.000000,departamento,arriendo,agency
PI-2023-05-000662,portalinmobiliario,Santiago,Metropolitana,780000,22.29,72.6,2023-04-21 00:00:00.000000,2023-05-01 00:00:00.000000,departamento,ARRIENDO,agency
PI-2023-05-002801,portalinmobiliario,Santiago,Metropolitana,685000,19.57,71.2,2023-05-12 00:00:00.000000,2023-05-22 00:00:00.000000,DEPARTAMENTO,Arriendo,agency
PI-2023-05-001942,portalinmobiliario,La Reina,Metropolitana,940000,26.86,53.9,2022-11-27 00:00:00.000000,2023-05-15 00:00:00.000000,Departamento,arriendo,agency
PI-2023-05-002555,portalinmobiliario,Estación Central,Metropolitana,375000,10.71,36.5,2023-04-22 00:00:00.000000,2023-05-15 00:00:00.000000,DEPARTAMENTO,Arriendo,agency
PI-2023-05-004085,portalinmobiliario,Macul,Metropolitana,450000,12.86,32.5,2023-05-03 00:00:00.000000,2023-05-29 00:00:00.000000,Departamento,arriendo,agency
PI-2023-05-001028,portalinmobiliario,Ñuñoa,Metropolitana,15015000,429.0,650.0,2023-05-01 00:00:00.000000,2023-05-08 00:00:00.000000,DEPARTAMENTO,arriendo,owner_direct
PI-2023-05-002803,portalinmobiliario,Ñuñoa,Metropolitana,780000,22.29,64.5,2023-04-05 00:00:00.000000,2023-05-22 00:00:00.000000,departamento,ARRIENDO,owner_direct
PI-2023-05-003789,portalinmobiliario,San Miguel,Metropolitana,635000,18.14,54.7,2023-04-10 00:00:00.000000,2023-05-29 00:00:00.000000,departamento,ARRIENDO,owner_direct
PI-2023-05-004449,portalinmobiliario,Independencia,Metropolitana,425000,12.14,30.3,2023-05-08 00:00:00.000000,2023-05-29 00:00:00.000000,DEPARTAMENTO,Arriendo,owner_direct
PI-2023-05-003476,portalinmobiliario,Providencia,Metropolitana,1315000,37.57,84.6,2023-05-08 00:00:00.000000,2023-05-22 00:00:00.000000,departamento,arriendo,agency
PI-2023-05-000622,portalinmobiliario,Providencia,Metropolitana,1785000,51.0,111.8,2023-04-19 00:00:00.000000,2023-05-01 00:00:00.000000,Departamento,arriendo,owner_direct
PI-2023-05-003667,portalinmobiliario,San Miguel,Metropolitana,685000,19.57,65.2,2023-04-20 00:00:00.000000,2023-05-22 00:00:00.000000,DEPARTAMENTO,arriendo,owner_direct
PI-2023-05-000397,portalinmobiliario,Quilicura,Metropolitana,415000,11.86,52.7,2023-04-02 00:00:00.000000,2023-05-01 00:00:00.000000,departamento,Arriendo,agency
PI-2023-05-004321,portalinmobiliario,Las Condes,Metropolitana,1095000,31.29,49.6,2023-05-01 00:00:00.000000,2023-05-29 00:00:00.000000,DEPARTAMENTO,ARRIENDO,agency
PI-2023-05-002379,portalinmobiliario,San Joaquín,Metropolitana,590000,16.86,86.2,2023-04-09 00:00:00.000000,2023-05-15 00:00:00.000000,Departamento,Arriendo,owner_direct
PI-2023-05-004228,portalinmobiliario,San Miguel,Metropolitana,545000,15.57,56.4,2023-05-05 00:00:00.000000,2023-05-29 00:00:00.000000,Departamento,arriendo,owner_direct
PI-2023-05-003225,portalinmobiliario,Quilicura,Metropolitana,285000,8.14,25.8,2023-05-11 00:00:00.000000,2023-05-22 00:00:00.000000,departamento,arriendo,agency
PI-2023-05-004256,portalinmobiliario,Quinta Normal,Metropolitana,555000,15.86,45.0,2023-05-17 00:00:00.000000,2023-05-29 00:00:00.000000,DEPARTAMENTO,ARRIENDO,owner_direct
PI-2023-05-003155,portalinmobiliario,Huechuraba,Metropolitana,785000,22.43,79.5,2023-04-04 00:00:00.000000,2023-05-22 00:00:00.000000,DEPARTAMENTO,Arriendo,agency
PI-2023-05-004675,portalinmobiliario,Huechuraba,Metropolitana,615000,17.57,54.8,2023-04-10 00:00:00.000000,2023-05-29 00:00:00.000000,Departamento,Arriendo,owner_direct
PI-2023-05-001002,portalinmobiliario,Puente Alto,Metropolitana,455000,13.0,58.2,2023-04-28 00:00:00.000000,2023-05-08 00:00:00.000000,DEPARTAMENTO,ARRIENDO,agency
PI-2023-05-000920,portalinmobiliario,La Florida,Metropolitana,590000,16.86,53.1,2023-04-16 00:00:00.000000,2023-05-08 00:00:00.000000,Departamento,Arriendo,agency
PI-2023-05-001360,portalinmobiliario,Independencia,Metropolitana,650000,18.57,55.6,2023-04-22 00:00:00.000000,2023-05-08 00:00:00.000000,departamento,arriendo,owner_direct
PI-2023-05-004800,portalinmobiliario,La Cisterna,Metropolitana,560000,16.0,50.1,2023-05-03 00:00:00.000000,2023-05-29 00:00:00.000000,DEPARTAMENTO,Arriendo,agency
PI-2023-05-004538,portalinmobiliario,Quinta Normal,Metropolitana,795000,22.71,122.5,2023-05-14 00:00:00.000000,2023-05-29 00:00:00.000000,departamento,Arriendo,agency
PI-2023-05-003762,portalinmobiliario,La Florida,Metropolitana,545000,15.57,50.4,2023-05-08 00:00:00.000000,2023-05-22 00:00:00.000000,departamento,Arriendo,owner_direct
PI-2023-05-004792,portalinmobiliario,Estación Central,Metropolitana,395000,11.29,43.7,2023-04-21 00:00:00.000000,2023-05-29 00:00:00.000000,DEPARTAMENTO,arriendo,owner_direct
PI-2023-05-003350,portalinmobiliario,Puente Alto,Metropolitana,480000,13.71,45.1,2023-05-19 00:00:00.000000,2023-05-22 00:00:00.000000,Departamento,Arriendo,agency
PI-2023-05-002322,portalinmobiliario,Maipú,Metropolitana,470000,13.43,53.6,2023-04-25 00:00:00.000000,2023-05-15 00:00:00.000000,departamento,Arriendo,agency
PI-2023-05-004783,portalinmobiliario,Ñuñoa,Metropolitana,890000,25.43,66.2,2023-05-03 00:00:00.000000,2023-05-29 00:00:00.000000,Departamento,ARRIENDO,agency
PI-2023-05-000481,portalinmobiliario,Santiago,Metropolitana,665000,19.0,64.0,2022-12-27 00:00:00.000000,2023-05-01 00:00:00.000000,departamento,Arriendo,owner_direct
PI-2023-05-004828,portalinmobiliario,Maipú,Metropolitana,625000,17.86,69.1,2023-05-03 00:00:00.000000,2023-05-29 00:00:00.000000,DEPARTAMENTO,arriendo,agency
PI-2023-05-000749,portalinmobiliario,Quinta Normal,Metropolitana,320000,9.14,20.9,2023-04-21 00:00:00.000000,2023-05-01 00:00:00.000000,Departamento,Arriendo,owner_direct
PI-2023-05-002047,portalinmobiliario,Santiago,Metropolitana,585000,16.71,49.1,2023-05-01 00:00:00.000000,2023-05-15 00:00:00.000000,DEPARTAMENTO,arriendo,owner_direct
PI-2023-05-004363,portalinmobiliario,San Miguel,Metropolitana,585000,16.71,51.6,2023-05-02 00:00:00.000000,2023-05-29 00:00:00.000000,departamento,arriendo,agency
PI-2023-05-000375,portalinmobiliario,Puente Alto,Metropolitana,400000,11.43,38.2,2023-03-28 00:00:00.000000,2023-05-01 00:00:00.000000,departamento,arriendo,owner_direct
PI-2023-05-003802,portalinmobiliario,MACUL,Metropolitana,650000,18.57,62.8,2023-05-11 00:00:00.000000,2023-05-29 00:00:00.000000,Departamento,arriendo,agency
PI-2023-05-001653,portalinmobiliario,Santiago,Metropolitana,590000,16.86,47.6,2023-04-15 00:00:00.000000,2023-05-08 00:00:00.000000,departamento,ARRIENDO,owner_direct
PI-2023-05-000725,portalinmobiliario,Recoleta,Metropolitana,530000,15.14,49.5,2023-03-27 00:00:00.000000,2023-05-01 00:00:00.000000,DEPARTAMENTO,ARRIENDO,agency
PI-2023-05-003701,portalinmobiliario,La Reina,Metropolitana,570000,16.29,33.4,2023-04-23 00:00:00.000000,2023-05-22 00:00:00.000000,Departamento,arriendo,agency
PI-2023-05-003746,portalinmobiliario,Recoleta,Metropolitana,615000,17.57,56.5,2023-04-23 00:00:00.000000,2023-05-22 00:00:00.000000,Departamento,ARRIENDO,owner_direct
PI-2023-05-004083,portalinmobiliario,Santiago,Metropolitana,580000,16.57,45.9,2023-04-30 00:00:00.000000,2023-05-29 00:00:00.000000,Departamento,Arriendo,agency
PI-2023-05-002541,portalinmobiliario,Macul,Metropolitana,695000,19.86,70.7,2023-04-19 00:00:00.000000,2023-05-15 00:00:00.000000,DEPARTAMENTO,arriendo,agency
PI-2023-05-000996,portalinmobiliario,Ñuñoa,Metropolitana,610000,17.43,41.2,2023-05-03 00:00:00.000000,2023-05-08 00:00:00.000000,DEPARTAMENTO,ARRIENDO,owner_direct
PI-2023-05-002848,portalinmobiliario,Las Condes,Metropolitana,1025000,29.29,54.1,2023-05-17 00:00:00.000000,2023-05-22 00:00:00.000000,Departamento,Arriendo,owner_direct
PI-2023-05-000389,portalinmobiliario,Las Condes,Metropolitana,885000,25.29,45.9,2022-10-25 00:00:00.000000,2023-05-01 00:00:00.000000,DEPARTAMENTO,arriendo,agency
PI-2023-05-003533,portalinmobiliario,Lo Barnechea,Metropolitana,1175000,33.57,94.1,2023-05-18 00:00:00.000000,2023-05-22 00:00:00.000000,departamento,arriendo,owner_direct
PI-2023-05-003909,portalinmobiliario,La Florida,Metropolitana,470000,13.43,37.9,2023-05-09 00:00:00.000000,2023-05-29 00:00:00.000000,Departamento,arriendo,agency
PI-2023-05-002493,portalinmobiliario,Peñalolén,Metropolitana,490000,14.0,53.6,2023-04-15 00:00:00.000000,2023-05-15 00:00:00.000000,Departamento,arriendo,agency
PI-2023-05-001551,portalinmobiliario,Estación Central,Metropolitana,945000,27.0,143.7,2023-04-30 00:00:00.000000,2023-05-08 00:00:00.000000,Departamento,Arriendo,agency
PI-2023-05-000236,portalinmobiliario,La Florida,Metropolitana,575000,16.43,51.5,2023-04-10 00:00:00.000000,2023-05-01 00:00:00.000000,DEPARTAMENTO,Arriendo,owner_direct
PI-2023-05-003831,portalinmobiliario,Santiago,Metropolitana,445000,12.71,33.4,2023-05-13 00:00:00.000000,2023-05-29 00:00:00.000000,departamento,ARRIENDO,agency
PI-2023-05-003367,portalinmobiliario,Lo Barnechea,Metropolitana,755000,21.57,31.4,2023-05-01 00:00:00.000000,2023-05-22 00:00:00.000000,DEPARTAMENTO,arriendo,agency
PI-2023-05-003201,portalinmobiliario,Independencia,Metropolitana,405000,11.57,39.5,2023-05-08 00:00:00.000000,2023-05-22 00:00:00.000000,departamento,arriendo,agency
PI-2023-05-001968,portalinmobiliario,Independencia,Metropolitana,710000,20.29,63.2,2023-04-28 00:00:00.000000,2023-05-15 00:00:00.000000,DEPARTAMENTO,arriendo,agency
PI-2023-05-003434,portalinmobiliario,Peñalolén,Metropolitana,495000,,37.0,2023-04-24 00:00:00.000000,2023-05-22 00:00:00.000000,departamento,arriendo,agency
PI-2023-05-000449,portalinmobiliario,Santiago,Metropolitana,555000,15.86,51.4,2023-04-03 00:00:00.000000,2023-05-01 00:00:00.000000,departamento,Arriendo,owner_direct
PI-2023-05-001368,portalinmobiliario,Maipú,Metropolitana,370000,10.57,33.3,2023-05-01 00:00:00.000000,2023-05-08 00:00:00.000000,DEPARTAMENTO,arriendo,agency
PI-2023-05-001655,portalinmobiliario,Ñuñoa,Metropolitana,905000,25.86,58.2,2023-04-19 00:00:00.000000,2023-05-08 00:00:00.000000,DEPARTAMENTO,arriendo,owner_direct
PI-2023-05-003854,portalinmobiliario,Recoleta,Metropolitana,325000,9.29,25.7,2023-05-21 00:00:00.000000,2023-05-29 00:00:00.000000,DEPARTAMENTO,ARRIENDO,owner_direct
PI-2023-05-001974,portalinmobiliario,La Florida,Metropolitana,380000,10.86,26.7,2023-04-30 00:00:00.000000,2023-05-15 00:00:00.000000,DEPARTAMENTO,ARRIENDO,agency
PI-2023-05-003581,portalinmobiliario,Santiago,Metropolitana,525000,15.0,34.2,2023-04-25 00:00:00.000000,2023-05-22 00:00:00.000000,DEPARTAMENTO,arriendo,owner_direct
PI-2023-05-004678,portalinmobiliario,Santiago,Metropolitana,650000,18.57,59.1,2023-05-10 00:00:00.000000,2023-05-29 00:00:00.000000,DEPARTAMENTO,ARRIENDO,agency
PI-2023-05-003066,portalinmobiliario,Macul,Metropolitana,670000,19.14,52.8,2023-04-26 00:00:00.000000,2023-05-22 00:00:00.000000,DEPARTAMENTO,arriendo,agency
PI-2023-05-001702,portalinmobiliario,Las Condes,Metropolitana,940000,26.86,37.3,2023-05-04 00:00:00.000000,2023-05-08 00:00:00.000000,Departamento,arriendo,agency
PI-2023-05-000631,portalinmobiliario,La Florida,Metropolitana,485000,13.86,49.2,2023-03-24 00:00:00.000000,2023-05-01 00:00:00.000000,departamento,ARRIENDO,agency
PI-2023-05-000377,portalinmobiliario,Quilicura,Metropolitana,450000,12.86,33.4,2022-12-13 00:00:00.000000,2023-05-01 00:00:00.000000,DEPARTAMENTO,ARRIENDO,owner_direct
PI-2023-05-001877,portalinmobiliario,Estación Central,Metropolitana,650000,18.57,100.7,2023-02-11 00:00:00.000000,2023-05-15 00:00:00.000000,departamento,Arriendo,agency
PI-2023-05-004388,portalinmobiliario,La Cisterna,Metropolitana,460000,13.14,38.9,2023-04-27 00:00:00.000000,2023-05-29 00:00:00.000000,Departamento,Arriendo,owner_direct
PI-2023-05-001456,portalinmobiliario,Providencia,Metropolitana,1075000,30.71,65.6,2023-04-13 00:00:00.000000,2023-05-08 00:00:00.000000,DEPARTAMENTO,arriendo,owner_direct
PI-2023-05-002507,portalinmobiliario,Vitacura,Metropolitana,1485000,42.43,72.1,2022-11-10 00:00:00.000000,2023-05-15 00:00:00.000000,Departamento,ARRIENDO,agency
PI-2023-05-004446,portalinmobiliario,Santiago,Metropolitana,1140000,32.57,103.7,2023-04-17 00:00:00.000000,2023-05-29 00:00:00.000000,DEPARTAMENTO,Arriendo,agency
PI-2023-05-004165,portalinmobiliario,Huechuraba,Metropolitana,1260000,36.0,145.9,2023-04-25 00:00:00.000000,2023-05-29 00:00:00.000000,departamento,ARRIENDO,agency
PI-2023-05-004122,portalinmobiliario,Macul,Metropolitana,500000,14.29,49.4,2023-05-20 00:00:00.000000,2023-05-29 00:00:00.000000,DEPARTAMENTO,ARRIENDO,agency
PI-2023-05-003236,portalinmobiliario,Recoleta,Metropolitana,420000,12.0,36.3,2022-12-22 00:00:00.000000,2023-05-22 00:00:00.000000,departamento,arriendo,agency
PI-2023-05-003180,portalinmobiliario,Peñalolén,Metropolitana,490000,14.0,32.0,2023-05-18 00:00:00.000000,2023-05-22 00:00:00.000000,DEPARTAMENTO,arriendo,agency
PI-2023-05-003961,portalinmobiliario,Santiago,Metropolitana,510000,14.57,49.1,2023-04-07 00:00:00.000000,2023-05-29 00:00:00.000000,DEPARTAMENTO,Arriendo,agency
PI-2023-05-004686,portalinmobiliario,La Reina,Metropolitana,585000,16.71,39.6,2023-04-13 00:00:00.000000,2023-05-29 00:00:00.000000,DEPARTAMENTO,arriendo,agency
PI-2023-05-004223,portalinmobiliario,San Miguel,Metropolitana,555000,15.86,40.0,2023-05-22 00:00:00.000000,2023-05-29 00:00:00.000000,departamento,arriendo,agency
PI-2023-05-004570,portalinmobiliario,Puente Alto,Metropolitana,450000,12.86,59.4,2023-04-25 00:00:00.000000,2023-05-29 00:00:00.000000,DEPARTAMENTO,ARRIENDO,owner_direct
PI-2023-05-003373,portalinmobiliario,Huechuraba,Metropolitana,680000,19.43,61.0,2023-04-06 00:00:00.000000,2023-05-22 00:00:00.000000,departamento,Arriendo,agency
PI-2023-05-003644,portalinmobiliario,Providencia,Metropolitana,955000,27.29,42.3,2023-04-25 00:00:00.000000,2023-05-22 00:00:00.000000,departamento,Arriendo,owner_direct
PI-2023-05-000283,portalinmobiliario,Independencia,Metropolitana,3695000,105.57,47.1,2023-04-26 00:00:00.000000,2023-05-01 00:00:00.000000,departamento,Arriendo,owner_direct
PI-2023-05-003456,portalinmobiliario,Maipú,Metropolitana,725000,20.71,77.1,2023-04-27 00:00:00.000000,2023-05-22 00:00:00.000000,Departamento,arriendo,agency
PI-2023-05-001920,portalinmobiliario,Maipú,Metropolitana,390000,11.14,32.4,2023-03-28 00:00:00.000000,2023-05-15 00:00:00.000000,Departamento,Arriendo,owner_direct
PI-2023-05-001947,portalinmobiliario,Cerrillos,Metropolitana,510000,14.57,41.7,2023-01-31 00:00:00.000000,2023-05-15 00:00:00.000000,Departamento,ARRIENDO,owner_direct
PI-2023-05-004257,portalinmobiliario,Recoleta,Metropolitana,455000,13.0,44.6,2023-04-19 00:00:00.000000,2023-05-29 00:00:00.000000,departamento,ARRIENDO,agency
PI-2023-05-001451,portalinmobiliario,Las Condes,Metropolitana,1095000,31.29,57.5,2023-04-21 00:00:00.000000,2023-05-08 00:00:00.000000,DEPARTAMENTO,arriendo,agency
PI-2023-05-003270,portalinmobiliario,Las Condes,Metropolitana,4545000,129.86,400.0,2023-01-09 00:00:00.000000,2023-05-22 00:00:00.000000,departamento,ARRIENDO,owner_direct
PI-2023-05-001237,portalinmobiliario,Providencia,Metropolitana,675000,19.29,33.7,2023-04-24 00:00:00.000000,2023-05-08 00:00:00.000000,DEPARTAMENTO,Arriendo,agency
PI-2023-05-001549,portalinmobiliario,Santiago,Metropolitana,625000,17.86,53.5,2023-04-13 00:00:00.000000,2023-05-08 00:00:00.000000,DEPARTAMENTO,Arriendo,agency
PI-2023-05-000695,portalinmobiliario,Renca ,Metropolitana,405000,11.57,43.3,2023-04-06 00:00:00.000000,2023-05-01 00:00:00.000000,Departamento,ARRIENDO,agency
PI-2023-05-000901,portalinmobiliario,San Joaquín,Metropolitana,500000,14.29,42.3,2022-11-12 00:00:00.000000,2023-05-08 00:00:00.000000,departamento,ARRIENDO,owner_direct
PI-2023-05-001602,portalinmobiliario,San Miguel,Metropolitana,405000,11.57,27.3,2023-04-20 00:00:00.000000,2023-05-08 00:00:00.000000,Departamento,Arriendo,agency
PI-2023-05-000162,portalinmobiliario,Peñalolén,Metropolitana,775000,22.14,76.9,2023-01-17 00:00:00.000000,2023-05-01 00:00:00.000000,DEPARTAMENTO,Arriendo,agency
PI-2023-05-002479,portalinmobiliario,independencia,Metropolitana,475000,13.57,54.5,2023-05-13 00:00:00.000000,2023-05-15 00:00:00.000000,Departamento,arriendo,owner_direct
PI-2023-05-001296,portalinmobiliario,Santiago,Metropolitana,635000,18.14,45.4,2023-04-11 00:00:00.000000,2023-05-08 00:00:00.000000,DEPARTAMENTO,Arriendo,owner_direct
PI-2023-05-003084,portalinmobiliario,Huechuraba,Metropolitana,735000,21.0,67.9,2023-01-27 00:00:00.000000,2023-05-22 00:00:00.000000,DEPARTAMENTO,arriendo,owner_direct
PI-2023-05-000956,portalinmobiliario,Maipú,Metropolitana,470000,13.43,46.8,2023-03-23 00:00:00.000000,2023-05-08 00:00:00.000000,departamento,ARRIENDO,owner_direct
PI-2023-05-003987,portalinmobiliario,Santiago,Metropolitana,970000,,78.2,2023-05-16 00:00:00.000000,2023-05-29 00:00:00.000000,departamento,ARRIENDO,agency
PI-2023-05-002453,portalinmobiliario,Huechuraba,Metropolitana,695000,19.86,54.4,2023-05-12 00:00:00.000000,2023-05-15 00:00:00.000000,departamento,ARRIENDO,owner_direct
PI-2023-05-002116,portalinmobiliario,Renca,Metropolitana,425000,12.14,41.0,2023-05-02 00:00:00.000000,2023-05-15 00:00:00.000000,departamento,ARRIENDO,agency
PI-2023-05-001246,portalinmobiliario,Santiago,Metropolitana,480000,13.71,22.8,2022-11-25 00:00:00.000000,2023-05-08 00:00:00.000000,Departamento,ARRIENDO,owner_direct
PI-2023-05-003222,portalinmobiliario,Conchalí,Metropolitana,665000,,95.3,2023-05-08 00:00:00.000000,2023-05-22 00:00:00.000000,departamento,ARRIENDO,agency
PI-2023-05-003785,portalinmobiliario,Estación Central,Metropolitana,420000,12.0,33.3,2023-05-08 00:00:00.000000,2023-05-29 00:00:00.000000,DEPARTAMENTO,arriendo,owner_direct
PI-2023-05-001212,portalinmobiliario,Providencia,Metropolitana,725000,20.71,33.1,2023-04-19 00:00:00.000000,2023-05-08 00:00:00.000000,Departamento,arriendo,owner_direct
PI-2023-05-001287,portalinmobiliario,San Joaquín,Metropolitana,360000,10.29,33.1,2023-04-24 00:00:00.000000,2023-05-08 00:00:00.000000,departamento,Arriendo,agency
PI-2023-05-001515,portalinmobiliario,Maipú,Metropolitana,480000,13.71,43.8,2023-02-07 00:00:00.000000,2023-05-08 00:00:00.000000,DEPARTAMENTO,ARRIENDO,agency
PI-2023-05-002085,portalinmobiliario,Peñalolén,Metropolitana,655000,18.71,76.8,2023-04-27 00:00:00.000000,2023-05-15 00:00:00.000000,DEPARTAMENTO,arriendo,agency
PI-2023-05-003364,portalinmobiliario,San Joaquín,Metropolitana,495000,14.14,50.6,2023-04-30 00:00:00.000000,2023-05-22 00:00:00.000000,departamento,Arriendo,agency
PI-2023-05-003898,portalinmobiliario,Vitacura,Metropolitana,1020000,29.14,45.7,2023-05-10 00:00:00.000000,2023-05-29 00:00:00.000000,Departamento,Arriendo,agency
PI-2023-05-001087,portalinmobiliario,Independencia,Metropolitana,490000,14.0,40.1,2023-04-16 00:00:00.000000,2023-05-08 00:00:00.000000,departamento,Arriendo,agency
PI-2023-05-001452,portalinmobiliario,La Florida,Metropolitana,840000,24.0,95.7,2023-04-19 00:00:00.000000,2023-05-08 00:00:00.000000,DEPARTAMENTO,arriendo,agency
PI-2023-05-000726,portalinmobiliario,Estación Central,Metropolitana,460000,13.14,41.0,2023-04-13 00:00:00.000000,2023-05-01 00:00:00.000000,departamento,ARRIENDO,owner_direct
PI-2023-05-001379,portalinmobiliario,Santiago,Metropolitana,385000,11.0,24.0,2023-04-01 00:00:00.000000,2023-05-08 00:00:00.000000,DEPARTAMENTO,Arriendo,agency
PI-2023-05-004352,portalinmobiliario,San Miguel,Metropolitana,845000,24.14,85.5,2023-04-30 00:00:00.000000,2023-05-29 00:00:00.000000,DEPARTAMENTO,Arriendo,owner_direct
PI-2023-05-004123,portalinmobiliario,Las Condes,Metropolitana,950000,27.14,56.5,2023-03-02 00:00:00.000000,2023-05-29 00:00:00.000000,Departamento,Arriendo,owner_direct
PI-2023-05-001026,portalinmobiliario,San Miguel,Metropolitana,435000,12.43,33.1,2023-04-19 00:00:00.000000,2023-05-08 00:00:00.000000,departamento,ARRIENDO,owner_direct
PI-2023-05-003144,portalinmobiliario,La Florida,Metropolitana,600000,17.14,53.8,2023-04-13 00:00:00.000000,2023-05-22 00:00:00.000000,DEPARTAMENTO,ARRIENDO,agency
PI-2023-05-000541,portalinmobiliario,Recoleta,Metropolitana,535000,15.29,42.0,2023-03-22 00:00:00.000000,2023-05-01 00:00:00.000000,Departamento,Arriendo,owner_direct
PI-2023-05-003100,portalinmobiliario,Recoleta,Metropolitana,545000,15.57,49.0,2023-04-27 00:00:00.000000,2023-05-22 00:00:00.000000,Departamento,Arriendo,owner_direct
PI-2023-05-000561,portalinmobiliario,La Reina,Metropolitana,700000,20.0,48.3,2023-03-16 00:00:00.000000,2023-05-01 00:00:00.000000,DEPARTAMENTO,arriendo,owner_direct
PI-2023-05-004420,portalinmobiliario,Maipú,Metropolitana,415000,11.86,56.7,2023-05-17 00:00:00.000000,2023-05-29 00:00:00.000000,departamento,Arriendo,agency
PI-2023-05-002772,portalinmobiliario,Ñuñoa,Metropolitana,705000,20.14,55.4,2023-05-02 00:00:00.000000,2023-05-22 00:00:00.000000,Departamento,arriendo,agency
PI-2023-05-001226,portalinmobiliario,Peñalolén,Metropolitana,920000,26.29,99.8,2022-11-28 00:00:00.000000,2023-05-08 00:00:00.000000,Departamento,Arriendo,owner_direct
PI-2023-05-000722,portalinmobiliario,San Miguel,Metropolitana,420000,12.0,34.4,2023-04-29 00:00:00.000000,2023-05-01 00:00:00.000000,departamento,Arriendo,agency
PI-2023-05-000893,portalinmobiliario,San Joaquín,Metropolitana,420000,12.0,31.7,2023-04-15 00:00:00.000000,2023-05-08 00:00:00.000000,DEPARTAMENTO,Arriendo,owner_direct
PI-2023-05-000678,portalinmobiliario,Ñuñoa,Metropolitana,995000,28.43,80.7,2023-04-06 00:00:00.000000,2023-05-01 00:00:00.000000,Departamento,ARRIENDO,agency
PI-2023-05-002197,portalinmobiliario,Santiago,Metropolitana,435000,12.43,28.2,2023-04-26 00:00:00.000000,2023-05-15 00:00:00.000000,departamento,ARRIENDO,agency
PI-2023-05-004607,portalinmobiliario,Ñuñoa,Metropolitana,615000,17.57,47.4,2023-05-23 00:00:00.000000,2023-05-29 00:00:00.000000,Departamento,ARRIENDO,agency
PI-2023-05-000134,portalinmobiliario,Santiago,Metropolitana,785000,22.43,80.4,2023-04-20 00:00:00.000000,2023-05-01 00:00:00.000000,Departamento,ARRIENDO,owner_direct
PI-2023-05-002369,portalinmobiliario,San Miguel,Metropolitana,460000,13.14,54.3,2023-01-05 00:00:00.000000,2023-05-15 00:00:00.000000,DEPARTAMENTO,arriendo,agency
PI-2023-05-004624,portalinmobiliario,Cerrillos,Metropolitana,620000,17.71,71.6,2023-04-20 00:00:00.000000,2023-05-29 00:00:00.000000,DEPARTAMENTO,Arriendo,owner_direct
PI-2023-05-000365,portalinmobiliario,Puente Alto ,Metropolitana,930000,26.57,140.2,2023-03-11 00:00:00.000000,2023-05-01 00:00:00.000000,Departamento,Arriendo,agency
PI-2023-05-002643,portalinmobiliario,Las Condes,Metropolitana,875000,25.0,47.9,2023-04-10 00:00:00.000000,2023-05-15 00:00:00.000000,DEPARTAMENTO,ARRIENDO,agency
PI-2023-05-004414,portalinmobiliario, Providencia,Metropolitana,1435000,41.0,85.2,2023-04-12 00:00:00.000000,2023-05-29 00:00:00.000000,DEPARTAMENTO,Arriendo,agency
PI-2023-05-002870,portalinmobiliario,Quilicura,Metropolitana,525000,15.0,52.2,2023-05-18 00:00:00.000000,2023-05-22 00:00:00.000000,departamento,ARRIENDO,agency
PI-2023-05-000288,portalinmobiliario,Renca,Metropolitana,395000,11.29,36.8,2023-04-06 00:00:00.000000,2023-05-01 00:00:00.000000,departamento,ARRIENDO,owner_direct
PI-2023-05-003163,portalinmobiliario,La Reina,Metropolitana,585000,16.71,27.5,2023-04-13 00:00:00.000000,2023-05-22 00:00:00.000000,Departamento,Arriendo,agency
PI-2023-05-000528,portalinmobiliario,Vitacura,Metropolitana,1120000,32.0,35.0,2023-04-25 00:00:00.000000,2023-05-01 00:00:00.000000,Departamento,ARRIENDO,agency
PI-2023-05-003871,portalinmobiliario,Quinta Normal,Metropolitana,420000,12.0,49.8,2023-04-24 00:00:00.000000,2023-05-29 00:00:00.000000,departamento,arriendo,agency
PI-2023-05-000379,portalinmobiliario,Ñuñoa,Metropolitana,705000,20.14,41.2,2023-01-06 00:00:00.000000,2023-05-01 00:00:00.000000,Departamento,Arriendo,agency
PI-2023-05-000439,portalinmobiliario,San Joaquín,Metropolitana,370000,10.57,30.9,2023-04-12 00:00:00.000000,2023-05-01 00:00:00.000000,DEPARTAMENTO,arriendo,agency
PI-2023-05-001080,portalinmobiliario,Estación Central,Metropolitana,385000,11.0,28.5,2023-04-04 00:00:00.000000,2023-05-08 00:00:00.000000,departamento,ARRIENDO,owner_direct
PI-2023-05-002053,portalinmobiliario,Quinta Normal,Metropolitana,485000,13.86,47.1,2023-04-03 00:00:00.000000,2023-05-15 00:00:00.000000,departamento,Arriendo,agency
PI-2023-05-001687,portalinmobiliario,Puente Alto,Metropolitana,385000,11.0,44.3,2023-04-23 00:00:00.000000,2023-05-08 00:00:00.000000,departamento,Arriendo,agency
PI-2023-05-000413,portalinmobiliario,Ñuñoa,Metropolitana,715000,20.43,46.4,2023-03-28 00:00:00.000000,2023-05-01 00:00:00.000000,DEPARTAMENTO,ARRIENDO,owner_direct
PI-2023-05-003882,portalinmobiliario,San Miguel,Metropolitana,555000,15.86,42.1,2023-05-09 00:00:00.000000,2023-05-29 00:00:00.000000,DEPARTAMENTO,Arriendo,agency
PI-2023-05-002627,portalinmobiliario,Independencia,Metropolitana,825000,23.57,90.4,2023-05-12 00:00:00.000000,2023-05-15 00:00:00.000000,Departamento,ARRIENDO,owner_direct
PI-2023-05-002400,portalinmobiliario,La Cisterna,Metropolitana,600000,17.14,53.8,2023-05-02 00:00:00.000000,2023-05-15 00:00:00.000000,DEPARTAMENTO,Arriendo,agency
PI-2023-05-000668,portalinmobiliario,San Joaquín,Metropolitana,670000,19.14,75.2,2023-04-11 00:00:00.000000,2023-05-01 00:00:00.000000,Departamento,arriendo,agency
PI-2023-05-001074,portalinmobiliario,Las Condes,Metropolitana,865000,24.71,40.4,2022-11-24 00:00:00.000000,2023-05-08 00:00:00.000000,DEPARTAMENTO,ARRIENDO,owner_direct
PI-2023-05-002036,portalinmobiliario,La Reina,Metropolitana,1840000,52.57,36.9,2023-05-13 00:00:00.000000,2023-05-15 00:00:00.000000,Departamento,arriendo,agency
PI-2023-05-000428,portalinmobiliario,Independencia,Metropolitana,820000,23.43,98.3,2023-04-23 00:00:00.000000,2023-05-01 00:00:00.000000,departamento,ARRIENDO,owner_direct
PI-2023-05-002013,portalinmobiliario,Pudahuel,Metropolitana,410000,11.71,32.3,2023-04-19 00:00:00.000000,2023-05-15 00:00:00.000000,DEPARTAMENTO,arriendo,agency
PI-2023-05-001217,portalinmobiliario,Santiago,Metropolitana,995000,28.43,110.0,2023-05-02 00:00:00.000000,2023-05-08 00:00:00.000000,departamento,ARRIENDO,agency
PI-2023-05-000866,portalinmobiliario,Independencia ,Metropolitana,405000,11.57,29.1,2023-03-08 00:00:00.000000,2023-05-08 00:00:00.000000,departamento,ARRIENDO,owner_direct
PI-2023-05-002260,portalinmobiliario,Santiago,Metropolitana,840000,24.0,90.3,2023-04-20 00:00:00.000000,2023-05-15 00:00:00.000000,departamento,arriendo,owner_direct
PI-2023-05-003795,portalinmobiliario,Quilicura,Metropolitana,415000,11.86,42.0,2023-05-28 00:00:00.000000,2023-05-29 00:00:00.000000,departamento,arriendo,agency
PI-2023-05-001170,portalinmobiliario,Santiago,Metropolitana,630000,18.0,49.8,2023-03-24 00:00:00.000000,2023-05-08 00:00:00.000000,DEPARTAMENTO,arriendo,agency
PI-2023-05-002046,portalinmobiliario,Independencia,Metropolitana,560000,16.0,42.2,2023-04-12 00:00:00.000000,2023-05-15 00:00:00.000000,departamento,arriendo,agency
PI-2023-05-002270,portalinmobiliario,las condes,Metropolitana,1225000,35.0,56.6,2023-04-15 00:00:00.000000,2023-05-15 00:00:00.000000,Departamento,arriendo,agency
PI-2023-05-004270,portalinmobiliario,La Reina,Metropolitana,755000,21.57,54.2,2023-05-02 00:00:00.000000,2023-05-29 00:00:00.000000,DEPARTAMENTO,Arriendo,agency
PI-2023-05-002212,portalinmobiliario,Santiago,Metropolitana,600000,17.14,57.9,2023-04-01 00:00:00.000000,2023-05-15 00:00:00.000000,DEPARTAMENTO,ARRIENDO,owner_direct
PI-2023-05-003782,portalinmobiliario,Las Condes,Metropolitana,1280000,36.57,74.1,2023-05-06 00:00:00.000000,2023-05-22 00:00:00.000000,DEPARTAMENTO,arriendo,owner_direct
PI-2023-05-001932,portalinmobiliario,Quilicura,Metropolitana,405000,11.57,36.3,2023-04-17 00:00:00.000000,2023-05-15 00:00:00.000000,Departamento,arriendo,agency
PI-2023-05-000279,portalinmobiliario,Macul,Metropolitana,880000,25.14,95.2,2023-02-25 00:00:00.000000,2023-05-01 00:00:00.000000,Departamento,arriendo,agency
PI-2023-05-002445,portalinmobiliario,La Florida,Metropolitana,400000,11.43,28.1,2023-05-06 00:00:00.000000,2023-05-15 00:00:00.000000,Departamento,Arriendo,agency
PI-2023-05-000160,portalinmobiliario,Macul,Metropolitana,660000,18.86,75.7,2023-01-05 00:00:00.000000,2023-05-01 00:00:00.000000,DEPARTAMENTO,ARRIENDO,agency
PI-2023-05-000767,portalinmobiliario,Santiago,Metropolitana,590000,16.86,63.0,2023-04-12 00:00:00.000000,2023-05-01 00:00:00.000000,DEPARTAMENTO,arriendo,agency
PI-2023-05-004299,portalinmobiliario,La Florida,Metropolitana,560000,16.0,58.1,2023-04-04 00:00:00.000000,2023-05-29 00:00:00.000000,departamento,Arriendo,agency
PI-2023-05-003548,portalinmobiliario,Providencia,Metropolitana,1225000,35.0,67.6,2023-03-26 00:00:00.000000,2023-05-22 00:00:00.000000,DEPARTAMENTO,Arriendo,owner_direct
PI-2023-05-000440,portalinmobiliario,Santiago,Metropolitana,750000,21.43,66.7,2023-04-02 00:00:00.000000,2023-05-01 00:00:00.000000,Departamento,Arriendo,agency
PI-2023-05-000932,portalinmobiliario,Santiago,Metropolitana,505000,14.43,25.4,2022-11-27 00:00:00.000000,2023-05-08 00:00:00.000000,DEPARTAMENTO,ARRIENDO,agency
PI-2023-05-003305,portalinmobiliario,Santiago,Metropolitana,610000,17.43,47.5,2023-05-20 00:00:00.000000,2023-05-22 00:00:00.000000,DEPARTAMENTO,Arriendo,agency
PI-2023-05-002345,portalinmobiliario,Ñuñoa,Metropolitana,940000,26.86,56.8,2023-03-07 00:00:00.000000,2023-05-15 00:00:00.000000,DEPARTAMENTO,ARRIENDO,agency
PI-2023-05-004463,portalinmobiliario,Santiago,Metropolitana,1165000,33.29,139.9,2023-05-17 00:00:00.000000,2023-05-29 00:00:00.000000,departamento,arriendo,owner_direct
PI-2023-05-000293,portalinmobiliario,Estación Central,Metropolitana,410000,11.71,24.6,2023-03-28 00:00:00.000000,2023-05-01 00:00:00.000000,Departamento,arriendo,agency
PI-2023-05-000916,portalinmobiliario,Pudahuel,Metropolitana,835000,23.86,117.5,2023-05-01 00:00:00.000000,2023-05-08 00:00:00.000000,departamento,Arriendo,agency
PI-2023-05-002320,portalinmobiliario,Santiago,Metropolitana,630000,18.0,43.4,2023-05-10 00:00:00.000000,2023-05-15 00:00:00.000000,departamento,ARRIENDO,agency
PI-2023-05-002346,portalinmobiliario,Conchalí,Metropolitana,425000,12.14,30.9,2023-04-30 00:00:00.000000,2023-05-15 00:00:00.000000,departamento,ARRIENDO,agency
PI-2023-05-001065,portalinmobiliario,QUINTA NORMAL,Metropolitana,575000,16.43,64.2,2023-02-05 00:00:00.000000,2023-05-08 00:00:00.000000,DEPARTAMENTO,ARRIENDO,owner_direct
PI-2023-05-001219,portalinmobiliario,Macul,Metropolitana,690000,19.71,64.3,2023-03-13 00:00:00.000000,2023-05-08 00:00:00.000000,departamento,Arriendo,agency
PI-2023-05-002755,portalinmobiliario,Recoleta,Metropolitana,1245000,35.57,135.2,2023-03-13 00:00:00.000000,2023-05-22 00:00:00.000000,departamento,Arriendo,agency
PI-2023-05-003287,portalinmobiliario,Recoleta,Metropolitana,400000,11.43,30.1,2023-05-12 00:00:00.000000,2023-05-22 00:00:00.000000,DEPARTAMENTO,Arriendo,agency
PI-2023-05-002365,portalinmobiliario,San Miguel,Metropolitana,585000,16.71,55.7,2023-04-29 00:00:00.000000,2023-05-15 00:00:00.000000,Departamento,Arriendo,agency
PI-2023-05-000268,portalinmobiliario,INDEPENDENCIA,Metropolitana,470000,13.43,47.9,2023-03-23 00:00:00.000000,2023-05-01 00:00:00.000000,DEPARTAMENTO,arriendo,agency
PI-2023-05-001829,portalinmobiliario,Puente Alto,Metropolitana,500000,14.29,44.9,2023-04-19 00:00:00.000000,2023-05-15 00:00:00.000000,Departamento,arriendo,agency
PI-2023-05-002604,portalinmobiliario,Lo Barnechea,Metropolitana,1025000,29.29,74.9,2023-03-27 00:00:00.000000,2023-05-15 00:00:00.000000,DEPARTAMENTO,ARRIENDO,agency
PI-2023-05-002521,portalinmobiliario,Santiago,Metropolitana,595000,17.0,38.8,2023-04-05 00:00:00.000000,2023-05-15 00:00:00.000000,departamento,arriendo,agency
PI-2023-05-000156,portalinmobiliario,San Miguel,Metropolitana,505000,14.43,44.8,2023-04-16 00:00:00.000000,2023-05-01 00:00:00.000000,Departamento,ARRIENDO,agency
PI-2023-05-002917,portalinmobiliario,La Florida,Metropolitana,480000,13.71,30.5,2023-04-14 00:00:00.000000,2023-05-22 00:00:00.000000,Departamento,ARRIENDO,agency
PI-2023-05-003454,portalinmobiliario,Maipú,Metropolitana,715000,20.43,99.6,2023-05-09 00:00:00.000000,2023-05-22 00:00:00.000000,departamento,Arriendo,agency
PI-2023-05-004362,portalinmobiliario,Santiago,Metropolitana,5825000,,650.0,2023-05-10 00:00:00.000000,2023-05-29 00:00:00.000000,Departamento,ARRIENDO,agency
PI-2023-05-003605,portalinmobiliario,Quilicura,Metropolitana,560000,16.0,64.3,2023-05-18 00:00:00.000000,2023-05-22 00:00:00.000000,DEPARTAMENTO,arriendo,agency
PI-2023-05-003492,portalinmobiliario,Santiago,Metropolitana,615000,,44.7,2023-05-07 00:00:00.000000,2023-05-22 00:00:00.000000,Departamento,ARRIENDO,agency
PI-2023-05-004074,portalinmobiliario,Puente Alto,Metropolitana,475000,13.57,66.3,2023-05-24 00:00:00.000000,2023-05-29 00:00:00.000000,departamento,arriendo,owner_direct
PI-2023-05-004453,portalinmobiliario,La Reina,Metropolitana,640000,18.29,39.2,2023-05-05 00:00:00.000000,2023-05-29 00:00:00.000000,departamento,ARRIENDO,agency
PI-2023-05-001156,portalinmobiliario,Quinta Normal,Metropolitana,665000,19.0,75.4,2023-04-07 00:00:00.000000,2023-05-08 00:00:00.000000,departamento,Arriendo,agency
PI-2023-05-002774,portalinmobiliario,Providencia,Metropolitana,940000,26.86,46.5,2023-05-14 00:00:00.000000,2023-05-22 00:00:00.000000,DEPARTAMENTO,arriendo,agency
PI-2023-05-003863,portalinmobiliario,Pudahuel,Metropolitana,670000,19.14,62.8,2023-04-30 00:00:00.000000,2023-05-29 00:00:00.000000,Departamento,ARRIENDO,owner_direct
PI-2023-05-001881,portalinmobiliario,Las Condes,Metropolitana,850000,24.29,40.6,2023-04-13 00:00:00.000000,2023-05-15 00:00:00.000000,Departamento,ARRIENDO,agency
PI-2023-05-004796,portalinmobiliario,ÑUÑOA,Metropolitana,530000,15.14,37.3,2023-04-30 00:00:00.000000,2023-05-29 00:00:00.000000,DEPARTAMENTO,ARRIENDO,agency
PI-2023-05-003513,portalinmobiliario,Lo Barnechea,Metropolitana,990000,28.29,54.2,2023-05-03 00:00:00.000000,2023-05-22 00:00:00.000000,Departamento,ARRIENDO,agency
PI-2023-05-003893,portalinmobiliario,Macul,Metropolitana,600000,17.14,63.9,2023-04-21 00:00:00.000000,2023-05-29 00:00:00.000000,DEPARTAMENTO,arriendo,agency
PI-2023-05-002455,portalinmobiliario,Recoleta,Metropolitana,475000,13.57,39.6,2023-05-02 00:00:00.000000,2023-05-15 00:00:00.000000,Departamento,ARRIENDO,owner_direct
PI-2023-05-001232,portalinmobiliario,Estación Central,Metropolitana,500000,14.29,47.1,2023-04-13 00:00:00.000000,2023-05-08 00:00:00.000000,DEPARTAMENTO,ARRIENDO,agency
PI-2023-05-004711,portalinmobiliario,Estación Central ,Metropolitana,580000,16.57,61.0,2023-05-07 00:00:00.000000,2023-05-29 00:00:00.000000,DEPARTAMENTO,ARRIENDO,agency
PI-2023-05-004497,portalinmobiliario,Quinta Normal,Metropolitana,465000,13.29,44.9,2023-05-16 00:00:00.000000,2023-05-29 00:00:00.000000,Departamento,arriendo,agency
PI-2023-05-000987,portalinmobiliario,Renca,Metropolitana,380000,10.86,40.6,2023-04-13 00:00:00.000000,2023-05-08 00:00:00.000000,departamento,ARRIENDO,agency
PI-2023-05-000328,portalinmobiliario,La Florida,Metropolitana,455000,13.0,37.5,2023-04-12 00:00:00.000000,2023-05-01 00:00:00.000000,departamento,Arriendo,agency
PI-2023-05-004638,portalinmobiliario,Estación Central,Metropolitana,625000,17.86,64.3,2023-02-20 00:00:00.000000,2023-05-29 00:00:00.000000,Departamento,Arriendo,agency
PI-2023-05-004259,portalinmobiliario,Providencia,Metropolitana,605000,17.29,24.4,2023-04-20 00:00:00.000000,2023-05-29 00:00:00.000000,departamento,arriendo,agency
PI-2023-05-003794,portalinmobiliario,San Joaquín,Metropolitana,425000,,37.1,2023-05-15 00:00:00.000000,2023-05-29 00:00:00.000000,Departamento,arriendo,owner_direct
PI-2023-05-002422,portalinmobiliario,Renca,Metropolitana,530000,15.14,74.6,2023-05-11 00:00:00.000000,2023-05-15 00:00:00.000000,departamento,Arriendo,owner_direct
PI-2023-05-002326,portalinmobiliario,Macul,Metropolitana,580000,16.57,46.9,2023-04-18 00:00:00.000000,2023-05-15 00:00:00.000000,Departamento,Arriendo,agency
PI-2023-05-000899,portalinmobiliario, San Miguel,Metropolitana,590000,16.86,53.5,2023-03-23 00:00:00.000000,2023-05-08 00:00:00.000000,departamento,ARRIENDO,owner_direct
PI-2023-05-001228,portalinmobiliario,santiago,Metropolitana,1015000,29.0,105.6,2023-04-21 00:00:00.000000,2023-05-08 00:00:00.000000,Departamento,ARRIENDO,agency
PI-2023-05-002988,portalinmobiliario,San Miguel,Metropolitana,555000,15.86,41.8,2023-04-23 00:00:00.000000,2023-05-22 00:00:00.000000,Departamento,ARRIENDO,agency
PI-2023-05-000915,portalinmobiliario,HUECHURABA,Metropolitana,725000,20.71,72.0,2023-05-05 00:00:00.000000,2023-05-08 00:00:00.000000,Departamento,arriendo,agency
PI-2023-05-004750,portalinmobiliario,Macul,Metropolitana,435000,12.43,27.7,2023-05-20 00:00:00.000000,2023-05-29 00:00:00.000000,DEPARTAMENTO,ARRIENDO,owner_direct
PI-2023-05-004043,portalinmobiliario,Estación Central,Metropolitana,540000,15.43,54.8,2023-04-22 00:00:00.000000,2023-05-29 00:00:00.000000,departamento,ARRIENDO,agency
PI-2023-05-003855,portalinmobiliario,La Florida,Metropolitana,520000,14.86,39.3,2023-04-18 00:00:00.000000,2023-05-29 00:00:00.000000,departamento,ARRIENDO,owner_direct
PI-2023-05-001391,portalinmobiliario,Independencia,Metropolitana,515000,14.71,37.2,2023-04-19 00:00:00.000000,2023-05-08 00:00:00.000000,Departamento,arriendo,owner_direct
PI-2023-05-000409,portalinmobiliario,Las Condes,Metropolitana,1335000,38.14,80.7,2023-03-17 00:00:00.000000,2023-05-01 00:00:00.000000,departamento,Arriendo,agency
PI-2023-05-002758,portalinmobiliario,San Miguel,Metropolitana,635000,18.14,59.8,2023-04-25 00:00:00.000000,2023-05-22 00:00:00.000000,departamento,arriendo,agency
PI-2023-05-001546,portalinmobiliario,Santiago,Metropolitana,455000,13.0,40.1,2022-11-12 00:00:00.000000,2023-05-08 00:00:00.000000,departamento,ARRIENDO,agency
PI-2023-05-004540,portalinmobiliario,estación central,Metropolitana,475000,13.57,48.0,2022-11-11 00:00:00.000000,2023-05-29 00:00:00.000000,Departamento,Arriendo,owner_direct
PI-2023-05-000137,portalinmobiliario,Maipú,Metropolitana,490000,14.0,45.2,2023-04-15 00:00:00.000000,2023-05-01 00:00:00.000000,Departamento,arriendo,agency
PI-2023-05-003925,portalinmobiliario,Macul,Metropolitana,600000,17.14,63.0,2023-05-02 00:00:00.000000,2023-05-29 00:00:00.000000,DEPARTAMENTO,Arriendo,agency
PI-2023-05-000786,portalinmobiliario,Lo Barnechea,Metropolitana,750000,21.43,52.6,2023-03-14 00:00:00.000000,2023-05-01 00:00:00.000000,departamento,ARRIENDO,owner_direct
PI-2023-05-002237,portalinmobiliario,Conchalí,Metropolitana,495000,14.14,44.3,2023-04-03 00:00:00.000000,2023-05-15 00:00:00.000000,Departamento,Arriendo,owner_direct
PI-2023-05-002589,portalinmobiliario,Ñuñoa,Metropolitana,695000,,38.8,2023-02-27 00:00:00.000000,2023-05-15 00:00:00.000000,DEPARTAMENTO,arriendo,agency
PI-2023-05-002845,portalinmobiliario,Lo Barnechea,Metropolitana,925000,26.43,58.5,2023-05-15 00:00:00.000000,2023-05-22 00:00:00.000000,Departamento,arriendo,owner_direct
PI-2023-05-002127,portalinmobiliario,Estación Central,Metropolitana,390000,11.14,34.4,2023-04-21 00:00:00.000000,2023-05-15 00:00:00.000000,departamento,Arriendo,agency
PI-2023-05-003846,portalinmobiliario,Ñuñoa,Metropolitana,665000,19.0,39.5,2023-05-27 00:00:00.000000,2023-05-29 00:00:00.000000,DEPARTAMENTO,Arriendo,agency
PI-2023-05-002836,portalinmobiliario,Providencia,Metropolitana,835000,23.86,41.5,2022-12-25 00:00:00.000000,2023-05-22 00:00:00.000000,Departamento,ARRIENDO,agency
PI-2023-05-004684,portalinmobiliario,Santiago,Metropolitana,540000,15.43,46.5,2023-04-20 00:00:00.000000,2023-05-29 00:00:00.000000,departamento,Arriendo,agency
PI-2023-05-003294,portalinmobiliario,Ñuñoa,Metropolitana,715000,20.43,33.9,2023-05-01 00:00:00.000000,2023-05-22 00:00:00.000000,departamento,Arriendo,agency
PI-2023-05-001123,portalinmobiliario,Puente Alto,Metropolitana,370000,10.57,31.7,2023-01-06 00:00:00.000000,2023-05-08 00:00:00.000000,departamento,Arriendo,owner_direct
PI-2023-05-003499,portalinmobiliario,San Miguel,Metropolitana,615000,17.57,59.4,2023-05-04 00:00:00.000000,2023-05-22 00:00:00.000000,DEPARTAMENTO,Arriendo,agency
PI-2023-05-002644,portalinmobiliario,Las Condes,Metropolitana,920000,26.29,41.1,2023-04-16 00:00:00.000000,2023-05-15 00:00:00.000000,departamento,arriendo,owner_direct
PI-2023-05-001832,portalinmobiliario,Puente Alto,Metropolitana,420000,12.0,50.2,2023-05-07 00:00:00.000000,2023-05-15 00:00:00.000000,DEPARTAMENTO,ARRIENDO,agency
PI-2023-05-001937,portalinmobiliario,Recoleta,Metropolitana,345000,9.86,26.9,2023-05-04 00:00:00.000000,2023-05-15 00:00:00.000000,Departamento,ARRIENDO,agency
PI-2023-05-000892,portalinmobiliario,San Miguel,Metropolitana,545000,15.57,26.6,2022-11-17 00:00:00.000000,2023-05-08 00:00:00.000000,departamento,ARRIENDO,agency
PI-2023-05-001107,portalinmobiliario,Independencia,Metropolitana,885000,25.29,123.8,2023-04-09 00:00:00.000000,2023-05-08 00:00:00.000000,Departamento,Arriendo,agency
PI-2023-05-003285,portalinmobiliario,Maipú,Metropolitana,470000,13.43,44.5,2023-05-12 00:00:00.000000,2023-05-22 00:00:00.000000,departamento,arriendo,owner_direct
PI-2023-05-001534,portalinmobiliario,Providencia,Metropolitana,1065000,30.43,59.7,2023-04-27 00:00:00.000000,2023-05-08 00:00:00.000000,departamento,arriendo,agency
PI-2023-05-004009,portalinmobiliario,Santiago,Metropolitana,585000,16.71,49.6,2023-05-19 00:00:00.000000,2023-05-29 00:00:00.000000,DEPARTAMENTO,arriendo,owner_direct
PI-2023-05-002530,portalinmobiliario,Estación Central,Metropolitana,545000,15.57,57.9,2023-04-17 00:00:00.000000,2023-05-15 00:00:00.000000,Departamento,ARRIENDO,agency
PI-2023-05-002535,portalinmobiliario,Maipú,Metropolitana,555000,15.86,72.5,2023-05-05 00:00:00.000000,2023-05-15 00:00:00.000000,departamento,arriendo,owner_direct
PI-2023-05-003938,portalinmobiliario,Estación Central,Metropolitana,405000,11.57,48.8,2023-05-21 00:00:00.000000,2023-05-29 00:00:00.000000,Departamento,Arriendo,agency
PI-2023-05-003470,portalinmobiliario,Cerrillos,Metropolitana,520000,14.86,63.8,2023-05-05 00:00:00.000000,2023-05-22 00:00:00.000000,departamento,arriendo,agency
PI-2023-05-004034,portalinmobiliario,Quinta Normal,Metropolitana,795000,22.71,85.3,2023-01-10 00:00:00.000000,2023-05-29 00:00:00.000000,Departamento,arriendo,agency
PI-2023-05-002383,portalinmobiliario,Estación Central,Metropolitana,435000,12.43,38.4,2023-04-23 00:00:00.000000,2023-05-15 00:00:00.000000,Departamento,Arriendo,owner_direct
PI-2023-05-003355,portalinmobiliario,Independencia,Metropolitana,390000,11.14,29.8,2023-05-03 00:00:00.000000,2023-05-22 00:00:00.000000,departamento,Arriendo,agency
PI-2023-05-003002,portalinmobiliario,la florida,Metropolitana,495000,14.14,41.5,2023-05-07 00:00:00.000000,2023-05-22 00:00:00.000000,DEPARTAMENTO,ARRIENDO,agency
PI-2023-05-004013,portalinmobiliario,Puente Alto,Metropolitana,400000,11.43,40.2,2023-05-12 00:00:00.000000,2023-05-29 00:00:00.000000,departamento,Arriendo,agency
PI-2023-05-002278,portalinmobiliario,La Florida,Metropolitana,715000,20.43,57.1,2023-03-24 00:00:00.000000,2023-05-15 00:00:00.000000,departamento,arriendo,owner_direct
PI-2023-05-000968,portalinmobiliario,La Cisterna,Metropolitana,400000,11.43,34.9,2023-04-03 00:00:00.000000,2023-05-08 00:00:00.000000,departamento,ARRIENDO,agency
PI-2023-05-001603,portalinmobiliario,Santiago,Metropolitana,645000,18.43,59.9,2023-04-20 00:00:00.000000,2023-05-08 00:00:00.000000,DEPARTAMENTO,ARRIENDO,agency
PI-2023-05-004474,portalinmobiliario,santiago,Metropolitana,880000,25.14,79.2,2023-05-02 00:00:00.000000,2023-05-29 00:00:00.000000,Departamento,arriendo,agency
PI-2023-05-003041,portalinmobiliario,Ñuñoa,Metropolitana,935000,26.71,69.7,2023-03-31 00:00:00.000000,2023-05-22 00:00:00.000000,departamento,arriendo,agency
PI-2023-05-004844,portalinmobiliario,Macul,Metropolitana,450000,12.86,37.2,2023-05-01 00:00:00.000000,2023-05-29 00:00:00.000000,DEPARTAMENTO,ARRIENDO,agency
PI-2023-05-004597,portalinmobiliario,Pudahuel,Metropolitana,575000,16.43,83.9,2023-04-25 00:00:00.000000,2023-05-29 00:00:00.000000,DEPARTAMENTO,Arriendo,agency
PI-2023-05-000014,portalinmobiliario,San Joaquín,Metropolitana,430000,12.29,39.5,2023-04-02 00:00:00.000000,2023-05-01 00:00:00.000000,Departamento,Arriendo,owner_direct
PI-2023-05-002030,portalinmobiliario,Santiago,Metropolitana,545000,15.57,38.8,2023-04-29 00:00:00.000000,2023-05-15 00:00:00.000000,Departamento,ARRIENDO,owner_direct
PI-2023-05-004654,portalinmobiliario,La Reina,Metropolitana,655000,18.71,38.7,2022-12-12 00:00:00.000000,2023-05-29 00:00:00.000000,departamento,arriendo,agency
PI-2023-05-000715,portalinmobiliario,Recoleta,Metropolitana,545000,15.57,48.6,2023-04-17 00:00:00.000000,2023-05-01 00:00:00.000000,departamento,arriendo,agency
PI-2023-05-003309,portalinmobiliario,La Florida,Metropolitana,610000,17.43,54.8,2023-05-05 00:00:00.000000,2023-05-22 00:00:00.000000,DEPARTAMENTO,ARRIENDO,agency
PI-2023-05-000792,portalinmobiliario,Peñalolén,Metropolitana,545000,15.57,47.3,2023-03-02 00:00:00.000000,2023-05-01 00:00:00.000000,Departamento,arriendo,owner_direct
PI-2023-05-002888,portalinmobiliario,Ñuñoa,Metropolitana,665000,19.0,48.4,2023-04-18 00:00:00.000000,2023-05-22 00:00:00.000000,departamento,Arriendo,owner_direct
PI-2023-05-004025,portalinmobiliario,Estación Central,Metropolitana,370000,10.57,29.8,2023-05-12 00:00:00.000000,2023-05-29 00:00:00.000000,Departamento,Arriendo,agency
PI-2023-05-000109,portalinmobiliario,San Miguel,Metropolitana,590000,16.86,52.7,2023-03-23 00:00:00.000000,2023-05-01 00:00:00.000000,DEPARTAMENTO,Arriendo,agency
PI-2023-05-000117,portalinmobiliario,San Miguel,Metropolitana,555000,15.86,45.5,2023-03-19 00:00:00.000000,2023-05-01 00:00:00.000000,Departamento,ARRIENDO,owner_direct
PI-2023-05-000204,portalinmobiliario,Quilicura,Metropolitana,355000,10.14,28.0,2023-03-23 00:00:00.000000,2023-05-01 00:00:00.000000,Departamento,ARRIENDO,agency
PI-2023-05-004087,portalinmobiliario,Estación Central,Metropolitana,930000,26.57,37.3,2023-05-18 00:00:00.000000,2023-05-29 00:00:00.000000,Departamento,Arriendo,agency
PI-2023-05-001373,portalinmobiliario,Providencia,Metropolitana,1000000,28.57,41.8,2023-04-30 00:00:00.000000,2023-05-08 00:00:00.000000,Departamento,ARRIENDO,agency
PI-2023-05-004603,portalinmobiliario,La Cisterna,Metropolitana,595000,17.0,62.2,2023-05-17 00:00:00.000000,2023-05-29 00:00:00.000000,Departamento,arriendo,agency
PI-2023-05-003784,portalinmobiliario,Macul,Metropolitana,405000,11.57,30.9,2023-03-18 00:00:00.000000,2023-05-29 00:00:00.000000,Departamento,Arriendo,agency
PI-2023-05-004683,portalinmobiliario,La Cisterna,Metropolitana,650000,18.57,48.1,2023-05-05 00:00:00.000000,2023-05-29 00:00:00.000000,departamento,arriendo,owner_direct
PI-2023-05-000043,portalinmobiliario,Recoleta,Metropolitana,530000,15.14,45.1,2023-03-22 00:00:00.000000,2023-05-01 00:00:00.000000,Departamento,arriendo,agency
PI-2023-05-004024,portalinmobiliario,Providencia,Metropolitana,1135000,32.43,61.2,2023-05-26 00:00:00.000000,2023-05-29 00:00:00.000000,DEPARTAMENTO,Arriendo,owner_direct
PI-2023-05-003436,portalinmobiliario,Vitacura,Metropolitana,985000,28.14,46.4,2023-04-30 00:00:00.000000,2023-05-22 00:00:00.000000,Departamento,arriendo,owner_direct
PI-2023-05-002216,portalinmobiliario,Lo Barnechea,Metropolitana,1395000,39.86,86.8,2023-04-16 00:00:00.000000,2023-05-15 00:00:00.000000,departamento,Arriendo,agency
PI-2023-05-000756,portalinmobiliario,San Joaquín,Metropolitana,395000,11.29,32.8,2023-03-29 00:00:00.000000,2023-05-01 00:00:00.000000,Departamento,Arriendo,agency
PI-2023-05-001357,portalinmobiliario,Estación Central,Metropolitana,425000,12.14,34.8,2023-04-04 00:00:00.000000,2023-05-08 00:00:00.000000,DEPARTAMENTO,arriendo,agency
PI-2023-05-000520,portalinmobiliario,Huechuraba,Metropolitana,720000,20.57,60.3,2023-04-14 00:00:00.000000,2023-05-01 00:00:00.000000,DEPARTAMENTO,arriendo,owner_direct
PI-2023-05-001966,portalinmobiliario,La Florida,Metropolitana,465000,13.29,40.3,2023-03-01 00:00:00.000000,2023-05-15 00:00:00.000000,departamento,Arriendo,agency
PI-2023-05-002218,portalinmobiliario,Cerrillos,Metropolitana,530000,15.14,45.5,2023-04-15 00:00:00.000000,2023-05-15 00:00:00.000000,Departamento,ARRIENDO,owner_direct
PI-2023-05-000457,portalinmobiliario,Quilicura,Metropolitana,330000,9.43,27.8,2023-03-26 00:00:00.000000,2023-05-01 00:00:00.000000,departamento,Arriendo,owner_direct
PI-2023-05-001353,portalinmobiliario,Estación Central,Metropolitana,520000,14.86,44.3,2023-04-17 00:00:00.000000,2023-05-08 00:00:00.000000,departamento,arriendo,agency
PI-2023-05-000031,portalinmobiliario,La Florida,Metropolitana,745000,21.29,76.9,2023-04-22 00:00:00.000000,2023-05-01 00:00:00.000000,Departamento,arriendo,agency
PI-2023-05-001229,portalinmobiliario,Peñalolén,Metropolitana,435000,12.43,35.2,2023-04-15 00:00:00.000000,2023-05-08 00:00:00.000000,DEPARTAMENTO,arriendo,agency
PI-2023-05-004399,portalinmobiliario,San Joaquín,Metropolitana,3625000,103.57,31.5,2023-05-15 00:00:00.000000,2023-05-29 00:00:00.000000,Departamento,Arriendo,owner_direct
PI-2023-05-001940,portalinmobiliario,Independencia,Metropolitana,670000,19.14,74.2,2023-04-20 00:00:00.000000,2023-05-15 00:00:00.000000,departamento,arriendo,agency
PI-2023-05-000166,portalinmobiliario,Ñuñoa,Metropolitana,925000,26.43,63.7,2022-12-12 00:00:00.000000,2023-05-01 00:00:00.000000,Departamento,Arriendo,owner_direct
PI-2023-05-001970,portalinmobiliario,La Florida,Metropolitana,525000,15.0,39.9,2023-05-06 00:00:00.000000,2023-05-15 00:00:00.000000,DEPARTAMENTO,ARRIENDO,agency
PI-2023-05-000751,portalinmobiliario,Vitacura,Metropolitana,870000,24.86,33.6,2023-03-28 00:00:00.000000,2023-05-01 00:00:00.000000,DEPARTAMENTO,ARRIENDO,agency
PI-2023-05-003572,portalinmobiliario,Estación Central,Metropolitana,750000,21.43,103.6,2023-04-24 00:00:00.000000,2023-05-22 00:00:00.000000,DEPARTAMENTO,arriendo,owner_direct
PI-2023-05-002478,portalinmobiliario,Santiago,Metropolitana,545000,15.57,49.1,2023-03-21 00:00:00.000000,2023-05-15 00:00:00.000000,Departamento,ARRIENDO,agency
PI-2023-05-000743,portalinmobiliario,Estación Central,Metropolitana,450000,12.86,49.8,2023-04-05 00:00:00.000000,2023-05-01 00:00:00.000000,DEPARTAMENTO,arriendo,owner_direct
PI-2023-05-001346,portalinmobiliario,La Florida,Metropolitana,340000,9.71,26.4,2023-04-26 00:00:00.000000,2023-05-08 00:00:00.000000,departamento,ARRIENDO,agency
PI-2023-05-000183,portalinmobiliario,Santiago,Metropolitana,490000,14.0,36.0,2023-03-29 00:00:00.000000,2023-05-01 00:00:00.000000,departamento,Arriendo,agency
PI-2023-05-004465,portalinmobiliario,Puente Alto,Metropolitana,405000,11.57,47.0,2023-05-20 00:00:00.000000,2023-05-29 00:00:00.000000,departamento,ARRIENDO,owner_direct
PI-2023-05-002014,portalinmobiliario,La Florida,Metropolitana,605000,17.29,69.3,2023-03-24 00:00:00.000000,2023-05-15 00:00:00.000000,departamento,ARRIENDO,owner_direct
PI-2023-05-004501,portalinmobiliario,Maipú,Metropolitana,475000,13.57,44.4,2023-05-10 00:00:00.000000,2023-05-29 00:00:00.000000,Departamento,ARRIENDO,agency
PI-2023-05-002602,portalinmobiliario,Santiago,Metropolitana,810000,23.14,72.0,2023-03-14 00:00:00.000000,2023-05-15 00:00:00.000000,departamento,ARRIENDO,owner_direct
PI-2023-05-004355,portalinmobiliario,Cerrillos,Metropolitana,550000,15.71,54.7,2023-05-12 00:00:00.000000,2023-05-29 00:00:00.000000,DEPARTAMENTO,arriendo,agency
PI-2023-05-004326,portalinmobiliario,Las Condes,Metropolitana,1050000,30.0,48.5,2023-05-10 00:00:00.000000,2023-05-29 00:00:00.000000,Departamento,Arriendo,owner_direct
PI-2023-05-003362,portalinmobiliario,Puente Alto,Metropolitana,545000,15.57,69.8,2023-04-28 00:00:00.000000,2023-05-22 00:00:00.000000,departamento,arriendo,agency
PI-2023-05-001739,portalinmobiliario,Cerrillos,Metropolitana,400000,11.43,27.8,2023-04-01 00:00:00.000000,2023-05-08 00:00:00.000000,Departamento,Arriendo,agency
PI-2023-05-000192,portalinmobiliario,Las Condes,Metropolitana,1850000,52.86,127.4,2023-03-04 00:00:00.000000,2023-05-01 00:00:00.000000,departamento,Arriendo,agency
PI-2023-05-001137,portalinmobiliario,Cerrillos,Metropolitana,490000,14.0,46.6,2023-05-03 00:00:00.000000,2023-05-08 00:00:00.000000,Departamento,ARRIENDO,owner_direct
PI-2023-05-001581,portalinmobiliario,Quilicura,Metropolitana,590000,16.86,82.0,2023-04-21 00:00:00.000000,2023-05-08 00:00:00.000000,departamento,arriendo,owner_direct
PI-2023-05-001471,portalinmobiliario, San Miguel,Metropolitana,620000,17.71,66.6,2022-10-31 00:00:00.000000,2023-05-08 00:00:00.000000,Departamento,arriendo,agency
PI-2023-05-000632,portalinmobiliario,Estación Central,Metropolitana,505000,14.43,44.7,2023-04-19 00:00:00.000000,2023-05-01 00:00:00.000000,Departamento,Arriendo,owner_direct
PI-2023-05-003215,portalinmobiliario,San Joaquín,Metropolitana,515000,14.71,55.7,2023-03-27 00:00:00.000000,2023-05-22 00:00:00.000000,Departamento,arriendo,agency
PI-2023-05-003133,portalinmobiliario,Ñuñoa,Metropolitana,585000,16.71,33.2,2023-03-26 00:00:00.000000,2023-05-22 00:00:00.000000,DEPARTAMENTO,ARRIENDO,agency
PI-2023-05-004137,portalinmobiliario,Santiago,Metropolitana,515000,14.71,34.3,2023-04-08 00:00:00.000000,2023-05-29 00:00:00.000000,DEPARTAMENTO,ARRIENDO,owner_direct
PI-2023-05-003917,portalinmobiliario,Quilicura,Metropolitana,425000,12.14,44.7,2023-04-25 00:00:00.000000,2023-05-29 00:00:00.000000,Departamento,arriendo,agency
PI-2023-05-000032,portalinmobiliario,Providencia,Metropolitana,1600000,45.71,29.2,2023-04-25 00:00:00.000000,2023-05-01 00:00:00.000000,Departamento,Arriendo,owner_direct
PI-2023-05-004634,portalinmobiliario,La Cisterna,Metropolitana,555000,15.86,63.9,2023-03-06 00:00:00.000000,2023-05-29 00:00:00.000000,departamento,Arriendo,agency
PI-2023-05-001621,portalinmobiliario,Lo Barnechea,Metropolitana,915000,26.14,36.6,2023-04-24 00:00:00.000000,2023-05-08 00:00:00.000000,DEPARTAMENTO,arriendo,agency
PI-2023-05-000800,portalinmobiliario,Vitacura,Metropolitana,1165000,33.29,54.6,2023-03-15 00:00:00.000000,2023-05-01 00:00:00.000000,DEPARTAMENTO,ARRIENDO,agency
PI-2023-05-002227,portalinmobiliario,Quilicura,Metropolitana,455000,13.0,49.2,2022-11-30 00:00:00.000000,2023-05-15 00:00:00.000000,departamento,ARRIENDO,owner_direct
PI-2023-05-001159,portalinmobiliario,Ñuñoa,Metropolitana,735000,21.0,41.7,2023-04-22 00:00:00.000000,2023-05-08 00:00:00.000000,DEPARTAMENTO,Arriendo,owner_direct
PI-2023-05-003536,portalinmobiliario, Ñuñoa,Metropolitana,920000,26.29,71.6,2023-04-30 00:00:00.000000,2023-05-22 00:00:00.000000,departamento,arriendo,owner_direct
PI-2023-05-001467,portalinmobiliario,Las Condes,Metropolitana,6485000,185.29,650.0,2023-04-23 00:00:00.000000,2023-05-08 00:00:00.000000,DEPARTAMENTO,arriendo,owner_direct
PI-2023-05-004859,portalinmobiliario,Independencia,Metropolitana,440000,12.57,36.3,2023-04-19 00:00:00.000000,2023-05-29 00:00:00.000000,Departamento,Arriendo,agency
PI-2023-05-004018,portalinmobiliario,Santiago,Metropolitana,460000,13.14,32.6,2023-04-14 00:00:00.000000,2023-05-29 00:00:00.000000,Departamento,arriendo,agency
PI-2023-05-003477,portalinmobiliario,Vitacura,Metropolitana,1105000,31.57,37.1,2023-05-16 00:00:00.000000,2023-05-22 00:00:00.000000,DEPARTAMENTO,Arriendo,agency
PI-2023-05-000077,portalinmobiliario,Estación Central,Metropolitana,405000,11.57,43.2,2023-04-09 00:00:00.000000,2023-05-01 00:00:00.000000,DEPARTAMENTO,arriendo,agency
PI-2023-05-003136,portalinmobiliario,La Florida,Metropolitana,650000,18.57,72.3,2023-04-30 00:00:00.000000,2023-05-22 00:00:00.000000,departamento,ARRIENDO,agency
PI-2023-05-004798,portalinmobiliario,Estación Central,Metropolitana,695000,19.86,66.3,2023-02-16 00:00:00.000000,2023-05-29 00:00:00.000000,departamento,Arriendo,owner_direct
PI-2023-05-001822,portalinmobiliario,Santiago,Metropolitana,670000,,66.8,2023-05-04 00:00:00.000000,2023-05-15 00:00:00.000000,DEPARTAMENTO,Arriendo,agency
PI-2023-05-004201,portalinmobiliario,Maipú,Metropolitana,415000,11.86,51.9,2023-03-29 00:00:00.000000,2023-05-29 00:00:00.000000,Departamento,arriendo,owner_direct
PI-2023-05-003300,portalinmobiliario,Puente Alto,Metropolitana,430000,12.29,46.8,2023-04-27 00:00:00.000000,2023-05-22 00:00:00.000000,Departamento,arriendo,agency
PI-2023-05-002989,portalinmobiliario,Ñuñoa,Metropolitana,980000,28.0,88.2,2023-03-20 00:00:00.000000,2023-05-22 00:00:00.000000,Departamento,ARRIENDO,owner_direct
PI-2023-05-000039,portalinmobiliario,Estación Central,Metropolitana,420000,12.0,44.7,2023-04-01 00:00:00.000000,2023-05-01 00:00:00.000000,departamento,ARRIENDO,agency
PI-2023-05-004445,portalinmobiliario,San Miguel,Metropolitana,655000,18.71,69.7,2023-05-18 00:00:00.000000,2023-05-29 00:00:00.000000,DEPARTAMENTO,Arriendo,agency
PI-2023-05-003178,portalinmobiliario,Independencia,Metropolitana,435000,12.43,32.7,2023-05-02 00:00:00.000000,2023-05-22 00:00:00.000000,Departamento,arriendo,agency
PI-2023-05-001153,portalinmobiliario,Maipú,Metropolitana,345000,9.86,28.8,2023-04-20 00:00:00.000000,2023-05-08 00:00:00.000000,DEPARTAMENTO,Arriendo,owner_direct
PI-2023-05-003009,portalinmobiliario,Estación Central,Metropolitana,890000,25.43,100.1,2023-05-07 00:00:00.000000,2023-05-22 00:00:00.000000,DEPARTAMENTO,ARRIENDO,agency
PI-2023-05-001165,portalinmobiliario,Independencia,Metropolitana,450000,12.86,38.3,2023-04-17 00:00:00.000000,2023-05-08 00:00:00.000000,departamento,arriendo,owner_direct
PI-2023-05-004239,portalinmobiliario,Santiago,Metropolitana,660000,18.86,50.2,2023-01-19 00:00:00.000000,2023-05-29 00:00:00.000000,Departamento,Arriendo,agency
PI-2023-05-003389,portalinmobiliario,Santiago,Metropolitana,490000,14.0,32.8,2023-05-12 00:00:00.000000,2023-05-22 00:00:00.000000,departamento,ARRIENDO,owner_direct
PI-2023-05-002246,portalinmobiliario,Pudahuel,Metropolitana,4200000,120.0,46.8,2023-05-02 00:00:00.000000,2023-05-15 00:00:00.000000,DEPARTAMENTO,arriendo,agency
PI-2023-05-002100,portalinmobiliario,Ñuñoa,Metropolitana,690000,19.71,46.6,2023-01-11 00:00:00.000000,2023-05-15 00:00:00.000000,departamento,Arriendo,owner_direct
PI-2023-05-001812,portalinmobiliario,Ñuñoa,Metropolitana,755000,21.57,48.9,2023-05-04 00:00:00.000000,2023-05-15 00:00:00.000000,DEPARTAMENTO,Arriendo,owner_direct
PI-2023-05-002697,portalinmobiliario,La Cisterna,Metropolitana,380000,10.86,32.5,2023-03-25 00:00:00.000000,2023-05-15 00:00:00.000000,Departamento,arriendo,agency
PI-2023-05-002557,portalinmobiliario,La Cisterna,Metropolitana,800000,22.86,110.6,2023-04-05 00:00:00.000000,2023-05-15 00:00:00.000000,departamento,Arriendo,agency
PI-2023-05-001491,portalinmobiliario,Estación Central,Metropolitana,395000,11.29,49.2,2022-10-25 00:00:00.000000,2023-05-08 00:00:00.000000,Departamento,ARRIENDO,agency
PI-2023-05-000578,portalinmobiliario,Puente Alto,Metropolitana,460000,13.14,44.2,2023-04-29 00:00:00.000000,2023-05-01 00:00:00.000000,departamento,arriendo,agency
PI-2023-05-002079,portalinmobiliario,Ñuñoa,Metropolitana,950000,27.14,76.9,2022-11-10 00:00:00.000000,2023-05-15 00:00:00.000000,Departamento,arriendo,owner_direct
PI-2023-05-000938,portalinmobiliario,Cerrillos,Metropolitana,465000,13.29,61.9,2023-03-31 00:00:00.000000,2023-05-08 00:00:00.000000,departamento,ARRIENDO,agency
PI-2023-05-004768,portalinmobiliario,La Cisterna,Metropolitana,375000,10.71,42.2,2023-05-25 00:00:00.000000,2023-05-29 00:00:00.000000,Departamento,Arriendo,owner_direct
PI-2023-05-002288,portalinmobiliario,Estación Central,Metropolitana,625000,17.86,74.9,2023-02-22 00:00:00.000000,2023-05-15 00:00:00.000000,Departamento,Arriendo,owner_direct
PI-2023-05-002247,portalinmobiliario,La Cisterna,Metropolitana,420000,12.0,32.8,2023-05-04 00:00:00.000000,2023-05-15 00:00:00.000000,departamento,ARRIENDO,owner_direct
PI-2023-05-004366,portalinmobiliario,Estación Central,Metropolitana,505000,14.43,50.2,2023-04-09 00:00:00.000000,2023-05-29 00:00:00.000000,departamento,Arriendo,owner_direct
PI-2023-05-000113,portalinmobiliario,Las Condes,Metropolitana,1645000,47.0,93.6,2023-04-19 00:00:00.000000,2023-05-01 00:00:00.000000,Departamento,arriendo,owner_direct
PI-2023-05-001403,portalinmobiliario,San Joaquín,Metropolitana,500000,14.29,55.6,2023-03-20 00:00:00.000000,2023-05-08 00:00:00.000000,departamento,ARRIENDO,agency
PI-2023-05-003953,portalinmobiliario,Recoleta,Metropolitana,500000,14.29,63.6,2023-05-11 00:00:00.000000,2023-05-29 00:00:00.000000,departamento,arriendo,agency
PI-2023-05-001506,portalinmobiliario,Recoleta,Metropolitana,635000,18.14,52.9,2023-04-22 00:00:00.000000,2023-05-08 00:00:00.000000,DEPARTAMENTO,ARRIENDO,agency
PI-2023-05-003703,portalinmobiliario,Estación Central,Metropolitana,960000,27.43,116.5,2023-04-18 00:00:00.000000,2023-05-22 00:00:00.000000,Departamento,arriendo,agency
PI-2023-05-001605,portalinmobiliario,La Florida,Metropolitana,475000,13.57,41.3,2023-01-04 00:00:00.000000,2023-05-08 00:00:00.000000,DEPARTAMENTO,Arriendo,owner_direct
PI-2023-05-001486,portalinmobiliario,Estación Central,Metropolitana,540000,15.43,59.8,2023-04-17 00:00:00.000000,2023-05-08 00:00:00.000000,departamento,arriendo,agency
PI-2023-05-003360,portalinmobiliario,Estación Central,Metropolitana,515000,14.71,51.6,2023-04-22 00:00:00.000000,2023-05-22 00:00:00.000000,DEPARTAMENTO,ARRIENDO,agency
PI-2023-05-004324,portalinmobiliario,Independencia,Metropolitana,490000,14.0,33.4,2023-05-20 00:00:00.000000,2023-05-29 00:00:00.000000,departamento,ARRIENDO,agency
PI-2023-05-001749,portalinmobiliario,Renca,Metropolitana,435000,12.43,51.7,2023-04-15 00:00:00.000000,2023-05-08 00:00:00.000000,DEPARTAMENTO,arriendo,agency
PI-2023-05-002102,portalinmobiliario,Macul,Metropolitana,800000,22.86,87.7,2023-05-06 00:00:00.000000,2023-05-15 00:00:00.000000,departamento,arriendo,owner_direct
PI-2023-05-001645,portalinmobiliario,Independencia,Metropolitana,605000,17.29,66.0,2023-03-16 00:00:00.000000,2023-05-08 00:00:00.000000,departamento,ARRIENDO,agency
PI-2023-05-003000,portalinmobiliario,Providencia,Metropolitana,1005000,28.71,60.9,2023-04-19 00:00:00.000000,2023-05-22 00:00:00.000000,departamento,Arriendo,agency
PI-2023-05-003405,portalinmobiliario,San Miguel,Metropolitana,465000,13.29,42.1,2023-05-14 00:00:00.000000,2023-05-22 00:00:00.000000,DEPARTAMENTO,arriendo,agency
PI-2023-05-003839,portalinmobiliario,Las Condes,Metropolitana,1420000,40.57,92.0,2023-04-27 00:00:00.000000,2023-05-29 00:00:00.000000,Departamento,arriendo,agency
PI-2023-05-001098,portalinmobiliario,Quilicura,Metropolitana,395000,11.29,47.1,2023-03-25 00:00:00.000000,2023-05-08 00:00:00.000000,Departamento,ARRIENDO,owner_direct
PI-2023-05-004719,portalinmobiliario,Independencia,Metropolitana,550000,15.71,40.1,2023-05-05 00:00:00.000000,2023-05-29 00:00:00.000000,DEPARTAMENTO,ARRIENDO,agency
PI-2023-05-000526,portalinmobiliario,Quilicura,Metropolitana,500000,14.29,49.8,2023-03-06 00:00:00.000000,2023-05-01 00:00:00.000000,DEPARTAMENTO,Arriendo,owner_direct
PI-2023-05-003301,portalinmobiliario,Conchalí,Metropolitana,1455000,41.57,67.4,2023-04-15 00:00:00.000000,2023-05-22 00:00:00.000000,departamento,ARRIENDO,owner_direct
PI-2023-05-003899,portalinmobiliario,La Cisterna,Metropolitana,480000,13.71,50.0,2023-05-18 00:00:00.000000,2023-05-29 00:00:00.000000,Departamento,ARRIENDO,agency
PI-2023-05-002024,portalinmobiliario,Santiago,Metropolitana,645000,18.43,49.8,2023-04-14 00:00:00.000000,2023-05-15 00:00:00.000000,DEPARTAMENTO,Arriendo,agency
PI-2023-05-002942,portalinmobiliario,Independencia,Metropolitana,450000,12.86,42.1,2023-04-06 00:00:00.000000,2023-05-22 00:00:00.000000,departamento,Arriendo,agency
PI-2023-05-002543,portalinmobiliario,Recoleta,Metropolitana,390000,11.14,32.5,2023-04-20 00:00:00.000000,2023-05-15 00:00:00.000000,DEPARTAMENTO,ARRIENDO,agency
PI-2023-05-000748,portalinmobiliario,Independencia,Metropolitana,545000,15.57,52.0,2023-01-29 00:00:00.000000,2023-05-01 00:00:00.000000,DEPARTAMENTO,arriendo,owner_direct
PI-2023-05-001682,portalinmobiliario,Estación Central,Metropolitana,560000,16.0,73.9,2023-04-10 00:00:00.000000,2023-05-08 00:00:00.000000,DEPARTAMENTO,arriendo,owner_direct
PI-2023-05-004466,portalinmobiliario,Recoleta,Metropolitana,865000,24.71,98.6,2023-05-17 00:00:00.000000,2023-05-29 00:00:00.000000,Departamento,ARRIENDO,owner_direct
PI-2023-05-000524,portalinmobiliario,La Florida,Metropolitana,670000,19.14,69.0,2023-03-28 00:00:00.000000,2023-05-01 00:00:00.000000,Departamento,ARRIENDO,owner_direct
PI-2023-05-004285,portalinmobiliario,Peñalolén,Metropolitana,590000,16.86,40.5,2023-05-10 00:00:00.000000,2023-05-29 00:00:00.000000,DEPARTAMENTO,arriendo,owner_direct
PI-2023-05-000069,portalinmobiliario,Lo Barnechea,Metropolitana,1015000,29.0,74.2,2023-04-17 00:00:00.000000,2023-05-01 00:00:00.000000,Departamento,arriendo,agency
PI-2023-05-000381,portalinmobiliario,Quilicura,Metropolitana,410000,11.71,27.1,2023-04-11 00:00:00.000000,2023-05-01 00:00:00.000000,DEPARTAMENTO,arriendo,owner_direct
PI-2023-05-003407,portalinmobiliario,Ñuñoa,Metropolitana,690000,19.71,36.6,2023-05-15 00:00:00.000000,2023-05-22 00:00:00.000000,departamento,ARRIENDO,agency
PI-2023-05-003379,portalinmobiliario,Las Condes,Metropolitana,740000,21.14,26.9,2022-12-21 00:00:00.000000,2023-05-22 00:00:00.000000,Departamento,Arriendo,owner_direct
PI-2023-05-003693,portalinmobiliario,Providencia,Metropolitana,950000,27.14,56.7,2023-05-05 00:00:00.000000,2023-05-22 00:00:00.000000,Departamento,arriendo,agency
PI-2023-05-004017,portalinmobiliario,Maipú,Metropolitana,450000,12.86,44.7,2023-05-12 00:00:00.000000,2023-05-29 00:00:00.000000,departamento,ARRIENDO,agency
PI-2023-05-004765,portalinmobiliario,Estación Central,Metropolitana,900000,25.71,107.0,2023-04-20 00:00:00.000000,2023-05-29 00:00:00.000000,Departamento,arriendo,owner_direct
PI-2023-05-003991,portalinmobiliario,Puente Alto,Metropolitana,375000,10.71,33.6,2023-04-06 00:00:00.000000,2023-05-29 00:00:00.000000,departamento,ARRIENDO,agency
PI-2023-05-004508,portalinmobiliario,Ñuñoa,Metropolitana,840000,24.0,67.3,2023-04-14 00:00:00.000000,2023-05-29 00:00:00.000000,departamento,Arriendo,owner_direct
PI-2023-05-002891,portalinmobiliario,Santiago,Metropolitana,505000,14.43,42.5,2023-04-25 00:00:00.000000,2023-05-22 00:00:00.000000,DEPARTAMENTO,ARRIENDO,agency
PI-2023-05-002141,portalinmobiliario,Ñuñoa,Metropolitana,730000,20.86,59.4,2023-05-06 00:00:00.000000,2023-05-15 00:00:00.000000,Departamento,ARRIENDO,agency
PI-2023-05-004677,portalinmobiliario,La Florida,Metropolitana,610000,17.43,54.4,2023-05-18 00:00:00.000000,2023-05-29 00:00:00.000000,departamento,ARRIENDO,agency
PI-2023-05-002788,portalinmobiliario,San Miguel,Metropolitana,450000,12.86,42.6,2023-04-22 00:00:00.000000,2023-05-22 00:00:00.000000,departamento,Arriendo,owner_direct
PI-2023-05-000830,portalinmobiliario,Quilicura,Metropolitana,565000,16.14,65.0,2023-03-26 00:00:00.000000,2023-05-08 00:00:00.000000,Departamento,arriendo,agency
PI-2023-05-004648,portalinmobiliario,La Cisterna,Metropolitana,460000,13.14,42.2,2023-05-03 00:00:00.000000,2023-05-29 00:00:00.000000,Departamento,arriendo,agency
PI-2023-05-003949,portalinmobiliario,Quilicura,Metropolitana,575000,16.43,82.4,2023-04-16 00:00:00.000000,2023-05-29 00:00:00.000000,Departamento,Arriendo,agency
PI-2023-05-002283,portalinmobiliario,Peñalolén,Metropolitana,500000,14.29,39.6,2023-03-24 00:00:00.000000,2023-05-15 00:00:00.000000,departamento,arriendo,agency
PI-2023-05-004404,portalinmobiliario,Peñalolén,Metropolitana,490000,14.0,37.2,2022-11-08 00:00:00.000000,2023-05-29 00:00:00.000000,DEPARTAMENTO,Arriendo,agency
PI-2023-05-004156,portalinmobiliario,Peñalolén,Metropolitana,315000,9.0,25.1,2023-05-01 00:00:00.000000,2023-05-29 00:00:00.000000,Departamento,Arriendo,owner_direct
PI-2023-05-002586,portalinmobiliario,Macul,Metropolitana,1135000,32.43,134.6,2023-04-20 00:00:00.000000,2023-05-15 00:00:00.000000,DEPARTAMENTO,ARRIENDO,agency
PI-2023-05-003354,portalinmobiliario,Santiago,Metropolitana,390000,11.14,32.3,2023-05-19 00:00:00.000000,2023-05-22 00:00:00.000000,DEPARTAMENTO,arriendo,agency
PI-2023-05-004628,portalinmobiliario,La Cisterna,Metropolitana,575000,16.43,63.1,2023-05-01 00:00:00.000000,2023-05-29 00:00:00.000000,DEPARTAMENTO,Arriendo,agency
PI-2023-05-001510,portalinmobiliario,Peñalolén,Metropolitana,570000,16.29,55.0,2023-04-08 00:00:00.000000,2023-05-08 00:00:00.000000,Departamento,arriendo,owner_direct
PI-2023-05-001763,portalinmobiliario,La Reina,Metropolitana,875000,25.0,49.0,2023-05-01 00:00:00.000000,2023-05-08 00:00:00.000000,Departamento,ARRIENDO,agency
PI-2023-05-004154,portalinmobiliario,La Florida,Metropolitana,640000,18.29,56.1,2023-04-25 00:00:00.000000,2023-05-29 00:00:00.000000,departamento,arriendo,agency
PI-2023-05-002856,portalinmobiliario,Recoleta,Metropolitana,660000,18.86,61.7,2022-11-14 00:00:00.000000,2023-05-22 00:00:00.000000,DEPARTAMENTO,arriendo,owner_direct
PI-2023-05-002655,portalinmobiliario,Macul,Metropolitana,815000,23.29,59.4,2023-04-22 00:00:00.000000,2023-05-15 00:00:00.000000,Departamento,ARRIENDO,agency
PI-2023-05-004347,portalinmobiliario,Puente Alto,Metropolitana,470000,13.43,53.1,2023-05-20 00:00:00.000000,2023-05-29 00:00:00.000000,DEPARTAMENTO,ARRIENDO,agency
PI-2023-05-000334,portalinmobiliario,Macul,Metropolitana,710000,,55.1,2022-11-19 00:00:00.000000,2023-05-01 00:00:00.000000,Departamento,arriendo,agency
PI-2023-05-003793,portalinmobiliario,Pudahuel ,Metropolitana,440000,12.57,29.2,2022-12-27 00:00:00.000000,2023-05-29 00:00:00.000000,Departamento,ARRIENDO,agency
PI-2023-05-001519,portalinmobiliario,Macul,Metropolitana,460000,13.14,40.6,2023-04-21 00:00:00.000000,2023-05-08 00:00:00.000000,DEPARTAMENTO,arriendo,agency
PI-2023-05-001833,portalinmobiliario,Providencia,Metropolitana,885000,25.29,59.4,2023-03-10 00:00:00.000000,2023-05-15 00:00:00.000000,departamento,ARRIENDO,owner_direct
PI-2023-05-004554,portalinmobiliario,Recoleta,Metropolitana,500000,14.29,60.7,2023-05-22 00:00:00.000000,2023-05-29 00:00:00.000000,departamento,ARRIENDO,owner_direct
PI-2023-05-001186,portalinmobiliario,Maipú,Metropolitana,480000,13.71,61.8,2023-04-15 00:00:00.000000,2023-05-08 00:00:00.000000,Departamento,ARRIENDO,agency
PI-2023-05-004021,portalinmobiliario,Ñuñoa,Metropolitana,690000,19.71,52.3,2023-04-30 00:00:00.000000,2023-05-29 00:00:00.000000,departamento,Arriendo,owner_direct
PI-2023-05-001327,portalinmobiliario,Independencia,Metropolitana,520000,14.86,50.6,2023-05-01 00:00:00.000000,2023-05-08 00:00:00.000000,Departamento,Arriendo,owner_direct
PI-2023-05-003838,portalinmobiliario,La Cisterna,Metropolitana,395000,11.29,28.1,2023-01-19 00:00:00.000000,2023-05-29 00:00:00.000000,DEPARTAMENTO,ARRIENDO,agency
PI-2023-05-001570,portalinmobiliario,Las Condes,Metropolitana,920000,26.29,34.0,2023-04-17 00:00:00.000000,2023-05-08 00:00:00.000000,DEPARTAMENTO,Arriendo,agency
PI-2023-05-000001,portalinmobiliario,La Cisterna,Metropolitana,395000,11.29,32.9,2023-04-14 00:00:00.000000,2023-05-01 00:00:00.000000,DEPARTAMENTO,arriendo,owner_direct
PI-2023-05-003170,portalinmobiliario,Macul,Metropolitana,8135000,232.43,999.0,2023-05-08 00:00:00.000000,2023-05-22 00:00:00.000000,departamento,Arriendo,agency
PI-2023-05-001872,portalinmobiliario,Independencia,Metropolitana,385000,11.0,28.8,2023-05-05 00:00:00.000000,2023-05-15 00:00:00.000000,DEPARTAMENTO,Arriendo,agency
PI-2023-05-004258,portalinmobiliario,Independencia,Metropolitana,465000,13.29,40.9,2023-05-06 00:00:00.000000,2023-05-29 00:00:00.000000,Departamento,Arriendo,agency
PI-2023-05-001953,portalinmobiliario,Recoleta,Metropolitana,350000,10.0,26.9,2023-04-22 00:00:00.000000,2023-05-15 00:00:00.000000,DEPARTAMENTO,Arriendo,owner_direct
PI-2023-05-000644,portalinmobiliario,Estación Central,Metropolitana,310000,8.86,2.0,2023-04-18 00:00:00.000000,2023-05-01 00:00:00.000000,Departamento,ARRIENDO,agency
PI-2023-05-003830,portalinmobiliario,Independencia,Metropolitana,470000,13.43,45.0,2023-05-24 00:00:00.000000,2023-05-29 00:00:00.000000,departamento,Arriendo,agency
PI-2023-05-002958,portalinmobiliario,Ñuñoa,Metropolitana,710000,20.29,51.0,2023-04-18 00:00:00.000000,2023-05-22 00:00:00.000000,departamento,Arriendo,owner_direct
PI-2023-05-003353,portalinmobiliario,Maipú,Metropolitana,520000,14.86,47.4,2023-03-19 00:00:00.000000,2023-05-22 00:00:00.000000,Departamento,ARRIENDO,owner_direct
PI-2023-05-003463,portalinmobiliario,Renca,Metropolitana,400000,11.43,37.3,2023-05-17 00:00:00.000000,2023-05-22 00:00:00.000000,departamento,ARRIENDO,agency
PI-2023-05-002808,portalinmobiliario,La Reina,Metropolitana,850000,24.29,53.3,2023-03-05 00:00:00.000000,2023-05-22 00:00:00.000000,departamento,arriendo,agency
PI-2023-05-001738,portalinmobiliario,Santiago,Metropolitana,570000,16.29,49.3,2023-04-07 00:00:00.000000,2023-05-08 00:00:00.000000,departamento,Arriendo,owner_direct
PI-2023-05-003827,portalinmobiliario,Santiago,Metropolitana,490000,14.0,41.1,2023-05-19 00:00:00.000000,2023-05-29 00:00:00.000000,Departamento,Arriendo,agency
PI-2023-05-003357,portalinmobiliario,Las Condes,Metropolitana,1195000,34.14,67.1,2023-04-19 00:00:00.000000,2023-05-22 00:00:00.000000,DEPARTAMENTO,ARRIENDO,agency
PI-2023-05-003016,portalinmobiliario,Ñuñoa,Metropolitana,1750000,50.0,141.3,2023-01-05 00:00:00.000000,2023-05-22 00:00:00.000000,Departamento,Arriendo,agency
PI-2023-05-001262,portalinmobiliario,Ñuñoa,Metropolitana,675000,19.29,48.3,2023-04-19 00:00:00.000000,2023-05-08 00:00:00.000000,DEPARTAMENTO,arriendo,agency
PI-2023-05-000060,portalinmobiliario,Conchalí,Metropolitana,320000,9.14,32.5,2023-01-04 00:00:00.000000,2023-05-01 00:00:00.000000,Departamento,ARRIENDO,agency
PI-2023-05-000765,portalinmobiliario,Santiago,Metropolitana,675000,19.29,67.3,2023-04-17 00:00:00.000000,2023-05-01 00:00:00.000000,Departamento,Arriendo,agency
PI-2023-05-004447,portalinmobiliario,Ñuñoa,Metropolitana,540000,15.43,31.8,2023-01-19 00:00:00.000000,2023-05-29 00:00:00.000000,DEPARTAMENTO,arriendo,agency
PI-2023-05-004108,portalinmobiliario,Quinta Normal,Metropolitana,550000,15.71,55.4,2023-05-14 00:00:00.000000,2023-05-29 00:00:00.000000,departamento,Arriendo,agency
PI-2023-05-001282,portalinmobiliario,San Miguel,Metropolitana,560000,16.0,38.7,2023-05-02 00:00:00.000000,2023-05-08 00:00:00.000000,Departamento,Arriendo,agency
PI-2023-05-004741,portalinmobiliario,Quilicura,Metropolitana,1060000,30.29,141.0,2023-05-18 00:00:00.000000,2023-05-29 00:00:00.000000,departamento,Arriendo,agency
PI-2023-05-003913,portalinmobiliario,Ñuñoa,Metropolitana,5665000,161.86,40.5,2023-05-18 00:00:00.000000,2023-05-29 00:00:00.000000,Departamento,arriendo,owner_direct
PI-2023-05-004372,portalinmobiliario,Quilicura,Metropolitana,440000,12.57,46.9,2023-05-11 00:00:00.000000,2023-05-29 00:00:00.000000,departamento,ARRIENDO,owner_direct
PI-2023-05-000960,portalinmobiliario,Puente Alto,Metropolitana,490000,14.0,58.1,2023-05-05 00:00:00.000000,2023-05-08 00:00:00.000000,Departamento,Arriendo,agency
PI-2023-05-000368,portalinmobiliario,Ñuñoa,Metropolitana,1030000,29.43,92.8,2023-04-08 00:00:00.000000,2023-05-01 00:00:00.000000,DEPARTAMENTO,arriendo,agency
PI-2023-05-000572,portalinmobiliario,Quilicura,Metropolitana,470000,13.43,54.5,2023-03-30 00:00:00.000000,2023-05-01 00:00:00.000000,departamento,Arriendo,owner_direct
PI-2023-05-003400,portalinmobiliario,Santiago,Metropolitana,460000,13.14,41.2,2023-04-30 00:00:00.000000,2023-05-22 00:00:00.000000,DEPARTAMENTO,ARRIENDO,agency
PI-2023-05-002508,portalinmobiliario,Peñalolén,Metropolitana,515000,14.71,47.0,2023-05-04 00:00:00.000000,2023-05-15 00:00:00.000000,DEPARTAMENTO,Arriendo,agency
PI-2023-05-000618,portalinmobiliario,Puente Alto,Metropolitana,380000,10.86,25.0,2023-04-08 00:00:00.000000,2023-05-01 00:00:00.000000,Departamento,arriendo,owner_direct
PI-2023-05-001840,portalinmobiliario,La Florida,Metropolitana,525000,15.0,51.9,2023-03-24 00:00:00.000000,2023-05-15 00:00:00.000000,Departamento,ARRIENDO,owner_direct
PI-2023-05-001559,portalinmobiliario,Santiago,Metropolitana,925000,26.43,83.6,2023-04-01 00:00:00.000000,2023-05-08 00:00:00.000000,Departamento,arriendo,agency
PI-2023-05-000364,portalinmobiliario,Huechuraba,Metropolitana,1200000,34.29,105.7,2022-09-25 00:00:00.000000,2023-05-01 00:00:00.000000,Departamento,arriendo,agency
PI-2023-05-000868,portalinmobiliario,Las Condes,Metropolitana,1130000,32.29,65.9,2023-04-04 00:00:00.000000,2023-05-08 00:00:00.000000,Departamento,arriendo,agency
PI-2023-05-004425,portalinmobiliario,Santiago,Metropolitana,600000,17.14,47.2,2023-04-17 00:00:00.000000,2023-05-29 00:00:00.000000,departamento,Arriendo,agency
PI-2023-05-001049,portalinmobiliario,La Cisterna,Metropolitana,455000,13.0,37.7,2023-04-29 00:00:00.000000,2023-05-08 00:00:00.000000,departamento,Arriendo,owner_direct
PI-2023-05-003392,portalinmobiliario,San Joaquín,Metropolitana,410000,11.71,31.5,2023-04-30 00:00:00.000000,2023-05-22 00:00:00.000000,Departamento,ARRIENDO,owner_direct
PI-2023-05-001280,portalinmobiliario,San Joaquín,Metropolitana,645000,18.43,74.5,2023-04-18 00:00:00.000000,2023-05-08 00:00:00.000000,DEPARTAMENTO,ARRIENDO,agency
PI-2023-05-001385,portalinmobiliario,Santiago,Metropolitana,555000,15.86,37.9,2023-05-02 00:00:00.000000,2023-05-08 00:00:00.000000,DEPARTAMENTO,Arriendo,owner_direct
PI-2023-05-002092,portalinmobiliario,Peñalolén,Metropolitana,525000,15.0,34.8,2023-04-17 00:00:00.000000,2023-05-15 00:00:00.000000,Departamento,ARRIENDO,owner_direct
PI-2023-05-002072,portalinmobiliario,Las Condes,Metropolitana,1205000,34.43,76.6,2023-03-17 00:00:00.000000,2023-05-15 00:00:00.000000,Departamento,ARRIENDO,agency
PI-2023-05-002784,portalinmobiliario,Maipú,Metropolitana,405000,11.57,32.2,2023-05-09 00:00:00.000000,2023-05-22 00:00:00.000000,Departamento,Arriendo,agency
PI-2023-05-004555,portalinmobiliario,Estación Central,Metropolitana,440000,12.57,46.1,2023-05-09 00:00:00.000000,2023-05-29 00:00:00.000000,Departamento,ARRIENDO,owner_direct
PI-2023-05-002730,portalinmobiliario,Ñuñoa,Metropolitana,585000,16.71,29.4,2023-04-19 00:00:00.000000,2023-05-15 00:00:00.000000,departamento,ARRIENDO,owner_direct
PI-2023-05-002061,portalinmobiliario,La Florida,Metropolitana,440000,12.57,51.6,2023-04-04 00:00:00.000000,2023-05-15 00:00:00.000000,DEPARTAMENTO,ARRIENDO,owner_direct
PI-2023-05-004264,portalinmobiliario,Providencia,Metropolitana,985000,28.14,50.9,2023-05-08 00:00:00.000000,2023-05-29 00:00:00.000000,Departamento,arriendo,owner_direct
PI-2023-05-000203,portalinmobiliario,La Florida,Metropolitana,485000,13.86,48.5,2023-04-14 00:00:00.000000,2023-05-01 00:00:00.000000,departamento,arriendo,owner_direct
PI-2023-05-003356,portalinmobiliario, Cerrillos,Metropolitana,655000,18.71,69.2,2023-05-12 00:00:00.000000,2023-05-22 00:00:00.000000,departamento,arriendo,agency
PI-2023-05-000779,portalinmobiliario,Ñuñoa,Metropolitana,855000,24.43,52.4,2023-04-02 00:00:00.000000,2023-05-01 00:00:00.000000,Departamento,ARRIENDO,owner_direct
PI-2023-05-003204,portalinmobiliario,Peñalolén,Metropolitana,655000,18.71,55.3,2023-03-30 00:00:00.000000,2023-05-22 00:00:00.000000,departamento,Arriendo,agency
PI-2023-05-000905,portalinmobiliario,Maipú,Metropolitana,560000,16.0,57.1,2023-01-14 00:00:00.000000,2023-05-08 00:00:00.000000,DEPARTAMENTO,ARRIENDO,agency
PI-2023-05-003945,portalinmobiliario,Recoleta,Metropolitana,540000,15.43,60.2,2023-05-03 00:00:00.000000,2023-05-29 00:00:00.000000,Departamento,arriendo,owner_direct
PI-2023-05-002377,portalinmobiliario,Estación Central,Metropolitana,450000,12.86,42.3,2023-04-22 00:00:00.000000,2023-05-15 00:00:00.000000,DEPARTAMENTO,ARRIENDO,owner_direct
PI-2023-05-000367,portalinmobiliario,Ñuñoa,Metropolitana,935000,26.71,68.1,2023-04-12 00:00:00.000000,2023-05-01 00:00:00.000000,departamento,arriendo,agency
PI-2023-05-003545,portalinmobiliario,Independencia,Metropolitana,650000,18.57,61.7,2023-05-05 00:00:00.000000,2023-05-22 00:00:00.000000,departamento,Arriendo,agency
PI-2023-05-000010,portalinmobiliario,Macul ,Metropolitana,780000,22.29,72.9,2023-04-21 00:00:00.000000,2023-05-01 00:00:00.000000,DEPARTAMENTO,Arriendo,owner_direct
PI-2023-05-001025,portalinmobiliario,Maipú,Metropolitana,415000,11.86,36.4,2023-03-21 00:00:00.000000,2023-05-08 00:00:00.000000,Departamento,ARRIENDO,agency
PI-2023-05-004676,portalinmobiliario,Independencia,Metropolitana,580000,16.57,49.8,2023-04-30 00:00:00.000000,2023-05-29 00:00:00.000000,Departamento,ARRIENDO,owner_direct
PI-2023-05-001598,portalinmobiliario,San Miguel,Metropolitana,500000,14.29,46.8,2023-04-30 00:00:00.000000,2023-05-08 00:00:00.000000,Departamento,Arriendo,owner_direct
PI-2023-05-002490,portalinmobiliario,La Reina,Metropolitana,860000,24.57,57.1,2023-04-21 00:00:00.000000,2023-05-15 00:00:00.000000,Departamento,arriendo,owner_direct
PI-2023-05-003728,portalinmobiliario,Quilicura,Metropolitana,365000,10.43,30.4,2023-05-13 00:00:00.000000,2023-05-22 00:00:00.000000,departamento,arriendo,agency
PI-2023-05-001279,portalinmobiliario,Puente Alto,Metropolitana,505000,14.43,51.9,2022-10-14 00:00:00.000000,2023-05-08 00:00:00.000000,Departamento,Arriendo,agency
PI-2023-05-003250,portalinmobiliario,La Florida,Metropolitana,505000,14.43,35.2,2023-05-14 00:00:00.000000,2023-05-22 00:00:00.000000,departamento,Arriendo,agency
PI-2023-05-004322,portalinmobiliario,La Reina,Metropolitana,730000,20.86,39.4,2023-05-19 00:00:00.000000,2023-05-29 00:00:00.000000,Departamento,arriendo,agency
PI-2023-05-000249,portalinmobiliario,San Miguel,Metropolitana,565000,16.14,45.6,2023-03-04 00:00:00.000000,2023-05-01 00:00:00.000000,Departamento,arriendo,agency
PI-2023-05-002417,portalinmobiliario,Recoleta,Metropolitana,555000,15.86,62.2,2023-04-22 00:00:00.000000,2023-05-15 00:00:00.000000,DEPARTAMENTO,arriendo,owner_direct
PI-2023-05-002241,portalinmobiliario,Independencia,Metropolitana,445000,12.71,50.3,2023-04-06 00:00:00.000000,2023-05-15 00:00:00.000000,departamento,arriendo,agency
PI-2023-05-003934,portalinmobiliario,Pudahuel,Metropolitana,445000,12.71,52.1,2023-04-01 00:00:00.000000,2023-05-29 00:00:00.000000,Departamento,arriendo,owner_direct
PI-2023-05-001271,portalinmobiliario,Providencia,Metropolitana,765000,21.86,34.1,2023-02-25 00:00:00.000000,2023-05-08 00:00:00.000000,departamento,Arriendo,agency
PI-2023-05-001508,portalinmobiliario,Maipú,Metropolitana,970000,27.71,100.5,2023-04-08 00:00:00.000000,2023-05-08 00:00:00.000000,Departamento,arriendo,agency
PI-2023-05-003441,portalinmobiliario,Quinta Normal,Metropolitana,415000,11.86,40.7,2023-04-26 00:00:00.000000,2023-05-22 00:00:00.000000,departamento,ARRIENDO,agency
PI-2023-05-000158,portalinmobiliario,Puente Alto,Metropolitana,475000,13.57,52.0,2023-04-11 00:00:00.000000,2023-05-01 00:00:00.000000,departamento,ARRIENDO,agency
PI-2023-05-001880,portalinmobiliario,Providencia,Metropolitana,835000,23.86,32.3,2023-04-25 00:00:00.000000,2023-05-15 00:00:00.000000,departamento,Arriendo,agency
PI-2023-05-000314,portalinmobiliario,Ñuñoa,Metropolitana,725000,20.71,43.0,2023-04-13 00:00:00.000000,2023-05-01 00:00:00.000000,Departamento,Arriendo,agency
PI-2023-05-004311,portalinmobiliario,Las Condes,Metropolitana,1810000,51.71,113.1,2023-04-14 00:00:00.000000,2023-05-29 00:00:00.000000,departamento,ARRIENDO,agency
PI-2023-05-000870,portalinmobiliario,Puente Alto,Metropolitana,490000,14.0,88.4,2023-04-10 00:00:00.000000,2023-05-08 00:00:00.000000,departamento,ARRIENDO,owner_direct
PI-2023-05-003698,portalinmobiliario, Estación Central,Metropolitana,755000,21.57,89.2,2023-05-07 00:00:00.000000,2023-05-22 00:00:00.000000,Departamento,ARRIENDO,agency
PI-2023-05-002519,portalinmobiliario,Maipú,Metropolitana,615000,17.57,62.2,2023-04-29 00:00:00.000000,2023-05-15 00:00:00.000000,departamento,arriendo,agency
PI-2023-05-001975,portalinmobiliario,Providencia,Metropolitana,910000,26.0,52.6,2023-04-30 00:00:00.000000,2023-05-15 00:00:00.000000,Departamento,Arriendo,agency
PI-2023-05-002573,portalinmobiliario,Las Condes ,Metropolitana,1125000,32.14,50.3,2023-05-02 00:00:00.000000,2023-05-15 00:00:00.000000,departamento,Arriendo,owner_direct
PI-2023-05-002672,portalinmobiliario,La Reina,Metropolitana,760000,21.71,45.3,2023-03-01 00:00:00.000000,2023-05-15 00:00:00.000000,departamento,ARRIENDO,agency
PI-2023-05-001267,portalinmobiliario,Macul,Metropolitana,530000,15.14,51.2,2023-03-31 00:00:00.000000,2023-05-08 00:00:00.000000,DEPARTAMENTO,arriendo,agency
PI-2023-05-002692,portalinmobiliario,Las Condes,Metropolitana,865000,24.71,36.0,2023-04-03 00:00:00.000000,2023-05-15 00:00:00.000000,departamento,ARRIENDO,owner_direct
PI-2023-05-004179,portalinmobiliario,San Joaquín,Metropolitana,415000,11.86,26.1,2023-05-17 00:00:00.000000,2023-05-29 00:00:00.000000,Departamento,ARRIENDO,owner_direct
PI-2023-05-004042,portalinmobiliario,Las Condes,Metropolitana,1155000,33.0,59.5,2023-05-24 00:00:00.000000,2023-05-29 00:00:00.000000,Departamento,arriendo,owner_direct
PI-2023-05-002715,portalinmobiliario,Las Condes,Metropolitana,735000,21.0,31.6,2023-04-25 00:00:00.000000,2023-05-15 00:00:00.000000,departamento,ARRIENDO,agency
PI-2023-05-004060,portalinmobiliario,Macul,Metropolitana,670000,19.14,58.3,2023-05-15 00:00:00.000000,2023-05-29 00:00:00.000000,Departamento,arriendo,agency
PI-2023-05-000581,portalinmobiliario,Providencia,Metropolitana,1340000,38.29,74.4,2023-04-16 00:00:00.000000,2023-05-01 00:00:00.000000,departamento,Arriendo,agency
PI-2023-05-001729,portalinmobiliario,Santiago,Metropolitana,1040000,29.71,95.8,2023-03-31 00:00:00.000000,2023-05-08 00:00:00.000000,departamento,ARRIENDO,agency
PI-2023-05-002389,portalinmobiliario,PROVIDENCIA,Metropolitana,985000,28.14,53.0,2023-05-11 00:00:00.000000,2023-05-15 00:00:00.000000,departamento,ARRIENDO,agency
PI-2023-05-004402,portalinmobiliario,Peñalolén,Metropolitana,570000,16.29,65.8,2023-04-19 00:00:00.000000,2023-05-29 00:00:00.000000,DEPARTAMENTO,arriendo,agency
PI-2023-05-004325,portalinmobiliario,San Miguel,Metropolitana,835000,23.86,95.2,2023-05-06 00:00:00.000000,2023-05-29 00:00:00.000000,Departamento,ARRIENDO,owner_direct
PI-2023-05-003290,portalinmobiliario,La Florida,Metropolitana,510000,14.57,37.5,2023-04-29 00:00:00.000000,2023-05-22 00:00:00.000000,DEPARTAMENTO,Arriendo,agency
PI-2023-05-000492,portalinmobiliario,La Cisterna,Metropolitana,470000,13.43,39.7,2023-03-20 00:00:00.000000,2023-05-01 00:00:00.000000,departamento,Arriendo,owner_direct
PI-2023-05-000674,portalinmobiliario,Independencia,Metropolitana,605000,17.29,80.5,2023-04-20 00:00:00.000000,2023-05-01 00:00:00.000000,Departamento,arriendo,agency
PI-2023-05-000615,portalinmobiliario,La Reina,Metropolitana,1320000,37.71,98.7,2023-03-20 00:00:00.000000,2023-05-01 00:00:00.000000,departamento,Arriendo,owner_direct
PI-2023-05-001362,portalinmobiliario,San Miguel,Metropolitana,430000,12.29,29.5,2023-04-27 00:00:00.000000,2023-05-08 00:00:00.000000,departamento,Arriendo,agency
PI-2023-05-004826,portalinmobiliario,La Florida,Metropolitana,455000,13.0,44.4,2023-01-21 00:00:00.000000,2023-05-29 00:00:00.000000,Departamento,ARRIENDO,owner_direct
PI-2023-05-000888,portalinmobiliario,Santiago,Metropolitana,700000,20.0,67.8,2023-04-28 00:00:00.000000,2023-05-08 00:00:00.000000,DEPARTAMENTO,arriendo,agency
PI-2023-05-003506,portalinmobiliario,Estación Central,Metropolitana,675000,19.29,73.3,2023-05-07 00:00:00.000000,2023-05-22 00:00:00.000000,Departamento,arriendo,owner_direct
PI-2023-05-002332,portalinmobiliario,Lo Barnechea,Metropolitana,705000,20.14,30.1,2023-04-24 00:00:00.000000,2023-05-15 00:00:00.000000,Departamento,arriendo,agency
PI-2023-05-000331,portalinmobiliario,Providencia,Metropolitana,1160000,33.14,61.2,2023-04-24 00:00:00.000000,2023-05-01 00:00:00.000000,Departamento,ARRIENDO,agency
PI-2023-05-003552,portalinmobiliario,La Florida,Metropolitana,675000,19.29,57.9,2023-04-11 00:00:00.000000,2023-05-22 00:00:00.000000,DEPARTAMENTO,arriendo,agency
PI-2023-05-000400,portalinmobiliario,Peñalolén,Metropolitana,480000,13.71,30.9,2023-04-17 00:00:00.000000,2023-05-01 00:00:00.000000,departamento,ARRIENDO,owner_direct
PI-2023-05-001162,portalinmobiliario,Providencia,Metropolitana,670000,19.14,28.3,2023-04-14 00:00:00.000000,2023-05-08 00:00:00.000000,DEPARTAMENTO,ARRIENDO,owner_direct
PI-2023-05-001734,portalinmobiliario,Santiago,Metropolitana,565000,16.14,50.8,2023-05-02 00:00:00.000000,2023-05-08 00:00:00.000000,Departamento,Arriendo,agency
PI-2023-05-003409,portalinmobiliario,La Reina,Metropolitana,935000,26.71,68.9,2023-05-03 00:00:00.000000,2023-05-22 00:00:00.000000,Departamento,Arriendo,owner_direct
PI-2023-05-002895,portalinmobiliario,Ñuñoa,Metropolitana,765000,21.86,39.6,2023-05-17 00:00:00.000000,2023-05-22 00:00:00.000000,DEPARTAMENTO,Arriendo,agency
PI-2023-05-001301,portalinmobiliario,La Florida,Metropolitana,600000,17.14,63.3,2023-04-22 00:00:00.000000,2023-05-08 00:00:00.000000,departamento,arriendo,agency
PI-2023-05-000950,portalinmobiliario,Ñuñoa,Metropolitana,910000,26.0,54.7,2023-04-02 00:00:00.000000,2023-05-08 00:00:00.000000,Departamento,Arriendo,agency
PI-2023-05-003969,portalinmobiliario,Peñalolén,Metropolitana,500000,14.29,36.3,2023-05-24 00:00:00.000000,2023-05-29 00:00:00.000000,Departamento,ARRIENDO,agency
PI-2023-05-000496,portalinmobiliario,Santiago,Metropolitana,510000,14.57,22.0,2023-01-30 00:00:00.000000,2023-05-01 00:00:00.000000,departamento,Arriendo,agency
PI-2023-05-004469,portalinmobiliario,Independencia,Metropolitana,740000,21.14,93.5,2023-04-03 00:00:00.000000,2023-05-29 00:00:00.000000,Departamento,ARRIENDO,agency
PI-2023-05-003440,portalinmobiliario,Lo Barnechea,Metropolitana,1405000,40.14,114.1,2023-04-24 00:00:00.000000,2023-05-22 00:00:00.000000,departamento,arriendo,agency
PI-2023-05-002777,portalinmobiliario,Santiago,Metropolitana,740000,21.14,71.7,2023-04-09 00:00:00.000000,2023-05-22 00:00:00.000000,Departamento,ARRIENDO,owner_direct
PI-2023-05-004240,portalinmobiliario,Estación Central,Metropolitana,665000,19.0,86.0,2023-03-14 00:00:00.000000,2023-05-29 00:00:00.000000,departamento,arriendo,owner_direct
PI-2023-05-004574,portalinmobiliario,Estación Central,Metropolitana,655000,18.71,65.6,2023-03-22 00:00:00.000000,2023-05-29 00:00:00.000000,DEPARTAMENTO,arriendo,owner_direct
PI-2023-05-003538,portalinmobiliario,Pudahuel,Metropolitana,475000,13.57,58.8,2023-04-26 00:00:00.000000,2023-05-22 00:00:00.000000,DEPARTAMENTO,arriendo,owner_direct
PI-2023-05-002114,portalinmobiliario,Vitacura,Metropolitana,1360000,38.86,57.8,2023-05-02 00:00:00.000000,2023-05-15 00:00:00.000000,departamento,Arriendo,owner_direct
PI-2023-05-004473,portalinmobiliario,MAIPÚ,Metropolitana,550000,15.71,56.5,2023-05-13 00:00:00.000000,2023-05-29 00:00:00.000000,departamento,arriendo,agency
PI-2023-05-002473,portalinmobiliario,Santiago,Metropolitana,575000,16.43,45.6,2023-05-05 00:00:00.000000,2023-05-15 00:00:00.000000,departamento,Arriendo,owner_direct
PI-2023-05-004646,portalinmobiliario,Santiago,Metropolitana,490000,14.0,24.8,2023-04-11 00:00:00.000000,2023-05-29 00:00:00.000000,departamento,Arriendo,agency
PI-2023-05-000053,portalinmobiliario,Providencia,Metropolitana,890000,25.43,38.9,2023-03-31 00:00:00.000000,2023-05-01 00:00:00.000000,DEPARTAMENTO,Arriendo,agency
PI-2023-05-004645,portalinmobiliario,Estación Central,Metropolitana,475000,13.57,44.1,2023-05-06 00:00:00.000000,2023-05-29 00:00:00.000000,Departamento,arriendo,agency
PI-2023-05-000198,portalinmobiliario,Ñuñoa,Metropolitana,595000,17.0,37.4,2023-04-14 00:00:00.000000,2023-05-01 00:00:00.000000,departamento,Arriendo,owner_direct
PI-2023-05-003245,portalinmobiliario,La Florida,Metropolitana,360000,10.29,25.0,2023-05-02 00:00:00.000000,2023-05-22 00:00:00.000000,departamento,arriendo,agency
PI-2023-05-000167,portalinmobiliario,Estación Central,Metropolitana,565000,16.14,51.6,2023-02-24 00:00:00.000000,2023-05-01 00:00:00.000000,departamento,arriendo,owner_direct
PI-2023-05-001973,portalinmobiliario,Independencia,Metropolitana,375000,10.71,34.9,2023-05-04 00:00:00.000000,2023-05-15 00:00:00.000000,departamento,arriendo,agency
PI-2023-05-000272,portalinmobiliario,La Reina,Metropolitana,655000,18.71,39.8,2023-04-12 00:00:00.000000,2023-05-01 00:00:00.000000,DEPARTAMENTO,ARRIENDO,agency
PI-2023-05-002222,portalinmobiliario,La Cisterna,Metropolitana,555000,15.86,77.4,2023-02-23 00:00:00.000000,2023-05-15 00:00:00.000000,departamento,Arriendo,owner_direct
PI-2023-05-001895,portalinmobiliario,Independencia,Metropolitana,425000,12.14,30.5,2023-05-01 00:00:00.000000,2023-05-15 00:00:00.000000,departamento,Arriendo,agency
PI-2023-05-004496,portalinmobiliario,Macul,Metropolitana,650000,18.57,48.2,2023-05-21 00:00:00.000000,2023-05-29 00:00:00.000000,DEPARTAMENTO,arriendo,agency
PI-2023-05-003292,portalinmobiliario,San Miguel,Metropolitana,520000,14.86,45.9,2023-05-14 00:00:00.000000,2023-05-22 00:00:00.000000,departamento,Arriendo,owner_direct
PI-2023-05-004055,portalinmobiliario,La Florida,Metropolitana,425000,12.14,27.6,2023-03-21 00:00:00.000000,2023-05-29 00:00:00.000000,Departamento,Arriendo,agency
PI-2023-05-001646,portalinmobiliario,Santiago,Metropolitana,815000,23.29,57.6,2023-03-31 00:00:00.000000,2023-05-08 00:00:00.000000,Departamento,arriendo,owner_direct
PI-2023-05-000609,portalinmobiliario,La Florida,Metropolitana,765000,21.86,67.8,2023-04-25 00:00:00.000000,2023-05-01 00:00:00.000000,DEPARTAMENTO,Arriendo,agency
PI-2023-05-002413,portalinmobiliario,Macul,Metropolitana,750000,21.43,73.0,2023-05-02 00:00:00.000000,2023-05-15 00:00:00.000000,DEPARTAMENTO,arriendo,owner_direct
PI-2023-05-002381,portalinmobiliario,La Florida,Metropolitana,395000,11.29,31.3,2023-04-27 00:00:00.000000,2023-05-15 00:00:00.000000,Departamento,arriendo,agency
PI-2023-05-004829,portalinmobiliario,Ñuñoa,Metropolitana,770000,22.0,50.5,2023-04-29 00:00:00.000000,2023-05-29 00:00:00.000000,departamento,arriendo,agency
PI-2023-05-000354,portalinmobiliario,Las Condes,Metropolitana,800000,22.86,41.0,2023-04-03 00:00:00.000000,2023-05-01 00:00:00.000000,Departamento,arriendo,owner_direct
PI-2023-05-004486,portalinmobiliario,San Joaquín,Metropolitana,510000,14.57,56.5,2023-03-01 00:00:00.000000,2023-05-29 00:00:00.000000,Departamento,Arriendo,owner_direct
PI-2023-05-001495,portalinmobiliario,San Joaquín,Metropolitana,590000,16.86,65.1,2023-04-13 00:00:00.000000,2023-05-08 00:00:00.000000,DEPARTAMENTO,arriendo,agency
PI-2023-05-004498,portalinmobiliario,Maipú,Metropolitana,560000,16.0,57.5,2023-04-28 00:00:00.000000,2023-05-29 00:00:00.000000,departamento,arriendo,agency
PI-2023-05-001744,portalinmobiliario,Recoleta,Metropolitana,440000,12.57,40.5,2023-03-26 00:00:00.000000,2023-05-08 00:00:00.000000,departamento,arriendo,agency
PI-2023-05-004834,portalinmobiliario,Las Condes,Metropolitana,840000,24.0,26.3,2023-04-15 00:00:00.000000,2023-05-29 00:00:00.000000,departamento,ARRIENDO,agency
PI-2023-05-003692,portalinmobiliario,La Reina,Metropolitana,845000,24.14,54.6,2023-05-05 00:00:00.000000,2023-05-22 00:00:00.000000,DEPARTAMENTO,Arriendo,agency
PI-2023-05-003403,portalinmobiliario,Santiago,Metropolitana,840000,24.0,78.9,2023-05-06 00:00:00.000000,2023-05-22 00:00:00.000000,departamento,Arriendo,agency
PI-2023-05-003213,portalinmobiliario,Estación Central,Metropolitana,765000,21.86,90.9,2023-05-12 00:00:00.000000,2023-05-22 00:00:00.000000,Departamento,ARRIENDO,agency
PI-2023-05-003567,portalinmobiliario,Independencia,Metropolitana,515000,14.71,53.0,2023-05-02 00:00:00.000000,2023-05-22 00:00:00.000000,DEPARTAMENTO,Arriendo,agency
PI-2023-05-003852,portalinmobiliario,Recoleta,Metropolitana,385000,11.0,29.8,2023-05-10 00:00:00.000000,2023-05-29 00:00:00.000000,Departamento,Arriendo,owner_direct
PI-2023-05-004419,portalinmobiliario,Maipú,Metropolitana,645000,,74.6,2023-05-13 00:00:00.000000,2023-05-29 00:00:00.000000,departamento,Arriendo,owner_direct
PI-2023-05-002484,portalinmobiliario,Macul,Metropolitana,5405000,154.43,47.9,2023-05-10 00:00:00.000000,2023-05-15 00:00:00.000000,departamento,ARRIENDO,agency
PI-2023-05-002139,portalinmobiliario,Estación Central,Metropolitana,490000,14.0,53.5,2023-04-04 00:00:00.000000,2023-05-15 00:00:00.000000,Departamento,Arriendo,agency
PI-2023-05-002328,portalinmobiliario,Vitacura,Metropolitana,1115000,31.86,45.3,2023-04-23 00:00:00.000000,2023-05-15 00:00:00.000000,Departamento,Arriendo,agency
PI-2023-05-002556,portalinmobiliario,Maipú,Metropolitana,385000,11.0,30.6,2023-04-05 00:00:00.000000,2023-05-15 00:00:00.000000,DEPARTAMENTO,Arriendo,owner_direct
PI-2023-05-001933,portalinmobiliario,Cerrillos,Metropolitana,625000,17.86,61.8,2022-11-05 00:00:00.000000,2023-05-15 00:00:00.000000,departamento,Arriendo,agency
PI-2023-05-004357,portalinmobiliario,San Miguel,Metropolitana,550000,15.71,47.1,2023-04-25 00:00:00.000000,2023-05-29 00:00:00.000000,departamento,ARRIENDO,owner_direct
PI-2023-05-002342,portalinmobiliario,San Miguel,Metropolitana,590000,16.86,55.2,2023-05-11 00:00:00.000000,2023-05-15 00:00:00.000000,departamento,ARRIENDO,owner_direct
PI-2023-05-004117,portalinmobiliario,La Reina,Metropolitana,590000,16.86,31.6,2023-05-26 00:00:00.000000,2023-05-29 00:00:00.000000,DEPARTAMENTO,Arriendo,agency
PI-2023-05-002807,portalinmobiliario,Santiago,Metropolitana,590000,16.86,45.4,2023-04-20 00:00:00.000000,2023-05-22 00:00:00.000000,Departamento,ARRIENDO,agency
PI-2023-05-004841,portalinmobiliario,Ñuñoa,Metropolitana,530000,15.14,35.6,2023-05-20 00:00:00.000000,2023-05-29 00:00:00.000000,DEPARTAMENTO,arriendo,agency
PI-2023-05-003979,portalinmobiliario,Conchalí,Metropolitana,380000,10.86,44.9,2023-03-24 00:00:00.000000,2023-05-29 00:00:00.000000,DEPARTAMENTO,arriendo,owner_direct
PI-2023-05-001447,portalinmobiliario,Santiago,Metropolitana,415000,11.86,30.6,2023-04-26 00:00:00.000000,2023-05-08 00:00:00.000000,departamento,ARRIENDO,agency
PI-2023-05-000723,portalinmobiliario,Independencia,Metropolitana,415000,11.86,45.2,2023-03-29 00:00:00.000000,2023-05-01 00:00:00.000000,departamento,arriendo,owner_direct
PI-2023-05-000438,portalinmobiliario,Pudahuel,Metropolitana,375000,10.71,34.0,2023-04-29 00:00:00.000000,2023-05-01 00:00:00.000000,DEPARTAMENTO,arriendo,owner_direct
PI-2023-05-004080,portalinmobiliario,Pudahuel,Metropolitana,330000,9.43,32.7,2023-05-01 00:00:00.000000,2023-05-29 00:00:00.000000,departamento,ARRIENDO,agency
PI-2023-05-000839,portalinmobiliario,Las Condes,Metropolitana,875000,25.0,33.9,2023-04-27 00:00:00.000000,2023-05-08 00:00:00.000000,departamento,Arriendo,owner_direct
PI-2023-05-001013,portalinmobiliario,Santiago,Metropolitana,655000,18.71,41.8,2023-04-08 00:00:00.000000,2023-05-08 00:00:00.000000,departamento,ARRIENDO,owner_direct
PI-2023-05-002474,portalinmobiliario,Lo Barnechea,Metropolitana,860000,24.57,50.6,2022-10-30 00:00:00.000000,2023-05-15 00:00:00.000000,departamento,ARRIENDO,agency
PI-2023-05-001864,portalinmobiliario,Puente Alto,Metropolitana,620000,17.71,71.7,2023-05-07 00:00:00.000000,2023-05-15 00:00:00.000000,DEPARTAMENTO,arriendo,agency
PI-2023-05-003318,portalinmobiliario,Providencia,Metropolitana,885000,25.29,44.3,2023-04-30 00:00:00.000000,2023-05-22 00:00:00.000000,departamento,arriendo,agency
PI-2023-05-003271,portalinmobiliario,San Joaquín,Metropolitana,340000,9.71,26.6,2023-05-01 00:00:00.000000,2023-05-22 00:00:00.000000,DEPARTAMENTO,ARRIENDO,owner_direct
PI-2023-05-004139,portalinmobiliario,Las Condes,Metropolitana,920000,26.29,36.1,2023-05-11 00:00:00.000000,2023-05-29 00:00:00.000000,DEPARTAMENTO,arriendo,owner_direct
PI-2023-05-001969,portalinmobiliario,Puente Alto,Metropolitana,3735000,106.71,650.0,2023-05-01 00:00:00.000000,2023-05-15 00:00:00.000000,departamento,ARRIENDO,agency
PI-2023-05-004471,portalinmobiliario,Ñuñoa,Metropolitana,695000,19.86,49.6,2023-05-19 00:00:00.000000,2023-05-29 00:00:00.000000,Departamento,Arriendo,owner_direct
PI-2023-05-001187,portalinmobiliario,Santiago,Metropolitana,735000,21.0,59.5,2023-04-19 00:00:00.000000,2023-05-08 00:00:00.000000,DEPARTAMENTO,arriendo,owner_direct
PI-2023-05-000612,portalinmobiliario,Santiago,Metropolitana,440000,12.57,40.0,2023-04-17 00:00:00.000000,2023-05-01 00:00:00.000000,Departamento,ARRIENDO,owner_direct
PI-2023-05-000534,portalinmobiliario,La Reina,Metropolitana,1320000,37.71,116.7,2023-03-11 00:00:00.000000,2023-05-01 00:00:00.000000,departamento,ARRIENDO,owner_direct
PI-2023-05-002714,portalinmobiliario,Santiago,Metropolitana,975000,27.86,98.2,2023-04-28 00:00:00.000000,2023-05-15 00:00:00.000000,departamento,ARRIENDO,agency
PI-2023-05-000181,portalinmobiliario,Huechuraba,Metropolitana,655000,18.71,66.7,2023-04-23 00:00:00.000000,2023-05-01 00:00:00.000000,departamento,Arriendo,agency
PI-2023-05-001867,portalinmobiliario,Lo Barnechea,Metropolitana,855000,24.43,44.3,2023-04-18 00:00:00.000000,2023-05-15 00:00:00.000000,Departamento,arriendo,agency
PI-2023-05-002804,portalinmobiliario,Quinta Normal,Metropolitana,590000,16.86,83.9,2023-03-24 00:00:00.000000,2023-05-22 00:00:00.000000,DEPARTAMENTO,arriendo,agency
PI-2023-05-001787,portalinmobiliario,Renca,Metropolitana,525000,15.0,61.5,2023-04-14 00:00:00.000000,2023-05-15 00:00:00.000000,DEPARTAMENTO,ARRIENDO,agency
PI-2023-05-002690,portalinmobiliario,Huechuraba,Metropolitana,1930000,,250.0,2023-04-15 00:00:00.000000,2023-05-15 00:00:00.000000,departamento,ARRIENDO,owner_direct
PI-2023-05-004050,portalinmobiliario,Providencia,Metropolitana,840000,24.0,40.9,2023-05-20 00:00:00.000000,2023-05-29 00:00:00.000000,DEPARTAMENTO,arriendo,agency
PI-2023-05-004659,portalinmobiliario,Lo Barnechea,Metropolitana,660000,18.86,23.9,2023-05-27 00:00:00.000000,2023-05-29 00:00:00.000000,DEPARTAMENTO,Arriendo,agency
PI-2023-05-001636,portalinmobiliario,San Miguel,Metropolitana,665000,19.0,55.0,2023-03-17 00:00:00.000000,2023-05-08 00:00:00.000000,Departamento,arriendo,agency
PI-2023-05-004451,portalinmobiliario,La Florida,Metropolitana,665000,19.0,63.7,2023-05-19 00:00:00.000000,2023-05-29 00:00:00.000000,departamento,arriendo,agency
PI-2023-05-003320,portalinmobiliario,San Miguel,Metropolitana,525000,,38.9,2023-04-27 00:00:00.000000,2023-05-22 00:00:00.000000,DEPARTAMENTO,Arriendo,agency
PI-2023-05-000327,portalinmobiliario,Recoleta,Metropolitana,730000,20.86,70.6,2023-04-07 00:00:00.000000,2023-05-01 00:00:00.000000,Departamento,ARRIENDO,agency
PI-2023-05-002689,portalinmobiliario,Santiago,Metropolitana,570000,16.29,46.9,2023-04-09 00:00:00.000000,2023-05-15 00:00:00.000000,departamento,Arriendo,owner_direct
PI-2023-05-001938,portalinmobiliario,Santiago,Metropolitana,535000,15.29,36.8,2023-05-01 00:00:00.000000,2023-05-15 00:00:00.000000,departamento,Arriendo,owner_direct
PI-2023-05-004171,portalinmobiliario,Puente Alto,Metropolitana,545000,15.57,66.4,2023-04-27 00:00:00.000000,2023-05-29 00:00:00.000000,DEPARTAMENTO,ARRIENDO,agency
PI-2023-05-004129,portalinmobiliario,La Reina,Metropolitana,835000,23.86,43.1,2023-05-26 00:00:00.000000,2023-05-29 00:00:00.000000,DEPARTAMENTO,Arriendo,agency
PI-2023-05-003134,portalinmobiliario,La Cisterna,Metropolitana,455000,13.0,44.2,2023-05-10 00:00:00.000000,2023-05-22 00:00:00.000000,Departamento,ARRIENDO,agency
PI-2023-05-002953,portalinmobiliario,Recoleta,Metropolitana,1100000,31.43,114.2,2023-05-16 00:00:00.000000,2023-05-22 00:00:00.000000,DEPARTAMENTO,Arriendo,agency
PI-2023-05-004267,portalinmobiliario,La Cisterna,Metropolitana,725000,20.71,75.2,2023-05-02 00:00:00.000000,2023-05-29 00:00:00.000000,DEPARTAMENTO,Arriendo,owner_direct
PI-2023-05-004226,portalinmobiliario,Santiago,Metropolitana,520000,14.86,31.1,2023-05-16 00:00:00.000000,2023-05-29 00:00:00.000000,Departamento,Arriendo,agency
PI-2023-05-003347,portalinmobiliario,Ñuñoa,Metropolitana,555000,15.86,34.9,2023-04-04 00:00:00.000000,2023-05-22 00:00:00.000000,departamento,arriendo,agency
PI-2023-05-004329,portalinmobiliario,Quinta Normal,Metropolitana,550000,15.71,39.7,2023-05-22 00:00:00.000000,2023-05-29 00:00:00.000000,DEPARTAMENTO,arriendo,agency
PI-2023-05-002773,portalinmobiliario,Estación Central,Metropolitana,550000,15.71,50.6,2023-04-14 00:00:00.000000,2023-05-22 00:00:00.000000,DEPARTAMENTO,Arriendo,owner_direct
PI-2023-05-003064,portalinmobiliario,La Florida,Metropolitana,670000,19.14,69.6,2023-03-22 00:00:00.000000,2023-05-22 00:00:00.000000,departamento,Arriendo,agency
PI-2023-05-004157,portalinmobiliario,Conchalí,Metropolitana,665000,19.0,82.7,2023-04-19 00:00:00.000000,2023-05-29 00:00:00.000000,departamento,arriendo,owner_direct
PI-2023-05-001860,portalinmobiliario,Pudahuel,Metropolitana,420000,12.0,53.0,2023-05-06 00:00:00.000000,2023-05-15 00:00:00.000000,Departamento,ARRIENDO,owner_direct
PI-2023-05-002213,portalinmobiliario,Ñuñoa,Metropolitana,605000,17.29,34.2,2023-05-05 00:00:00.000000,2023-05-15 00:00:00.000000,DEPARTAMENTO,Arriendo,agency
PI-2023-05-002119,portalinmobiliario,Ñuñoa,Metropolitana,3390000,96.86,63.5,2023-05-08 00:00:00.000000,2023-05-15 00:00:00.000000,DEPARTAMENTO,ARRIENDO,agency
PI-2023-05-001241,portalinmobiliario,Puente Alto,Metropolitana,555000,15.86,58.9,2023-02-02 00:00:00.000000,2023-05-08 00:00:00.000000,DEPARTAMENTO,arriendo,owner_direct
PI-2023-05-001161,portalinmobiliario,La Reina,Metropolitana,865000,24.71,49.8,2023-04-24 00:00:00.000000,2023-05-08 00:00:00.000000,Departamento,Arriendo,agency
PI-2023-05-003577,portalinmobiliario,San Miguel,Metropolitana,475000,13.57,33.6,2023-04-16 00:00:00.000000,2023-05-22 00:00:00.000000,departamento,ARRIENDO,owner_direct
PI-2023-05-000667,portalinmobiliario,Las Condes,Metropolitana,965000,27.57,49.8,2023-04-17 00:00:00.000000,2023-05-01 00:00:00.000000,departamento,Arriendo,agency
PI-2023-05-003490,portalinmobiliario,Estación Central,Metropolitana,440000,12.57,44.5,2023-05-10 00:00:00.000000,2023-05-22 00:00:00.000000,departamento,Arriendo,owner_direct
PI-2023-05-001031,portalinmobiliario,Quinta Normal,Metropolitana,420000,12.0,37.7,2023-02-19 00:00:00.000000,2023-05-08 00:00:00.000000,DEPARTAMENTO,Arriendo,owner_direct
PI-2023-05-000837,portalinmobiliario,Santiago,Metropolitana,380000,10.86,28.0,2022-11-06 00:00:00.000000,2023-05-08 00:00:00.000000,Departamento,arriendo,owner_direct
PI-2023-05-001565,portalinmobiliario,Quilicura,Metropolitana,455000,13.0,45.1,2023-03-29 00:00:00.000000,2023-05-08 00:00:00.000000,departamento,arriendo,owner_direct
PI-2023-05-000963,portalinmobiliario,La Florida,Metropolitana,560000,16.0,57.2,2023-04-27 00:00:00.000000,2023-05-08 00:00:00.000000,departamento,arriendo,agency
PI-2023-05-004502,portalinmobiliario,Independencia,Metropolitana,350000,10.0,31.7,2023-04-10 00:00:00.000000,2023-05-29 00:00:00.000000,Departamento,Arriendo,owner_direct
PI-2023-05-002154,portalinmobiliario,Santiago,Metropolitana,1025000,29.29,115.7,2023-04-28 00:00:00.000000,2023-05-15 00:00:00.000000,Departamento,Arriendo,owner_direct
PI-2023-05-003841,portalinmobiliario,Peñalolén,Metropolitana,645000,18.43,60.1,2023-05-05 00:00:00.000000,2023-05-29 00:00:00.000000,DEPARTAMENTO,ARRIENDO,owner_direct
PI-2023-05-001771,portalinmobiliario,Quinta Normal,Metropolitana,1750000,50.0,250.0,2023-03-24 00:00:00.000000,2023-05-15 00:00:00.000000,DEPARTAMENTO,Arriendo,agency
PI-2023-05-000212,portalinmobiliario,Peñalolén,Metropolitana,725000,20.71,67.4,2023-03-28 00:00:00.000000,2023-05-01 00:00:00.000000,Departamento,arriendo,agency
PI-2023-05-002452,portalinmobiliario,Santiago,Metropolitana,1170000,33.43,116.7,2023-04-25 00:00:00.000000,2023-05-15 00:00:00.000000,DEPARTAMENTO,ARRIENDO,agency
PI-2023-05-003473,portalinmobiliario,Macul,Metropolitana,420000,12.0,35.6,2023-04-23 00:00:00.000000,2023-05-22 00:00:00.000000,Departamento,ARRIENDO,owner_direct
PI-2023-05-002639,portalinmobiliario,Peñalolén,Metropolitana,780000,22.29,81.5,2023-04-09 00:00:00.000000,2023-05-15 00:00:00.000000,departamento,Arriendo,owner_direct
PI-2023-05-004114,portalinmobiliario,Santiago,Metropolitana,590000,16.86,46.4,2022-10-18 00:00:00.000000,2023-05-29 00:00:00.000000,DEPARTAMENTO,ARRIENDO,agency
PI-2023-05-004003,portalinmobiliario,La Florida,Metropolitana,455000,13.0,46.2,2023-04-23 00:00:00.000000,2023-05-29 00:00:00.000000,departamento,ARRIENDO,agency
PI-2023-05-004336,portalinmobiliario,MAIPÚ,Metropolitana,445000,12.71,40.0,2023-04-16 00:00:00.000000,2023-05-29 00:00:00.000000,DEPARTAMENTO,Arriendo,agency
PI-2023-05-000670,portalinmobiliario,Maipú,Metropolitana,445000,12.71,42.5,2023-03-22 00:00:00.000000,2023-05-01 00:00:00.000000,departamento,arriendo,agency
PI-2023-05-003727,portalinmobiliario,Recoleta,Metropolitana,400000,11.43,39.3,2023-02-09 00:00:00.000000,2023-05-22 00:00:00.000000,Departamento,arriendo,agency
PI-2023-05-001314,portalinmobiliario,San Miguel,Metropolitana,745000,21.29,104.8,2023-04-22 00:00:00.000000,2023-05-08 00:00:00.000000,Departamento,ARRIENDO,owner_direct
PI-2023-05-001649,portalinmobiliario,Ñuñoa,Metropolitana,770000,22.0,58.5,2023-04-21 00:00:00.000000,2023-05-08 00:00:00.000000,departamento,Arriendo,owner_direct
PI-2023-05-004767,portalinmobiliario,San Miguel,Metropolitana,660000,18.86,61.3,2023-04-09 00:00:00.000000,2023-05-29 00:00:00.000000,departamento,ARRIENDO,owner_direct
PI-2023-05-000704,portalinmobiliario,Vitacura,Metropolitana,1235000,35.29,54.8,2023-03-22 00:00:00.000000,2023-05-01 00:00:00.000000,departamento,arriendo,agency
PI-2023-05-000062,portalinmobiliario,Providencia,Metropolitana,11090000,316.86,56.4,2023-04-13 00:00:00.000000,2023-05-01 00:00:00.000000,departamento,ARRIENDO,agency
PI-2023-05-003957,portalinmobiliario,San Miguel,Metropolitana,480000,13.71,37.7,2023-04-02 00:00:00.000000,2023-05-29 00:00:00.000000,Departamento,ARRIENDO,agency
PI-2023-05-000847,portalinmobiliario,Lo Barnechea,Metropolitana,895000,25.57,49.7,2023-05-06 00:00:00.000000,2023-05-08 00:00:00.000000,departamento,arriendo,agency
PI-2023-05-003480,portalinmobiliario,San Miguel,Metropolitana,510000,14.57,38.6,2022-10-17 00:00:00.000000,2023-05-22 00:00:00.000000,departamento,Arriendo,agency
PI-2023-05-000408,portalinmobiliario,Estación Central,Metropolitana,500000,14.29,51.1,2023-03-12 00:00:00.000000,2023-05-01 00:00:00.000000,DEPARTAMENTO,ARRIENDO,agency
PI-2023-05-002108,portalinmobiliario,Independencia,Metropolitana,510000,14.57,42.8,2023-05-03 00:00:00.000000,2023-05-15 00:00:00.000000,departamento,Arriendo,owner_direct
PI-2023-05-001389,portalinmobiliario,Macul,Metropolitana,660000,18.86,89.1,2023-04-23 00:00:00.000000,2023-05-08 00:00:00.000000,departamento,Arriendo,owner_direct
PI-2023-05-000360,portalinmobiliario,Quilicura,Metropolitana,385000,11.0,10.0,2023-03-26 00:00:00.000000,2023-05-01 00:00:00.000000,Departamento,arriendo,agency
PI-2023-05-000517,portalinmobiliario,Puente Alto,Metropolitana,500000,14.29,44.3,2023-01-10 00:00:00.000000,2023-05-01 00:00:00.000000,DEPARTAMENTO,ARRIENDO,owner_direct
PI-2023-05-001014,portalinmobiliario,Santiago,Metropolitana,1110000,31.71,123.9,2023-04-25 00:00:00.000000,2023-05-08 00:00:00.000000,DEPARTAMENTO,ARRIENDO,agency
PI-2023-05-000132,portalinmobiliario,Las Condes,Metropolitana,950000,27.14,41.3,2023-04-05 00:00:00.000000,2023-05-01 00:00:00.000000,Departamento,ARRIENDO,agency
PI-2023-05-000282,portalinmobiliario,Santiago,Metropolitana,750000,21.43,75.2,2023-04-06 00:00:00.000000,2023-05-01 00:00:00.000000,DEPARTAMENTO,Arriendo,agency
PI-2023-05-000655,portalinmobiliario,Las Condes,Metropolitana,980000,28.0,42.8,2023-03-02 00:00:00.000000,2023-05-01 00:00:00.000000,DEPARTAMENTO,arriendo,agency
PI-2023-05-003799,portalinmobiliario,Independencia,Metropolitana,1165000,33.29,135.3,2023-05-17 00:00:00.000000,2023-05-29 00:00:00.000000,DEPARTAMENTO,Arriendo,agency
PI-2023-05-003992,portalinmobiliario,Santiago,Metropolitana,440000,12.57,38.3,2023-04-21 00:00:00.000000,2023-05-29 00:00:00.000000,departamento,Arriendo,owner_direct
PI-2023-05-001355,portalinmobiliario,La Florida,Metropolitana,480000,13.71,45.1,2023-04-21 00:00:00.000000,2023-05-08 00:00:00.000000,Departamento,Arriendo,agency
PI-2023-05-002552,portalinmobiliario,Santiago,Metropolitana,755000,21.57,58.6,2023-05-09 00:00:00.000000,2023-05-15 00:00:00.000000,Departamento,arriendo,owner_direct
PI-2023-05-001703,portalinmobiliario,Huechuraba,Metropolitana,595000,17.0,51.3,2023-04-24 00:00:00.000000,2023-05-08 00:00:00.000000,DEPARTAMENTO,ARRIENDO,agency
PI-2023-05-000313,portalinmobiliario,Maipú,Metropolitana,595000,17.0,65.1,2023-03-27 00:00:00.000000,2023-05-01 00:00:00.000000,Departamento,arriendo,agency
PI-2023-05-002911,portalinmobiliario,Puente Alto,Metropolitana,480000,13.71,56.4,2023-04-07 00:00:00.000000,2023-05-22 00:00:00.000000,departamento,ARRIENDO,agency
PI-2023-05-002307,portalinmobiliario,La Reina,Metropolitana,1095000,31.29,79.8,2023-04-18 00:00:00.000000,2023-05-15 00:00:00.000000,departamento,ARRIENDO,agency
PI-2023-05-002240,portalinmobiliario,Santiago,Metropolitana,590000,16.86,48.5,2023-04-30 00:00:00.000000,2023-05-15 00:00:00.000000,DEPARTAMENTO,Arriendo,owner_direct
PI-2023-05-002941,portalinmobiliario,Recoleta,Metropolitana,760000,21.71,96.3,2023-04-16 00:00:00.000000,2023-05-22 00:00:00.000000,Departamento,Arriendo,owner_direct
PI-2023-05-004770,portalinmobiliario,La Florida,Metropolitana,590000,16.86,62.2,2023-05-09 00:00:00.000000,2023-05-29 00:00:00.000000,Departamento,Arriendo,owner_direct
PI-2023-05-004674,portalinmobiliario,San Miguel,Metropolitana,655000,18.71,54.9,2023-04-29 00:00:00.000000,2023-05-29 00:00:00.000000,departamento,arriendo,agency
PI-2023-05-004820,portalinmobiliario,Las Condes,Metropolitana,1370000,39.14,71.0,2023-04-26 00:00:00.000000,2023-05-29 00:00:00.000000,departamento,arriendo,agency
PI-2023-05-000152,portalinmobiliario,La Cisterna ,Metropolitana,735000,21.0,80.7,2023-03-01 00:00:00.000000,2023-05-01 00:00:00.000000,DEPARTAMENTO,ARRIENDO,agency
PI-2023-05-003118,portalinmobiliario,Las Condes,Metropolitana,1075000,30.71,66.1,2023-05-14 00:00:00.000000,2023-05-22 00:00:00.000000,Departamento,arriendo,agency
PI-2023-05-001640,portalinmobiliario,San Joaquín,Metropolitana,480000,13.71,51.4,2023-04-24 00:00:00.000000,2023-05-08 00:00:00.000000,DEPARTAMENTO,Arriendo,agency
PI-2023-05-000758,portalinmobiliario,Macul,Metropolitana,630000,18.0,42.7,2023-04-19 00:00:00.000000,2023-05-01 00:00:00.000000,Departamento,Arriendo,agency
PI-2023-05-004134,portalinmobiliario,San Miguel,Metropolitana,635000,18.14,51.2,2023-05-18 00:00:00.000000,2023-05-29 00:00:00.000000,departamento,ARRIENDO,agency
PI-2023-05-000213,portalinmobiliario,Macul,Metropolitana,485000,13.86,25.1,2023-03-27 00:00:00.000000,2023-05-01 00:00:00.000000,departamento,Arriendo,owner_direct
PI-2023-05-002439,portalinmobiliario,Independencia,Metropolitana,810000,23.14,92.1,2023-04-06 00:00:00.000000,2023-05-15 00:00:00.000000,departamento,ARRIENDO,owner_direct
PI-2023-05-002612,portalinmobiliario,Santiago,Metropolitana,4705000,134.43,33.6,2023-03-05 00:00:00.000000,2023-05-15 00:00:00.000000,Departamento,ARRIENDO,owner_direct
PI-2023-05-000416,portalinmobiliario,Las Condes,Metropolitana,1300000,37.14,65.6,2023-04-13 00:00:00.000000,2023-05-01 00:00:00.000000,departamento,arriendo,owner_direct
PI-2023-05-002097,portalinmobiliario,Conchalí,Metropolitana,395000,11.29,40.1,2023-05-12 00:00:00.000000,2023-05-15 00:00:00.000000,departamento,ARRIENDO,agency
PI-2023-05-003039,portalinmobiliario,San Miguel,Metropolitana,490000,14.0,34.4,2023-03-28 00:00:00.000000,2023-05-22 00:00:00.000000,departamento,arriendo,owner_direct
PI-2023-05-004174,portalinmobiliario,Recoleta,Metropolitana,370000,10.57,22.3,2023-04-15 00:00:00.000000,2023-05-29 00:00:00.000000,DEPARTAMENTO,ARRIENDO,agency
PI-2023-05-002903,portalinmobiliario,Vitacura,Metropolitana,1175000,33.57,41.3,2023-05-05 00:00:00.000000,2023-05-22 00:00:00.000000,DEPARTAMENTO,arriendo,agency
PI-2023-05-000153,portalinmobiliario,Santiago,Metropolitana,535000,15.29,36.5,2023-04-06 00:00:00.000000,2023-05-01 00:00:00.000000,Departamento,Arriendo,agency
PI-2023-05-004491,portalinmobiliario,Independencia,Metropolitana,500000,14.29,38.3,2023-05-01 00:00:00.000000,2023-05-29 00:00:00.000000,Departamento,Arriendo,agency
PI-2023-05-000620,portalinmobiliario,Santiago,Metropolitana,580000,16.57,39.8,2023-04-21 00:00:00.000000,2023-05-01 00:00:00.000000,Departamento,Arriendo,owner_direct
PI-2023-05-004872,portalinmobiliario,Huechuraba,Metropolitana,2505000,71.57,56.6,2023-05-13 00:00:00.000000,2023-05-29 00:00:00.000000,departamento,ARRIENDO,agency
PI-2023-05-001838,portalinmobiliario,Conchalí,Metropolitana,835000,23.86,116.1,2023-03-14 00:00:00.000000,2023-05-15 00:00:00.000000,DEPARTAMENTO,ARRIENDO,agency
PI-2023-05-003496,portalinmobiliario,Providencia,Metropolitana,765000,21.86,41.9,2023-04-21 00:00:00.000000,2023-05-22 00:00:00.000000,departamento,Arriendo,agency
PI-2023-05-003037,portalinmobiliario,Lo Barnechea,Metropolitana,625000,17.86,33.5,2023-05-03 00:00:00.000000,2023-05-22 00:00:00.000000,Departamento,Arriendo,agency
PI-2023-05-001073,portalinmobiliario,Providencia,Metropolitana,1135000,32.43,59.6,2023-03-04 00:00:00.000000,2023-05-08 00:00:00.000000,DEPARTAMENTO,ARRIENDO,agency
PI-2023-05-004341,portalinmobiliario,Macul,Metropolitana,625000,17.86,53.4,2023-05-10 00:00:00.000000,2023-05-29 00:00:00.000000,DEPARTAMENTO,Arriendo,agency
PI-2023-05-002694,portalinmobiliario,Quinta Normal,Metropolitana,500000,14.29,45.1,2023-04-13 00:00:00.000000,2023-05-15 00:00:00.000000,departamento,arriendo,owner_direct
PI-2023-05-000319,portalinmobiliario,Cerrillos,Metropolitana,480000,13.71,41.3,2023-04-05 00:00:00.000000,2023-05-01 00:00:00.000000,Departamento,ARRIENDO,owner_direct
PI-2023-05-001230,portalinmobiliario,Maipú,Metropolitana,465000,13.29,70.1,2023-04-26 00:00:00.000000,2023-05-08 00:00:00.000000,departamento,ARRIENDO,owner_direct
PI-2023-05-004690,portalinmobiliario,Ñuñoa,Metropolitana,735000,21.0,54.9,2023-05-05 00:00:00.000000,2023-05-29 00:00:00.000000,Departamento,arriendo,agency
PI-2023-05-002058,portalinmobiliario,Santiago,Metropolitana,805000,23.0,69.3,2023-04-23 00:00:00.000000,2023-05-15 00:00:00.000000,Departamento,Arriendo,agency
PI-2023-05-001573,portalinmobiliario,San Miguel,Metropolitana,625000,17.86,55.6,2023-05-03 00:00:00.000000,2023-05-08 00:00:00.000000,Departamento,ARRIENDO,agency
PI-2023-05-000317,portalinmobiliario,Maipú,Metropolitana,345000,9.86,34.4,2023-04-20 00:00:00.000000,2023-05-01 00:00:00.000000,departamento,Arriendo,agency
PI-2023-05-001501,portalinmobiliario,San Miguel,Metropolitana,685000,19.57,60.6,2022-11-01 00:00:00.000000,2023-05-08 00:00:00.000000,departamento,Arriendo,agency
PI-2023-05-003438,portalinmobiliario,Estación Central,Metropolitana,555000,15.86,46.4,2023-01-12 00:00:00.000000,2023-05-22 00:00:00.000000,departamento,arriendo,owner_direct
PI-2023-05-001221,portalinmobiliario,Ñuñoa,Metropolitana,915000,26.14,68.6,2023-04-15 00:00:00.000000,2023-05-08 00:00:00.000000,departamento,arriendo,agency
PI-2023-05-000769,portalinmobiliario,Providencia,Metropolitana,1095000,31.29,79.3,2023-04-14 00:00:00.000000,2023-05-01 00:00:00.000000,departamento,ARRIENDO,agency
PI-2023-05-004692,portalinmobiliario,Providencia,Metropolitana,865000,24.71,46.6,2023-05-19 00:00:00.000000,2023-05-29 00:00:00.000000,Departamento,arriendo,agency
PI-2023-05-004328,portalinmobiliario,Santiago,Metropolitana,575000,16.43,44.6,2023-05-22 00:00:00.000000,2023-05-29 00:00:00.000000,Departamento,Arriendo,owner_direct
PI-2023-05-002932,portalinmobiliario,Independencia,Metropolitana,505000,14.43,39.2,2023-05-15 00:00:00.000000,2023-05-22 00:00:00.000000,departamento,ARRIENDO,owner_direct
PI-2023-05-001852,portalinmobiliario,Cerrillos,Metropolitana,1675000,47.86,250.0,2023-05-03 00:00:00.000000,2023-05-15 00:00:00.000000,departamento,arriendo,owner_direct
PI-2023-05-000602,portalinmobiliario,Independencia,Metropolitana,505000,14.43,65.2,2022-11-04 00:00:00.000000,2023-05-01 00:00:00.000000,DEPARTAMENTO,arriendo,agency
PI-2023-05-000721,portalinmobiliario,Recoleta,Metropolitana,500000,14.29,49.4,2023-04-15 00:00:00.000000,2023-05-01 00:00:00.000000,departamento,ARRIENDO,agency
PI-2023-05-000423,portalinmobiliario,Las Condes,Metropolitana,840000,24.0,42.4,2023-02-02 00:00:00.000000,2023-05-01 00:00:00.000000,DEPARTAMENTO,Arriendo,agency
PI-2023-05-000144,portalinmobiliario,Ñuñoa,Metropolitana,635000,18.14,43.5,2023-03-20 00:00:00.000000,2023-05-01 00:00:00.000000,departamento,ARRIENDO,owner_direct
PI-2023-05-001110,portalinmobiliario,Macul,Metropolitana,460000,13.14,36.1,2023-04-05 00:00:00.000000,2023-05-08 00:00:00.000000,DEPARTAMENTO,ARRIENDO,owner_direct
PI-2023-05-004835,portalinmobiliario,Peñalolén,Metropolitana,500000,14.29,43.4,2022-11-02 00:00:00.000000,2023-05-29 00:00:00.000000,DEPARTAMENTO,ARRIENDO,owner_direct
PI-2023-05-002785,portalinmobiliario,La Florida,Metropolitana,560000,16.0,63.6,2023-04-09 00:00:00.000000,2023-05-22 00:00:00.000000,departamento,arriendo,agency
PI-2023-05-000350,portalinmobiliario,Estación Central,Metropolitana,760000,21.71,110.2,2023-03-24 00:00:00.000000,2023-05-01 00:00:00.000000,departamento,ARRIENDO,owner_direct
PI-2023-05-003712,portalinmobiliario,San Miguel,Metropolitana,480000,13.71,38.3,2023-05-21 00:00:00.000000,2023-05-22 00:00:00.000000,DEPARTAMENTO,ARRIENDO,owner_direct
PI-2023-05-000625,portalinmobiliario,Renca,Metropolitana,405000,11.57,58.2,2023-04-14 00:00:00.000000,2023-05-01 00:00:00.000000,departamento,arriendo,owner_direct
PI-2023-05-002582,portalinmobiliario,Macul,Metropolitana,675000,19.29,58.2,2023-03-08 00:00:00.000000,2023-05-15 00:00:00.000000,DEPARTAMENTO,arriendo,agency
PI-2023-05-002794,portalinmobiliario,Santiago,Metropolitana,560000,16.0,48.1,2023-04-09 00:00:00.000000,2023-05-22 00:00:00.000000,DEPARTAMENTO,ARRIENDO,owner_direct
PI-2023-05-001111,portalinmobiliario,Huechuraba,Metropolitana,600000,17.14,45.7,2023-04-22 00:00:00.000000,2023-05-08 00:00:00.000000,departamento,Arriendo,agency
PI-2023-05-002163,portalinmobiliario,Santiago,Metropolitana,670000,19.14,55.1,2023-05-09 00:00:00.000000,2023-05-15 00:00:00.000000,departamento,Arriendo,agency
PI-2023-05-002225,portalinmobiliario,La Florida,Metropolitana,535000,15.29,42.8,2023-05-12 00:00:00.000000,2023-05-15 00:00:00.000000,DEPARTAMENTO,Arriendo,agency
PI-2023-05-003894,portalinmobiliario,Peñalolén,Metropolitana,435000,12.43,38.8,2023-05-25 00:00:00.000000,2023-05-29 00:00:00.000000,DEPARTAMENTO,arriendo,agency
PI-2023-05-002576,portalinmobiliario,Independencia,Metropolitana,380000,10.86,28.3,2022-11-19 00:00:00.000000,2023-05-15 00:00:00.000000,Departamento,ARRIENDO,owner_direct
PI-2023-05-004413,portalinmobiliario,Las Condes,Metropolitana,935000,26.71,28.3,2023-04-12 00:00:00.000000,2023-05-29 00:00:00.000000,Departamento,arriendo,agency
PI-2023-05-001440,portalinmobiliario,Macul,Metropolitana,755000,21.57,74.6,2023-04-17 00:00:00.000000,2023-05-08 00:00:00.000000,departamento,Arriendo,agency
PI-2023-05-000026,portalinmobiliario,La Cisterna,Metropolitana,675000,19.29,96.1,2023-03-24 00:00:00.000000,2023-05-01 00:00:00.000000,Departamento,arriendo,owner_direct
PI-2023-05-001055,portalinmobiliario, Providencia,Metropolitana,1050000,30.0,65.8,2023-04-21 00:00:00.000000,2023-05-08 00:00:00.000000,DEPARTAMENTO,ARRIENDO,agency
PI-2023-05-003856,portalinmobiliario,San Miguel,Metropolitana,515000,14.71,31.0,2023-05-19 00:00:00.000000,2023-05-29 00:00:00.000000,Departamento,arriendo,owner_direct
PI-2023-05-003858,portalinmobiliario,Ñuñoa,Metropolitana,935000,26.71,88.2,2023-05-22 00:00:00.000000,2023-05-29 00:00:00.000000,departamento,ARRIENDO,owner_direct
PI-2023-05-001686,portalinmobiliario,Ñuñoa,Metropolitana,815000,23.29,55.7,2023-04-17 00:00:00.000000,2023-05-08 00:00:00.000000,DEPARTAMENTO,arriendo,agency
PI-2023-05-001067,portalinmobiliario,Las Condes,Metropolitana,1050000,30.0,53.1,2023-01-12 00:00:00.000000,2023-05-08 00:00:00.000000,departamento,arriendo,owner_direct
PI-2023-05-004236,portalinmobiliario,Santiago,Metropolitana,635000,18.14,45.6,2023-04-04 00:00:00.000000,2023-05-29 00:00:00.000000,Departamento,arriendo,owner_direct
PI-2023-05-001416,portalinmobiliario,recoleta,Metropolitana,545000,15.57,39.4,2023-04-26 00:00:00.000000,2023-05-08 00:00:00.000000,Departamento,Arriendo,agency
PI-2023-05-004278,portalinmobiliario,Recoleta,Metropolitana,575000,16.43,62.7,2023-05-20 00:00:00.000000,2023-05-29 00:00:00.000000,departamento,ARRIENDO,agency
PI-2023-05-004693,portalinmobiliario,La Cisterna,Metropolitana,3305000,94.43,28.1,2023-05-21 00:00:00.000000,2023-05-29 00:00:00.000000,departamento,arriendo,owner_direct
PI-2023-05-001772,portalinmobiliario,San Miguel,Metropolitana,1835000,52.43,250.0,2022-11-01 00:00:00.000000,2023-05-15 00:00:00.000000,Departamento,ARRIENDO,agency
PI-2023-05-002664,portalinmobiliario,Independencia,Metropolitana,665000,19.0,83.8,2023-05-03 00:00:00.000000,2023-05-15 00:00:00.000000,departamento,ARRIENDO,agency
PI-2023-05-000952,portalinmobiliario,San Joaquín,Metropolitana,395000,,60.0,2023-02-18 00:00:00.000000,2023-05-08 00:00:00.000000,DEPARTAMENTO,ARRIENDO,agency
PI-2023-05-000373,portalinmobiliario,Santiago,Metropolitana,740000,21.14,65.6,2022-11-06 00:00:00.000000,2023-05-01 00:00:00.000000,DEPARTAMENTO,ARRIENDO,agency
PI-2023-05-000523,portalinmobiliario,Puente Alto,Metropolitana,565000,16.14,72.0,2023-03-28 00:00:00.000000,2023-05-01 00:00:00.000000,Departamento,ARRIENDO,owner_direct
PI-2023-05-004442,portalinmobiliario,Estación Central,Metropolitana,515000,14.71,48.4,2023-05-10 00:00:00.000000,2023-05-29 00:00:00.000000,departamento,Arriendo,agency
PI-2023-05-001585,portalinmobiliario,Providencia,Metropolitana,815000,23.29,34.6,2023-04-22 00:00:00.000000,2023-05-08 00:00:00.000000,departamento,ARRIENDO,owner_direct
PI-2023-05-002418,portalinmobiliario,Puente Alto,Metropolitana,485000,13.86,48.6,2023-04-29 00:00:00.000000,2023-05-15 00:00:00.000000,departamento,Arriendo,owner_direct
PI-2023-05-003042,portalinmobiliario,Quinta Normal,Metropolitana,475000,13.57,39.2,2023-05-03 00:00:00.000000,2023-05-22 00:00:00.000000,departamento,arriendo,agency
PI-2023-05-002568,portalinmobiliario,Las Condes,Metropolitana,1175000,33.57,57.6,2023-04-06 00:00:00.000000,2023-05-15 00:00:00.000000,DEPARTAMENTO,arriendo,owner_direct
PI-2023-05-003880,portalinmobiliario,Maipú,Metropolitana,750000,21.43,99.1,2023-05-16 00:00:00.000000,2023-05-29 00:00:00.000000,DEPARTAMENTO,arriendo,agency
PI-2023-05-002634,portalinmobiliario,Pudahuel,Metropolitana,350000,10.0,29.6,2023-04-13 00:00:00.000000,2023-05-15 00:00:00.000000,departamento,Arriendo,agency
PI-2023-05-004581,portalinmobiliario,Puente Alto,Metropolitana,455000,13.0,42.0,2023-04-29 00:00:00.000000,2023-05-29 00:00:00.000000,departamento,Arriendo,owner_direct
PI-2023-05-002747,portalinmobiliario,Recoleta,Metropolitana,430000,12.29,44.2,2023-05-04 00:00:00.000000,2023-05-22 00:00:00.000000,DEPARTAMENTO,Arriendo,agency
PI-2023-05-000028,portalinmobiliario,Recoleta,Metropolitana,420000,12.0,37.7,2023-04-28 00:00:00.000000,2023-05-01 00:00:00.000000,departamento,ARRIENDO,agency
PI-2023-05-002549,portalinmobiliario,Quilicura,Metropolitana,355000,10.14,26.7,2023-04-18 00:00:00.000000,2023-05-15 00:00:00.000000,DEPARTAMENTO,ARRIENDO,owner_direct
PI-2023-05-004524,portalinmobiliario,Ñuñoa,Metropolitana,1025000,29.29,77.0,2023-05-17 00:00:00.000000,2023-05-29 00:00:00.000000,Departamento,Arriendo,agency
PI-2023-05-004147,portalinmobiliario,Estación Central,Metropolitana,710000,20.29,64.2,2023-03-05 00:00:00.000000,2023-05-29 00:00:00.000000,departamento,Arriendo,agency
PI-2023-05-003939,portalinmobiliario,Pudahuel,Metropolitana,3450000,98.57,37.7,2023-05-19 00:00:00.000000,2023-05-29 00:00:00.000000,DEPARTAMENTO,Arriendo,agency
PI-2023-05-003679,portalinmobiliario,Providencia,Metropolitana,615000,17.57,31.9,2023-05-08 00:00:00.000000,2023-05-22 00:00:00.000000,Departamento,Arriendo,agency
PI-2023-05-000070,portalinmobiliario,SANTIAGO,Metropolitana,9035000,258.14,98.5,2023-03-30 00:00:00.000000,2023-05-01 00:00:00.000000,DEPARTAMENTO,ARRIENDO,owner_direct
PI-2023-05-002065,portalinmobiliario,Estación Central,Metropolitana,550000,15.71,42.5,2023-04-01 00:00:00.000000,2023-05-15 00:00:00.000000,departamento,arriendo,agency
PI-2023-05-004586,portalinmobiliario,Las Condes,Metropolitana,865000,24.71,54.4,2023-05-12 00:00:00.000000,2023-05-29 00:00:00.000000,Departamento,ARRIENDO,owner_direct
PI-2023-05-000606,portalinmobiliario,Estación Central,Metropolitana,420000,12.0,38.4,2023-04-02 00:00:00.000000,2023-05-01 00:00:00.000000,Departamento,arriendo,owner_direct
PI-2023-05-000719,portalinmobiliario,Ñuñoa,Metropolitana,800000,22.86,64.3,2022-12-29 00:00:00.000000,2023-05-01 00:00:00.000000,DEPARTAMENTO,arriendo,agency
PI-2023-05-000559,portalinmobiliario,Ñuñoa,Metropolitana,745000,21.29,45.1,2023-04-21 00:00:00.000000,2023-05-01 00:00:00.000000,Departamento,arriendo,owner_direct
PI-2023-05-003421,portalinmobiliario,La Reina,Metropolitana,985000,28.14,53.6,2023-05-03 00:00:00.000000,2023-05-22 00:00:00.000000,Departamento,ARRIENDO,owner_direct
PI-2023-05-000253,portalinmobiliario,Pudahuel,Metropolitana,465000,13.29,63.3,2023-04-05 00:00:00.000000,2023-05-01 00:00:00.000000,Departamento,Arriendo,owner_direct
PI-2023-05-004839,portalinmobiliario,Santiago ,Metropolitana,445000,12.71,30.4,2023-05-27 00:00:00.000000,2023-05-29 00:00:00.000000,DEPARTAMENTO,Arriendo,agency
PI-2023-05-001960,portalinmobiliario,Quinta Normal,Metropolitana,685000,19.57,78.2,2023-04-13 00:00:00.000000,2023-05-15 00:00:00.000000,DEPARTAMENTO,ARRIENDO,owner_direct
PI-2023-05-002331,portalinmobiliario,Renca,Metropolitana,355000,10.14,43.8,2023-03-27 00:00:00.000000,2023-05-15 00:00:00.000000,DEPARTAMENTO,ARRIENDO,agency
PI-2023-05-001789,portalinmobiliario,Cerrillos,Metropolitana,400000,11.43,39.4,2023-04-21 00:00:00.000000,2023-05-15 00:00:00.000000,DEPARTAMENTO,arriendo,agency
PI-2023-05-002140,portalinmobiliario,Estación Central,Metropolitana,410000,11.71,33.3,2023-05-06 00:00:00.000000,2023-05-15 00:00:00.000000,Departamento,Arriendo,agency
PI-2023-05-001579,portalinmobiliario,Providencia,Metropolitana,700000,20.0,32.1,2023-04-02 00:00:00.000000,2023-05-08 00:00:00.000000,Departamento,ARRIENDO,agency
PI-2023-05-003148,portalinmobiliario,La Cisterna,Metropolitana,590000,16.86,70.7,2023-03-25 00:00:00.000000,2023-05-22 00:00:00.000000,departamento,arriendo,owner_direct
PI-2023-05-001330,portalinmobiliario,San Miguel,Metropolitana,1230000,35.14,135.5,2023-04-13 00:00:00.000000,2023-05-08 00:00:00.000000,DEPARTAMENTO,ARRIENDO,agency
PI-2023-05-004000,portalinmobiliario,Maipú,Metropolitana,405000,11.57,54.6,2023-05-18 00:00:00.000000,2023-05-29 00:00:00.000000,departamento,ARRIENDO,agency
PI-2023-05-004353,portalinmobiliario,Santiago,Metropolitana,760000,21.71,66.1,2022-12-28 00:00:00.000000,2023-05-29 00:00:00.000000,departamento,ARRIENDO,owner_direct
PI-2023-05-001150,portalinmobiliario,Conchalí,Metropolitana,535000,15.29,64.5,2023-04-06 00:00:00.000000,2023-05-08 00:00:00.000000,Departamento,Arriendo,agency
PI-2023-05-002486,portalinmobiliario,Providencia,Metropolitana,900000,25.71,58.2,2023-05-07 00:00:00.000000,2023-05-15 00:00:00.000000,DEPARTAMENTO,Arriendo,owner_direct
PI-2023-05-004723,portalinmobiliario,La Florida,Metropolitana,550000,15.71,50.7,2023-05-06 00:00:00.000000,2023-05-29 00:00:00.000000,Departamento,Arriendo,agency
PI-2023-05-004377,portalinmobiliario,Ñuñoa,Metropolitana,850000,24.29,45.4,2023-05-14 00:00:00.000000,2023-05-29 00:00:00.000000,DEPARTAMENTO,ARRIENDO,agency
PI-2023-05-000206,portalinmobiliario,Quinta Normal,Metropolitana,745000,21.29,77.7,2023-03-09 00:00:00.000000,2023-05-01 00:00:00.000000,departamento,arriendo,agency
PI-2023-05-001380,portalinmobiliario,Macul,Metropolitana,750000,21.43,63.1,2023-04-20 00:00:00.000000,2023-05-08 00:00:00.000000,DEPARTAMENTO,ARRIENDO,agency
PI-2023-05-003565,portalinmobiliario,Lo Barnechea,Metropolitana,835000,23.86,41.8,2023-04-13 00:00:00.000000,2023-05-22 00:00:00.000000,DEPARTAMENTO,arriendo,agency
PI-2023-05-002826,portalinmobiliario,San Miguel,Metropolitana,1135000,32.43,126.1,2022-12-05 00:00:00.000000,2023-05-22 00:00:00.000000,Departamento,Arriendo,agency
PI-2023-05-003262,portalinmobiliario,Ñuñoa,Metropolitana,690000,19.71,36.0,2023-05-16 00:00:00.000000,2023-05-22 00:00:00.000000,DEPARTAMENTO,arriendo,agency
PI-2023-05-003534,portalinmobiliario,Independencia,Metropolitana,415000,11.86,44.1,2023-05-06 00:00:00.000000,2023-05-22 00:00:00.000000,Departamento,Arriendo,owner_direct
PI-2023-05-004760,portalinmobiliario,Estación Central,Metropolitana,360000,10.29,44.6,2023-05-14 00:00:00.000000,2023-05-29 00:00:00.000000,Departamento,arriendo,agency
PI-2023-05-002732,portalinmobiliario,Santiago,Metropolitana,530000,15.14,43.9,2023-05-11 00:00:00.000000,2023-05-15 00:00:00.000000,departamento,Arriendo,owner_direct
PI-2023-05-003437,portalinmobiliario,Maipú,Metropolitana,495000,14.14,58.0,2023-05-20 00:00:00.000000,2023-05-22 00:00:00.000000,Departamento,ARRIENDO,agency
PI-2023-05-000577,portalinmobiliario,Recoleta,Metropolitana,325000,9.29,20.0,2023-04-26 00:00:00.000000,2023-05-01 00:00:00.000000,DEPARTAMENTO,arriendo,agency
PI-2023-05-001987,portalinmobiliario,Quilicura,Metropolitana,460000,13.14,50.0,2023-05-09 00:00:00.000000,2023-05-15 00:00:00.000000,DEPARTAMENTO,Arriendo,agency
PI-2023-05-004657,portalinmobiliario,Las Condes,Metropolitana,1235000,35.29,74.8,2023-04-28 00:00:00.000000,2023-05-29 00:00:00.000000,DEPARTAMENTO,ARRIENDO,agency
PI-2023-05-002889,portalinmobiliario,CONCHALÍ,Metropolitana,410000,11.71,40.8,2023-04-02 00:00:00.000000,2023-05-22 00:00:00.000000,DEPARTAMENTO,arriendo,owner_direct
PI-2023-05-000363,portalinmobiliario,Renca,Metropolitana,565000,16.14,75.5,2023-04-13 00:00:00.000000,2023-05-01 00:00:00.000000,DEPARTAMENTO,arriendo,owner_direct
PI-2023-05-003484,portalinmobiliario,Ñuñoa,Metropolitana,535000,15.29,30.2,2023-05-14 00:00:00.000000,2023-05-22 00:00:00.000000,departamento,ARRIENDO,agency
PI-2023-05-000241,portalinmobiliario,Recoleta,Metropolitana,515000,14.71,46.8,2023-03-31 00:00:00.000000,2023-05-01 00:00:00.000000,Departamento,ARRIENDO,agency
PI-2023-05-000660,portalinmobiliario,San Joaquín,Metropolitana,635000,18.14,64.5,2023-04-17 00:00:00.000000,2023-05-01 00:00:00.000000,DEPARTAMENTO,arriendo,agency
PI-2023-05-002894,portalinmobiliario,Ñuñoa,Metropolitana,515000,14.71,28.7,2023-03-13 00:00:00.000000,2023-05-22 00:00:00.000000,DEPARTAMENTO,ARRIENDO,agency
PI-2023-05-000131,portalinmobiliario,La Florida,Metropolitana,705000,20.14,80.5,2023-04-26 00:00:00.000000,2023-05-01 00:00:00.000000,DEPARTAMENTO,ARRIENDO,agency
PI-2023-05-002415,portalinmobiliario,San Joaquín,Metropolitana,500000,14.29,50.1,2023-05-05 00:00:00.000000,2023-05-15 00:00:00.000000,Departamento,ARRIENDO,agency
PI-2023-05-000115,portalinmobiliario,Santiago,Metropolitana,775000,22.14,68.6,2023-04-18 00:00:00.000000,2023-05-01 00:00:00.000000,DEPARTAMENTO,ARRIENDO,agency
PI-2023-05-001417,portalinmobiliario,La Cisterna,Metropolitana,390000,11.14,38.2,2023-02-21 00:00:00.000000,2023-05-08 00:00:00.000000,departamento,arriendo,agency
PI-2023-05-002621,portalinmobiliario,Las Condes,Metropolitana,1145000,32.71,51.8,2023-05-01 00:00:00.000000,2023-05-15 00:00:00.000000,DEPARTAMENTO,arriendo,owner_direct
PI-2023-05-004592,portalinmobiliario,Las Condes,Metropolitana,955000,27.29,44.8,2023-02-23 00:00:00.000000,2023-05-29 00:00:00.000000,Departamento,ARRIENDO,agency
PI-2023-05-001188,portalinmobiliario,Recoleta,Metropolitana,370000,10.57,30.3,2023-04-21 00:00:00.000000,2023-05-08 00:00:00.000000,DEPARTAMENTO,arriendo,agency
PI-2023-05-000904,portalinmobiliario,Ñuñoa,Metropolitana,745000,21.29,51.2,2023-04-23 00:00:00.000000,2023-05-08 00:00:00.000000,departamento,arriendo,agency
PI-2023-05-003432,portalinmobiliario,Peñalolén,Metropolitana,410000,11.71,30.8,2023-04-20 00:00:00.000000,2023-05-22 00:00:00.000000,departamento,ARRIENDO,owner_direct
PI-2023-05-004056,portalinmobiliario,ñuñoa,Metropolitana,490000,14.0,30.4,2023-04-22 00:00:00.000000,2023-05-29 00:00:00.000000,Departamento,arriendo,agency
PI-2023-05-000294,portalinmobiliario,Vitacura,Metropolitana,1110000,31.71,47.7,2023-04-03 00:00:00.000000,2023-05-01 00:00:00.000000,Departamento,arriendo,owner_direct
PI-2023-05-003611,portalinmobiliario,Puente Alto,Metropolitana,375000,10.71,47.0,2023-05-19 00:00:00.000000,2023-05-22 00:00:00.000000,Departamento,ARRIENDO,agency
PI-2023-05-000941,portalinmobiliario,La Reina,Metropolitana,1060000,30.29,54.7,2023-03-27 00:00:00.000000,2023-05-08 00:00:00.000000,Departamento,ARRIENDO,agency
PI-2023-05-002596,portalinmobiliario,Recoleta,Metropolitana,460000,13.14,36.7,2023-01-06 00:00:00.000000,2023-05-15 00:00:00.000000,Departamento,ARRIENDO,agency
PI-2023-05-001512,portalinmobiliario,La Florida,Metropolitana,575000,16.43,58.8,2023-04-24 00:00:00.000000,2023-05-08 00:00:00.000000,departamento,Arriendo,owner_direct
PI-2023-05-002296,portalinmobiliario,Providencia,Metropolitana,1105000,31.57,64.0,2023-04-22 00:00:00.000000,2023-05-15 00:00:00.000000,DEPARTAMENTO,ARRIENDO,owner_direct
PI-2023-05-001851,portalinmobiliario,Pudahuel,Metropolitana,555000,15.86,86.1,2023-04-27 00:00:00.000000,2023-05-15 00:00:00.000000,DEPARTAMENTO,arriendo,agency
PI-2023-05-001660,portalinmobiliario,Peñalolén,Metropolitana,425000,12.14,24.5,2023-03-14 00:00:00.000000,2023-05-08 00:00:00.000000,Departamento,Arriendo,agency
PI-2023-05-004364,portalinmobiliario,San Miguel,Metropolitana,855000,24.43,92.7,2023-04-25 00:00:00.000000,2023-05-29 00:00:00.000000,departamento,arriendo,agency
PI-2023-05-003141,portalinmobiliario,Las Condes,Metropolitana,1215000,34.71,62.0,2023-05-01 00:00:00.000000,2023-05-22 00:00:00.000000,DEPARTAMENTO,ARRIENDO,owner_direct
PI-2023-05-004260,portalinmobiliario,Puente Alto,Metropolitana,455000,13.0,49.0,2023-05-18 00:00:00.000000,2023-05-29 00:00:00.000000,Departamento,arriendo,agency
PI-2023-05-004044,portalinmobiliario,La Reina,Metropolitana,840000,24.0,53.9,2023-04-11 00:00:00.000000,2023-05-29 00:00:00.000000,DEPARTAMENTO,ARRIENDO,owner_direct
PI-2023-05-004560,portalinmobiliario,Puente Alto,Metropolitana,300000,8.57,26.9,2023-05-24 00:00:00.000000,2023-05-29 00:00:00.000000,departamento,arriendo,owner_direct
PI-2023-05-000796,portalinmobiliario,Vitacura,Metropolitana,1205000,34.43,42.8,2023-04-24 00:00:00.000000,2023-05-01 00:00:00.000000,departamento,ARRIENDO,owner_direct
PI-2023-05-000095,portalinmobiliario,Cerrillos,Metropolitana,635000,18.14,45.5,2023-04-16 00:00:00.000000,2023-05-01 00:00:00.000000,DEPARTAMENTO,ARRIENDO,agency
PI-2023-05-004279,portalinmobiliario,Providencia ,Metropolitana,955000,27.29,44.0,2022-10-15 00:00:00.000000,2023-05-29 00:00:00.000000,departamento,Arriendo,agency
PI-2023-05-000107,portalinmobiliario,Independencia,Metropolitana,450000,12.86,39.9,2023-03-07 00:00:00.000000,2023-05-01 00:00:00.000000,Departamento,Arriendo,agency
PI-2023-05-001997,portalinmobiliario,Las Condes,Metropolitana,1275000,36.43,64.5,2023-05-04 00:00:00.000000,2023-05-15 00:00:00.000000,DEPARTAMENTO,Arriendo,agency
PI-2023-05-004096,portalinmobiliario,Huechuraba,Metropolitana,625000,17.86,57.4,2023-03-17 00:00:00.000000,2023-05-29 00:00:00.000000,Departamento,Arriendo,agency
PI-2023-05-001574,portalinmobiliario,Santiago,Metropolitana,825000,23.57,82.2,2023-03-10 00:00:00.000000,2023-05-08 00:00:00.000000,departamento,ARRIENDO,agency
PI-2023-05-000088,portalinmobiliario,Estación Central,Metropolitana,460000,13.14,51.7,2023-04-24 00:00:00.000000,2023-05-01 00:00:00.000000,Departamento,arriendo,agency
PI-2023-05-002897,portalinmobiliario,Ñuñoa,Metropolitana,965000,27.57,81.1,2023-05-17 00:00:00.000000,2023-05-22 00:00:00.000000,Departamento,Arriendo,owner_direct
PI-2023-05-000762,portalinmobiliario,Maipú,Metropolitana,365000,10.43,30.5,2023-04-19 00:00:00.000000,2023-05-01 00:00:00.000000,DEPARTAMENTO,Arriendo,agency
PI-2023-05-000505,portalinmobiliario,Ñuñoa,Metropolitana,580000,16.57,30.8,2023-04-20 00:00:00.000000,2023-05-01 00:00:00.000000,Departamento,arriendo,owner_direct
PI-2023-05-002993,portalinmobiliario,Vitacura,Metropolitana,1125000,32.14,46.5,2023-05-15 00:00:00.000000,2023-05-22 00:00:00.000000,Departamento,Arriendo,owner_direct
PI-2023-05-003760,portalinmobiliario,La Reina,Metropolitana,675000,19.29,36.3,2023-04-19 00:00:00.000000,2023-05-22 00:00:00.000000,Departamento,ARRIENDO,agency
PI-2023-05-002243,portalinmobiliario,Ñuñoa,Metropolitana,555000,15.86,25.5,2023-04-24 00:00:00.000000,2023-05-15 00:00:00.000000,Departamento,Arriendo,agency
PI-2023-05-000626,portalinmobiliario,Pudahuel,Metropolitana,420000,12.0,36.0,2023-02-23 00:00:00.000000,2023-05-01 00:00:00.000000,departamento,Arriendo,owner_direct
PI-2023-05-003523,portalinmobiliario,Santiago,Metropolitana,1105000,31.57,124.1,2023-05-12 00:00:00.000000,2023-05-22 00:00:00.000000,departamento,arriendo,owner_direct
PI-2023-05-003630,portalinmobiliario,Las Condes,Metropolitana,855000,24.43,40.6,2023-04-30 00:00:00.000000,2023-05-22 00:00:00.000000,departamento,Arriendo,owner_direct
PI-2023-05-004878,portalinmobiliario,Providencia,Metropolitana,700000,20.0,36.5,2023-05-15 00:00:00.000000,2023-05-29 00:00:00.000000,departamento,ARRIENDO,owner_direct
PI-2023-05-001794,portalinmobiliario,Recoleta,Metropolitana,445000,12.71,40.7,2023-03-11 00:00:00.000000,2023-05-15 00:00:00.000000,DEPARTAMENTO,arriendo,agency
PI-2023-05-000586,portalinmobiliario,Estación Central,Metropolitana,370000,10.57,32.8,2023-04-07 00:00:00.000000,2023-05-01 00:00:00.000000,departamento,Arriendo,agency
PI-2023-05-001122,portalinmobiliario,Huechuraba,Metropolitana,650000,18.57,50.0,2023-05-02 00:00:00.000000,2023-05-08 00:00:00.000000,DEPARTAMENTO,arriendo,agency
PI-2023-05-000642,portalinmobiliario,Santiago,Metropolitana,625000,17.86,49.4,2023-04-28 00:00:00.000000,2023-05-01 00:00:00.000000,DEPARTAMENTO,Arriendo,agency
PI-2023-05-004543,portalinmobiliario,Peñalolén,Metropolitana,750000,21.43,89.5,2023-05-25 00:00:00.000000,2023-05-29 00:00:00.000000,departamento,arriendo,agency
PI-2023-05-003085,portalinmobiliario,las condes,Metropolitana,835000,23.86,37.6,2023-04-20 00:00:00.000000,2023-05-22 00:00:00.000000,Departamento,arriendo,owner_direct
PI-2023-05-003018,portalinmobiliario,PROVIDENCIA,Metropolitana,855000,24.43,34.9,2023-04-14 00:00:00.000000,2023-05-22 00:00:00.000000,departamento,ARRIENDO,agency
PI-2023-05-003792,portalinmobiliario, Santiago,Metropolitana,695000,19.86,63.7,2023-05-09 00:00:00.000000,2023-05-29 00:00:00.000000,Departamento,arriendo,owner_direct
PI-2023-05-002428,portalinmobiliario,Lo Barnechea,Metropolitana,1085000,31.0,59.6,2023-04-29 00:00:00.000000,2023-05-15 00:00:00.000000,Departamento,Arriendo,owner_direct
PI-2023-05-004383,portalinmobiliario,Santiago,Metropolitana,730000,20.86,59.0,2023-05-10 00:00:00.000000,2023-05-29 00:00:00.000000,DEPARTAMENTO,ARRIENDO,agency
PI-2023-05-001955,portalinmobiliario,Independencia,Metropolitana,485000,13.86,52.7,2023-04-27 00:00:00.000000,2023-05-15 00:00:00.000000,DEPARTAMENTO,arriendo,agency
PI-2023-05-003265,portalinmobiliario,Recoleta,Metropolitana,370000,10.57,27.6,2022-12-27 00:00:00.000000,2023-05-22 00:00:00.000000,departamento,Arriendo,agency
PI-2023-05-003413,portalinmobiliario,La Reina,Metropolitana,625000,17.86,47.3,2023-03-09 00:00:00.000000,2023-05-22 00:00:00.000000,Departamento,ARRIENDO,owner_direct
PI-2023-05-001340,portalinmobiliario,Independencia,Metropolitana,945000,27.0,118.5,2023-04-29 00:00:00.000000,2023-05-08 00:00:00.000000,DEPARTAMENTO,Arriendo,agency
PI-2023-05-000816,portalinmobiliario,Vitacura,Metropolitana,1225000,35.0,63.3,2023-02-27 00:00:00.000000,2023-05-01 00:00:00.000000,DEPARTAMENTO,Arriendo,agency
PI-2023-05-003284,portalinmobiliario,Quinta Normal,Metropolitana,450000,12.86,39.3,2022-11-04 00:00:00.000000,2023-05-22 00:00:00.000000,departamento,ARRIENDO,owner_direct
PI-2023-05-002062,portalinmobiliario, Recoleta,Metropolitana,395000,11.29,25.8,2022-10-15 00:00:00.000000,2023-05-15 00:00:00.000000,departamento,arriendo,agency
PI-2023-05-002551,portalinmobiliario,San Joaquín,Metropolitana,445000,12.71,25.0,2023-04-29 00:00:00.000000,2023-05-15 00:00:00.000000,Departamento,ARRIENDO,agency
PI-2023-05-001236,portalinmobiliario,Recoleta,Metropolitana,805000,23.0,105.1,2023-03-28 00:00:00.000000,2023-05-08 00:00:00.000000,departamento,ARRIENDO,owner_direct
PI-2023-05-000940,portalinmobiliario,Renca,Metropolitana,740000,21.14,113.1,2023-04-24 00:00:00.000000,2023-05-08 00:00:00.000000,Departamento,Arriendo,agency
PI-2023-05-001435,portalinmobiliario,Santiago,Metropolitana,520000,14.86,33.1,2023-04-13 00:00:00.000000,2023-05-08 00:00:00.000000,Departamento,Arriendo,owner_direct
PI-2023-05-001017,portalinmobiliario,Santiago,Metropolitana,670000,19.14,55.5,2023-01-03 00:00:00.000000,2023-05-08 00:00:00.000000,Departamento,arriendo,agency
PI-2023-05-002597,portalinmobiliario,Macul,Metropolitana,445000,12.71,30.7,2023-04-08 00:00:00.000000,2023-05-15 00:00:00.000000,Departamento,ARRIENDO,agency
PI-2023-05-002667,portalinmobiliario,La Reina,Metropolitana,615000,17.57,25.6,2023-04-25 00:00:00.000000,2023-05-15 00:00:00.000000,DEPARTAMENTO,arriendo,agency
PI-2023-05-001193,portalinmobiliario,Santiago,Metropolitana,560000,16.0,52.4,2023-04-23 00:00:00.000000,2023-05-08 00:00:00.000000,departamento,ARRIENDO,owner_direct
PI-2023-05-004687,portalinmobiliario,Las Condes,Metropolitana,1230000,35.14,68.1,2023-04-04 00:00:00.000000,2023-05-29 00:00:00.000000,Departamento,Arriendo,owner_direct
PI-2023-05-000185,portalinmobiliario,Providencia,Metropolitana,890000,25.43,36.5,2023-04-08 00:00:00.000000,2023-05-01 00:00:00.000000,departamento,arriendo,agency
PI-2023-05-003048,portalinmobiliario,Independencia,Metropolitana,515000,14.71,52.7,2022-11-24 00:00:00.000000,2023-05-22 00:00:00.000000,departamento,arriendo,agency
PI-2023-05-002539,portalinmobiliario,Independencia,Metropolitana,480000,13.71,46.9,2023-04-20 00:00:00.000000,2023-05-15 00:00:00.000000,DEPARTAMENTO,ARRIENDO,agency
PI-2023-05-003959,portalinmobiliario,Las Condes,Metropolitana,1175000,33.57,56.6,2023-05-22 00:00:00.000000,2023-05-29 00:00:00.000000,DEPARTAMENTO,Arriendo,agency
PI-2023-05-003206,portalinmobiliario,Santiago,Metropolitana,450000,12.86,31.3,2023-05-16 00:00:00.000000,2023-05-22 00:00:00.000000,departamento,ARRIENDO,agency
PI-2023-05-001726,portalinmobiliario,Ñuñoa,Metropolitana,1870000,53.43,35.5,2023-03-29 00:00:00.000000,2023-05-08 00:00:00.000000,departamento,ARRIENDO,agency
PI-2023-05-004704,portalinmobiliario,Maipú,Metropolitana,505000,14.43,60.1,2023-04-13 00:00:00.000000,2023-05-29 00:00:00.000000,departamento,Arriendo,agency
PI-2023-05-000797,portalinmobiliario,San Miguel,Metropolitana,785000,22.43,70.6,2023-04-14 00:00:00.000000,2023-05-01 00:00:00.000000,DEPARTAMENTO,Arriendo,agency
PI-2023-05-003040,portalinmobiliario,Estación Central,Metropolitana,390000,11.14,37.9,2023-05-02 00:00:00.000000,2023-05-22 00:00:00.000000,Departamento,ARRIENDO,agency
PI-2023-05-001628,portalinmobiliario,Macul,Metropolitana,645000,18.43,61.7,2022-11-01 00:00:00.000000,2023-05-08 00:00:00.000000,departamento,Arriendo,agency
PI-2023-05-001769,portalinmobiliario,Huechuraba,Metropolitana,755000,21.57,70.4,2023-04-06 00:00:00.000000,2023-05-15 00:00:00.000000,departamento,arriendo,owner_direct
PI-2023-05-002806,portalinmobiliario,Macul,Metropolitana,440000,12.57,28.4,2023-05-05 00:00:00.000000,2023-05-22 00:00:00.000000,departamento,Arriendo,agency
PI-2023-05-004855,portalinmobiliario,Estación Central,Metropolitana,400000,11.43,47.8,2023-04-28 00:00:00.000000,2023-05-29 00:00:00.000000,DEPARTAMENTO,Arriendo,owner_direct
PI-2023-05-003731,portalinmobiliario,Providencia,Metropolitana,920000,26.29,43.1,2023-04-24 00:00:00.000000,2023-05-22 00:00:00.000000,departamento,arriendo,agency
PI-2023-05-000549,portalinmobiliario,Las Condes,Metropolitana,665000,19.0,26.9,2023-04-16 00:00:00.000000,2023-05-01 00:00:00.000000,Departamento,Arriendo,owner_direct
PI-2023-05-002876,portalinmobiliario,Maipú,Metropolitana,395000,11.29,39.6,2023-05-03 00:00:00.000000,2023-05-22 00:00:00.000000,DEPARTAMENTO,Arriendo,owner_direct
PI-2023-05-002318,portalinmobiliario,Las Condes,Metropolitana,845000,24.14,33.0,2023-03-29 00:00:00.000000,2023-05-15 00:00:00.000000,Departamento,Arriendo,agency
PI-2023-05-001134,portalinmobiliario,Ñuñoa,Metropolitana,505000,14.43,28.7,2023-04-26 00:00:00.000000,2023-05-08 00:00:00.000000,departamento,arriendo,agency
PI-2023-05-003530,portalinmobiliario,Macul,Metropolitana,560000,16.0,37.9,2023-04-26 00:00:00.000000,2023-05-22 00:00:00.000000,Departamento,ARRIENDO,agency
PI-2023-05-004857,portalinmobiliario,Puente Alto,Metropolitana,505000,14.43,76.8,2023-04-06 00:00:00.000000,2023-05-29 00:00:00.000000,Departamento,ARRIENDO,owner_direct
PI-2023-05-002051,portalinmobiliario,Santiago,Metropolitana,500000,14.29,31.2,2023-05-12 00:00:00.000000,2023-05-15 00:00:00.000000,Departamento,Arriendo,agency
PI-2023-05-004698,portalinmobiliario,Santiago,Metropolitana,895000,25.57,71.4,2023-03-17 00:00:00.000000,2023-05-29 00:00:00.000000,departamento,Arriendo,agency
PI-2023-05-003559,portalinmobiliario,Las Condes,Metropolitana,835000,23.86,32.1,2023-04-26 00:00:00.000000,2023-05-22 00:00:00.000000,DEPARTAMENTO,arriendo,owner_direct
PI-2023-05-001125,portalinmobiliario,Estación Central,Metropolitana,605000,17.29,59.6,2023-04-16 00:00:00.000000,2023-05-08 00:00:00.000000,DEPARTAMENTO,Arriendo,agency
PI-2023-05-004617,portalinmobiliario,Recoleta,Metropolitana,420000,12.0,38.0,2023-04-28 00:00:00.000000,2023-05-29 00:00:00.000000,Departamento,arriendo,owner_direct
PI-2023-05-001735,portalinmobiliario,Ñuñoa,Metropolitana,745000,21.29,52.7,2023-04-21 00:00:00.000000,2023-05-08 00:00:00.000000,DEPARTAMENTO,Arriendo,owner_direct
PI-2023-05-004837,portalinmobiliario,La Florida,Metropolitana,595000,17.0,51.4,2023-05-16 00:00:00.000000,2023-05-29 00:00:00.000000,DEPARTAMENTO,Arriendo,owner_direct
PI-2023-05-000219,portalinmobiliario,Ñuñoa,Metropolitana,620000,17.71,54.2,2023-04-14 00:00:00.000000,2023-05-01 00:00:00.000000,Departamento,Arriendo,agency
PI-2023-05-003417,portalinmobiliario,Maipú,Metropolitana,560000,16.0,61.3,2023-04-28 00:00:00.000000,2023-05-22 00:00:00.000000,DEPARTAMENTO,arriendo,agency
PI-2023-05-002022,portalinmobiliario,San Miguel,Metropolitana,685000,19.57,66.2,2023-02-24 00:00:00.000000,2023-05-15 00:00:00.000000,departamento,ARRIENDO,owner_direct
PI-2023-05-004020,portalinmobiliario,Santiago,Metropolitana,770000,22.0,76.3,2023-05-22 00:00:00.000000,2023-05-29 00:00:00.000000,Departamento,ARRIENDO,owner_direct
PI-2023-05-002039,portalinmobiliario,Independencia,Metropolitana,650000,18.57,72.0,2023-04-12 00:00:00.000000,2023-05-15 00:00:00.000000,departamento,ARRIENDO,owner_direct
PI-2023-05-000913,portalinmobiliario,Estación Central,Metropolitana,360000,10.29,40.6,2022-12-27 00:00:00.000000,2023-05-08 00:00:00.000000,DEPARTAMENTO,Arriendo,owner_direct
PI-2023-05-003063,portalinmobiliario,maipú,Metropolitana,510000,14.57,59.5,2023-04-18 00:00:00.000000,2023-05-22 00:00:00.000000,departamento,arriendo,owner_direct
PI-2023-05-002386,portalinmobiliario,Peñalolén,Metropolitana,875000,25.0,87.4,2023-04-18 00:00:00.000000,2023-05-15 00:00:00.000000,DEPARTAMENTO,ARRIENDO,owner_direct
PI-2023-05-002550,portalinmobiliario,Puente Alto,Metropolitana,305000,8.71,29.0,2023-03-09 00:00:00.000000,2023-05-15 00:00:00.000000,Departamento,Arriendo,agency
PI-2023-05-000664,portalinmobiliario,Santiago ,Metropolitana,635000,18.14,60.0,2023-04-06 00:00:00.000000,2023-05-01 00:00:00.000000,DEPARTAMENTO,Arriendo,owner_direct
PI-2023-05-003778,portalinmobiliario,Ñuñoa,Metropolitana,665000,19.0,45.2,2023-05-14 00:00:00.000000,2023-05-22 00:00:00.000000,Departamento,ARRIENDO,owner_direct
PI-2023-05-002873,portalinmobiliario,Independencia,Metropolitana,795000,22.71,82.2,2023-05-09 00:00:00.000000,2023-05-22 00:00:00.000000,Departamento,ARRIENDO,agency
PI-2023-05-000404,portalinmobiliario,Providencia,Metropolitana,975000,27.86,39.2,2023-04-04 00:00:00.000000,2023-05-01 00:00:00.000000,departamento,arriendo,owner_direct
PI-2023-05-001613,portalinmobiliario,Recoleta,Metropolitana,655000,18.71,69.4,2023-04-17 00:00:00.000000,2023-05-08 00:00:00.000000,DEPARTAMENTO,arriendo,agency
PI-2023-05-000771,portalinmobiliario,Las Condes,Metropolitana,1310000,37.43,82.3,2023-03-23 00:00:00.000000,2023-05-01 00:00:00.000000,departamento,Arriendo,agency
PI-2023-05-000548,portalinmobiliario,Recoleta,Metropolitana,590000,16.86,70.3,2023-04-10 00:00:00.000000,2023-05-01 00:00:00.000000,departamento,arriendo,agency
PI-2023-05-003599,portalinmobiliario,Recoleta,Metropolitana,515000,14.71,39.9,2023-05-07 00:00:00.000000,2023-05-22 00:00:00.000000,Departamento,Arriendo,agency
PI-2023-05-004221,portalinmobiliario,La Florida,Metropolitana,615000,17.57,82.3,2023-05-20 00:00:00.000000,2023-05-29 00:00:00.000000,DEPARTAMENTO,ARRIENDO,owner_direct
PI-2023-05-004691,portalinmobiliario,Las Condes,Metropolitana,730000,20.86,34.8,2023-05-21 00:00:00.000000,2023-05-29 00:00:00.000000,departamento,ARRIENDO,agency
PI-2023-05-002329,portalinmobiliario,Las Condes,Metropolitana,13415000,383.29,78.8,2023-04-13 00:00:00.000000,2023-05-15 00:00:00.000000,departamento,Arriendo,owner_direct
PI-2023-05-003247,portalinmobiliario,Macul,Metropolitana,470000,13.43,34.9,2023-04-28 00:00:00.000000,2023-05-22 00:00:00.000000,Departamento,arriendo,agency
PI-2023-05-001797,portalinmobiliario,San Miguel,Metropolitana,410000,11.71,34.5,2023-04-22 00:00:00.000000,2023-05-15 00:00:00.000000,Departamento,arriendo,agency
PI-2023-05-002853,portalinmobiliario,Puente Alto,Metropolitana,890000,25.43,118.7,2023-04-06 00:00:00.000000,2023-05-22 00:00:00.000000,DEPARTAMENTO,ARRIENDO,owner_direct
PI-2023-05-000013,portalinmobiliario,Santiago,Metropolitana,545000,15.57,37.6,2023-03-27 00:00:00.000000,2023-05-01 00:00:00.000000,departamento,ARRIENDO,agency
PI-2023-05-001893,portalinmobiliario,Macul,Metropolitana,1515000,43.29,147.0,2023-03-29 00:00:00.000000,2023-05-15 00:00:00.000000,departamento,ARRIENDO,agency
PI-2023-05-001061,portalinmobiliario,La Florida,Metropolitana,600000,17.14,59.6,2023-05-03 00:00:00.000000,2023-05-08 00:00:00.000000,departamento,ARRIENDO,agency
PI-2023-05-004672,portalinmobiliario,Santiago,Metropolitana,770000,22.0,72.0,2023-03-07 00:00:00.000000,2023-05-29 00:00:00.000000,Departamento,Arriendo,owner_direct
PI-2023-05-002153,portalinmobiliario,Santiago,Metropolitana,470000,13.43,30.4,2022-12-20 00:00:00.000000,2023-05-15 00:00:00.000000,Departamento,Arriendo,owner_direct
PI-2023-05-004127,portalinmobiliario,Cerrillos,Metropolitana,435000,12.43,41.4,2023-05-01 00:00:00.000000,2023-05-29 00:00:00.000000,DEPARTAMENTO,arriendo,owner_direct
PI-2023-05-000862,portalinmobiliario,Quinta Normal,Metropolitana,460000,13.14,46.4,2023-03-16 00:00:00.000000,2023-05-08 00:00:00.000000,DEPARTAMENTO,Arriendo,agency
PI-2023-05-003070,portalinmobiliario,Estación Central,Metropolitana,625000,17.86,68.7,2023-05-16 00:00:00.000000,2023-05-22 00:00:00.000000,Departamento,arriendo,owner_direct
PI-2023-05-004836,portalinmobiliario,Santiago,Metropolitana,570000,16.29,38.3,2023-04-26 00:00:00.000000,2023-05-29 00:00:00.000000,Departamento,Arriendo,agency
PI-2023-05-003263,portalinmobiliario,Santiago,Metropolitana,630000,18.0,52.1,2023-04-16 00:00:00.000000,2023-05-22 00:00:00.000000,DEPARTAMENTO,ARRIENDO,owner_direct
PI-2023-05-001019,portalinmobiliario,Ñuñoa,Metropolitana,560000,16.0,30.4,2023-01-09 00:00:00.000000,2023-05-08 00:00:00.000000,DEPARTAMENTO,Arriendo,owner_direct
PI-2023-05-000821,portalinmobiliario,Providencia,Metropolitana,750000,21.43,37.3,2023-04-19 00:00:00.000000,2023-05-01 00:00:00.000000,Departamento,Arriendo,owner_direct
PI-2023-05-001433,portalinmobiliario,Renca,Metropolitana,380000,10.86,38.5,2023-04-03 00:00:00.000000,2023-05-08 00:00:00.000000,Departamento,ARRIENDO,agency
PI-2023-05-000482,portalinmobiliario,Lo Barnechea,Metropolitana,910000,26.0,48.9,2023-04-24 00:00:00.000000,2023-05-01 00:00:00.000000,departamento,Arriendo,agency
PI-2023-05-003905,portalinmobiliario,Santiago,Metropolitana,2000000,57.14,39.4,2022-11-03 00:00:00.000000,2023-05-29 00:00:00.000000,Departamento,arriendo,agency
PI-2023-05-001736,portalinmobiliario,San Miguel,Metropolitana,1005000,28.71,111.5,2023-03-29 00:00:00.000000,2023-05-08 00:00:00.000000,DEPARTAMENTO,Arriendo,owner_direct
PI-2023-05-003505,portalinmobiliario,La Florida,Metropolitana,550000,15.71,63.1,2023-05-16 00:00:00.000000,2023-05-22 00:00:00.000000,Departamento,arriendo,agency
PI-2023-05-004049,portalinmobiliario,Quilicura,Metropolitana,440000,12.57,54.0,2023-04-26 00:00:00.000000,2023-05-29 00:00:00.000000,Departamento,Arriendo,agency
PI-2023-05-004708,portalinmobiliario,Recoleta,Metropolitana,540000,15.43,50.2,2023-01-15 00:00:00.000000,2023-05-29 00:00:00.000000,Departamento,ARRIENDO,agency
PI-2023-05-002946,portalinmobiliario,San Joaquín,Metropolitana,495000,14.14,54.8,2023-04-14 00:00:00.000000,2023-05-22 00:00:00.000000,DEPARTAMENTO,ARRIENDO,agency
PI-2023-05-001644,portalinmobiliario,La Reina,Metropolitana,790000,22.57,42.6,2023-04-21 00:00:00.000000,2023-05-08 00:00:00.000000,departamento,ARRIENDO,owner_direct
PI-2023-05-000398,portalinmobiliario,Ñuñoa,Metropolitana,855000,24.43,55.4,2022-12-06 00:00:00.000000,2023-05-01 00:00:00.000000,DEPARTAMENTO,arriendo,agency
PI-2023-05-000352,portalinmobiliario, San Miguel,Metropolitana,440000,12.57,32.7,2023-04-01 00:00:00.000000,2023-05-01 00:00:00.000000,departamento,Arriendo,agency
PI-2023-05-002230,portalinmobiliario,Independencia,Metropolitana,350000,10.0,36.2,2023-05-10 00:00:00.000000,2023-05-15 00:00:00.000000,departamento,arriendo,agency
PI-2023-05-001127,portalinmobiliario,Quilicura,Metropolitana,375000,10.71,42.5,2023-03-25 00:00:00.000000,2023-05-08 00:00:00.000000,departamento,ARRIENDO,agency
PI-2023-05-000351,portalinmobiliario,San Miguel,Metropolitana,500000,14.29,44.4,2023-03-21 00:00:00.000000,2023-05-01 00:00:00.000000,DEPARTAMENTO,ARRIENDO,owner_direct
PI-2023-05-001439,portalinmobiliario,San Miguel,Metropolitana,610000,17.43,41.9,2023-04-13 00:00:00.000000,2023-05-08 00:00:00.000000,Departamento,arriendo,agency
PI-2023-05-000538,portalinmobiliario,Santiago,Metropolitana,665000,19.0,62.9,2023-04-20 00:00:00.000000,2023-05-01 00:00:00.000000,DEPARTAMENTO,ARRIENDO,agency
PI-2023-05-001662,portalinmobiliario,Ñuñoa,Metropolitana,465000,13.29,26.2,2023-04-26 00:00:00.000000,2023-05-08 00:00:00.000000,Departamento,ARRIENDO,agency
PI-2023-05-004522,portalinmobiliario,Huechuraba,Metropolitana,485000,13.86,26.5,2023-05-19 00:00:00.000000,2023-05-29 00:00:00.000000,departamento,arriendo,owner_direct
PI-2023-05-002148,portalinmobiliario,San Joaquín,Metropolitana,535000,15.29,48.8,2023-04-13 00:00:00.000000,2023-05-15 00:00:00.000000,DEPARTAMENTO,ARRIENDO,owner_direct
PI-2023-05-004360,portalinmobiliario,Macul,Metropolitana,625000,17.86,55.6,2023-03-21 00:00:00.000000,2023-05-29 00:00:00.000000,departamento,Arriendo,owner_direct
PI-2023-05-001066,portalinmobiliario,Huechuraba,Metropolitana,585000,16.71,42.5,2023-04-17 00:00:00.000000,2023-05-08 00:00:00.000000,DEPARTAMENTO,Arriendo,agency
PI-2023-05-001383,portalinmobiliario,La Florida,Metropolitana,560000,16.0,47.9,2022-11-30 00:00:00.000000,2023-05-08 00:00:00.000000,Departamento,arriendo,agency
PI-2023-05-002223,portalinmobiliario,Lo Barnechea,Metropolitana,810000,23.14,41.5,2023-03-21 00:00:00.000000,2023-05-15 00:00:00.000000,DEPARTAMENTO,Arriendo,agency
PI-2023-05-003566,portalinmobiliario,La Florida,Metropolitana,555000,15.86,44.9,2023-03-15 00:00:00.000000,2023-05-22 00:00:00.000000,departamento,ARRIENDO,owner_direct
PI-2023-05-000951,portalinmobiliario,Huechuraba,Metropolitana,535000,15.29,44.6,2023-03-31 00:00:00.000000,2023-05-08 00:00:00.000000,Departamento,ARRIENDO,agency
PI-2023-05-001657,portalinmobiliario,Lo Barnechea,Metropolitana,910000,26.0,62.9,2023-05-01 00:00:00.000000,2023-05-08 00:00:00.000000,Departamento,arriendo,agency
PI-2023-05-000324,portalinmobiliario,Huechuraba,Metropolitana,715000,20.43,77.6,2023-04-07 00:00:00.000000,2023-05-01 00:00:00.000000,Departamento,ARRIENDO,agency
PI-2023-05-003324,portalinmobiliario,Recoleta,Metropolitana,575000,16.43,55.5,2023-04-03 00:00:00.000000,2023-05-22 00:00:00.000000,departamento,ARRIENDO,agency
PI-2023-05-002471,portalinmobiliario, Las Condes,Metropolitana,695000,19.86,31.2,2023-04-03 00:00:00.000000,2023-05-15 00:00:00.000000,departamento,Arriendo,owner_direct
PI-2023-05-004802,portalinmobiliario,Recoleta,Metropolitana,425000,12.14,38.0,2023-04-04 00:00:00.000000,2023-05-29 00:00:00.000000,departamento,ARRIENDO,owner_direct
PI-2023-05-002844,portalinmobiliario,Independencia,Metropolitana,475000,13.57,36.5,2023-04-10 00:00:00.000000,2023-05-22 00:00:00.000000,Departamento,Arriendo,agency
PI-2023-05-003527,portalinmobiliario,San Miguel,Metropolitana,1030000,29.43,112.0,2023-04-21 00:00:00.000000,2023-05-22 00:00:00.000000,Departamento,ARRIENDO,agency
PI-2023-05-003342,portalinmobiliario,Maipú,Metropolitana,545000,15.57,50.5,2022-12-03 00:00:00.000000,2023-05-22 00:00:00.000000,departamento,arriendo,agency
PI-2023-05-003195,portalinmobiliario,Recoleta,Metropolitana,505000,14.43,36.1,2023-05-08 00:00:00.000000,2023-05-22 00:00:00.000000,departamento,arriendo,agency
PI-2023-05-003985,portalinmobiliario,San Miguel,Metropolitana,885000,25.29,82.1,2023-04-08 00:00:00.000000,2023-05-29 00:00:00.000000,DEPARTAMENTO,ARRIENDO,owner_direct
PI-2023-05-004032,portalinmobiliario,La Florida,Metropolitana,575000,16.43,58.7,2023-05-19 00:00:00.000000,2023-05-29 00:00:00.000000,DEPARTAMENTO,Arriendo,owner_direct
PI-2023-05-000638,portalinmobiliario,Santiago,Metropolitana,510000,14.57,37.1,2023-04-17 00:00:00.000000,2023-05-01 00:00:00.000000,Departamento,arriendo,agency
PI-2023-05-000582,portalinmobiliario,Estación Central,Metropolitana,405000,11.57,45.3,2023-04-15 00:00:00.000000,2023-05-01 00:00:00.000000,Departamento,Arriendo,owner_direct
PI-2023-05-004166,portalinmobiliario,Conchalí,Metropolitana,605000,17.29,79.0,2023-05-16 00:00:00.000000,2023-05-29 00:00:00.000000,departamento,Arriendo,owner_direct
PI-2023-05-001386,portalinmobiliario,Lo Barnechea,Metropolitana,955000,27.29,40.7,2023-04-02 00:00:00.000000,2023-05-08 00:00:00.000000,Departamento,ARRIENDO,owner_direct
PI-2023-05-002492,portalinmobiliario,Las Condes,Metropolitana,1015000,29.0,54.4,2023-04-22 00:00:00.000000,2023-05-15 00:00:00.000000,DEPARTAMENTO,Arriendo,owner_direct
PI-2023-05-003971,portalinmobiliario,Providencia,Metropolitana,1065000,30.43,46.0,2023-04-27 00:00:00.000000,2023-05-29 00:00:00.000000,DEPARTAMENTO,arriendo,agency
PI-2023-05-003817,portalinmobiliario,Estación Central,Metropolitana,515000,14.71,55.0,2023-05-23 00:00:00.000000,2023-05-29 00:00:00.000000,Departamento,ARRIENDO,agency
PI-2023-05-004462,portalinmobiliario,Providencia,Metropolitana,880000,25.14,40.2,2023-05-03 00:00:00.000000,2023-05-29 00:00:00.000000,DEPARTAMENTO,arriendo,owner_direct
PI-2023-05-004269,portalinmobiliario,las condes,Metropolitana,860000,24.57,48.0,2023-05-09 00:00:00.000000,2023-05-29 00:00:00.000000,DEPARTAMENTO,Arriendo,agency
PI-2023-05-000981,portalinmobiliario,La Florida,Metropolitana,400000,11.43,28.0,2023-03-19 00:00:00.000000,2023-05-08 00:00:00.000000,DEPARTAMENTO,Arriendo,owner_direct
PI-2023-05-001934,portalinmobiliario,Maipú,Metropolitana,510000,14.57,55.5,2022-10-13 00:00:00.000000,2023-05-15 00:00:00.000000,DEPARTAMENTO,ARRIENDO,agency
PI-2023-05-002979,portalinmobiliario,Quinta Normal,Metropolitana,715000,20.43,105.6,2023-04-06 00:00:00.000000,2023-05-22 00:00:00.000000,DEPARTAMENTO,ARRIENDO,agency
PI-2023-05-004455,portalinmobiliario,Santiago,Metropolitana,1050000,30.0,98.3,2023-05-10 00:00:00.000000,2023-05-29 00:00:00.000000,departamento,arriendo,agency
PI-2023-05-002991,portalinmobiliario,Independencia,Metropolitana,585000,16.71,67.0,2023-05-13 00:00:00.000000,2023-05-22 00:00:00.000000,DEPARTAMENTO,Arriendo,agency
PI-2023-05-000463,portalinmobiliario,La Reina,Metropolitana,615000,17.57,41.6,2023-04-17 00:00:00.000000,2023-05-01 00:00:00.000000,DEPARTAMENTO,ARRIENDO,agency
PI-2023-05-004232,portalinmobiliario,Ñuñoa,Metropolitana,670000,19.14,57.0,2023-05-26 00:00:00.000000,2023-05-29 00:00:00.000000,departamento,arriendo,agency
PI-2023-05-001762,portalinmobiliario,San Joaquín,Metropolitana,350000,10.0,40.7,2022-12-04 00:00:00.000000,2023-05-08 00:00:00.000000,departamento,ARRIENDO,agency
PI-2023-05-001095,portalinmobiliario,Cerrillos,Metropolitana,485000,13.86,42.0,2023-04-25 00:00:00.000000,2023-05-08 00:00:00.000000,departamento,ARRIENDO,owner_direct
PI-2023-05-003650,portalinmobiliario,Santiago,Metropolitana,690000,19.71,49.9,2023-04-30 00:00:00.000000,2023-05-22 00:00:00.000000,departamento,ARRIENDO,owner_direct
PI-2023-05-001764,portalinmobiliario,Santiago,Metropolitana,580000,16.57,37.0,2023-04-26 00:00:00.000000,2023-05-08 00:00:00.000000,DEPARTAMENTO,Arriendo,agency
PI-2023-05-004214,portalinmobiliario,Santiago,Metropolitana,685000,19.57,50.3,2023-04-30 00:00:00.000000,2023-05-29 00:00:00.000000,DEPARTAMENTO,arriendo,owner_direct
PI-2023-05-000424,portalinmobiliario,Macul,Metropolitana,485000,13.86,12.0,2023-04-20 00:00:00.000000,2023-05-01 00:00:00.000000,DEPARTAMENTO,arriendo,agency
PI-2023-05-000937,portalinmobiliario,San Miguel,Metropolitana,660000,18.86,53.9,2022-12-02 00:00:00.000000,2023-05-08 00:00:00.000000,Departamento,arriendo,owner_direct
PI-2023-05-000189,portalinmobiliario,Quinta Normal,Metropolitana,560000,16.0,56.9,2023-04-21 00:00:00.000000,2023-05-01 00:00:00.000000,departamento,Arriendo,agency
PI-2023-05-003774,portalinmobiliario,Independencia,Metropolitana,785000,22.43,98.5,2022-11-26 00:00:00.000000,2023-05-22 00:00:00.000000,departamento,ARRIENDO,agency
PI-2023-05-002399,portalinmobiliario,Las Condes,Metropolitana,845000,24.14,39.2,2023-04-25 00:00:00.000000,2023-05-15 00:00:00.000000,DEPARTAMENTO,Arriendo,owner_direct
PI-2023-05-004777,portalinmobiliario,Macul,Metropolitana,480000,13.71,41.3,2023-05-16 00:00:00.000000,2023-05-29 00:00:00.000000,Departamento,ARRIENDO,agency
PI-2023-05-000627,portalinmobiliario,Macul,Metropolitana,565000,16.14,46.2,2023-04-08 00:00:00.000000,2023-05-01 00:00:00.000000,DEPARTAMENTO,Arriendo,owner_direct
PI-2023-05-002274,portalinmobiliario,Las Condes,Metropolitana,705000,20.14,35.8,2023-04-16 00:00:00.000000,2023-05-15 00:00:00.000000,departamento,ARRIENDO,owner_direct
PI-2023-05-004764,portalinmobiliario,La Florida,Metropolitana,475000,13.57,33.8,2023-04-25 00:00:00.000000,2023-05-29 00:00:00.000000,Departamento,ARRIENDO,owner_direct
PI-2023-05-001861,portalinmobiliario,Cerrillos,Metropolitana,750000,21.43,91.9,2023-03-28 00:00:00.000000,2023-05-15 00:00:00.000000,departamento,ARRIENDO,agency
PI-2023-05-001604,portalinmobiliario,Recoleta,Metropolitana,420000,12.0,54.4,2022-12-12 00:00:00.000000,2023-05-08 00:00:00.000000,DEPARTAMENTO,arriendo,agency
PI-2023-05-002787,portalinmobiliario,San Joaquín,Metropolitana,665000,19.0,93.3,2023-04-20 00:00:00.000000,2023-05-22 00:00:00.000000,departamento,arriendo,agency
PI-2023-05-001755,portalinmobiliario,Recoleta,Metropolitana,540000,15.43,66.6,2023-03-10 00:00:00.000000,2023-05-08 00:00:00.000000,departamento,Arriendo,owner_direct
PI-2023-05-000296,portalinmobiliario,Recoleta,Metropolitana,800000,22.86,105.1,2023-04-25 00:00:00.000000,2023-05-01 00:00:00.000000,departamento,Arriendo,agency
PI-2023-05-002143,portalinmobiliario,Las Condes,Metropolitana,920000,26.29,42.2,2023-05-04 00:00:00.000000,2023-05-15 00:00:00.000000,DEPARTAMENTO,arriendo,agency
PI-2023-05-004421,portalinmobiliario,Estación Central,Metropolitana,515000,14.71,48.0,2023-05-01 00:00:00.000000,2023-05-29 00:00:00.000000,Departamento,Arriendo,agency
PI-2023-05-000710,portalinmobiliario,Maipú,Metropolitana,540000,15.43,48.2,2023-03-19 00:00:00.000000,2023-05-01 00:00:00.000000,Departamento,ARRIENDO,owner_direct
PI-2023-05-000059,portalinmobiliario,Santiago,Metropolitana,625000,17.86,42.2,2023-04-21 00:00:00.000000,2023-05-01 00:00:00.000000,Departamento,Arriendo,agency
PI-2023-05-004058,portalinmobiliario,peñalolén,Metropolitana,695000,19.86,78.4,2023-04-29 00:00:00.000000,2023-05-29 00:00:00.000000,departamento,ARRIENDO,owner_direct
PI-2023-05-001900,portalinmobiliario,La Florida,Metropolitana,1465000,41.86,168.0,2023-04-21 00:00:00.000000,2023-05-15 00:00:00.000000,Departamento,arriendo,agency
PI-2023-05-003715,portalinmobiliario,Conchalí,Metropolitana,490000,14.0,60.0,2022-11-29 00:00:00.000000,2023-05-22 00:00:00.000000,Departamento,ARRIENDO,owner_direct
PI-2023-05-002118,portalinmobiliario,Estación Central,Metropolitana,490000,14.0,40.7,2023-04-28 00:00:00.000000,2023-05-15 00:00:00.000000,DEPARTAMENTO,arriendo,agency
PI-2023-05-003634,portalinmobiliario,Huechuraba,Metropolitana,525000,15.0,41.1,2023-05-17 00:00:00.000000,2023-05-22 00:00:00.000000,DEPARTAMENTO,arriendo,owner_direct
PI-2023-05-000955,portalinmobiliario,Santiago,Metropolitana,495000,14.14,33.0,2023-03-13 00:00:00.000000,2023-05-08 00:00:00.000000,Departamento,ARRIENDO,agency
PI-2023-05-002800,portalinmobiliario,Conchalí,Metropolitana,500000,14.29,59.7,2023-05-04 00:00:00.000000,2023-05-22 00:00:00.000000,departamento,arriendo,agency
PI-2023-05-000361,portalinmobiliario,Independencia,Metropolitana,590000,16.86,61.5,2023-04-28 00:00:00.000000,2023-05-01 00:00:00.000000,Departamento,Arriendo,owner_direct
PI-2023-05-001443,portalinmobiliario,Macul,Metropolitana,520000,14.86,35.7,2023-04-19 00:00:00.000000,2023-05-08 00:00:00.000000,DEPARTAMENTO,ARRIENDO,agency
PI-2023-05-004609,portalinmobiliario,La Florida,Metropolitana,560000,16.0,53.4,2023-05-12 00:00:00.000000,2023-05-29 00:00:00.000000,Departamento,arriendo,owner_direct
PI-2023-05-001539,portalinmobiliario,San Miguel,Metropolitana,555000,15.86,42.2,2023-04-27 00:00:00.000000,2023-05-08 00:00:00.000000,Departamento,Arriendo,agency
PI-2023-05-003890,portalinmobiliario,Huechuraba,Metropolitana,815000,23.29,84.8,2023-02-21 00:00:00.000000,2023-05-29 00:00:00.000000,departamento,ARRIENDO,owner_direct
PI-2023-05-000301,portalinmobiliario,Las Condes,Metropolitana,790000,22.57,34.1,2023-04-12 00:00:00.000000,2023-05-01 00:00:00.000000,DEPARTAMENTO,ARRIENDO,owner_direct
PI-2023-05-001099,portalinmobiliario,San Miguel,Metropolitana,570000,16.29,52.9,2023-04-26 00:00:00.000000,2023-05-08 00:00:00.000000,Departamento,ARRIENDO,agency
PI-2023-05-000844,portalinmobiliario,Estación Central,Metropolitana,455000,13.0,55.0,2023-04-27 00:00:00.000000,2023-05-08 00:00:00.000000,DEPARTAMENTO,arriendo,agency
PI-2023-05-000679,portalinmobiliario,Macul,Metropolitana,570000,16.29,44.0,2023-04-26 00:00:00.000000,2023-05-01 00:00:00.000000,DEPARTAMENTO,arriendo,owner_direct
PI-2023-05-000884,portalinmobiliario,Quinta Normal,Metropolitana,410000,11.71,37.3,2023-04-02 00:00:00.000000,2023-05-08 00:00:00.000000,departamento,Arriendo,agency
PI-2023-05-003316,portalinmobiliario,Lo Barnechea,Metropolitana,785000,22.43,47.7,2023-04-20 00:00:00.000000,2023-05-22 00:00:00.000000,DEPARTAMENTO,Arriendo,agency
PI-2023-05-000984,portalinmobiliario,La Florida,Metropolitana,525000,15.0,49.9,2023-04-10 00:00:00.000000,2023-05-08 00:00:00.000000,DEPARTAMENTO,Arriendo,owner_direct
PI-2023-05-003428,portalinmobiliario,Macul,Metropolitana,570000,16.29,43.1,2023-05-13 00:00:00.000000,2023-05-22 00:00:00.000000,Departamento,Arriendo,agency
PI-2023-05-000739,portalinmobiliario,Peñalolén,Metropolitana,730000,20.86,75.9,2023-04-09 00:00:00.000000,2023-05-01 00:00:00.000000,departamento,arriendo,owner_direct
PI-2023-05-000217,portalinmobiliario,Santiago,Metropolitana,530000,15.14,54.3,2023-03-14 00:00:00.000000,2023-05-01 00:00:00.000000,Departamento,ARRIENDO,owner_direct
PI-2023-05-004417,portalinmobiliario,Estación Central,Metropolitana,440000,12.57,39.7,2023-05-26 00:00:00.000000,2023-05-29 00:00:00.000000,DEPARTAMENTO,Arriendo,owner_direct
PI-2023-05-000945,portalinmobiliario,Lo Barnechea,Metropolitana,1365000,39.0,92.7,2023-04-08 00:00:00.000000,2023-05-08 00:00:00.000000,departamento,ARRIENDO,owner_direct
PI-2023-05-002698,portalinmobiliario,San Miguel,Metropolitana,645000,18.43,56.2,2023-05-02 00:00:00.000000,2023-05-15 00:00:00.000000,departamento,ARRIENDO,agency
PI-2023-05-000295,portalinmobiliario,Santiago,Metropolitana,690000,19.71,67.8,2023-02-08 00:00:00.000000,2023-05-01 00:00:00.000000,departamento,Arriendo,agency
PI-2023-05-002444,portalinmobiliario,La Florida,Metropolitana,640000,18.29,72.2,2023-04-10 00:00:00.000000,2023-05-15 00:00:00.000000,DEPARTAMENTO,ARRIENDO,agency
PI-2023-05-004191,portalinmobiliario,Puente Alto,Metropolitana,510000,14.57,81.1,2023-05-19 00:00:00.000000,2023-05-29 00:00:00.000000,DEPARTAMENTO,arriendo,owner_direct
PI-2023-05-003460,portalinmobiliario,Cerrillos,Metropolitana,490000,14.0,41.3,2023-05-11 00:00:00.000000,2023-05-22 00:00:00.000000,DEPARTAMENTO,Arriendo,owner_direct
PI-2023-05-002516,portalinmobiliario,Lo Barnechea,Metropolitana,830000,23.71,46.8,2023-03-12 00:00:00.000000,2023-05-15 00:00:00.000000,departamento,ARRIENDO,agency
PI-2023-05-001132,portalinmobiliario,Macul,Metropolitana,595000,17.0,36.2,2023-04-26 00:00:00.000000,2023-05-08 00:00:00.000000,departamento,Arriendo,agency
PI-2023-05-000338,portalinmobiliario,Las Condes,Metropolitana,930000,26.57,49.5,2023-03-15 00:00:00.000000,2023-05-01 00:00:00.000000,DEPARTAMENTO,arriendo,agency
PI-2023-05-000027,portalinmobiliario,Vitacura,Metropolitana,1160000,33.14,54.9,2023-03-31 00:00:00.000000,2023-05-01 00:00:00.000000,DEPARTAMENTO,arriendo,owner_direct
PI-2023-05-002637,portalinmobiliario,Maipú,Metropolitana,525000,15.0,45.7,2023-02-26 00:00:00.000000,2023-05-15 00:00:00.000000,departamento,ARRIENDO,owner_direct
PI-2023-05-004392,portalinmobiliario,Macul,Metropolitana,1200000,34.29,133.3,2023-04-25 00:00:00.000000,2023-05-29 00:00:00.000000,departamento,arriendo,agency
PI-2023-05-004029,portalinmobiliario,Las Condes,Metropolitana,620000,17.71,28.1,2023-05-19 00:00:00.000000,2023-05-29 00:00:00.000000,DEPARTAMENTO,arriendo,owner_direct
PI-2023-05-003365,portalinmobiliario,Puente Alto,Metropolitana,575000,16.43,62.4,2023-05-09 00:00:00.000000,2023-05-22 00:00:00.000000,departamento,ARRIENDO,agency
PI-2023-05-004028,portalinmobiliario,La Reina,Metropolitana,1310000,37.43,97.2,2023-04-30 00:00:00.000000,2023-05-29 00:00:00.000000,DEPARTAMENTO,Arriendo,agency
PI-2023-05-000661,portalinmobiliario,La Cisterna,Metropolitana,485000,13.86,40.0,2022-11-04 00:00:00.000000,2023-05-01 00:00:00.000000,Departamento,ARRIENDO,owner_direct
PI-2023-05-001418,portalinmobiliario,Santiago,Metropolitana,650000,18.57,60.6,2023-04-20 00:00:00.000000,2023-05-08 00:00:00.000000,departamento,ARRIENDO,agency
PI-2023-05-003053,portalinmobiliario,Macul,Metropolitana,875000,25.0,75.9,2023-05-01 00:00:00.000000,2023-05-22 00:00:00.000000,departamento,arriendo,agency
PI-2023-05-004631,portalinmobiliario,Las Condes,Metropolitana,1180000,33.71,61.6,2023-05-26 00:00:00.000000,2023-05-29 00:00:00.000000,departamento,arriendo,agency
PI-2023-05-003108,portalinmobiliario,Santiago,Metropolitana,835000,23.86,89.9,2023-05-14 00:00:00.000000,2023-05-22 00:00:00.000000,DEPARTAMENTO,ARRIENDO,agency
PI-2023-05-003307,portalinmobiliario,Maipú,Metropolitana,520000,14.86,57.0,2023-05-19 00:00:00.000000,2023-05-22 00:00:00.000000,DEPARTAMENTO,Arriendo,owner_direct
PI-2023-05-003570,portalinmobiliario,Independencia,Metropolitana,5510000,157.43,51.1,2023-03-31 00:00:00.000000,2023-05-22 00:00:00.000000,DEPARTAMENTO,ARRIENDO,agency
PI-2023-05-002654,portalinmobiliario,Peñalolén,Metropolitana,475000,13.57,25.8,2023-04-30 00:00:00.000000,2023-05-15 00:00:00.000000,Departamento,arriendo,owner_direct
PI-2023-05-003998,portalinmobiliario,Santiago,Metropolitana,905000,25.86,95.0,2023-05-10 00:00:00.000000,2023-05-29 00:00:00.000000,departamento,Arriendo,agency
PI-2023-05-003246,portalinmobiliario,Santiago,Metropolitana,905000,25.86,93.3,2023-05-17 00:00:00.000000,2023-05-22 00:00:00.000000,DEPARTAMENTO,Arriendo,owner_direct
PI-2023-05-003879,portalinmobiliario,Estación Central,Metropolitana,550000,15.71,59.1,2023-05-04 00:00:00.000000,2023-05-29 00:00:00.000000,departamento,ARRIENDO,agency
PI-2023-05-002129,portalinmobiliario,Ñuñoa,Metropolitana,1125000,32.14,103.1,2023-04-27 00:00:00.000000,2023-05-15 00:00:00.000000,Departamento,arriendo,agency
PI-2023-05-004163,portalinmobiliario,Santiago ,Metropolitana,695000,19.86,62.3,2023-05-13 00:00:00.000000,2023-05-29 00:00:00.000000,departamento,Arriendo,owner_direct
PI-2023-05-004146,portalinmobiliario,Macul,Metropolitana,455000,13.0,28.2,2023-05-07 00:00:00.000000,2023-05-29 00:00:00.000000,Departamento,arriendo,agency
PI-2023-05-000429,portalinmobiliario,Ñuñoa,Metropolitana,530000,15.14,42.4,2023-04-01 00:00:00.000000,2023-05-01 00:00:00.000000,Departamento,Arriendo,owner_direct
PI-2023-05-000316,portalinmobiliario,Las Condes,Metropolitana,1705000,48.71,133.8,2023-04-25 00:00:00.000000,2023-05-01 00:00:00.000000,DEPARTAMENTO,Arriendo,agency
PI-2023-05-001882,portalinmobiliario,Santiago,Metropolitana,610000,17.43,64.0,2023-04-19 00:00:00.000000,2023-05-15 00:00:00.000000,DEPARTAMENTO,ARRIENDO,agency
PI-2023-05-001595,portalinmobiliario,Recoleta,Metropolitana,440000,12.57,41.4,2023-04-26 00:00:00.000000,2023-05-08 00:00:00.000000,Departamento,Arriendo,owner_direct
PI-2023-05-003423,portalinmobiliario,Macul,Metropolitana,655000,18.71,63.5,2023-05-14 00:00:00.000000,2023-05-22 00:00:00.000000,DEPARTAMENTO,ARRIENDO,agency
PI-2023-05-000759,portalinmobiliario,Pudahuel,Metropolitana,575000,16.43,55.7,2023-03-03 00:00:00.000000,2023-05-01 00:00:00.000000,DEPARTAMENTO,ARRIENDO,agency
PI-2023-05-003289,portalinmobiliario,Recoleta,Metropolitana,535000,15.29,51.7,2023-04-12 00:00:00.000000,2023-05-22 00:00:00.000000,Departamento,ARRIENDO,agency
PI-2023-05-002043,portalinmobiliario,ESTACIÓN CENTRAL,Metropolitana,425000,12.14,42.4,2023-04-13 00:00:00.000000,2023-05-15 00:00:00.000000,departamento,Arriendo,owner_direct
PI-2023-05-000227,portalinmobiliario,Estación Central,Metropolitana,595000,17.0,51.0,2023-03-26 00:00:00.000000,2023-05-01 00:00:00.000000,departamento,Arriendo,agency
PI-2023-05-002724,portalinmobiliario,Ñuñoa,Metropolitana,620000,17.71,38.1,2023-04-21 00:00:00.000000,2023-05-15 00:00:00.000000,DEPARTAMENTO,Arriendo,owner_direct
PI-2023-05-000178,portalinmobiliario,Santiago,Metropolitana,800000,22.86,91.2,2023-04-14 00:00:00.000000,2023-05-01 00:00:00.000000,Departamento,Arriendo,owner_direct
PI-2023-05-003396,portalinmobiliario,Quilicura,Metropolitana,435000,12.43,37.2,2023-04-01 00:00:00.000000,2023-05-22 00:00:00.000000,departamento,Arriendo,agency
PI-2023-05-003198,portalinmobiliario,Estación Central,Metropolitana,475000,13.57,47.0,2023-04-30 00:00:00.000000,2023-05-22 00:00:00.000000,departamento,Arriendo,agency
PI-2023-05-002028,portalinmobiliario,vitacura,Metropolitana,1215000,34.71,51.5,2023-04-01 00:00:00.000000,2023-05-15 00:00:00.000000,Departamento,ARRIENDO,agency
PI-2023-05-004827,portalinmobiliario,Lo Barnechea,Metropolitana,1235000,35.29,65.1,2023-03-18 00:00:00.000000,2023-05-29 00:00:00.000000,DEPARTAMENTO,ARRIENDO,agency
PI-2023-05-004200,portalinmobiliario,Macul,Metropolitana,485000,,32.4,2023-04-11 00:00:00.000000,2023-05-29 00:00:00.000000,DEPARTAMENTO,arriendo,agency
PI-2023-05-003395,portalinmobiliario,Providencia,Metropolitana,915000,26.14,36.9,2023-04-18 00:00:00.000000,2023-05-22 00:00:00.000000,departamento,Arriendo,agency
PI-2023-05-001284,portalinmobiliario,Macul,Metropolitana,710000,20.29,79.1,2023-04-14 00:00:00.000000,2023-05-08 00:00:00.000000,departamento,arriendo,owner_direct
PI-2023-05-003104,portalinmobiliario,Providencia,Metropolitana,1110000,31.71,61.0,2023-05-12 00:00:00.000000,2023-05-22 00:00:00.000000,departamento,ARRIENDO,agency
PI-2023-05-001976,portalinmobiliario,Conchalí,Metropolitana,345000,9.86,33.9,2023-04-28 00:00:00.000000,2023-05-15 00:00:00.000000,DEPARTAMENTO,ARRIENDO,owner_direct
PI-2023-05-000629,portalinmobiliario,MAIPÚ,Metropolitana,365000,10.43,35.9,2023-03-15 00:00:00.000000,2023-05-01 00:00:00.000000,Departamento,ARRIENDO,agency
PI-2023-05-000040,portalinmobiliario,Santiago,Metropolitana,475000,13.57,41.6,2023-03-29 00:00:00.000000,2023-05-01 00:00:00.000000,DEPARTAMENTO,Arriendo,owner_direct
PI-2023-05-002461,portalinmobiliario,Estación Central,Metropolitana,540000,15.43,50.4,2023-05-08 00:00:00.000000,2023-05-15 00:00:00.000000,departamento,arriendo,agency
PI-2023-05-001899,portalinmobiliario,Santiago,Metropolitana,6890000,196.86,999.0,2023-02-17 00:00:00.000000,2023-05-15 00:00:00.000000,departamento,ARRIENDO,agency
PI-2023-05-000209,portalinmobiliario,Santiago,Metropolitana,585000,16.71,37.6,2023-04-24 00:00:00.000000,2023-05-01 00:00:00.000000,departamento,arriendo,agency
PI-2023-05-003167,portalinmobiliario,Santiago,Metropolitana,445000,12.71,33.1,2023-03-16 00:00:00.000000,2023-05-22 00:00:00.000000,Departamento,arriendo,agency
PI-2023-05-001745,portalinmobiliario,La Florida,Metropolitana,555000,15.86,52.8,2023-04-28 00:00:00.000000,2023-05-08 00:00:00.000000,DEPARTAMENTO,ARRIENDO,agency
PI-2023-05-004061,portalinmobiliario,Independencia,Metropolitana,565000,16.14,67.6,2023-05-18 00:00:00.000000,2023-05-29 00:00:00.000000,Departamento,Arriendo,owner_direct
PI-2023-05-004175,portalinmobiliario,Pudahuel,Metropolitana,525000,15.0,63.9,2023-05-20 00:00:00.000000,2023-05-29 00:00:00.000000,departamento,Arriendo,agency
PI-2023-05-003186,portalinmobiliario,Macul,Metropolitana,475000,13.57,31.3,2023-05-18 00:00:00.000000,2023-05-22 00:00:00.000000,DEPARTAMENTO,Arriendo,owner_direct
PI-2023-05-002912,portalinmobiliario,LA FLORIDA,Metropolitana,530000,15.14,46.5,2023-04-16 00:00:00.000000,2023-05-22 00:00:00.000000,departamento,Arriendo,agency
PI-2023-05-002018,portalinmobiliario,Las Condes,Metropolitana,2355000,67.29,156.8,2023-04-12 00:00:00.000000,2023-05-15 00:00:00.000000,departamento,arriendo,owner_direct
PI-2023-05-003132,portalinmobiliario,Santiago,Metropolitana,565000,16.14,50.0,2023-05-14 00:00:00.000000,2023-05-22 00:00:00.000000,departamento,Arriendo,owner_direct
PI-2023-05-001332,portalinmobiliario,Huechuraba,Metropolitana,500000,14.29,44.7,2023-03-09 00:00:00.000000,2023-05-08 00:00:00.000000,DEPARTAMENTO,Arriendo,agency
PI-2023-05-003757,portalinmobiliario,Las Condes,Metropolitana,965000,27.57,61.0,2023-04-25 00:00:00.000000,2023-05-22 00:00:00.000000,departamento,Arriendo,agency
PI-2023-05-000823,portalinmobiliario,Las Condes,Metropolitana,580000,16.57,31.6,2023-03-28 00:00:00.000000,2023-05-08 00:00:00.000000,Departamento,arriendo,agency
PI-2023-05-001268,portalinmobiliario,MACUL,Metropolitana,635000,18.14,64.8,2023-03-23 00:00:00.000000,2023-05-08 00:00:00.000000,Departamento,Arriendo,agency
PI-2023-05-000326,portalinmobiliario,La Florida ,Metropolitana,490000,14.0,50.3,2023-04-08 00:00:00.000000,2023-05-01 00:00:00.000000,Departamento,ARRIENDO,agency
PI-2023-05-002459,portalinmobiliario,Pudahuel,Metropolitana,535000,15.29,68.3,2023-05-07 00:00:00.000000,2023-05-15 00:00:00.000000,DEPARTAMENTO,arriendo,agency
PI-2023-05-004320,portalinmobiliario,Lo Barnechea,Metropolitana,805000,23.0,37.4,2023-04-08 00:00:00.000000,2023-05-29 00:00:00.000000,DEPARTAMENTO,arriendo,agency
PI-2023-05-004754,portalinmobiliario,Macul,Metropolitana,420000,12.0,35.4,2023-05-07 00:00:00.000000,2023-05-29 00:00:00.000000,departamento,Arriendo,agency
PI-2023-05-004784,portalinmobiliario,Independencia,Metropolitana,690000,19.71,69.8,2023-05-06 00:00:00.000000,2023-05-29 00:00:00.000000,Departamento,Arriendo,agency
PI-2023-05-000939,portalinmobiliario,Puente Alto,Metropolitana,395000,11.29,35.2,2023-05-03 00:00:00.000000,2023-05-08 00:00:00.000000,Departamento,arriendo,agency
PI-2023-05-000766,portalinmobiliario,Lo Barnechea,Metropolitana,660000,18.86,27.2,2023-03-26 00:00:00.000000,2023-05-01 00:00:00.000000,DEPARTAMENTO,ARRIENDO,agency
PI-2023-05-001778,portalinmobiliario,Santiago,Metropolitana,735000,21.0,65.7,2023-05-04 00:00:00.000000,2023-05-15 00:00:00.000000,departamento,arriendo,owner_direct
PI-2023-05-003130,portalinmobiliario,Santiago,Metropolitana,700000,20.0,55.5,2023-04-26 00:00:00.000000,2023-05-22 00:00:00.000000,DEPARTAMENTO,Arriendo,agency
PI-2023-05-001792,portalinmobiliario,La Florida,Metropolitana,625000,17.86,63.1,2023-04-25 00:00:00.000000,2023-05-15 00:00:00.000000,DEPARTAMENTO,Arriendo,agency
PI-2023-05-001866,portalinmobiliario,Las Condes,Metropolitana,1025000,29.29,51.7,2023-04-18 00:00:00.000000,2023-05-15 00:00:00.000000,departamento,Arriendo,owner_direct
PI-2023-05-004439,portalinmobiliario,maipú,Metropolitana,490000,14.0,53.0,2022-11-07 00:00:00.000000,2023-05-29 00:00:00.000000,DEPARTAMENTO,ARRIENDO,owner_direct
PI-2023-05-003635,portalinmobiliario,Ñuñoa,Metropolitana,1305000,37.29,91.1,2023-04-19 00:00:00.000000,2023-05-22 00:00:00.000000,Departamento,ARRIENDO,agency
PI-2023-05-002324,portalinmobiliario,Quinta Normal,Metropolitana,435000,12.43,43.4,2023-02-11 00:00:00.000000,2023-05-15 00:00:00.000000,Departamento,ARRIENDO,agency
PI-2023-05-001269,portalinmobiliario,Santiago,Metropolitana,710000,20.29,55.9,2023-05-06 00:00:00.000000,2023-05-08 00:00:00.000000,Departamento,arriendo,agency
PI-2023-05-003131,portalinmobiliario,Maipú,Metropolitana,500000,14.29,53.4,2023-05-01 00:00:00.000000,2023-05-22 00:00:00.000000,Departamento,ARRIENDO,owner_direct
PI-2023-05-004351,portalinmobiliario,Huechuraba,Metropolitana,440000,12.57,37.2,2023-04-24 00:00:00.000000,2023-05-29 00:00:00.000000,Departamento,Arriendo,owner_direct
PI-2023-05-001477,portalinmobiliario,Providencia,Metropolitana,1505000,43.0,100.4,2023-02-06 00:00:00.000000,2023-05-08 00:00:00.000000,departamento,arriendo,owner_direct
PI-2023-05-000502,portalinmobiliario,Cerrillos ,Metropolitana,405000,11.57,37.9,2023-04-08 00:00:00.000000,2023-05-01 00:00:00.000000,departamento,arriendo,agency
PI-2023-05-001707,portalinmobiliario,Recoleta,Metropolitana,505000,14.43,35.5,2023-03-21 00:00:00.000000,2023-05-08 00:00:00.000000,DEPARTAMENTO,ARRIENDO,agency
PI-2023-05-000380,portalinmobiliario,Peñalolén,Metropolitana,445000,12.71,34.4,2023-04-27 00:00:00.000000,2023-05-01 00:00:00.000000,Departamento,arriendo,owner_direct
PI-2023-05-000652,portalinmobiliario,Cerrillos,Metropolitana,715000,20.43,57.8,2023-04-01 00:00:00.000000,2023-05-01 00:00:00.000000,DEPARTAMENTO,ARRIENDO,agency
PI-2023-05-001795,portalinmobiliario,Independencia,Metropolitana,630000,18.0,50.7,2023-04-09 00:00:00.000000,2023-05-15 00:00:00.000000,Departamento,arriendo,owner_direct
PI-2023-05-004190,portalinmobiliario,Ñuñoa,Metropolitana,760000,21.71,51.3,2023-05-20 00:00:00.000000,2023-05-29 00:00:00.000000,Departamento,Arriendo,agency
PI-2023-05-004015,portalinmobiliario,Quinta Normal,Metropolitana,605000,17.29,51.1,2023-05-10 00:00:00.000000,2023-05-29 00:00:00.000000,departamento,arriendo,agency
PI-2023-05-004667,portalinmobiliario,La Florida,Metropolitana,700000,20.0,63.8,2023-05-08 00:00:00.000000,2023-05-29 00:00:00.000000,DEPARTAMENTO,Arriendo,owner_direct
PI-2023-05-003919,portalinmobiliario,Macul,Metropolitana,550000,15.71,45.0,2023-05-10 00:00:00.000000,2023-05-29 00:00:00.000000,DEPARTAMENTO,arriendo,agency
PI-2023-05-003425,portalinmobiliario,Independencia,Metropolitana,500000,14.29,46.2,2023-05-08 00:00:00.000000,2023-05-22 00:00:00.000000,departamento,Arriendo,owner_direct
PI-2023-05-001712,portalinmobiliario,Recoleta,Metropolitana,425000,12.14,32.4,2023-04-25 00:00:00.000000,2023-05-08 00:00:00.000000,Departamento,ARRIENDO,owner_direct
PI-2023-05-000554,portalinmobiliario,La Cisterna,Metropolitana,625000,17.86,64.9,2023-04-23 00:00:00.000000,2023-05-01 00:00:00.000000,departamento,ARRIENDO,owner_direct
PI-2023-05-004225,portalinmobiliario,La Florida,Metropolitana,500000,14.29,41.2,2023-02-16 00:00:00.000000,2023-05-29 00:00:00.000000,departamento,arriendo,agency
PI-2023-05-000366,portalinmobiliario,Quinta Normal,Metropolitana,720000,20.57,82.1,2023-03-28 00:00:00.000000,2023-05-01 00:00:00.000000,Departamento,ARRIENDO,agency
PI-2023-05-000774,portalinmobiliario,San Miguel,Metropolitana,855000,24.43,95.1,2023-04-17 00:00:00.000000,2023-05-01 00:00:00.000000,Departamento,ARRIENDO,agency
PI-2023-05-000032,portalinmobiliario,Providencia,Metropolitana,1600000,45.71,29.2,2023-04-25 00:00:00.000000,2023-05-01 00:00:00.000000,Departamento,Arriendo,owner_direct
PI-2023-05-004664,portalinmobiliario,Las Condes,Metropolitana,785000,22.43,46.3,2023-05-24 00:00:00.000000,2023-05-29 00:00:00.000000,Departamento,arriendo,agency
PI-2023-05-004391,portalinmobiliario,Las Condes,Metropolitana,1035000,29.57,49.2,2023-05-11 00:00:00.000000,2023-05-29 00:00:00.000000,DEPARTAMENTO,Arriendo,agency
PI-2023-05-003487,portalinmobiliario,Ñuñoa,Metropolitana,775000,22.14,45.6,2023-04-25 00:00:00.000000,2023-05-22 00:00:00.000000,Departamento,arriendo,owner_direct
PI-2023-05-004151,portalinmobiliario,Quinta Normal,Metropolitana,345000,9.86,36.8,2023-03-20 00:00:00.000000,2023-05-29 00:00:00.000000,Departamento,ARRIENDO,agency
PI-2023-05-002663,portalinmobiliario,Cerrillos,Metropolitana,365000,10.43,25.3,2023-04-06 00:00:00.000000,2023-05-15 00:00:00.000000,Departamento,arriendo,owner_direct
PI-2023-05-000339,portalinmobiliario,Quilicura,Metropolitana,500000,14.29,49.9,2023-03-16 00:00:00.000000,2023-05-01 00:00:00.000000,departamento,arriendo,agency
PI-2023-05-001903,portalinmobiliario,Independencia,Metropolitana,505000,14.43,45.1,2023-03-30 00:00:00.000000,2023-05-15 00:00:00.000000,Departamento,Arriendo,owner_direct
PI-2023-05-001375,portalinmobiliario,Cerrillos,Metropolitana,490000,14.0,42.7,2023-04-29 00:00:00.000000,2023-05-08 00:00:00.000000,Departamento,Arriendo,agency
PI-2023-05-000372,portalinmobiliario,Recoleta,Metropolitana,405000,11.57,24.4,2023-04-05 00:00:00.000000,2023-05-01 00:00:00.000000,Departamento,arriendo,agency
PI-2023-05-001709,portalinmobiliario,Lo Barnechea,Metropolitana,880000,25.14,54.1,2023-04-06 00:00:00.000000,2023-05-08 00:00:00.000000,Departamento,Arriendo,owner_direct
PI-2023-05-000376,portalinmobiliario,Las Condes,Metropolitana,1070000,30.57,52.1,2023-02-28 00:00:00.000000,2023-05-01 00:00:00.000000,departamento,Arriendo,agency
PI-2023-05-003877,portalinmobiliario,Santiago,Metropolitana,575000,16.43,46.6,2023-05-20 00:00:00.000000,2023-05-29 00:00:00.000000,Departamento,Arriendo,owner_direct
PI-2023-05-001781,portalinmobiliario,Cerrillos,Metropolitana,405000,11.57,50.0,2023-05-04 00:00:00.000000,2023-05-15 00:00:00.000000,Departamento,Arriendo,owner_direct
PI-2023-05-001311,portalinmobiliario,Las Condes,Metropolitana,765000,21.86,42.6,2023-03-24 00:00:00.000000,2023-05-08 00:00:00.000000,DEPARTAMENTO,arriendo,owner_direct
PI-2023-05-000957,portalinmobiliario,Las Condes,Metropolitana,835000,23.86,42.9,2023-04-22 00:00:00.000000,2023-05-08 00:00:00.000000,departamento,ARRIENDO,owner_direct
PI-2023-05-003288,portalinmobiliario,Ñuñoa,Metropolitana,630000,18.0,29.5,2023-04-10 00:00:00.000000,2023-05-22 00:00:00.000000,Departamento,arriendo,agency
PI-2023-05-003248,portalinmobiliario,Puente Alto,Metropolitana,325000,9.29,30.1,2023-04-16 00:00:00.000000,2023-05-22 00:00:00.000000,departamento,ARRIENDO,agency
PI-2023-05-002527,portalinmobiliario,La Florida,Metropolitana,525000,15.0,47.8,2023-04-24 00:00:00.000000,2023-05-15 00:00:00.000000,Departamento,arriendo,agency
PI-2023-05-002040,portalinmobiliario,San Miguel,Metropolitana,635000,18.14,54.8,2023-04-29 00:00:00.000000,2023-05-15 00:00:00.000000,DEPARTAMENTO,arriendo,agency
PI-2023-05-001453,portalinmobiliario,Providencia,Metropolitana,715000,20.43,26.9,2023-04-23 00:00:00.000000,2023-05-08 00:00:00.000000,departamento,arriendo,owner_direct
PI-2023-05-003334,portalinmobiliario,Conchalí,Metropolitana,700000,20.0,76.5,2023-04-02 00:00:00.000000,2023-05-22 00:00:00.000000,departamento,arriendo,agency
PI-2023-05-002814,portalinmobiliario,Maipú,Metropolitana,380000,10.86,32.3,2023-04-07 00:00:00.000000,2023-05-22 00:00:00.000000,DEPARTAMENTO,ARRIENDO,agency
PI-2023-05-004605,portalinmobiliario,Independencia,Metropolitana,700000,20.0,79.0,2023-05-15 00:00:00.000000,2023-05-29 00:00:00.000000,Departamento,arriendo,owner_direct
PI-2023-05-004103,portalinmobiliario,LA FLORIDA,Metropolitana,595000,17.0,53.2,2023-04-19 00:00:00.000000,2023-05-29 00:00:00.000000,Departamento,arriendo,agency
PI-2023-05-004610,portalinmobiliario,San Joaquín,Metropolitana,435000,12.43,41.1,2023-05-05 00:00:00.000000,2023-05-29 00:00:00.000000,DEPARTAMENTO,ARRIENDO,owner_direct
PI-2023-05-004562,portalinmobiliario,Macul,Metropolitana,630000,18.0,48.9,2023-05-22 00:00:00.000000,2023-05-29 00:00:00.000000,departamento,arriendo,agency
PI-2023-05-004868,portalinmobiliario,San Joaquín,Metropolitana,490000,14.0,68.7,2022-12-18 00:00:00.000000,2023-05-29 00:00:00.000000,DEPARTAMENTO,arriendo,agency
PI-2023-05-004125,portalinmobiliario,Santiago,Metropolitana,545000,15.57,51.5,2023-05-15 00:00:00.000000,2023-05-29 00:00:00.000000,Departamento,arriendo,owner_direct
PI-2023-05-003447,portalinmobiliario,Peñalolén,Metropolitana,1070000,30.57,113.4,2023-05-06 00:00:00.000000,2023-05-22 00:00:00.000000,Departamento,ARRIENDO,owner_direct
PI-2023-05-000676,portalinmobiliario,Independencia,Metropolitana,645000,18.43,68.3,2022-12-13 00:00:00.000000,2023-05-01 00:00:00.000000,Departamento,Arriendo,agency
PI-2023-05-003049,portalinmobiliario,Macul,Metropolitana,565000,16.14,39.2,2023-05-19 00:00:00.000000,2023-05-22 00:00:00.000000,DEPARTAMENTO,arriendo,agency
PI-2023-05-004528,portalinmobiliario,Providencia,Metropolitana,1180000,33.71,71.8,2023-01-10 00:00:00.000000,2023-05-29 00:00:00.000000,departamento,arriendo,agency
PI-2023-05-004384,portalinmobiliario,Independencia,Metropolitana,495000,14.14,48.1,2023-05-06 00:00:00.000000,2023-05-29 00:00:00.000000,DEPARTAMENTO,Arriendo,agency
PI-2023-05-003740,portalinmobiliario,Renca,Metropolitana,520000,14.86,60.5,2023-03-12 00:00:00.000000,2023-05-22 00:00:00.000000,departamento,arriendo,agency
PI-2023-05-001273,portalinmobiliario,Ñuñoa,Metropolitana,605000,17.29,34.6,2023-04-18 00:00:00.000000,2023-05-08 00:00:00.000000,Departamento,Arriendo,owner_direct
PI-2023-05-003449,portalinmobiliario,Santiago,Metropolitana,860000,24.57,92.9,2023-04-24 00:00:00.000000,2023-05-22 00:00:00.000000,Departamento,arriendo,owner_direct
PI-2023-05-003510,portalinmobiliario,Cerrillos,Metropolitana,445000,12.71,40.7,2023-02-14 00:00:00.000000,2023-05-22 00:00:00.000000,DEPARTAMENTO,ARRIENDO,agency
PI-2023-05-004063,portalinmobiliario,Maipú,Metropolitana,1175000,33.57,148.8,2023-05-03 00:00:00.000000,2023-05-29 00:00:00.000000,DEPARTAMENTO,ARRIENDO,agency
PI-2023-05-004680,portalinmobiliario,San Miguel,Metropolitana,595000,17.0,48.7,2023-05-12 00:00:00.000000,2023-05-29 00:00:00.000000,departamento,Arriendo,owner_direct
PI-2023-05-000266,portalinmobiliario,Peñalolén,Metropolitana,1195000,34.14,143.4,2023-03-28 00:00:00.000000,2023-05-01 00:00:00.000000,departamento,ARRIENDO,owner_direct
PI-2023-05-003709,portalinmobiliario,Providencia,Metropolitana,1130000,32.29,87.3,2023-05-18 00:00:00.000000,2023-05-22 00:00:00.000000,departamento,ARRIENDO,agency
PI-2023-05-000547,portalinmobiliario,Estación Central,Metropolitana,575000,16.43,62.5,2022-08-12 00:00:00.000000,2023-05-01 00:00:00.000000,DEPARTAMENTO,Arriendo,agency
PI-2023-05-002716,portalinmobiliario,Macul,Metropolitana,720000,20.57,63.1,2023-04-15 00:00:00.000000,2023-05-15 00:00:00.000000,DEPARTAMENTO,Arriendo,agency
PI-2023-05-003068,portalinmobiliario,San Joaquín,Metropolitana,895000,25.57,123.9,2023-02-13 00:00:00.000000,2023-05-22 00:00:00.000000,Departamento,arriendo,owner_direct
PI-2023-05-002837,portalinmobiliario,Santiago,Metropolitana,925000,26.43,105.6,2023-05-17 00:00:00.000000,2023-05-22 00:00:00.000000,departamento,ARRIENDO,agency
PI-2023-05-000318,portalinmobiliario,Vitacura,Metropolitana,1140000,32.57,63.1,2023-04-22 00:00:00.000000,2023-05-01 00:00:00.000000,DEPARTAMENTO,arriendo,agency
PI-2023-05-002363,portalinmobiliario,Estación Central,Metropolitana,450000,12.86,53.2,2023-04-23 00:00:00.000000,2023-05-15 00:00:00.000000,DEPARTAMENTO,Arriendo,agency
PI-2023-05-004124,portalinmobiliario,Conchalí,Metropolitana,430000,12.29,38.9,2023-03-06 00:00:00.000000,2023-05-29 00:00:00.000000,Departamento,arriendo,agency
PI-2023-05-000311,portalinmobiliario,Ñuñoa,Metropolitana,655000,18.71,39.6,2023-03-26 00:00:00.000000,2023-05-01 00:00:00.000000,departamento,Arriendo,owner_direct
PI-2023-05-003629,portalinmobiliario,La Cisterna,Metropolitana,430000,12.29,45.2,2023-03-26 00:00:00.000000,2023-05-22 00:00:00.000000,DEPARTAMENTO,Arriendo,agency
PI-2023-05-004808,portalinmobiliario,La Florida,Metropolitana,530000,15.14,43.4,2023-04-28 00:00:00.000000,2023-05-29 00:00:00.000000,DEPARTAMENTO,Arriendo,agency
PI-2023-05-001363,portalinmobiliario,San Miguel,Metropolitana,430000,12.29,44.4,2023-04-21 00:00:00.000000,2023-05-08 00:00:00.000000,Departamento,ARRIENDO,agency
PI-2023-05-003660,portalinmobiliario,La Florida,Metropolitana,440000,12.57,49.9,2023-04-28 00:00:00.000000,2023-05-22 00:00:00.000000,departamento,ARRIENDO,owner_direct
PI-2023-05-003096,portalinmobiliario,Lo Barnechea,Metropolitana,865000,24.71,43.7,2023-05-16 00:00:00.000000,2023-05-22 00:00:00.000000,Departamento,ARRIENDO,agency
PI-2023-05-003378,portalinmobiliario,Providencia,Metropolitana,905000,25.86,62.8,2023-02-21 00:00:00.000000,2023-05-22 00:00:00.000000,departamento,arriendo,owner_direct
PI-2023-05-000734,portalinmobiliario,Santiago,Metropolitana,1705000,48.71,34.8,2023-04-09 00:00:00.000000,2023-05-01 00:00:00.000000,Departamento,Arriendo,owner_direct
PI-2023-05-001750,portalinmobiliario,Estación Central,Metropolitana,515000,14.71,62.3,2023-04-19 00:00:00.000000,2023-05-08 00:00:00.000000,departamento,Arriendo,agency
PI-2023-05-004464,portalinmobiliario,Estación Central,Metropolitana,990000,28.29,132.1,2023-03-31 00:00:00.000000,2023-05-29 00:00:00.000000,departamento,arriendo,owner_direct
PI-2023-05-004121,portalinmobiliario,Recoleta,Metropolitana,530000,15.14,45.5,2023-05-05 00:00:00.000000,2023-05-29 00:00:00.000000,DEPARTAMENTO,Arriendo,agency
PI-2023-05-002447,portalinmobiliario,Maipú,Metropolitana,320000,9.14,28.2,2022-12-16 00:00:00.000000,2023-05-15 00:00:00.000000,DEPARTAMENTO,ARRIENDO,owner_direct
PI-2023-05-000369,portalinmobiliario,Peñalolén,Metropolitana,4455000,127.29,47.9,2023-04-04 00:00:00.000000,2023-05-01 00:00:00.000000,departamento,arriendo,owner_direct
PI-2023-05-003291,portalinmobiliario,La Florida,Metropolitana,2910000,83.14,400.0,2023-04-30 00:00:00.000000,2023-05-22 00:00:00.000000,departamento,Arriendo,owner_direct
PI-2023-05-004735,portalinmobiliario,Recoleta,Metropolitana,460000,13.14,43.4,2023-03-15 00:00:00.000000,2023-05-29 00:00:00.000000,DEPARTAMENTO,Arriendo,owner_direct
PI-2023-05-002449,portalinmobiliario,Cerrillos,Metropolitana,505000,14.43,49.7,2023-05-02 00:00:00.000000,2023-05-15 00:00:00.000000,DEPARTAMENTO,arriendo,owner_direct
PI-2023-05-004495,portalinmobiliario,San Miguel,Metropolitana,460000,13.14,37.2,2023-04-28 00:00:00.000000,2023-05-29 00:00:00.000000,Departamento,Arriendo,agency
PI-2023-05-001786,portalinmobiliario,Independencia,Metropolitana,345000,9.86,31.1,2023-05-08 00:00:00.000000,2023-05-15 00:00:00.000000,DEPARTAMENTO,ARRIENDO,owner_direct
PI-2023-05-004817,portalinmobiliario,Vitacura,Metropolitana,1275000,36.43,63.9,2023-05-23 00:00:00.000000,2023-05-29 00:00:00.000000,Departamento,arriendo,agency
PI-2023-05-001289,portalinmobiliario,Ñuñoa,Metropolitana,550000,15.71,32.9,2023-04-28 00:00:00.000000,2023-05-08 00:00:00.000000,Departamento,Arriendo,agency
PI-2023-05-000238,portalinmobiliario,Santiago,Metropolitana,650000,18.57,55.0,2023-04-23 00:00:00.000000,2023-05-01 00:00:00.000000,DEPARTAMENTO,arriendo,owner_direct
PI-2023-05-000355,portalinmobiliario,maipú,Metropolitana,645000,18.43,102.1,2023-04-07 00:00:00.000000,2023-05-01 00:00:00.000000,departamento,arriendo,agency
PI-2023-05-002529,portalinmobiliario,Providencia,Metropolitana,830000,23.71,40.0,2023-05-10 00:00:00.000000,2023-05-15 00:00:00.000000,departamento,ARRIENDO,owner_direct
PI-2023-05-001904,portalinmobiliario,San Joaquín,Metropolitana,570000,16.29,70.4,2023-04-08 00:00:00.000000,2023-05-15 00:00:00.000000,DEPARTAMENTO,Arriendo,agency
PI-2023-05-002605,portalinmobiliario,Santiago,Metropolitana,655000,18.71,57.5,2023-04-05 00:00:00.000000,2023-05-15 00:00:00.000000,DEPARTAMENTO,Arriendo,agency
PI-2023-05-002565,portalinmobiliario,Las Condes,Metropolitana,1645000,47.0,98.8,2023-03-16 00:00:00.000000,2023-05-15 00:00:00.000000,Departamento,ARRIENDO,owner_direct
PI-2023-05-000692,portalinmobiliario,Santiago,Metropolitana,555000,15.86,41.8,2023-04-09 00:00:00.000000,2023-05-01 00:00:00.000000,departamento,arriendo,agency
PI-2023-05-003808,portalinmobiliario,La Florida,Metropolitana,495000,14.14,41.2,2023-04-24 00:00:00.000000,2023-05-29 00:00:00.000000,Departamento,Arriendo,agency
PI-2023-05-001224,portalinmobiliario,Providencia,Metropolitana,1035000,29.57,65.5,2023-04-05 00:00:00.000000,2023-05-08 00:00:00.000000,departamento,ARRIENDO,agency
PI-2023-05-001307,portalinmobiliario,Cerrillos,Metropolitana,515000,14.71,40.2,2023-03-28 00:00:00.000000,2023-05-08 00:00:00.000000,DEPARTAMENTO,ARRIENDO,owner_direct
PI-2023-05-002480,portalinmobiliario,Quinta Normal,Metropolitana,465000,13.29,41.8,2023-01-12 00:00:00.000000,2023-05-15 00:00:00.000000,departamento,ARRIENDO,owner_direct
PI-2023-05-003177,portalinmobiliario,Estación Central,Metropolitana,780000,22.29,112.5,2023-03-29 00:00:00.000000,2023-05-22 00:00:00.000000,departamento,ARRIENDO,agency
PI-2023-05-001504,portalinmobiliario,Estación Central,Metropolitana,810000,23.14,118.6,2023-03-29 00:00:00.000000,2023-05-08 00:00:00.000000,Departamento,Arriendo,agency
PI-2023-05-004243,portalinmobiliario,Macul,Metropolitana,735000,21.0,72.6,2023-05-04 00:00:00.000000,2023-05-29 00:00:00.000000,Departamento,arriendo,agency
PI-2023-05-003218,portalinmobiliario,Recoleta,Metropolitana,660000,18.86,62.6,2023-05-10 00:00:00.000000,2023-05-22 00:00:00.000000,DEPARTAMENTO,arriendo,owner_direct
PI-2023-05-000874,portalinmobiliario,Santiago,Metropolitana,405000,11.57,24.2,2023-04-05 00:00:00.000000,2023-05-08 00:00:00.000000,Departamento,Arriendo,agency
PI-2023-05-001862,portalinmobiliario,Santiago,Metropolitana,660000,18.86,50.8,2023-05-09 00:00:00.000000,2023-05-15 00:00:00.000000,DEPARTAMENTO,ARRIENDO,agency
PI-2023-05-002184,portalinmobiliario,Recoleta,Metropolitana,430000,12.29,42.9,2023-05-06 00:00:00.000000,2023-05-15 00:00:00.000000,Departamento,Arriendo,owner_direct
PI-2023-05-002668,portalinmobiliario,Providencia,Metropolitana,610000,17.43,27.1,2023-04-29 00:00:00.000000,2023-05-15 00:00:00.000000,Departamento,ARRIENDO,agency
PI-2023-05-004265,portalinmobiliario,Renca,Metropolitana,520000,14.86,72.3,2023-05-23 00:00:00.000000,2023-05-29 00:00:00.000000,Departamento,ARRIENDO,agency
PI-2023-05-003036,portalinmobiliario,Macul,Metropolitana,490000,14.0,35.6,2023-03-19 00:00:00.000000,2023-05-22 00:00:00.000000,departamento,Arriendo,agency
PI-2023-05-001351,portalinmobiliario,Las Condes,Metropolitana,885000,25.29,38.9,2023-04-28 00:00:00.000000,2023-05-08 00:00:00.000000,departamento,arriendo,owner_direct
PI-2023-05-004759,portalinmobiliario,Maipú,Metropolitana,435000,12.43,41.1,2023-03-08 00:00:00.000000,2023-05-29 00:00:00.000000,departamento,ARRIENDO,owner_direct
PI-2023-05-001036,portalinmobiliario,Macul,Metropolitana,545000,15.57,42.9,2023-05-04 00:00:00.000000,2023-05-08 00:00:00.000000,DEPARTAMENTO,ARRIENDO,agency
PI-2023-05-003005,portalinmobiliario,La Reina,Metropolitana,1025000,29.29,57.3,2023-05-14 00:00:00.000000,2023-05-22 00:00:00.000000,departamento,ARRIENDO,agency
PI-2023-05-001438,portalinmobiliario,Conchalí,Metropolitana,430000,12.29,49.2,2023-04-17 00:00:00.000000,2023-05-08 00:00:00.000000,DEPARTAMENTO,ARRIENDO,owner_direct
PI-2023-05-001731,portalinmobiliario,Estación Central,Metropolitana,400000,11.43,33.0,2023-04-24 00:00:00.000000,2023-05-08 00:00:00.000000,Departamento,Arriendo,agency
PI-2023-05-003326,portalinmobiliario,Ñuñoa,Metropolitana,665000,19.0,46.7,2023-05-07 00:00:00.000000,2023-05-22 00:00:00.000000,departamento,Arriendo,owner_direct
PI-2023-05-002268,portalinmobiliario,Maipú,Metropolitana,375000,10.71,23.0,2023-04-22 00:00:00.000000,2023-05-15 00:00:00.000000,departamento,ARRIENDO,agency
PI-2023-05-001499,portalinmobiliario,Providencia,Metropolitana,745000,21.29,39.1,2023-04-23 00:00:00.000000,2023-05-08 00:00:00.000000,DEPARTAMENTO,Arriendo,owner_direct
PI-2023-05-004739,portalinmobiliario,Macul,Metropolitana,510000,14.57,43.6,2023-04-21 00:00:00.000000,2023-05-29 00:00:00.000000,departamento,arriendo,owner_direct
PI-2023-05-004245,portalinmobiliario,Providencia,Metropolitana,1140000,32.57,65.5,2023-05-17 00:00:00.000000,2023-05-29 00:00:00.000000,Departamento,ARRIENDO,agency
PI-2023-05-000898,portalinmobiliario,Las Condes,Metropolitana,1840000,52.57,126.9,2023-04-16 00:00:00.000000,2023-05-08 00:00:00.000000,Departamento,Arriendo,agency
PI-2023-05-002236,portalinmobiliario,Las Condes,Metropolitana,1210000,34.57,59.1,2023-05-06 00:00:00.000000,2023-05-15 00:00:00.000000,Departamento,ARRIENDO,agency
PI-2023-05-001349,portalinmobiliario,Providencia,Metropolitana,795000,22.71,40.3,2023-04-23 00:00:00.000000,2023-05-08 00:00:00.000000,DEPARTAMENTO,arriendo,agency
PI-2023-05-004769,portalinmobiliario,Independencia,Metropolitana,615000,17.57,56.7,2023-04-12 00:00:00.000000,2023-05-29 00:00:00.000000,DEPARTAMENTO,Arriendo,owner_direct
PI-2023-05-002366,portalinmobiliario,Macul,Metropolitana,610000,17.43,53.0,2023-04-19 00:00:00.000000,2023-05-15 00:00:00.000000,DEPARTAMENTO,ARRIENDO,owner_direct
PI-2023-05-004251,portalinmobiliario,Conchalí,Metropolitana,505000,14.43,50.9,2023-04-25 00:00:00.000000,2023-05-29 00:00:00.000000,departamento,ARRIENDO,agency
PI-2023-05-000195,portalinmobiliario,Independencia,Metropolitana,555000,15.86,53.0,2023-04-06 00:00:00.000000,2023-05-01 00:00:00.000000,DEPARTAMENTO,ARRIENDO,agency
PI-2023-05-001901,portalinmobiliario,Ñuñoa,Metropolitana,835000,23.86,56.1,2023-04-27 00:00:00.000000,2023-05-15 00:00:00.000000,DEPARTAMENTO,Arriendo,agency
PI-2023-05-000641,portalinmobiliario,Providencia,Metropolitana,790000,22.57,34.8,2023-04-05 00:00:00.000000,2023-05-01 00:00:00.000000,Departamento,ARRIENDO,agency
PI-2023-05-003551,portalinmobiliario,Peñalolén,Metropolitana,605000,17.29,64.2,2022-12-05 00:00:00.000000,2023-05-22 00:00:00.000000,DEPARTAMENTO,ARRIENDO,agency
PI-2023-05-001063,portalinmobiliario,Recoleta,Metropolitana,490000,14.0,38.7,2023-04-10 00:00:00.000000,2023-05-08 00:00:00.000000,Departamento,Arriendo,agency
PI-2023-05-003965,portalinmobiliario,Independencia,Metropolitana,695000,19.86,80.1,2023-04-25 00:00:00.000000,2023-05-29 00:00:00.000000,Departamento,arriendo,owner_direct
PI-2023-05-002198,portalinmobiliario,Estación Central,Metropolitana,510000,14.57,42.8,2023-04-16 00:00:00.000000,2023-05-15 00:00:00.000000,departamento,arriendo,owner_direct
PI-2023-05-003333,portalinmobiliario,Providencia,Metropolitana,850000,24.29,33.3,2023-04-17 00:00:00.000000,2023-05-22 00:00:00.000000,DEPARTAMENTO,arriendo,agency
PI-2023-05-000511,portalinmobiliario,Santiago,Metropolitana,750000,21.43,51.6,2023-04-25 00:00:00.000000,2023-05-01 00:00:00.000000,departamento,ARRIENDO,agency
PI-2023-05-000949,portalinmobiliario,Providencia,Metropolitana,1580000,45.14,132.9,2023-04-29 00:00:00.000000,2023-05-08 00:00:00.000000,Departamento,ARRIENDO,agency
PI-2023-05-003298,portalinmobiliario,Independencia,Metropolitana,455000,13.0,41.2,2023-05-07 00:00:00.000000,2023-05-22 00:00:00.000000,DEPARTAMENTO,arriendo,owner_direct
PI-2023-05-002861,portalinmobiliario,Maipú,Metropolitana,485000,13.86,47.3,2023-03-25 00:00:00.000000,2023-05-22 00:00:00.000000,departamento,Arriendo,agency
PI-2023-05-001300,portalinmobiliario,Las Condes,Metropolitana,930000,26.57,39.8,2023-03-30 00:00:00.000000,2023-05-08 00:00:00.000000,departamento,ARRIENDO,agency
PI-2023-05-000714,portalinmobiliario,Estación Central,Metropolitana,565000,16.14,63.0,2023-04-17 00:00:00.000000,2023-05-01 00:00:00.000000,DEPARTAMENTO,ARRIENDO,agency
PI-2023-05-004318,portalinmobiliario,San Miguel,Metropolitana,400000,11.43,27.7,2023-05-15 00:00:00.000000,2023-05-29 00:00:00.000000,departamento,arriendo,owner_direct
PI-2023-05-003212,portalinmobiliario,Santiago,Metropolitana,545000,15.57,41.9,2023-04-23 00:00:00.000000,2023-05-22 00:00:00.000000,DEPARTAMENTO,arriendo,owner_direct
PI-2023-05-004112,portalinmobiliario,Recoleta,Metropolitana,810000,23.14,97.6,2023-05-13 00:00:00.000000,2023-05-29 00:00:00.000000,Departamento,Arriendo,agency
PI-2023-05-002408,portalinmobiliario,Huechuraba,Metropolitana,740000,21.14,73.6,2023-05-14 00:00:00.000000,2023-05-15 00:00:00.000000,DEPARTAMENTO,Arriendo,agency
PI-2023-05-002325,portalinmobiliario,Maipú,Metropolitana,335000,9.57,29.5,2023-03-28 00:00:00.000000,2023-05-15 00:00:00.000000,DEPARTAMENTO,arriendo,agency
PI-2023-05-004448,portalinmobiliario,Providencia,Metropolitana,1110000,31.71,55.3,2023-05-20 00:00:00.000000,2023-05-29 00:00:00.000000,Departamento,arriendo,agency
PI-2023-05-002150,portalinmobiliario,Macul,Metropolitana,435000,12.43,25.0,2023-05-06 00:00:00.000000,2023-05-15 00:00:00.000000,departamento,ARRIENDO,agency
PI-2023-05-000509,portalinmobiliario,Santiago,Metropolitana,615000,17.57,49.1,2023-02-26 00:00:00.000000,2023-05-01 00:00:00.000000,Departamento,ARRIENDO,agency
PI-2023-05-002812,portalinmobiliario,Recoleta,Metropolitana,385000,11.0,34.8,2023-04-30 00:00:00.000000,2023-05-22 00:00:00.000000,DEPARTAMENTO,Arriendo,owner_direct
PI-2023-05-004513,portalinmobiliario,Puente Alto,Metropolitana,465000,13.29,55.1,2023-05-17 00:00:00.000000,2023-05-29 00:00:00.000000,departamento,ARRIENDO,owner_direct
PI-2023-05-000154,portalinmobiliario,Santiago,Metropolitana,695000,19.86,50.8,2023-04-21 00:00:00.000000,2023-05-01 00:00:00.000000,departamento,Arriendo,owner_direct
PI-2023-05-002759,portalinmobiliario,Cerrillos,Metropolitana,510000,14.57,45.9,2023-05-06 00:00:00.000000,2023-05-22 00:00:00.000000,DEPARTAMENTO,ARRIENDO,owner_direct
PI-2023-05-002350,portalinmobiliario,Estación Central,Metropolitana,345000,9.86,43.4,2023-05-04 00:00:00.000000,2023-05-15 00:00:00.000000,departamento,Arriendo,agency
PI-2023-05-002316,portalinmobiliario,Santiago,Metropolitana,460000,13.14,35.8,2023-05-02 00:00:00.000000,2023-05-15 00:00:00.000000,DEPARTAMENTO,arriendo,agency
PI-2023-05-003717,portalinmobiliario,San Joaquín,Metropolitana,490000,14.0,60.7,2023-05-12 00:00:00.000000,2023-05-22 00:00:00.000000,departamento,Arriendo,owner_direct
PI-2023-05-003071,portalinmobiliario,Providencia,Metropolitana,870000,24.86,40.2,2023-05-02 00:00:00.000000,2023-05-22 00:00:00.000000,Departamento,ARRIENDO,owner_direct
PI-2023-05-003475,portalinmobiliario,Peñalolén,Metropolitana,750000,21.43,93.8,2023-05-08 00:00:00.000000,2023-05-22 00:00:00.000000,Departamento,arriendo,agency
PI-2023-05-002878,portalinmobiliario,Independencia,Metropolitana,520000,14.86,34.5,2023-04-19 00:00:00.000000,2023-05-22 00:00:00.000000,DEPARTAMENTO,ARRIENDO,agency
PI-2023-05-003952,portalinmobiliario,San Joaquín,Metropolitana,495000,14.14,36.2,2023-05-16 00:00:00.000000,2023-05-29 00:00:00.000000,Departamento,arriendo,agency
PI-2023-05-000129,portalinmobiliario,La Florida,Metropolitana,725000,20.71,71.9,2023-04-01 00:00:00.000000,2023-05-01 00:00:00.000000,departamento,ARRIENDO,agency
PI-2023-05-004331,portalinmobiliario,Lo Barnechea,Metropolitana,1150000,32.86,91.7,2023-05-17 00:00:00.000000,2023-05-29 00:00:00.000000,DEPARTAMENTO,ARRIENDO,agency
PI-2023-05-002063,portalinmobiliario,Las Condes,Metropolitana,825000,23.57,46.4,2023-04-20 00:00:00.000000,2023-05-15 00:00:00.000000,departamento,ARRIENDO,owner_direct
PI-2023-05-000997,portalinmobiliario,Estación Central,Metropolitana,545000,15.57,58.8,2023-04-06 00:00:00.000000,2023-05-08 00:00:00.000000,Departamento,Arriendo,owner_direct
PI-2023-05-003394,portalinmobiliario,Peñalolén,Metropolitana,420000,12.0,44.4,2023-04-04 00:00:00.000000,2023-05-22 00:00:00.000000,departamento,ARRIENDO,agency
PI-2023-05-000099,portalinmobiliario,Lo Barnechea,Metropolitana,710000,20.29,33.5,2023-04-10 00:00:00.000000,2023-05-01 00:00:00.000000,DEPARTAMENTO,arriendo,owner_direct
PI-2023-05-002271,portalinmobiliario,La Florida,Metropolitana,530000,15.14,39.0,2023-04-02 00:00:00.000000,2023-05-15 00:00:00.000000,departamento,arriendo,owner_direct
PI-2023-05-000811,portalinmobiliario,Independencia,Metropolitana,640000,18.29,56.2,2023-03-28 00:00:00.000000,2023-05-01 00:00:00.000000,DEPARTAMENTO,Arriendo,owner_direct
PI-2023-05-001255,portalinmobiliario,Santiago,Metropolitana,720000,20.57,71.9,2022-11-20 00:00:00.000000,2023-05-08 00:00:00.000000,Departamento,arriendo,agency
PI-2023-05-004443,portalinmobiliario,santiago,Metropolitana,4450000,127.14,650.0,2023-05-11 00:00:00.000000,2023-05-29 00:00:00.000000,Departamento,Arriendo,agency
PI-2023-05-003822,portalinmobiliario,Pudahuel,Metropolitana,360000,10.29,33.3,2023-05-21 00:00:00.000000,2023-05-29 00:00:00.000000,Departamento,arriendo,owner_direct
PI-2023-05-002183,portalinmobiliario,Peñalolén,Metropolitana,765000,21.86,81.8,2023-04-09 00:00:00.000000,2023-05-15 00:00:00.000000,departamento,Arriendo,owner_direct
PI-2023-05-002955,portalinmobiliario,La Florida,Metropolitana,495000,14.14,37.4,2023-05-04 00:00:00.000000,2023-05-22 00:00:00.000000,departamento,ARRIENDO,agency
PI-2023-05-002056,portalinmobiliario,San Miguel,Metropolitana,810000,23.14,75.8,2023-04-26 00:00:00.000000,2023-05-15 00:00:00.000000,departamento,ARRIENDO,agency
PI-2023-05-002179,portalinmobiliario,Recoleta,Metropolitana,395000,11.29,45.9,2023-04-29 00:00:00.000000,2023-05-15 00:00:00.000000,DEPARTAMENTO,arriendo,owner_direct
PI-2023-05-000598,portalinmobiliario,Independencia,Metropolitana,380000,10.86,28.0,2023-02-19 00:00:00.000000,2023-05-01 00:00:00.000000,Departamento,ARRIENDO,agency
PI-2023-05-004410,portalinmobiliario,Santiago,Metropolitana,680000,19.43,66.4,2023-05-21 00:00:00.000000,2023-05-29 00:00:00.000000,departamento,arriendo,agency
PI-2023-05-001234,portalinmobiliario,Estación Central,Metropolitana,400000,11.43,42.3,2023-04-20 00:00:00.000000,2023-05-08 00:00:00.000000,Departamento,ARRIENDO,agency
PI-2023-05-002723,portalinmobiliario,Las Condes,Metropolitana,1270000,36.29,67.2,2023-03-16 00:00:00.000000,2023-05-15 00:00:00.000000,Departamento,ARRIENDO,owner_direct
PI-2023-05-001752,portalinmobiliario,Ñuñoa,Metropolitana,705000,20.14,43.4,2023-04-28 00:00:00.000000,2023-05-08 00:00:00.000000,Departamento,Arriendo,owner_direct
PI-2023-05-002703,portalinmobiliario,San Miguel,Metropolitana,570000,16.29,41.6,2023-04-07 00:00:00.000000,2023-05-15 00:00:00.000000,Departamento,ARRIENDO,agency
PI-2023-05-003341,portalinmobiliario,Estación Central,Metropolitana,435000,12.43,44.8,2023-05-11 00:00:00.000000,2023-05-22 00:00:00.000000,DEPARTAMENTO,arriendo,owner_direct
PI-2023-05-003531,portalinmobiliario,Ñuñoa,Metropolitana,745000,21.29,54.4,2022-11-25 00:00:00.000000,2023-05-22 00:00:00.000000,DEPARTAMENTO,arriendo,agency
PI-2023-05-001765,portalinmobiliario,Puente Alto,Metropolitana,545000,15.57,60.9,2023-05-02 00:00:00.000000,2023-05-08 00:00:00.000000,departamento,arriendo,owner_direct
PI-2023-05-000575,portalinmobiliario,San Joaquín,Metropolitana,510000,14.57,47.3,2023-04-21 00:00:00.000000,2023-05-01 00:00:00.000000,DEPARTAMENTO,Arriendo,owner_direct
PI-2023-05-004071,portalinmobiliario,La Cisterna,Metropolitana,340000,9.71,29.9,2023-05-21 00:00:00.000000,2023-05-29 00:00:00.000000,DEPARTAMENTO,Arriendo,agency
PI-2023-05-003722,portalinmobiliario,La Cisterna,Metropolitana,425000,12.14,32.2,2023-05-10 00:00:00.000000,2023-05-22 00:00:00.000000,DEPARTAMENTO,arriendo,agency
PI-2023-05-004576,portalinmobiliario,Estación Central,Metropolitana,525000,15.0,43.4,2023-05-16 00:00:00.000000,2023-05-29 00:00:00.000000,departamento,Arriendo,owner_direct
PI-2023-05-000299,portalinmobiliario,Vitacura,Metropolitana,1025000,29.29,51.8,2023-04-22 00:00:00.000000,2023-05-01 00:00:00.000000,departamento,Arriendo,agency
PI-2023-05-004016,portalinmobiliario,Providencia,Metropolitana,1195000,34.14,58.4,2023-04-27 00:00:00.000000,2023-05-29 00:00:00.000000,departamento,ARRIENDO,agency
PI-2023-05-002134,portalinmobiliario,Las Condes,Metropolitana,735000,21.0,41.3,2023-05-03 00:00:00.000000,2023-05-15 00:00:00.000000,Departamento,arriendo,owner_direct
PI-2023-05-003873,portalinmobiliario,Estación Central,Metropolitana,605000,17.29,50.8,2023-05-12 00:00:00.000000,2023-05-29 00:00:00.000000,Departamento,Arriendo,owner_direct
PI-2023-05-001843,portalinmobiliario,Pudahuel,Metropolitana,530000,15.14,67.9,2023-04-21 00:00:00.000000,2023-05-15 00:00:00.000000,departamento,arriendo,agency
PI-2023-05-004814,portalinmobiliario,Independencia,Metropolitana,510000,14.57,45.8,2023-04-17 00:00:00.000000,2023-05-29 00:00:00.000000,DEPARTAMENTO,Arriendo,owner_direct
PI-2023-05-000425,portalinmobiliario,Santiago,Metropolitana,560000,16.0,50.2,2023-02-01 00:00:00.000000,2023-05-01 00:00:00.000000,Departamento,arriendo,owner_direct
PI-2023-05-000216,portalinmobiliario,Las Condes,Metropolitana,895000,25.57,43.8,2023-04-24 00:00:00.000000,2023-05-01 00:00:00.000000,departamento,Arriendo,agency
PI-2023-05-003335,portalinmobiliario,RECOLETA,Metropolitana,435000,12.43,52.0,2023-04-19 00:00:00.000000,2023-05-22 00:00:00.000000,departamento,ARRIENDO,agency
PI-2023-05-004689,portalinmobiliario,San Joaquín,Metropolitana,540000,15.43,52.8,2023-04-27 00:00:00.000000,2023-05-29 00:00:00.000000,departamento,ARRIENDO,agency
PI-2023-05-003632,portalinmobiliario,Pudahuel,Metropolitana,410000,11.71,44.9,2023-04-23 00:00:00.000000,2023-05-22 00:00:00.000000,Departamento,ARRIENDO,agency
PI-2023-05-003165,portalinmobiliario,Macul,Metropolitana,910000,26.0,95.0,2023-04-23 00:00:00.000000,2023-05-22 00:00:00.000000,Departamento,ARRIENDO,owner_direct
PI-2023-05-000019,portalinmobiliario,La Florida,Metropolitana,515000,14.71,46.1,2023-04-12 00:00:00.000000,2023-05-01 00:00:00.000000,departamento,arriendo,agency
PI-2023-05-003585,portalinmobiliario,Las Condes,Metropolitana,715000,20.43,38.1,2023-03-22 00:00:00.000000,2023-05-22 00:00:00.000000,departamento,arriendo,agency
PI-2023-05-003387,portalinmobiliario,Ñuñoa,Metropolitana,905000,25.86,77.8,2023-04-16 00:00:00.000000,2023-05-22 00:00:00.000000,DEPARTAMENTO,arriendo,agency
PI-2023-05-004457,portalinmobiliario,Peñalolén,Metropolitana,670000,19.14,70.9,2023-05-04 00:00:00.000000,2023-05-29 00:00:00.000000,DEPARTAMENTO,arriendo,owner_direct
PI-2023-05-000082,portalinmobiliario,Maipú,Metropolitana,515000,14.71,60.0,2023-04-04 00:00:00.000000,2023-05-01 00:00:00.000000,Departamento,arriendo,agency
PI-2023-05-003685,portalinmobiliario,Independencia,Metropolitana,415000,11.86,49.4,2023-02-04 00:00:00.000000,2023-05-22 00:00:00.000000,departamento,arriendo,agency
PI-2023-05-004500,portalinmobiliario,Lo Barnechea,Metropolitana,1025000,29.29,50.9,2023-05-25 00:00:00.000000,2023-05-29 00:00:00.000000,departamento,arriendo,agency
PI-2023-05-000902,portalinmobiliario,Maipú,Metropolitana,360000,10.29,38.8,2023-05-05 00:00:00.000000,2023-05-08 00:00:00.000000,departamento,ARRIENDO,owner_direct
PI-2023-05-001854,portalinmobiliario,Providencia,Metropolitana,1040000,29.71,58.1,2023-04-30 00:00:00.000000,2023-05-15 00:00:00.000000,Departamento,ARRIENDO,agency
PI-2023-05-004273,portalinmobiliario,San Miguel,Metropolitana,445000,,29.7,2023-05-04 00:00:00.000000,2023-05-29 00:00:00.000000,Departamento,ARRIENDO,agency
PI-2023-05-000623,portalinmobiliario, Las Condes,Metropolitana,870000,24.86,32.4,2023-04-01 00:00:00.000000,2023-05-01 00:00:00.000000,Departamento,ARRIENDO,agency
PI-2023-05-002275,portalinmobiliario,Recoleta,Metropolitana,445000,12.71,41.2,2023-04-20 00:00:00.000000,2023-05-15 00:00:00.000000,departamento,ARRIENDO,agency
PI-2023-05-000225,portalinmobiliario,SAN MIGUEL,Metropolitana,665000,19.0,51.7,2023-04-09 00:00:00.000000,2023-05-01 00:00:00.000000,departamento,ARRIENDO,owner_direct
PI-2023-05-000175,portalinmobiliario,Lo Barnechea,Metropolitana,1010000,28.86,64.0,2023-04-08 00:00:00.000000,2023-05-01 00:00:00.000000,Departamento,Arriendo,agency
PI-2023-05-004040,portalinmobiliario,Santiago,Metropolitana,525000,15.0,46.5,2023-05-19 00:00:00.000000,2023-05-29 00:00:00.000000,DEPARTAMENTO,Arriendo,owner_direct
PI-2023-05-001727,portalinmobiliario,Lo Barnechea,Metropolitana,910000,26.0,64.1,2023-04-20 00:00:00.000000,2023-05-08 00:00:00.000000,Departamento,Arriendo,agency
PI-2023-05-001949,portalinmobiliario,CONCHALÍ,Metropolitana,535000,15.29,52.4,2023-04-08 00:00:00.000000,2023-05-15 00:00:00.000000,DEPARTAMENTO,ARRIENDO,owner_direct
PI-2023-05-000923,portalinmobiliario,Estación Central,Metropolitana,3875000,110.71,650.0,2023-03-31 00:00:00.000000,2023-05-08 00:00:00.000000,Departamento,Arriendo,owner_direct
PI-2023-05-002469,portalinmobiliario,Pudahuel,Metropolitana,990000,28.29,145.1,2023-05-02 00:00:00.000000,2023-05-15 00:00:00.000000,Departamento,ARRIENDO,agency
PI-2023-05-003933,portalinmobiliario,San Joaquín,Metropolitana,485000,13.86,50.3,2023-05-18 00:00:00.000000,2023-05-29 00:00:00.000000,DEPARTAMENTO,Arriendo,agency
PI-2023-05-003734,portalinmobiliario,Recoleta,Metropolitana,415000,11.86,42.8,2023-04-19 00:00:00.000000,2023-05-22 00:00:00.000000,DEPARTAMENTO,arriendo,agency
PI-2023-05-004630,portalinmobiliario,San Miguel,Metropolitana,740000,21.14,65.4,2023-05-20 00:00:00.000000,2023-05-29 00:00:00.000000,Departamento,ARRIENDO,owner_direct
PI-2023-05-002309,portalinmobiliario,Estación Central,Metropolitana,740000,21.14,111.8,2023-01-20 00:00:00.000000,2023-05-15 00:00:00.000000,DEPARTAMENTO,ARRIENDO,owner_direct
PI-2023-05-004241,portalinmobiliario,La Florida,Metropolitana,865000,24.71,90.0,2023-05-14 00:00:00.000000,2023-05-29 00:00:00.000000,departamento,ARRIENDO,owner_direct
PI-2023-05-001667,portalinmobiliario,La Cisterna,Metropolitana,415000,11.86,40.3,2023-04-24 00:00:00.000000,2023-05-08 00:00:00.000000,departamento,ARRIENDO,agency
PI-2023-05-000264,portalinmobiliario,Cerrillos,Metropolitana,475000,13.57,58.4,2023-03-20 00:00:00.000000,2023-05-01 00:00:00.000000,DEPARTAMENTO,ARRIENDO,owner_direct
PI-2023-05-003372,portalinmobiliario,Huechuraba,Metropolitana,450000,,27.3,2023-04-26 00:00:00.000000,2023-05-22 00:00:00.000000,DEPARTAMENTO,Arriendo,agency
PI-2023-05-002640,portalinmobiliario,Santiago,Metropolitana,680000,19.43,47.2,2023-04-12 00:00:00.000000,2023-05-15 00:00:00.000000,Departamento,arriendo,agency
PI-2023-05-000553,portalinmobiliario,Pudahuel,Metropolitana,395000,11.29,50.8,2023-04-11 00:00:00.000000,2023-05-01 00:00:00.000000,Departamento,arriendo,owner_direct
PI-2023-05-001120,portalinmobiliario,Santiago,Metropolitana,565000,16.14,58.8,2023-03-28 00:00:00.000000,2023-05-08 00:00:00.000000,DEPARTAMENTO,ARRIENDO,agency
PI-2023-05-004702,portalinmobiliario,San Joaquín,Metropolitana,575000,16.43,52.8,2023-05-06 00:00:00.000000,2023-05-29 00:00:00.000000,DEPARTAMENTO,arriendo,owner_direct
PI-2023-05-003205,portalinmobiliario,Santiago,Metropolitana,530000,15.14,41.3,2023-01-03 00:00:00.000000,2023-05-22 00:00:00.000000,Departamento,Arriendo,owner_direct
PI-2023-05-004519,portalinmobiliario,Independencia,Metropolitana,570000,16.29,63.7,2023-05-15 00:00:00.000000,2023-05-29 00:00:00.000000,departamento,arriendo,agency
PI-2023-05-001207,portalinmobiliario,Recoleta,Metropolitana,505000,14.43,41.0,2023-04-12 00:00:00.000000,2023-05-08 00:00:00.000000,DEPARTAMENTO,ARRIENDO,agency
PI-2023-05-000230,portalinmobiliario,Quinta Normal,Metropolitana,700000,20.0,71.1,2023-04-04 00:00:00.000000,2023-05-01 00:00:00.000000,departamento,arriendo,agency
PI-2023-05-004234,portalinmobiliario,Maipú,Metropolitana,450000,12.86,39.9,2023-04-12 00:00:00.000000,2023-05-29 00:00:00.000000,Departamento,Arriendo,agency
PI-2023-05-000330,portalinmobiliario,Santiago,Metropolitana,755000,21.57,64.9,2023-03-17 00:00:00.000000,2023-05-01 00:00:00.000000,departamento,Arriendo,owner_direct
PI-2023-05-001466,portalinmobiliario,San Miguel,Metropolitana,375000,10.71,26.5,2023-03-28 00:00:00.000000,2023-05-08 00:00:00.000000,Departamento,Arriendo,agency
PI-2023-05-000672,portalinmobiliario,Recoleta,Metropolitana,405000,11.57,36.0,2023-03-22 00:00:00.000000,2023-05-01 00:00:00.000000,departamento,Arriendo,owner_direct
PI-2023-05-000123,portalinmobiliario,Las Condes,Metropolitana,1010000,28.86,43.4,2023-03-02 00:00:00.000000,2023-05-01 00:00:00.000000,Departamento,arriendo,owner_direct
PI-2023-05-000589,portalinmobiliario,Independencia,Metropolitana,460000,13.14,34.4,2023-04-19 00:00:00.000000,2023-05-01 00:00:00.000000,DEPARTAMENTO,arriendo,agency
PI-2023-05-003415,portalinmobiliario,Puente Alto,Metropolitana,345000,9.86,33.7,2023-05-03 00:00:00.000000,2023-05-22 00:00:00.000000,DEPARTAMENTO,ARRIENDO,agency
PI-2023-05-001206,portalinmobiliario,San Joaquín,Metropolitana,425000,12.14,39.6,2023-04-09 00:00:00.000000,2023-05-08 00:00:00.000000,departamento,arriendo,agency
PI-2023-05-000887,portalinmobiliario,Conchalí,Metropolitana,460000,13.14,52.2,2023-04-13 00:00:00.000000,2023-05-08 00:00:00.000000,departamento,Arriendo,agency
PI-2023-05-001214,portalinmobiliario,Santiago,Metropolitana,675000,19.29,49.5,2023-02-10 00:00:00.000000,2023-05-08 00:00:00.000000,departamento,arriendo,agency
PI-2023-05-004180,portalinmobiliario,Recoleta,Metropolitana,625000,17.86,63.2,2023-02-02 00:00:00.000000,2023-05-29 00:00:00.000000,DEPARTAMENTO,arriendo,owner_direct
PI-2023-05-002961,portalinmobiliario,Providencia,Metropolitana,710000,20.29,33.9,2023-04-23 00:00:00.000000,2023-05-22 00:00:00.000000,Departamento,Arriendo,agency
PI-2023-05-002676,portalinmobiliario,Santiago,Metropolitana,755000,21.57,67.1,2023-05-04 00:00:00.000000,2023-05-15 00:00:00.000000,departamento,arriendo,agency
PI-2023-05-000149,portalinmobiliario,Estación Central,Metropolitana,3875000,110.71,35.9,2023-04-11 00:00:00.000000,2023-05-01 00:00:00.000000,departamento,arriendo,agency
PI-2023-05-003050,portalinmobiliario,Maipú,Metropolitana,445000,12.71,59.9,2023-05-19 00:00:00.000000,2023-05-22 00:00:00.000000,Departamento,arriendo,agency
PI-2023-05-000713,portalinmobiliario,Estación Central,Metropolitana,755000,21.57,114.4,2023-03-13 00:00:00.000000,2023-05-01 00:00:00.000000,Departamento,arriendo,agency
PI-2023-05-003683,portalinmobiliario,Peñalolén,Metropolitana,490000,14.0,55.0,2023-02-18 00:00:00.000000,2023-05-22 00:00:00.000000,Departamento,arriendo,agency
PI-2023-05-003331,portalinmobiliario,Independencia,Metropolitana,965000,27.57,99.3,2023-05-09 00:00:00.000000,2023-05-22 00:00:00.000000,departamento,Arriendo,agency
PI-2023-05-004688,portalinmobiliario,Independencia,Metropolitana,910000,26.0,99.3,2023-04-20 00:00:00.000000,2023-05-29 00:00:00.000000,departamento,Arriendo,agency
PI-2023-05-002463,portalinmobiliario,La Florida,Metropolitana,485000,13.86,36.7,2023-04-29 00:00:00.000000,2023-05-15 00:00:00.000000,Departamento,arriendo,agency
PI-2023-05-000336,portalinmobiliario,Cerrillos,Metropolitana,520000,14.86,58.2,2023-04-26 00:00:00.000000,2023-05-01 00:00:00.000000,DEPARTAMENTO,arriendo,owner_direct
PI-2023-05-000851,portalinmobiliario,Puente Alto,Metropolitana,420000,12.0,54.9,2023-03-26 00:00:00.000000,2023-05-08 00:00:00.000000,departamento,Arriendo,owner_direct
PI-2023-05-000601,portalinmobiliario,Maipú,Metropolitana,485000,13.86,45.7,2023-04-27 00:00:00.000000,2023-05-01 00:00:00.000000,departamento,ARRIENDO,agency
PI-2023-05-001253,portalinmobiliario,Santiago,Metropolitana,410000,11.71,28.8,2023-04-22 00:00:00.000000,2023-05-08 00:00:00.000000,Departamento,arriendo,owner_direct
PI-2023-05-002887,portalinmobiliario,Santiago,Metropolitana,635000,18.14,49.9,2023-05-15 00:00:00.000000,2023-05-22 00:00:00.000000,DEPARTAMENTO,arriendo,owner_direct
PI-2023-05-003217,portalinmobiliario,Las Condes,Metropolitana,730000,20.86,24.8,2023-04-21 00:00:00.000000,2023-05-22 00:00:00.000000,DEPARTAMENTO,ARRIENDO,agency
PI-2023-05-002525,portalinmobiliario,la florida,Metropolitana,725000,20.71,62.4,2023-04-23 00:00:00.000000,2023-05-15 00:00:00.000000,departamento,ARRIENDO,agency
PI-2023-05-001264,portalinmobiliario,La Reina,Metropolitana,3125000,89.29,45.1,2023-03-24 00:00:00.000000,2023-05-08 00:00:00.000000,departamento,ARRIENDO,owner_direct
PI-2023-05-002899,portalinmobiliario,Conchalí,Metropolitana,365000,10.43,36.0,2023-05-01 00:00:00.000000,2023-05-22 00:00:00.000000,departamento,ARRIENDO,agency
PI-2023-05-001918,portalinmobiliario,San Joaquín,Metropolitana,580000,16.57,53.5,2023-05-01 00:00:00.000000,2023-05-15 00:00:00.000000,DEPARTAMENTO,Arriendo,owner_direct
PI-2023-05-001128,portalinmobiliario,Conchalí,Metropolitana,380000,10.86,34.6,2023-03-20 00:00:00.000000,2023-05-08 00:00:00.000000,Departamento,ARRIENDO,agency
PI-2023-05-002099,portalinmobiliario,Las Condes,Metropolitana,850000,24.29,52.8,2023-04-09 00:00:00.000000,2023-05-15 00:00:00.000000,DEPARTAMENTO,Arriendo,agency
PI-2023-05-002843,portalinmobiliario,la florida,Metropolitana,380000,10.86,29.2,2023-05-06 00:00:00.000000,2023-05-22 00:00:00.000000,departamento,ARRIENDO,owner_direct
PI-2023-05-000567,portalinmobiliario,Pudahuel,Metropolitana,510000,14.57,41.5,2023-03-15 00:00:00.000000,2023-05-01 00:00:00.000000,DEPARTAMENTO,ARRIENDO,owner_direct
PI-2023-05-004662,portalinmobiliario,Santiago,Metropolitana,685000,19.57,65.0,2023-05-23 00:00:00.000000,2023-05-29 00:00:00.000000,departamento,Arriendo,owner_direct
PI-2023-05-004395,portalinmobiliario,Renca,Metropolitana,520000,14.86,62.9,2023-04-23 00:00:00.000000,2023-05-29 00:00:00.000000,DEPARTAMENTO,Arriendo,owner_direct
PI-2023-05-000445,portalinmobiliario,Recoleta,Metropolitana,575000,16.43,50.7,2023-03-30 00:00:00.000000,2023-05-01 00:00:00.000000,DEPARTAMENTO,ARRIENDO,agency
PI-2023-05-003588,portalinmobiliario,La Florida,Metropolitana,725000,20.71,76.1,2023-04-21 00:00:00.000000,2023-05-22 00:00:00.000000,DEPARTAMENTO,Arriendo,owner_direct
PI-2023-05-002749,portalinmobiliario, Providencia,Metropolitana,1600000,45.71,86.6,2023-04-29 00:00:00.000000,2023-05-22 00:00:00.000000,Departamento,ARRIENDO,agency
PI-2023-05-003010,portalinmobiliario,Peñalolén,Metropolitana,755000,21.57,70.5,2023-05-03 00:00:00.000000,2023-05-22 00:00:00.000000,DEPARTAMENTO,ARRIENDO,agency
PI-2023-05-002733,portalinmobiliario,Las Condes,Metropolitana,680000,19.43,27.1,2023-04-10 00:00:00.000000,2023-05-15 00:00:00.000000,departamento,arriendo,owner_direct
PI-2023-05-002420,portalinmobiliario,Puente Alto,Metropolitana,515000,14.71,52.0,2022-11-07 00:00:00.000000,2023-05-15 00:00:00.000000,departamento,ARRIENDO,owner_direct
PI-2023-05-002734,portalinmobiliario,Quilicura,Metropolitana,565000,16.14,75.1,2023-05-12 00:00:00.000000,2023-05-15 00:00:00.000000,DEPARTAMENTO,arriendo,agency
PI-2023-05-002025,portalinmobiliario,Vitacura,Metropolitana,1625000,46.43,76.3,2023-05-07 00:00:00.000000,2023-05-15 00:00:00.000000,departamento,ARRIENDO,owner_direct
PI-2023-05-004818,portalinmobiliario,Conchalí,Metropolitana,440000,12.57,52.6,2023-05-10 00:00:00.000000,2023-05-29 00:00:00.000000,departamento,arriendo,owner_direct
PI-2023-05-004027,portalinmobiliario,Maipú,Metropolitana,490000,14.0,55.4,2023-05-11 00:00:00.000000,2023-05-29 00:00:00.000000,DEPARTAMENTO,ARRIENDO,agency
PI-2023-05-000155,portalinmobiliario,Independencia,Metropolitana,435000,12.43,34.9,2023-04-20 00:00:00.000000,2023-05-01 00:00:00.000000,DEPARTAMENTO,Arriendo,agency
PI-2023-05-002863,portalinmobiliario,La Cisterna,Metropolitana,545000,15.57,60.0,2023-04-23 00:00:00.000000,2023-05-22 00:00:00.000000,Departamento,Arriendo,owner_direct
PI-2023-05-003601,portalinmobiliario, Santiago,Metropolitana,525000,15.0,29.9,2023-04-05 00:00:00.000000,2023-05-22 00:00:00.000000,Departamento,ARRIENDO,agency
PI-2023-05-001022,portalinmobiliario,Santiago,Metropolitana,625000,17.86,45.5,2023-04-13 00:00:00.000000,2023-05-08 00:00:00.000000,DEPARTAMENTO,ARRIENDO,agency
PI-2023-05-002877,portalinmobiliario,La Cisterna,Metropolitana,460000,13.14,51.1,2023-05-19 00:00:00.000000,2023-05-22 00:00:00.000000,DEPARTAMENTO,Arriendo,agency
PI-2023-05-001414,portalinmobiliario,Estación Central,Metropolitana,385000,11.0,40.9,2023-03-14 00:00:00.000000,2023-05-08 00:00:00.000000,Departamento,Arriendo,owner_direct
PI-2023-05-004774,portalinmobiliario,Santiago,Metropolitana,675000,19.29,51.6,2023-05-26 00:00:00.000000,2023-05-29 00:00:00.000000,DEPARTAMENTO,Arriendo,agency
PI-2023-05-004481,portalinmobiliario,Puente Alto,Metropolitana,615000,17.57,73.8,2023-05-26 00:00:00.000000,2023-05-29 00:00:00.000000,DEPARTAMENTO,Arriendo,owner_direct
PI-2023-05-003445,portalinmobiliario,Santiago,Metropolitana,750000,21.43,60.8,2023-05-04 00:00:00.000000,2023-05-22 00:00:00.000000,departamento,arriendo,owner_direct
PI-2023-05-000971,portalinmobiliario,Conchalí,Metropolitana,375000,10.71,46.0,2023-04-11 00:00:00.000000,2023-05-08 00:00:00.000000,DEPARTAMENTO,ARRIENDO,owner_direct
PI-2023-05-000545,portalinmobiliario,Santiago,Metropolitana,530000,15.14,39.2,2023-04-07 00:00:00.000000,2023-05-01 00:00:00.000000,DEPARTAMENTO,ARRIENDO,owner_direct
PI-2023-05-004526,portalinmobiliario,Las Condes,Metropolitana,920000,26.29,44.6,2023-05-02 00:00:00.000000,2023-05-29 00:00:00.000000,departamento,ARRIENDO,agency
PI-2023-05-000709,portalinmobiliario,Providencia,Metropolitana,1360000,38.86,87.2,2023-04-27 00:00:00.000000,2023-05-01 00:00:00.000000,DEPARTAMENTO,arriendo,owner_direct
PI-2023-05-002082,portalinmobiliario,Santiago,Metropolitana,430000,12.29,29.4,2023-04-21 00:00:00.000000,2023-05-15 00:00:00.000000,Departamento,arriendo,agency
PI-2023-05-003187,portalinmobiliario,Macul,Metropolitana,580000,16.57,47.7,2023-05-20 00:00:00.000000,2023-05-22 00:00:00.000000,departamento,arriendo,owner_direct
PI-2023-05-003149,portalinmobiliario,CERRILLOS,Metropolitana,810000,23.14,96.0,2023-04-25 00:00:00.000000,2023-05-22 00:00:00.000000,Departamento,Arriendo,owner_direct
PI-2023-05-001476,portalinmobiliario,San Miguel,Metropolitana,755000,21.57,69.1,2023-04-12 00:00:00.000000,2023-05-08 00:00:00.000000,departamento,arriendo,agency
PI-2023-05-001157,portalinmobiliario,San Miguel,Metropolitana,395000,11.29,30.0,2023-03-18 00:00:00.000000,2023-05-08 00:00:00.000000,DEPARTAMENTO,Arriendo,agency
PI-2023-05-000135,portalinmobiliario,Santiago,Metropolitana,500000,14.29,37.1,2023-04-13 00:00:00.000000,2023-05-01 00:00:00.000000,departamento,Arriendo,agency
PI-2023-05-003520,portalinmobiliario,Puente Alto,Metropolitana,820000,23.43,128.6,2023-05-16 00:00:00.000000,2023-05-22 00:00:00.000000,DEPARTAMENTO,ARRIENDO,agency
PI-2023-05-003747,portalinmobiliario,Quilicura,Metropolitana,320000,9.14,27.5,2023-04-28 00:00:00.000000,2023-05-22 00:00:00.000000,Departamento,Arriendo,agency
PI-2023-05-002805,portalinmobiliario,Lo Barnechea,Metropolitana,1005000,28.71,58.1,2023-04-30 00:00:00.000000,2023-05-22 00:00:00.000000,departamento,ARRIENDO,agency
PI-2023-05-002554,portalinmobiliario,Quinta Normal,Metropolitana,375000,10.71,28.6,2023-04-11 00:00:00.000000,2023-05-15 00:00:00.000000,Departamento,arriendo,agency
PI-2023-05-003641,portalinmobiliario,La Cisterna,Metropolitana,520000,14.86,57.9,2023-04-10 00:00:00.000000,2023-05-22 00:00:00.000000,DEPARTAMENTO,Arriendo,agency
PI-2023-05-003924,portalinmobiliario,Lo Barnechea,Metropolitana,1370000,39.14,87.3,2023-05-05 00:00:00.000000,2023-05-29 00:00:00.000000,departamento,Arriendo,agency
PI-2023-05-002023,portalinmobiliario,La Florida,Metropolitana,450000,12.86,34.9,2023-04-05 00:00:00.000000,2023-05-15 00:00:00.000000,DEPARTAMENTO,ARRIENDO,owner_direct
PI-2023-05-004246,portalinmobiliario,La Florida,Metropolitana,540000,15.43,53.0,2023-05-28 00:00:00.000000,2023-05-29 00:00:00.000000,departamento,ARRIENDO,agency
PI-2023-05-003589,portalinmobiliario,Maipú,Metropolitana,305000,8.71,33.9,2023-04-27 00:00:00.000000,2023-05-22 00:00:00.000000,departamento,arriendo,agency
PI-2023-05-003337,portalinmobiliario,Santiago,Metropolitana,620000,17.71,62.2,2023-04-11 00:00:00.000000,2023-05-22 00:00:00.000000,Departamento,ARRIENDO,agency
PI-2023-05-001350,portalinmobiliario,Providencia,Metropolitana,910000,26.0,58.0,2023-04-25 00:00:00.000000,2023-05-08 00:00:00.000000,departamento,arriendo,owner_direct
PI-2023-05-004805,portalinmobiliario,Estación Central,Metropolitana,500000,14.29,52.2,2023-05-17 00:00:00.000000,2023-05-29 00:00:00.000000,DEPARTAMENTO,arriendo,agency
PI-2023-05-001035,portalinmobiliario,Independencia,Metropolitana,355000,10.14,33.1,2023-05-01 00:00:00.000000,2023-05-08 00:00:00.000000,Departamento,ARRIENDO,owner_direct
PI-2023-05-004160,portalinmobiliario,La Cisterna,Metropolitana,785000,22.43,79.5,2023-04-24 00:00:00.000000,2023-05-29 00:00:00.000000,DEPARTAMENTO,Arriendo,agency
PI-2023-05-003524,portalinmobiliario,Maipú,Metropolitana,790000,22.57,84.3,2023-04-29 00:00:00.000000,2023-05-22 00:00:00.000000,departamento,arriendo,owner_direct
PI-2023-05-004001,portalinmobiliario,Las Condes,Metropolitana,930000,26.57,50.4,2023-04-23 00:00:00.000000,2023-05-29 00:00:00.000000,Departamento,arriendo,agency
PI-2023-05-001793,portalinmobiliario,Santiago,Metropolitana,565000,16.14,41.3,2023-04-09 00:00:00.000000,2023-05-15 00:00:00.000000,Departamento,Arriendo,agency
PI-2023-05-003200,portalinmobiliario,Santiago,Metropolitana,2690000,76.86,89.3,2023-05-03 00:00:00.000000,2023-05-22 00:00:00.000000,departamento,Arriendo,owner_direct
PI-2023-05-003008,portalinmobiliario,La Florida,Metropolitana,810000,23.14,82.9,2023-05-09 00:00:00.000000,2023-05-22 00:00:00.000000,Departamento,Arriendo,agency
PI-2023-05-003014,portalinmobiliario,Ñuñoa,Metropolitana,550000,15.71,30.8,2023-05-05 00:00:00.000000,2023-05-22 00:00:00.000000,DEPARTAMENTO,Arriendo,owner_direct
PI-2023-05-004668,portalinmobiliario,Ñuñoa,Metropolitana,830000,23.71,66.9,2023-03-10 00:00:00.000000,2023-05-29 00:00:00.000000,departamento,arriendo,agency
PI-2023-05-000568,portalinmobiliario,Macul,Metropolitana,450000,12.86,28.8,2023-04-01 00:00:00.000000,2023-05-01 00:00:00.000000,Departamento,ARRIENDO,owner_direct
PI-2023-05-004022,portalinmobiliario,San Miguel,Metropolitana,440000,12.57,30.0,2023-05-01 00:00:00.000000,2023-05-29 00:00:00.000000,DEPARTAMENTO,ARRIENDO,owner_direct
PI-2023-05-001168,portalinmobiliario,La Reina,Metropolitana,775000,22.14,51.1,2022-10-04 00:00:00.000000,2023-05-08 00:00:00.000000,Departamento,Arriendo,agency
PI-2023-05-004625,portalinmobiliario,La Reina,Metropolitana,915000,26.14,57.9,2023-05-16 00:00:00.000000,2023-05-29 00:00:00.000000,Departamento,Arriendo,owner_direct
PI-2023-05-001952,portalinmobiliario,Vitacura,Metropolitana,1265000,36.14,61.3,2023-04-24 00:00:00.000000,2023-05-15 00:00:00.000000,departamento,arriendo,agency
PI-2023-05-002674,portalinmobiliario,Providencia,Metropolitana,1605000,45.86,118.4,2023-04-24 00:00:00.000000,2023-05-15 00:00:00.000000,departamento,Arriendo,agency
PI-2023-05-003007,portalinmobiliario,Ñuñoa,Metropolitana,810000,23.14,54.7,2023-04-28 00:00:00.000000,2023-05-22 00:00:00.000000,DEPARTAMENTO,arriendo,agency
PI-2023-05-001472,portalinmobiliario,Cerrillos,Metropolitana,780000,22.29,69.2,2022-11-02 00:00:00.000000,2023-05-08 00:00:00.000000,departamento,arriendo,owner_direct
PI-2023-05-001921,portalinmobiliario,Santiago,Metropolitana,610000,17.43,44.7,2023-05-05 00:00:00.000000,2023-05-15 00:00:00.000000,Departamento,ARRIENDO,owner_direct
PI-2023-05-001757,portalinmobiliario,La Cisterna,Metropolitana,450000,12.86,36.9,2023-04-07 00:00:00.000000,2023-05-08 00:00:00.000000,DEPARTAMENTO,arriendo,owner_direct
PI-2023-05-004493,portalinmobiliario,La Florida,Metropolitana,475000,13.57,46.6,2023-02-21 00:00:00.000000,2023-05-29 00:00:00.000000,Departamento,Arriendo,agency
PI-2023-05-004507,portalinmobiliario,Macul,Metropolitana,480000,13.71,39.4,2023-05-22 00:00:00.000000,2023-05-29 00:00:00.000000,Departamento,ARRIENDO,owner_direct
PI-2023-05-002015,portalinmobiliario,Pudahuel,Metropolitana,420000,12.0,38.8,2023-05-01 00:00:00.000000,2023-05-15 00:00:00.000000,DEPARTAMENTO,ARRIENDO,owner_direct
PI-2023-05-003203,portalinmobiliario,Recoleta,Metropolitana,505000,14.43,43.3,2023-05-09 00:00:00.000000,2023-05-22 00:00:00.000000,departamento,Arriendo,agency
PI-2023-05-002591,portalinmobiliario,Las Condes,Metropolitana,1275000,36.43,78.4,2023-05-03 00:00:00.000000,2023-05-15 00:00:00.000000,departamento,ARRIENDO,agency
PI-2023-05-003497,portalinmobiliario,Puente Alto,Metropolitana,485000,13.86,50.1,2023-04-23 00:00:00.000000,2023-05-22 00:00:00.000000,DEPARTAMENTO,ARRIENDO,agency
PI-2023-05-002425,portalinmobiliario,Quinta Normal,Metropolitana,620000,17.71,64.6,2023-04-11 00:00:00.000000,2023-05-15 00:00:00.000000,DEPARTAMENTO,arriendo,owner_direct
PI-2023-05-002726,portalinmobiliario,Estación Central,Metropolitana,485000,13.86,36.8,2023-05-03 00:00:00.000000,2023-05-15 00:00:00.000000,departamento,Arriendo,agency
PI-2023-05-002252,portalinmobiliario,Las Condes,Metropolitana,835000,23.86,38.2,2023-02-28 00:00:00.000000,2023-05-15 00:00:00.000000,Departamento,ARRIENDO,agency
PI-2023-05-002740,portalinmobiliario,Macul,Metropolitana,595000,17.0,48.9,2023-05-02 00:00:00.000000,2023-05-15 00:00:00.000000,DEPARTAMENTO,arriendo,owner_direct
PI-2023-05-000136,portalinmobiliario,La Florida,Metropolitana,550000,15.71,58.0,2023-03-31 00:00:00.000000,2023-05-01 00:00:00.000000,departamento,Arriendo,agency
PI-2023-05-004833,portalinmobiliario,Vitacura,Metropolitana,1040000,29.71,47.4,2023-05-12 00:00:00.000000,2023-05-29 00:00:00.000000,DEPARTAMENTO,arriendo,agency
PI-2023-05-004195,portalinmobiliario,Santiago,Metropolitana,550000,15.71,35.2,2022-11-15 00:00:00.000000,2023-05-29 00:00:00.000000,DEPARTAMENTO,Arriendo,agency
PI-2023-05-002761,portalinmobiliario,Ñuñoa,Metropolitana,465000,13.29,21.7,2023-04-21 00:00:00.000000,2023-05-22 00:00:00.000000,Departamento,arriendo,owner_direct
PI-2023-05-004812,portalinmobiliario,Conchalí,Metropolitana,575000,16.43,71.5,2023-05-08 00:00:00.000000,2023-05-29 00:00:00.000000,departamento,arriendo,owner_direct
PI-2023-05-000307,portalinmobiliario,San Miguel,Metropolitana,510000,14.57,44.6,2023-03-27 00:00:00.000000,2023-05-01 00:00:00.000000,DEPARTAMENTO,ARRIENDO,agency
PI-2023-05-000210,portalinmobiliario,Puente Alto,Metropolitana,465000,13.29,68.0,2023-04-17 00:00:00.000000,2023-05-01 00:00:00.000000,DEPARTAMENTO,ARRIENDO,agency
PI-2023-05-002792,portalinmobiliario,La Reina,Metropolitana,835000,23.86,50.3,2023-05-19 00:00:00.000000,2023-05-22 00:00:00.000000,DEPARTAMENTO,arriendo,agency
PI-2023-05-003662,portalinmobiliario,Recoleta,Metropolitana,590000,16.86,59.9,2023-05-08 00:00:00.000000,2023-05-22 00:00:00.000000,DEPARTAMENTO,Arriendo,agency
PI-2023-05-004566,portalinmobiliario,Estación Central,Metropolitana,620000,17.71,74.6,2023-05-18 00:00:00.000000,2023-05-29 00:00:00.000000,departamento,arriendo,owner_direct
PI-2023-05-002177,portalinmobiliario,Las Condes,Metropolitana,855000,24.43,34.7,2022-12-30 00:00:00.000000,2023-05-15 00:00:00.000000,DEPARTAMENTO,ARRIENDO,owner_direct
PI-2023-05-002954,portalinmobiliario,Providencia,Metropolitana,775000,22.14,42.2,2023-05-18 00:00:00.000000,2023-05-22 00:00:00.000000,DEPARTAMENTO,Arriendo,agency
PI-2023-05-004405,portalinmobiliario,Providencia,Metropolitana,780000,22.29,36.9,2023-05-11 00:00:00.000000,2023-05-29 00:00:00.000000,DEPARTAMENTO,ARRIENDO,agency
PI-2023-05-004429,portalinmobiliario,La Cisterna,Metropolitana,460000,13.14,31.9,2023-04-16 00:00:00.000000,2023-05-29 00:00:00.000000,departamento,ARRIENDO,agency
PI-2023-05-004520,portalinmobiliario,Estación Central,Metropolitana,475000,13.57,46.3,2023-01-01 00:00:00.000000,2023-05-29 00:00:00.000000,Departamento,ARRIENDO,owner_direct
PI-2023-05-002973,portalinmobiliario,San Miguel,Metropolitana,490000,14.0,41.2,2023-05-01 00:00:00.000000,2023-05-22 00:00:00.000000,Departamento,arriendo,agency
PI-2023-05-003892,portalinmobiliario,Estación Central,Metropolitana,505000,14.43,50.7,2023-05-11 00:00:00.000000,2023-05-29 00:00:00.000000,Departamento,Arriendo,owner_direct
PI-2023-05-003739,portalinmobiliario,Huechuraba,Metropolitana,405000,11.57,1.0,2023-05-09 00:00:00.000000,2023-05-22 00:00:00.000000,DEPARTAMENTO,arriendo,owner_direct
PI-2023-05-002522,portalinmobiliario,Ñuñoa,Metropolitana,765000,21.86,57.0,2023-05-13 00:00:00.000000,2023-05-15 00:00:00.000000,Departamento,ARRIENDO,agency
PI-2023-05-003150,portalinmobiliario,Cerrillos,Metropolitana,510000,14.57,49.7,2023-04-26 00:00:00.000000,2023-05-22 00:00:00.000000,departamento,arriendo,agency
PI-2023-05-003325,portalinmobiliario,San Joaquín,Metropolitana,610000,17.43,67.7,2023-05-03 00:00:00.000000,2023-05-22 00:00:00.000000,DEPARTAMENTO,arriendo,owner_direct
PI-2023-05-003443,portalinmobiliario,San Joaquín,Metropolitana,705000,20.14,89.7,2022-11-23 00:00:00.000000,2023-05-22 00:00:00.000000,DEPARTAMENTO,arriendo,owner_direct
PI-2023-05-002487,portalinmobiliario,Providencia,Metropolitana,795000,22.71,31.5,2022-12-14 00:00:00.000000,2023-05-15 00:00:00.000000,Departamento,Arriendo,agency
PI-2023-05-003607,portalinmobiliario,Independencia,Metropolitana,410000,11.71,36.8,2023-05-12 00:00:00.000000,2023-05-22 00:00:00.000000,departamento,ARRIENDO,agency
PI-2023-05-000813,portalinmobiliario,La Cisterna,Metropolitana,720000,20.57,76.0,2023-03-22 00:00:00.000000,2023-05-01 00:00:00.000000,Departamento,Arriendo,agency
PI-2023-05-001855,portalinmobiliario,Macul,Metropolitana,725000,20.71,64.3,2023-04-20 00:00:00.000000,2023-05-15 00:00:00.000000,DEPARTAMENTO,ARRIENDO,owner_direct
PI-2023-05-003761,portalinmobiliario,Recoleta,Metropolitana,470000,13.43,30.4,2023-05-18 00:00:00.000000,2023-05-22 00:00:00.000000,Departamento,arriendo,agency
PI-2023-05-002767,portalinmobiliario,SAN MIGUEL,Metropolitana,450000,12.86,30.0,2023-05-08 00:00:00.000000,2023-05-22 00:00:00.000000,departamento,arriendo,agency
PI-2023-05-002929,portalinmobiliario,LA FLORIDA,Metropolitana,575000,16.43,56.0,2023-03-25 00:00:00.000000,2023-05-22 00:00:00.000000,Departamento,ARRIENDO,owner_direct
PI-2023-05-001569,portalinmobiliario,Puente Alto,Metropolitana,485000,13.86,45.2,2023-04-29 00:00:00.000000,2023-05-08 00:00:00.000000,DEPARTAMENTO,arriendo,agency
PI-2023-05-003868,portalinmobiliario,Lo Barnechea,Metropolitana,1120000,,66.6,2023-05-28 00:00:00.000000,2023-05-29 00:00:00.000000,DEPARTAMENTO,Arriendo,owner_direct
PI-2023-05-001991,portalinmobiliario,Independencia,Metropolitana,630000,18.0,81.4,2023-05-01 00:00:00.000000,2023-05-15 00:00:00.000000,DEPARTAMENTO,Arriendo,owner_direct
PI-2023-05-001396,portalinmobiliario,Macul,Metropolitana,485000,13.86,46.1,2023-04-23 00:00:00.000000,2023-05-08 00:00:00.000000,departamento,ARRIENDO,agency
PI-2023-05-000080,portalinmobiliario,Ñuñoa,Metropolitana,835000,23.86,49.7,2022-10-27 00:00:00.000000,2023-05-01 00:00:00.000000,departamento,ARRIENDO,agency
PI-2023-05-000246,portalinmobiliario,Las Condes,Metropolitana,1055000,30.14,43.9,2023-03-25 00:00:00.000000,2023-05-01 00:00:00.000000,departamento,Arriendo,agency
PI-2023-05-001767,portalinmobiliario,Providencia,Metropolitana,820000,23.43,50.2,2023-04-26 00:00:00.000000,2023-05-08 00:00:00.000000,Departamento,arriendo,owner_direct
PI-2023-05-004132,portalinmobiliario,Macul,Metropolitana,505000,14.43,34.1,2023-05-13 00:00:00.000000,2023-05-29 00:00:00.000000,DEPARTAMENTO,Arriendo,agency
PI-2023-05-004092,portalinmobiliario,Independencia,Metropolitana,470000,13.43,44.8,2023-04-30 00:00:00.000000,2023-05-29 00:00:00.000000,DEPARTAMENTO,Arriendo,agency
PI-2023-05-001923,portalinmobiliario,Ñuñoa,Metropolitana,610000,17.43,35.5,2023-05-11 00:00:00.000000,2023-05-15 00:00:00.000000,DEPARTAMENTO,Arriendo,agency
PI-2023-05-000737,portalinmobiliario,Quilicura,Metropolitana,455000,13.0,41.7,2023-03-27 00:00:00.000000,2023-05-01 00:00:00.000000,DEPARTAMENTO,Arriendo,agency
PI-2023-05-001623,portalinmobiliario,Pudahuel,Metropolitana,430000,12.29,38.8,2023-05-04 00:00:00.000000,2023-05-08 00:00:00.000000,Departamento,ARRIENDO,owner_direct
PI-2023-05-003640,portalinmobiliario,Lo Barnechea,Metropolitana,780000,22.29,33.6,2023-04-21 00:00:00.000000,2023-05-22 00:00:00.000000,departamento,arriendo,owner_direct
PI-2023-05-000346,portalinmobiliario,Peñalolén,Metropolitana,480000,13.71,46.7,2022-11-30 00:00:00.000000,2023-05-01 00:00:00.000000,Departamento,Arriendo,agency
PI-2023-05-001988,portalinmobiliario,Las Condes,Metropolitana,945000,27.0,41.2,2023-04-18 00:00:00.000000,2023-05-15 00:00:00.000000,DEPARTAMENTO,Arriendo,agency
PI-2023-05-002323,portalinmobiliario,Ñuñoa,Metropolitana,790000,22.57,61.0,2023-03-30 00:00:00.000000,2023-05-15 00:00:00.000000,departamento,ARRIENDO,agency
PI-2023-05-000531,portalinmobiliario,Huechuraba,Metropolitana,1105000,31.57,124.9,2023-03-12 00:00:00.000000,2023-05-01 00:00:00.000000,Departamento,ARRIENDO,agency
PI-2023-05-004209,portalinmobiliario,Maipú,Metropolitana,570000,16.29,65.5,2023-04-29 00:00:00.000000,2023-05-29 00:00:00.000000,DEPARTAMENTO,Arriendo,agency
PI-2023-05-004725,portalinmobiliario,Cerrillos,Metropolitana,505000,14.43,36.3,2023-05-16 00:00:00.000000,2023-05-29 00:00:00.000000,Departamento,arriendo,owner_direct
PI-2023-05-002797,portalinmobiliario,Ñuñoa,Metropolitana,785000,22.43,57.7,2023-03-27 00:00:00.000000,2023-05-22 00:00:00.000000,departamento,Arriendo,owner_direct
PI-2023-05-000518,portalinmobiliario,Santiago,Metropolitana,475000,13.57,41.6,2023-04-10 00:00:00.000000,2023-05-01 00:00:00.000000,DEPARTAMENTO,arriendo,agency
PI-2023-05-002229,portalinmobiliario,Estación Central,Metropolitana,560000,16.0,72.0,2023-04-18 00:00:00.000000,2023-05-15 00:00:00.000000,DEPARTAMENTO,arriendo,agency
PI-2023-05-003904,portalinmobiliario,Independencia,Metropolitana,405000,11.57,40.9,2023-03-26 00:00:00.000000,2023-05-29 00:00:00.000000,DEPARTAMENTO,Arriendo,agency
PI-2023-05-002347,portalinmobiliario,Ñuñoa,Metropolitana,760000,21.71,53.8,2023-03-25 00:00:00.000000,2023-05-15 00:00:00.000000,departamento,arriendo,agency
PI-2023-05-003280,portalinmobiliario,Quinta Normal,Metropolitana,525000,15.0,56.7,2023-04-12 00:00:00.000000,2023-05-22 00:00:00.000000,DEPARTAMENTO,Arriendo,agency
PI-2023-05-000332,portalinmobiliario,Recoleta,Metropolitana,420000,12.0,32.4,2022-10-30 00:00:00.000000,2023-05-01 00:00:00.000000,departamento,arriendo,agency
PI-2023-05-002504,portalinmobiliario,Santiago,Metropolitana,630000,18.0,37.4,2022-11-24 00:00:00.000000,2023-05-15 00:00:00.000000,DEPARTAMENTO,Arriendo,agency
PI-2023-05-000177,portalinmobiliario,La Florida,Metropolitana,430000,12.29,33.7,2022-11-12 00:00:00.000000,2023-05-01 00:00:00.000000,departamento,arriendo,owner_direct
PI-2023-05-001352,portalinmobiliario,Estación Central,Metropolitana,625000,17.86,54.7,2022-12-09 00:00:00.000000,2023-05-08 00:00:00.000000,departamento,ARRIENDO,agency
PI-2023-05-002558,portalinmobiliario,Vitacura,Metropolitana,1710000,48.86,89.6,2023-01-24 00:00:00.000000,2023-05-15 00:00:00.000000,DEPARTAMENTO,Arriendo,agency
PI-2023-05-000917,portalinmobiliario,Ñuñoa,Metropolitana,515000,14.71,27.2,2023-04-19 00:00:00.000000,2023-05-08 00:00:00.000000,departamento,ARRIENDO,owner_direct
PI-2023-05-000066,portalinmobiliario,Macul,Metropolitana,850000,24.29,85.7,2023-04-17 00:00:00.000000,2023-05-01 00:00:00.000000,Departamento,ARRIENDO,agency
PI-2023-05-001242,portalinmobiliario,Macul,Metropolitana,920000,26.29,91.6,2023-04-28 00:00:00.000000,2023-05-08 00:00:00.000000,departamento,Arriendo,owner_direct
PI-2023-05-001135,portalinmobiliario,Vitacura,Metropolitana,1975000,56.43,102.0,2023-03-15 00:00:00.000000,2023-05-08 00:00:00.000000,Departamento,ARRIENDO,owner_direct
PI-2023-05-002005,portalinmobiliario,Independencia,Metropolitana,455000,13.0,47.7,2023-04-20 00:00:00.000000,2023-05-15 00:00:00.000000,Departamento,Arriendo,agency
PI-2023-05-002838,portalinmobiliario,Quilicura,Metropolitana,890000,25.43,49.1,2023-03-05 00:00:00.000000,2023-05-22 00:00:00.000000,DEPARTAMENTO,Arriendo,agency
PI-2023-05-004426,portalinmobiliario,Peñalolén,Metropolitana,465000,13.29,49.1,2023-05-06 00:00:00.000000,2023-05-29 00:00:00.000000,DEPARTAMENTO,arriendo,owner_direct
PI-2023-05-002472,portalinmobiliario,San Miguel,Metropolitana,630000,18.0,56.1,2023-04-11 00:00:00.000000,2023-05-15 00:00:00.000000,Departamento,ARRIENDO,owner_direct
PI-2023-05-002924,portalinmobiliario,Maipú,Metropolitana,375000,10.71,33.2,2023-05-04 00:00:00.000000,2023-05-22 00:00:00.000000,Departamento,arriendo,agency
PI-2023-05-001464,portalinmobiliario,Macul,Metropolitana,565000,16.14,48.7,2022-11-07 00:00:00.000000,2023-05-08 00:00:00.000000,departamento,arriendo,agency
PI-2023-05-002073,portalinmobiliario,Santiago,Metropolitana,680000,19.43,46.9,2023-05-01 00:00:00.000000,2023-05-15 00:00:00.000000,Departamento,arriendo,agency
PI-2023-05-001941,portalinmobiliario,Quilicura,Metropolitana,2460000,70.29,400.0,2023-05-07 00:00:00.000000,2023-05-15 00:00:00.000000,departamento,arriendo,owner_direct
PI-2023-05-000891,portalinmobiliario,Conchalí,Metropolitana,450000,12.86,54.9,2023-03-22 00:00:00.000000,2023-05-08 00:00:00.000000,departamento,Arriendo,agency
PI-2023-05-004222,portalinmobiliario,recoleta,Metropolitana,690000,,60.9,2023-04-23 00:00:00.000000,2023-05-29 00:00:00.000000,Departamento,ARRIENDO,owner_direct
PI-2023-05-003429,portalinmobiliario,Independencia,Metropolitana,390000,11.14,28.3,2023-04-23 00:00:00.000000,2023-05-22 00:00:00.000000,departamento,arriendo,agency
PI-2023-05-001175,portalinmobiliario,Lo Barnechea,Metropolitana,720000,20.57,36.4,2023-04-25 00:00:00.000000,2023-05-08 00:00:00.000000,DEPARTAMENTO,arriendo,owner_direct
PI-2023-05-003422,portalinmobiliario,Providencia,Metropolitana,660000,18.86,32.4,2023-04-29 00:00:00.000000,2023-05-22 00:00:00.000000,Departamento,Arriendo,agency
PI-2023-05-002915,portalinmobiliario,San Joaquín,Metropolitana,355000,10.14,28.7,2023-05-02 00:00:00.000000,2023-05-22 00:00:00.000000,Departamento,ARRIENDO,agency
PI-2023-05-000292,portalinmobiliario,Estación Central,Metropolitana,665000,19.0,77.7,2023-04-15 00:00:00.000000,2023-05-01 00:00:00.000000,Departamento,ARRIENDO,agency
PI-2023-05-003867,portalinmobiliario,Lo Barnechea,Metropolitana,1155000,33.0,64.0,2023-05-14 00:00:00.000000,2023-05-29 00:00:00.000000,DEPARTAMENTO,Arriendo,agency
PI-2023-05-000232,portalinmobiliario,Providencia,Metropolitana,680000,19.43,30.2,2023-03-07 00:00:00.000000,2023-05-01 00:00:00.000000,DEPARTAMENTO,ARRIENDO,owner_direct
PI-2023-05-003116,portalinmobiliario,Providencia,Metropolitana,1020000,29.14,47.3,2023-04-29 00:00:00.000000,2023-05-22 00:00:00.000000,Departamento,Arriendo,agency
PI-2023-05-002132,portalinmobiliario,Ñuñoa,Metropolitana,10060000,287.43,101.0,2023-03-03 00:00:00.000000,2023-05-15 00:00:00.000000,departamento,arriendo,agency
PI-2023-05-001455,portalinmobiliario,Santiago,Metropolitana,645000,18.43,54.2,2023-03-27 00:00:00.000000,2023-05-08 00:00:00.000000,DEPARTAMENTO,arriendo,agency
PI-2023-05-002736,portalinmobiliario,La Cisterna,Metropolitana,360000,10.29,39.0,2022-12-18 00:00:00.000000,2023-05-15 00:00:00.000000,departamento,ARRIENDO,owner_direct
PI-2023-05-003115,portalinmobiliario,Independencia,Metropolitana,550000,15.71,49.6,2023-05-10 00:00:00.000000,2023-05-22 00:00:00.000000,departamento,ARRIENDO,owner_direct
PI-2023-05-002068,portalinmobiliario,Recoleta,Metropolitana,525000,15.0,62.7,2023-04-27 00:00:00.000000,2023-05-15 00:00:00.000000,Departamento,Arriendo,owner_direct
PI-2023-05-000834,portalinmobiliario,Las Condes,Metropolitana,985000,28.14,46.5,2023-04-04 00:00:00.000000,2023-05-08 00:00:00.000000,DEPARTAMENTO,ARRIENDO,agency
PI-2023-05-001560,portalinmobiliario,macul,Metropolitana,575000,16.43,35.6,2023-04-24 00:00:00.000000,2023-05-08 00:00:00.000000,departamento,ARRIENDO,agency
PI-2023-05-001265,portalinmobiliario,La Florida,Metropolitana,730000,20.86,62.9,2023-05-05 00:00:00.000000,2023-05-08 00:00:00.000000,departamento,ARRIENDO,owner_direct
PI-2023-05-001152,portalinmobiliario,Santiago,Metropolitana,645000,18.43,49.7,2023-04-13 00:00:00.000000,2023-05-08 00:00:00.000000,departamento,ARRIENDO,owner_direct
PI-2023-05-003940,portalinmobiliario,La Florida,Metropolitana,535000,,59.1,2023-05-19 00:00:00.000000,2023-05-29 00:00:00.000000,DEPARTAMENTO,arriendo,agency
PI-2023-05-001878,portalinmobiliario, San Miguel,Metropolitana,495000,14.14,31.6,2023-04-18 00:00:00.000000,2023-05-15 00:00:00.000000,Departamento,ARRIENDO,agency
PI-2023-05-004737,portalinmobiliario,Ñuñoa,Metropolitana,705000,20.14,35.7,2023-05-05 00:00:00.000000,2023-05-29 00:00:00.000000,Departamento,arriendo,agency
PI-2023-05-004564,portalinmobiliario,Macul,Metropolitana,515000,14.71,40.7,2023-05-04 00:00:00.000000,2023-05-29 00:00:00.000000,Departamento,ARRIENDO,owner_direct
PI-2023-05-002451,portalinmobiliario,Independencia,Metropolitana,460000,13.14,40.1,2023-04-16 00:00:00.000000,2023-05-15 00:00:00.000000,DEPARTAMENTO,arriendo,agency
PI-2023-05-000271,portalinmobiliario,Santiago,Metropolitana,610000,17.43,50.8,2023-02-26 00:00:00.000000,2023-05-01 00:00:00.000000,DEPARTAMENTO,ARRIENDO,agency
PI-2023-05-000092,portalinmobiliario,La Cisterna,Metropolitana,440000,12.57,41.4,2023-04-22 00:00:00.000000,2023-05-01 00:00:00.000000,Departamento,Arriendo,owner_direct
PI-2023-05-002849,portalinmobiliario,La Florida,Metropolitana,425000,12.14,47.9,2023-04-28 00:00:00.000000,2023-05-22 00:00:00.000000,DEPARTAMENTO,ARRIENDO,agency
PI-2023-05-000261,portalinmobiliario,Estación Central,Metropolitana,440000,12.57,37.5,2023-04-19 00:00:00.000000,2023-05-01 00:00:00.000000,DEPARTAMENTO,arriendo,owner_direct
PI-2023-05-002060,portalinmobiliario,Las Condes,Metropolitana,990000,28.29,65.9,2023-04-30 00:00:00.000000,2023-05-15 00:00:00.000000,DEPARTAMENTO,ARRIENDO,owner_direct
PI-2023-05-001754,portalinmobiliario,San Miguel,Metropolitana,480000,13.71,32.8,2023-04-04 00:00:00.000000,2023-05-08 00:00:00.000000,departamento,ARRIENDO,agency
PI-2023-05-000702,portalinmobiliario,Puente Alto,Metropolitana,410000,11.71,42.7,2023-04-20 00:00:00.000000,2023-05-01 00:00:00.000000,Departamento,ARRIENDO,owner_direct
PI-2023-05-001540,portalinmobiliario,Providencia,Metropolitana,985000,28.14,69.8,2023-04-17 00:00:00.000000,2023-05-08 00:00:00.000000,DEPARTAMENTO,Arriendo,agency
PI-2023-05-001845,portalinmobiliario,Recoleta,Metropolitana,350000,10.0,40.7,2023-04-17 00:00:00.000000,2023-05-15 00:00:00.000000,departamento,arriendo,owner_direct
PI-2023-05-004663,portalinmobiliario,Ñuñoa,Metropolitana,885000,25.29,83.2,2023-05-01 00:00:00.000000,2023-05-29 00:00:00.000000,Departamento,Arriendo,agency
PI-2023-05-002071,portalinmobiliario,Santiago,Metropolitana,510000,14.57,37.0,2022-12-09 00:00:00.000000,2023-05-15 00:00:00.000000,Departamento,arriendo,agency
PI-2023-05-004728,portalinmobiliario,Vitacura,Metropolitana,915000,26.14,34.7,2023-04-16 00:00:00.000000,2023-05-29 00:00:00.000000,DEPARTAMENTO,Arriendo,agency
PI-2023-05-004126,portalinmobiliario,La Reina,Metropolitana,1590000,45.43,116.7,2023-05-11 00:00:00.000000,2023-05-29 00:00:00.000000,DEPARTAMENTO,arriendo,owner_direct
PI-2023-05-002675,portalinmobiliario,Ñuñoa,Metropolitana,645000,18.43,37.6,2023-03-06 00:00:00.000000,2023-05-15 00:00:00.000000,departamento,Arriendo,agency
PI-2023-05-003359,portalinmobiliario,Las Condes,Metropolitana,925000,26.43,45.3,2023-04-27 00:00:00.000000,2023-05-22 00:00:00.000000,Departamento,ARRIENDO,agency
PI-2023-05-001294,portalinmobiliario,Maipú,Metropolitana,705000,20.14,78.3,2023-03-25 00:00:00.000000,2023-05-08 00:00:00.000000,departamento,arriendo,agency
PI-2023-05-001716,portalinmobiliario,Ñuñoa,Metropolitana,815000,23.29,55.5,2023-04-29 00:00:00.000000,2023-05-08 00:00:00.000000,DEPARTAMENTO,ARRIENDO,owner_direct
PI-2023-05-001802,portalinmobiliario,Pudahuel,Metropolitana,520000,14.86,66.0,2023-03-24 00:00:00.000000,2023-05-15 00:00:00.000000,DEPARTAMENTO,Arriendo,owner_direct
PI-2023-05-001015,portalinmobiliario,Santiago,Metropolitana,570000,16.29,41.8,2023-04-15 00:00:00.000000,2023-05-08 00:00:00.000000,Departamento,ARRIENDO,owner_direct
PI-2023-05-000169,portalinmobiliario,Recoleta,Metropolitana,415000,11.86,30.8,2023-04-20 00:00:00.000000,2023-05-01 00:00:00.000000,DEPARTAMENTO,arriendo,agency
PI-2023-05-001374,portalinmobiliario,Estación Central,Metropolitana,305000,8.71,1.0,2023-04-16 00:00:00.000000,2023-05-08 00:00:00.000000,DEPARTAMENTO,Arriendo,owner_direct
PI-2023-05-004333,portalinmobiliario,Conchalí,Metropolitana,405000,11.57,27.3,2023-05-04 00:00:00.000000,2023-05-29 00:00:00.000000,departamento,ARRIENDO,owner_direct
PI-2023-05-002339,portalinmobiliario,Independencia,Metropolitana,415000,11.86,38.7,2023-05-11 00:00:00.000000,2023-05-15 00:00:00.000000,Departamento,ARRIENDO,agency
PI-2023-05-001635,portalinmobiliario,La Cisterna,Metropolitana,545000,15.57,63.8,2023-03-16 00:00:00.000000,2023-05-08 00:00:00.000000,Departamento,Arriendo,owner_direct
PI-2023-05-002779,portalinmobiliario,Ñuñoa ,Metropolitana,720000,20.57,52.3,2023-01-02 00:00:00.000000,2023-05-22 00:00:00.000000,departamento,ARRIENDO,owner_direct
PI-2023-05-000201,portalinmobiliario,La Florida,Metropolitana,470000,13.43,29.5,2023-03-31 00:00:00.000000,2023-05-01 00:00:00.000000,Departamento,Arriendo,agency
PI-2023-05-002725,portalinmobiliario,Maipú,Metropolitana,6745000,192.71,1200.0,2023-05-12 00:00:00.000000,2023-05-15 00:00:00.000000,departamento,arriendo,agency
PI-2023-05-000420,portalinmobiliario,Maipú,Metropolitana,625000,17.86,61.2,2023-04-19 00:00:00.000000,2023-05-01 00:00:00.000000,departamento,Arriendo,owner_direct
PI-2023-05-000242,portalinmobiliario,Cerrillos,Metropolitana,520000,14.86,58.5,2023-03-15 00:00:00.000000,2023-05-01 00:00:00.000000,Departamento,Arriendo,agency
PI-2023-05-004170,portalinmobiliario,La Cisterna,Metropolitana,650000,18.57,103.8,2023-03-02 00:00:00.000000,2023-05-29 00:00:00.000000,Departamento,Arriendo,agency
PI-2023-05-000727,portalinmobiliario,Las Condes,Metropolitana,935000,26.71,62.2,2023-04-20 00:00:00.000000,2023-05-01 00:00:00.000000,DEPARTAMENTO,Arriendo,owner_direct
PI-2023-05-001876,portalinmobiliario,Maipú,Metropolitana,685000,19.57,73.1,2023-04-12 00:00:00.000000,2023-05-15 00:00:00.000000,DEPARTAMENTO,ARRIENDO,agency
PI-2023-05-002579,portalinmobiliario,San Joaquín,Metropolitana,470000,13.43,38.3,2023-04-24 00:00:00.000000,2023-05-15 00:00:00.000000,DEPARTAMENTO,ARRIENDO,agency
PI-2023-05-003805,portalinmobiliario,Santiago,Metropolitana,465000,13.29,29.2,2023-01-02 00:00:00.000000,2023-05-29 00:00:00.000000,departamento,ARRIENDO,agency
PI-2023-05-000768,portalinmobiliario,Independencia,Metropolitana,490000,14.0,40.6,2023-03-19 00:00:00.000000,2023-05-01 00:00:00.000000,Departamento,arriendo,agency
PI-2023-05-002578,portalinmobiliario,Independencia,Metropolitana,375000,10.71,20.0,2023-05-01 00:00:00.000000,2023-05-15 00:00:00.000000,Departamento,arriendo,agency
PI-2023-05-002235,portalinmobiliario,Providencia,Metropolitana,6755000,193.0,31.6,2023-04-15 00:00:00.000000,2023-05-15 00:00:00.000000,departamento,arriendo,agency
PI-2023-05-003907,portalinmobiliario,Renca,Metropolitana,310000,8.86,32.3,2023-05-11 00:00:00.000000,2023-05-29 00:00:00.000000,DEPARTAMENTO,ARRIENDO,owner_direct
PI-2023-05-002587,portalinmobiliario,San Miguel,Metropolitana,750000,21.43,78.5,2023-03-03 00:00:00.000000,2023-05-15 00:00:00.000000,Departamento,arriendo,agency
PI-2023-05-002835,portalinmobiliario,INDEPENDENCIA,Metropolitana,830000,23.71,74.1,2023-04-19 00:00:00.000000,2023-05-22 00:00:00.000000,Departamento,ARRIENDO,owner_direct
PI-2023-05-001695,portalinmobiliario,Macul,Metropolitana,855000,24.43,82.7,2023-04-14 00:00:00.000000,2023-05-08 00:00:00.000000,Departamento,ARRIENDO,owner_direct
PI-2023-05-000972,portalinmobiliario,Estación Central,Metropolitana,330000,9.43,31.7,2022-11-29 00:00:00.000000,2023-05-08 00:00:00.000000,Departamento,arriendo,agency
PI-2023-05-000494,portalinmobiliario,Santiago,Metropolitana,470000,13.43,24.6,2023-04-10 00:00:00.000000,2023-05-01 00:00:00.000000,Departamento,Arriendo,owner_direct
PI-2023-05-002864,portalinmobiliario,Santiago,Metropolitana,1035000,29.57,103.2,2023-04-24 00:00:00.000000,2023-05-22 00:00:00.000000,departamento,arriendo,agency
PI-2023-05-000442,portalinmobiliario,Providencia,Metropolitana,1070000,30.57,83.2,2023-02-16 00:00:00.000000,2023-05-01 00:00:00.000000,Departamento,arriendo,agency
PI-2023-05-002409,portalinmobiliario,Puente Alto,Metropolitana,610000,17.43,87.4,2023-04-13 00:00:00.000000,2023-05-15 00:00:00.000000,Departamento,Arriendo,owner_direct
PI-2023-05-000024,portalinmobiliario,Macul,Metropolitana,455000,13.0,28.2,2023-02-17 00:00:00.000000,2023-05-01 00:00:00.000000,Departamento,arriendo,owner_direct
PI-2023-05-003426,portalinmobiliario,Recoleta,Metropolitana,360000,10.29,27.5,2023-04-16 00:00:00.000000,2023-05-22 00:00:00.000000,DEPARTAMENTO,arriendo,agency
PI-2023-05-004346,portalinmobiliario,Macul,Metropolitana,995000,28.43,114.5,2023-05-04 00:00:00.000000,2023-05-29 00:00:00.000000,departamento,arriendo,agency
PI-2023-05-004412,portalinmobiliario,Puente Alto,Metropolitana,500000,14.29,62.5,2023-05-26 00:00:00.000000,2023-05-29 00:00:00.000000,departamento,Arriendo,agency
PI-2023-05-003575,portalinmobiliario,Providencia,Metropolitana,1110000,31.71,71.5,2023-05-09 00:00:00.000000,2023-05-22 00:00:00.000000,DEPARTAMENTO,arriendo,agency
PI-2023-05-003282,portalinmobiliario,Independencia,Metropolitana,480000,13.71,37.6,2023-04-28 00:00:00.000000,2023-05-22 00:00:00.000000,Departamento,Arriendo,agency
PI-2023-05-000752,portalinmobiliario,Quinta Normal,Metropolitana,1195000,34.14,167.1,2023-04-18 00:00:00.000000,2023-05-01 00:00:00.000000,DEPARTAMENTO,ARRIENDO,agency
PI-2023-05-001946,portalinmobiliario,Ñuñoa,Metropolitana,755000,21.57,53.0,2023-04-03 00:00:00.000000,2023-05-15 00:00:00.000000,DEPARTAMENTO,Arriendo,owner_direct
PI-2023-05-002751,portalinmobiliario,La Reina,Metropolitana,835000,23.86,50.9,2023-03-29 00:00:00.000000,2023-05-22 00:00:00.000000,Departamento,ARRIENDO,owner_direct
PI-2023-05-000529,portalinmobiliario,Providencia,Metropolitana,1045000,29.86,60.5,2023-04-07 00:00:00.000000,2023-05-01 00:00:00.000000,Departamento,ARRIENDO,owner_direct
PI-2023-05-000475,portalinmobiliario,Ñuñoa,Metropolitana,900000,25.71,83.1,2023-04-20 00:00:00.000000,2023-05-01 00:00:00.000000,DEPARTAMENTO,arriendo,owner_direct
PI-2023-05-001535,portalinmobiliario,Lo Barnechea ,Metropolitana,735000,21.0,40.8,2023-03-11 00:00:00.000000,2023-05-08 00:00:00.000000,departamento,Arriendo,agency
PI-2023-05-004627,portalinmobiliario,Estación Central,Metropolitana,480000,13.71,48.5,2023-05-13 00:00:00.000000,2023-05-29 00:00:00.000000,departamento,arriendo,agency
PI-2023-05-000881,portalinmobiliario,Conchalí,Metropolitana,380000,10.86,31.2,2023-04-18 00:00:00.000000,2023-05-08 00:00:00.000000,DEPARTAMENTO,ARRIENDO,owner_direct
PI-2023-05-001728,portalinmobiliario,Quilicura,Metropolitana,455000,13.0,38.9,2023-04-02 00:00:00.000000,2023-05-08 00:00:00.000000,departamento,arriendo,agency
PI-2023-05-003787,portalinmobiliario,Recoleta,Metropolitana,525000,15.0,46.5,2023-05-04 00:00:00.000000,2023-05-29 00:00:00.000000,Departamento,arriendo,agency
PI-2023-05-003973,portalinmobiliario,Las Condes,Metropolitana,1100000,31.43,49.9,2023-03-17 00:00:00.000000,2023-05-29 00:00:00.000000,departamento,ARRIENDO,agency
PI-2023-05-000454,portalinmobiliario,La Reina,Metropolitana,795000,22.71,55.5,2023-04-01 00:00:00.000000,2023-05-01 00:00:00.000000,Departamento,Arriendo,owner_direct
PI-2023-05-003240,portalinmobiliario,Recoleta,Metropolitana,610000,17.43,98.2,2023-05-16 00:00:00.000000,2023-05-22 00:00:00.000000,DEPARTAMENTO,arriendo,owner_direct
PI-2023-05-000403,portalinmobiliario,Huechuraba,Metropolitana,505000,14.43,40.8,2023-04-02 00:00:00.000000,2023-05-01 00:00:00.000000,departamento,Arriendo,owner_direct
PI-2023-05-004559,portalinmobiliario,Providencia ,Metropolitana,1435000,41.0,67.4,2023-05-24 00:00:00.000000,2023-05-29 00:00:00.000000,Departamento,ARRIENDO,agency
PI-2023-05-002661,portalinmobiliario,Providencia,Metropolitana,800000,22.86,40.6,2023-05-03 00:00:00.000000,2023-05-15 00:00:00.000000,departamento,ARRIENDO,owner_direct
PI-2023-05-000697,portalinmobiliario,Santiago,Metropolitana,540000,15.43,37.6,2023-01-22 00:00:00.000000,2023-05-01 00:00:00.000000,Departamento,Arriendo,agency
PI-2023-05-001557,portalinmobiliario,Santiago,Metropolitana,710000,20.29,55.7,2023-04-10 00:00:00.000000,2023-05-08 00:00:00.000000,departamento,Arriendo,owner_direct
PI-2023-05-003511,portalinmobiliario,Ñuñoa,Metropolitana,620000,17.71,41.7,2023-03-08 00:00:00.000000,2023-05-22 00:00:00.000000,departamento,ARRIENDO,agency
PI-2023-05-004494,portalinmobiliario,Las Condes,Metropolitana,1040000,29.71,58.9,2023-04-12 00:00:00.000000,2023-05-29 00:00:00.000000,DEPARTAMENTO,arriendo,agency
PI-2023-05-003968,portalinmobiliario,Providencia,Metropolitana,990000,28.29,40.6,2023-04-25 00:00:00.000000,2023-05-29 00:00:00.000000,departamento,arriendo,agency
PI-2023-05-000322,portalinmobiliario,Estación Central,Metropolitana,430000,12.29,42.8,2022-12-03 00:00:00.000000,2023-05-01 00:00:00.000000,DEPARTAMENTO,ARRIENDO,agency
PI-2023-05-003749,portalinmobiliario,Huechuraba,Metropolitana,770000,22.0,65.9,2023-04-28 00:00:00.000000,2023-05-22 00:00:00.000000,DEPARTAMENTO,ARRIENDO,agency
PI-2023-05-003767,portalinmobiliario,La Reina,Metropolitana,555000,15.86,8.0,2023-05-17 00:00:00.000000,2023-05-22 00:00:00.000000,DEPARTAMENTO,ARRIENDO,agency
PI-2023-05-000665,portalinmobiliario,Providencia,Metropolitana,765000,21.86,31.5,2023-04-04 00:00:00.000000,2023-05-01 00:00:00.000000,DEPARTAMENTO,arriendo,owner_direct
PI-2023-05-002123,portalinmobiliario,Pudahuel,Metropolitana,550000,15.71,65.2,2023-04-16 00:00:00.000000,2023-05-15 00:00:00.000000,Departamento,arriendo,agency
PI-2023-05-004544,portalinmobiliario,Pudahuel,Metropolitana,265000,7.57,21.6,2023-04-23 00:00:00.000000,2023-05-29 00:00:00.000000,Departamento,ARRIENDO,owner_direct
PI-2023-05-002950,portalinmobiliario,Estación Central,Metropolitana,360000,10.29,38.2,2023-05-17 00:00:00.000000,2023-05-22 00:00:00.000000,Departamento,arriendo,agency
PI-2023-05-004441,portalinmobiliario,Lo Barnechea,Metropolitana,1260000,36.0,89.0,2023-01-13 00:00:00.000000,2023-05-29 00:00:00.000000,Departamento,ARRIENDO,owner_direct
PI-2023-05-002909,portalinmobiliario,Providencia,Metropolitana,1265000,36.14,94.3,2023-04-14 00:00:00.000000,2023-05-22 00:00:00.000000,departamento,ARRIENDO,agency
PI-2023-05-003311,portalinmobiliario,San Joaquín,Metropolitana,410000,11.71,40.0,2023-05-17 00:00:00.000000,2023-05-22 00:00:00.000000,Departamento,ARRIENDO,agency
PI-2023-05-000165,portalinmobiliario,Puente Alto,Metropolitana,355000,10.14,39.1,2023-04-07 00:00:00.000000,2023-05-01 00:00:00.000000,DEPARTAMENTO,Arriendo,owner_direct
PI-2023-05-000220,portalinmobiliario,Conchalí,Metropolitana,480000,,42.9,2023-04-28 00:00:00.000000,2023-05-01 00:00:00.000000,DEPARTAMENTO,ARRIENDO,agency
PI-2023-05-002828,portalinmobiliario,Las Condes,Metropolitana,1115000,31.86,58.1,2023-05-14 00:00:00.000000,2023-05-22 00:00:00.000000,DEPARTAMENTO,ARRIENDO,agency
PI-2023-05-004010,portalinmobiliario,Santiago,Metropolitana,840000,24.0,85.1,2023-04-02 00:00:00.000000,2023-05-29 00:00:00.000000,Departamento,ARRIENDO,agency
PI-2023-05-004875,portalinmobiliario,Ñuñoa,Metropolitana,1225000,35.0,95.3,2023-05-28 00:00:00.000000,2023-05-29 00:00:00.000000,departamento,arriendo,owner_direct
PI-2023-05-000558,portalinmobiliario,Santiago,Metropolitana,590000,16.86,43.1,2023-03-20 00:00:00.000000,2023-05-01 00:00:00.000000,departamento,Arriendo,owner_direct
PI-2023-05-003884,portalinmobiliario,Macul,Metropolitana,615000,17.57,44.9,2023-04-30 00:00:00.000000,2023-05-29 00:00:00.000000,DEPARTAMENTO,Arriendo,agency
PI-2023-05-001665,portalinmobiliario,Puente Alto,Metropolitana,530000,15.14,60.3,2023-04-21 00:00:00.000000,2023-05-08 00:00:00.000000,departamento,ARRIENDO,owner_direct
PI-2023-05-000894,portalinmobiliario,Peñalolén,Metropolitana,655000,18.71,60.0,2023-04-21 00:00:00.000000,2023-05-08 00:00:00.000000,DEPARTAMENTO,Arriendo,agency
PI-2023-05-003990,portalinmobiliario,Independencia,Metropolitana,485000,13.86,57.3,2023-05-27 00:00:00.000000,2023-05-29 00:00:00.000000,departamento,arriendo,agency
PI-2023-05-001489,portalinmobiliario,Estación Central,Metropolitana,445000,12.71,57.8,2023-04-19 00:00:00.000000,2023-05-08 00:00:00.000000,Departamento,arriendo,agency
PI-2023-05-003680,portalinmobiliario,Santiago,Metropolitana,580000,16.57,54.7,2023-04-26 00:00:00.000000,2023-05-22 00:00:00.000000,departamento,ARRIENDO,agency
PI-2023-05-000358,portalinmobiliario,Peñalolén,Metropolitana,495000,14.14,37.7,2023-03-15 00:00:00.000000,2023-05-01 00:00:00.000000,Departamento,ARRIENDO,agency
PI-2023-05-001032,portalinmobiliario,Estación Central,Metropolitana,480000,13.71,44.6,2022-12-30 00:00:00.000000,2023-05-08 00:00:00.000000,DEPARTAMENTO,ARRIENDO,owner_direct
PI-2023-05-002649,portalinmobiliario,Renca,Metropolitana,420000,12.0,52.1,2022-11-15 00:00:00.000000,2023-05-15 00:00:00.000000,departamento,ARRIENDO,owner_direct
PI-2023-05-000407,portalinmobiliario,San Miguel,Metropolitana,565000,16.14,50.8,2023-04-14 00:00:00.000000,2023-05-01 00:00:00.000000,Departamento,Arriendo,agency
PI-2023-05-002314,portalinmobiliario,Santiago,Metropolitana,680000,19.43,48.5,2023-04-30 00:00:00.000000,2023-05-15 00:00:00.000000,DEPARTAMENTO,ARRIENDO,agency
PI-2023-05-003268,portalinmobiliario,Lo Barnechea,Metropolitana,780000,22.29,36.8,2023-04-18 00:00:00.000000,2023-05-22 00:00:00.000000,DEPARTAMENTO,Arriendo,agency
PI-2023-05-002041,portalinmobiliario,La Florida,Metropolitana,475000,13.57,49.1,2023-04-19 00:00:00.000000,2023-05-15 00:00:00.000000,Departamento,ARRIENDO,agency
PI-2023-05-000138,portalinmobiliario,Macul,Metropolitana,545000,15.57,41.9,2023-04-09 00:00:00.000000,2023-05-01 00:00:00.000000,DEPARTAMENTO,ARRIENDO,agency
PI-2023-05-001048,portalinmobiliario, Estación Central,Metropolitana,370000,10.57,34.5,2023-04-21 00:00:00.000000,2023-05-08 00:00:00.000000,DEPARTAMENTO,arriendo,agency
PI-2023-05-003377,portalinmobiliario,Estación Central,Metropolitana,2590000,74.0,400.0,2023-03-10 00:00:00.000000,2023-05-22 00:00:00.000000,Departamento,Arriendo,agency
PI-2023-05-004694,portalinmobiliario,Quilicura,Metropolitana,435000,12.43,36.7,2023-05-05 00:00:00.000000,2023-05-29 00:00:00.000000,departamento,arriendo,agency
PI-2023-05-001059,portalinmobiliario,Ñuñoa,Metropolitana,760000,21.71,58.0,2023-03-31 00:00:00.000000,2023-05-08 00:00:00.000000,DEPARTAMENTO,ARRIENDO,agency
PI-2023-05-004181,portalinmobiliario,PUENTE ALTO,Metropolitana,550000,15.71,73.7,2023-05-19 00:00:00.000000,2023-05-29 00:00:00.000000,Departamento,arriendo,agency
PI-2023-05-001420,portalinmobiliario,Macul,Metropolitana,565000,16.14,59.4,2023-05-02 00:00:00.000000,2023-05-08 00:00:00.000000,Departamento,Arriendo,owner_direct
PI-2023-05-004370,portalinmobiliario,Santiago,Metropolitana,740000,21.14,82.7,2023-05-07 00:00:00.000000,2023-05-29 00:00:00.000000,departamento,ARRIENDO,owner_direct
PI-2023-05-000285,portalinmobiliario,Maipú,Metropolitana,610000,17.43,67.1,2023-04-22 00:00:00.000000,2023-05-01 00:00:00.000000,DEPARTAMENTO,arriendo,agency
PI-2023-05-004504,portalinmobiliario,Quilicura,Metropolitana,425000,12.14,45.0,2023-04-09 00:00:00.000000,2023-05-29 00:00:00.000000,departamento,ARRIENDO,agency
PI-2023-05-002628,portalinmobiliario,Santiago,Metropolitana,615000,17.57,65.5,2023-04-14 00:00:00.000000,2023-05-15 00:00:00.000000,departamento,Arriendo,owner_direct
PI-2023-05-003672,portalinmobiliario,Ñuñoa,Metropolitana,700000,20.0,44.7,2023-05-01 00:00:00.000000,2023-05-22 00:00:00.000000,DEPARTAMENTO,arriendo,agency
PI-2023-05-004194,portalinmobiliario,Providencia,Metropolitana,830000,23.71,33.4,2023-04-19 00:00:00.000000,2023-05-29 00:00:00.000000,DEPARTAMENTO,Arriendo,owner_direct
PI-2023-05-001454,portalinmobiliario,Lo Barnechea,Metropolitana,1400000,40.0,105.2,2023-04-10 00:00:00.000000,2023-05-08 00:00:00.000000,departamento,Arriendo,owner_direct
PI-2023-05-001249,portalinmobiliario,La Florida,Metropolitana,460000,13.14,50.7,2023-03-23 00:00:00.000000,2023-05-08 00:00:00.000000,departamento,Arriendo,owner_direct
PI-2023-05-000860,portalinmobiliario,Las Condes,Metropolitana,840000,24.0,36.7,2023-03-08 00:00:00.000000,2023-05-08 00:00:00.000000,Departamento,arriendo,agency
PI-2023-05-004589,portalinmobiliario,San Joaquín,Metropolitana,345000,9.86,29.9,2023-05-10 00:00:00.000000,2023-05-29 00:00:00.000000,departamento,Arriendo,agency
PI-2023-05-003029,portalinmobiliario,Vitacura,Metropolitana,1990000,56.86,108.4,2023-04-19 00:00:00.000000,2023-05-22 00:00:00.000000,Departamento,ARRIENDO,agency
PI-2023-05-003687,portalinmobiliario,Providencia,Metropolitana,980000,28.0,39.3,2022-12-05 00:00:00.000000,2023-05-22 00:00:00.000000,departamento,Arriendo,agency
PI-2023-05-003385,portalinmobiliario,Santiago,Metropolitana,590000,16.86,52.9,2023-04-02 00:00:00.000000,2023-05-22 00:00:00.000000,Departamento,arriendo,owner_direct
PI-2023-05-002159,portalinmobiliario,San Miguel,Metropolitana,595000,17.0,38.0,2023-05-08 00:00:00.000000,2023-05-15 00:00:00.000000,DEPARTAMENTO,ARRIENDO,owner_direct
PI-2023-05-004487,portalinmobiliario,La Florida,Metropolitana,585000,16.71,58.6,2023-05-13 00:00:00.000000,2023-05-29 00:00:00.000000,departamento,ARRIENDO,owner_direct
PI-2023-05-001276,portalinmobiliario,Independencia,Metropolitana,470000,13.43,45.2,2023-04-28 00:00:00.000000,2023-05-08 00:00:00.000000,departamento,ARRIENDO,agency
PI-2023-05-003024,portalinmobiliario,Providencia,Metropolitana,960000,27.43,46.0,2023-04-19 00:00:00.000000,2023-05-22 00:00:00.000000,DEPARTAMENTO,arriendo,owner_direct
PI-2023-05-004518,portalinmobiliario,Santiago,Metropolitana,1085000,31.0,132.3,2023-05-25 00:00:00.000000,2023-05-29 00:00:00.000000,departamento,arriendo,owner_direct
PI-2023-05-004552,portalinmobiliario,Santiago,Metropolitana,720000,20.57,59.4,2023-04-30 00:00:00.000000,2023-05-29 00:00:00.000000,DEPARTAMENTO,ARRIENDO,agency
PI-2023-05-002482,portalinmobiliario,La Cisterna,Metropolitana,440000,12.57,46.4,2023-03-28 00:00:00.000000,2023-05-15 00:00:00.000000,DEPARTAMENTO,ARRIENDO,agency
PI-2023-05-004470,portalinmobiliario,Santiago,Metropolitana,640000,18.29,64.0,2023-04-10 00:00:00.000000,2023-05-29 00:00:00.000000,Departamento,arriendo,owner_direct
PI-2023-05-001993,portalinmobiliario,Independencia,Metropolitana,500000,14.29,61.3,2023-05-08 00:00:00.000000,2023-05-15 00:00:00.000000,DEPARTAMENTO,ARRIENDO,owner_direct
PI-2023-05-003755,portalinmobiliario,La Florida,Metropolitana,600000,17.14,45.0,2023-05-06 00:00:00.000000,2023-05-22 00:00:00.000000,Departamento,Arriendo,owner_direct
PI-2023-05-004590,portalinmobiliario,Renca,Metropolitana,560000,16.0,69.0,2023-03-16 00:00:00.000000,2023-05-29 00:00:00.000000,departamento,arriendo,agency
PI-2023-05-000666,portalinmobiliario,Recoleta,Metropolitana,400000,11.43,31.8,2023-03-20 00:00:00.000000,2023-05-01 00:00:00.000000,Departamento,arriendo,agency
PI-2023-05-002481,portalinmobiliario,Pudahuel,Metropolitana,545000,15.57,61.9,2023-02-16 00:00:00.000000,2023-05-15 00:00:00.000000,DEPARTAMENTO,ARRIENDO,owner_direct
PI-2023-05-000654,portalinmobiliario,Cerrillos,Metropolitana,415000,11.86,34.2,2023-03-16 00:00:00.000000,2023-05-01 00:00:00.000000,DEPARTAMENTO,ARRIENDO,owner_direct
PI-2023-05-002905,portalinmobiliario,INDEPENDENCIA,Metropolitana,485000,13.86,63.6,2023-05-19 00:00:00.000000,2023-05-22 00:00:00.000000,departamento,ARRIENDO,agency
PI-2023-05-000050,portalinmobiliario,Cerrillos,Metropolitana,680000,19.43,70.7,2023-03-27 00:00:00.000000,2023-05-01 00:00:00.000000,DEPARTAMENTO,ARRIENDO,agency
PI-2023-05-000071,portalinmobiliario,Lo Barnechea,Metropolitana,905000,25.86,47.1,2023-03-27 00:00:00.000000,2023-05-01 00:00:00.000000,DEPARTAMENTO,Arriendo,agency
PI-2023-05-004138,portalinmobiliario,las condes,Metropolitana,1700000,,132.9,2023-03-06 00:00:00.000000,2023-05-29 00:00:00.000000,DEPARTAMENTO,arriendo,agency
PI-2023-05-001205,portalinmobiliario,Maipú,Metropolitana,425000,12.14,44.1,2023-04-23 00:00:00.000000,2023-05-08 00:00:00.000000,departamento,arriendo,owner_direct
PI-2023-05-001208,portalinmobiliario,Macul,Metropolitana,545000,15.57,55.7,2023-03-16 00:00:00.000000,2023-05-08 00:00:00.000000,DEPARTAMENTO,ARRIENDO,owner_direct
PI-2023-05-004386,portalinmobiliario,Conchalí,Metropolitana,600000,17.14,53.1,2023-05-25 00:00:00.000000,2023-05-29 00:00:00.000000,departamento,ARRIENDO,owner_direct
PI-2023-05-003146,portalinmobiliario,Puente Alto,Metropolitana,540000,15.43,70.2,2023-04-15 00:00:00.000000,2023-05-22 00:00:00.000000,departamento,arriendo,agency
PI-2023-05-004169,portalinmobiliario,Maipú,Metropolitana,450000,12.86,46.8,2023-04-08 00:00:00.000000,2023-05-29 00:00:00.000000,Departamento,Arriendo,agency
PI-2023-05-002608,portalinmobiliario,Macul,Metropolitana,6665000,190.43,42.2,2023-05-07 00:00:00.000000,2023-05-15 00:00:00.000000,Departamento,Arriendo,agency
PI-2023-05-000411,portalinmobiliario,Las Condes,Metropolitana,820000,23.43,42.9,2023-04-18 00:00:00.000000,2023-05-01 00:00:00.000000,departamento,arriendo,agency
PI-2023-05-004545,portalinmobiliario,La Florida,Metropolitana,585000,16.71,61.7,2023-05-20 00:00:00.000000,2023-05-29 00:00:00.000000,departamento,ARRIENDO,agency
PI-2023-05-002918,portalinmobiliario,Santiago,Metropolitana,425000,12.14,21.4,2023-05-20 00:00:00.000000,2023-05-22 00:00:00.000000,Departamento,Arriendo,agency
PI-2023-05-003156,portalinmobiliario, Estación Central,Metropolitana,515000,14.71,54.5,2023-05-06 00:00:00.000000,2023-05-22 00:00:00.000000,departamento,Arriendo,owner_direct
PI-2023-05-004832,portalinmobiliario,Maipú,Metropolitana,405000,11.57,35.3,2022-12-04 00:00:00.000000,2023-05-29 00:00:00.000000,departamento,ARRIENDO,agency
PI-2023-05-004062,portalinmobiliario,Puente Alto,Metropolitana,830000,23.71,128.6,2023-05-05 00:00:00.000000,2023-05-29 00:00:00.000000,DEPARTAMENTO,Arriendo,agency
PI-2023-05-000852,portalinmobiliario,Quinta Normal,Metropolitana,375000,10.71,26.2,2023-03-29 00:00:00.000000,2023-05-08 00:00:00.000000,departamento,ARRIENDO,owner_direct
PI-2023-05-002457,portalinmobiliario,La Florida,Metropolitana,605000,17.29,47.3,2023-05-14 00:00:00.000000,2023-05-15 00:00:00.000000,Departamento,ARRIENDO,agency
PI-2023-05-004119,portalinmobiliario,Estación Central,Metropolitana,740000,21.14,100.8,2023-05-06 00:00:00.000000,2023-05-29 00:00:00.000000,DEPARTAMENTO,arriendo,owner_direct
PI-2023-05-000934,portalinmobiliario,Santiago,Metropolitana,715000,20.43,70.3,2023-04-25 00:00:00.000000,2023-05-08 00:00:00.000000,Departamento,ARRIENDO,owner_direct
PI-2023-05-002860,portalinmobiliario,Ñuñoa,Metropolitana,1090000,31.14,88.4,2023-04-21 00:00:00.000000,2023-05-22 00:00:00.000000,Departamento,arriendo,agency
PI-2023-05-001819,portalinmobiliario,Estación Central,Metropolitana,490000,14.0,79.6,2023-05-10 00:00:00.000000,2023-05-15 00:00:00.000000,DEPARTAMENTO,Arriendo,owner_direct
PI-2023-05-003542,portalinmobiliario,Las Condes,Metropolitana,725000,20.71,27.7,2023-04-13 00:00:00.000000,2023-05-22 00:00:00.000000,Departamento,arriendo,agency
PI-2023-05-001239,portalinmobiliario,Ñuñoa,Metropolitana,835000,23.86,67.3,2023-04-03 00:00:00.000000,2023-05-08 00:00:00.000000,departamento,arriendo,owner_direct
PI-2023-05-003943,portalinmobiliario,ESTACIÓN CENTRAL,Metropolitana,325000,9.29,23.3,2023-04-06 00:00:00.000000,2023-05-29 00:00:00.000000,Departamento,Arriendo,owner_direct
PI-2023-05-000795,portalinmobiliario,Vitacura,Metropolitana,830000,23.71,32.1,2023-04-13 00:00:00.000000,2023-05-01 00:00:00.000000,departamento,ARRIENDO,agency
PI-2023-05-000309,portalinmobiliario,Las Condes,Metropolitana,755000,21.57,34.7,2023-03-17 00:00:00.000000,2023-05-01 00:00:00.000000,departamento,ARRIENDO,agency
PI-2023-05-000382,portalinmobiliario,Ñuñoa,Metropolitana,615000,17.57,37.8,2023-03-12 00:00:00.000000,2023-05-01 00:00:00.000000,Departamento,Arriendo,owner_direct
PI-2023-05-003015,portalinmobiliario,Las Condes,Metropolitana,990000,28.29,51.3,2023-05-09 00:00:00.000000,2023-05-22 00:00:00.000000,Departamento,arriendo,agency
PI-2023-05-004131,portalinmobiliario,La Florida,Metropolitana,395000,11.29,33.4,2023-05-28 00:00:00.000000,2023-05-29 00:00:00.000000,departamento,arriendo,owner_direct
PI-2023-05-001528,portalinmobiliario,Santiago,Metropolitana,615000,17.57,48.6,2023-05-06 00:00:00.000000,2023-05-08 00:00:00.000000,DEPARTAMENTO,ARRIENDO,agency
PI-2023-05-003223,portalinmobiliario,La Florida,Metropolitana,645000,18.43,66.5,2023-04-30 00:00:00.000000,2023-05-22 00:00:00.000000,DEPARTAMENTO,arriendo,owner_direct
PI-2023-05-002054,portalinmobiliario,San Miguel,Metropolitana,505000,14.43,42.3,2023-04-30 00:00:00.000000,2023-05-15 00:00:00.000000,Departamento,ARRIENDO,owner_direct
PI-2023-05-003859,portalinmobiliario,Cerrillos,Metropolitana,545000,15.57,42.7,2023-01-15 00:00:00.000000,2023-05-29 00:00:00.000000,departamento,ARRIENDO,agency
PI-2023-05-003508,portalinmobiliario,Peñalolén,Metropolitana,2845000,81.29,400.0,2023-05-09 00:00:00.000000,2023-05-22 00:00:00.000000,departamento,arriendo,agency
PI-2023-05-003457,portalinmobiliario,Santiago,Metropolitana,540000,15.43,46.8,2023-05-17 00:00:00.000000,2023-05-22 00:00:00.000000,Departamento,arriendo,owner_direct
PI-2023-05-002976,portalinmobiliario,Macul,Metropolitana,580000,16.57,44.2,2023-04-24 00:00:00.000000,2023-05-22 00:00:00.000000,DEPARTAMENTO,Arriendo,agency
PI-2023-05-002152,portalinmobiliario,Huechuraba,Metropolitana,605000,17.29,45.5,2023-05-02 00:00:00.000000,2023-05-15 00:00:00.000000,departamento,arriendo,agency
PI-2023-05-001492,portalinmobiliario,Santiago,Metropolitana,655000,18.71,54.9,2023-04-13 00:00:00.000000,2023-05-08 00:00:00.000000,Departamento,arriendo,owner_direct
PI-2023-05-000484,portalinmobiliario,Quinta Normal,Metropolitana,335000,9.57,25.5,2023-04-05 00:00:00.000000,2023-05-01 00:00:00.000000,Departamento,ARRIENDO,agency
PI-2023-05-002766,portalinmobiliario,San Miguel,Metropolitana,710000,20.29,85.7,2023-04-06 00:00:00.000000,2023-05-22 00:00:00.000000,DEPARTAMENTO,arriendo,owner_direct
PI-2023-05-003593,portalinmobiliario,MAIPÚ,Metropolitana,420000,12.0,56.1,2023-05-05 00:00:00.000000,2023-05-22 00:00:00.000000,Departamento,ARRIENDO,agency
PI-2023-05-004601,portalinmobiliario,macul,Metropolitana,410000,11.71,34.1,2023-05-01 00:00:00.000000,2023-05-29 00:00:00.000000,DEPARTAMENTO,Arriendo,agency
PI-2023-05-004870,portalinmobiliario,Estación Central,Metropolitana,485000,13.86,46.4,2023-05-05 00:00:00.000000,2023-05-29 00:00:00.000000,DEPARTAMENTO,arriendo,agency
PI-2023-05-000537,portalinmobiliario,Providencia,Metropolitana,1010000,28.86,52.9,2023-03-19 00:00:00.000000,2023-05-01 00:00:00.000000,departamento,Arriendo,owner_direct
PI-2023-05-002704,portalinmobiliario,Huechuraba,Metropolitana,725000,20.71,61.8,2023-03-02 00:00:00.000000,2023-05-15 00:00:00.000000,departamento,Arriendo,agency
PI-2023-05-004587,portalinmobiliario,Las Condes,Metropolitana,865000,24.71,32.7,2023-05-20 00:00:00.000000,2023-05-29 00:00:00.000000,Departamento,ARRIENDO,owner_direct
PI-2023-05-001908,portalinmobiliario,Lo Barnechea,Metropolitana,1290000,36.86,93.8,2023-04-18 00:00:00.000000,2023-05-15 00:00:00.000000,Departamento,ARRIENDO,owner_direct
PI-2023-05-002818,portalinmobiliario,Providencia,Metropolitana,805000,23.0,48.0,2023-04-18 00:00:00.000000,2023-05-22 00:00:00.000000,Departamento,ARRIENDO,agency
PI-2023-05-002106,portalinmobiliario,Macul,Metropolitana,810000,23.14,84.1,2023-04-07 00:00:00.000000,2023-05-15 00:00:00.000000,DEPARTAMENTO,arriendo,agency
PI-2023-05-002510,portalinmobiliario,Ñuñoa,Metropolitana,535000,15.29,27.5,2023-05-05 00:00:00.000000,2023-05-15 00:00:00.000000,DEPARTAMENTO,ARRIENDO,agency
PI-2023-05-000731,portalinmobiliario,La Reina,Metropolitana,740000,21.14,40.2,2023-04-24 00:00:00.000000,2023-05-01 00:00:00.000000,Departamento,Arriendo,agency
PI-2023-05-003226,portalinmobiliario,Ñuñoa,Metropolitana,875000,25.0,63.5,2023-05-14 00:00:00.000000,2023-05-22 00:00:00.000000,Departamento,arriendo,owner_direct
PI-2023-05-003129,portalinmobiliario,Santiago,Metropolitana,880000,25.14,93.2,2023-05-07 00:00:00.000000,2023-05-22 00:00:00.000000,Departamento,Arriendo,agency
PI-2023-05-000772,portalinmobiliario,Independencia,Metropolitana,675000,19.29,74.3,2023-04-16 00:00:00.000000,2023-05-01 00:00:00.000000,DEPARTAMENTO,ARRIENDO,agency
PI-2023-05-002178,portalinmobiliario,Maipú,Metropolitana,485000,13.86,43.5,2023-05-06 00:00:00.000000,2023-05-15 00:00:00.000000,departamento,ARRIENDO,agency
PI-2023-05-003179,portalinmobiliario,Ñuñoa,Metropolitana,870000,24.86,74.9,2023-05-06 00:00:00.000000,2023-05-22 00:00:00.000000,DEPARTAMENTO,Arriendo,agency
PI-2023-05-003154,portalinmobiliario,La Florida,Metropolitana,515000,14.71,43.4,2023-05-03 00:00:00.000000,2023-05-22 00:00:00.000000,DEPARTAMENTO,arriendo,agency
PI-2023-05-000073,portalinmobiliario,San Miguel,Metropolitana,755000,21.57,64.3,2023-03-22 00:00:00.000000,2023-05-01 00:00:00.000000,departamento,ARRIENDO,owner_direct
PI-2023-05-001704,portalinmobiliario,Las Condes,Metropolitana,885000,25.29,37.4,2023-04-20 00:00:00.000000,2023-05-08 00:00:00.000000,departamento,arriendo,agency
PI-2023-05-004292,portalinmobiliario,San Joaquín,Metropolitana,545000,15.57,53.0,2023-04-21 00:00:00.000000,2023-05-29 00:00:00.000000,DEPARTAMENTO,Arriendo,owner_direct
PI-2023-05-001480,portalinmobiliario,Peñalolén,Metropolitana,640000,,70.9,2023-02-13 00:00:00.000000,2023-05-08 00:00:00.000000,departamento,arriendo,agency
PI-2023-05-001421,portalinmobiliario,Las Condes,Metropolitana,890000,25.43,43.2,2023-04-03 00:00:00.000000,2023-05-08 00:00:00.000000,departamento,arriendo,owner_direct
PI-2023-05-001575,portalinmobiliario,Maipú,Metropolitana,620000,17.71,63.4,2023-03-13 00:00:00.000000,2023-05-08 00:00:00.000000,departamento,arriendo,owner_direct
PI-2023-05-004090,portalinmobiliario,San Miguel,Metropolitana,855000,24.43,92.9,2023-05-26 00:00:00.000000,2023-05-29 00:00:00.000000,Departamento,arriendo,owner_direct
PI-2023-05-000469,portalinmobiliario,Providencia,Metropolitana,1110000,31.71,54.4,2023-04-01 00:00:00.000000,2023-05-01 00:00:00.000000,Departamento,Arriendo,agency
PI-2023-05-002996,portalinmobiliario,Huechuraba,Metropolitana,570000,16.29,42.2,2023-04-01 00:00:00.000000,2023-05-22 00:00:00.000000,DEPARTAMENTO,Arriendo,owner_direct
PI-2023-05-001710,portalinmobiliario,Puente Alto,Metropolitana,480000,13.71,52.5,2023-04-26 00:00:00.000000,2023-05-08 00:00:00.000000,Departamento,Arriendo,agency
PI-2023-05-000456,portalinmobiliario,Quilicura,Metropolitana,505000,14.43,59.1,2023-04-26 00:00:00.000000,2023-05-01 00:00:00.000000,Departamento,arriendo,owner_direct
PI-2023-05-000857,portalinmobiliario,Peñalolén,Metropolitana,605000,17.29,58.0,2023-04-13 00:00:00.000000,2023-05-08 00:00:00.000000,DEPARTAMENTO,Arriendo,owner_direct
PI-2023-05-004746,portalinmobiliario,Peñalolén,Metropolitana,565000,16.14,60.9,2023-04-24 00:00:00.000000,2023-05-29 00:00:00.000000,departamento,ARRIENDO,owner_direct
PI-2023-05-002718,portalinmobiliario,Recoleta,Metropolitana,620000,17.71,74.5,2023-05-10 00:00:00.000000,2023-05-15 00:00:00.000000,DEPARTAMENTO,Arriendo,agency
PI-2023-05-001518,portalinmobiliario,PUENTE ALTO,Metropolitana,425000,12.14,55.6,2023-03-14 00:00:00.000000,2023-05-08 00:00:00.000000,Departamento,Arriendo,agency
PI-2023-05-002999,portalinmobiliario,Quilicura,Metropolitana,455000,13.0,46.3,2023-05-05 00:00:00.000000,2023-05-22 00:00:00.000000,Departamento,arriendo,owner_direct
PI-2023-05-003753,portalinmobiliario,Las Condes,Metropolitana,815000,23.29,35.7,2023-04-17 00:00:00.000000,2023-05-22 00:00:00.000000,DEPARTAMENTO,ARRIENDO,owner_direct
PI-2023-05-001954,portalinmobiliario,San Miguel,Metropolitana,535000,15.29,47.2,2023-05-01 00:00:00.000000,2023-05-15 00:00:00.000000,Departamento,ARRIENDO,agency
PI-2023-05-002086,portalinmobiliario,Las Condes,Metropolitana,810000,23.14,44.4,2023-05-01 00:00:00.000000,2023-05-15 00:00:00.000000,DEPARTAMENTO,arriendo,agency
PI-2023-05-001661,portalinmobiliario,Estación Central,Metropolitana,1030000,29.43,136.6,2023-04-12 00:00:00.000000,2023-05-08 00:00:00.000000,departamento,ARRIENDO,agency
PI-2023-05-001312,portalinmobiliario,Recoleta,Metropolitana,670000,19.14,65.1,2023-03-29 00:00:00.000000,2023-05-08 00:00:00.000000,departamento,Arriendo,owner_direct
PI-2023-05-004732,portalinmobiliario,Las Condes,Metropolitana,1330000,38.0,69.9,2023-05-17 00:00:00.000000,2023-05-29 00:00:00.000000,Departamento,arriendo,owner_direct
PI-2023-05-004871,portalinmobiliario,Santiago,Metropolitana,1115000,31.86,99.2,2023-01-20 00:00:00.000000,2023-05-29 00:00:00.000000,departamento,ARRIENDO,owner_direct
PI-2023-05-002048,portalinmobiliario,Ñuñoa,Metropolitana,935000,26.71,62.5,2023-04-23 00:00:00.000000,2023-05-15 00:00:00.000000,departamento,ARRIENDO,agency
PI-2023-05-000914,portalinmobiliario,Providencia,Metropolitana,1010000,28.86,46.8,2023-04-04 00:00:00.000000,2023-05-08 00:00:00.000000,Departamento,arriendo,owner_direct
PI-2023-05-002670,portalinmobiliario,Recoleta,Metropolitana,495000,14.14,40.2,2023-04-18 00:00:00.000000,2023-05-15 00:00:00.000000,DEPARTAMENTO,ARRIENDO,owner_direct
PI-2023-05-003963,portalinmobiliario,Ñuñoa,Metropolitana,615000,17.57,35.8,2023-04-19 00:00:00.000000,2023-05-29 00:00:00.000000,DEPARTAMENTO,arriendo,agency
PI-2023-05-000944,portalinmobiliario,La Reina,Metropolitana,950000,27.14,67.6,2022-12-26 00:00:00.000000,2023-05-08 00:00:00.000000,DEPARTAMENTO,Arriendo,agency
PI-2023-05-003578,portalinmobiliario,San Miguel,Metropolitana,530000,15.14,49.4,2023-01-23 00:00:00.000000,2023-05-22 00:00:00.000000,DEPARTAMENTO,ARRIENDO,agency
PI-2023-05-004193,portalinmobiliario,La Florida,Metropolitana,570000,16.29,49.4,2023-05-09 00:00:00.000000,2023-05-29 00:00:00.000000,departamento,ARRIENDO,agency
PI-2023-05-003358,portalinmobiliario,LO BARNECHEA,Metropolitana,940000,26.86,40.5,2023-05-21 00:00:00.000000,2023-05-22 00:00:00.000000,DEPARTAMENTO,ARRIENDO,agency
PI-2023-05-000033,portalinmobiliario,La Reina,Metropolitana,675000,19.29,38.1,2023-04-18 00:00:00.000000,2023-05-01 00:00:00.000000,Departamento,Arriendo,owner_direct
PI-2023-05-004483,portalinmobiliario,Ñuñoa,Metropolitana,845000,24.14,62.3,2023-05-04 00:00:00.000000,2023-05-29 00:00:00.000000,DEPARTAMENTO,ARRIENDO,agency
PI-2023-05-001831,portalinmobiliario,Puente Alto,Metropolitana,510000,14.57,52.6,2023-04-30 00:00:00.000000,2023-05-15 00:00:00.000000,departamento,arriendo,owner_direct
PI-2023-05-002157,portalinmobiliario,La Florida,Metropolitana,745000,21.29,64.6,2023-03-31 00:00:00.000000,2023-05-15 00:00:00.000000,Departamento,arriendo,owner_direct
PI-2023-05-003561,portalinmobiliario,Independencia,Metropolitana,425000,12.14,23.3,2023-04-27 00:00:00.000000,2023-05-22 00:00:00.000000,departamento,ARRIENDO,owner_direct
PI-2023-05-003962,portalinmobiliario,Santiago,Metropolitana,1140000,32.57,105.3,2023-04-14 00:00:00.000000,2023-05-29 00:00:00.000000,departamento,Arriendo,agency
PI-2023-05-003911,portalinmobiliario,Providencia,Metropolitana,1110000,31.71,63.4,2023-04-21 00:00:00.000000,2023-05-29 00:00:00.000000,departamento,ARRIENDO,owner_direct
PI-2023-05-004249,portalinmobiliario,Huechuraba,Metropolitana,680000,19.43,74.1,2023-01-05 00:00:00.000000,2023-05-29 00:00:00.000000,departamento,arriendo,agency
PI-2023-05-000298,portalinmobiliario,Macul,Metropolitana,660000,18.86,55.9,2023-03-15 00:00:00.000000,2023-05-01 00:00:00.000000,DEPARTAMENTO,arriendo,agency
PI-2023-05-002001,portalinmobiliario,Las Condes,Metropolitana,1355000,38.71,90.4,2023-04-26 00:00:00.000000,2023-05-15 00:00:00.000000,DEPARTAMENTO,arriendo,agency
PI-2023-05-003153,portalinmobiliario,Pudahuel,Metropolitana,410000,11.71,38.0,2023-04-09 00:00:00.000000,2023-05-22 00:00:00.000000,Departamento,ARRIENDO,owner_direct
PI-2023-05-003296,portalinmobiliario,Puente Alto,Metropolitana,500000,14.29,62.6,2023-05-16 00:00:00.000000,2023-05-22 00:00:00.000000,departamento,Arriendo,owner_direct
PI-2023-05-003738,portalinmobiliario,Puente Alto,Metropolitana,465000,13.29,53.1,2023-05-11 00:00:00.000000,2023-05-22 00:00:00.000000,departamento,Arriendo,owner_direct
PI-2023-05-000310,portalinmobiliario,San Miguel,Metropolitana,525000,15.0,39.2,2023-04-26 00:00:00.000000,2023-05-01 00:00:00.000000,DEPARTAMENTO,arriendo,owner_direct
PI-2023-05-002360,portalinmobiliario,la reina,Metropolitana,645000,18.43,33.0,2023-04-09 00:00:00.000000,2023-05-15 00:00:00.000000,Departamento,arriendo,owner_direct
PI-2023-05-002165,portalinmobiliario,Macul,Metropolitana,510000,14.57,38.1,2023-04-23 00:00:00.000000,2023-05-15 00:00:00.000000,Departamento,Arriendo,owner_direct
PI-2023-05-001377,portalinmobiliario,RECOLETA,Metropolitana,570000,16.29,51.2,2023-05-02 00:00:00.000000,2023-05-08 00:00:00.000000,Departamento,ARRIENDO,agency
PI-2023-05-003302,portalinmobiliario,Estación Central,Metropolitana,430000,12.29,44.3,2023-05-08 00:00:00.000000,2023-05-22 00:00:00.000000,departamento,ARRIENDO,owner_direct
PI-2023-05-002470,portalinmobiliario,Recoleta,Metropolitana,445000,12.71,39.4,2023-04-17 00:00:00.000000,2023-05-15 00:00:00.000000,departamento,ARRIENDO,owner_direct
PI-2023-05-001548,portalinmobiliario,Quinta Normal,Metropolitana,4120000,117.71,37.5,2023-04-09 00:00:00.000000,2023-05-08 00:00:00.000000,Departamento,ARRIENDO,agency
PI-2023-05-004004,portalinmobiliario,Las Condes,Metropolitana,650000,18.57,29.6,2023-05-08 00:00:00.000000,2023-05-29 00:00:00.000000,DEPARTAMENTO,Arriendo,owner_direct
PI-2023-05-002998,portalinmobiliario,Macul,Metropolitana,495000,14.14,30.8,2023-05-18 00:00:00.000000,2023-05-22 00:00:00.000000,DEPARTAMENTO,Arriendo,agency
PI-2023-05-001222,portalinmobiliario,Santiago,Metropolitana,895000,25.57,76.2,2023-02-23 00:00:00.000000,2023-05-08 00:00:00.000000,departamento,ARRIENDO,owner_direct
PI-2023-05-003399,portalinmobiliario,Puente Alto,Metropolitana,655000,18.71,88.9,2023-05-03 00:00:00.000000,2023-05-22 00:00:00.000000,departamento,ARRIENDO,agency
PI-2023-05-001563,portalinmobiliario,Maipú,Metropolitana,405000,11.57,34.5,2023-04-04 00:00:00.000000,2023-05-08 00:00:00.000000,departamento,ARRIENDO,agency
PI-2023-05-003501,portalinmobiliario,La Florida,Metropolitana,555000,15.86,47.8,2023-01-31 00:00:00.000000,2023-05-22 00:00:00.000000,Departamento,ARRIENDO,agency
PI-2023-05-002940,portalinmobiliario,La Florida,Metropolitana,820000,23.43,81.9,2023-05-01 00:00:00.000000,2023-05-22 00:00:00.000000,departamento,Arriendo,agency
PI-2023-05-003610,portalinmobiliario,Recoleta,Metropolitana,430000,12.29,29.9,2023-02-26 00:00:00.000000,2023-05-22 00:00:00.000000,departamento,Arriendo,owner_direct
PI-2023-05-002610,portalinmobiliario,Las Condes,Metropolitana,1030000,29.43,44.9,2023-05-13 00:00:00.000000,2023-05-15 00:00:00.000000,departamento,ARRIENDO,agency
PI-2023-05-000967,portalinmobiliario,La Cisterna,Metropolitana,500000,14.29,45.4,2023-04-29 00:00:00.000000,2023-05-08 00:00:00.000000,departamento,Arriendo,agency
PI-2023-05-000103,portalinmobiliario,Maipú,Metropolitana,385000,11.0,32.0,2023-04-05 00:00:00.000000,2023-05-01 00:00:00.000000,DEPARTAMENTO,ARRIENDO,owner_direct
PI-2023-05-000011,portalinmobiliario,Puente Alto,Metropolitana,560000,16.0,72.3,2023-03-23 00:00:00.000000,2023-05-01 00:00:00.000000,Departamento,Arriendo,owner_direct
PI-2023-05-000453,portalinmobiliario,Macul,Metropolitana,435000,12.43,28.6,2023-03-21 00:00:00.000000,2023-05-01 00:00:00.000000,departamento,ARRIENDO,agency
PI-2023-05-003918,portalinmobiliario,Ñuñoa,Metropolitana,670000,19.14,47.4,2023-05-23 00:00:00.000000,2023-05-29 00:00:00.000000,Departamento,Arriendo,owner_direct
PI-2023-05-003109,portalinmobiliario,Las Condes,Metropolitana,970000,27.71,56.4,2023-05-07 00:00:00.000000,2023-05-22 00:00:00.000000,departamento,ARRIENDO,agency
PI-2023-05-004726,portalinmobiliario,San Joaquín,Metropolitana,895000,25.57,96.8,2023-04-28 00:00:00.000000,2023-05-29 00:00:00.000000,DEPARTAMENTO,Arriendo,agency
PI-2023-05-003089,portalinmobiliario,Vitacura,Metropolitana,1070000,30.57,36.8,2023-04-14 00:00:00.000000,2023-05-22 00:00:00.000000,Departamento,Arriendo,agency
PI-2023-05-004771,portalinmobiliario,Santiago,Metropolitana,920000,26.29,90.6,2023-05-08 00:00:00.000000,2023-05-29 00:00:00.000000,departamento,Arriendo,owner_direct
PI-2023-05-002683,portalinmobiliario,Estación Central,Metropolitana,565000,16.14,54.7,2023-05-14 00:00:00.000000,2023-05-15 00:00:00.000000,DEPARTAMENTO,arriendo,agency
PI-2023-05-001552,portalinmobiliario,Macul,Metropolitana,545000,15.57,46.8,2023-03-18 00:00:00.000000,2023-05-08 00:00:00.000000,Departamento,ARRIENDO,agency
PI-2023-05-003158,portalinmobiliario,Estación Central,Metropolitana,675000,19.29,81.3,2023-05-03 00:00:00.000000,2023-05-22 00:00:00.000000,DEPARTAMENTO,ARRIENDO,agency
PI-2023-05-004512,portalinmobiliario,Providencia,Metropolitana,1745000,49.86,139.3,2023-05-04 00:00:00.000000,2023-05-29 00:00:00.000000,departamento,Arriendo,agency
PI-2023-05-003103,portalinmobiliario,Providencia,Metropolitana,1020000,29.14,58.2,2023-05-16 00:00:00.000000,2023-05-22 00:00:00.000000,departamento,arriendo,agency
PI-2023-05-002687,portalinmobiliario,Santiago,Metropolitana,810000,23.14,68.0,2023-02-10 00:00:00.000000,2023-05-15 00:00:00.000000,Departamento,ARRIENDO,agency
PI-2023-05-001457,portalinmobiliario,Cerrillos,Metropolitana,695000,19.86,76.6,2022-12-05 00:00:00.000000,2023-05-08 00:00:00.000000,DEPARTAMENTO,Arriendo,agency
PI-2023-05-004434,portalinmobiliario,Renca,Metropolitana,605000,17.29,70.0,2023-05-12 00:00:00.000000,2023-05-29 00:00:00.000000,Departamento,ARRIENDO,agency
PI-2023-05-004608,portalinmobiliario,Estación Central,Metropolitana,620000,17.71,72.1,2023-05-06 00:00:00.000000,2023-05-29 00:00:00.000000,Departamento,Arriendo,agency
PI-2023-05-003408,portalinmobiliario,Las Condes,Metropolitana,865000,24.71,47.0,2023-05-08 00:00:00.000000,2023-05-22 00:00:00.000000,departamento,arriendo,agency
PI-2023-05-003370,portalinmobiliario,Santiago,Metropolitana,700000,20.0,66.9,2023-05-08 00:00:00.000000,2023-05-22 00:00:00.000000,Departamento,Arriendo,owner_direct
PI-2023-05-001810,portalinmobiliario,Conchalí,Metropolitana,455000,13.0,47.1,2023-04-22 00:00:00.000000,2023-05-15 00:00:00.000000,departamento,arriendo,agency
PI-2023-05-000775,portalinmobiliario,Estación Central,Metropolitana,485000,13.86,55.3,2023-03-13 00:00:00.000000,2023-05-01 00:00:00.000000,departamento,ARRIENDO,owner_direct
PI-2023-05-003967,portalinmobiliario,Recoleta,Metropolitana,515000,14.71,47.8,2023-03-26 00:00:00.000000,2023-05-29 00:00:00.000000,departamento,arriendo,agency
PI-2023-05-001865,portalinmobiliario,Maipú,Metropolitana,535000,15.29,56.6,2023-04-07 00:00:00.000000,2023-05-15 00:00:00.000000,DEPARTAMENTO,ARRIENDO,agency
PI-2023-05-002748,portalinmobiliario,Macul ,Metropolitana,710000,20.29,67.5,2023-04-21 00:00:00.000000,2023-05-22 00:00:00.000000,departamento,Arriendo,owner_direct
PI-2023-05-000977,portalinmobiliario,Recoleta,Metropolitana,530000,15.14,68.4,2023-03-24 00:00:00.000000,2023-05-08 00:00:00.000000,Departamento,ARRIENDO,agency
PI-2023-05-000515,portalinmobiliario,Maipú,Metropolitana,550000,15.71,54.2,2023-03-13 00:00:00.000000,2023-05-01 00:00:00.000000,Departamento,ARRIENDO,owner_direct
PI-2023-05-000663,portalinmobiliario,La Cisterna,Metropolitana,1140000,32.57,148.5,2023-03-29 00:00:00.000000,2023-05-01 00:00:00.000000,DEPARTAMENTO,ARRIENDO,agency
PI-2023-05-003783,portalinmobiliario,Estación Central,Metropolitana,500000,14.29,57.3,2022-12-25 00:00:00.000000,2023-05-22 00:00:00.000000,Departamento,ARRIENDO,owner_direct
PI-2023-05-001670,portalinmobiliario,Renca,Metropolitana,565000,16.14,93.9,2023-05-02 00:00:00.000000,2023-05-08 00:00:00.000000,Departamento,Arriendo,owner_direct
PI-2023-05-004534,portalinmobiliario,Santiago,Metropolitana,970000,27.71,102.1,2023-05-27 00:00:00.000000,2023-05-29 00:00:00.000000,departamento,arriendo,owner_direct
PI-2023-05-000034,portalinmobiliario,La Cisterna,Metropolitana,410000,11.71,33.0,2023-04-27 00:00:00.000000,2023-05-01 00:00:00.000000,departamento,ARRIENDO,agency
PI-2023-05-002242,portalinmobiliario,Recoleta,Metropolitana,440000,12.57,46.4,2023-04-28 00:00:00.000000,2023-05-15 00:00:00.000000,DEPARTAMENTO,arriendo,agency
PI-2023-05-001562,portalinmobiliario,san miguel,Metropolitana,565000,16.14,44.9,2023-04-08 00:00:00.000000,2023-05-08 00:00:00.000000,Departamento,arriendo,agency
PI-2023-05-002368,portalinmobiliario,Quilicura,Metropolitana,575000,16.43,87.7,2023-04-24 00:00:00.000000,2023-05-15 00:00:00.000000,DEPARTAMENTO,ARRIENDO,agency
PI-2023-05-000850,portalinmobiliario,Las Condes,Metropolitana,850000,24.29,45.4,2023-04-18 00:00:00.000000,2023-05-08 00:00:00.000000,Departamento,ARRIENDO,owner_direct
PI-2023-05-003729,portalinmobiliario,Puente Alto,Metropolitana,435000,12.43,31.1,2023-04-17 00:00:00.000000,2023-05-22 00:00:00.000000,DEPARTAMENTO,ARRIENDO,owner_direct
PI-2023-05-002756,portalinmobiliario,Providencia,Metropolitana,770000,22.0,34.3,2023-04-07 00:00:00.000000,2023-05-22 00:00:00.000000,DEPARTAMENTO,Arriendo,agency
PI-2023-05-002078,portalinmobiliario,Las Condes,Metropolitana,935000,26.71,48.0,2023-02-14 00:00:00.000000,2023-05-15 00:00:00.000000,DEPARTAMENTO,arriendo,agency
PI-2023-05-002210,portalinmobiliario,Quinta Normal,Metropolitana,1455000,41.57,72.8,2023-04-16 00:00:00.000000,2023-05-15 00:00:00.000000,DEPARTAMENTO,ARRIENDO,agency
PI-2023-05-002900,portalinmobiliario,Recoleta,Metropolitana,680000,19.43,81.3,2023-04-15 00:00:00.000000,2023-05-22 00:00:00.000000,DEPARTAMENTO,ARRIENDO,owner_direct
PI-2023-05-004578,portalinmobiliario,Estación Central,Metropolitana,370000,10.57,31.2,2023-04-24 00:00:00.000000,2023-05-29 00:00:00.000000,Departamento,Arriendo,agency
PI-2023-05-000573,portalinmobiliario,Independencia,Metropolitana,2380000,68.0,66.6,2023-04-13 00:00:00.000000,2023-05-01 00:00:00.000000,Departamento,ARRIENDO,owner_direct
PI-2023-05-004291,portalinmobiliario,Santiago,Metropolitana,595000,17.0,46.2,2023-05-13 00:00:00.000000,2023-05-29 00:00:00.000000,Departamento,Arriendo,agency
PI-2023-05-001593,portalinmobiliario,Huechuraba,Metropolitana,600000,17.14,51.6,2023-04-16 00:00:00.000000,2023-05-08 00:00:00.000000,Departamento,Arriendo,agency
PI-2023-05-000093,portalinmobiliario,San Miguel,Metropolitana,1180000,33.71,128.2,2023-04-12 00:00:00.000000,2023-05-01 00:00:00.000000,DEPARTAMENTO,ARRIENDO,agency
PI-2023-05-003661,portalinmobiliario,Quinta Normal,Metropolitana,405000,11.57,33.6,2023-04-22 00:00:00.000000,2023-05-22 00:00:00.000000,DEPARTAMENTO,Arriendo,agency
PI-2023-05-002719,portalinmobiliario,Las Condes,Metropolitana,1120000,32.0,53.4,2023-04-23 00:00:00.000000,2023-05-15 00:00:00.000000,Departamento,arriendo,agency
PI-2023-05-000835,portalinmobiliario,La Florida,Metropolitana,3815000,109.0,29.8,2023-04-10 00:00:00.000000,2023-05-08 00:00:00.000000,DEPARTAMENTO,Arriendo,owner_direct
PI-2023-05-000921,portalinmobiliario,La Florida,Metropolitana,460000,13.14,40.1,2023-04-12 00:00:00.000000,2023-05-08 00:00:00.000000,departamento,arriendo,agency
PI-2023-05-004358,portalinmobiliario,Macul,Metropolitana,415000,11.86,31.8,2022-12-13 00:00:00.000000,2023-05-29 00:00:00.000000,Departamento,arriendo,agency
PI-2023-05-001990,portalinmobiliario,Estación Central,Metropolitana,365000,10.43,29.8,2023-04-14 00:00:00.000000,2023-05-15 00:00:00.000000,Departamento,ARRIENDO,owner_direct
PI-2023-05-001103,portalinmobiliario,Independencia,Metropolitana,480000,13.71,36.4,2023-04-14 00:00:00.000000,2023-05-08 00:00:00.000000,DEPARTAMENTO,Arriendo,agency
PI-2023-05-002364,portalinmobiliario,Puente Alto,Metropolitana,555000,15.86,78.4,2022-12-25 00:00:00.000000,2023-05-15 00:00:00.000000,DEPARTAMENTO,ARRIENDO,owner_direct
PI-2023-05-002105,portalinmobiliario,San Miguel,Metropolitana,870000,24.86,97.9,2023-04-28 00:00:00.000000,2023-05-15 00:00:00.000000,DEPARTAMENTO,ARRIENDO,agency
PI-2023-05-004189,portalinmobiliario,Estación Central,Metropolitana,610000,17.43,76.8,2023-05-07 00:00:00.000000,2023-05-29 00:00:00.000000,departamento,ARRIENDO,owner_direct
PI-2023-05-002488,portalinmobiliario,Pudahuel,Metropolitana,900000,25.71,117.1,2022-12-26 00:00:00.000000,2023-05-15 00:00:00.000000,Departamento,arriendo,agency
PI-2023-05-002110,portalinmobiliario,Ñuñoa,Metropolitana,780000,22.29,52.0,2023-05-03 00:00:00.000000,2023-05-15 00:00:00.000000,Departamento,arriendo,owner_direct
PI-2023-05-002406,portalinmobiliario,Recoleta,Metropolitana,645000,18.43,55.6,2023-04-08 00:00:00.000000,2023-05-15 00:00:00.000000,DEPARTAMENTO,ARRIENDO,agency
PI-2023-05-000418,portalinmobiliario,Quilicura,Metropolitana,405000,11.57,35.2,2023-03-09 00:00:00.000000,2023-05-01 00:00:00.000000,departamento,Arriendo,agency
PI-2023-05-000402,portalinmobiliario,Recoleta,Metropolitana,625000,17.86,60.0,2023-03-31 00:00:00.000000,2023-05-01 00:00:00.000000,departamento,Arriendo,agency
PI-2023-05-004367,portalinmobiliario,Peñalolén,Metropolitana,535000,15.29,64.0,2023-04-23 00:00:00.000000,2023-05-29 00:00:00.000000,Departamento,Arriendo,agency
PI-2023-05-001611,portalinmobiliario,San Miguel,Metropolitana,735000,21.0,70.2,2022-12-14 00:00:00.000000,2023-05-08 00:00:00.000000,DEPARTAMENTO,ARRIENDO,agency
PI-2023-05-003885,portalinmobiliario,Las Condes,Metropolitana,3420000,97.71,41.9,2023-05-19 00:00:00.000000,2023-05-29 00:00:00.000000,DEPARTAMENTO,arriendo,owner_direct
PI-2023-05-004433,portalinmobiliario,Cerrillos,Metropolitana,480000,13.71,46.7,2023-05-20 00:00:00.000000,2023-05-29 00:00:00.000000,departamento,arriendo,owner_direct
PI-2023-05-002829,portalinmobiliario,Providencia,Metropolitana,2000000,57.14,138.9,2022-12-05 00:00:00.000000,2023-05-22 00:00:00.000000,DEPARTAMENTO,Arriendo,agency
PI-2023-05-003459,portalinmobiliario,La Cisterna,Metropolitana,390000,11.14,39.3,2023-04-15 00:00:00.000000,2023-05-22 00:00:00.000000,departamento,arriendo,agency
PI-2023-05-003462,portalinmobiliario,Macul,Metropolitana,505000,14.43,57.0,2023-05-19 00:00:00.000000,2023-05-22 00:00:00.000000,DEPARTAMENTO,Arriendo,agency
PI-2023-05-003419,portalinmobiliario,Estación Central,Metropolitana,475000,13.57,43.7,2023-04-20 00:00:00.000000,2023-05-22 00:00:00.000000,DEPARTAMENTO,ARRIENDO,agency
PI-2023-05-000035,portalinmobiliario,Macul,Metropolitana,890000,25.43,97.7,2023-04-24 00:00:00.000000,2023-05-01 00:00:00.000000,DEPARTAMENTO,Arriendo,agency
PI-2023-05-003336,portalinmobiliario,La Cisterna,Metropolitana,565000,16.14,68.7,2023-04-20 00:00:00.000000,2023-05-22 00:00:00.000000,Departamento,arriendo,owner_direct
PI-2023-05-000828,portalinmobiliario,San Joaquín,Metropolitana,420000,12.0,31.1,2023-04-18 00:00:00.000000,2023-05-08 00:00:00.000000,departamento,ARRIENDO,agency
PI-2023-05-001733,portalinmobiliario,Renca,Metropolitana,370000,10.57,25.3,2023-05-05 00:00:00.000000,2023-05-08 00:00:00.000000,DEPARTAMENTO,ARRIENDO,agency
PI-2023-05-003614,portalinmobiliario,San Miguel,Metropolitana,925000,26.43,88.9,2023-04-27 00:00:00.000000,2023-05-22 00:00:00.000000,DEPARTAMENTO,arriendo,owner_direct
PI-2023-05-001617,portalinmobiliario,La Reina,Metropolitana,730000,20.86,54.2,2022-11-12 00:00:00.000000,2023-05-08 00:00:00.000000,Departamento,ARRIENDO,agency
PI-2023-05-000446,portalinmobiliario,Santiago,Metropolitana,650000,18.57,53.3,2023-04-13 00:00:00.000000,2023-05-01 00:00:00.000000,DEPARTAMENTO,arriendo,agency
PI-2023-05-002760,portalinmobiliario,Ñuñoa,Metropolitana,795000,22.71,64.6,2023-04-07 00:00:00.000000,2023-05-22 00:00:00.000000,Departamento,Arriendo,owner_direct
PI-2023-05-001586,portalinmobiliario,Lo Barnechea,Metropolitana,965000,27.57,46.2,2023-03-29 00:00:00.000000,2023-05-08 00:00:00.000000,departamento,Arriendo,agency
PI-2023-05-001441,portalinmobiliario,Las Condes,Metropolitana,1085000,31.0,54.9,2023-04-03 00:00:00.000000,2023-05-08 00:00:00.000000,DEPARTAMENTO,Arriendo,agency
PI-2023-05-001147,portalinmobiliario,Maipú,Metropolitana,495000,14.14,56.0,2023-04-30 00:00:00.000000,2023-05-08 00:00:00.000000,DEPARTAMENTO,ARRIENDO,agency
PI-2023-05-004488,portalinmobiliario,Providencia,Metropolitana,905000,25.86,43.4,2023-05-12 00:00:00.000000,2023-05-29 00:00:00.000000,departamento,Arriendo,owner_direct
PI-2023-05-003388,portalinmobiliario,Puente Alto,Metropolitana,375000,10.71,37.9,2023-04-16 00:00:00.000000,2023-05-22 00:00:00.000000,Departamento,Arriendo,agency
PI-2023-05-001257,portalinmobiliario,Pudahuel,Metropolitana,435000,12.43,50.7,2023-04-17 00:00:00.000000,2023-05-08 00:00:00.000000,Departamento,arriendo,agency
PI-2023-05-002936,portalinmobiliario,Ñuñoa,Metropolitana,630000,18.0,40.9,2023-05-18 00:00:00.000000,2023-05-22 00:00:00.000000,DEPARTAMENTO,ARRIENDO,agency
PI-2023-05-002186,portalinmobiliario,SANTIAGO,Metropolitana,730000,20.86,61.5,2023-05-12 00:00:00.000000,2023-05-15 00:00:00.000000,departamento,ARRIENDO,owner_direct
PI-2023-05-003076,portalinmobiliario,Maipú,Metropolitana,300000,8.57,31.3,2023-05-10 00:00:00.000000,2023-05-22 00:00:00.000000,DEPARTAMENTO,Arriendo,agency
PI-2023-05-000190,portalinmobiliario,La Reina,Metropolitana,970000,27.71,71.2,2023-04-18 00:00:00.000000,2023-05-01 00:00:00.000000,DEPARTAMENTO,arriendo,owner_direct
PI-2023-05-002821,portalinmobiliario,Pudahuel,Metropolitana,430000,12.29,52.4,2023-04-25 00:00:00.000000,2023-05-22 00:00:00.000000,DEPARTAMENTO,arriendo,owner_direct
PI-2023-05-000782,portalinmobiliario,Santiago,Metropolitana,470000,13.43,37.3,2023-03-06 00:00:00.000000,2023-05-01 00:00:00.000000,Departamento,arriendo,owner_direct
PI-2023-05-001448,portalinmobiliario,Santiago,Metropolitana,450000,12.86,28.6,2023-04-11 00:00:00.000000,2023-05-08 00:00:00.000000,departamento,Arriendo,agency
PI-2023-05-001634,portalinmobiliario,Las Condes,Metropolitana,765000,21.86,40.2,2023-04-25 00:00:00.000000,2023-05-08 00:00:00.000000,Departamento,Arriendo,owner_direct
PI-2023-05-001777,portalinmobiliario,La Florida,Metropolitana,585000,16.71,55.9,2023-04-01 00:00:00.000000,2023-05-15 00:00:00.000000,DEPARTAMENTO,arriendo,owner_direct
PI-2023-05-003427,portalinmobiliario,La Florida,Metropolitana,540000,15.43,49.1,2023-02-12 00:00:00.000000,2023-05-22 00:00:00.000000,departamento,Arriendo,agency
PI-2023-05-004300,portalinmobiliario,La Florida,Metropolitana,450000,12.86,36.7,2023-05-23 00:00:00.000000,2023-05-29 00:00:00.000000,Departamento,Arriendo,agency
PI-2023-05-001500,portalinmobiliario,Peñalolén,Metropolitana,545000,15.57,50.4,2023-04-23 00:00:00.000000,2023-05-08 00:00:00.000000,DEPARTAMENTO,ARRIENDO,agency
PI-2023-05-001615,portalinmobiliario,Lo Barnechea,Metropolitana,710000,20.29,36.9,2022-11-14 00:00:00.000000,2023-05-08 00:00:00.000000,DEPARTAMENTO,arriendo,agency
PI-2023-05-002156,portalinmobiliario,Santiago,Metropolitana,595000,17.0,45.7,2023-05-11 00:00:00.000000,2023-05-15 00:00:00.000000,DEPARTAMENTO,ARRIENDO,owner_direct
PI-2023-05-003169,portalinmobiliario,Renca,Metropolitana,375000,10.71,41.7,2023-05-06 00:00:00.000000,2023-05-22 00:00:00.000000,departamento,arriendo,owner_direct
PI-2023-05-002934,portalinmobiliario,Santiago,Metropolitana,950000,27.14,82.2,2023-04-11 00:00:00.000000,2023-05-22 00:00:00.000000,Departamento,arriendo,agency
PI-2023-05-000146,portalinmobiliario,Providencia,Metropolitana,1010000,28.86,64.0,2023-04-09 00:00:00.000000,2023-05-01 00:00:00.000000,departamento,arriendo,agency
PI-2023-05-000720,portalinmobiliario,Recoleta,Metropolitana,805000,23.0,79.7,2023-04-08 00:00:00.000000,2023-05-01 00:00:00.000000,DEPARTAMENTO,Arriendo,owner_direct
PI-2023-05-003027,portalinmobiliario,San Miguel,Metropolitana,550000,15.71,42.4,2023-04-17 00:00:00.000000,2023-05-22 00:00:00.000000,departamento,arriendo,owner_direct
PI-2023-05-003208,portalinmobiliario,Recoleta,Metropolitana,435000,12.43,35.4,2023-03-18 00:00:00.000000,2023-05-22 00:00:00.000000,Departamento,arriendo,agency
PI-2023-05-000716,portalinmobiliario,Santiago,Metropolitana,405000,11.57,22.6,2023-04-01 00:00:00.000000,2023-05-01 00:00:00.000000,Departamento,arriendo,agency
PI-2023-05-004113,portalinmobiliario,Independencia,Metropolitana,465000,13.29,46.0,2023-05-16 00:00:00.000000,2023-05-29 00:00:00.000000,Departamento,Arriendo,agency
PI-2023-05-000174,portalinmobiliario,Santiago,Metropolitana,675000,19.29,51.4,2023-04-16 00:00:00.000000,2023-05-01 00:00:00.000000,Departamento,ARRIENDO,agency
PI-2023-05-003603,portalinmobiliario,Macul,Metropolitana,455000,13.0,31.6,2023-04-23 00:00:00.000000,2023-05-22 00:00:00.000000,DEPARTAMENTO,Arriendo,agency
PI-2023-05-003851,portalinmobiliario,Santiago,Metropolitana,630000,18.0,51.5,2023-05-13 00:00:00.000000,2023-05-29 00:00:00.000000,departamento,ARRIENDO,agency
PI-2023-05-001091,portalinmobiliario,Puente Alto,Metropolitana,405000,11.57,39.9,2023-05-03 00:00:00.000000,2023-05-08 00:00:00.000000,departamento,arriendo,agency
PI-2023-05-003916,portalinmobiliario,Santiago,Metropolitana,605000,17.29,49.4,2023-05-08 00:00:00.000000,2023-05-29 00:00:00.000000,DEPARTAMENTO,ARRIENDO,owner_direct
PI-2023-05-000975,portalinmobiliario,Independencia,Metropolitana,580000,16.57,52.8,2023-03-10 00:00:00.000000,2023-05-08 00:00:00.000000,DEPARTAMENTO,Arriendo,agency
PI-2023-05-002534,portalinmobiliario,Maipú,Metropolitana,680000,19.43,77.5,2023-04-14 00:00:00.000000,2023-05-15 00:00:00.000000,departamento,arriendo,owner_direct
PI-2023-05-000634,portalinmobiliario,Santiago,Metropolitana,570000,16.29,54.6,2023-04-04 00:00:00.000000,2023-05-01 00:00:00.000000,Departamento,ARRIENDO,owner_direct
PI-2023-05-003573,portalinmobiliario,La Reina,Metropolitana,730000,20.86,40.6,2023-05-13 00:00:00.000000,2023-05-22 00:00:00.000000,departamento,ARRIENDO,agency
PI-2023-05-002559,portalinmobiliario,Conchalí,Metropolitana,380000,10.86,20.3,2023-03-28 00:00:00.000000,2023-05-15 00:00:00.000000,Departamento,ARRIENDO,agency
PI-2023-05-001732,portalinmobiliario,Macul,Metropolitana,585000,16.71,50.6,2023-02-21 00:00:00.000000,2023-05-08 00:00:00.000000,Departamento,Arriendo,agency
PI-2023-05-004577,portalinmobiliario,Pudahuel,Metropolitana,380000,10.86,32.7,2023-05-20 00:00:00.000000,2023-05-29 00:00:00.000000,Departamento,ARRIENDO,agency
PI-2023-05-000251,portalinmobiliario,Ñuñoa,Metropolitana,510000,14.57,37.7,2023-04-13 00:00:00.000000,2023-05-01 00:00:00.000000,departamento,Arriendo,owner_direct
PI-2023-05-004332,portalinmobiliario,La Cisterna,Metropolitana,480000,13.71,55.7,2023-04-25 00:00:00.000000,2023-05-29 00:00:00.000000,departamento,ARRIENDO,agency
PI-2023-05-001730,portalinmobiliario,Huechuraba,Metropolitana,645000,18.43,61.4,2023-04-29 00:00:00.000000,2023-05-08 00:00:00.000000,departamento,ARRIENDO,agency
PI-2023-05-000640,portalinmobiliario,Conchalí,Metropolitana,445000,12.71,43.3,2023-04-21 00:00:00.000000,2023-05-01 00:00:00.000000,departamento,ARRIENDO,agency
PI-2023-05-001426,portalinmobiliario,Puente Alto,Metropolitana,790000,22.57,133.6,2023-04-28 00:00:00.000000,2023-05-08 00:00:00.000000,DEPARTAMENTO,Arriendo,agency
PI-2023-05-000098,portalinmobiliario,Ñuñoa,Metropolitana,710000,20.29,44.6,2023-04-18 00:00:00.000000,2023-05-01 00:00:00.000000,DEPARTAMENTO,Arriendo,owner_direct
PI-2023-05-000597,portalinmobiliario,Santiago,Metropolitana,1475000,42.14,152.7,2022-10-27 00:00:00.000000,2023-05-01 00:00:00.000000,Departamento,ARRIENDO,owner_direct
PI-2023-05-002985,portalinmobiliario,Quilicura,Metropolitana,450000,12.86,42.3,2023-05-16 00:00:00.000000,2023-05-22 00:00:00.000000,DEPARTAMENTO,arriendo,agency
PI-2023-05-004477,portalinmobiliario,San Joaquín,Metropolitana,445000,12.71,37.2,2023-05-23 00:00:00.000000,2023-05-29 00:00:00.000000,Departamento,ARRIENDO,agency
PI-2023-05-003056,portalinmobiliario,La Florida,Metropolitana,400000,11.43,5.0,2023-05-15 00:00:00.000000,2023-05-22 00:00:00.000000,departamento,arriendo,agency
PI-2023-05-001798,portalinmobiliario,Maipú,Metropolitana,445000,12.71,42.5,2023-05-09 00:00:00.000000,2023-05-15 00:00:00.000000,Departamento,arriendo,agency
PI-2023-05-003495,portalinmobiliario,La Cisterna,Metropolitana,340000,9.71,24.5,2023-05-01 00:00:00.000000,2023-05-22 00:00:00.000000,departamento,Arriendo,agency
PI-2023-05-000312,portalinmobiliario,Conchalí,Metropolitana,535000,15.29,52.1,2023-04-24 00:00:00.000000,2023-05-01 00:00:00.000000,Departamento,arriendo,agency
PI-2023-05-001285,portalinmobiliario,Las Condes,Metropolitana,1160000,33.14,75.8,2023-04-09 00:00:00.000000,2023-05-08 00:00:00.000000,DEPARTAMENTO,Arriendo,agency
PI-2023-05-004881,portalinmobiliario,Santiago,Metropolitana,585000,16.71,55.4,2023-05-23 00:00:00.000000,2023-05-29 00:00:00.000000,Departamento,arriendo,agency
PI-2023-05-002335,portalinmobiliario,ñuñoa,Metropolitana,680000,19.43,53.1,2023-04-28 00:00:00.000000,2023-05-15 00:00:00.000000,departamento,arriendo,owner_direct
PI-2023-05-002862,portalinmobiliario,Puente Alto,Metropolitana,495000,14.14,63.6,2023-04-15 00:00:00.000000,2023-05-22 00:00:00.000000,Departamento,ARRIENDO,owner_direct
PI-2023-05-002089,portalinmobiliario,la florida,Metropolitana,895000,25.57,121.7,2023-05-01 00:00:00.000000,2023-05-15 00:00:00.000000,departamento,arriendo,owner_direct
PI-2023-05-000488,portalinmobiliario,Lo Barnechea,Metropolitana,895000,25.57,39.4,2023-04-21 00:00:00.000000,2023-05-01 00:00:00.000000,Departamento,ARRIENDO,agency
PI-2023-05-002956,portalinmobiliario,Macul,Metropolitana,555000,15.86,41.7,2023-05-09 00:00:00.000000,2023-05-22 00:00:00.000000,DEPARTAMENTO,Arriendo,agency
PI-2023-05-001145,portalinmobiliario,San Miguel,Metropolitana,1040000,29.71,124.8,2023-04-22 00:00:00.000000,2023-05-08 00:00:00.000000,Departamento,ARRIENDO,agency
PI-2023-05-004327,portalinmobiliario,Santiago,Metropolitana,680000,19.43,55.5,2023-05-19 00:00:00.000000,2023-05-29 00:00:00.000000,Departamento,ARRIENDO,agency
PI-2023-05-003098,portalinmobiliario,Independencia,Metropolitana,8005000,228.71,127.2,2023-05-04 00:00:00.000000,2023-05-22 00:00:00.000000,DEPARTAMENTO,arriendo,agency
PI-2023-05-002286,portalinmobiliario,Las Condes,Metropolitana,945000,27.0,51.4,2022-12-28 00:00:00.000000,2023-05-15 00:00:00.000000,DEPARTAMENTO,Arriendo,agency
PI-2023-05-004143,portalinmobiliario,Ñuñoa,Metropolitana,535000,15.29,29.9,2023-05-07 00:00:00.000000,2023-05-29 00:00:00.000000,Departamento,ARRIENDO,agency
PI-2023-05-003381,portalinmobiliario,Lo Barnechea,Metropolitana,885000,25.29,55.9,2023-05-17 00:00:00.000000,2023-05-22 00:00:00.000000,Departamento,ARRIENDO,agency
PI-2023-05-004266,portalinmobiliario,Cerrillos,Metropolitana,525000,15.0,44.3,2023-05-24 00:00:00.000000,2023-05-29 00:00:00.000000,DEPARTAMENTO,Arriendo,agency
PI-2023-05-000613,portalinmobiliario,Estación Central,Metropolitana,795000,22.71,97.6,2023-04-04 00:00:00.000000,2023-05-01 00:00:00.000000,DEPARTAMENTO,Arriendo,agency
PI-2023-05-003157,portalinmobiliario,Las Condes,Metropolitana,1185000,33.86,59.0,2023-04-28 00:00:00.000000,2023-05-22 00:00:00.000000,Departamento,ARRIENDO,agency
PI-2023-05-003936,portalinmobiliario,Providencia,Metropolitana,610000,17.43,31.8,2023-05-05 00:00:00.000000,2023-05-29 00:00:00.000000,Departamento,ARRIENDO,owner_direct
PI-2023-05-003442,portalinmobiliario,Vitacura,Metropolitana,890000,25.43,36.6,2023-04-01 00:00:00.000000,2023-05-22 00:00:00.000000,DEPARTAMENTO,ARRIENDO,owner_direct
PI-2023-05-002091,portalinmobiliario,Quinta Normal,Metropolitana,775000,22.14,123.4,2023-03-18 00:00:00.000000,2023-05-15 00:00:00.000000,DEPARTAMENTO,arriendo,owner_direct
PI-2023-05-001238,portalinmobiliario,San Joaquín,Metropolitana,385000,11.0,38.8,2023-04-05 00:00:00.000000,2023-05-08 00:00:00.000000,departamento,ARRIENDO,agency
PI-2023-05-002944,portalinmobiliario,Las Condes,Metropolitana,1095000,31.29,50.8,2023-04-26 00:00:00.000000,2023-05-22 00:00:00.000000,DEPARTAMENTO,ARRIENDO,agency
PI-2023-05-002277,portalinmobiliario,San Miguel,Metropolitana,480000,13.71,43.0,2023-05-10 00:00:00.000000,2023-05-15 00:00:00.000000,DEPARTAMENTO,arriendo,agency
PI-2023-05-001753,portalinmobiliario,Recoleta,Metropolitana,415000,11.86,39.5,2023-05-01 00:00:00.000000,2023-05-08 00:00:00.000000,DEPARTAMENTO,ARRIENDO,agency
PI-2023-05-000057,portalinmobiliario,Santiago,Metropolitana,480000,13.71,26.6,2023-04-12 00:00:00.000000,2023-05-01 00:00:00.000000,Departamento,ARRIENDO,agency
PI-2023-05-003090,portalinmobiliario,La Florida,Metropolitana,470000,13.43,39.7,2023-04-24 00:00:00.000000,2023-05-22 00:00:00.000000,DEPARTAMENTO,Arriendo,agency
PI-2023-05-004884,portalinmobiliario,Santiago ,Metropolitana,425000,12.14,2.0,2023-05-21 00:00:00.000000,2023-05-29 00:00:00.000000,DEPARTAMENTO,Arriendo,agency
PI-2023-05-001890,portalinmobiliario,Providencia,Metropolitana,860000,24.57,44.7,2023-02-09 00:00:00.000000,2023-05-15 00:00:00.000000,Departamento,Arriendo,agency
PI-2023-05-001624,portalinmobiliario,Las Condes,Metropolitana,935000,26.71,41.1,2023-04-16 00:00:00.000000,2023-05-08 00:00:00.000000,departamento,arriendo,owner_direct
PI-2023-05-003003,portalinmobiliario,Huechuraba,Metropolitana,635000,18.14,48.8,2023-04-16 00:00:00.000000,2023-05-22 00:00:00.000000,DEPARTAMENTO,arriendo,owner_direct
PI-2023-05-001998,portalinmobiliario,Las Condes,Metropolitana,790000,22.57,30.4,2023-04-13 00:00:00.000000,2023-05-15 00:00:00.000000,DEPARTAMENTO,Arriendo,agency
PI-2023-05-001874,portalinmobiliario,Estación Central,Metropolitana,515000,14.71,43.5,2023-05-02 00:00:00.000000,2023-05-15 00:00:00.000000,DEPARTAMENTO,ARRIENDO,agency
PI-2023-05-003948,portalinmobiliario,San Joaquín,Metropolitana,545000,15.57,61.0,2023-05-04 00:00:00.000000,2023-05-29 00:00:00.000000,departamento,arriendo,owner_direct
PI-2023-05-000871,portalinmobiliario,Providencia,Metropolitana,780000,22.29,35.2,2023-03-14 00:00:00.000000,2023-05-08 00:00:00.000000,departamento,Arriendo,agency
PI-2023-05-003034,portalinmobiliario,Puente Alto,Metropolitana,400000,11.43,45.9,2023-04-11 00:00:00.000000,2023-05-22 00:00:00.000000,DEPARTAMENTO,Arriendo,owner_direct
PI-2023-05-001261,portalinmobiliario,Las Condes,Metropolitana,810000,23.14,35.0,2023-04-24 00:00:00.000000,2023-05-08 00:00:00.000000,Departamento,ARRIENDO,agency
PI-2023-05-003866,portalinmobiliario,HUECHURABA,Metropolitana,530000,15.14,38.6,2023-05-22 00:00:00.000000,2023-05-29 00:00:00.000000,DEPARTAMENTO,Arriendo,owner_direct
PI-2023-05-003705,portalinmobiliario,Estación Central,Metropolitana,400000,11.43,38.6,2023-05-15 00:00:00.000000,2023-05-22 00:00:00.000000,Departamento,ARRIENDO,agency
PI-2023-05-004743,portalinmobiliario,La Florida,Metropolitana,445000,12.71,38.1,2023-05-14 00:00:00.000000,2023-05-29 00:00:00.000000,departamento,ARRIENDO,agency
PI-2023-05-000349,portalinmobiliario,Maipú,Metropolitana,475000,13.57,44.6,2023-03-04 00:00:00.000000,2023-05-01 00:00:00.000000,departamento,ARRIENDO,agency
PI-2023-05-004790,portalinmobiliario,La Reina,Metropolitana,775000,22.14,53.6,2023-05-16 00:00:00.000000,2023-05-29 00:00:00.000000,departamento,Arriendo,owner_direct
PI-2023-05-002757,portalinmobiliario,Cerrillos,Metropolitana,395000,11.29,39.3,2023-05-09 00:00:00.000000,2023-05-22 00:00:00.000000,DEPARTAMENTO,ARRIENDO,agency
PI-2023-05-001961,portalinmobiliario,Lo Barnechea,Metropolitana,765000,21.86,43.5,2023-04-12 00:00:00.000000,2023-05-15 00:00:00.000000,departamento,Arriendo,owner_direct
PI-2023-05-002161,portalinmobiliario,Santiago,Metropolitana,635000,18.14,63.3,2023-03-18 00:00:00.000000,2023-05-15 00:00:00.000000,DEPARTAMENTO,Arriendo,agency
PI-2023-05-000116,portalinmobiliario,Estación Central,Metropolitana,355000,10.14,26.4,2023-04-26 00:00:00.000000,2023-05-01 00:00:00.000000,departamento,arriendo,owner_direct
PI-2023-05-001463,portalinmobiliario,Lo Barnechea,Metropolitana,880000,25.14,47.9,2023-04-19 00:00:00.000000,2023-05-08 00:00:00.000000,Departamento,Arriendo,agency
PI-2023-05-003702,portalinmobiliario,Macul,Metropolitana,745000,21.29,63.9,2023-05-12 00:00:00.000000,2023-05-22 00:00:00.000000,DEPARTAMENTO,arriendo,agency
PI-2023-05-001612,portalinmobiliario,Estación Central,Metropolitana,465000,13.29,48.7,2023-03-02 00:00:00.000000,2023-05-08 00:00:00.000000,departamento,arriendo,agency
PI-2023-05-003724,portalinmobiliario,Recoleta,Metropolitana,425000,12.14,32.4,2023-04-21 00:00:00.000000,2023-05-22 00:00:00.000000,Departamento,Arriendo,agency
PI-2023-05-001582,portalinmobiliario,La Cisterna,Metropolitana,510000,14.57,48.7,2023-05-01 00:00:00.000000,2023-05-08 00:00:00.000000,departamento,Arriendo,agency
PI-2023-05-001195,portalinmobiliario,Independencia,Metropolitana,5300000,151.43,44.2,2023-04-16 00:00:00.000000,2023-05-08 00:00:00.000000,DEPARTAMENTO,ARRIENDO,agency
PI-2023-05-001487,portalinmobiliario,Quilicura,Metropolitana,585000,16.71,48.8,2023-04-25 00:00:00.000000,2023-05-08 00:00:00.000000,departamento,ARRIENDO,agency
PI-2023-05-001696,portalinmobiliario,Macul,Metropolitana,910000,26.0,90.2,2023-04-25 00:00:00.000000,2023-05-08 00:00:00.000000,DEPARTAMENTO,arriendo,owner_direct
PI-2023-05-001148,portalinmobiliario,La Reina,Metropolitana,1030000,29.43,72.7,2023-05-02 00:00:00.000000,2023-05-08 00:00:00.000000,DEPARTAMENTO,ARRIENDO,agency
PI-2023-05-001126,portalinmobiliario,estación central,Metropolitana,530000,15.14,55.6,2023-01-06 00:00:00.000000,2023-05-08 00:00:00.000000,departamento,arriendo,agency
PI-2023-05-000004,portalinmobiliario,Recoleta,Metropolitana,495000,14.14,42.8,2023-03-26 00:00:00.000000,2023-05-01 00:00:00.000000,DEPARTAMENTO,arriendo,agency
PI-2023-05-001202,portalinmobiliario,San Miguel,Metropolitana,405000,11.57,25.0,2023-05-02 00:00:00.000000,2023-05-08 00:00:00.000000,DEPARTAMENTO,Arriendo,owner_direct
PI-2023-05-004317,portalinmobiliario,Santiago,Metropolitana,515000,14.71,24.6,2023-05-01 00:00:00.000000,2023-05-29 00:00:00.000000,DEPARTAMENTO,arriendo,agency
PI-2023-05-001791,portalinmobiliario,Estación Central,Metropolitana,650000,18.57,72.8,2023-03-31 00:00:00.000000,2023-05-15 00:00:00.000000,DEPARTAMENTO,Arriendo,owner_direct
PI-2023-05-002948,portalinmobiliario,Santiago,Metropolitana,850000,24.29,91.4,2023-05-13 00:00:00.000000,2023-05-22 00:00:00.000000,DEPARTAMENTO,ARRIENDO,agency
PI-2023-05-002226,portalinmobiliario,Independencia,Metropolitana,315000,9.0,29.4,2022-11-27 00:00:00.000000,2023-05-15 00:00:00.000000,departamento,arriendo,agency
PI-2023-05-001233,portalinmobiliario,Pudahuel,Metropolitana,420000,12.0,44.8,2023-05-03 00:00:00.000000,2023-05-08 00:00:00.000000,Departamento,arriendo,agency
PI-2023-05-001102,portalinmobiliario,Quilicura,Metropolitana,480000,13.71,59.0,2023-04-29 00:00:00.000000,2023-05-08 00:00:00.000000,DEPARTAMENTO,arriendo,owner_direct
PI-2023-05-002228,portalinmobiliario,Providencia,Metropolitana,995000,28.43,46.5,2023-05-04 00:00:00.000000,2023-05-15 00:00:00.000000,Departamento,ARRIENDO,agency
PI-2023-05-003642,portalinmobiliario,Quilicura,Metropolitana,380000,10.86,37.4,2023-05-18 00:00:00.000000,2023-05-22 00:00:00.000000,Departamento,arriendo,owner_direct
PI-2023-05-002262,portalinmobiliario,Las Condes,Metropolitana,1860000,53.14,128.9,2023-04-08 00:00:00.000000,2023-05-15 00:00:00.000000,DEPARTAMENTO,arriendo,owner_direct
PI-2023-05-002185,portalinmobiliario,San Joaquín,Metropolitana,725000,20.71,85.2,2022-11-23 00:00:00.000000,2023-05-15 00:00:00.000000,Departamento,arriendo,agency
PI-2023-05-000133,portalinmobiliario,San Joaquín,Metropolitana,610000,17.43,84.0,2023-03-11 00:00:00.000000,2023-05-01 00:00:00.000000,departamento,Arriendo,agency
PI-2023-05-003981,portalinmobiliario,Puente Alto,Metropolitana,440000,12.57,62.1,2023-05-05 00:00:00.000000,2023-05-29 00:00:00.000000,Departamento,ARRIENDO,agency
PI-2023-05-000512,portalinmobiliario,Ñuñoa,Metropolitana,560000,16.0,28.7,2023-04-20 00:00:00.000000,2023-05-01 00:00:00.000000,DEPARTAMENTO,ARRIENDO,agency
PI-2023-05-000584,portalinmobiliario,Quinta Normal,Metropolitana,455000,13.0,47.0,2023-04-19 00:00:00.000000,2023-05-01 00:00:00.000000,DEPARTAMENTO,Arriendo,agency
PI-2023-05-003361,portalinmobiliario,La Reina,Metropolitana,605000,17.29,33.4,2023-05-02 00:00:00.000000,2023-05-22 00:00:00.000000,Departamento,ARRIENDO,owner_direct
PI-2023-05-003825,portalinmobiliario,Pudahuel,Metropolitana,560000,16.0,72.8,2023-05-22 00:00:00.000000,2023-05-29 00:00:00.000000,DEPARTAMENTO,Arriendo,agency
PI-2023-05-004073,portalinmobiliario,Quilicura,Metropolitana,365000,10.43,28.3,2023-05-06 00:00:00.000000,2023-05-29 00:00:00.000000,Departamento,ARRIENDO,agency
PI-2023-05-004789,portalinmobiliario,Estación Central,Metropolitana,385000,11.0,36.8,2023-05-20 00:00:00.000000,2023-05-29 00:00:00.000000,departamento,arriendo,owner_direct
PI-2023-05-000990,portalinmobiliario,Puente Alto,Metropolitana,425000,12.14,36.6,2023-04-09 00:00:00.000000,2023-05-08 00:00:00.000000,DEPARTAMENTO,arriendo,agency
PI-2023-05-002684,portalinmobiliario,Las Condes,Metropolitana,955000,27.29,50.3,2023-03-21 00:00:00.000000,2023-05-15 00:00:00.000000,departamento,arriendo,owner_direct
PI-2023-05-001930,portalinmobiliario,Macul,Metropolitana,500000,14.29,63.8,2023-04-11 00:00:00.000000,2023-05-15 00:00:00.000000,departamento,arriendo,agency
PI-2023-05-001521,portalinmobiliario,San Miguel,Metropolitana,805000,23.0,128.3,2022-11-20 00:00:00.000000,2023-05-08 00:00:00.000000,Departamento,Arriendo,agency
PI-2023-05-003813,portalinmobiliario,Vitacura,Metropolitana,885000,25.29,35.1,2023-04-08 00:00:00.000000,2023-05-29 00:00:00.000000,DEPARTAMENTO,arriendo,agency
PI-2023-05-002483,portalinmobiliario,Cerrillos,Metropolitana,390000,,35.3,2023-05-07 00:00:00.000000,2023-05-15 00:00:00.000000,DEPARTAMENTO,ARRIENDO,agency
PI-2023-05-003628,portalinmobiliario,Recoleta,Metropolitana,610000,17.43,68.3,2023-05-15 00:00:00.000000,2023-05-22 00:00:00.000000,Departamento,arriendo,agency
PI-2023-05-003466,portalinmobiliario,Santiago,Metropolitana,4685000,133.86,53.4,2023-05-01 00:00:00.000000,2023-05-22 00:00:00.000000,departamento,Arriendo,agency
PI-2023-05-001936,portalinmobiliario,Santiago,Metropolitana,600000,17.14,54.4,2023-05-02 00:00:00.000000,2023-05-15 00:00:00.000000,departamento,Arriendo,agency
PI-2023-05-003137,portalinmobiliario,Las Condes,Metropolitana,1165000,,66.0,2023-04-17 00:00:00.000000,2023-05-22 00:00:00.000000,Departamento,ARRIENDO,owner_direct
PI-2023-05-003444,portalinmobiliario,Quilicura,Metropolitana,645000,18.43,96.6,2023-04-26 00:00:00.000000,2023-05-22 00:00:00.000000,Departamento,ARRIENDO,agency
PI-2023-05-004651,portalinmobiliario,Macul,Metropolitana,630000,18.0,48.7,2023-04-28 00:00:00.000000,2023-05-29 00:00:00.000000,Departamento,Arriendo,agency
PI-2023-05-000141,portalinmobiliario,La Florida,Metropolitana,425000,12.14,36.2,2023-04-13 00:00:00.000000,2023-05-01 00:00:00.000000,departamento,Arriendo,agency
PI-2023-05-001483,portalinmobiliario,Puente Alto,Metropolitana,385000,11.0,30.3,2023-04-15 00:00:00.000000,2023-05-08 00:00:00.000000,DEPARTAMENTO,Arriendo,agency
PI-2023-05-002380,portalinmobiliario,La Florida,Metropolitana,600000,17.14,55.4,2023-04-30 00:00:00.000000,2023-05-15 00:00:00.000000,Departamento,arriendo,owner_direct
PI-2023-05-000395,portalinmobiliario,Conchalí,Metropolitana,385000,11.0,46.2,2023-04-03 00:00:00.000000,2023-05-01 00:00:00.000000,Departamento,ARRIENDO,agency
PI-2023-05-000976,portalinmobiliario,Renca,Metropolitana,430000,12.29,51.9,2023-04-17 00:00:00.000000,2023-05-08 00:00:00.000000,Departamento,ARRIENDO,agency
PI-2023-05-002284,portalinmobiliario,Puente Alto,Metropolitana,435000,12.43,55.7,2023-04-30 00:00:00.000000,2023-05-15 00:00:00.000000,DEPARTAMENTO,Arriendo,agency
PI-2023-05-003988,portalinmobiliario,Santiago,Metropolitana,475000,13.57,27.5,2023-04-18 00:00:00.000000,2023-05-29 00:00:00.000000,Departamento,Arriendo,agency
PI-2023-05-001083,portalinmobiliario,Ñuñoa,Metropolitana,750000,,39.6,2023-03-27 00:00:00.000000,2023-05-08 00:00:00.000000,Departamento,ARRIENDO,agency
PI-2023-05-000706,portalinmobiliario,Huechuraba,Metropolitana,600000,17.14,40.1,2023-04-09 00:00:00.000000,2023-05-01 00:00:00.000000,departamento,arriendo,agency
PI-2023-05-001462,portalinmobiliario,La Cisterna,Metropolitana,440000,12.57,43.9,2023-04-17 00:00:00.000000,2023-05-08 00:00:00.000000,Departamento,Arriendo,agency
PI-2023-05-001342,portalinmobiliario,La Florida,Metropolitana,620000,17.71,61.1,2023-04-13 00:00:00.000000,2023-05-08 00:00:00.000000,departamento,ARRIENDO,agency
PI-2023-05-004077,portalinmobiliario,Macul,Metropolitana,750000,21.43,62.2,2023-04-28 00:00:00.000000,2023-05-29 00:00:00.000000,DEPARTAMENTO,arriendo,owner_direct
PI-2023-05-000401,portalinmobiliario,Santiago,Metropolitana,830000,23.71,74.7,2023-02-28 00:00:00.000000,2023-05-01 00:00:00.000000,departamento,ARRIENDO,agency
PI-2023-05-000186,portalinmobiliario,Estación Central,Metropolitana,535000,15.29,55.4,2023-04-20 00:00:00.000000,2023-05-01 00:00:00.000000,Departamento,ARRIENDO,agency
PI-2023-05-000658,portalinmobiliario,Estación Central,Metropolitana,335000,9.57,26.0,2023-03-28 00:00:00.000000,2023-05-01 00:00:00.000000,DEPARTAMENTO,ARRIENDO,agency
PI-2023-05-004529,portalinmobiliario,INDEPENDENCIA,Metropolitana,435000,12.43,53.9,2023-05-17 00:00:00.000000,2023-05-29 00:00:00.000000,departamento,ARRIENDO,owner_direct
PI-2023-05-004595,portalinmobiliario,San Miguel,Metropolitana,895000,25.57,83.1,2023-05-26 00:00:00.000000,2023-05-29 00:00:00.000000,DEPARTAMENTO,arriendo,agency
PI-2023-05-002890,portalinmobiliario,Quinta Normal,Metropolitana,445000,12.71,33.3,2023-05-08 00:00:00.000000,2023-05-22 00:00:00.000000,Departamento,ARRIENDO,agency
PI-2023-05-001572,portalinmobiliario,Independencia,Metropolitana,520000,14.86,58.4,2023-03-15 00:00:00.000000,2023-05-08 00:00:00.000000,departamento,ARRIENDO,owner_direct
PI-2023-05-003306,portalinmobiliario,Recoleta,Metropolitana,475000,13.57,46.3,2023-05-11 00:00:00.000000,2023-05-22 00:00:00.000000,Departamento,Arriendo,agency
PI-2023-05-002790,portalinmobiliario,Quilicura,Metropolitana,480000,13.71,47.9,2023-04-23 00:00:00.000000,2023-05-22 00:00:00.000000,DEPARTAMENTO,arriendo,owner_direct
PI-2023-05-004397,portalinmobiliario,Independencia,Metropolitana,465000,13.29,30.8,2023-04-29 00:00:00.000000,2023-05-29 00:00:00.000000,departamento,ARRIENDO,owner_direct
PI-2023-05-002881,portalinmobiliario,Conchalí,Metropolitana,410000,11.71,50.9,2023-05-18 00:00:00.000000,2023-05-22 00:00:00.000000,departamento,ARRIENDO,agency
PI-2023-05-002984,portalinmobiliario,Estación Central,Metropolitana,435000,12.43,53.3,2023-04-11 00:00:00.000000,2023-05-22 00:00:00.000000,DEPARTAMENTO,ARRIENDO,owner_direct
PI-2023-05-003075,portalinmobiliario,Santiago,Metropolitana,545000,15.57,43.2,2023-05-03 00:00:00.000000,2023-05-22 00:00:00.000000,DEPARTAMENTO,ARRIENDO,agency
PI-2023-05-004444,portalinmobiliario,La Florida,Metropolitana,500000,14.29,52.7,2023-02-19 00:00:00.000000,2023-05-29 00:00:00.000000,Departamento,arriendo,agency
PI-2023-05-002171,portalinmobiliario,ESTACIÓN CENTRAL,Metropolitana,725000,20.71,84.2,2023-04-21 00:00:00.000000,2023-05-15 00:00:00.000000,departamento,ARRIENDO,agency
PI-2023-05-000157,portalinmobiliario,Recoleta,Metropolitana,525000,15.0,52.0,2023-02-13 00:00:00.000000,2023-05-01 00:00:00.000000,departamento,ARRIENDO,agency
PI-2023-05-002362,portalinmobiliario,Providencia,Metropolitana,650000,18.57,34.3,2023-04-23 00:00:00.000000,2023-05-15 00:00:00.000000,Departamento,ARRIENDO,owner_direct
PI-2023-05-003612,portalinmobiliario,Santiago,Metropolitana,805000,,75.4,2023-04-08 00:00:00.000000,2023-05-22 00:00:00.000000,departamento,Arriendo,agency
PI-2023-05-000179,portalinmobiliario,Peñalolén,Metropolitana,405000,11.57,34.1,2023-03-31 00:00:00.000000,2023-05-01 00:00:00.000000,departamento,ARRIENDO,agency
PI-2023-05-001482,portalinmobiliario,Quinta Normal,Metropolitana,485000,13.86,41.7,2023-04-23 00:00:00.000000,2023-05-08 00:00:00.000000,Departamento,arriendo,owner_direct
PI-2023-05-002629,portalinmobiliario,Vitacura,Metropolitana,1225000,35.0,49.1,2023-05-10 00:00:00.000000,2023-05-15 00:00:00.000000,Departamento,ARRIENDO,agency
PI-2023-05-003814,portalinmobiliario,Estación Central,Metropolitana,410000,11.71,37.2,2023-05-18 00:00:00.000000,2023-05-29 00:00:00.000000,DEPARTAMENTO,arriendo,agency
PI-2023-05-002220,portalinmobiliario,Las Condes,Metropolitana,800000,22.86,34.6,2023-04-21 00:00:00.000000,2023-05-15 00:00:00.000000,Departamento,Arriendo,agency
PI-2023-05-004706,portalinmobiliario,San Miguel,Metropolitana,500000,14.29,57.1,2023-05-13 00:00:00.000000,2023-05-29 00:00:00.000000,DEPARTAMENTO,arriendo,owner_direct
PI-2023-05-004039,portalinmobiliario,Santiago,Metropolitana,585000,16.71,40.5,2023-05-06 00:00:00.000000,2023-05-29 00:00:00.000000,DEPARTAMENTO,arriendo,owner_direct
PI-2023-05-002180,portalinmobiliario,San Miguel,Metropolitana,645000,18.43,78.5,2022-12-31 00:00:00.000000,2023-05-15 00:00:00.000000,DEPARTAMENTO,arriendo,agency
PI-2023-05-002743,portalinmobiliario,Recoleta,Metropolitana,600000,17.14,55.9,2023-02-27 00:00:00.000000,2023-05-15 00:00:00.000000,departamento,arriendo,agency
PI-2023-05-004681,portalinmobiliario,Estación Central,Metropolitana,510000,14.57,40.7,2023-03-11 00:00:00.000000,2023-05-29 00:00:00.000000,Departamento,ARRIENDO,agency
PI-2023-05-002104,portalinmobiliario,Lo Barnechea,Metropolitana,860000,24.57,37.7,2023-05-03 00:00:00.000000,2023-05-15 00:00:00.000000,Departamento,ARRIENDO,agency
PI-2023-05-004233,portalinmobiliario,Estación Central,Metropolitana,330000,9.43,32.2,2022-12-14 00:00:00.000000,2023-05-29 00:00:00.000000,Departamento,ARRIENDO,agency
PI-2023-05-002310,portalinmobiliario,Independencia,Metropolitana,475000,13.57,54.5,2023-04-20 00:00:00.000000,2023-05-15 00:00:00.000000,DEPARTAMENTO,ARRIENDO,agency
PI-2023-05-004158,portalinmobiliario,San Miguel,Metropolitana,775000,22.14,64.3,2022-11-23 00:00:00.000000,2023-05-29 00:00:00.000000,departamento,Arriendo,agency
PI-2023-05-000054,portalinmobiliario,La Florida,Metropolitana,415000,11.86,27.3,2023-03-22 00:00:00.000000,2023-05-01 00:00:00.000000,DEPARTAMENTO,arriendo,agency
PI-2023-05-004830,portalinmobiliario,Macul,Metropolitana,535000,15.29,52.2,2023-04-09 00:00:00.000000,2023-05-29 00:00:00.000000,Departamento,arriendo,owner_direct
PI-2023-05-001697,portalinmobiliario,Las Condes,Metropolitana,1605000,45.86,89.2,2023-04-13 00:00:00.000000,2023-05-08 00:00:00.000000,departamento,arriendo,agency
PI-2023-05-001004,portalinmobiliario,ÑUÑOA,Metropolitana,835000,23.86,60.6,2023-04-20 00:00:00.000000,2023-05-08 00:00:00.000000,DEPARTAMENTO,arriendo,agency
PI-2023-05-002253,portalinmobiliario,Pudahuel,Metropolitana,385000,11.0,39.6,2023-04-18 00:00:00.000000,2023-05-15 00:00:00.000000,DEPARTAMENTO,arriendo,owner_direct
PI-2023-05-001331,portalinmobiliario,LA REINA,Metropolitana,775000,22.14,56.0,2023-04-11 00:00:00.000000,2023-05-08 00:00:00.000000,departamento,arriendo,agency
PI-2023-05-002658,portalinmobiliario,Conchalí,Metropolitana,485000,13.86,61.8,2023-04-16 00:00:00.000000,2023-05-15 00:00:00.000000,DEPARTAMENTO,ARRIENDO,owner_direct
PI-2023-05-003138,portalinmobiliario,Santiago,Metropolitana,465000,13.29,46.8,2023-05-04 00:00:00.000000,2023-05-22 00:00:00.000000,Departamento,arriendo,agency
PI-2023-05-000689,portalinmobiliario,Recoleta,Metropolitana,530000,15.14,41.2,2023-01-28 00:00:00.000000,2023-05-01 00:00:00.000000,departamento,ARRIENDO,agency
PI-2023-05-000809,portalinmobiliario,Las Condes,Metropolitana,1050000,30.0,45.4,2023-03-25 00:00:00.000000,2023-05-01 00:00:00.000000,DEPARTAMENTO,arriendo,agency
PI-2023-05-003697,portalinmobiliario,La Florida,Metropolitana,465000,13.29,44.6,2023-04-19 00:00:00.000000,2023-05-22 00:00:00.000000,DEPARTAMENTO,ARRIENDO,owner_direct
PI-2023-05-004033,portalinmobiliario,Lo Barnechea,Metropolitana,810000,23.14,37.1,2023-04-30 00:00:00.000000,2023-05-29 00:00:00.000000,DEPARTAMENTO,Arriendo,owner_direct
PI-2023-05-001625,portalinmobiliario,Santiago,Metropolitana,410000,11.71,40.2,2023-04-11 00:00:00.000000,2023-05-08 00:00:00.000000,Departamento,Arriendo,agency
PI-2023-05-002959,portalinmobiliario,Cerrillos,Metropolitana,465000,13.29,41.2,2023-04-29 00:00:00.000000,2023-05-22 00:00:00.000000,Departamento,Arriendo,owner_direct
PI-2023-05-004295,portalinmobiliario,Las Condes,Metropolitana,1155000,33.0,63.2,2023-05-07 00:00:00.000000,2023-05-29 00:00:00.000000,departamento,Arriendo,agency
PI-2023-05-003563,portalinmobiliario,recoleta,Metropolitana,480000,13.71,39.5,2023-04-26 00:00:00.000000,2023-05-22 00:00:00.000000,DEPARTAMENTO,arriendo,agency
PI-2023-05-003816,portalinmobiliario,Quinta Normal,Metropolitana,565000,16.14,58.6,2023-05-26 00:00:00.000000,2023-05-29 00:00:00.000000,Departamento,ARRIENDO,agency
PI-2023-05-004669,portalinmobiliario,Providencia,Metropolitana,1320000,37.71,76.2,2023-05-12 00:00:00.000000,2023-05-29 00:00:00.000000,departamento,arriendo,agency
PI-2023-05-002994,portalinmobiliario,La Florida,Metropolitana,670000,19.14,67.2,2023-05-02 00:00:00.000000,2023-05-22 00:00:00.000000,DEPARTAMENTO,Arriendo,agency
PI-2023-05-002475,portalinmobiliario,Quinta Normal,Metropolitana,350000,10.0,36.7,2023-05-08 00:00:00.000000,2023-05-15 00:00:00.000000,DEPARTAMENTO,Arriendo,agency
PI-2023-05-003522,portalinmobiliario,Santiago,Metropolitana,465000,13.29,39.0,2023-05-08 00:00:00.000000,2023-05-22 00:00:00.000000,departamento,ARRIENDO,agency
PI-2023-05-004382,portalinmobiliario,Macul,Metropolitana,615000,17.57,51.1,2023-05-19 00:00:00.000000,2023-05-29 00:00:00.000000,DEPARTAMENTO,ARRIENDO,agency
PI-2023-05-003504,portalinmobiliario,Macul,Metropolitana,470000,13.43,36.7,2023-04-25 00:00:00.000000,2023-05-22 00:00:00.000000,DEPARTAMENTO,Arriendo,owner_direct
PI-2023-05-003595,portalinmobiliario,Estación Central,Metropolitana,4410000,126.0,55.8,2023-05-17 00:00:00.000000,2023-05-22 00:00:00.000000,DEPARTAMENTO,Arriendo,owner_direct
PI-2023-05-001925,portalinmobiliario,Santiago,Metropolitana,710000,20.29,55.1,2023-05-07 00:00:00.000000,2023-05-15 00:00:00.000000,Departamento,arriendo,agency
PI-2023-05-002972,portalinmobiliario,QUILICURA,Metropolitana,340000,9.71,29.7,2023-05-09 00:00:00.000000,2023-05-22 00:00:00.000000,DEPARTAMENTO,Arriendo,owner_direct
PI-2023-05-000396,portalinmobiliario,Estación Central,Metropolitana,515000,14.71,44.7,2023-03-24 00:00:00.000000,2023-05-01 00:00:00.000000,departamento,ARRIENDO,agency
PI-2023-05-003230,portalinmobiliario,Santiago,Metropolitana,765000,21.86,59.0,2023-03-27 00:00:00.000000,2023-05-22 00:00:00.000000,Departamento,arriendo,agency
PI-2023-05-001821,portalinmobiliario,Quilicura,Metropolitana,625000,17.86,76.1,2023-02-13 00:00:00.000000,2023-05-15 00:00:00.000000,DEPARTAMENTO,Arriendo,owner_direct
PI-2023-05-004296,portalinmobiliario,Santiago,Metropolitana,460000,13.14,35.5,2023-04-04 00:00:00.000000,2023-05-29 00:00:00.000000,Departamento,arriendo,owner_direct
PI-2023-05-004814,portalinmobiliario,Independencia,Metropolitana,510000,14.57,45.8,2023-04-17 00:00:00.000000,2023-05-29 00:00:00.000000,DEPARTAMENTO,Arriendo,owner_direct
PI-2023-05-000611,portalinmobiliario,Ñuñoa,Metropolitana,1555000,44.43,37.3,2023-03-17 00:00:00.000000,2023-05-01 00:00:00.000000,DEPARTAMENTO,arriendo,owner_direct
PI-2023-05-004188,portalinmobiliario,Las Condes,Metropolitana,1155000,33.0,60.5,2023-05-10 00:00:00.000000,2023-05-29 00:00:00.000000,DEPARTAMENTO,arriendo,agency
PI-2023-05-000838,portalinmobiliario,Providencia,Metropolitana,1155000,33.0,68.5,2023-04-25 00:00:00.000000,2023-05-08 00:00:00.000000,DEPARTAMENTO,Arriendo,agency
PI-2023-05-000933,portalinmobiliario,Estación Central,Metropolitana,725000,20.71,65.3,2023-04-27 00:00:00.000000,2023-05-08 00:00:00.000000,DEPARTAMENTO,Arriendo,owner_direct
PI-2023-05-001800,portalinmobiliario,Las Condes,Metropolitana,1160000,33.14,60.3,2023-04-08 00:00:00.000000,2023-05-15 00:00:00.000000,departamento,Arriendo,agency
PI-2023-05-003489,portalinmobiliario,Quinta Normal,Metropolitana,745000,21.29,83.5,2023-04-19 00:00:00.000000,2023-05-22 00:00:00.000000,DEPARTAMENTO,arriendo,agency
PI-2023-05-004811,portalinmobiliario,Estación Central,Metropolitana,535000,15.29,50.7,2023-05-12 00:00:00.000000,2023-05-29 00:00:00.000000,Departamento,Arriendo,agency
PI-2023-05-003725,portalinmobiliario,Recoleta,Metropolitana,440000,12.57,36.8,2023-04-18 00:00:00.000000,2023-05-22 00:00:00.000000,DEPARTAMENTO,Arriendo,owner_direct
PI-2023-05-003828,portalinmobiliario,Independencia,Metropolitana,340000,9.71,30.7,2023-05-07 00:00:00.000000,2023-05-29 00:00:00.000000,DEPARTAMENTO,Arriendo,agency
PI-2023-05-001678,portalinmobiliario,Estación Central,Metropolitana,395000,11.29,44.2,2022-12-18 00:00:00.000000,2023-05-08 00:00:00.000000,departamento,Arriendo,owner_direct
PI-2023-05-000410,portalinmobiliario,Macul,Metropolitana,490000,14.0,48.8,2023-02-19 00:00:00.000000,2023-05-01 00:00:00.000000,departamento,ARRIENDO,agency
PI-2023-05-004314,portalinmobiliario,Santiago,Metropolitana,650000,18.57,47.7,2023-04-05 00:00:00.000000,2023-05-29 00:00:00.000000,departamento,Arriendo,owner_direct
PI-2023-05-002436,portalinmobiliario,Maipú,Metropolitana,605000,17.29,79.3,2023-04-15 00:00:00.000000,2023-05-15 00:00:00.000000,departamento,arriendo,agency
PI-2023-05-000259,portalinmobiliario,Recoleta,Metropolitana,420000,12.0,39.1,2023-03-13 00:00:00.000000,2023-05-01 00:00:00.000000,Departamento,ARRIENDO,agency
PI-2023-05-004490,portalinmobiliario,Recoleta,Metropolitana,475000,13.57,42.0,2023-05-23 00:00:00.000000,2023-05-29 00:00:00.000000,DEPARTAMENTO,arriendo,owner_direct
PI-2023-05-000633,portalinmobiliario,Providencia,Metropolitana,985000,28.14,44.5,2023-04-07 00:00:00.000000,2023-05-01 00:00:00.000000,departamento,Arriendo,agency
PI-2023-05-002385,portalinmobiliario,Macul,Metropolitana,1020000,29.14,100.4,2022-12-02 00:00:00.000000,2023-05-15 00:00:00.000000,departamento,arriendo,agency
PI-2023-05-001003,portalinmobiliario,Macul,Metropolitana,745000,21.29,57.9,2023-04-16 00:00:00.000000,2023-05-08 00:00:00.000000,DEPARTAMENTO,ARRIENDO,owner_direct
PI-2023-05-000280,portalinmobiliario,Independencia,Metropolitana,370000,10.57,26.5,2022-12-06 00:00:00.000000,2023-05-01 00:00:00.000000,DEPARTAMENTO,arriendo,agency
PI-2023-05-001140,portalinmobiliario,Quilicura,Metropolitana,385000,11.0,30.3,2023-03-30 00:00:00.000000,2023-05-08 00:00:00.000000,DEPARTAMENTO,arriendo,owner_direct
PI-2023-05-000208,portalinmobiliario,Quinta Normal,Metropolitana,915000,26.14,127.7,2023-04-25 00:00:00.000000,2023-05-01 00:00:00.000000,DEPARTAMENTO,arriendo,owner_direct
PI-2023-05-001104,portalinmobiliario,Estación Central,Metropolitana,730000,20.86,77.9,2022-11-04 00:00:00.000000,2023-05-08 00:00:00.000000,Departamento,ARRIENDO,agency
PI-2023-05-001370,portalinmobiliario,Las Condes,Metropolitana,1065000,30.43,71.5,2023-04-25 00:00:00.000000,2023-05-08 00:00:00.000000,Departamento,arriendo,agency
PI-2023-05-000550,portalinmobiliario,La Reina,Metropolitana,900000,25.71,58.8,2023-04-16 00:00:00.000000,2023-05-01 00:00:00.000000,DEPARTAMENTO,Arriendo,agency
PI-2023-05-000265,portalinmobiliario,La Florida,Metropolitana,1130000,32.29,156.9,2023-04-11 00:00:00.000000,2023-05-01 00:00:00.000000,DEPARTAMENTO,ARRIENDO,agency
PI-2023-05-002617,portalinmobiliario,Macul,Metropolitana,465000,13.29,30.5,2023-04-21 00:00:00.000000,2023-05-15 00:00:00.000000,departamento,arriendo,agency
PI-2023-05-003923,portalinmobiliario,Providencia,Metropolitana,855000,24.43,39.3,2023-05-18 00:00:00.000000,2023-05-29 00:00:00.000000,DEPARTAMENTO,Arriendo,owner_direct
PI-2023-05-004335,portalinmobiliario,Macul,Metropolitana,680000,19.43,72.2,2023-05-22 00:00:00.000000,2023-05-29 00:00:00.000000,departamento,arriendo,owner_direct
PI-2023-05-002659,portalinmobiliario,Huechuraba,Metropolitana,835000,23.86,72.5,2023-03-20 00:00:00.000000,2023-05-15 00:00:00.000000,Departamento,Arriendo,agency
PI-2023-05-002432,portalinmobiliario,Providencia,Metropolitana,1235000,35.29,66.1,2023-05-02 00:00:00.000000,2023-05-15 00:00:00.000000,Departamento,Arriendo,agency
PI-2023-05-003083,portalinmobiliario,Quilicura,Metropolitana,355000,10.14,40.8,2023-04-24 00:00:00.000000,2023-05-22 00:00:00.000000,departamento,arriendo,agency
PI-2023-05-000910,portalinmobiliario,San Joaquín,Metropolitana,435000,12.43,30.1,2023-04-18 00:00:00.000000,2023-05-08 00:00:00.000000,departamento,Arriendo,owner_direct
PI-2023-05-001554,portalinmobiliario,Providencia,Metropolitana,860000,24.57,50.6,2023-04-29 00:00:00.000000,2023-05-08 00:00:00.000000,DEPARTAMENTO,Arriendo,owner_direct
PI-2023-05-000038,portalinmobiliario,Puente Alto,Metropolitana,340000,9.71,37.8,2023-04-03 00:00:00.000000,2023-05-01 00:00:00.000000,Departamento,arriendo,agency
PI-2023-05-002376,portalinmobiliario,Quilicura,Metropolitana,540000,15.43,65.0,2023-02-21 00:00:00.000000,2023-05-15 00:00:00.000000,departamento,arriendo,agency
PI-2023-05-004489,portalinmobiliario,San Joaquín,Metropolitana,375000,10.71,34.1,2023-05-17 00:00:00.000000,2023-05-29 00:00:00.000000,departamento,Arriendo,agency
PI-2023-05-004716,portalinmobiliario,Macul,Metropolitana,410000,11.71,28.2,2023-05-13 00:00:00.000000,2023-05-29 00:00:00.000000,DEPARTAMENTO,ARRIENDO,agency
PI-2023-05-000435,portalinmobiliario,Independencia,Metropolitana,330000,9.43,27.1,2023-04-30 00:00:00.000000,2023-05-01 00:00:00.000000,DEPARTAMENTO,ARRIENDO,owner_direct
PI-2023-05-000617,portalinmobiliario,Independencia,Metropolitana,545000,15.57,46.1,2023-03-26 00:00:00.000000,2023-05-01 00:00:00.000000,Departamento,ARRIENDO,agency
PI-2023-05-001718,portalinmobiliario,Santiago,Metropolitana,1135000,32.43,123.8,2023-03-07 00:00:00.000000,2023-05-08 00:00:00.000000,Departamento,arriendo,owner_direct
PI-2023-05-003647,portalinmobiliario,Estación Central,Metropolitana,570000,16.29,72.1,2023-05-09 00:00:00.000000,2023-05-22 00:00:00.000000,departamento,ARRIENDO,owner_direct
PI-2023-05-000501,portalinmobiliario,Las Condes,Metropolitana,1720000,,122.7,2023-03-11 00:00:00.000000,2023-05-01 00:00:00.000000,departamento,arriendo,agency
PI-2023-05-002616,portalinmobiliario,Santiago,Metropolitana,635000,18.14,50.3,2023-04-09 00:00:00.000000,2023-05-15 00:00:00.000000,DEPARTAMENTO,arriendo,owner_direct
PI-2023-05-002665,portalinmobiliario,Quinta Normal,Metropolitana,385000,11.0,33.7,2022-11-06 00:00:00.000000,2023-05-15 00:00:00.000000,DEPARTAMENTO,ARRIENDO,owner_direct
PI-2023-05-004633,portalinmobiliario,Ñuñoa,Metropolitana,670000,19.14,39.6,2023-05-18 00:00:00.000000,2023-05-29 00:00:00.000000,DEPARTAMENTO,Arriendo,agency
PI-2023-05-004614,portalinmobiliario,Peñalolén,Metropolitana,565000,16.14,51.0,2023-05-18 00:00:00.000000,2023-05-29 00:00:00.000000,DEPARTAMENTO,Arriendo,agency
PI-2023-05-002416,portalinmobiliario,San Joaquín,Metropolitana,475000,13.57,41.2,2023-04-28 00:00:00.000000,2023-05-15 00:00:00.000000,Departamento,ARRIENDO,agency
PI-2023-05-001117,portalinmobiliario,Santiago,Metropolitana,830000,23.71,73.5,2023-04-04 00:00:00.000000,2023-05-08 00:00:00.000000,departamento,arriendo,agency
PI-2023-05-001259,portalinmobiliario,Las Condes,Metropolitana,1790000,51.14,158.9,2023-04-19 00:00:00.000000,2023-05-08 00:00:00.000000,DEPARTAMENTO,arriendo,agency
PI-2023-05-003190,portalinmobiliario,Providencia,Metropolitana,750000,21.43,32.8,2023-05-17 00:00:00.000000,2023-05-22 00:00:00.000000,DEPARTAMENTO,ARRIENDO,agency
PI-2023-05-001967,portalinmobiliario,San Joaquín,Metropolitana,425000,12.14,33.2,2023-01-11 00:00:00.000000,2023-05-15 00:00:00.000000,DEPARTAMENTO,ARRIENDO,agency
PI-2023-05-002680,portalinmobiliario,Las Condes,Metropolitana,1040000,29.71,56.9,2023-04-20 00:00:00.000000,2023-05-15 00:00:00.000000,departamento,ARRIENDO,owner_direct
PI-2023-05-000653,portalinmobiliario,La Florida,Metropolitana,700000,20.0,66.8,2022-12-11 00:00:00.000000,2023-05-01 00:00:00.000000,departamento,arriendo,agency
PI-2023-05-003101,portalinmobiliario,Puente Alto,Metropolitana,780000,22.29,110.6,2023-04-19 00:00:00.000000,2023-05-22 00:00:00.000000,DEPARTAMENTO,ARRIENDO,owner_direct
PI-2023-05-000473,portalinmobiliario,La Florida,Metropolitana,5030000,143.71,37.9,2023-04-08 00:00:00.000000,2023-05-01 00:00:00.000000,DEPARTAMENTO,arriendo,agency
PI-2023-05-002066,portalinmobiliario,Maipú,Metropolitana,540000,15.43,54.8,2023-05-08 00:00:00.000000,2023-05-15 00:00:00.000000,Departamento,Arriendo,agency
PI-2023-05-001879,portalinmobiliario,Santiago,Metropolitana,590000,16.86,48.2,2023-04-18 00:00:00.000000,2023-05-15 00:00:00.000000,departamento,arriendo,agency
PI-2023-05-000431,portalinmobiliario,Independencia,Metropolitana,550000,15.71,59.5,2023-04-21 00:00:00.000000,2023-05-01 00:00:00.000000,DEPARTAMENTO,ARRIENDO,owner_direct
PI-2023-05-003051,portalinmobiliario,Estación Central,Metropolitana,400000,11.43,37.5,2023-04-07 00:00:00.000000,2023-05-22 00:00:00.000000,DEPARTAMENTO,Arriendo,agency
PI-2023-05-003228,portalinmobiliario,Santiago,Metropolitana,585000,16.71,63.9,2023-05-12 00:00:00.000000,2023-05-22 00:00:00.000000,Departamento,Arriendo,agency
PI-2023-05-000873,portalinmobiliario,Macul,Metropolitana,505000,14.43,41.9,2023-04-28 00:00:00.000000,2023-05-08 00:00:00.000000,Departamento,ARRIENDO,agency
PI-2023-05-000448,portalinmobiliario,Santiago,Metropolitana,555000,15.86,50.5,2023-04-28 00:00:00.000000,2023-05-01 00:00:00.000000,departamento,ARRIENDO,agency
PI-2023-05-002869,portalinmobiliario,Recoleta,Metropolitana,485000,13.86,54.6,2023-05-05 00:00:00.000000,2023-05-22 00:00:00.000000,Departamento,ARRIENDO,agency
PI-2023-05-000785,portalinmobiliario,La Cisterna,Metropolitana,530000,15.14,46.0,2023-02-27 00:00:00.000000,2023-05-01 00:00:00.000000,Departamento,arriendo,owner_direct
PI-2023-05-003252,portalinmobiliario,Quinta Normal,Metropolitana,740000,21.14,75.4,2023-04-20 00:00:00.000000,2023-05-22 00:00:00.000000,DEPARTAMENTO,Arriendo,owner_direct
PI-2023-05-000305,portalinmobiliario,Ñuñoa,Metropolitana,760000,21.71,55.5,2023-04-08 00:00:00.000000,2023-05-01 00:00:00.000000,DEPARTAMENTO,ARRIENDO,agency
PI-2023-05-000789,portalinmobiliario,La Florida,Metropolitana,745000,21.29,75.6,2023-04-12 00:00:00.000000,2023-05-01 00:00:00.000000,DEPARTAMENTO,Arriendo,agency
PI-2023-05-000045,portalinmobiliario,Providencia,Metropolitana,1560000,44.57,84.9,2023-04-11 00:00:00.000000,2023-05-01 00:00:00.000000,DEPARTAMENTO,Arriendo,owner_direct
PI-2023-05-001250,portalinmobiliario,Recoleta,Metropolitana,675000,19.29,68.4,2023-04-07 00:00:00.000000,2023-05-08 00:00:00.000000,DEPARTAMENTO,ARRIENDO,owner_direct
PI-2023-05-000688,portalinmobiliario,Ñuñoa,Metropolitana,1020000,29.14,85.4,2023-01-21 00:00:00.000000,2023-05-01 00:00:00.000000,Departamento,arriendo,agency
PI-2023-05-001038,portalinmobiliario,Cerrillos,Metropolitana,550000,15.71,49.4,2023-04-26 00:00:00.000000,2023-05-08 00:00:00.000000,Departamento,Arriendo,agency
PI-2023-05-004757,portalinmobiliario,Las Condes,Metropolitana,1245000,35.57,68.1,2023-05-27 00:00:00.000000,2023-05-29 00:00:00.000000,departamento,ARRIENDO,owner_direct
PI-2023-05-003486,portalinmobiliario,Lo Barnechea,Metropolitana,890000,25.43,62.1,2023-05-02 00:00:00.000000,2023-05-22 00:00:00.000000,departamento,Arriendo,agency
PI-2023-05-004430,portalinmobiliario,Peñalolén,Metropolitana,700000,20.0,86.3,2023-05-25 00:00:00.000000,2023-05-29 00:00:00.000000,DEPARTAMENTO,arriendo,agency
PI-2023-05-002142,portalinmobiliario,Maipú,Metropolitana,375000,10.71,38.7,2023-02-25 00:00:00.000000,2023-05-15 00:00:00.000000,departamento,ARRIENDO,agency
PI-2023-05-003140,portalinmobiliario,Providencia,Metropolitana,850000,24.29,35.6,2023-05-09 00:00:00.000000,2023-05-22 00:00:00.000000,departamento,Arriendo,agency
PI-2023-05-002839,portalinmobiliario,Providencia,Metropolitana,1065000,30.43,55.5,2023-03-16 00:00:00.000000,2023-05-22 00:00:00.000000,Departamento,Arriendo,agency
PI-2023-05-003383,portalinmobiliario,Pudahuel,Metropolitana,520000,14.86,42.4,2023-04-05 00:00:00.000000,2023-05-22 00:00:00.000000,Departamento,ARRIENDO,agency
PI-2023-05-000845,portalinmobiliario,San Miguel,Metropolitana,670000,19.14,60.5,2023-04-20 00:00:00.000000,2023-05-08 00:00:00.000000,Departamento,arriendo,owner_direct
PI-2023-05-000386,portalinmobiliario,Santiago,Metropolitana,615000,17.57,44.4,2023-04-22 00:00:00.000000,2023-05-01 00:00:00.000000,departamento,arriendo,owner_direct
PI-2023-05-002136,portalinmobiliario,La Florida,Metropolitana,560000,16.0,47.8,2023-04-08 00:00:00.000000,2023-05-15 00:00:00.000000,Departamento,Arriendo,owner_direct
PI-2023-05-004079,portalinmobiliario,Santiago,Metropolitana,510000,14.57,34.1,2023-03-30 00:00:00.000000,2023-05-29 00:00:00.000000,departamento,ARRIENDO,owner_direct
PI-2023-05-001536,portalinmobiliario,Estación Central,Metropolitana,515000,14.71,53.9,2023-04-23 00:00:00.000000,2023-05-08 00:00:00.000000,departamento,Arriendo,agency
PI-2023-05-003781,portalinmobiliario,Estación Central,Metropolitana,420000,12.0,32.0,2023-05-13 00:00:00.000000,2023-05-22 00:00:00.000000,DEPARTAMENTO,arriendo,agency
PI-2023-05-004118,portalinmobiliario,Macul,Metropolitana,435000,12.43,27.9,2023-02-09 00:00:00.000000,2023-05-29 00:00:00.000000,departamento,arriendo,agency
PI-2023-05-002313,portalinmobiliario,Lo Barnechea,Metropolitana,1130000,32.29,53.1,2023-04-16 00:00:00.000000,2023-05-15 00:00:00.000000,departamento,ARRIENDO,agency
PI-2023-05-001994,portalinmobiliario,Ñuñoa,Metropolitana,745000,21.29,60.4,2023-05-02 00:00:00.000000,2023-05-15 00:00:00.000000,departamento,Arriendo,agency
PI-2023-05-002267,portalinmobiliario,Lo Barnechea,Metropolitana,830000,23.71,48.7,2023-05-05 00:00:00.000000,2023-05-15 00:00:00.000000,departamento,ARRIENDO,agency
PI-2023-05-000793,portalinmobiliario,Lo Barnechea,Metropolitana,950000,27.14,65.1,2023-04-06 00:00:00.000000,2023-05-01 00:00:00.000000,departamento,arriendo,agency
PI-2023-05-000510,portalinmobiliario,La Reina,Metropolitana,920000,26.29,52.1,2023-04-21 00:00:00.000000,2023-05-01 00:00:00.000000,Departamento,Arriendo,agency
PI-2023-05-003461,portalinmobiliario,Macul,Metropolitana,1120000,32.0,131.2,2023-04-13 00:00:00.000000,2023-05-22 00:00:00.000000,Departamento,ARRIENDO,owner_direct
PI-2023-05-000478,portalinmobiliario,Macul,Metropolitana,535000,15.29,41.4,2023-04-06 00:00:00.000000,2023-05-01 00:00:00.000000,departamento,Arriendo,owner_direct
PI-2023-05-004037,portalinmobiliario,Estación Central,Metropolitana,605000,17.29,67.0,2023-04-07 00:00:00.000000,2023-05-29 00:00:00.000000,Departamento,Arriendo,agency
PI-2023-05-002840,portalinmobiliario,Las Condes,Metropolitana,885000,25.29,43.2,2023-03-24 00:00:00.000000,2023-05-22 00:00:00.000000,Departamento,ARRIENDO,agency
PI-2023-05-002232,portalinmobiliario,Las Condes,Metropolitana,1335000,38.14,81.2,2023-05-07 00:00:00.000000,2023-05-15 00:00:00.000000,departamento,ARRIENDO,agency
PI-2023-05-001808,portalinmobiliario,Peñalolén,Metropolitana,4005000,114.43,650.0,2023-05-03 00:00:00.000000,2023-05-15 00:00:00.000000,Departamento,arriendo,owner_direct
PI-2023-05-001836,portalinmobiliario,Santiago,Metropolitana,450000,12.86,25.7,2023-03-27 00:00:00.000000,2023-05-15 00:00:00.000000,departamento,arriendo,agency
PI-2023-05-004715,portalinmobiliario,San Joaquín,Metropolitana,395000,11.29,8.0,2023-05-22 00:00:00.000000,2023-05-29 00:00:00.000000,Departamento,Arriendo,agency
PI-2023-05-002440,portalinmobiliario,Providencia,Metropolitana,1055000,30.14,60.3,2023-05-12 00:00:00.000000,2023-05-15 00:00:00.000000,Departamento,arriendo,agency
PI-2023-05-004772,portalinmobiliario,San Miguel,Metropolitana,510000,14.57,46.1,2023-04-18 00:00:00.000000,2023-05-29 00:00:00.000000,departamento,Arriendo,agency
PI-2023-05-002886,portalinmobiliario,Quinta Normal,Metropolitana,565000,16.14,66.0,2023-05-02 00:00:00.000000,2023-05-22 00:00:00.000000,Departamento,ARRIENDO,agency
PI-2023-05-000878,portalinmobiliario,Quilicura,Metropolitana,400000,11.43,46.7,2022-11-11 00:00:00.000000,2023-05-08 00:00:00.000000,departamento,arriendo,agency
PI-2023-05-004307,portalinmobiliario,San Miguel,Metropolitana,645000,18.43,57.2,2022-11-03 00:00:00.000000,2023-05-29 00:00:00.000000,DEPARTAMENTO,Arriendo,agency
PI-2023-05-004763,portalinmobiliario,Santiago,Metropolitana,485000,13.86,44.2,2023-05-21 00:00:00.000000,2023-05-29 00:00:00.000000,departamento,arriendo,owner_direct
PI-2023-05-001318,portalinmobiliario,La Reina,Metropolitana,825000,23.57,56.7,2023-03-01 00:00:00.000000,2023-05-08 00:00:00.000000,Departamento,ARRIENDO,agency
PI-2023-05-003912,portalinmobiliario,Santiago,Metropolitana,7575000,216.43,1200.0,2023-05-20 00:00:00.000000,2023-05-29 00:00:00.000000,DEPARTAMENTO,ARRIENDO,owner_direct
PI-2023-05-003086,portalinmobiliario,La Reina,Metropolitana,1060000,30.29,90.7,2023-04-13 00:00:00.000000,2023-05-22 00:00:00.000000,DEPARTAMENTO,arriendo,agency
PI-2023-05-003182,portalinmobiliario,Santiago,Metropolitana,690000,19.71,64.9,2023-04-24 00:00:00.000000,2023-05-22 00:00:00.000000,DEPARTAMENTO,Arriendo,owner_direct
PI-2023-05-001399,portalinmobiliario,San Miguel,Metropolitana,450000,12.86,35.5,2023-04-03 00:00:00.000000,2023-05-08 00:00:00.000000,Departamento,ARRIENDO,agency
PI-2023-05-002202,portalinmobiliario,Peñalolén,Metropolitana,565000,16.14,66.0,2023-05-07 00:00:00.000000,2023-05-15 00:00:00.000000,DEPARTAMENTO,Arriendo,agency
PI-2023-05-003026,portalinmobiliario,Cerrillos,Metropolitana,400000,11.43,37.7,2023-04-28 00:00:00.000000,2023-05-22 00:00:00.000000,departamento,arriendo,owner_direct
PI-2023-05-001412,portalinmobiliario,Santiago,Metropolitana,520000,14.86,43.2,2023-04-12 00:00:00.000000,2023-05-08 00:00:00.000000,DEPARTAMENTO,Arriendo,owner_direct
PI-2023-05-003507,portalinmobiliario,Puente Alto,Metropolitana,755000,21.57,96.4,2023-04-26 00:00:00.000000,2023-05-22 00:00:00.000000,Departamento,arriendo,owner_direct
PI-2023-05-003937,portalinmobiliario,La Reina,Metropolitana,725000,20.71,39.9,2023-04-26 00:00:00.000000,2023-05-29 00:00:00.000000,departamento,Arriendo,agency
PI-2023-05-004548,portalinmobiliario,Maipú,Metropolitana,455000,13.0,50.1,2023-05-04 00:00:00.000000,2023-05-29 00:00:00.000000,Departamento,arriendo,owner_direct
PI-2023-05-000200,portalinmobiliario,Quilicura,Metropolitana,620000,17.71,84.7,2023-04-05 00:00:00.000000,2023-05-01 00:00:00.000000,Departamento,ARRIENDO,agency
PI-2023-05-001532,portalinmobiliario,Lo Barnechea,Metropolitana,985000,28.14,47.5,2023-05-03 00:00:00.000000,2023-05-08 00:00:00.000000,departamento,Arriendo,agency
PI-2023-05-000076,portalinmobiliario,Lo Barnechea,Metropolitana,955000,27.29,45.3,2022-10-17 00:00:00.000000,2023-05-01 00:00:00.000000,DEPARTAMENTO,Arriendo,agency
PI-2023-05-000614,portalinmobiliario,Ñuñoa,Metropolitana,600000,17.14,26.1,2023-04-06 00:00:00.000000,2023-05-01 00:00:00.000000,Departamento,ARRIENDO,owner_direct
PI-2023-05-002933,portalinmobiliario,Santiago,Metropolitana,475000,13.57,36.2,2023-04-25 00:00:00.000000,2023-05-22 00:00:00.000000,DEPARTAMENTO,arriendo,agency
PI-2023-05-003011,portalinmobiliario,La Cisterna,Metropolitana,445000,12.71,33.2,2023-05-10 00:00:00.000000,2023-05-22 00:00:00.000000,Departamento,ARRIENDO,owner_direct
PI-2023-05-001503,portalinmobiliario,Estación Central,Metropolitana,440000,12.57,38.9,2023-04-06 00:00:00.000000,2023-05-08 00:00:00.000000,departamento,Arriendo,agency
PI-2023-05-001916,portalinmobiliario,Conchalí,Metropolitana,740000,21.14,89.3,2023-04-22 00:00:00.000000,2023-05-15 00:00:00.000000,DEPARTAMENTO,ARRIENDO,agency
PI-2023-05-001919,portalinmobiliario,Lo Barnechea,Metropolitana,655000,18.71,38.6,2023-05-11 00:00:00.000000,2023-05-15 00:00:00.000000,departamento,Arriendo,agency
PI-2023-05-004098,portalinmobiliario,Puente Alto,Metropolitana,645000,18.43,99.1,2023-05-24 00:00:00.000000,2023-05-29 00:00:00.000000,DEPARTAMENTO,Arriendo,agency
PI-2023-05-002248,portalinmobiliario,Maipú,Metropolitana,410000,11.71,35.0,2023-04-20 00:00:00.000000,2023-05-15 00:00:00.000000,DEPARTAMENTO,arriendo,agency
PI-2023-05-004152,portalinmobiliario,San Miguel,Metropolitana,730000,20.86,72.7,2023-04-15 00:00:00.000000,2023-05-29 00:00:00.000000,DEPARTAMENTO,arriendo,owner_direct
PI-2023-05-004733,portalinmobiliario,Estación Central,Metropolitana,315000,9.0,10.0,2023-05-11 00:00:00.000000,2023-05-29 00:00:00.000000,Departamento,arriendo,owner_direct
PI-2023-05-001985,portalinmobiliario,Santiago,Metropolitana,785000,22.43,83.8,2023-05-01 00:00:00.000000,2023-05-15 00:00:00.000000,departamento,Arriendo,owner_direct
PI-2023-05-001158,portalinmobiliario,Macul,Metropolitana,445000,12.71,31.9,2023-04-23 00:00:00.000000,2023-05-08 00:00:00.000000,departamento,ARRIENDO,agency
PI-2023-05-003164,portalinmobiliario,Huechuraba,Metropolitana,465000,13.29,28.7,2023-04-24 00:00:00.000000,2023-05-22 00:00:00.000000,DEPARTAMENTO,ARRIENDO,owner_direct
PI-2023-05-003168,portalinmobiliario,Quilicura,Metropolitana,415000,11.86,34.6,2023-03-22 00:00:00.000000,2023-05-22 00:00:00.000000,DEPARTAMENTO,ARRIENDO,agency
PI-2023-05-002857,portalinmobiliario,Providencia,Metropolitana,935000,26.71,44.7,2023-03-26 00:00:00.000000,2023-05-22 00:00:00.000000,Departamento,ARRIENDO,owner_direct
PI-2023-05-004262,portalinmobiliario,Ñuñoa,Metropolitana,650000,18.57,34.6,2023-05-16 00:00:00.000000,2023-05-29 00:00:00.000000,Departamento,Arriendo,agency
PI-2023-05-002679,portalinmobiliario,Macul,Metropolitana,730000,20.86,85.8,2023-05-09 00:00:00.000000,2023-05-15 00:00:00.000000,DEPARTAMENTO,Arriendo,agency
PI-2023-05-002442,portalinmobiliario,La Florida,Metropolitana,600000,17.14,50.0,2023-04-12 00:00:00.000000,2023-05-15 00:00:00.000000,departamento,Arriendo,owner_direct
PI-2023-05-000819,portalinmobiliario,Independencia,Metropolitana,575000,16.43,64.8,2023-04-09 00:00:00.000000,2023-05-01 00:00:00.000000,DEPARTAMENTO,ARRIENDO,owner_direct
PI-2023-05-003022,portalinmobiliario,Estación Central,Metropolitana,950000,27.14,87.7,2023-04-14 00:00:00.000000,2023-05-22 00:00:00.000000,Departamento,ARRIENDO,agency
PI-2023-05-003803,portalinmobiliario,Independencia,Metropolitana,575000,16.43,48.3,2023-05-16 00:00:00.000000,2023-05-29 00:00:00.000000,departamento,ARRIENDO,agency
PI-2023-05-001537,portalinmobiliario,La Florida,Metropolitana,505000,14.43,50.6,2023-04-16 00:00:00.000000,2023-05-08 00:00:00.000000,Departamento,Arriendo,agency
PI-2023-05-004369,portalinmobiliario,Providencia,Metropolitana,1245000,35.57,86.0,2023-04-28 00:00:00.000000,2023-05-29 00:00:00.000000,Departamento,Arriendo,agency
PI-2023-05-003540,portalinmobiliario,Lo Barnechea,Metropolitana,755000,21.57,40.4,2023-04-07 00:00:00.000000,2023-05-22 00:00:00.000000,Departamento,arriendo,owner_direct
PI-2023-05-002995,portalinmobiliario,Las Condes,Metropolitana,1080000,30.86,49.0,2023-05-16 00:00:00.000000,2023-05-22 00:00:00.000000,Departamento,arriendo,agency
PI-2023-05-003897,portalinmobiliario,providencia,Metropolitana,800000,22.86,57.1,2023-05-05 00:00:00.000000,2023-05-29 00:00:00.000000,Departamento,arriendo,agency
PI-2023-05-001144,portalinmobiliario,Estación Central,Metropolitana,480000,13.71,47.6,2023-04-04 00:00:00.000000,2023-05-08 00:00:00.000000,DEPARTAMENTO,Arriendo,owner_direct
PI-2023-05-003176,portalinmobiliario,La Florida,Metropolitana,525000,15.0,40.4,2023-04-11 00:00:00.000000,2023-05-22 00:00:00.000000,departamento,ARRIENDO,owner_direct
PI-2023-05-000464,portalinmobiliario,Quinta Normal,Metropolitana,560000,16.0,77.4,2023-04-09 00:00:00.000000,2023-05-01 00:00:00.000000,Departamento,Arriendo,agency
PI-2023-05-002939,portalinmobiliario,La Cisterna,Metropolitana,630000,18.0,64.2,2023-05-05 00:00:00.000000,2023-05-22 00:00:00.000000,DEPARTAMENTO,arriendo,agency
PI-2023-05-000592,portalinmobiliario,Estación Central,Metropolitana,605000,17.29,74.6,2023-04-27 00:00:00.000000,2023-05-01 00:00:00.000000,departamento,Arriendo,agency
PI-2023-05-003583,portalinmobiliario,Estación Central,Metropolitana,755000,21.57,74.6,2023-04-24 00:00:00.000000,2023-05-22 00:00:00.000000,Departamento,Arriendo,agency
PI-2023-05-004109,portalinmobiliario,Peñalolén,Metropolitana,520000,14.86,46.3,2023-05-25 00:00:00.000000,2023-05-29 00:00:00.000000,Departamento,Arriendo,agency
PI-2023-05-002842,portalinmobiliario,Huechuraba,Metropolitana,3405000,97.29,400.0,2023-04-22 00:00:00.000000,2023-05-22 00:00:00.000000,DEPARTAMENTO,ARRIENDO,agency
PI-2023-05-002560,portalinmobiliario,Estación Central,Metropolitana,445000,12.71,45.0,2023-04-30 00:00:00.000000,2023-05-15 00:00:00.000000,departamento,ARRIENDO,owner_direct
PI-2023-05-004064,portalinmobiliario,Las Condes,Metropolitana,895000,25.57,34.1,2023-05-11 00:00:00.000000,2023-05-29 00:00:00.000000,departamento,ARRIENDO,owner_direct
PI-2023-05-004679,portalinmobiliario,Las Condes,Metropolitana,705000,20.14,30.7,2023-04-25 00:00:00.000000,2023-05-29 00:00:00.000000,Departamento,ARRIENDO,agency
PI-2023-05-003886,portalinmobiliario,Santiago,Metropolitana,550000,15.71,39.5,2023-05-13 00:00:00.000000,2023-05-29 00:00:00.000000,Departamento,ARRIENDO,owner_direct
PI-2023-05-004637,portalinmobiliario,Santiago,Metropolitana,815000,23.29,87.3,2023-05-28 00:00:00.000000,2023-05-29 00:00:00.000000,departamento,ARRIENDO,agency
PI-2023-05-000018,portalinmobiliario,Independencia,Metropolitana,660000,18.86,46.5,2023-04-16 00:00:00.000000,2023-05-01 00:00:00.000000,Departamento,arriendo,agency
PI-2023-05-003323,portalinmobiliario,Ñuñoa,Metropolitana,465000,13.29,12.0,2023-05-13 00:00:00.000000,2023-05-22 00:00:00.000000,departamento,Arriendo,agency
PI-2023-05-000907,portalinmobiliario,Las Condes,Metropolitana,895000,25.57,52.8,2023-04-01 00:00:00.000000,2023-05-08 00:00:00.000000,DEPARTAMENTO,arriendo,agency
PI-2023-05-003664,portalinmobiliario,Lo Barnechea,Metropolitana,10925000,312.14,56.0,2023-04-27 00:00:00.000000,2023-05-22 00:00:00.000000,departamento,arriendo,owner_direct
PI-2023-05-000240,portalinmobiliario,Ñuñoa,Metropolitana,665000,19.0,63.4,2023-04-03 00:00:00.000000,2023-05-01 00:00:00.000000,departamento,arriendo,agency
PI-2023-05-003688,portalinmobiliario,Peñalolén,Metropolitana,4205000,120.14,12.0,2023-04-22 00:00:00.000000,2023-05-22 00:00:00.000000,DEPARTAMENTO,Arriendo,agency
PI-2023-05-000108,portalinmobiliario,Lo Barnechea,Metropolitana,1015000,29.0,58.4,2023-04-13 00:00:00.000000,2023-05-01 00:00:00.000000,DEPARTAMENTO,arriendo,agency
PI-2023-05-002234,portalinmobiliario,Estación Central,Metropolitana,480000,13.71,49.3,2023-05-06 00:00:00.000000,2023-05-15 00:00:00.000000,DEPARTAMENTO,arriendo,agency
PI-2023-05-001724,portalinmobiliario,Quinta Normal,Metropolitana,680000,19.43,72.6,2023-04-18 00:00:00.000000,2023-05-08 00:00:00.000000,DEPARTAMENTO,arriendo,agency
PI-2023-05-001084,portalinmobiliario,La Reina,Metropolitana,1155000,33.0,103.8,2023-04-03 00:00:00.000000,2023-05-08 00:00:00.000000,DEPARTAMENTO,ARRIENDO,agency
PI-2023-05-002146,portalinmobiliario,La Reina,Metropolitana,1145000,32.71,75.7,2023-05-13 00:00:00.000000,2023-05-15 00:00:00.000000,departamento,ARRIENDO,agency
PI-2023-05-001365,portalinmobiliario,La Cisterna,Metropolitana,440000,12.57,35.2,2023-05-04 00:00:00.000000,2023-05-08 00:00:00.000000,departamento,Arriendo,owner_direct
PI-2023-05-001863,portalinmobiliario,Estación Central,Metropolitana,465000,13.29,39.6,2023-04-04 00:00:00.000000,2023-05-15 00:00:00.000000,departamento,Arriendo,owner_direct
PI-2023-05-004068,portalinmobiliario,Ñuñoa,Metropolitana,710000,20.29,50.9,2023-05-10 00:00:00.000000,2023-05-29 00:00:00.000000,departamento,ARRIENDO,agency
PI-2023-05-004105,portalinmobiliario,Macul,Metropolitana,615000,17.57,47.1,2023-05-17 00:00:00.000000,2023-05-29 00:00:00.000000,DEPARTAMENTO,ARRIENDO,owner_direct
PI-2023-05-003770,portalinmobiliario,Las Condes,Metropolitana,1175000,33.57,49.0,2023-05-06 00:00:00.000000,2023-05-22 00:00:00.000000,Departamento,ARRIENDO,owner_direct
PI-2023-05-001896,portalinmobiliario,Recoleta,Metropolitana,790000,22.57,110.0,2023-04-10 00:00:00.000000,2023-05-15 00:00:00.000000,DEPARTAMENTO,ARRIENDO,owner_direct
PI-2023-05-002200,portalinmobiliario,Independencia,Metropolitana,435000,12.43,45.2,2023-04-03 00:00:00.000000,2023-05-15 00:00:00.000000,Departamento,ARRIENDO,agency
PI-2023-05-003244,portalinmobiliario,Macul,Metropolitana,865000,24.71,98.2,2023-04-30 00:00:00.000000,2023-05-22 00:00:00.000000,DEPARTAMENTO,arriendo,owner_direct
PI-2023-05-000139,portalinmobiliario,La Cisterna,Metropolitana,4165000,119.0,33.8,2023-04-23 00:00:00.000000,2023-05-01 00:00:00.000000,DEPARTAMENTO,Arriendo,agency
PI-2023-05-000959,portalinmobiliario,Santiago,Metropolitana,530000,15.14,45.5,2023-03-27 00:00:00.000000,2023-05-08 00:00:00.000000,DEPARTAMENTO,arriendo,agency
PI-2023-05-000385,portalinmobiliario,Macul,Metropolitana,545000,15.57,36.0,2023-04-24 00:00:00.000000,2023-05-01 00:00:00.000000,DEPARTAMENTO,arriendo,agency
PI-2023-05-001064,portalinmobiliario,Puente Alto,Metropolitana,335000,9.57,29.0,2023-04-22 00:00:00.000000,2023-05-08 00:00:00.000000,Departamento,Arriendo,agency
PI-2023-05-004619,portalinmobiliario,Quinta Normal,Metropolitana,890000,25.43,136.8,2023-05-16 00:00:00.000000,2023-05-29 00:00:00.000000,departamento,arriendo,agency
PI-2023-05-003597,portalinmobiliario,San Miguel,Metropolitana,465000,13.29,30.1,2023-04-19 00:00:00.000000,2023-05-22 00:00:00.000000,DEPARTAMENTO,arriendo,owner_direct
PI-2023-05-001180,portalinmobiliario,Las Condes,Metropolitana,1355000,38.71,77.3,2023-04-20 00:00:00.000000,2023-05-08 00:00:00.000000,departamento,Arriendo,agency
PI-2023-05-000798,portalinmobiliario,Macul,Metropolitana,675000,19.29,61.4,2023-04-25 00:00:00.000000,2023-05-01 00:00:00.000000,Departamento,Arriendo,agency
PI-2023-05-001779,portalinmobiliario,Recoleta,Metropolitana,595000,17.0,65.7,2023-04-10 00:00:00.000000,2023-05-15 00:00:00.000000,Departamento,arriendo,agency
PI-2023-05-000214,portalinmobiliario,Lo Barnechea,Metropolitana,830000,23.71,49.8,2023-04-18 00:00:00.000000,2023-05-01 00:00:00.000000,Departamento,ARRIENDO,agency
PI-2023-05-002096,portalinmobiliario,Estación Central,Metropolitana,430000,12.29,36.8,2023-04-14 00:00:00.000000,2023-05-15 00:00:00.000000,departamento,ARRIENDO,agency
PI-2023-05-004467,portalinmobiliario,Macul,Metropolitana,1030000,29.43,104.0,2023-05-22 00:00:00.000000,2023-05-29 00:00:00.000000,Departamento,Arriendo,agency
PI-2023-05-002374,portalinmobiliario,Estación Central,Metropolitana,555000,15.86,61.5,2023-05-05 00:00:00.000000,2023-05-15 00:00:00.000000,Departamento,Arriendo,owner_direct
PI-2023-05-001085,portalinmobiliario,La Cisterna,Metropolitana,420000,12.0,46.1,2023-03-22 00:00:00.000000,2023-05-08 00:00:00.000000,DEPARTAMENTO,Arriendo,owner_direct
PI-2023-05-000639,portalinmobiliario,Las Condes,Metropolitana,1415000,40.43,98.7,2023-04-08 00:00:00.000000,2023-05-01 00:00:00.000000,Departamento,arriendo,agency
PI-2023-05-003199,portalinmobiliario,Cerrillos,Metropolitana,595000,17.0,65.0,2023-04-19 00:00:00.000000,2023-05-22 00:00:00.000000,departamento,ARRIENDO,agency
PI-2023-05-000297,portalinmobiliario,Peñalolén,Metropolitana,450000,12.86,43.6,2023-04-11 00:00:00.000000,2023-05-01 00:00:00.000000,Departamento,ARRIENDO,owner_direct
PI-2023-05-004280,portalinmobiliario,Ñuñoa,Metropolitana,875000,25.0,61.5,2023-04-07 00:00:00.000000,2023-05-29 00:00:00.000000,departamento,arriendo,agency
PI-2023-05-001092,portalinmobiliario,San Joaquín,Metropolitana,410000,11.71,38.5,2023-04-23 00:00:00.000000,2023-05-08 00:00:00.000000,Departamento,arriendo,owner_direct
PI-2023-05-002764,portalinmobiliario,Recoleta,Metropolitana,435000,12.43,46.8,2023-05-17 00:00:00.000000,2023-05-22 00:00:00.000000,DEPARTAMENTO,arriendo,agency
PI-2023-05-000643,portalinmobiliario,Santiago,Metropolitana,500000,14.29,32.4,2023-03-30 00:00:00.000000,2023-05-01 00:00:00.000000,DEPARTAMENTO,ARRIENDO,agency
PI-2023-05-001194,portalinmobiliario,Pudahuel,Metropolitana,4790000,136.86,44.0,2023-02-12 00:00:00.000000,2023-05-08 00:00:00.000000,departamento,ARRIENDO,agency
PI-2023-05-001871,portalinmobiliario,Las Condes,Metropolitana,900000,25.71,47.1,2023-04-15 00:00:00.000000,2023-05-15 00:00:00.000000,departamento,ARRIENDO,owner_direct
PI-2023-05-001203,portalinmobiliario,San Miguel,Metropolitana,790000,22.57,76.4,2023-04-17 00:00:00.000000,2023-05-08 00:00:00.000000,departamento,ARRIENDO,agency
PI-2023-05-000357,portalinmobiliario,Puente Alto,Metropolitana,370000,10.57,41.0,2023-04-13 00:00:00.000000,2023-05-01 00:00:00.000000,DEPARTAMENTO,Arriendo,agency
PI-2023-05-002531,portalinmobiliario,Santiago,Metropolitana,545000,15.57,40.0,2023-04-12 00:00:00.000000,2023-05-15 00:00:00.000000,departamento,ARRIENDO,agency
PI-2023-05-004401,portalinmobiliario,Macul,Metropolitana,530000,15.14,40.6,2023-04-23 00:00:00.000000,2023-05-29 00:00:00.000000,departamento,ARRIENDO,agency
PI-2023-05-004398,portalinmobiliario,Las Condes,Metropolitana,920000,26.29,42.7,2023-05-15 00:00:00.000000,2023-05-29 00:00:00.000000,Departamento,Arriendo,agency
PI-2023-05-003424,portalinmobiliario,Estación Central,Metropolitana,350000,10.0,32.2,2023-05-20 00:00:00.000000,2023-05-22 00:00:00.000000,departamento,Arriendo,agency
PI-2023-05-001395,portalinmobiliario,Maipú,Metropolitana,310000,8.86,46.5,2023-01-03 00:00:00.000000,2023-05-08 00:00:00.000000,Departamento,ARRIENDO,agency
PI-2023-05-003519,portalinmobiliario,Estación Central,Metropolitana,435000,12.43,37.0,2023-04-20 00:00:00.000000,2023-05-22 00:00:00.000000,departamento,arriendo,agency
PI-2023-05-001119,portalinmobiliario,Ñuñoa,Metropolitana,1005000,28.71,79.1,2023-03-19 00:00:00.000000,2023-05-08 00:00:00.000000,Departamento,arriendo,owner_direct
PI-2023-05-002583,portalinmobiliario,RECOLETA,Metropolitana,455000,13.0,38.7,2023-04-30 00:00:00.000000,2023-05-15 00:00:00.000000,DEPARTAMENTO,arriendo,owner_direct
PI-2023-05-004882,portalinmobiliario,Estación Central,Metropolitana,380000,10.86,37.2,2023-05-01 00:00:00.000000,2023-05-29 00:00:00.000000,Departamento,Arriendo,agency
PI-2023-05-003315,portalinmobiliario,La Cisterna,Metropolitana,470000,13.43,38.5,2023-05-20 00:00:00.000000,2023-05-22 00:00:00.000000,Departamento,arriendo,agency
PI-2023-05-004653,portalinmobiliario,Quinta Normal,Metropolitana,665000,19.0,102.2,2023-04-02 00:00:00.000000,2023-05-29 00:00:00.000000,Departamento,ARRIENDO,agency
PI-2023-05-003810,portalinmobiliario,Quinta Normal,Metropolitana,355000,10.14,27.8,2023-04-14 00:00:00.000000,2023-05-29 00:00:00.000000,DEPARTAMENTO,Arriendo,agency
PI-2023-05-004475,portalinmobiliario,Independencia,Metropolitana,5005000,143.0,47.1,2023-05-22 00:00:00.000000,2023-05-29 00:00:00.000000,DEPARTAMENTO,Arriendo,agency
PI-2023-05-004697,portalinmobiliario,Vitacura,Metropolitana,1105000,31.57,34.0,2023-05-17 00:00:00.000000,2023-05-29 00:00:00.000000,DEPARTAMENTO,arriendo,agency
PI-2023-05-000698,portalinmobiliario,Las Condes,Metropolitana,1540000,44.0,79.2,2023-04-08 00:00:00.000000,2023-05-01 00:00:00.000000,departamento,Arriendo,agency
PI-2023-05-003847,portalinmobiliario,Las Condes,Metropolitana,770000,22.0,41.5,2023-05-01 00:00:00.000000,2023-05-29 00:00:00.000000,Departamento,arriendo,agency
PI-2023-05-003643,portalinmobiliario,San Miguel,Metropolitana,490000,14.0,31.9,2023-03-07 00:00:00.000000,2023-05-22 00:00:00.000000,DEPARTAMENTO,ARRIENDO,agency
PI-2023-05-003310,portalinmobiliario,Cerrillos,Metropolitana,455000,13.0,35.7,2023-05-15 00:00:00.000000,2023-05-22 00:00:00.000000,DEPARTAMENTO,ARRIENDO,owner_direct
PI-2023-05-004782,portalinmobiliario,Recoleta,Metropolitana,630000,18.0,70.8,2023-05-11 00:00:00.000000,2023-05-29 00:00:00.000000,Departamento,arriendo,agency
PI-2023-05-001292,portalinmobiliario,SAN MIGUEL,Metropolitana,500000,14.29,58.9,2023-04-11 00:00:00.000000,2023-05-08 00:00:00.000000,DEPARTAMENTO,ARRIENDO,agency
PI-2023-05-002910,portalinmobiliario,Ñuñoa,Metropolitana,725000,20.71,46.3,2022-12-10 00:00:00.000000,2023-05-22 00:00:00.000000,DEPARTAMENTO,ARRIENDO,owner_direct
PI-2023-05-004135,portalinmobiliario,Estación Central,Metropolitana,475000,13.57,48.9,2023-05-17 00:00:00.000000,2023-05-29 00:00:00.000000,Departamento,Arriendo,agency
PI-2023-05-003012,portalinmobiliario,La Florida,Metropolitana,795000,22.71,84.4,2023-04-24 00:00:00.000000,2023-05-22 00:00:00.000000,departamento,arriendo,owner_direct
PI-2023-05-003942,portalinmobiliario,San Miguel,Metropolitana,505000,14.43,40.0,2023-05-07 00:00:00.000000,2023-05-29 00:00:00.000000,DEPARTAMENTO,ARRIENDO,agency
PI-2023-05-001006,portalinmobiliario,La Florida,Metropolitana,465000,13.29,41.7,2023-04-27 00:00:00.000000,2023-05-08 00:00:00.000000,Departamento,Arriendo,agency
PI-2023-05-003330,portalinmobiliario,Pudahuel,Metropolitana,405000,11.57,33.7,2023-04-07 00:00:00.000000,2023-05-22 00:00:00.000000,departamento,ARRIENDO,agency
PI-2023-05-001981,portalinmobiliario,Puente Alto,Metropolitana,465000,13.29,51.0,2022-12-30 00:00:00.000000,2023-05-15 00:00:00.000000,Departamento,arriendo,agency
PI-2023-05-002677,portalinmobiliario,Recoleta,Metropolitana,405000,11.57,31.5,2023-04-05 00:00:00.000000,2023-05-15 00:00:00.000000,DEPARTAMENTO,Arriendo,agency
PI-2023-05-004521,portalinmobiliario,La Reina,Metropolitana,785000,,51.6,2023-03-25 00:00:00.000000,2023-05-29 00:00:00.000000,Departamento,Arriendo,owner_direct
PI-2023-05-004736,portalinmobiliario,Recoleta,Metropolitana,480000,13.71,44.9,2023-05-07 00:00:00.000000,2023-05-29 00:00:00.000000,DEPARTAMENTO,Arriendo,agency
PI-2023-05-002094,portalinmobiliario,Peñalolén,Metropolitana,565000,16.14,43.3,2023-04-05 00:00:00.000000,2023-05-15 00:00:00.000000,DEPARTAMENTO,arriendo,agency
PI-2023-05-004247,portalinmobiliario,Independencia,Metropolitana,470000,13.43,44.2,2023-03-03 00:00:00.000000,2023-05-29 00:00:00.000000,DEPARTAMENTO,arriendo,owner_direct
PI-2023-05-001248,portalinmobiliario,Macul,Metropolitana,535000,15.29,43.4,2023-04-27 00:00:00.000000,2023-05-08 00:00:00.000000,DEPARTAMENTO,arriendo,agency
PI-2023-05-003865,portalinmobiliario,Huechuraba,Metropolitana,705000,20.14,49.0,2023-04-26 00:00:00.000000,2023-05-29 00:00:00.000000,DEPARTAMENTO,ARRIENDO,agency
PI-2023-05-002771,portalinmobiliario,Macul,Metropolitana,575000,16.43,50.3,2023-05-09 00:00:00.000000,2023-05-22 00:00:00.000000,DEPARTAMENTO,arriendo,agency
PI-2023-05-000461,portalinmobiliario,Santiago,Metropolitana,525000,15.0,42.0,2023-04-10 00:00:00.000000,2023-05-01 00:00:00.000000,DEPARTAMENTO,Arriendo,owner_direct
PI-2023-05-003720,portalinmobiliario,Peñalolén,Metropolitana,485000,13.86,37.4,2023-04-15 00:00:00.000000,2023-05-22 00:00:00.000000,Departamento,Arriendo,agency
PI-2023-05-004361,portalinmobiliario,Peñalolén,Metropolitana,425000,12.14,22.2,2023-03-17 00:00:00.000000,2023-05-29 00:00:00.000000,DEPARTAMENTO,ARRIENDO,owner_direct
PI-2023-05-004781,portalinmobiliario,San Miguel,Metropolitana,670000,19.14,48.7,2022-11-25 00:00:00.000000,2023-05-29 00:00:00.000000,DEPARTAMENTO,arriendo,agency
PI-2023-05-000159,portalinmobiliario,Estación Central,Metropolitana,485000,13.86,53.2,2023-04-15 00:00:00.000000,2023-05-01 00:00:00.000000,Departamento,Arriendo,owner_direct
PI-2023-05-004002,portalinmobiliario,San Miguel,Metropolitana,515000,14.71,36.1,2022-12-07 00:00:00.000000,2023-05-29 00:00:00.000000,Departamento,arriendo,agency
PI-2023-05-000020,portalinmobiliario,Maipú,Metropolitana,355000,10.14,35.9,2023-03-12 00:00:00.000000,2023-05-01 00:00:00.000000,DEPARTAMENTO,Arriendo,agency
PI-2023-05-000516,portalinmobiliario,Ñuñoa,Metropolitana,745000,21.29,39.3,2023-03-26 00:00:00.000000,2023-05-01 00:00:00.000000,Departamento,ARRIENDO,agency
PI-2023-05-002666,portalinmobiliario,La Cisterna,Metropolitana,470000,13.43,46.2,2023-05-04 00:00:00.000000,2023-05-15 00:00:00.000000,Departamento,ARRIENDO,owner_direct
PI-2023-05-004069,portalinmobiliario,Peñalolén,Metropolitana,455000,13.0,40.1,2023-05-14 00:00:00.000000,2023-05-29 00:00:00.000000,DEPARTAMENTO,Arriendo,agency
PI-2023-05-000926,portalinmobiliario,Puente Alto,Metropolitana,585000,16.71,66.6,2023-04-14 00:00:00.000000,2023-05-08 00:00:00.000000,DEPARTAMENTO,arriendo,agency
PI-2023-05-002883,portalinmobiliario,Huechuraba,Metropolitana,585000,16.71,47.8,2023-03-21 00:00:00.000000,2023-05-22 00:00:00.000000,Departamento,Arriendo,agency
PI-2023-05-004396,portalinmobiliario,Las Condes,Metropolitana,885000,25.29,51.1,2023-04-16 00:00:00.000000,2023-05-29 00:00:00.000000,departamento,Arriendo,agency
PI-2023-05-002211,portalinmobiliario,Macul,Metropolitana,830000,23.71,86.0,2023-03-09 00:00:00.000000,2023-05-15 00:00:00.000000,DEPARTAMENTO,Arriendo,agency
PI-2023-05-001679,portalinmobiliario,Quilicura,Metropolitana,880000,25.14,135.6,2023-04-26 00:00:00.000000,2023-05-08 00:00:00.000000,DEPARTAMENTO,arriendo,agency
PI-2023-05-003652,portalinmobiliario,San Joaquín,Metropolitana,380000,10.86,41.0,2023-04-29 00:00:00.000000,2023-05-22 00:00:00.000000,DEPARTAMENTO,ARRIENDO,owner_direct
PI-2023-05-003249,portalinmobiliario,san joaquín,Metropolitana,460000,13.14,32.2,2023-03-21 00:00:00.000000,2023-05-22 00:00:00.000000,Departamento,arriendo,owner_direct
PI-2023-05-003928,portalinmobiliario,San Miguel,Metropolitana,515000,14.71,53.4,2023-05-09 00:00:00.000000,2023-05-29 00:00:00.000000,DEPARTAMENTO,ARRIENDO,owner_direct
PI-2023-05-002866,portalinmobiliario,Conchalí,Metropolitana,505000,14.43,55.9,2023-05-04 00:00:00.000000,2023-05-22 00:00:00.000000,Departamento,Arriendo,agency
PI-2023-05-004821,portalinmobiliario,Quinta Normal,Metropolitana,590000,16.86,54.0,2023-05-13 00:00:00.000000,2023-05-29 00:00:00.000000,departamento,ARRIENDO,owner_direct
PI-2023-05-000883,portalinmobiliario,Santiago,Metropolitana,640000,18.29,48.4,2023-05-02 00:00:00.000000,2023-05-08 00:00:00.000000,departamento,Arriendo,owner_direct
PI-2023-05-002817,portalinmobiliario,La Florida ,Metropolitana,570000,16.29,51.7,2023-04-17 00:00:00.000000,2023-05-22 00:00:00.000000,Departamento,Arriendo,owner_direct
PI-2023-05-002540,portalinmobiliario,Independencia,Metropolitana,585000,16.71,60.7,2022-12-29 00:00:00.000000,2023-05-15 00:00:00.000000,Departamento,ARRIENDO,agency
PI-2023-05-002533,portalinmobiliario,Recoleta,Metropolitana,490000,14.0,45.2,2023-04-10 00:00:00.000000,2023-05-15 00:00:00.000000,DEPARTAMENTO,Arriendo,owner_direct
PI-2023-05-004862,portalinmobiliario,Independencia,Metropolitana,480000,13.71,46.7,2023-04-21 00:00:00.000000,2023-05-29 00:00:00.000000,DEPARTAMENTO,ARRIENDO,agency
PI-2023-05-000047,portalinmobiliario,Huechuraba,Metropolitana,595000,17.0,52.1,2023-04-10 00:00:00.000000,2023-05-01 00:00:00.000000,Departamento,ARRIENDO,owner_direct
PI-2023-05-002513,portalinmobiliario,Estación Central,Metropolitana,415000,11.86,42.5,2023-02-25 00:00:00.000000,2023-05-15 00:00:00.000000,DEPARTAMENTO,ARRIENDO,owner_direct
PI-2023-05-004815,portalinmobiliario,Independencia,Metropolitana,670000,19.14,70.6,2023-05-13 00:00:00.000000,2023-05-29 00:00:00.000000,DEPARTAMENTO,Arriendo,owner_direct
PI-2023-05-004350,portalinmobiliario,Santiago,Metropolitana,455000,13.0,32.2,2023-04-30 00:00:00.000000,2023-05-29 00:00:00.000000,DEPARTAMENTO,ARRIENDO,agency
PI-2023-05-002173,portalinmobiliario,La Cisterna,Metropolitana,460000,13.14,37.2,2023-04-09 00:00:00.000000,2023-05-15 00:00:00.000000,departamento,Arriendo,agency
PI-2023-05-003617,portalinmobiliario,Quinta Normal,Metropolitana,380000,10.86,39.1,2023-04-18 00:00:00.000000,2023-05-22 00:00:00.000000,DEPARTAMENTO,ARRIENDO,agency
PI-2023-05-001580,portalinmobiliario,Recoleta,Metropolitana,470000,13.43,52.2,2023-04-21 00:00:00.000000,2023-05-08 00:00:00.000000,DEPARTAMENTO,ARRIENDO,owner_direct
PI-2023-05-004535,portalinmobiliario,Las Condes,Metropolitana,970000,27.71,41.4,2023-04-26 00:00:00.000000,2023-05-29 00:00:00.000000,DEPARTAMENTO,arriendo,owner_direct
PI-2023-05-002219,portalinmobiliario,Macul,Metropolitana,665000,19.0,61.7,2023-05-04 00:00:00.000000,2023-05-15 00:00:00.000000,DEPARTAMENTO,Arriendo,agency
PI-2023-05-000078,portalinmobiliario,Las Condes,Metropolitana,1045000,29.86,40.6,2023-04-06 00:00:00.000000,2023-05-01 00:00:00.000000,departamento,Arriendo,agency
PI-2023-05-000867,portalinmobiliario,Huechuraba,Metropolitana,720000,20.57,54.8,2023-03-18 00:00:00.000000,2023-05-08 00:00:00.000000,DEPARTAMENTO,ARRIENDO,owner_direct
PI-2023-05-001654,portalinmobiliario,La Reina,Metropolitana,860000,24.57,62.6,2023-05-05 00:00:00.000000,2023-05-08 00:00:00.000000,Departamento,arriendo,owner_direct
PI-2023-05-000044,portalinmobiliario,Estación Central,Metropolitana,500000,14.29,53.6,2023-04-22 00:00:00.000000,2023-05-01 00:00:00.000000,departamento,Arriendo,agency
PI-2023-05-000224,portalinmobiliario,Recoleta,Metropolitana,435000,12.43,40.3,2023-04-10 00:00:00.000000,2023-05-01 00:00:00.000000,Departamento,Arriendo,owner_direct
PI-2023-05-003835,portalinmobiliario,Ñuñoa,Metropolitana,660000,18.86,43.6,2023-04-26 00:00:00.000000,2023-05-29 00:00:00.000000,Departamento,arriendo,agency
PI-2023-05-000459,portalinmobiliario,Renca,Metropolitana,860000,24.57,101.0,2023-04-17 00:00:00.000000,2023-05-01 00:00:00.000000,DEPARTAMENTO,Arriendo,agency
PI-2023-05-001626,portalinmobiliario,Puente Alto,Metropolitana,405000,11.57,54.0,2023-04-06 00:00:00.000000,2023-05-08 00:00:00.000000,departamento,Arriendo,agency
PI-2023-05-004722,portalinmobiliario,Macul,Metropolitana,730000,20.86,61.9,2023-05-23 00:00:00.000000,2023-05-29 00:00:00.000000,departamento,arriendo,agency
PI-2023-05-001928,portalinmobiliario,Ñuñoa,Metropolitana,810000,23.14,59.9,2023-04-15 00:00:00.000000,2023-05-15 00:00:00.000000,departamento,ARRIENDO,agency
PI-2023-05-002421,portalinmobiliario,Peñalolén,Metropolitana,575000,16.43,43.7,2023-05-06 00:00:00.000000,2023-05-15 00:00:00.000000,DEPARTAMENTO,Arriendo,owner_direct
PI-2023-05-002489,portalinmobiliario,La Florida,Metropolitana,595000,17.0,57.6,2022-12-15 00:00:00.000000,2023-05-15 00:00:00.000000,DEPARTAMENTO,ARRIENDO,owner_direct
PI-2023-05-002499,portalinmobiliario,Las Condes,Metropolitana,1030000,29.43,64.7,2023-04-30 00:00:00.000000,2023-05-15 00:00:00.000000,departamento,ARRIENDO,agency
PI-2023-05-004196,portalinmobiliario,La Cisterna,Metropolitana,415000,11.86,39.7,2023-03-16 00:00:00.000000,2023-05-29 00:00:00.000000,Departamento,arriendo,owner_direct
PI-2023-05-002304,portalinmobiliario,Puente Alto,Metropolitana,460000,13.14,54.4,2023-04-18 00:00:00.000000,2023-05-15 00:00:00.000000,Departamento,arriendo,agency
PI-2023-05-003161,portalinmobiliario,La Cisterna,Metropolitana,430000,12.29,43.3,2023-04-20 00:00:00.000000,2023-05-22 00:00:00.000000,DEPARTAMENTO,arriendo,agency
PI-2023-05-004238,portalinmobiliario,Estación Central,Metropolitana,625000,17.86,59.5,2023-05-15 00:00:00.000000,2023-05-29 00:00:00.000000,Departamento,arriendo,agency
PI-2023-05-003651,portalinmobiliario,Quilicura,Metropolitana,500000,14.29,50.5,2023-05-15 00:00:00.000000,2023-05-22 00:00:00.000000,departamento,arriendo,agency
PI-2023-05-002952,portalinmobiliario,Santiago,Metropolitana,535000,15.29,36.4,2023-05-02 00:00:00.000000,2023-05-22 00:00:00.000000,Departamento,arriendo,agency
PI-2023-05-002010,portalinmobiliario,San Miguel,Metropolitana,575000,16.43,42.8,2023-05-06 00:00:00.000000,2023-05-15 00:00:00.000000,Departamento,arriendo,owner_direct
PI-2023-05-004316,portalinmobiliario,Quilicura,Metropolitana,430000,12.29,50.5,2023-05-25 00:00:00.000000,2023-05-29 00:00:00.000000,Departamento,ARRIENDO,owner_direct
PI-2023-05-003582,portalinmobiliario,Ñuñoa,Metropolitana,560000,16.0,27.5,2023-04-29 00:00:00.000000,2023-05-22 00:00:00.000000,Departamento,ARRIENDO,agency
PI-2023-05-002626,portalinmobiliario,Las Condes,Metropolitana,995000,28.43,44.2,2023-01-15 00:00:00.000000,2023-05-15 00:00:00.000000,departamento,arriendo,agency
PI-2023-05-000593,portalinmobiliario,Ñuñoa,Metropolitana,645000,18.43,44.6,2023-04-15 00:00:00.000000,2023-05-01 00:00:00.000000,DEPARTAMENTO,Arriendo,owner_direct
PI-2023-05-001652,portalinmobiliario,Providencia,Metropolitana,835000,23.86,39.2,2023-04-23 00:00:00.000000,2023-05-08 00:00:00.000000,DEPARTAMENTO,Arriendo,agency
PI-2023-05-002002,portalinmobiliario,Macul,Metropolitana,775000,22.14,74.9,2023-04-08 00:00:00.000000,2023-05-15 00:00:00.000000,DEPARTAMENTO,ARRIENDO,agency
PI-2023-05-004067,portalinmobiliario,Recoleta,Metropolitana,415000,11.86,36.0,2023-04-27 00:00:00.000000,2023-05-29 00:00:00.000000,DEPARTAMENTO,arriendo,agency
PI-2023-05-000964,portalinmobiliario,Recoleta ,Metropolitana,520000,14.86,52.7,2023-04-08 00:00:00.000000,2023-05-08 00:00:00.000000,DEPARTAMENTO,ARRIENDO,agency
PI-2023-05-003707,portalinmobiliario,San Miguel,Metropolitana,345000,9.86,28.9,2023-05-01 00:00:00.000000,2023-05-22 00:00:00.000000,departamento,ARRIENDO,agency
PI-2023-05-002037,portalinmobiliario,Providencia,Metropolitana,695000,19.86,28.2,2023-05-05 00:00:00.000000,2023-05-15 00:00:00.000000,departamento,ARRIENDO,owner_direct
PI-2023-05-001190,portalinmobiliario,Maipú,Metropolitana,560000,,61.4,2023-04-07 00:00:00.000000,2023-05-08 00:00:00.000000,Departamento,arriendo,agency
PI-2023-05-000012,portalinmobiliario,Estación Central,Metropolitana,600000,17.14,70.5,2023-04-30 00:00:00.000000,2023-05-01 00:00:00.000000,departamento,Arriendo,agency
PI-2023-05-003059,portalinmobiliario,Providencia,Metropolitana,1260000,36.0,66.9,2023-05-03 00:00:00.000000,2023-05-22 00:00:00.000000,Departamento,Arriendo,agency
PI-2023-05-000696,portalinmobiliario,La Cisterna,Metropolitana,645000,18.43,64.3,2023-02-17 00:00:00.000000,2023-05-01 00:00:00.000000,departamento,arriendo,agency
PI-2023-05-002299,portalinmobiliario,Peñalolén,Metropolitana,820000,23.43,71.3,2023-05-04 00:00:00.000000,2023-05-15 00:00:00.000000,DEPARTAMENTO,Arriendo,owner_direct
PI-2023-05-002434,portalinmobiliario,Las Condes,Metropolitana,945000,27.0,43.0,2022-12-17 00:00:00.000000,2023-05-15 00:00:00.000000,DEPARTAMENTO,ARRIENDO,agency
PI-2023-05-001666,portalinmobiliario,Santiago,Metropolitana,625000,17.86,46.5,2023-05-03 00:00:00.000000,2023-05-08 00:00:00.000000,DEPARTAMENTO,Arriendo,owner_direct
PI-2023-05-001247,portalinmobiliario,Cerrillos,Metropolitana,545000,15.57,53.6,2023-03-30 00:00:00.000000,2023-05-08 00:00:00.000000,Departamento,Arriendo,owner_direct
PI-2023-05-002524,portalinmobiliario,Santiago,Metropolitana,615000,17.57,49.0,2023-04-17 00:00:00.000000,2023-05-15 00:00:00.000000,Departamento,arriendo,agency
PI-2023-05-000571,portalinmobiliario,Las Condes,Metropolitana,1530000,43.71,97.0,2023-04-19 00:00:00.000000,2023-05-01 00:00:00.000000,DEPARTAMENTO,arriendo,agency
PI-2023-05-003352,portalinmobiliario,Santiago,Metropolitana,820000,23.43,100.5,2023-03-23 00:00:00.000000,2023-05-22 00:00:00.000000,Departamento,ARRIENDO,agency
PI-2023-05-001926,portalinmobiliario,Puente Alto,Metropolitana,395000,11.29,35.1,2023-05-01 00:00:00.000000,2023-05-15 00:00:00.000000,Departamento,Arriendo,owner_direct
PI-2023-05-003078,portalinmobiliario,Ñuñoa,Metropolitana,955000,27.29,62.2,2023-05-18 00:00:00.000000,2023-05-22 00:00:00.000000,departamento,arriendo,owner_direct
PI-2023-05-001324,portalinmobiliario,Lo Barnechea,Metropolitana,630000,18.0,47.4,2023-05-06 00:00:00.000000,2023-05-08 00:00:00.000000,Departamento,ARRIENDO,owner_direct
PI-2023-05-002007,portalinmobiliario,Estación Central,Metropolitana,455000,13.0,47.8,2023-05-06 00:00:00.000000,2023-05-15 00:00:00.000000,Departamento,Arriendo,agency
PI-2023-05-001828,portalinmobiliario,Ñuñoa,Metropolitana,575000,16.43,44.8,2023-05-02 00:00:00.000000,2023-05-15 00:00:00.000000,DEPARTAMENTO,ARRIENDO,owner_direct
PI-2023-05-002997,portalinmobiliario,San Miguel,Metropolitana,575000,16.43,46.4,2023-05-05 00:00:00.000000,2023-05-22 00:00:00.000000,DEPARTAMENTO,arriendo,owner_direct
PI-2023-05-004721,portalinmobiliario,Santiago,Metropolitana,490000,14.0,40.3,2023-05-01 00:00:00.000000,2023-05-29 00:00:00.000000,DEPARTAMENTO,arriendo,agency
PI-2023-05-001210,portalinmobiliario,Huechuraba,Metropolitana,575000,16.43,44.7,2023-03-24 00:00:00.000000,2023-05-08 00:00:00.000000,Departamento,Arriendo,agency
PI-2023-05-003878,portalinmobiliario,Quinta Normal,Metropolitana,605000,17.29,78.5,2023-05-13 00:00:00.000000,2023-05-29 00:00:00.000000,departamento,arriendo,owner_direct
PI-2023-05-003733,portalinmobiliario,Quinta Normal,Metropolitana,450000,12.86,45.2,2023-03-31 00:00:00.000000,2023-05-22 00:00:00.000000,DEPARTAMENTO,arriendo,agency
PI-2023-05-002782,portalinmobiliario,Maipú,Metropolitana,480000,13.71,55.2,2023-05-05 00:00:00.000000,2023-05-22 00:00:00.000000,Departamento,Arriendo,agency
PI-2023-05-004313,portalinmobiliario,Providencia,Metropolitana,965000,27.57,46.9,2023-04-28 00:00:00.000000,2023-05-29 00:00:00.000000,DEPARTAMENTO,ARRIENDO,agency
PI-2023-05-001086,portalinmobiliario,Macul,Metropolitana,730000,20.86,75.2,2023-04-15 00:00:00.000000,2023-05-08 00:00:00.000000,DEPARTAMENTO,ARRIENDO,owner_direct
PI-2023-05-002872,portalinmobiliario,Santiago,Metropolitana,500000,14.29,41.2,2023-05-05 00:00:00.000000,2023-05-22 00:00:00.000000,Departamento,ARRIENDO,agency
PI-2023-05-002896,portalinmobiliario,Las Condes,Metropolitana,1275000,36.43,73.3,2023-05-15 00:00:00.000000,2023-05-22 00:00:00.000000,DEPARTAMENTO,Arriendo,agency
PI-2023-05-002450,portalinmobiliario,Macul,Metropolitana,555000,15.86,57.8,2023-04-29 00:00:00.000000,2023-05-15 00:00:00.000000,Departamento,Arriendo,owner_direct
PI-2023-05-004639,portalinmobiliario,Macul,Metropolitana,650000,18.57,46.1,2023-05-23 00:00:00.000000,2023-05-29 00:00:00.000000,departamento,Arriendo,agency
PI-2023-05-001592,portalinmobiliario,Providencia,Metropolitana,970000,27.71,58.3,2023-04-19 00:00:00.000000,2023-05-08 00:00:00.000000,departamento,arriendo,agency
PI-2023-05-001347,portalinmobiliario,Ñuñoa,Metropolitana,595000,17.0,46.8,2023-05-01 00:00:00.000000,2023-05-08 00:00:00.000000,departamento,ARRIENDO,owner_direct
PI-2023-05-002035,portalinmobiliario,La Cisterna,Metropolitana,595000,17.0,73.0,2023-04-01 00:00:00.000000,2023-05-15 00:00:00.000000,DEPARTAMENTO,ARRIENDO,agency
PI-2023-05-001543,portalinmobiliario,Ñuñoa,Metropolitana,805000,23.0,45.6,2022-10-12 00:00:00.000000,2023-05-08 00:00:00.000000,Departamento,arriendo,agency
PI-2023-05-002638,portalinmobiliario,Estación Central,Metropolitana,415000,11.86,40.3,2023-05-12 00:00:00.000000,2023-05-15 00:00:00.000000,DEPARTAMENTO,arriendo,agency
PI-2023-05-002426,portalinmobiliario,Estación Central,Metropolitana,480000,13.71,40.5,2023-04-25 00:00:00.000000,2023-05-15 00:00:00.000000,departamento,ARRIENDO,owner_direct
PI-2023-05-004594,portalinmobiliario,Quinta Normal,Metropolitana,750000,21.43,85.7,2023-05-12 00:00:00.000000,2023-05-29 00:00:00.000000,DEPARTAMENTO,ARRIENDO,agency
PI-2023-05-003836,portalinmobiliario,Santiago,Metropolitana,1185000,33.86,111.3,2023-05-12 00:00:00.000000,2023-05-29 00:00:00.000000,departamento,Arriendo,agency
PI-2023-05-003996,portalinmobiliario, San Miguel,Metropolitana,530000,15.14,52.2,2023-05-05 00:00:00.000000,2023-05-29 00:00:00.000000,departamento,ARRIENDO,agency
PI-2023-05-001784,portalinmobiliario,Independencia,Metropolitana,525000,15.0,47.7,2023-04-24 00:00:00.000000,2023-05-15 00:00:00.000000,departamento,ARRIENDO,owner_direct
PI-2023-05-000370,portalinmobiliario,Las Condes,Metropolitana,1100000,31.43,65.8,2023-03-27 00:00:00.000000,2023-05-01 00:00:00.000000,departamento,arriendo,owner_direct
PI-2023-05-000042,portalinmobiliario,Conchalí,Metropolitana,385000,11.0,43.1,2023-04-30 00:00:00.000000,2023-05-01 00:00:00.000000,DEPARTAMENTO,arriendo,owner_direct
PI-2023-05-004585,portalinmobiliario,La Florida,Metropolitana,385000,11.0,5.0,2023-05-22 00:00:00.000000,2023-05-29 00:00:00.000000,departamento,arriendo,agency
PI-2023-05-002265,portalinmobiliario,Las Condes,Metropolitana,1085000,31.0,50.3,2023-05-08 00:00:00.000000,2023-05-15 00:00:00.000000,Departamento,ARRIENDO,agency
PI-2023-05-004272,portalinmobiliario,Peñalolén,Metropolitana,715000,20.43,79.1,2023-04-24 00:00:00.000000,2023-05-29 00:00:00.000000,Departamento,arriendo,agency
PI-2023-05-001470,portalinmobiliario,Estación Central ,Metropolitana,480000,13.71,49.5,2023-04-14 00:00:00.000000,2023-05-08 00:00:00.000000,Departamento,Arriendo,agency
PI-2023-05-004268,portalinmobiliario,Huechuraba,Metropolitana,635000,18.14,54.5,2023-05-19 00:00:00.000000,2023-05-29 00:00:00.000000,Departamento,arriendo,agency
PI-2023-05-000345,portalinmobiliario,Santiago,Metropolitana,350000,10.0,24.3,2023-02-18 00:00:00.000000,2023-05-01 00:00:00.000000,Departamento,ARRIENDO,agency
PI-2023-05-001295,portalinmobiliario,Santiago,Metropolitana,900000,25.71,76.7,2023-04-30 00:00:00.000000,2023-05-08 00:00:00.000000,Departamento,ARRIENDO,agency
PI-2023-05-000750,portalinmobiliario,Lo Barnechea,Metropolitana,870000,24.86,31.9,2023-04-26 00:00:00.000000,2023-05-01 00:00:00.000000,departamento,Arriendo,owner_direct
PI-2023-05-003127,portalinmobiliario,Ñuñoa,Metropolitana,575000,16.43,35.7,2023-04-14 00:00:00.000000,2023-05-22 00:00:00.000000,Departamento,ARRIENDO,agency
PI-2023-05-003623,portalinmobiliario,la florida,Metropolitana,575000,16.43,54.2,2023-05-19 00:00:00.000000,2023-05-22 00:00:00.000000,departamento,arriendo,owner_direct
PI-2023-05-001027,portalinmobiliario,La Florida,Metropolitana,525000,15.0,52.4,2023-04-25 00:00:00.000000,2023-05-08 00:00:00.000000,departamento,arriendo,agency
PI-2023-05-000542,portalinmobiliario,Macul,Metropolitana,725000,20.71,93.7,2023-03-30 00:00:00.000000,2023-05-01 00:00:00.000000,DEPARTAMENTO,arriendo,owner_direct
PI-2023-05-003174,portalinmobiliario,Santiago,Metropolitana,355000,10.14,31.7,2023-04-26 00:00:00.000000,2023-05-22 00:00:00.000000,DEPARTAMENTO,Arriendo,agency
PI-2023-05-004791,portalinmobiliario,Las Condes,Metropolitana,1075000,30.71,46.2,2023-05-13 00:00:00.000000,2023-05-29 00:00:00.000000,departamento,Arriendo,agency
PI-2023-05-001317,portalinmobiliario,La Cisterna,Metropolitana,390000,11.14,25.8,2023-03-28 00:00:00.000000,2023-05-08 00:00:00.000000,Departamento,arriendo,agency
PI-2023-05-000164,portalinmobiliario,Quilicura,Metropolitana,370000,10.57,37.8,2023-04-05 00:00:00.000000,2023-05-01 00:00:00.000000,departamento,ARRIENDO,agency
PI-2023-05-004390,portalinmobiliario,Cerrillos,Metropolitana,620000,17.71,69.8,2023-05-09 00:00:00.000000,2023-05-29 00:00:00.000000,Departamento,Arriendo,agency
PI-2023-05-001183,portalinmobiliario,San Miguel,Metropolitana,510000,14.57,43.9,2023-04-12 00:00:00.000000,2023-05-08 00:00:00.000000,departamento,arriendo,agency
PI-2023-05-000087,portalinmobiliario,Providencia,Metropolitana,1440000,41.14,90.1,2023-04-09 00:00:00.000000,2023-05-01 00:00:00.000000,departamento,arriendo,agency
PI-2023-05-004197,portalinmobiliario,Pudahuel,Metropolitana,360000,10.29,12.0,2023-05-11 00:00:00.000000,2023-05-29 00:00:00.000000,Departamento,ARRIENDO,owner_direct
PI-2023-05-004618,portalinmobiliario,Maipú,Metropolitana,495000,14.14,65.8,2023-05-03 00:00:00.000000,2023-05-29 00:00:00.000000,DEPARTAMENTO,arriendo,owner_direct
PI-2023-05-002231,portalinmobiliario,Providencia,Metropolitana,830000,23.71,44.4,2023-04-05 00:00:00.000000,2023-05-15 00:00:00.000000,departamento,ARRIENDO,owner_direct
PI-2023-05-003850,portalinmobiliario,Las Condes,Metropolitana,1070000,30.57,68.2,2023-05-12 00:00:00.000000,2023-05-29 00:00:00.000000,DEPARTAMENTO,ARRIENDO,owner_direct
PI-2023-05-003796,portalinmobiliario,Santiago,Metropolitana,720000,20.57,56.5,2023-04-26 00:00:00.000000,2023-05-29 00:00:00.000000,DEPARTAMENTO,Arriendo,agency
PI-2023-05-000184,portalinmobiliario,Quinta Normal,Metropolitana,485000,13.86,49.2,2023-03-05 00:00:00.000000,2023-05-01 00:00:00.000000,DEPARTAMENTO,Arriendo,agency
PI-2023-05-000801,portalinmobiliario,PROVIDENCIA,Metropolitana,915000,26.14,36.5,2023-03-25 00:00:00.000000,2023-05-01 00:00:00.000000,DEPARTAMENTO,arriendo,agency
PI-2023-05-001058,portalinmobiliario,Macul,Metropolitana,495000,14.14,39.5,2023-04-16 00:00:00.000000,2023-05-08 00:00:00.000000,Departamento,arriendo,owner_direct
PI-2023-05-001935,portalinmobiliario,La Reina,Metropolitana,940000,26.86,62.2,2022-12-10 00:00:00.000000,2023-05-15 00:00:00.000000,departamento,Arriendo,owner_direct
PI-2023-05-002566,portalinmobiliario,Puente Alto,Metropolitana,300000,8.57,29.7,2023-04-30 00:00:00.000000,2023-05-15 00:00:00.000000,Departamento,ARRIENDO,owner_direct
PI-2023-05-003386,portalinmobiliario,Maipú,Metropolitana,420000,12.0,32.7,2023-05-05 00:00:00.000000,2023-05-22 00:00:00.000000,Departamento,arriendo,owner_direct
PI-2023-05-002631,portalinmobiliario,Maipú,Metropolitana,520000,14.86,56.4,2023-04-24 00:00:00.000000,2023-05-15 00:00:00.000000,Departamento,ARRIENDO,agency
PI-2023-05-003823,portalinmobiliario,Ñuñoa,Metropolitana,770000,22.0,52.5,2023-04-10 00:00:00.000000,2023-05-29 00:00:00.000000,departamento,arriendo,owner_direct
PI-2023-05-003654,portalinmobiliario,Macul,Metropolitana,535000,15.29,43.1,2023-05-13 00:00:00.000000,2023-05-22 00:00:00.000000,departamento,Arriendo,owner_direct
PI-2023-05-001599,portalinmobiliario,Puente Alto,Metropolitana,325000,9.29,26.3,2023-03-31 00:00:00.000000,2023-05-08 00:00:00.000000,DEPARTAMENTO,Arriendo,owner_direct
PI-2023-05-001647,portalinmobiliario,Quinta Normal,Metropolitana,440000,12.57,32.2,2023-04-30 00:00:00.000000,2023-05-08 00:00:00.000000,Departamento,ARRIENDO,owner_direct
PI-2023-05-001005,portalinmobiliario,Providencia,Metropolitana,965000,27.57,44.6,2023-04-04 00:00:00.000000,2023-05-08 00:00:00.000000,departamento,Arriendo,agency
PI-2023-05-002501,portalinmobiliario,Huechuraba,Metropolitana,570000,16.29,54.8,2023-04-28 00:00:00.000000,2023-05-15 00:00:00.000000,Departamento,Arriendo,agency
PI-2023-05-004380,portalinmobiliario,Quilicura,Metropolitana,460000,13.14,43.1,2023-03-27 00:00:00.000000,2023-05-29 00:00:00.000000,DEPARTAMENTO,arriendo,agency
PI-2023-05-004150,portalinmobiliario,Estación Central,Metropolitana,540000,15.43,71.9,2023-05-03 00:00:00.000000,2023-05-29 00:00:00.000000,departamento,ARRIENDO,agency
PI-2023-05-002584,portalinmobiliario,Recoleta,Metropolitana,435000,12.43,28.8,2023-01-16 00:00:00.000000,2023-05-15 00:00:00.000000,Departamento,arriendo,owner_direct
PI-2023-05-003332,portalinmobiliario,Providencia,Metropolitana,915000,26.14,49.1,2023-05-17 00:00:00.000000,2023-05-22 00:00:00.000000,DEPARTAMENTO,ARRIENDO,agency
PI-2023-05-002606,portalinmobiliario,Conchalí,Metropolitana,3830000,109.43,34.7,2023-04-20 00:00:00.000000,2023-05-15 00:00:00.000000,departamento,Arriendo,agency
PI-2023-05-002592,portalinmobiliario,Renca,Metropolitana,320000,9.14,30.0,2023-05-10 00:00:00.000000,2023-05-15 00:00:00.000000,Departamento,ARRIENDO,agency
PI-2023-05-000205,portalinmobiliario,Lo Barnechea,Metropolitana,760000,21.71,42.8,2023-03-20 00:00:00.000000,2023-05-01 00:00:00.000000,departamento,arriendo,agency
PI-2023-05-003600,portalinmobiliario,Ñuñoa,Metropolitana,555000,15.86,27.1,2023-04-21 00:00:00.000000,2023-05-22 00:00:00.000000,DEPARTAMENTO,ARRIENDO,agency
PI-2023-05-003122,portalinmobiliario,Santiago,Metropolitana,585000,16.71,44.3,2023-04-30 00:00:00.000000,2023-05-22 00:00:00.000000,DEPARTAMENTO,Arriendo,owner_direct
PI-2023-05-003308,portalinmobiliario,Providencia,Metropolitana,1240000,35.43,84.0,2023-04-28 00:00:00.000000,2023-05-22 00:00:00.000000,departamento,Arriendo,agency
PI-2023-05-004130,portalinmobiliario,La Cisterna,Metropolitana,605000,17.29,64.0,2023-04-06 00:00:00.000000,2023-05-29 00:00:00.000000,DEPARTAMENTO,arriendo,agency
PI-2023-05-001516,portalinmobiliario,San Miguel,Metropolitana,525000,15.0,44.6,2023-04-09 00:00:00.000000,2023-05-08 00:00:00.000000,DEPARTAMENTO,ARRIENDO,agency
PI-2023-05-002930,portalinmobiliario,San Joaquín,Metropolitana,575000,16.43,76.5,2023-05-06 00:00:00.000000,2023-05-22 00:00:00.000000,DEPARTAMENTO,ARRIENDO,agency
PI-2023-05-001198,portalinmobiliario,Ñuñoa,Metropolitana,550000,15.71,27.4,2023-04-27 00:00:00.000000,2023-05-08 00:00:00.000000,DEPARTAMENTO,arriendo,owner_direct
PI-2023-05-000151,portalinmobiliario,San Miguel,Metropolitana,615000,17.57,45.6,2022-11-19 00:00:00.000000,2023-05-01 00:00:00.000000,departamento,Arriendo,agency
PI-2023-05-004701,portalinmobiliario,Ñuñoa,Metropolitana,635000,18.14,39.2,2023-04-30 00:00:00.000000,2023-05-29 00:00:00.000000,DEPARTAMENTO,Arriendo,agency
PI-2023-05-002943,portalinmobiliario,Santiago,Metropolitana,700000,20.0,61.7,2023-05-01 00:00:00.000000,2023-05-22 00:00:00.000000,departamento,arriendo,agency
PI-2023-05-002622,portalinmobiliario,Puente Alto,Metropolitana,495000,14.14,40.5,2023-03-12 00:00:00.000000,2023-05-15 00:00:00.000000,Departamento,Arriendo,agency
PI-2023-05-001906,portalinmobiliario,Santiago,Metropolitana,690000,19.71,60.9,2023-04-22 00:00:00.000000,2023-05-15 00:00:00.000000,DEPARTAMENTO,Arriendo,agency
PI-2023-05-000290,portalinmobiliario,Macul,Metropolitana,690000,19.71,60.1,2023-04-06 00:00:00.000000,2023-05-01 00:00:00.000000,Departamento,Arriendo,agency
PI-2023-05-004400,portalinmobiliario,Las Condes,Metropolitana,725000,20.71,40.1,2023-05-12 00:00:00.000000,2023-05-29 00:00:00.000000,Departamento,arriendo,owner_direct
PI-2023-05-001001,portalinmobiliario,Independencia,Metropolitana,485000,13.86,54.2,2023-05-02 00:00:00.000000,2023-05-08 00:00:00.000000,departamento,ARRIENDO,agency
PI-2023-05-001100,portalinmobiliario,Santiago,Metropolitana,730000,20.86,60.4,2023-03-31 00:00:00.000000,2023-05-08 00:00:00.000000,DEPARTAMENTO,arriendo,agency
PI-2023-05-002207,portalinmobiliario,Pudahuel,Metropolitana,945000,27.0,175.0,2023-04-13 00:00:00.000000,2023-05-15 00:00:00.000000,DEPARTAMENTO,Arriendo,agency
PI-2023-05-003175,portalinmobiliario,Providencia,Metropolitana,795000,22.71,30.8,2023-03-04 00:00:00.000000,2023-05-22 00:00:00.000000,departamento,ARRIENDO,agency
PI-2023-05-001677,portalinmobiliario,Pudahuel,Metropolitana,385000,11.0,31.4,2023-03-29 00:00:00.000000,2023-05-08 00:00:00.000000,Departamento,arriendo,owner_direct
PI-2023-05-002454,portalinmobiliario,La Florida,Metropolitana,505000,14.43,48.0,2023-05-10 00:00:00.000000,2023-05-15 00:00:00.000000,Departamento,ARRIENDO,agency
PI-2023-05-003772,portalinmobiliario,Renca,Metropolitana,465000,13.29,59.5,2023-04-23 00:00:00.000000,2023-05-22 00:00:00.000000,DEPARTAMENTO,arriendo,owner_direct
PI-2023-05-003094,portalinmobiliario,San Joaquín,Metropolitana,1045000,29.86,142.2,2023-04-30 00:00:00.000000,2023-05-22 00:00:00.000000,Departamento,ARRIENDO,agency
PI-2023-05-003303,portalinmobiliario,Peñalolén,Metropolitana,500000,14.29,46.7,2023-02-25 00:00:00.000000,2023-05-22 00:00:00.000000,Departamento,arriendo,agency
PI-2023-05-000405,portalinmobiliario,Conchalí,Metropolitana,330000,9.43,23.7,2023-04-20 00:00:00.000000,2023-05-01 00:00:00.000000,departamento,Arriendo,owner_direct
PI-2023-05-003433,portalinmobiliario,Estación Central,Metropolitana,615000,17.57,61.1,2023-05-02 00:00:00.000000,2023-05-22 00:00:00.000000,DEPARTAMENTO,Arriendo,agency
PI-2023-05-000761,portalinmobiliario,La Cisterna,Metropolitana,495000,14.14,44.6,2023-03-15 00:00:00.000000,2023-05-01 00:00:00.000000,departamento,arriendo,agency
PI-2023-05-002221,portalinmobiliario,Recoleta,Metropolitana,455000,13.0,39.3,2023-05-07 00:00:00.000000,2023-05-15 00:00:00.000000,DEPARTAMENTO,ARRIENDO,owner_direct
PI-2023-05-003401,portalinmobiliario,Providencia,Metropolitana,775000,22.14,33.2,2023-04-22 00:00:00.000000,2023-05-22 00:00:00.000000,DEPARTAMENTO,ARRIENDO,owner_direct
PI-2023-05-000046,portalinmobiliario,Estación Central,Metropolitana,375000,10.71,26.5,2023-03-21 00:00:00.000000,2023-05-01 00:00:00.000000,Departamento,ARRIENDO,agency
PI-2023-05-000223,portalinmobiliario,Recoleta,Metropolitana,345000,9.86,26.2,2023-01-31 00:00:00.000000,2023-05-01 00:00:00.000000,Departamento,ARRIENDO,owner_direct
PI-2023-05-003273,portalinmobiliario,Quinta Normal,Metropolitana,400000,11.43,29.4,2023-04-30 00:00:00.000000,2023-05-22 00:00:00.000000,departamento,Arriendo,agency
PI-2023-05-001584,portalinmobiliario,Recoleta,Metropolitana,575000,16.43,37.6,2023-04-10 00:00:00.000000,2023-05-08 00:00:00.000000,departamento,ARRIENDO,agency
PI-2023-05-002338,portalinmobiliario,Macul,Metropolitana,445000,12.71,31.4,2023-04-29 00:00:00.000000,2023-05-15 00:00:00.000000,departamento,arriendo,agency
PI-2023-05-000221,portalinmobiliario,CERRILLOS,Metropolitana,340000,9.71,25.2,2023-04-16 00:00:00.000000,2023-05-01 00:00:00.000000,Departamento,Arriendo,agency
PI-2023-05-002819,portalinmobiliario,Las Condes,Metropolitana,750000,21.43,33.4,2023-04-12 00:00:00.000000,2023-05-22 00:00:00.000000,Departamento,ARRIENDO,agency
PI-2023-05-000628,portalinmobiliario,La Reina,Metropolitana,925000,26.43,58.2,2023-04-14 00:00:00.000000,2023-05-01 00:00:00.000000,Departamento,arriendo,agency
PI-2023-05-004720,portalinmobiliario,Estación Central,Metropolitana,570000,16.29,74.8,2023-05-13 00:00:00.000000,2023-05-29 00:00:00.000000,DEPARTAMENTO,arriendo,agency
PI-2023-05-001304,portalinmobiliario,Estación Central,Metropolitana,415000,11.86,27.7,2023-03-16 00:00:00.000000,2023-05-08 00:00:00.000000,departamento,arriendo,owner_direct
PI-2023-05-004641,portalinmobiliario,Lo Barnechea,Metropolitana,870000,24.86,52.0,2023-05-25 00:00:00.000000,2023-05-29 00:00:00.000000,DEPARTAMENTO,arriendo,agency
PI-2023-05-000864,portalinmobiliario,SANTIAGO,Metropolitana,610000,17.43,46.6,2023-04-10 00:00:00.000000,2023-05-08 00:00:00.000000,DEPARTAMENTO,arriendo,agency
PI-2023-05-002206,portalinmobiliario,Independencia,Metropolitana,350000,10.0,24.5,2023-02-21 00:00:00.000000,2023-05-15 00:00:00.000000,DEPARTAMENTO,Arriendo,owner_direct
PI-2023-05-004373,portalinmobiliario,Renca,Metropolitana,785000,22.43,107.6,2023-05-25 00:00:00.000000,2023-05-29 00:00:00.000000,departamento,Arriendo,agency
PI-2023-05-001659,portalinmobiliario,Independencia,Metropolitana,415000,11.86,52.5,2023-04-25 00:00:00.000000,2023-05-08 00:00:00.000000,DEPARTAMENTO,ARRIENDO,agency
PI-2023-05-004294,portalinmobiliario,Santiago,Metropolitana,625000,17.86,59.2,2023-05-19 00:00:00.000000,2023-05-29 00:00:00.000000,Departamento,Arriendo,agency
PI-2023-05-002272,portalinmobiliario,Providencia,Metropolitana,690000,19.71,5.0,2022-11-26 00:00:00.000000,2023-05-15 00:00:00.000000,DEPARTAMENTO,arriendo,owner_direct
PI-2023-05-003038,portalinmobiliario,Santiago,Metropolitana,605000,17.29,43.5,2023-04-09 00:00:00.000000,2023-05-22 00:00:00.000000,Departamento,Arriendo,agency
PI-2023-05-002914,portalinmobiliario,Quinta Normal,Metropolitana,580000,16.57,58.7,2023-05-03 00:00:00.000000,2023-05-22 00:00:00.000000,Departamento,Arriendo,agency
PI-2023-05-004006,portalinmobiliario,Las Condes,Metropolitana,1085000,31.0,51.6,2023-04-26 00:00:00.000000,2023-05-29 00:00:00.000000,departamento,arriendo,agency
PI-2023-05-003483,portalinmobiliario,Santiago,Metropolitana,810000,23.14,76.8,2023-05-13 00:00:00.000000,2023-05-22 00:00:00.000000,DEPARTAMENTO,ARRIENDO,owner_direct
PI-2023-05-001983,portalinmobiliario,San Joaquín,Metropolitana,2595000,74.14,76.0,2023-03-13 00:00:00.000000,2023-05-15 00:00:00.000000,DEPARTAMENTO,ARRIENDO,owner_direct
PI-2023-05-002542,portalinmobiliario,Santiago,Metropolitana,480000,13.71,31.3,2023-05-05 00:00:00.000000,2023-05-15 00:00:00.000000,DEPARTAMENTO,ARRIENDO,agency
PI-2023-05-000651,portalinmobiliario,Quinta Normal,Metropolitana,520000,14.86,54.0,2023-04-17 00:00:00.000000,2023-05-01 00:00:00.000000,Departamento,arriendo,agency
PI-2023-05-002536,portalinmobiliario,Santiago,Metropolitana,585000,16.71,34.4,2023-04-12 00:00:00.000000,2023-05-15 00:00:00.000000,departamento,Arriendo,agency
PI-2023-05-001446,portalinmobiliario,La Florida,Metropolitana,475000,13.57,42.9,2023-04-22 00:00:00.000000,2023-05-08 00:00:00.000000,DEPARTAMENTO,Arriendo,agency
PI-2023-05-002311,portalinmobiliario,Santiago,Metropolitana,585000,16.71,42.3,2023-01-19 00:00:00.000000,2023-05-15 00:00:00.000000,departamento,arriendo,agency
PI-2023-05-000519,portalinmobiliario,Renca,Metropolitana,380000,10.86,42.4,2023-03-20 00:00:00.000000,2023-05-01 00:00:00.000000,departamento,arriendo,owner_direct
PI-2023-05-000394,portalinmobiliario,Conchalí,Metropolitana,570000,16.29,46.1,2023-03-27 00:00:00.000000,2023-05-01 00:00:00.000000,departamento,ARRIENDO,agency
PI-2023-05-003665,portalinmobiliario,Huechuraba,Metropolitana,1185000,33.86,128.2,2023-05-07 00:00:00.000000,2023-05-22 00:00:00.000000,departamento,Arriendo,owner_direct
PI-2023-05-003619,portalinmobiliario,Providencia,Metropolitana,620000,17.71,33.4,2023-05-12 00:00:00.000000,2023-05-22 00:00:00.000000,Departamento,ARRIENDO,agency
PI-2023-05-002049,portalinmobiliario,La Florida,Metropolitana,420000,12.0,35.5,2023-02-04 00:00:00.000000,2023-05-15 00:00:00.000000,DEPARTAMENTO,ARRIENDO,agency
PI-2023-05-004877,portalinmobiliario,Santiago,Metropolitana,755000,21.57,65.1,2023-05-17 00:00:00.000000,2023-05-29 00:00:00.000000,departamento,Arriendo,owner_direct
PI-2023-05-002027,portalinmobiliario,Providencia,Metropolitana,935000,26.71,47.1,2023-03-14 00:00:00.000000,2023-05-15 00:00:00.000000,departamento,ARRIENDO,agency
PI-2023-05-002791,portalinmobiliario,Maipú,Metropolitana,360000,10.29,32.8,2023-04-27 00:00:00.000000,2023-05-22 00:00:00.000000,departamento,arriendo,agency
PI-2023-05-000504,portalinmobiliario,La Florida,Metropolitana,475000,13.57,42.7,2023-04-20 00:00:00.000000,2023-05-01 00:00:00.000000,Departamento,ARRIENDO,agency
PI-2023-05-004418,portalinmobiliario,Macul,Metropolitana,580000,16.57,43.7,2023-05-15 00:00:00.000000,2023-05-29 00:00:00.000000,departamento,Arriendo,agency
PI-2023-05-001815,portalinmobiliario,Conchalí,Metropolitana,430000,12.29,42.8,2023-02-24 00:00:00.000000,2023-05-15 00:00:00.000000,DEPARTAMENTO,arriendo,agency
PI-2023-05-002768,portalinmobiliario,Providencia,Metropolitana,885000,25.29,48.7,2022-11-19 00:00:00.000000,2023-05-22 00:00:00.000000,Departamento,ARRIENDO,agency
PI-2023-05-003369,portalinmobiliario,Ñuñoa,Metropolitana,550000,15.71,8.0,2023-05-19 00:00:00.000000,2023-05-22 00:00:00.000000,Departamento,ARRIENDO,agency
PI-2023-05-000790,portalinmobiliario,Macul,Metropolitana,460000,13.14,47.1,2023-04-09 00:00:00.000000,2023-05-01 00:00:00.000000,DEPARTAMENTO,arriendo,agency
PI-2023-05-002615,portalinmobiliario,Maipú,Metropolitana,375000,10.71,43.5,2023-04-13 00:00:00.000000,2023-05-15 00:00:00.000000,DEPARTAMENTO,arriendo,agency
PI-2023-05-000388,portalinmobiliario,Lo Barnechea,Metropolitana,1190000,34.0,80.2,2023-04-13 00:00:00.000000,2023-05-01 00:00:00.000000,DEPARTAMENTO,Arriendo,agency
PI-2023-05-003550,portalinmobiliario,Quilicura,Metropolitana,520000,14.86,53.9,2023-05-05 00:00:00.000000,2023-05-22 00:00:00.000000,DEPARTAMENTO,Arriendo,owner_direct
PI-2023-05-003671,portalinmobiliario,Recoleta,Metropolitana,560000,16.0,51.7,2023-05-04 00:00:00.000000,2023-05-22 00:00:00.000000,Departamento,Arriendo,owner_direct
PI-2023-05-002011,portalinmobiliario,La Florida,Metropolitana,645000,18.43,61.2,2023-04-27 00:00:00.000000,2023-05-15 00:00:00.000000,Departamento,ARRIENDO,agency
PI-2023-05-000150,portalinmobiliario,Estación Central,Metropolitana,635000,18.14,73.1,2023-03-26 00:00:00.000000,2023-05-01 00:00:00.000000,DEPARTAMENTO,ARRIENDO,agency
PI-2023-05-000588,portalinmobiliario,Cerrillos,Metropolitana,485000,13.86,47.9,2023-03-25 00:00:00.000000,2023-05-01 00:00:00.000000,departamento,Arriendo,agency
PI-2023-05-003609,portalinmobiliario,Macul,Metropolitana,575000,16.43,60.7,2023-04-30 00:00:00.000000,2023-05-22 00:00:00.000000,Departamento,Arriendo,agency
PI-2023-05-003947,portalinmobiliario,Santiago,Metropolitana,745000,21.29,68.2,2023-05-05 00:00:00.000000,2023-05-29 00:00:00.000000,DEPARTAMENTO,ARRIENDO,agency
PI-2023-05-003366,portalinmobiliario,Santiago,Metropolitana,615000,17.57,41.8,2023-04-24 00:00:00.000000,2023-05-22 00:00:00.000000,departamento,arriendo,owner_direct
PI-2023-05-002477,portalinmobiliario,Recoleta,Metropolitana,585000,16.71,64.5,2023-04-15 00:00:00.000000,2023-05-15 00:00:00.000000,Departamento,ARRIENDO,agency
PI-2023-05-004799,portalinmobiliario,Las Condes,Metropolitana,910000,26.0,45.3,2022-10-29 00:00:00.000000,2023-05-29 00:00:00.000000,Departamento,ARRIENDO,agency
PI-2023-05-002983,portalinmobiliario,Independencia,Metropolitana,440000,12.57,41.9,2023-04-14 00:00:00.000000,2023-05-22 00:00:00.000000,departamento,ARRIENDO,owner_direct
PI-2023-05-000832,portalinmobiliario,Santiago,Metropolitana,835000,23.86,85.3,2023-03-17 00:00:00.000000,2023-05-08 00:00:00.000000,DEPARTAMENTO,arriendo,owner_direct
PI-2023-05-001105,portalinmobiliario,Santiago,Metropolitana,480000,13.71,30.7,2023-04-30 00:00:00.000000,2023-05-08 00:00:00.000000,DEPARTAMENTO,arriendo,agency
PI-2023-05-000233,portalinmobiliario,Santiago,Metropolitana,585000,16.71,51.0,2023-04-21 00:00:00.000000,2023-05-01 00:00:00.000000,DEPARTAMENTO,ARRIENDO,owner_direct
PI-2023-05-002793,portalinmobiliario,Macul,Metropolitana,945000,27.0,110.3,2023-05-15 00:00:00.000000,2023-05-22 00:00:00.000000,departamento,arriendo,owner_direct
PI-2023-05-001034,portalinmobiliario,Macul,Metropolitana,555000,15.86,40.9,2023-04-25 00:00:00.000000,2023-05-08 00:00:00.000000,departamento,arriendo,agency
PI-2023-05-001571,portalinmobiliario,Maipú,Metropolitana,355000,10.14,28.2,2023-03-24 00:00:00.000000,2023-05-08 00:00:00.000000,DEPARTAMENTO,arriendo,agency
PI-2023-05-002809,portalinmobiliario,Las Condes,Metropolitana,1410000,40.29,84.3,2023-05-16 00:00:00.000000,2023-05-22 00:00:00.000000,Departamento,ARRIENDO,agency
PI-2023-05-000500,portalinmobiliario,Puente Alto,Metropolitana,580000,16.57,67.7,2023-03-31 00:00:00.000000,2023-05-01 00:00:00.000000,DEPARTAMENTO,Arriendo,owner_direct
PI-2023-05-004224,portalinmobiliario,Las Condes,Metropolitana,720000,20.57,33.2,2023-04-21 00:00:00.000000,2023-05-29 00:00:00.000000,Departamento,ARRIENDO,owner_direct
PI-2023-05-002403,portalinmobiliario,Quinta Normal,Metropolitana,530000,15.14,54.6,2022-11-23 00:00:00.000000,2023-05-15 00:00:00.000000,DEPARTAMENTO,ARRIENDO,agency
PI-2023-05-001138,portalinmobiliario,Providencia,Metropolitana,810000,23.14,40.3,2023-04-13 00:00:00.000000,2023-05-08 00:00:00.000000,departamento,Arriendo,owner_direct
PI-2023-05-002031,portalinmobiliario,Independencia,Metropolitana,630000,18.0,69.9,2023-04-20 00:00:00.000000,2023-05-15 00:00:00.000000,departamento,arriendo,owner_direct
PI-2023-05-000342,portalinmobiliario,Independencia,Metropolitana,470000,13.43,39.8,2023-04-16 00:00:00.000000,2023-05-01 00:00:00.000000,departamento,ARRIENDO,owner_direct
PI-2023-05-003737,portalinmobiliario,La Cisterna,Metropolitana,570000,16.29,58.6,2023-04-28 00:00:00.000000,2023-05-22 00:00:00.000000,DEPARTAMENTO,Arriendo,owner_direct
PI-2023-05-002298,portalinmobiliario,Maipú,Metropolitana,505000,14.43,48.9,2023-04-21 00:00:00.000000,2023-05-15 00:00:00.000000,Departamento,ARRIENDO,agency
PI-2023-05-003431,portalinmobiliario,Santiago,Metropolitana,460000,13.14,35.3,2023-04-09 00:00:00.000000,2023-05-22 00:00:00.000000,DEPARTAMENTO,Arriendo,owner_direct
PI-2023-05-000207,portalinmobiliario,Quinta Normal,Metropolitana,355000,10.14,37.5,2023-03-11 00:00:00.000000,2023-05-01 00:00:00.000000,Departamento,Arriendo,agency
PI-2023-05-003343,portalinmobiliario,Providencia,Metropolitana,1260000,36.0,73.3,2023-04-29 00:00:00.000000,2023-05-22 00:00:00.000000,DEPARTAMENTO,Arriendo,owner_direct
PI-2023-05-003111,portalinmobiliario,Santiago,Metropolitana,565000,16.14,42.0,2023-02-23 00:00:00.000000,2023-05-22 00:00:00.000000,departamento,ARRIENDO,owner_direct
PI-2023-05-002017,portalinmobiliario,Ñuñoa,Metropolitana,950000,27.14,71.3,2023-05-08 00:00:00.000000,2023-05-15 00:00:00.000000,Departamento,ARRIENDO,agency
PI-2023-05-004797,portalinmobiliario,Puente Alto,Metropolitana,630000,18.0,74.6,2023-04-29 00:00:00.000000,2023-05-29 00:00:00.000000,departamento,arriendo,agency
PI-2023-05-001826,portalinmobiliario,Estación Central,Metropolitana,405000,11.57,45.0,2023-05-01 00:00:00.000000,2023-05-15 00:00:00.000000,DEPARTAMENTO,ARRIENDO,agency
PI-2023-05-002404,portalinmobiliario,Ñuñoa,Metropolitana,745000,21.29,49.1,2023-05-01 00:00:00.000000,2023-05-15 00:00:00.000000,DEPARTAMENTO,Arriendo,agency
PI-2023-05-000650,portalinmobiliario,Macul,Metropolitana,440000,12.57,36.4,2023-04-06 00:00:00.000000,2023-05-01 00:00:00.000000,Departamento,Arriendo,agency
PI-2023-05-004476,portalinmobiliario,Santiago,Metropolitana,525000,15.0,41.9,2023-05-16 00:00:00.000000,2023-05-29 00:00:00.000000,departamento,arriendo,agency
PI-2023-05-000985,portalinmobiliario,San Joaquín,Metropolitana,375000,10.71,28.6,2023-04-25 00:00:00.000000,2023-05-08 00:00:00.000000,departamento,arriendo,agency
PI-2023-05-001225,portalinmobiliario,Ñuñoa,Metropolitana,675000,19.29,49.5,2023-04-08 00:00:00.000000,2023-05-08 00:00:00.000000,Departamento,Arriendo,agency
PI-2023-05-001243,portalinmobiliario,Estación Central,Metropolitana,525000,15.0,54.5,2022-09-27 00:00:00.000000,2023-05-08 00:00:00.000000,Departamento,arriendo,agency
PI-2023-05-001979,portalinmobiliario,Santiago,Metropolitana,640000,18.29,60.6,2023-03-21 00:00:00.000000,2023-05-15 00:00:00.000000,DEPARTAMENTO,arriendo,agency
PI-2023-05-000948,portalinmobiliario,Huechuraba,Metropolitana,5360000,153.14,42.4,2023-04-15 00:00:00.000000,2023-05-08 00:00:00.000000,Departamento,arriendo,owner_direct
PI-2023-05-004853,portalinmobiliario,Quilicura,Metropolitana,345000,9.86,33.1,2023-05-23 00:00:00.000000,2023-05-29 00:00:00.000000,departamento,arriendo,agency
PI-2023-05-003646,portalinmobiliario,La Florida,Metropolitana,440000,12.57,43.8,2023-05-20 00:00:00.000000,2023-05-22 00:00:00.000000,departamento,arriendo,agency
PI-2023-05-001364,portalinmobiliario,Puente Alto,Metropolitana,965000,27.57,131.0,2023-05-02 00:00:00.000000,2023-05-08 00:00:00.000000,departamento,ARRIENDO,agency
PI-2023-05-004583,portalinmobiliario,Santiago,Metropolitana,635000,18.14,49.1,2023-05-10 00:00:00.000000,2023-05-29 00:00:00.000000,Departamento,arriendo,owner_direct
PI-2023-05-000876,portalinmobiliario,Maipú,Metropolitana,710000,20.29,75.0,2023-04-20 00:00:00.000000,2023-05-08 00:00:00.000000,departamento,Arriendo,owner_direct
PI-2023-05-002607,portalinmobiliario,Lo Barnechea,Metropolitana,905000,25.86,46.4,2022-12-27 00:00:00.000000,2023-05-15 00:00:00.000000,DEPARTAMENTO,arriendo,owner_direct
PI-2023-05-000781,portalinmobiliario,Puente Alto,Metropolitana,455000,13.0,51.8,2023-03-30 00:00:00.000000,2023-05-01 00:00:00.000000,departamento,ARRIENDO,owner_direct
PI-2023-05-001740,portalinmobiliario,Quinta Normal,Metropolitana,445000,12.71,49.1,2023-02-23 00:00:00.000000,2023-05-08 00:00:00.000000,departamento,arriendo,owner_direct
PI-2023-05-003710,portalinmobiliario,Las Condes,Metropolitana,8545000,244.14,41.7,2022-12-12 00:00:00.000000,2023-05-22 00:00:00.000000,Departamento,ARRIENDO,agency
PI-2023-05-004348,portalinmobiliario,Las Condes,Metropolitana,1190000,34.0,68.9,2022-11-01 00:00:00.000000,2023-05-29 00:00:00.000000,Departamento,Arriendo,agency
PI-2023-05-001597,portalinmobiliario,La Reina,Metropolitana,790000,22.57,54.9,2023-03-11 00:00:00.000000,2023-05-08 00:00:00.000000,Departamento,Arriendo,owner_direct
PI-2023-05-000016,portalinmobiliario,San Miguel,Metropolitana,615000,17.57,45.2,2023-04-11 00:00:00.000000,2023-05-01 00:00:00.000000,DEPARTAMENTO,Arriendo,owner_direct
PI-2023-05-002292,portalinmobiliario,Providencia,Metropolitana,810000,23.14,39.7,2023-04-12 00:00:00.000000,2023-05-15 00:00:00.000000,departamento,Arriendo,agency
PI-2023-05-003606,portalinmobiliario,VITACURA,Metropolitana,1130000,32.29,35.0,2023-05-05 00:00:00.000000,2023-05-22 00:00:00.000000,departamento,ARRIENDO,agency
PI-2023-05-000390,portalinmobiliario,Independencia,Metropolitana,455000,13.0,41.5,2023-04-21 00:00:00.000000,2023-05-01 00:00:00.000000,Departamento,ARRIENDO,owner_direct
PI-2023-05-002517,portalinmobiliario,Pudahuel,Metropolitana,550000,15.71,82.3,2023-04-23 00:00:00.000000,2023-05-15 00:00:00.000000,Departamento,arriendo,agency
PI-2023-05-001227,portalinmobiliario,Macul,Metropolitana,685000,19.57,77.0,2022-09-02 00:00:00.000000,2023-05-08 00:00:00.000000,Departamento,ARRIENDO,agency
PI-2023-05-001799,portalinmobiliario,Santiago,Metropolitana,625000,17.86,52.2,2023-04-03 00:00:00.000000,2023-05-15 00:00:00.000000,DEPARTAMENTO,ARRIENDO,owner_direct
PI-2023-05-001917,portalinmobiliario,Independencia,Metropolitana,425000,12.14,42.2,2023-04-28 00:00:00.000000,2023-05-15 00:00:00.000000,Departamento,Arriendo,agency
PI-2023-05-004302,portalinmobiliario,La Florida,Metropolitana,730000,20.86,92.2,2023-05-26 00:00:00.000000,2023-05-29 00:00:00.000000,departamento,Arriendo,agency
PI-2023-05-003775,portalinmobiliario,Conchalí,Metropolitana,400000,11.43,44.1,2023-04-12 00:00:00.000000,2023-05-22 00:00:00.000000,DEPARTAMENTO,ARRIENDO,owner_direct
PI-2023-05-001266,portalinmobiliario,Recoleta,Metropolitana,405000,11.57,44.5,2023-04-30 00:00:00.000000,2023-05-08 00:00:00.000000,DEPARTAMENTO,arriendo,owner_direct
PI-2023-05-003439,portalinmobiliario,San Miguel,Metropolitana,590000,16.86,62.5,2023-01-21 00:00:00.000000,2023-05-22 00:00:00.000000,departamento,ARRIENDO,owner_direct
PI-2023-05-001639,portalinmobiliario,Recoleta,Metropolitana,540000,15.43,51.7,2023-02-14 00:00:00.000000,2023-05-08 00:00:00.000000,Departamento,ARRIENDO,agency
PI-2023-05-003065,portalinmobiliario,Santiago,Metropolitana,655000,18.71,59.4,2023-05-18 00:00:00.000000,2023-05-22 00:00:00.000000,departamento,arriendo,owner_direct
PI-2023-05-003214,portalinmobiliario,Macul,Metropolitana,435000,12.43,42.8,2023-05-12 00:00:00.000000,2023-05-22 00:00:00.000000,Departamento,ARRIENDO,agency
PI-2023-05-004075,portalinmobiliario,Huechuraba,Metropolitana,805000,23.0,69.0,2023-05-07 00:00:00.000000,2023-05-29 00:00:00.000000,Departamento,Arriendo,owner_direct
PI-2023-05-002960,portalinmobiliario,Recoleta,Metropolitana,480000,13.71,40.9,2023-04-03 00:00:00.000000,2023-05-22 00:00:00.000000,DEPARTAMENTO,ARRIENDO,agency
PI-2023-05-004744,portalinmobiliario,Maipú,Metropolitana,535000,15.29,49.6,2023-05-10 00:00:00.000000,2023-05-29 00:00:00.000000,Departamento,arriendo,owner_direct
PI-2023-05-000680,portalinmobiliario,Las Condes,Metropolitana,1145000,32.71,65.2,2023-04-21 00:00:00.000000,2023-05-01 00:00:00.000000,departamento,Arriendo,agency
PI-2023-05-003670,portalinmobiliario,Macul,Metropolitana,630000,18.0,55.8,2023-04-29 00:00:00.000000,2023-05-22 00:00:00.000000,DEPARTAMENTO,ARRIENDO,agency
PI-2023-05-001790,portalinmobiliario,Recoleta,Metropolitana,375000,10.71,30.3,2023-04-10 00:00:00.000000,2023-05-15 00:00:00.000000,DEPARTAMENTO,arriendo,agency
PI-2023-05-004710,portalinmobiliario,Estación Central,Metropolitana,635000,18.14,85.4,2023-04-27 00:00:00.000000,2023-05-29 00:00:00.000000,departamento,ARRIENDO,agency
PI-2023-05-000303,portalinmobiliario,Recoleta,Metropolitana,1020000,29.14,113.0,2023-04-21 00:00:00.000000,2023-05-01 00:00:00.000000,Departamento,Arriendo,agency
PI-2023-05-001178,portalinmobiliario,La Reina,Metropolitana,660000,18.86,54.8,2023-03-20 00:00:00.000000,2023-05-08 00:00:00.000000,Departamento,ARRIENDO,owner_direct
PI-2023-05-003915,portalinmobiliario,Santiago,Metropolitana,515000,14.71,38.3,2023-05-19 00:00:00.000000,2023-05-29 00:00:00.000000,Departamento,Arriendo,owner_direct
PI-2023-05-002016,portalinmobiliario,Vitacura,Metropolitana,880000,25.14,33.5,2023-03-30 00:00:00.000000,2023-05-15 00:00:00.000000,Departamento,ARRIENDO,agency
PI-2023-05-000999,portalinmobiliario,Peñalolén,Metropolitana,425000,12.14,34.3,2023-05-02 00:00:00.000000,2023-05-08 00:00:00.000000,DEPARTAMENTO,Arriendo,agency
PI-2023-05-002620,portalinmobiliario,Pudahuel,Metropolitana,510000,14.57,60.4,2023-03-12 00:00:00.000000,2023-05-15 00:00:00.000000,Departamento,arriendo,agency
PI-2023-05-004569,portalinmobiliario,Independencia,Metropolitana,635000,18.14,66.8,2023-05-12 00:00:00.000000,2023-05-29 00:00:00.000000,departamento,arriendo,agency
PI-2023-05-004748,portalinmobiliario,Quinta Normal,Metropolitana,390000,11.14,22.0,2023-05-05 00:00:00.000000,2023-05-29 00:00:00.000000,departamento,Arriendo,owner_direct
PI-2023-05-002306,portalinmobiliario,Peñalolén,Metropolitana,500000,14.29,41.4,2023-04-14 00:00:00.000000,2023-05-15 00:00:00.000000,DEPARTAMENTO,ARRIENDO,agency
PI-2023-05-004379,portalinmobiliario,Lo Barnechea,Metropolitana,870000,24.86,44.9,2023-04-26 00:00:00.000000,2023-05-29 00:00:00.000000,departamento,arriendo,agency
PI-2023-05-004301,portalinmobiliario,San Miguel,Metropolitana,535000,15.29,44.2,2023-05-09 00:00:00.000000,2023-05-29 00:00:00.000000,Departamento,Arriendo,agency
PI-2023-05-002523,portalinmobiliario,Las Condes,Metropolitana,775000,22.14,37.3,2023-04-11 00:00:00.000000,2023-05-15 00:00:00.000000,DEPARTAMENTO,ARRIENDO,agency
PI-2023-05-004809,portalinmobiliario,La Florida,Metropolitana,510000,14.57,40.4,2023-04-28 00:00:00.000000,2023-05-29 00:00:00.000000,DEPARTAMENTO,Arriendo,agency
PI-2023-05-002753,portalinmobiliario,Lo Barnechea,Metropolitana,570000,16.29,10.0,2023-04-24 00:00:00.000000,2023-05-22 00:00:00.000000,Departamento,Arriendo,agency
PI-2023-05-003723,portalinmobiliario,La Florida,Metropolitana,740000,21.14,80.8,2023-05-15 00:00:00.000000,2023-05-22 00:00:00.000000,DEPARTAMENTO,ARRIENDO,agency
PI-2023-05-001914,portalinmobiliario,Puente Alto,Metropolitana,355000,10.14,31.3,2023-05-05 00:00:00.000000,2023-05-15 00:00:00.000000,DEPARTAMENTO,ARRIENDO,agency
PI-2023-05-001299,portalinmobiliario,Recoleta,Metropolitana,420000,12.0,29.1,2023-04-17 00:00:00.000000,2023-05-08 00:00:00.000000,DEPARTAMENTO,ARRIENDO,owner_direct
PI-2023-05-002859,portalinmobiliario,Cerrillos,Metropolitana,550000,15.71,51.9,2023-04-25 00:00:00.000000,2023-05-22 00:00:00.000000,DEPARTAMENTO,ARRIENDO,agency
PI-2023-05-003430,portalinmobiliario,La Florida,Metropolitana,1470000,42.0,250.0,2023-04-29 00:00:00.000000,2023-05-22 00:00:00.000000,Departamento,arriendo,owner_direct
PI-2023-05-001079,portalinmobiliario,Estación Central,Metropolitana,575000,16.43,61.8,2023-01-21 00:00:00.000000,2023-05-08 00:00:00.000000,departamento,arriendo,owner_direct
PI-2023-05-004284,portalinmobiliario,La Reina,Metropolitana,780000,22.29,33.2,2022-11-12 00:00:00.000000,2023-05-29 00:00:00.000000,DEPARTAMENTO,ARRIENDO,agency
PI-2023-05-002833,portalinmobiliario,Las Condes,Metropolitana,1065000,30.43,64.1,2023-03-22 00:00:00.000000,2023-05-22 00:00:00.000000,departamento,ARRIENDO,agency
PI-2023-05-003283,portalinmobiliario,Ñuñoa,Metropolitana,655000,18.71,34.0,2022-10-24 00:00:00.000000,2023-05-22 00:00:00.000000,departamento,ARRIENDO,agency
PI-2023-05-003052,portalinmobiliario,San Joaquín,Metropolitana,570000,16.29,56.9,2023-04-30 00:00:00.000000,2023-05-22 00:00:00.000000,Departamento,Arriendo,owner_direct
PI-2023-05-002919,portalinmobiliario,La Reina,Metropolitana,885000,25.29,43.2,2023-03-21 00:00:00.000000,2023-05-22 00:00:00.000000,departamento,ARRIENDO,agency
PI-2023-05-004762,portalinmobiliario,Lo Barnechea,Metropolitana,645000,18.43,27.1,2023-05-23 00:00:00.000000,2023-05-29 00:00:00.000000,Departamento,arriendo,agency
PI-2023-05-003120,portalinmobiliario,Providencia,Metropolitana,965000,27.57,50.5,2023-02-26 00:00:00.000000,2023-05-22 00:00:00.000000,departamento,arriendo,agency
PI-2023-05-001550,portalinmobiliario,Independencia,Metropolitana,580000,16.57,61.5,2023-03-20 00:00:00.000000,2023-05-08 00:00:00.000000,departamento,arriendo,agency
PI-2023-05-004856,portalinmobiliario,Ñuñoa,Metropolitana,745000,21.29,52.7,2023-04-25 00:00:00.000000,2023-05-29 00:00:00.000000,DEPARTAMENTO,Arriendo,agency
PI-2023-05-003031,portalinmobiliario,Maipú,Metropolitana,420000,12.0,60.7,2023-04-13 00:00:00.000000,2023-05-22 00:00:00.000000,departamento,ARRIENDO,owner_direct
PI-2023-05-003766,portalinmobiliario,San Joaquín,Metropolitana,530000,15.14,46.2,2023-05-12 00:00:00.000000,2023-05-22 00:00:00.000000,DEPARTAMENTO,ARRIENDO,agency
PI-2023-05-001316,portalinmobiliario,La Reina,Metropolitana,1100000,31.43,75.0,2023-04-10 00:00:00.000000,2023-05-08 00:00:00.000000,DEPARTAMENTO,ARRIENDO,agency
PI-2023-05-000052,portalinmobiliario,Santiago,Metropolitana,475000,13.57,33.6,2023-04-04 00:00:00.000000,2023-05-01 00:00:00.000000,DEPARTAMENTO,Arriendo,agency
PI-2023-05-000393,portalinmobiliario,Las Condes,Metropolitana,1435000,41.0,71.7,2023-04-13 00:00:00.000000,2023-05-01 00:00:00.000000,DEPARTAMENTO,arriendo,agency
PI-2023-05-004865,portalinmobiliario,Renca,Metropolitana,465000,13.29,59.2,2023-04-23 00:00:00.000000,2023-05-29 00:00:00.000000,DEPARTAMENTO,arriendo,agency
PI-2023-05-004407,portalinmobiliario,Estación Central,Metropolitana,555000,15.86,53.8,2023-04-25 00:00:00.000000,2023-05-29 00:00:00.000000,departamento,arriendo,owner_direct
PI-2023-05-000836,portalinmobiliario,Las Condes,Metropolitana,820000,23.43,40.4,2023-04-18 00:00:00.000000,2023-05-08 00:00:00.000000,departamento,Arriendo,agency
PI-2023-05-002290,portalinmobiliario,Las Condes,Metropolitana,905000,25.86,44.5,2023-04-21 00:00:00.000000,2023-05-15 00:00:00.000000,DEPARTAMENTO,Arriendo,owner_direct
PI-2023-05-002906,portalinmobiliario,Santiago,Metropolitana,860000,24.57,93.6,2023-04-20 00:00:00.000000,2023-05-22 00:00:00.000000,DEPARTAMENTO,Arriendo,agency
PI-2023-05-004235,portalinmobiliario,Conchalí,Metropolitana,465000,13.29,61.0,2023-05-13 00:00:00.000000,2023-05-29 00:00:00.000000,Departamento,ARRIENDO,agency
PI-2023-05-002770,portalinmobiliario,Independencia,Metropolitana,450000,12.86,37.3,2023-04-21 00:00:00.000000,2023-05-22 00:00:00.000000,Departamento,ARRIENDO,agency
PI-2023-05-002075,portalinmobiliario,Macul,Metropolitana,620000,17.71,54.8,2023-04-07 00:00:00.000000,2023-05-15 00:00:00.000000,DEPARTAMENTO,ARRIENDO,owner_direct
PI-2023-05-004642,portalinmobiliario,Santiago,Metropolitana,820000,23.43,81.6,2023-05-09 00:00:00.000000,2023-05-29 00:00:00.000000,DEPARTAMENTO,ARRIENDO,agency
PI-2023-05-000486,portalinmobiliario,Lo Barnechea,Metropolitana,860000,24.57,59.1,2023-04-26 00:00:00.000000,2023-05-01 00:00:00.000000,departamento,Arriendo,owner_direct
PI-2023-05-001192,portalinmobiliario,San Miguel,Metropolitana,725000,20.71,62.7,2023-04-26 00:00:00.000000,2023-05-08 00:00:00.000000,departamento,ARRIENDO,agency
PI-2023-05-002251,portalinmobiliario,Peñalolén,Metropolitana,530000,15.14,36.1,2023-03-12 00:00:00.000000,2023-05-15 00:00:00.000000,departamento,Arriendo,agency
PI-2023-05-004846,portalinmobiliario,Providencia,Metropolitana,665000,19.0,28.2,2023-04-29 00:00:00.000000,2023-05-29 00:00:00.000000,DEPARTAMENTO,Arriendo,agency
PI-2023-05-003126,portalinmobiliario,La Florida,Metropolitana,1805000,51.57,250.0,2023-04-30 00:00:00.000000,2023-05-22 00:00:00.000000,departamento,arriendo,agency
PI-2023-05-003901,portalinmobiliario,San Joaquín,Metropolitana,495000,14.14,53.2,2023-04-22 00:00:00.000000,2023-05-29 00:00:00.000000,DEPARTAMENTO,ARRIENDO,agency
PI-2023-05-000023,portalinmobiliario,Quilicura,Metropolitana,300000,8.57,30.0,2023-01-18 00:00:00.000000,2023-05-01 00:00:00.000000,departamento,Arriendo,agency
PI-2023-05-000624,portalinmobiliario,Las Condes,Metropolitana,695000,19.86,26.1,2023-04-28 00:00:00.000000,2023-05-01 00:00:00.000000,departamento,arriendo,owner_direct
PI-2023-05-003574,portalinmobiliario,Ñuñoa,Metropolitana,940000,26.86,70.6,2023-05-15 00:00:00.000000,2023-05-22 00:00:00.000000,Departamento,ARRIENDO,agency
PI-2023-05-002691,portalinmobiliario,Santiago,Metropolitana,515000,14.71,41.8,2023-03-28 00:00:00.000000,2023-05-15 00:00:00.000000,Departamento,arriendo,agency
PI-2023-05-002574,portalinmobiliario,Las Condes,Metropolitana,795000,22.71,35.1,2023-05-09 00:00:00.000000,2023-05-15 00:00:00.000000,DEPARTAMENTO,arriendo,owner_direct
PI-2023-05-000810,portalinmobiliario,Independencia,Metropolitana,755000,21.57,103.5,2023-02-04 00:00:00.000000,2023-05-01 00:00:00.000000,DEPARTAMENTO,Arriendo,owner_direct
PI-2023-05-002371,portalinmobiliario,Ñuñoa,Metropolitana,845000,24.14,56.4,2023-05-04 00:00:00.000000,2023-05-15 00:00:00.000000,Departamento,arriendo,agency
PI-2023-05-001121,portalinmobiliario,Ñuñoa,Metropolitana,925000,26.43,61.3,2022-11-22 00:00:00.000000,2023-05-08 00:00:00.000000,departamento,ARRIENDO,agency
PI-2023-05-002841,portalinmobiliario,Santiago,Metropolitana,480000,13.71,34.3,2023-04-19 00:00:00.000000,2023-05-22 00:00:00.000000,DEPARTAMENTO,arriendo,agency
PI-2023-05-000064,portalinmobiliario,Lo Barnechea,Metropolitana,10410000,297.43,999.0,2023-04-14 00:00:00.000000,2023-05-01 00:00:00.000000,DEPARTAMENTO,ARRIENDO,agency
PI-2023-05-002945,portalinmobiliario,Providencia,Metropolitana,1030000,29.43,52.7,2023-03-02 00:00:00.000000,2023-05-22 00:00:00.000000,DEPARTAMENTO,arriendo,agency
PI-2023-05-000897,portalinmobiliario,Peñalolén,Metropolitana,445000,,37.7,2023-04-14 00:00:00.000000,2023-05-08 00:00:00.000000,DEPARTAMENTO,ARRIENDO,agency
PI-2023-05-000485,portalinmobiliario,Estación Central,Metropolitana,1120000,32.0,177.6,2023-03-18 00:00:00.000000,2023-05-01 00:00:00.000000,DEPARTAMENTO,Arriendo,agency
PI-2023-05-000471,portalinmobiliario, La Florida,Metropolitana,530000,15.14,41.9,2023-04-23 00:00:00.000000,2023-05-01 00:00:00.000000,DEPARTAMENTO,ARRIENDO,agency
PI-2023-05-000124,portalinmobiliario,San Miguel,Metropolitana,500000,14.29,35.2,2023-04-21 00:00:00.000000,2023-05-01 00:00:00.000000,DEPARTAMENTO,Arriendo,agency
PI-2023-05-001892,portalinmobiliario,Estación Central,Metropolitana,500000,14.29,61.8,2023-05-07 00:00:00.000000,2023-05-15 00:00:00.000000,DEPARTAMENTO,ARRIENDO,agency
PI-2023-05-003216,portalinmobiliario,Estación Central,Metropolitana,520000,14.86,46.0,2023-04-26 00:00:00.000000,2023-05-22 00:00:00.000000,DEPARTAMENTO,arriendo,agency
PI-2023-05-001520,portalinmobiliario,Santiago,Metropolitana,535000,15.29,42.9,2023-04-18 00:00:00.000000,2023-05-08 00:00:00.000000,departamento,arriendo,agency
PI-2023-05-002245,portalinmobiliario,Macul,Metropolitana,515000,14.71,44.4,2023-04-22 00:00:00.000000,2023-05-15 00:00:00.000000,Departamento,arriendo,agency
PI-2023-05-000269,portalinmobiliario,Ñuñoa,Metropolitana,695000,19.86,47.0,2023-04-01 00:00:00.000000,2023-05-01 00:00:00.000000,Departamento,ARRIENDO,agency
PI-2023-05-001672,portalinmobiliario,Estación Central,Metropolitana,550000,15.71,65.9,2023-04-13 00:00:00.000000,2023-05-08 00:00:00.000000,departamento,Arriendo,owner_direct
PI-2023-05-003756,portalinmobiliario,Quilicura,Metropolitana,415000,11.86,32.6,2023-04-15 00:00:00.000000,2023-05-22 00:00:00.000000,DEPARTAMENTO,Arriendo,agency
PI-2023-05-004780,portalinmobiliario,Ñuñoa,Metropolitana,745000,21.29,43.6,2023-03-09 00:00:00.000000,2023-05-29 00:00:00.000000,Departamento,arriendo,agency
PI-2023-05-001329,portalinmobiliario,San Joaquín,Metropolitana,430000,12.29,41.9,2023-04-20 00:00:00.000000,2023-05-08 00:00:00.000000,departamento,arriendo,owner_direct
PI-2023-05-001680,portalinmobiliario,La Florida,Metropolitana,855000,24.43,93.8,2022-10-24 00:00:00.000000,2023-05-08 00:00:00.000000,departamento,arriendo,owner_direct
PI-2023-05-001759,portalinmobiliario,Ñuñoa,Metropolitana,1025000,29.29,63.7,2023-04-23 00:00:00.000000,2023-05-08 00:00:00.000000,departamento,ARRIENDO,agency
PI-2023-05-003453,portalinmobiliario,Quinta Normal,Metropolitana,450000,12.86,32.4,2023-04-24 00:00:00.000000,2023-05-22 00:00:00.000000,DEPARTAMENTO,arriendo,owner_direct
PI-2023-05-004661,portalinmobiliario,Huechuraba,Metropolitana,970000,27.71,102.4,2023-05-16 00:00:00.000000,2023-05-29 00:00:00.000000,Departamento,arriendo,owner_direct
PI-2023-05-001272,portalinmobiliario,Santiago,Metropolitana,535000,15.29,43.3,2023-04-10 00:00:00.000000,2023-05-08 00:00:00.000000,DEPARTAMENTO,Arriendo,agency
PI-2023-05-000374,portalinmobiliario, Providencia,Metropolitana,1280000,36.57,71.5,2023-02-28 00:00:00.000000,2023-05-01 00:00:00.000000,Departamento,Arriendo,owner_direct
PI-2023-05-002971,portalinmobiliario,Las Condes,Metropolitana,845000,24.14,34.2,2023-05-04 00:00:00.000000,2023-05-22 00:00:00.000000,departamento,arriendo,agency
PI-2023-05-000764,portalinmobiliario,ÑUÑOA,Metropolitana,950000,27.14,50.6,2023-04-26 00:00:00.000000,2023-05-01 00:00:00.000000,Departamento,arriendo,owner_direct
PI-2023-05-002466,portalinmobiliario,Ñuñoa,Metropolitana,655000,18.71,36.0,2023-04-06 00:00:00.000000,2023-05-15 00:00:00.000000,DEPARTAMENTO,ARRIENDO,agency
PI-2023-05-004005,portalinmobiliario,Huechuraba,Metropolitana,490000,14.0,36.0,2023-05-18 00:00:00.000000,2023-05-29 00:00:00.000000,Departamento,ARRIENDO,agency
PI-2023-05-001513,portalinmobiliario,Independencia,Metropolitana,575000,16.43,41.8,2022-12-20 00:00:00.000000,2023-05-08 00:00:00.000000,DEPARTAMENTO,Arriendo,agency
PI-2023-05-003110,portalinmobiliario,Recoleta,Metropolitana,660000,18.86,68.1,2023-05-14 00:00:00.000000,2023-05-22 00:00:00.000000,DEPARTAMENTO,ARRIENDO,agency
PI-2023-05-000817,portalinmobiliario,Ñuñoa,Metropolitana,1070000,30.57,92.7,2023-03-24 00:00:00.000000,2023-05-01 00:00:00.000000,DEPARTAMENTO,Arriendo,agency
PI-2023-05-003668,portalinmobiliario,Ñuñoa,Metropolitana,765000,21.86,46.3,2023-04-19 00:00:00.000000,2023-05-22 00:00:00.000000,departamento,arriendo,agency
PI-2023-05-002367,portalinmobiliario,Peñalolén,Metropolitana,705000,20.14,72.2,2023-01-27 00:00:00.000000,2023-05-15 00:00:00.000000,Departamento,Arriendo,owner_direct
PI-2023-05-000302,portalinmobiliario,Pudahuel,Metropolitana,545000,15.57,67.3,2023-04-02 00:00:00.000000,2023-05-01 00:00:00.000000,DEPARTAMENTO,ARRIENDO,owner_direct
PI-2023-05-003826,portalinmobiliario,Huechuraba,Metropolitana,440000,12.57,52.4,2023-05-12 00:00:00.000000,2023-05-29 00:00:00.000000,DEPARTAMENTO,Arriendo,agency
PI-2023-05-001801,portalinmobiliario,Santiago,Metropolitana,1150000,32.86,121.3,2023-03-24 00:00:00.000000,2023-05-15 00:00:00.000000,DEPARTAMENTO,arriendo,agency
PI-2023-05-002575,portalinmobiliario,San Miguel,Metropolitana,805000,23.0,75.4,2023-05-11 00:00:00.000000,2023-05-15 00:00:00.000000,Departamento,arriendo,agency
PI-2023-05-000235,portalinmobiliario,San Miguel,Metropolitana,535000,15.29,41.2,2023-03-24 00:00:00.000000,2023-05-01 00:00:00.000000,DEPARTAMENTO,arriendo,agency
PI-2023-05-003699,portalinmobiliario,Independencia,Metropolitana,585000,16.71,58.4,2023-04-23 00:00:00.000000,2023-05-22 00:00:00.000000,DEPARTAMENTO,Arriendo,agency
PI-2023-05-002109,portalinmobiliario,Maipú,Metropolitana,460000,13.14,50.7,2023-04-28 00:00:00.000000,2023-05-15 00:00:00.000000,DEPARTAMENTO,ARRIENDO,owner_direct
PI-2023-05-004091,portalinmobiliario,Providencia,Metropolitana,695000,19.86,28.2,2023-05-14 00:00:00.000000,2023-05-29 00:00:00.000000,Departamento,Arriendo,agency
PI-2023-05-004874,portalinmobiliario,San Miguel,Metropolitana,530000,15.14,48.8,2023-04-27 00:00:00.000000,2023-05-29 00:00:00.000000,departamento,ARRIENDO,agency
PI-2023-05-001980,portalinmobiliario,Santiago,Metropolitana,695000,19.86,55.1,2023-05-13 00:00:00.000000,2023-05-15 00:00:00.000000,DEPARTAMENTO,arriendo,agency
PI-2023-05-001870,portalinmobiliario,Maipú,Metropolitana,485000,13.86,57.6,2023-05-07 00:00:00.000000,2023-05-15 00:00:00.000000,Departamento,Arriendo,owner_direct
PI-2023-05-003393,portalinmobiliario,Las Condes,Metropolitana,940000,26.86,43.3,2023-04-30 00:00:00.000000,2023-05-22 00:00:00.000000,DEPARTAMENTO,ARRIENDO,agency
PI-2023-05-004309,portalinmobiliario,Estación Central,Metropolitana,475000,13.57,41.4,2023-03-21 00:00:00.000000,2023-05-29 00:00:00.000000,DEPARTAMENTO,arriendo,owner_direct
PI-2023-05-002537,portalinmobiliario,Santiago,Metropolitana,865000,24.71,73.3,2023-04-29 00:00:00.000000,2023-05-15 00:00:00.000000,DEPARTAMENTO,Arriendo,agency
PI-2023-05-001007,portalinmobiliario,Lo Barnechea,Metropolitana,705000,20.14,37.2,2023-03-25 00:00:00.000000,2023-05-08 00:00:00.000000,DEPARTAMENTO,arriendo,owner_direct
PI-2023-05-003099,portalinmobiliario,Santiago,Metropolitana,760000,21.71,84.9,2023-04-16 00:00:00.000000,2023-05-22 00:00:00.000000,departamento,arriendo,owner_direct
PI-2023-05-004458,portalinmobiliario,Maipú,Metropolitana,720000,20.57,83.6,2023-05-09 00:00:00.000000,2023-05-29 00:00:00.000000,departamento,arriendo,owner_direct
PI-2023-05-003514,portalinmobiliario,Las Condes,Metropolitana,655000,18.71,26.9,2023-04-25 00:00:00.000000,2023-05-22 00:00:00.000000,Departamento,arriendo,agency
PI-2023-05-003970,portalinmobiliario,Peñalolén,Metropolitana,840000,24.0,88.1,2023-05-08 00:00:00.000000,2023-05-29 00:00:00.000000,DEPARTAMENTO,arriendo,agency
PI-2023-05-001856,portalinmobiliario,Providencia,Metropolitana,695000,19.86,39.6,2023-04-12 00:00:00.000000,2023-05-15 00:00:00.000000,DEPARTAMENTO,ARRIENDO,agency
PI-2023-05-004305,portalinmobiliario,Puente Alto,Metropolitana,390000,11.14,35.7,2023-05-28 00:00:00.000000,2023-05-29 00:00:00.000000,departamento,Arriendo,agency
PI-2023-05-004712,portalinmobiliario,Quinta Normal,Metropolitana,365000,10.43,37.9,2022-12-07 00:00:00.000000,2023-05-29 00:00:00.000000,DEPARTAMENTO,ARRIENDO,agency
PI-2023-05-001773,portalinmobiliario,SANTIAGO,Metropolitana,530000,15.14,52.5,2023-05-12 00:00:00.000000,2023-05-15 00:00:00.000000,Departamento,arriendo,agency
PI-2023-05-003751,portalinmobiliario,Maipú,Metropolitana,430000,12.29,47.9,2023-04-23 00:00:00.000000,2023-05-22 00:00:00.000000,departamento,Arriendo,owner_direct
PI-2023-05-004133,portalinmobiliario,La Florida,Metropolitana,530000,15.14,47.9,2023-04-29 00:00:00.000000,2023-05-29 00:00:00.000000,departamento,Arriendo,owner_direct
PI-2023-05-002394,portalinmobiliario,Peñalolén,Metropolitana,475000,13.57,34.0,2023-04-24 00:00:00.000000,2023-05-15 00:00:00.000000,departamento,arriendo,owner_direct
PI-2023-05-002520,portalinmobiliario,Ñuñoa,Metropolitana,700000,20.0,44.7,2023-03-31 00:00:00.000000,2023-05-15 00:00:00.000000,DEPARTAMENTO,arriendo,agency
PI-2023-05-001616,portalinmobiliario,Lo Barnechea,Metropolitana,675000,19.29,29.3,2023-04-28 00:00:00.000000,2023-05-08 00:00:00.000000,departamento,arriendo,owner_direct
PI-2023-05-003837,portalinmobiliario,Providencia,Metropolitana,1010000,28.86,65.3,2023-05-05 00:00:00.000000,2023-05-29 00:00:00.000000,DEPARTAMENTO,ARRIENDO,agency
PI-2023-05-003346,portalinmobiliario,Santiago,Metropolitana,625000,17.86,61.3,2023-04-19 00:00:00.000000,2023-05-22 00:00:00.000000,Departamento,Arriendo,owner_direct
PI-2023-05-001191,portalinmobiliario,Estación Central,Metropolitana,450000,12.86,41.3,2023-04-01 00:00:00.000000,2023-05-08 00:00:00.000000,departamento,ARRIENDO,owner_direct
PI-2023-05-001339,portalinmobiliario,Pudahuel,Metropolitana,580000,16.57,64.3,2023-05-01 00:00:00.000000,2023-05-08 00:00:00.000000,DEPARTAMENTO,arriendo,agency
PI-2023-05-004435,portalinmobiliario,Maipú,Metropolitana,435000,12.43,41.1,2023-05-15 00:00:00.000000,2023-05-29 00:00:00.000000,Departamento,Arriendo,owner_direct
PI-2023-05-002963,portalinmobiliario,Santiago,Metropolitana,455000,13.0,25.7,2023-05-14 00:00:00.000000,2023-05-22 00:00:00.000000,DEPARTAMENTO,Arriendo,agency
PI-2023-05-001943,portalinmobiliario,Quilicura,Metropolitana,930000,26.57,148.1,2023-03-30 00:00:00.000000,2023-05-15 00:00:00.000000,departamento,arriendo,agency
PI-2023-05-004879,portalinmobiliario,Ñuñoa,Metropolitana,1190000,34.0,101.3,2023-04-05 00:00:00.000000,2023-05-29 00:00:00.000000,departamento,arriendo,agency
PI-2023-05-003183,portalinmobiliario,Providencia,Metropolitana,965000,27.57,45.6,2023-05-18 00:00:00.000000,2023-05-22 00:00:00.000000,DEPARTAMENTO,ARRIENDO,owner_direct
PI-2023-05-001445,portalinmobiliario,Macul,Metropolitana,755000,21.57,71.6,2023-04-28 00:00:00.000000,2023-05-08 00:00:00.000000,DEPARTAMENTO,Arriendo,agency
PI-2023-05-003061,portalinmobiliario,Conchalí,Metropolitana,410000,11.71,40.2,2023-05-04 00:00:00.000000,2023-05-22 00:00:00.000000,Departamento,ARRIENDO,owner_direct
PI-2023-05-000009,portalinmobiliario,Macul,Metropolitana,540000,15.43,40.7,2023-03-25 00:00:00.000000,2023-05-01 00:00:00.000000,Departamento,Arriendo,agency
PI-2023-05-000954,portalinmobiliario,Renca,Metropolitana,725000,20.71,98.9,2023-04-02 00:00:00.000000,2023-05-08 00:00:00.000000,departamento,ARRIENDO,agency
PI-2023-05-001393,portalinmobiliario,Las Condes,Metropolitana,1335000,38.14,69.2,2023-04-24 00:00:00.000000,2023-05-08 00:00:00.000000,departamento,arriendo,owner_direct
PI-2023-05-003752,portalinmobiliario,Las Condes,Metropolitana,740000,21.14,28.3,2023-04-18 00:00:00.000000,2023-05-22 00:00:00.000000,DEPARTAMENTO,ARRIENDO,owner_direct
PI-2023-05-002851,portalinmobiliario,san joaquín,Metropolitana,820000,23.43,89.2,2023-05-11 00:00:00.000000,2023-05-22 00:00:00.000000,DEPARTAMENTO,arriendo,owner_direct
PI-2023-05-003845,portalinmobiliario,Quilicura,Metropolitana,330000,9.43,37.2,2022-11-28 00:00:00.000000,2023-05-29 00:00:00.000000,departamento,Arriendo,agency
PI-2023-05-004531,portalinmobiliario,Lo Barnechea,Metropolitana,710000,20.29,38.8,2023-05-12 00:00:00.000000,2023-05-29 00:00:00.000000,DEPARTAMENTO,ARRIENDO,owner_direct
PI-2023-05-004718,portalinmobiliario,La Cisterna ,Metropolitana,480000,13.71,38.9,2023-05-02 00:00:00.000000,2023-05-29 00:00:00.000000,DEPARTAMENTO,Arriendo,agency
PI-2023-05-004422,portalinmobiliario,Estación Central,Metropolitana,445000,12.71,37.1,2023-04-10 00:00:00.000000,2023-05-29 00:00:00.000000,departamento,Arriendo,agency
PI-2023-05-003502,portalinmobiliario,Quinta Normal,Metropolitana,355000,10.14,35.7,2023-04-26 00:00:00.000000,2023-05-22 00:00:00.000000,DEPARTAMENTO,arriendo,agency
PI-2023-05-002201,portalinmobiliario,Recoleta,Metropolitana,540000,15.43,49.6,2023-04-10 00:00:00.000000,2023-05-15 00:00:00.000000,Departamento,arriendo,owner_direct
PI-2023-05-004199,portalinmobiliario,Estación Central,Metropolitana,470000,13.43,49.0,2023-04-25 00:00:00.000000,2023-05-29 00:00:00.000000,Departamento,arriendo,owner_direct
PI-2023-05-003231,portalinmobiliario,Las Condes,Metropolitana,1455000,41.57,77.1,2023-05-05 00:00:00.000000,2023-05-22 00:00:00.000000,Departamento,ARRIENDO,agency
PI-2023-05-003532,portalinmobiliario,Ñuñoa,Metropolitana,610000,17.43,33.7,2023-05-08 00:00:00.000000,2023-05-22 00:00:00.000000,Departamento,arriendo,owner_direct
PI-2023-05-000600,portalinmobiliario,Huechuraba,Metropolitana,640000,18.29,53.2,2023-04-26 00:00:00.000000,2023-05-01 00:00:00.000000,DEPARTAMENTO,ARRIENDO,agency
PI-2023-05-004622,portalinmobiliario,Quilicura,Metropolitana,625000,17.86,69.4,2023-05-02 00:00:00.000000,2023-05-29 00:00:00.000000,DEPARTAMENTO,Arriendo,agency
PI-2023-05-004482,portalinmobiliario,Pudahuel,Metropolitana,465000,13.29,47.4,2023-05-06 00:00:00.000000,2023-05-29 00:00:00.000000,departamento,ARRIENDO,owner_direct
PI-2023-05-001484,portalinmobiliario,Maipú,Metropolitana,525000,15.0,46.2,2023-04-07 00:00:00.000000,2023-05-08 00:00:00.000000,departamento,arriendo,agency
PI-2023-05-004230,portalinmobiliario,Maipú,Metropolitana,910000,26.0,118.9,2022-12-26 00:00:00.000000,2023-05-29 00:00:00.000000,DEPARTAMENTO,arriendo,owner_direct
PI-2023-05-000988,portalinmobiliario,Huechuraba,Metropolitana,535000,15.29,38.6,2023-04-11 00:00:00.000000,2023-05-08 00:00:00.000000,Departamento,Arriendo,agency
PI-2023-05-004082,portalinmobiliario,La Reina,Metropolitana,680000,19.43,46.6,2023-05-09 00:00:00.000000,2023-05-29 00:00:00.000000,departamento,Arriendo,owner_direct
PI-2023-05-004161,portalinmobiliario,Santiago,Metropolitana,945000,27.0,68.7,2023-05-08 00:00:00.000000,2023-05-29 00:00:00.000000,DEPARTAMENTO,arriendo,agency
PI-2023-05-003485,portalinmobiliario,Recoleta,Metropolitana,760000,21.71,98.9,2023-05-06 00:00:00.000000,2023-05-22 00:00:00.000000,departamento,Arriendo,agency
PI-2023-05-002642,portalinmobiliario,La Reina,Metropolitana,895000,25.57,66.1,2023-03-18 00:00:00.000000,2023-05-15 00:00:00.000000,departamento,arriendo,agency
PI-2023-05-003382,portalinmobiliario,Providencia,Metropolitana,915000,26.14,54.0,2023-05-08 00:00:00.000000,2023-05-22 00:00:00.000000,Departamento,arriendo,agency
PI-2023-05-003862,portalinmobiliario,La Florida,Metropolitana,570000,16.29,61.2,2023-05-09 00:00:00.000000,2023-05-29 00:00:00.000000,departamento,Arriendo,owner_direct
PI-2023-05-001341,portalinmobiliario,Las Condes,Metropolitana,1070000,30.57,77.2,2022-10-19 00:00:00.000000,2023-05-08 00:00:00.000000,DEPARTAMENTO,Arriendo,agency
PI-2023-05-003184,portalinmobiliario,Macul,Metropolitana,420000,12.0,30.2,2023-04-13 00:00:00.000000,2023-05-22 00:00:00.000000,Departamento,Arriendo,owner_direct
PI-2023-05-000451,portalinmobiliario,Santiago,Metropolitana,665000,19.0,49.3,2023-04-21 00:00:00.000000,2023-05-01 00:00:00.000000,departamento,ARRIENDO,owner_direct
PI-2023-05-002739,portalinmobiliario,Santiago,Metropolitana,575000,16.43,43.5,2023-05-09 00:00:00.000000,2023-05-15 00:00:00.000000,departamento,ARRIENDO,agency
PI-2023-05-002239,portalinmobiliario,Ñuñoa,Metropolitana,630000,18.0,48.9,2023-04-21 00:00:00.000000,2023-05-15 00:00:00.000000,departamento,arriendo,agency
PI-2023-05-001372,portalinmobiliario,La Florida,Metropolitana,795000,22.71,72.3,2023-04-14 00:00:00.000000,2023-05-08 00:00:00.000000,departamento,Arriendo,agency
PI-2023-05-003742,portalinmobiliario,Renca,Metropolitana,440000,12.57,59.5,2023-04-01 00:00:00.000000,2023-05-22 00:00:00.000000,departamento,Arriendo,owner_direct
PI-2023-05-004308,portalinmobiliario,San Miguel,Metropolitana,500000,14.29,37.5,2023-05-07 00:00:00.000000,2023-05-29 00:00:00.000000,departamento,ARRIENDO,agency
PI-2023-05-002151,portalinmobiliario,Macul ,Metropolitana,685000,19.57,73.2,2023-04-30 00:00:00.000000,2023-05-15 00:00:00.000000,Departamento,Arriendo,agency
PI-2023-05-001097,portalinmobiliario,Providencia,Metropolitana,900000,25.71,60.1,2023-04-18 00:00:00.000000,2023-05-08 00:00:00.000000,departamento,ARRIENDO,owner_direct
PI-2023-05-003258,portalinmobiliario,La Reina,Metropolitana,615000,17.57,35.9,2023-04-12 00:00:00.000000,2023-05-22 00:00:00.000000,DEPARTAMENTO,Arriendo,agency
PI-2023-05-003721,portalinmobiliario,Quinta Normal,Metropolitana,460000,13.14,44.0,2023-04-16 00:00:00.000000,2023-05-22 00:00:00.000000,departamento,ARRIENDO,owner_direct
PI-2023-05-003517,portalinmobiliario,Peñalolén,Metropolitana,630000,18.0,55.4,2023-05-05 00:00:00.000000,2023-05-22 00:00:00.000000,departamento,arriendo,agency
PI-2023-05-002776,portalinmobiliario,Quinta Normal,Metropolitana,500000,14.29,52.7,2023-05-11 00:00:00.000000,2023-05-22 00:00:00.000000,DEPARTAMENTO,Arriendo,owner_direct
PI-2023-05-003758,portalinmobiliario,La Florida,Metropolitana,630000,18.0,59.4,2022-12-02 00:00:00.000000,2023-05-22 00:00:00.000000,DEPARTAMENTO,ARRIENDO,agency
PI-2023-05-004378,portalinmobiliario,San Miguel,Metropolitana,1030000,29.43,116.5,2023-05-15 00:00:00.000000,2023-05-29 00:00:00.000000,DEPARTAMENTO,ARRIENDO,owner_direct
PI-2023-05-003171,portalinmobiliario,Las Condes,Metropolitana,1405000,40.14,77.3,2023-01-26 00:00:00.000000,2023-05-22 00:00:00.000000,Departamento,ARRIENDO,agency
PI-2023-05-003185,portalinmobiliario,Recoleta,Metropolitana,415000,11.86,35.3,2023-05-03 00:00:00.000000,2023-05-22 00:00:00.000000,DEPARTAMENTO,arriendo,owner_direct
PI-2023-05-003602,portalinmobiliario,Peñalolén,Metropolitana,535000,15.29,46.6,2023-01-11 00:00:00.000000,2023-05-22 00:00:00.000000,DEPARTAMENTO,ARRIENDO,owner_direct
PI-2023-05-001850,portalinmobiliario,Quilicura,Metropolitana,410000,11.71,52.5,2023-05-03 00:00:00.000000,2023-05-15 00:00:00.000000,Departamento,ARRIENDO,agency
PI-2023-05-001668,portalinmobiliario,Santiago,Metropolitana,700000,20.0,64.7,2023-05-03 00:00:00.000000,2023-05-08 00:00:00.000000,departamento,Arriendo,agency
PI-2023-05-000533,portalinmobiliario,Ñuñoa,Metropolitana,6405000,183.0,44.8,2023-04-08 00:00:00.000000,2023-05-01 00:00:00.000000,DEPARTAMENTO,Arriendo,owner_direct
PI-2023-05-003587,portalinmobiliario,San Joaquín,Metropolitana,440000,12.57,53.2,2023-04-30 00:00:00.000000,2023-05-22 00:00:00.000000,DEPARTAMENTO,ARRIENDO,agency
PI-2023-05-003842,portalinmobiliario,Santiago,Metropolitana,540000,15.43,52.9,2023-05-11 00:00:00.000000,2023-05-29 00:00:00.000000,Departamento,ARRIENDO,owner_direct
PI-2023-05-003047,portalinmobiliario,Puente Alto,Metropolitana,665000,19.0,109.4,2023-04-23 00:00:00.000000,2023-05-22 00:00:00.000000,departamento,arriendo,agency
PI-2023-05-001075,portalinmobiliario,San Miguel,Metropolitana,815000,23.29,81.1,2023-04-24 00:00:00.000000,2023-05-08 00:00:00.000000,Departamento,Arriendo,agency
PI-2023-05-002854,portalinmobiliario,San Miguel,Metropolitana,6875000,196.43,1200.0,2023-05-09 00:00:00.000000,2023-05-22 00:00:00.000000,departamento,ARRIENDO,owner_direct
PI-2023-05-003819,portalinmobiliario,Santiago,Metropolitana,710000,20.29,55.2,2023-05-20 00:00:00.000000,2023-05-29 00:00:00.000000,Departamento,ARRIENDO,owner_direct
PI-2023-05-002588,portalinmobiliario,Estación Central,Metropolitana,490000,14.0,46.6,2023-05-11 00:00:00.000000,2023-05-15 00:00:00.000000,Departamento,arriendo,agency
PI-2023-05-001982,portalinmobiliario,Ñuñoa,Metropolitana,760000,21.71,41.9,2023-04-30 00:00:00.000000,2023-05-15 00:00:00.000000,Departamento,ARRIENDO,owner_direct
PI-2023-05-004172,portalinmobiliario, La Florida,Metropolitana,450000,12.86,48.8,2023-05-15 00:00:00.000000,2023-05-29 00:00:00.000000,Departamento,ARRIENDO,agency
PI-2023-05-000522,portalinmobiliario,Macul,Metropolitana,380000,10.86,24.0,2023-04-26 00:00:00.000000,2023-05-01 00:00:00.000000,Departamento,ARRIENDO,agency
PI-2023-05-002395,portalinmobiliario,Pudahuel,Metropolitana,360000,10.29,47.3,2023-03-24 00:00:00.000000,2023-05-15 00:00:00.000000,Departamento,Arriendo,owner_direct
PI-2023-05-002693,portalinmobiliario,Las Condes,Metropolitana,945000,27.0,52.7,2023-05-02 00:00:00.000000,2023-05-15 00:00:00.000000,DEPARTAMENTO,arriendo,owner_direct
PI-2023-05-004755,portalinmobiliario,Estación Central,Metropolitana,655000,18.71,73.3,2023-04-14 00:00:00.000000,2023-05-29 00:00:00.000000,Departamento,ARRIENDO,agency
PI-2023-05-002928,portalinmobiliario,Pudahuel,Metropolitana,360000,10.29,38.2,2023-04-11 00:00:00.000000,2023-05-22 00:00:00.000000,departamento,arriendo,agency
PI-2023-05-004549,portalinmobiliario,Conchalí,Metropolitana,435000,12.43,46.1,2022-12-12 00:00:00.000000,2023-05-29 00:00:00.000000,Departamento,ARRIENDO,agency
PI-2023-05-000607,portalinmobiliario,La Florida,Metropolitana,685000,19.57,62.8,2023-04-13 00:00:00.000000,2023-05-01 00:00:00.000000,DEPARTAMENTO,Arriendo,owner_direct
PI-2023-05-004845,portalinmobiliario,Las Condes,Metropolitana,1120000,32.0,56.3,2023-04-04 00:00:00.000000,2023-05-29 00:00:00.000000,departamento,ARRIENDO,agency
PI-2023-05-003065,portalinmobiliario,Santiago,Metropolitana,655000,18.71,59.4,2023-05-18 00:00:00.000000,2023-05-22 00:00:00.000000,departamento,arriendo,owner_direct
PI-2023-05-000506,portalinmobiliario,Santiago,Metropolitana,625000,17.86,61.6,2023-02-25 00:00:00.000000,2023-05-01 00:00:00.000000,departamento,arriendo,owner_direct
PI-2023-05-002076,portalinmobiliario,San Miguel,Metropolitana,495000,14.14,43.5,2023-03-19 00:00:00.000000,2023-05-15 00:00:00.000000,Departamento,arriendo,owner_direct
PI-2023-05-004244,portalinmobiliario,Providencia,Metropolitana,800000,22.86,27.5,2023-05-18 00:00:00.000000,2023-05-29 00:00:00.000000,DEPARTAMENTO,ARRIENDO,owner_direct
PI-2023-05-003736,portalinmobiliario,La Florida,Metropolitana,375000,10.71,24.7,2023-04-30 00:00:00.000000,2023-05-22 00:00:00.000000,DEPARTAMENTO,ARRIENDO,owner_direct
PI-2023-05-000414,portalinmobiliario,San Joaquín,Metropolitana,750000,21.43,84.7,2023-04-19 00:00:00.000000,2023-05-01 00:00:00.000000,departamento,ARRIENDO,agency
PI-2023-05-000574,portalinmobiliario,La Florida,Metropolitana,505000,14.43,44.5,2023-04-12 00:00:00.000000,2023-05-01 00:00:00.000000,departamento,ARRIENDO,owner_direct
PI-2023-05-000802,portalinmobiliario,Las Condes,Metropolitana,790000,22.57,33.3,2023-04-12 00:00:00.000000,2023-05-01 00:00:00.000000,Departamento,Arriendo,agency
PI-2023-05-001902,portalinmobiliario, Santiago,Metropolitana,1295000,37.0,151.1,2023-04-16 00:00:00.000000,2023-05-15 00:00:00.000000,departamento,arriendo,agency
PI-2023-05-004709,portalinmobiliario,Macul,Metropolitana,535000,15.29,42.5,2023-04-25 00:00:00.000000,2023-05-29 00:00:00.000000,DEPARTAMENTO,arriendo,agency
PI-2023-05-003920,portalinmobiliario,La Florida,Metropolitana,590000,16.86,62.8,2023-05-17 00:00:00.000000,2023-05-29 00:00:00.000000,departamento,arriendo,agency
PI-2023-05-002892,portalinmobiliario,Santiago,Metropolitana,595000,17.0,38.1,2023-04-16 00:00:00.000000,2023-05-22 00:00:00.000000,Departamento,arriendo,owner_direct
PI-2023-05-000961,portalinmobiliario,La Reina,Metropolitana,655000,18.71,28.4,2023-05-05 00:00:00.000000,2023-05-08 00:00:00.000000,Departamento,ARRIENDO,agency
PI-2023-05-002750,portalinmobiliario,Puente Alto,Metropolitana,510000,14.57,57.2,2023-04-21 00:00:00.000000,2023-05-22 00:00:00.000000,departamento,ARRIENDO,agency
PI-2023-05-004153,portalinmobiliario,Las Condes,Metropolitana,1665000,47.57,115.7,2023-05-10 00:00:00.000000,2023-05-29 00:00:00.000000,Departamento,Arriendo,agency
PI-2023-05-004779,portalinmobiliario,Estación Central,Metropolitana,440000,12.57,34.6,2023-05-22 00:00:00.000000,2023-05-29 00:00:00.000000,departamento,ARRIENDO,owner_direct
PI-2023-05-000699,portalinmobiliario,La Florida,Metropolitana,545000,15.57,50.7,2022-09-24 00:00:00.000000,2023-05-01 00:00:00.000000,DEPARTAMENTO,ARRIENDO,agency
PI-2023-05-004786,portalinmobiliario,Estación Central,Metropolitana,335000,9.57,31.5,2023-05-13 00:00:00.000000,2023-05-29 00:00:00.000000,Departamento,Arriendo,agency
PI-2023-05-001587,portalinmobiliario,Conchalí,Metropolitana,400000,11.43,41.2,2023-04-30 00:00:00.000000,2023-05-08 00:00:00.000000,DEPARTAMENTO,ARRIENDO,owner_direct
PI-2023-05-001711,portalinmobiliario,Santiago,Metropolitana,860000,24.57,92.0,2023-02-15 00:00:00.000000,2023-05-08 00:00:00.000000,DEPARTAMENTO,arriendo,agency
PI-2023-05-002951,portalinmobiliario,La Florida,Metropolitana,415000,11.86,23.5,2023-05-10 00:00:00.000000,2023-05-22 00:00:00.000000,DEPARTAMENTO,arriendo,agency
PI-2023-05-000315,portalinmobiliario,Santiago,Metropolitana,515000,14.71,51.8,2022-10-13 00:00:00.000000,2023-05-01 00:00:00.000000,Departamento,ARRIENDO,owner_direct
PI-2023-05-001555,portalinmobiliario,Providencia,Metropolitana,955000,27.29,54.2,2023-01-10 00:00:00.000000,2023-05-08 00:00:00.000000,Departamento,Arriendo,owner_direct
PI-2023-05-002423,portalinmobiliario,Las Condes,Metropolitana,840000,24.0,48.7,2023-04-27 00:00:00.000000,2023-05-15 00:00:00.000000,DEPARTAMENTO,ARRIENDO,agency
PI-2023-05-000359,portalinmobiliario,Las Condes,Metropolitana,1235000,35.29,60.9,2023-03-28 00:00:00.000000,2023-05-01 00:00:00.000000,Departamento,Arriendo,agency
PI-2023-05-001039,portalinmobiliario,Estación Central,Metropolitana,440000,12.57,56.3,2023-04-30 00:00:00.000000,2023-05-08 00:00:00.000000,DEPARTAMENTO,ARRIENDO,owner_direct
PI-2023-05-003544,portalinmobiliario,Estación Central,Metropolitana,1795000,51.29,250.0,2023-05-19 00:00:00.000000,2023-05-22 00:00:00.000000,Departamento,Arriendo,owner_direct
PI-2023-05-002581,portalinmobiliario,Maipú,Metropolitana,820000,23.43,107.5,2023-04-29 00:00:00.000000,2023-05-15 00:00:00.000000,Departamento,Arriendo,owner_direct
PI-2023-05-000535,portalinmobiliario,Pudahuel,Metropolitana,385000,11.0,41.0,2023-04-26 00:00:00.000000,2023-05-01 00:00:00.000000,Departamento,arriendo,agency
PI-2023-05-000329,portalinmobiliario,Santiago,Metropolitana,505000,14.43,31.5,2023-03-07 00:00:00.000000,2023-05-01 00:00:00.000000,Departamento,ARRIENDO,agency
PI-2023-05-001306,portalinmobiliario,Peñalolén,Metropolitana,570000,16.29,38.9,2023-04-29 00:00:00.000000,2023-05-08 00:00:00.000000,departamento,arriendo,owner_direct
PI-2023-05-000120,portalinmobiliario,Providencia,Metropolitana,1210000,34.57,67.0,2023-04-09 00:00:00.000000,2023-05-01 00:00:00.000000,Departamento,Arriendo,owner_direct
PI-2023-05-000470,portalinmobiliario,Macul,Metropolitana,750000,21.43,67.7,2023-03-31 00:00:00.000000,2023-05-01 00:00:00.000000,DEPARTAMENTO,Arriendo,agency
PI-2023-05-002055,portalinmobiliario,Huechuraba,Metropolitana,615000,17.57,47.8,2023-04-20 00:00:00.000000,2023-05-15 00:00:00.000000,departamento,Arriendo,owner_direct
PI-2023-05-001069,portalinmobiliario,Vitacura,Metropolitana,1175000,33.57,69.6,2023-04-14 00:00:00.000000,2023-05-08 00:00:00.000000,Departamento,arriendo,agency
PI-2023-05-002044,portalinmobiliario,La Florida,Metropolitana,525000,15.0,51.7,2023-01-03 00:00:00.000000,2023-05-15 00:00:00.000000,DEPARTAMENTO,Arriendo,agency
PI-2023-05-002798,portalinmobiliario,La Reina,Metropolitana,895000,25.57,61.6,2023-04-24 00:00:00.000000,2023-05-22 00:00:00.000000,DEPARTAMENTO,arriendo,owner_direct
PI-2023-05-000925,portalinmobiliario,La Florida,Metropolitana,550000,15.71,48.4,2023-04-01 00:00:00.000000,2023-05-08 00:00:00.000000,departamento,ARRIENDO,owner_direct
PI-2023-05-003151,portalinmobiliario,Lo Barnechea,Metropolitana,1010000,28.86,72.0,2023-04-21 00:00:00.000000,2023-05-22 00:00:00.000000,DEPARTAMENTO,arriendo,agency
PI-2023-05-003546,portalinmobiliario,La Reina,Metropolitana,1125000,32.14,78.1,2023-04-15 00:00:00.000000,2023-05-22 00:00:00.000000,Departamento,Arriendo,agency
PI-2023-05-001511,portalinmobiliario,Pudahuel,Metropolitana,2325000,66.43,400.0,2023-05-01 00:00:00.000000,2023-05-08 00:00:00.000000,departamento,arriendo,agency
PI-2023-05-002034,portalinmobiliario,Ñuñoa,Metropolitana,740000,21.14,56.6,2023-04-28 00:00:00.000000,2023-05-15 00:00:00.000000,departamento,ARRIENDO,owner_direct
PI-2023-05-003329,portalinmobiliario,La Florida,Metropolitana,455000,13.0,44.2,2023-04-29 00:00:00.000000,2023-05-22 00:00:00.000000,departamento,Arriendo,agency
PI-2023-05-004011,portalinmobiliario,La Florida,Metropolitana,625000,17.86,54.6,2023-05-17 00:00:00.000000,2023-05-29 00:00:00.000000,Departamento,arriendo,agency
PI-2023-05-000983,portalinmobiliario,La Reina,Metropolitana,720000,20.57,34.5,2023-04-19 00:00:00.000000,2023-05-08 00:00:00.000000,Departamento,arriendo,agency
PI-2023-05-003590,portalinmobiliario,Renca,Metropolitana,410000,11.71,44.5,2023-05-12 00:00:00.000000,2023-05-22 00:00:00.000000,departamento,Arriendo,agency
PI-2023-05-001179,portalinmobiliario,La Florida,Metropolitana,955000,27.29,113.3,2022-11-07 00:00:00.000000,2023-05-08 00:00:00.000000,Departamento,Arriendo,agency
PI-2023-05-002947,portalinmobiliario,San Joaquín,Metropolitana,1085000,31.0,144.8,2023-04-13 00:00:00.000000,2023-05-22 00:00:00.000000,DEPARTAMENTO,ARRIENDO,owner_direct
PI-2023-05-002657,portalinmobiliario,San Miguel,Metropolitana,645000,18.43,52.6,2023-04-18 00:00:00.000000,2023-05-15 00:00:00.000000,Departamento,arriendo,agency
PI-2023-05-000199,portalinmobiliario,San Miguel,Metropolitana,935000,26.71,115.9,2023-04-10 00:00:00.000000,2023-05-01 00:00:00.000000,departamento,ARRIENDO,agency
PI-2023-05-004867,portalinmobiliario,Las Condes,Metropolitana,840000,24.0,47.9,2022-10-21 00:00:00.000000,2023-05-29 00:00:00.000000,DEPARTAMENTO,arriendo,owner_direct
PI-2023-05-000447,portalinmobiliario,Quilicura,Metropolitana,600000,17.14,59.2,2023-04-26 00:00:00.000000,2023-05-01 00:00:00.000000,DEPARTAMENTO,ARRIENDO,agency
PI-2023-05-000930,portalinmobiliario,Estación Central,Metropolitana,360000,10.29,29.3,2023-04-05 00:00:00.000000,2023-05-08 00:00:00.000000,DEPARTAMENTO,Arriendo,owner_direct
PI-2023-05-003145,portalinmobiliario,Independencia,Metropolitana,710000,20.29,64.4,2023-05-06 00:00:00.000000,2023-05-22 00:00:00.000000,DEPARTAMENTO,arriendo,owner_direct
PI-2023-05-002166,portalinmobiliario,Maipú,Metropolitana,565000,16.14,61.2,2023-04-18 00:00:00.000000,2023-05-15 00:00:00.000000,departamento,arriendo,owner_direct
PI-2023-05-001177,portalinmobiliario,Ñuñoa,Metropolitana,685000,19.57,49.7,2023-04-08 00:00:00.000000,2023-05-08 00:00:00.000000,departamento,Arriendo,owner_direct
PI-2023-05-000143,portalinmobiliario,San Miguel,Metropolitana,410000,11.71,27.3,2023-04-10 00:00:00.000000,2023-05-01 00:00:00.000000,departamento,Arriendo,agency
PI-2023-05-004510,portalinmobiliario,Cerrillos,Metropolitana,460000,13.14,39.7,2023-05-11 00:00:00.000000,2023-05-29 00:00:00.000000,DEPARTAMENTO,arriendo,owner_direct
PI-2023-05-001542,portalinmobiliario,San Joaquín,Metropolitana,400000,11.43,28.3,2023-05-05 00:00:00.000000,2023-05-08 00:00:00.000000,departamento,arriendo,agency
PI-2023-05-003677,portalinmobiliario,San Miguel,Metropolitana,825000,23.57,86.2,2023-04-29 00:00:00.000000,2023-05-22 00:00:00.000000,departamento,ARRIENDO,agency
PI-2023-05-001045,portalinmobiliario,Lo Barnechea ,Metropolitana,685000,19.57,30.5,2022-12-05 00:00:00.000000,2023-05-08 00:00:00.000000,Departamento,Arriendo,owner_direct
PI-2023-05-002126,portalinmobiliario,La Florida,Metropolitana,510000,14.57,34.7,2023-01-01 00:00:00.000000,2023-05-15 00:00:00.000000,DEPARTAMENTO,Arriendo,owner_direct
PI-2023-05-002294,portalinmobiliario,Ñuñoa,Metropolitana,505000,14.43,23.9,2023-04-10 00:00:00.000000,2023-05-15 00:00:00.000000,departamento,ARRIENDO,owner_direct
PI-2023-05-001814,portalinmobiliario,Macul,Metropolitana,790000,22.57,78.4,2023-04-26 00:00:00.000000,2023-05-15 00:00:00.000000,DEPARTAMENTO,arriendo,owner_direct
PI-2023-05-003618,portalinmobiliario,Independencia,Metropolitana,655000,18.71,67.2,2023-04-18 00:00:00.000000,2023-05-22 00:00:00.000000,Departamento,ARRIENDO,owner_direct
PI-2023-05-001816,portalinmobiliario, Ñuñoa,Metropolitana,650000,18.57,41.2,2023-04-29 00:00:00.000000,2023-05-15 00:00:00.000000,Departamento,arriendo,agency
PI-2023-05-000056,portalinmobiliario,Independencia,Metropolitana,955000,27.29,131.1,2023-04-18 00:00:00.000000,2023-05-01 00:00:00.000000,Departamento,Arriendo,agency
PI-2023-05-003077,portalinmobiliario,Ñuñoa,Metropolitana,880000,25.14,68.9,2023-03-09 00:00:00.000000,2023-05-22 00:00:00.000000,Departamento,ARRIENDO,agency
PI-2023-05-002904,portalinmobiliario,Lo Barnechea ,Metropolitana,715000,20.43,44.7,2023-05-17 00:00:00.000000,2023-05-22 00:00:00.000000,Departamento,ARRIENDO,owner_direct
PI-2023-05-004703,portalinmobiliario,Ñuñoa,Metropolitana,690000,19.71,52.7,2023-05-08 00:00:00.000000,2023-05-29 00:00:00.000000,Departamento,arriendo,agency
PI-2023-05-004406,portalinmobiliario,Quinta Normal,Metropolitana,510000,14.57,47.5,2023-05-14 00:00:00.000000,2023-05-29 00:00:00.000000,DEPARTAMENTO,Arriendo,agency
PI-2023-05-002412,portalinmobiliario,Conchalí,Metropolitana,435000,12.43,42.5,2023-04-12 00:00:00.000000,2023-05-15 00:00:00.000000,DEPARTAMENTO,ARRIENDO,owner_direct
PI-2023-05-001885,portalinmobiliario,maipú,Metropolitana,440000,12.57,41.7,2023-05-05 00:00:00.000000,2023-05-15 00:00:00.000000,departamento,Arriendo,agency
PI-2023-05-001037,portalinmobiliario,Las Condes,Metropolitana,1330000,38.0,90.3,2023-03-27 00:00:00.000000,2023-05-08 00:00:00.000000,DEPARTAMENTO,Arriendo,owner_direct
PI-2023-05-002696,portalinmobiliario,Estación Central,Metropolitana,510000,14.57,57.7,2023-04-29 00:00:00.000000,2023-05-15 00:00:00.000000,Departamento,Arriendo,owner_direct
PI-2023-05-003221,portalinmobiliario,Puente Alto,Metropolitana,440000,12.57,52.4,2023-04-25 00:00:00.000000,2023-05-22 00:00:00.000000,DEPARTAMENTO,ARRIENDO,agency
PI-2023-05-000513,portalinmobiliario,Peñalolén,Metropolitana,480000,13.71,43.9,2023-04-15 00:00:00.000000,2023-05-01 00:00:00.000000,departamento,ARRIENDO,owner_direct
PI-2023-05-002160,portalinmobiliario,Providencia,Metropolitana,790000,22.57,49.2,2023-03-17 00:00:00.000000,2023-05-15 00:00:00.000000,DEPARTAMENTO,Arriendo,agency
PI-2023-05-000848,portalinmobiliario,Huechuraba,Metropolitana,1165000,33.29,135.1,2023-04-28 00:00:00.000000,2023-05-08 00:00:00.000000,Departamento,ARRIENDO,agency
PI-2023-05-002238,portalinmobiliario,Puente Alto,Metropolitana,390000,11.14,41.1,2023-05-09 00:00:00.000000,2023-05-15 00:00:00.000000,DEPARTAMENTO,arriendo,agency
PI-2023-05-001018,portalinmobiliario,Quinta Normal,Metropolitana,430000,12.29,21.6,2023-02-12 00:00:00.000000,2023-05-08 00:00:00.000000,departamento,arriendo,owner_direct
PI-2023-05-002145,portalinmobiliario,Santiago,Metropolitana,455000,13.0,30.2,2023-02-21 00:00:00.000000,2023-05-15 00:00:00.000000,Departamento,arriendo,owner_direct
PI-2023-05-002249,portalinmobiliario,La Florida,Metropolitana,585000,16.71,57.1,2023-04-08 00:00:00.000000,2023-05-15 00:00:00.000000,Departamento,ARRIENDO,agency
PI-2023-05-004008,portalinmobiliario,Macul,Metropolitana,545000,15.57,41.9,2023-05-16 00:00:00.000000,2023-05-29 00:00:00.000000,DEPARTAMENTO,ARRIENDO,owner_direct
PI-2023-05-004452,portalinmobiliario,Las Condes,Metropolitana,1130000,32.29,55.6,2023-05-12 00:00:00.000000,2023-05-29 00:00:00.000000,departamento,ARRIENDO,owner_direct
PI-2023-05-003624,portalinmobiliario,Puente Alto,Metropolitana,475000,13.57,35.3,2023-04-13 00:00:00.000000,2023-05-22 00:00:00.000000,departamento,ARRIENDO,agency
PI-2023-05-004023,portalinmobiliario,Estación Central,Metropolitana,695000,19.86,85.8,2023-05-12 00:00:00.000000,2023-05-29 00:00:00.000000,departamento,arriendo,agency
PI-2023-05-001681,portalinmobiliario,Las Condes,Metropolitana,990000,28.29,44.6,2023-04-14 00:00:00.000000,2023-05-08 00:00:00.000000,Departamento,arriendo,owner_direct
PI-2023-05-004696,portalinmobiliario,Cerrillos,Metropolitana,585000,16.71,51.0,2023-04-15 00:00:00.000000,2023-05-29 00:00:00.000000,Departamento,Arriendo,agency
PI-2023-05-002625,portalinmobiliario,Maipú,Metropolitana,525000,15.0,66.7,2023-05-02 00:00:00.000000,2023-05-15 00:00:00.000000,Departamento,ARRIENDO,agency
PI-2023-05-002460,portalinmobiliario,Pudahuel,Metropolitana,485000,13.86,58.0,2023-03-30 00:00:00.000000,2023-05-15 00:00:00.000000,DEPARTAMENTO,arriendo,agency
PI-2023-05-000705,portalinmobiliario,Quilicura,Metropolitana,295000,8.43,33.5,2023-04-24 00:00:00.000000,2023-05-01 00:00:00.000000,Departamento,arriendo,owner_direct
PI-2023-05-001614,portalinmobiliario,Santiago,Metropolitana,510000,14.57,30.2,2023-04-01 00:00:00.000000,2023-05-08 00:00:00.000000,Departamento,Arriendo,agency
PI-2023-05-000148,portalinmobiliario,Recoleta,Metropolitana,345000,9.86,23.8,2022-12-09 00:00:00.000000,2023-05-01 00:00:00.000000,DEPARTAMENTO,arriendo,agency
PI-2023-05-004095,portalinmobiliario,Santiago,Metropolitana,515000,14.71,29.7,2023-05-04 00:00:00.000000,2023-05-29 00:00:00.000000,Departamento,arriendo,agency
PI-2023-05-001835,portalinmobiliario,Ñuñoa,Metropolitana,525000,15.0,34.0,2023-03-10 00:00:00.000000,2023-05-15 00:00:00.000000,departamento,arriendo,agency
PI-2023-05-003580,portalinmobiliario,Ñuñoa,Metropolitana,830000,23.71,59.4,2023-02-26 00:00:00.000000,2023-05-22 00:00:00.000000,DEPARTAMENTO,ARRIENDO,agency
PI-2023-05-001211,portalinmobiliario,La Reina,Metropolitana,810000,23.14,46.0,2023-04-11 00:00:00.000000,2023-05-08 00:00:00.000000,departamento,ARRIENDO,owner_direct
PI-2023-05-002515,portalinmobiliario,Ñuñoa,Metropolitana,740000,21.14,47.1,2022-12-30 00:00:00.000000,2023-05-15 00:00:00.000000,departamento,arriendo,owner_direct
PI-2023-05-001971,portalinmobiliario,ESTACIÓN CENTRAL,Metropolitana,440000,12.57,41.8,2023-04-24 00:00:00.000000,2023-05-15 00:00:00.000000,DEPARTAMENTO,Arriendo,owner_direct
PI-2023-05-004479,portalinmobiliario,Estación Central,Metropolitana,305000,8.71,28.6,2023-05-10 00:00:00.000000,2023-05-29 00:00:00.000000,departamento,ARRIENDO,owner_direct
PI-2023-05-000903,portalinmobiliario,Macul,Metropolitana,575000,16.43,47.4,2023-04-16 00:00:00.000000,2023-05-08 00:00:00.000000,DEPARTAMENTO,arriendo,owner_direct
PI-2023-05-003518,portalinmobiliario,Conchalí,Metropolitana,635000,18.14,74.3,2023-05-11 00:00:00.000000,2023-05-22 00:00:00.000000,DEPARTAMENTO,ARRIENDO,agency
PI-2023-05-001945,portalinmobiliario,MAIPÚ,Metropolitana,375000,10.71,33.5,2023-04-24 00:00:00.000000,2023-05-15 00:00:00.000000,departamento,arriendo,agency
PI-2023-05-002601,portalinmobiliario,Maipú,Metropolitana,465000,13.29,46.0,2023-05-04 00:00:00.000000,2023-05-15 00:00:00.000000,departamento,ARRIENDO,agency
PI-2023-05-002548,portalinmobiliario,La Cisterna,Metropolitana,615000,17.57,58.3,2023-04-27 00:00:00.000000,2023-05-15 00:00:00.000000,DEPARTAMENTO,Arriendo,agency
PI-2023-05-003673,portalinmobiliario,Santiago,Metropolitana,530000,15.14,41.3,2023-03-22 00:00:00.000000,2023-05-22 00:00:00.000000,DEPARTAMENTO,ARRIENDO,agency
PI-2023-05-000776,portalinmobiliario,Santiago,Metropolitana,6565000,187.57,999.0,2022-11-04 00:00:00.000000,2023-05-01 00:00:00.000000,Departamento,ARRIENDO,agency
PI-2023-05-001154,portalinmobiliario,Estación Central,Metropolitana,385000,11.0,31.9,2023-04-02 00:00:00.000000,2023-05-08 00:00:00.000000,DEPARTAMENTO,Arriendo,owner_direct
PI-2023-05-001409,portalinmobiliario,Santiago,Metropolitana,550000,15.71,37.2,2022-12-21 00:00:00.000000,2023-05-08 00:00:00.000000,Departamento,ARRIENDO,agency
PI-2023-05-002424,portalinmobiliario,Macul,Metropolitana,500000,14.29,42.2,2023-05-06 00:00:00.000000,2023-05-15 00:00:00.000000,DEPARTAMENTO,arriendo,agency
PI-2023-05-003328,portalinmobiliario,Maipú,Metropolitana,370000,10.57,26.0,2023-05-03 00:00:00.000000,2023-05-22 00:00:00.000000,DEPARTAMENTO,ARRIENDO,agency
PI-2023-05-003974,portalinmobiliario,Santiago,Metropolitana,655000,18.71,55.9,2023-05-15 00:00:00.000000,2023-05-29 00:00:00.000000,DEPARTAMENTO,ARRIENDO,agency
PI-2023-05-003689,portalinmobiliario,Cerrillos,Metropolitana,605000,17.29,63.3,2023-04-17 00:00:00.000000,2023-05-22 00:00:00.000000,DEPARTAMENTO,arriendo,agency
PI-2023-05-003267,portalinmobiliario,Vitacura,Metropolitana,845000,24.14,29.9,2023-03-30 00:00:00.000000,2023-05-22 00:00:00.000000,Departamento,ARRIENDO,owner_direct
PI-2023-05-000747,portalinmobiliario,Recoleta,Metropolitana,375000,10.71,31.7,2023-04-22 00:00:00.000000,2023-05-01 00:00:00.000000,DEPARTAMENTO,ARRIENDO,owner_direct
PI-2023-05-003864,portalinmobiliario,Las Condes,Metropolitana,755000,21.57,30.2,2023-04-22 00:00:00.000000,2023-05-29 00:00:00.000000,DEPARTAMENTO,ARRIENDO,agency
PI-2023-05-002711,portalinmobiliario,Maipú,Metropolitana,375000,10.71,33.2,2023-04-12 00:00:00.000000,2023-05-15 00:00:00.000000,departamento,arriendo,agency
PI-2023-05-003142,portalinmobiliario,La Cisterna,Metropolitana,1135000,32.43,131.9,2023-04-09 00:00:00.000000,2023-05-22 00:00:00.000000,Departamento,Arriendo,owner_direct
PI-2023-05-000911,portalinmobiliario,Santiago,Metropolitana,665000,19.0,71.4,2023-03-21 00:00:00.000000,2023-05-08 00:00:00.000000,DEPARTAMENTO,arriendo,owner_direct
PI-2023-05-004516,portalinmobiliario,LAS CONDES,Metropolitana,835000,23.86,36.3,2023-05-07 00:00:00.000000,2023-05-29 00:00:00.000000,departamento,Arriendo,owner_direct
PI-2023-05-002893,portalinmobiliario,Ñuñoa,Metropolitana,690000,19.71,33.2,2023-05-09 00:00:00.000000,2023-05-22 00:00:00.000000,DEPARTAMENTO,arriendo,agency
PI-2023-05-003257,portalinmobiliario,Macul,Metropolitana,585000,16.71,51.4,2022-11-26 00:00:00.000000,2023-05-22 00:00:00.000000,Departamento,Arriendo,owner_direct
PI-2023-05-000842,portalinmobiliario,Estación Central,Metropolitana,655000,18.71,59.2,2023-05-04 00:00:00.000000,2023-05-08 00:00:00.000000,departamento,ARRIENDO,owner_direct
PI-2023-05-004342,portalinmobiliario,Providencia,Metropolitana,900000,25.71,47.7,2023-05-12 00:00:00.000000,2023-05-29 00:00:00.000000,departamento,arriendo,owner_direct
PI-2023-05-002093,portalinmobiliario,Las Condes,Metropolitana,1215000,34.71,67.8,2023-04-25 00:00:00.000000,2023-05-15 00:00:00.000000,Departamento,arriendo,agency
PI-2023-05-004852,portalinmobiliario,Macul,Metropolitana,580000,16.57,53.7,2023-05-22 00:00:00.000000,2023-05-29 00:00:00.000000,departamento,ARRIENDO,agency
PI-2023-05-001012,portalinmobiliario,Macul,Metropolitana,420000,12.0,27.6,2023-04-06 00:00:00.000000,2023-05-08 00:00:00.000000,Departamento,arriendo,owner_direct
PI-2023-05-002966,portalinmobiliario,Estación Central,Metropolitana,420000,12.0,44.1,2023-05-19 00:00:00.000000,2023-05-22 00:00:00.000000,DEPARTAMENTO,arriendo,agency
PI-2023-05-004705,portalinmobiliario,Providencia,Metropolitana,1450000,41.43,89.5,2023-04-28 00:00:00.000000,2023-05-29 00:00:00.000000,DEPARTAMENTO,ARRIENDO,agency
PI-2023-05-003535,portalinmobiliario,Recoleta,Metropolitana,390000,11.14,29.5,2023-05-12 00:00:00.000000,2023-05-22 00:00:00.000000,departamento,Arriendo,agency
PI-2023-05-002084,portalinmobiliario,Lo Barnechea,Metropolitana,640000,18.29,30.7,2023-04-21 00:00:00.000000,2023-05-15 00:00:00.000000,Departamento,ARRIENDO,agency
PI-2023-05-000122,portalinmobiliario,La Florida,Metropolitana,615000,17.57,50.0,2023-04-11 00:00:00.000000,2023-05-01 00:00:00.000000,DEPARTAMENTO,Arriendo,agency
PI-2023-05-001090,portalinmobiliario,Puente Alto,Metropolitana,655000,18.71,81.4,2023-04-13 00:00:00.000000,2023-05-08 00:00:00.000000,Departamento,Arriendo,agency
PI-2023-05-002868,portalinmobiliario,Ñuñoa,Metropolitana,585000,16.71,29.3,2023-03-09 00:00:00.000000,2023-05-22 00:00:00.000000,departamento,arriendo,owner_direct
PI-2023-05-004542,portalinmobiliario,La Cisterna,Metropolitana,545000,15.57,44.8,2023-04-22 00:00:00.000000,2023-05-29 00:00:00.000000,DEPARTAMENTO,Arriendo,owner_direct
PI-2023-05-001992,portalinmobiliario,Estación Central,Metropolitana,380000,10.86,42.4,2023-05-10 00:00:00.000000,2023-05-15 00:00:00.000000,DEPARTAMENTO,Arriendo,agency
PI-2023-05-004212,portalinmobiliario,Macul,Metropolitana,625000,17.86,52.9,2023-05-12 00:00:00.000000,2023-05-29 00:00:00.000000,DEPARTAMENTO,arriendo,agency
PI-2023-05-002532,portalinmobiliario,Macul,Metropolitana,705000,20.14,61.1,2023-04-20 00:00:00.000000,2023-05-15 00:00:00.000000,departamento,ARRIENDO,owner_direct
PI-2023-05-003989,portalinmobiliario,Huechuraba,Metropolitana,645000,18.43,55.7,2023-04-07 00:00:00.000000,2023-05-29 00:00:00.000000,DEPARTAMENTO,ARRIENDO,owner_direct
PI-2023-05-003210,portalinmobiliario,Estación Central,Metropolitana,785000,22.43,107.2,2023-04-10 00:00:00.000000,2023-05-22 00:00:00.000000,DEPARTAMENTO,Arriendo,agency
PI-2023-05-002775,portalinmobiliario,Providencia,Metropolitana,830000,23.71,39.4,2023-04-23 00:00:00.000000,2023-05-22 00:00:00.000000,Departamento,Arriendo,agency
PI-2023-05-001590,portalinmobiliario,Puente Alto,Metropolitana,515000,14.71,53.6,2023-04-28 00:00:00.000000,2023-05-08 00:00:00.000000,departamento,ARRIENDO,owner_direct
PI-2023-05-004140,portalinmobiliario,Puente Alto,Metropolitana,405000,11.57,42.8,2023-05-11 00:00:00.000000,2023-05-29 00:00:00.000000,departamento,arriendo,owner_direct
PI-2023-05-002722,portalinmobiliario,San Miguel,Metropolitana,500000,14.29,41.6,2023-05-01 00:00:00.000000,2023-05-15 00:00:00.000000,departamento,arriendo,agency
PI-2023-05-002882,portalinmobiliario,Lo Barnechea,Metropolitana,1175000,33.57,80.9,2023-05-05 00:00:00.000000,2023-05-22 00:00:00.000000,Departamento,Arriendo,agency
PI-2023-05-004536,portalinmobiliario,Santiago,Metropolitana,810000,23.14,77.7,2023-05-01 00:00:00.000000,2023-05-29 00:00:00.000000,DEPARTAMENTO,ARRIENDO,agency
PI-2023-05-003833,portalinmobiliario,Vitacura,Metropolitana,735000,21.0,34.4,2023-05-14 00:00:00.000000,2023-05-29 00:00:00.000000,departamento,arriendo,owner_direct
PI-2023-05-000539,portalinmobiliario,Santiago,Metropolitana,910000,26.0,110.9,2023-03-23 00:00:00.000000,2023-05-01 00:00:00.000000,Departamento,arriendo,agency
PI-2023-05-000498,portalinmobiliario,La Reina,Metropolitana,1215000,34.71,88.9,2023-04-29 00:00:00.000000,2023-05-01 00:00:00.000000,DEPARTAMENTO,ARRIENDO,agency
PI-2023-05-004206,portalinmobiliario,Huechuraba,Metropolitana,1055000,30.14,105.3,2023-01-18 00:00:00.000000,2023-05-29 00:00:00.000000,DEPARTAMENTO,Arriendo,owner_direct
PI-2023-05-004088,portalinmobiliario,Santiago,Metropolitana,635000,18.14,60.6,2023-04-24 00:00:00.000000,2023-05-29 00:00:00.000000,Departamento,Arriendo,agency
PI-2023-05-000540,portalinmobiliario,Estación Central ,Metropolitana,645000,18.43,74.7,2023-04-07 00:00:00.000000,2023-05-01 00:00:00.000000,Departamento,Arriendo,owner_direct
PI-2023-05-004860,portalinmobiliario,Estación Central,Metropolitana,520000,14.86,49.3,2023-05-24 00:00:00.000000,2023-05-29 00:00:00.000000,Departamento,arriendo,owner_direct
PI-2023-05-000006,portalinmobiliario,Santiago,Metropolitana,580000,16.57,44.9,2023-01-20 00:00:00.000000,2023-05-01 00:00:00.000000,Departamento,arriendo,agency
PI-2023-05-004636,portalinmobiliario,La Reina,Metropolitana,835000,23.86,61.2,2023-05-23 00:00:00.000000,2023-05-29 00:00:00.000000,DEPARTAMENTO,arriendo,owner_direct
PI-2023-05-001333,portalinmobiliario,Lo Barnechea,Metropolitana,915000,26.14,57.1,2023-05-02 00:00:00.000000,2023-05-08 00:00:00.000000,Departamento,ARRIENDO,agency
PI-2023-05-001601,portalinmobiliario,San Joaquín,Metropolitana,480000,13.71,44.5,2023-04-06 00:00:00.000000,2023-05-08 00:00:00.000000,departamento,arriendo,owner_direct
PI-2023-05-001216,portalinmobiliario,San Joaquín,Metropolitana,435000,12.43,36.0,2022-12-04 00:00:00.000000,2023-05-08 00:00:00.000000,DEPARTAMENTO,Arriendo,agency
PI-2023-05-002636,portalinmobiliario,La Florida,Metropolitana,530000,15.14,38.9,2023-03-12 00:00:00.000000,2023-05-15 00:00:00.000000,departamento,Arriendo,agency
PI-2023-05-000854,portalinmobiliario,Ñuñoa,Metropolitana,710000,20.29,59.2,2023-05-01 00:00:00.000000,2023-05-08 00:00:00.000000,Departamento,arriendo,owner_direct
PI-2023-05-004149,portalinmobiliario,Providencia,Metropolitana,1090000,31.14,61.2,2023-05-27 00:00:00.000000,2023-05-29 00:00:00.000000,DEPARTAMENTO,arriendo,agency
PI-2023-05-002256,portalinmobiliario,Maipú,Metropolitana,930000,26.57,111.0,2023-04-13 00:00:00.000000,2023-05-15 00:00:00.000000,DEPARTAMENTO,arriendo,agency
PI-2023-05-001583,portalinmobiliario,Independencia,Metropolitana,465000,13.29,40.1,2023-04-07 00:00:00.000000,2023-05-08 00:00:00.000000,Departamento,Arriendo,agency
PI-2023-05-004066,portalinmobiliario,Quinta Normal,Metropolitana,445000,12.71,47.4,2023-05-17 00:00:00.000000,2023-05-29 00:00:00.000000,DEPARTAMENTO,arriendo,owner_direct
PI-2023-05-003820,portalinmobiliario,San Miguel,Metropolitana,785000,22.43,75.5,2023-05-15 00:00:00.000000,2023-05-29 00:00:00.000000,departamento,arriendo,agency
PI-2023-05-002138,portalinmobiliario,Maipú,Metropolitana,520000,14.86,78.5,2023-05-05 00:00:00.000000,2023-05-15 00:00:00.000000,DEPARTAMENTO,Arriendo,owner_direct
PI-2023-05-001948,portalinmobiliario,Independencia,Metropolitana,575000,16.43,59.5,2023-05-07 00:00:00.000000,2023-05-15 00:00:00.000000,Departamento,Arriendo,agency
PI-2023-05-002970,portalinmobiliario,San Miguel,Metropolitana,485000,13.86,41.1,2023-05-16 00:00:00.000000,2023-05-22 00:00:00.000000,departamento,ARRIENDO,owner_direct
PI-2023-05-000025,portalinmobiliario,Maipú,Metropolitana,425000,12.14,42.2,2023-04-16 00:00:00.000000,2023-05-01 00:00:00.000000,DEPARTAMENTO,arriendo,agency
PI-2023-05-002464,portalinmobiliario,Peñalolén,Metropolitana,605000,17.29,62.8,2023-04-21 00:00:00.000000,2023-05-15 00:00:00.000000,departamento,ARRIENDO,agency
PI-2023-05-004514,portalinmobiliario,La Reina,Metropolitana,630000,18.0,31.1,2023-04-27 00:00:00.000000,2023-05-29 00:00:00.000000,Departamento,arriendo,owner_direct
PI-2023-05-003655,portalinmobiliario,San Miguel,Metropolitana,500000,14.29,33.0,2023-05-19 00:00:00.000000,2023-05-22 00:00:00.000000,departamento,Arriendo,agency
PI-2023-05-003233,portalinmobiliario,Peñalolén,Metropolitana,555000,15.86,49.4,2023-04-25 00:00:00.000000,2023-05-22 00:00:00.000000,DEPARTAMENTO,arriendo,agency
PI-2023-05-004825,portalinmobiliario,Providencia,Metropolitana,765000,21.86,43.9,2023-05-17 00:00:00.000000,2023-05-29 00:00:00.000000,Departamento,Arriendo,owner_direct
PI-2023-05-004863,portalinmobiliario,Lo Barnechea,Metropolitana,880000,25.14,44.8,2023-05-25 00:00:00.000000,2023-05-29 00:00:00.000000,Departamento,arriendo,agency
PI-2023-05-004854,portalinmobiliario,Macul,Metropolitana,735000,21.0,65.8,2023-05-01 00:00:00.000000,2023-05-29 00:00:00.000000,DEPARTAMENTO,Arriendo,agency
PI-2023-05-002467,portalinmobiliario,ñuñoa,Metropolitana,630000,18.0,39.6,2023-05-01 00:00:00.000000,2023-05-15 00:00:00.000000,departamento,arriendo,agency
PI-2023-05-001071,portalinmobiliario,Las Condes,Metropolitana,750000,21.43,28.5,2023-04-15 00:00:00.000000,2023-05-08 00:00:00.000000,DEPARTAMENTO,ARRIENDO,agency
PI-2023-05-000738,portalinmobiliario,Quinta Normal,Metropolitana,445000,12.71,39.0,2023-04-09 00:00:00.000000,2023-05-01 00:00:00.000000,DEPARTAMENTO,arriendo,owner_direct
PI-2023-05-004283,portalinmobiliario,Conchalí,Metropolitana,780000,22.29,79.3,2023-05-12 00:00:00.000000,2023-05-29 00:00:00.000000,Departamento,Arriendo,owner_direct
PI-2023-05-004274,portalinmobiliario,Estación Central,Metropolitana,740000,21.14,90.4,2023-05-16 00:00:00.000000,2023-05-29 00:00:00.000000,Departamento,ARRIENDO,owner_direct
PI-2023-05-000277,portalinmobiliario,Conchalí,Metropolitana,405000,11.57,23.4,2023-04-05 00:00:00.000000,2023-05-01 00:00:00.000000,DEPARTAMENTO,Arriendo,owner_direct
PI-2023-05-000444,portalinmobiliario,Ñuñoa,Metropolitana,550000,15.71,28.9,2023-02-03 00:00:00.000000,2023-05-01 00:00:00.000000,DEPARTAMENTO,arriendo,agency
PI-2023-05-003128,portalinmobiliario,Huechuraba,Metropolitana,490000,14.0,38.1,2023-05-18 00:00:00.000000,2023-05-22 00:00:00.000000,Departamento,ARRIENDO,owner_direct
PI-2023-05-003030,portalinmobiliario,Huechuraba,Metropolitana,635000,18.14,40.3,2022-12-24 00:00:00.000000,2023-05-22 00:00:00.000000,DEPARTAMENTO,ARRIENDO,agency
PI-2023-05-002117,portalinmobiliario,Recoleta,Metropolitana,460000,13.14,36.3,2023-03-08 00:00:00.000000,2023-05-15 00:00:00.000000,DEPARTAMENTO,arriendo,agency
PI-2023-05-003371,portalinmobiliario,Macul,Metropolitana,555000,15.86,40.6,2023-05-05 00:00:00.000000,2023-05-22 00:00:00.000000,DEPARTAMENTO,Arriendo,agency
PI-2023-05-002351,portalinmobiliario,Las Condes,Metropolitana,950000,27.14,44.9,2023-04-21 00:00:00.000000,2023-05-15 00:00:00.000000,Departamento,ARRIENDO,agency
PI-2023-05-003435,portalinmobiliario,Huechuraba,Metropolitana,570000,16.29,46.8,2023-04-25 00:00:00.000000,2023-05-22 00:00:00.000000,DEPARTAMENTO,ARRIENDO,agency
PI-2023-05-001517,portalinmobiliario,Ñuñoa,Metropolitana,630000,18.0,32.4,2023-04-15 00:00:00.000000,2023-05-08 00:00:00.000000,departamento,ARRIENDO,agency
PI-2023-05-000724,portalinmobiliario,Las Condes,Metropolitana,720000,20.57,24.8,2023-04-09 00:00:00.000000,2023-05-01 00:00:00.000000,DEPARTAMENTO,Arriendo,agency
PI-2023-05-000777,portalinmobiliario,Cerrillos,Metropolitana,560000,16.0,54.6,2023-04-21 00:00:00.000000,2023-05-01 00:00:00.000000,DEPARTAMENTO,arriendo,owner_direct
PI-2023-05-003166,portalinmobiliario,San Miguel,Metropolitana,615000,17.57,59.0,2023-03-30 00:00:00.000000,2023-05-22 00:00:00.000000,Departamento,arriendo,agency
PI-2023-05-002685,portalinmobiliario,Providencia,Metropolitana,1040000,29.71,69.0,2023-04-14 00:00:00.000000,2023-05-15 00:00:00.000000,Departamento,Arriendo,agency
PI-2023-05-002120,portalinmobiliario,Estación Central,Metropolitana,495000,14.14,50.3,2023-04-29 00:00:00.000000,2023-05-15 00:00:00.000000,DEPARTAMENTO,Arriendo,agency
PI-2023-05-001873,portalinmobiliario,Providencia,Metropolitana,1030000,29.43,60.9,2023-05-01 00:00:00.000000,2023-05-15 00:00:00.000000,Departamento,Arriendo,owner_direct
PI-2023-05-003277,portalinmobiliario,Macul,Metropolitana,570000,16.29,62.5,2023-04-21 00:00:00.000000,2023-05-22 00:00:00.000000,DEPARTAMENTO,ARRIENDO,agency
PI-2023-05-003930,portalinmobiliario,Independencia,Metropolitana,710000,20.29,88.4,2023-04-18 00:00:00.000000,2023-05-29 00:00:00.000000,DEPARTAMENTO,arriendo,agency
PI-2023-05-002965,portalinmobiliario,Puente Alto,Metropolitana,460000,13.14,60.6,2023-05-21 00:00:00.000000,2023-05-22 00:00:00.000000,DEPARTAMENTO,ARRIENDO,agency
PI-2023-05-003314,portalinmobiliario,La Cisterna,Metropolitana,640000,18.29,67.6,2023-04-20 00:00:00.000000,2023-05-22 00:00:00.000000,DEPARTAMENTO,Arriendo,owner_direct
PI-2023-05-002204,portalinmobiliario,Ñuñoa,Metropolitana,1270000,36.29,103.0,2023-04-02 00:00:00.000000,2023-05-15 00:00:00.000000,Departamento,Arriendo,agency
PI-2023-05-004600,portalinmobiliario,Santiago,Metropolitana,715000,20.43,58.9,2023-05-06 00:00:00.000000,2023-05-29 00:00:00.000000,DEPARTAMENTO,Arriendo,owner_direct
PI-2023-05-003234,portalinmobiliario,Puente Alto,Metropolitana,425000,12.14,43.1,2023-04-16 00:00:00.000000,2023-05-22 00:00:00.000000,Departamento,ARRIENDO,agency
PI-2023-05-000161,portalinmobiliario,Estación Central,Metropolitana,650000,18.57,83.4,2023-04-09 00:00:00.000000,2023-05-01 00:00:00.000000,Departamento,arriendo,agency
PI-2023-05-004219,portalinmobiliario,Lo Barnechea,Metropolitana,660000,18.86,32.4,2023-04-15 00:00:00.000000,2023-05-29 00:00:00.000000,Departamento,arriendo,agency
PI-2023-05-002214,portalinmobiliario,Puente Alto,Metropolitana,315000,9.0,8.0,2023-04-03 00:00:00.000000,2023-05-15 00:00:00.000000,departamento,ARRIENDO,agency
PI-2023-05-000176,portalinmobiliario,La Florida,Metropolitana,645000,18.43,85.9,2023-04-21 00:00:00.000000,2023-05-01 00:00:00.000000,DEPARTAMENTO,Arriendo,agency
PI-2023-05-002064,portalinmobiliario,La Cisterna,Metropolitana,475000,13.57,59.0,2022-10-01 00:00:00.000000,2023-05-15 00:00:00.000000,Departamento,ARRIENDO,agency
PI-2023-05-003113,portalinmobiliario,Independencia,Metropolitana,565000,16.14,58.3,2023-05-21 00:00:00.000000,2023-05-22 00:00:00.000000,departamento,Arriendo,agency
PI-2023-05-000015,portalinmobiliario,Independencia,Metropolitana,560000,16.0,52.4,2023-04-20 00:00:00.000000,2023-05-01 00:00:00.000000,DEPARTAMENTO,Arriendo,owner_direct
PI-2023-05-002563,portalinmobiliario,Independencia,Metropolitana,495000,14.14,37.9,2023-04-20 00:00:00.000000,2023-05-15 00:00:00.000000,DEPARTAMENTO,ARRIENDO,agency
PI-2023-05-001429,portalinmobiliario,Recoleta,Metropolitana,580000,16.57,63.5,2023-04-05 00:00:00.000000,2023-05-08 00:00:00.000000,departamento,ARRIENDO,owner_direct
PI-2023-05-003883,portalinmobiliario,La Reina,Metropolitana,745000,21.29,41.1,2023-04-01 00:00:00.000000,2023-05-29 00:00:00.000000,DEPARTAMENTO,ARRIENDO,agency
PI-2023-05-001176,portalinmobiliario,La Florida,Metropolitana,645000,18.43,64.2,2023-04-18 00:00:00.000000,2023-05-08 00:00:00.000000,DEPARTAMENTO,Arriendo,agency
PI-2023-05-004858,portalinmobiliario,Ñuñoa,Metropolitana,905000,25.86,64.6,2023-05-06 00:00:00.000000,2023-05-29 00:00:00.000000,Departamento,arriendo,owner_direct
PI-2023-05-003596,portalinmobiliario,Independencia,Metropolitana,440000,12.57,35.3,2023-05-02 00:00:00.000000,2023-05-22 00:00:00.000000,DEPARTAMENTO,Arriendo,owner_direct
PI-2023-05-000263,portalinmobiliario,Peñalolén,Metropolitana,455000,13.0,37.6,2023-03-26 00:00:00.000000,2023-05-01 00:00:00.000000,Departamento,arriendo,agency
PI-2023-05-004632,portalinmobiliario,Quinta Normal,Metropolitana,585000,16.71,65.0,2023-04-30 00:00:00.000000,2023-05-29 00:00:00.000000,DEPARTAMENTO,ARRIENDO,agency
PI-2023-05-001782,portalinmobiliario,Puente Alto,Metropolitana,430000,12.29,40.1,2023-03-14 00:00:00.000000,2023-05-15 00:00:00.000000,Departamento,Arriendo,owner_direct
PI-2023-05-002000,portalinmobiliario,Huechuraba,Metropolitana,510000,14.57,37.9,2023-03-23 00:00:00.000000,2023-05-15 00:00:00.000000,departamento,arriendo,agency
PI-2023-05-002778,portalinmobiliario,San Miguel,Metropolitana,510000,14.57,36.8,2023-04-30 00:00:00.000000,2023-05-22 00:00:00.000000,departamento,ARRIENDO,agency
PI-2023-05-003488,portalinmobiliario,Huechuraba,Metropolitana,535000,15.29,35.8,2023-04-05 00:00:00.000000,2023-05-22 00:00:00.000000,departamento,ARRIENDO,agency
PI-2023-05-001213,portalinmobiliario,Ñuñoa,Metropolitana,550000,15.71,34.5,2023-04-16 00:00:00.000000,2023-05-08 00:00:00.000000,DEPARTAMENTO,Arriendo,agency
PI-2023-05-003275,portalinmobiliario,Renca,Metropolitana,325000,9.29,39.9,2023-04-24 00:00:00.000000,2023-05-22 00:00:00.000000,DEPARTAMENTO,ARRIENDO,owner_direct
PI-2023-05-002871,portalinmobiliario,Santiago,Metropolitana,605000,17.29,45.3,2023-04-30 00:00:00.000000,2023-05-22 00:00:00.000000,DEPARTAMENTO,arriendo,agency
PI-2023-05-002020,portalinmobiliario,Peñalolén,Metropolitana,595000,17.0,54.2,2023-03-31 00:00:00.000000,2023-05-15 00:00:00.000000,Departamento,ARRIENDO,owner_direct
PI-2023-05-001691,portalinmobiliario,Pudahuel,Metropolitana,635000,18.14,69.7,2023-04-18 00:00:00.000000,2023-05-08 00:00:00.000000,Departamento,ARRIENDO,agency
PI-2023-05-002308,portalinmobiliario,Santiago,Metropolitana,405000,11.57,31.5,2023-05-07 00:00:00.000000,2023-05-15 00:00:00.000000,Departamento,Arriendo,agency
PI-2023-05-003719,portalinmobiliario,La Reina,Metropolitana,805000,23.0,54.8,2023-05-11 00:00:00.000000,2023-05-22 00:00:00.000000,Departamento,ARRIENDO,owner_direct
PI-2023-05-004409,portalinmobiliario,Independencia,Metropolitana,525000,15.0,38.1,2023-05-04 00:00:00.000000,2023-05-29 00:00:00.000000,departamento,arriendo,agency
PI-2023-05-000770,portalinmobiliario,Independencia,Metropolitana,480000,13.71,36.0,2023-04-10 00:00:00.000000,2023-05-01 00:00:00.000000,DEPARTAMENTO,Arriendo,owner_direct
PI-2023-05-000474,portalinmobiliario,Peñalolén,Metropolitana,630000,18.0,54.1,2023-04-26 00:00:00.000000,2023-05-01 00:00:00.000000,departamento,arriendo,agency
PI-2023-05-002727,portalinmobiliario,Ñuñoa,Metropolitana,715000,20.43,36.7,2023-03-23 00:00:00.000000,2023-05-15 00:00:00.000000,DEPARTAMENTO,Arriendo,owner_direct
PI-2023-05-004838,portalinmobiliario,Maipú,Metropolitana,580000,16.57,61.0,2023-04-28 00:00:00.000000,2023-05-29 00:00:00.000000,departamento,arriendo,agency
PI-2023-05-002128,portalinmobiliario,Ñuñoa,Metropolitana,725000,20.71,66.6,2023-05-03 00:00:00.000000,2023-05-15 00:00:00.000000,departamento,ARRIENDO,agency
PI-2023-05-000243,portalinmobiliario,Santiago,Metropolitana,485000,13.86,33.8,2023-03-28 00:00:00.000000,2023-05-01 00:00:00.000000,Departamento,Arriendo,owner_direct
PI-2023-05-004007,portalinmobiliario,Ñuñoa,Metropolitana,610000,17.43,42.3,2023-05-05 00:00:00.000000,2023-05-29 00:00:00.000000,DEPARTAMENTO,ARRIENDO,owner_direct
PI-2023-05-000741,portalinmobiliario,Santiago,Metropolitana,550000,15.71,46.9,2023-03-21 00:00:00.000000,2023-05-01 00:00:00.000000,Departamento,ARRIENDO,agency
PI-2023-05-004652,portalinmobiliario,Santiago,Metropolitana,460000,13.14,45.0,2022-09-02 00:00:00.000000,2023-05-29 00:00:00.000000,DEPARTAMENTO,arriendo,agency
PI-2023-05-002567,portalinmobiliario,Recoleta,Metropolitana,405000,11.57,39.3,2023-01-28 00:00:00.000000,2023-05-15 00:00:00.000000,Departamento,arriendo,owner_direct
PI-2023-05-000605,portalinmobiliario,Santiago,Metropolitana,885000,25.29,91.2,2023-03-07 00:00:00.000000,2023-05-01 00:00:00.000000,departamento,ARRIENDO,owner_direct
PI-2023-05-003976,portalinmobiliario,Conchalí,Metropolitana,430000,12.29,37.1,2023-04-24 00:00:00.000000,2023-05-29 00:00:00.000000,DEPARTAMENTO,Arriendo,owner_direct
PI-2023-05-001461,portalinmobiliario,Las Condes,Metropolitana,1035000,29.57,46.3,2023-03-28 00:00:00.000000,2023-05-08 00:00:00.000000,departamento,arriendo,agency
PI-2023-05-001054,portalinmobiliario,Providencia,Metropolitana,840000,24.0,44.4,2023-03-15 00:00:00.000000,2023-05-08 00:00:00.000000,Departamento,arriendo,agency
PI-2023-05-004842,portalinmobiliario,Renca,Metropolitana,505000,14.43,59.8,2023-05-26 00:00:00.000000,2023-05-29 00:00:00.000000,DEPARTAMENTO,ARRIENDO,agency
PI-2023-05-004159,portalinmobiliario,Estación Central,Metropolitana,475000,13.57,48.5,2022-11-19 00:00:00.000000,2023-05-29 00:00:00.000000,Departamento,arriendo,agency
PI-2023-05-004282,portalinmobiliario,Recoleta,Metropolitana,465000,13.29,50.3,2023-05-11 00:00:00.000000,2023-05-29 00:00:00.000000,Departamento,arriendo,owner_direct
PI-2023-05-000596,portalinmobiliario,Ñuñoa,Metropolitana,530000,15.14,25.3,2023-04-21 00:00:00.000000,2023-05-01 00:00:00.000000,DEPARTAMENTO,arriendo,agency
PI-2023-05-000929,portalinmobiliario,Quilicura,Metropolitana,460000,13.14,48.6,2023-04-10 00:00:00.000000,2023-05-08 00:00:00.000000,departamento,ARRIENDO,agency
PI-2023-05-004861,portalinmobiliario,Quilicura,Metropolitana,320000,9.14,30.4,2023-04-03 00:00:00.000000,2023-05-29 00:00:00.000000,Departamento,ARRIENDO,agency
PI-2023-05-000244,portalinmobiliario,Estación Central,Metropolitana,410000,11.71,39.3,2023-04-28 00:00:00.000000,2023-05-01 00:00:00.000000,Departamento,Arriendo,owner_direct
PI-2023-05-004385,portalinmobiliario,La Florida,Metropolitana,920000,26.29,89.9,2023-05-04 00:00:00.000000,2023-05-29 00:00:00.000000,Departamento,arriendo,owner_direct
PI-2023-05-001209,portalinmobiliario,Macul,Metropolitana,605000,17.29,52.9,2023-03-30 00:00:00.000000,2023-05-08 00:00:00.000000,DEPARTAMENTO,ARRIENDO,agency
PI-2023-05-001310,portalinmobiliario,Las Condes,Metropolitana,815000,23.29,40.6,2023-04-18 00:00:00.000000,2023-05-08 00:00:00.000000,Departamento,Arriendo,agency
PI-2023-05-001475,portalinmobiliario,Las Condes,Metropolitana,900000,25.71,40.7,2023-04-25 00:00:00.000000,2023-05-08 00:00:00.000000,Departamento,Arriendo,agency
PI-2023-05-001996,portalinmobiliario,Puente Alto,Metropolitana,520000,14.86,63.0,2023-04-26 00:00:00.000000,2023-05-15 00:00:00.000000,Departamento,ARRIENDO,agency
PI-2023-05-002830,portalinmobiliario,Estación Central,Metropolitana,585000,16.71,45.7,2023-03-21 00:00:00.000000,2023-05-22 00:00:00.000000,departamento,ARRIENDO,agency
PI-2023-05-002112,portalinmobiliario,Santiago,Metropolitana,560000,16.0,41.4,2023-04-12 00:00:00.000000,2023-05-15 00:00:00.000000,Departamento,Arriendo,agency
PI-2023-05-000979,portalinmobiliario,Las Condes,Metropolitana,750000,21.43,28.2,2023-03-20 00:00:00.000000,2023-05-08 00:00:00.000000,DEPARTAMENTO,Arriendo,owner_direct
PI-2023-05-003455,portalinmobiliario,Estación Central,Metropolitana,470000,13.43,51.8,2023-04-28 00:00:00.000000,2023-05-22 00:00:00.000000,Departamento,Arriendo,agency
PI-2023-05-000560,portalinmobiliario,Quinta Normal,Metropolitana,1280000,36.57,51.7,2023-03-23 00:00:00.000000,2023-05-01 00:00:00.000000,Departamento,Arriendo,owner_direct
PI-2023-05-002769,portalinmobiliario,Independencia,Metropolitana,375000,10.71,42.8,2023-05-19 00:00:00.000000,2023-05-22 00:00:00.000000,Departamento,ARRIENDO,owner_direct
PI-2023-05-003351,portalinmobiliario,Maipú,Metropolitana,545000,15.57,51.0,2023-04-07 00:00:00.000000,2023-05-22 00:00:00.000000,departamento,arriendo,owner_direct
PI-2023-05-001184,portalinmobiliario,Santiago,Metropolitana,495000,14.14,26.5,2023-04-19 00:00:00.000000,2023-05-08 00:00:00.000000,Departamento,arriendo,agency
PI-2023-05-002273,portalinmobiliario,Santiago,Metropolitana,550000,15.71,39.1,2023-05-04 00:00:00.000000,2023-05-15 00:00:00.000000,departamento,ARRIENDO,agency
PI-2023-05-001149,portalinmobiliario,Huechuraba,Metropolitana,895000,25.57,78.4,2023-05-01 00:00:00.000000,2023-05-08 00:00:00.000000,Departamento,ARRIENDO,owner_direct
PI-2023-05-000191,portalinmobiliario,Las Condes,Metropolitana,1045000,29.86,52.2,2023-04-07 00:00:00.000000,2023-05-01 00:00:00.000000,Departamento,arriendo,agency
PI-2023-05-000415,portalinmobiliario,Macul,Metropolitana,695000,19.86,55.8,2023-04-16 00:00:00.000000,2023-05-01 00:00:00.000000,DEPARTAMENTO,arriendo,agency
PI-2023-05-002187,portalinmobiliario,Pudahuel,Metropolitana,515000,14.71,61.5,2023-04-29 00:00:00.000000,2023-05-15 00:00:00.000000,DEPARTAMENTO,arriendo,owner_direct
PI-2023-05-000712,portalinmobiliario,La Cisterna,Metropolitana,990000,28.29,104.4,2023-04-19 00:00:00.000000,2023-05-01 00:00:00.000000,DEPARTAMENTO,arriendo,agency
PI-2023-05-000525,portalinmobiliario,Recoleta,Metropolitana,530000,15.14,46.3,2023-02-05 00:00:00.000000,2023-05-01 00:00:00.000000,Departamento,arriendo,owner_direct
PI-2023-05-002647,portalinmobiliario,San Miguel,Metropolitana,525000,15.0,42.0,2023-05-08 00:00:00.000000,2023-05-15 00:00:00.000000,departamento,arriendo,owner_direct
PI-2023-05-003255,portalinmobiliario,Peñalolén,Metropolitana,725000,20.71,76.4,2023-05-04 00:00:00.000000,2023-05-22 00:00:00.000000,departamento,Arriendo,owner_direct
PI-2023-05-001000,portalinmobiliario,Providencia,Metropolitana,1145000,32.71,49.2,2023-04-12 00:00:00.000000,2023-05-08 00:00:00.000000,Departamento,arriendo,agency
PI-2023-05-003829,portalinmobiliario,Recoleta,Metropolitana,560000,16.0,46.5,2023-05-02 00:00:00.000000,2023-05-29 00:00:00.000000,DEPARTAMENTO,arriendo,agency
PI-2023-05-000083,portalinmobiliario,La Florida,Metropolitana,550000,15.71,60.3,2023-01-24 00:00:00.000000,2023-05-01 00:00:00.000000,departamento,arriendo,agency
PI-2023-05-003780,portalinmobiliario,PROVIDENCIA,Metropolitana,700000,20.0,10.0,2023-05-07 00:00:00.000000,2023-05-22 00:00:00.000000,DEPARTAMENTO,ARRIENDO,agency
PI-2023-05-001460,portalinmobiliario,San Miguel,Metropolitana,480000,13.71,46.1,2023-04-25 00:00:00.000000,2023-05-08 00:00:00.000000,Departamento,Arriendo,owner_direct
PI-2023-05-001411,portalinmobiliario,Ñuñoa,Metropolitana,545000,15.57,32.3,2023-04-07 00:00:00.000000,2023-05-08 00:00:00.000000,Departamento,arriendo,agency
PI-2023-05-002931,portalinmobiliario,Estación Central,Metropolitana,480000,13.71,44.0,2023-05-10 00:00:00.000000,2023-05-22 00:00:00.000000,Departamento,ARRIENDO,owner_direct
PI-2023-05-003368,portalinmobiliario,Lo Barnechea,Metropolitana,1210000,34.57,75.3,2023-04-22 00:00:00.000000,2023-05-22 00:00:00.000000,DEPARTAMENTO,Arriendo,agency
PI-2023-05-003054,portalinmobiliario,Macul,Metropolitana,920000,26.29,86.2,2023-03-29 00:00:00.000000,2023-05-22 00:00:00.000000,DEPARTAMENTO,Arriendo,agency
PI-2023-05-001021,portalinmobiliario,Santiago,Metropolitana,1120000,32.0,119.9,2023-04-16 00:00:00.000000,2023-05-08 00:00:00.000000,DEPARTAMENTO,ARRIENDO,agency
PI-2023-05-004428,portalinmobiliario,Quilicura,Metropolitana,520000,14.86,60.1,2023-05-14 00:00:00.000000,2023-05-29 00:00:00.000000,DEPARTAMENTO,arriendo,owner_direct
PI-2023-05-004620,portalinmobiliario,San Miguel,Metropolitana,745000,21.29,62.7,2023-05-20 00:00:00.000000,2023-05-29 00:00:00.000000,Departamento,ARRIENDO,agency
PI-2023-05-001523,portalinmobiliario,Independencia,Metropolitana,475000,13.57,42.1,2023-05-06 00:00:00.000000,2023-05-08 00:00:00.000000,DEPARTAMENTO,ARRIENDO,agency
PI-2023-05-002707,portalinmobiliario,Ñuñoa,Metropolitana,760000,21.71,55.8,2023-05-13 00:00:00.000000,2023-05-15 00:00:00.000000,departamento,Arriendo,agency
PI-2023-05-001841,portalinmobiliario,Providencia,Metropolitana,1210000,34.57,58.5,2023-05-06 00:00:00.000000,2023-05-15 00:00:00.000000,Departamento,Arriendo,owner_direct
PI-2023-05-002438,portalinmobiliario,Santiago,Metropolitana,555000,15.86,58.9,2023-04-28 00:00:00.000000,2023-05-15 00:00:00.000000,Departamento,arriendo,owner_direct
PI-2023-05-004155,portalinmobiliario,Las Condes,Metropolitana,720000,20.57,25.0,2023-05-23 00:00:00.000000,2023-05-29 00:00:00.000000,DEPARTAMENTO,Arriendo,agency
PI-2023-05-001927,portalinmobiliario,Macul,Metropolitana,650000,18.57,49.2,2022-11-10 00:00:00.000000,2023-05-15 00:00:00.000000,Departamento,ARRIENDO,agency
PI-2023-05-000102,portalinmobiliario,Maipú,Metropolitana,450000,12.86,47.2,2023-04-23 00:00:00.000000,2023-05-01 00:00:00.000000,Departamento,arriendo,owner_direct
PI-2023-05-003243,portalinmobiliario,Lo Barnechea,Metropolitana,1245000,35.57,72.3,2023-05-13 00:00:00.000000,2023-05-22 00:00:00.000000,Departamento,ARRIENDO,agency
PI-2023-05-003043,portalinmobiliario,HUECHURABA,Metropolitana,945000,27.0,81.8,2023-05-08 00:00:00.000000,2023-05-22 00:00:00.000000,Departamento,arriendo,owner_direct
PI-2023-05-002045,portalinmobiliario,Independencia,Metropolitana,715000,20.43,98.6,2023-04-25 00:00:00.000000,2023-05-15 00:00:00.000000,departamento,ARRIENDO,agency
PI-2023-05-001651,portalinmobiliario,Macul,Metropolitana,445000,12.71,42.1,2023-03-16 00:00:00.000000,2023-05-08 00:00:00.000000,DEPARTAMENTO,ARRIENDO,agency
PI-2023-05-004298,portalinmobiliario,Providencia,Metropolitana,905000,25.86,51.9,2023-05-04 00:00:00.000000,2023-05-29 00:00:00.000000,departamento,arriendo,owner_direct
PI-2023-05-003658,portalinmobiliario,Maipú,Metropolitana,465000,13.29,38.1,2023-04-29 00:00:00.000000,2023-05-22 00:00:00.000000,Departamento,ARRIENDO,owner_direct
PI-2023-05-001568,portalinmobiliario,Maipú,Metropolitana,610000,17.43,60.0,2023-03-29 00:00:00.000000,2023-05-08 00:00:00.000000,departamento,arriendo,agency
PI-2023-05-004752,portalinmobiliario,Macul,Metropolitana,620000,17.71,39.6,2023-04-06 00:00:00.000000,2023-05-29 00:00:00.000000,DEPARTAMENTO,arriendo,agency
PI-2023-05-002169,portalinmobiliario,Santiago,Metropolitana,890000,25.43,68.2,2022-11-29 00:00:00.000000,2023-05-15 00:00:00.000000,departamento,ARRIENDO,owner_direct
PI-2023-05-001313,portalinmobiliario,Lo Barnechea,Metropolitana,815000,23.29,50.3,2023-05-01 00:00:00.000000,2023-05-08 00:00:00.000000,DEPARTAMENTO,Arriendo,agency
PI-2023-05-002375,portalinmobiliario,Estación Central,Metropolitana,650000,18.57,87.5,2023-03-29 00:00:00.000000,2023-05-15 00:00:00.000000,Departamento,ARRIENDO,owner_direct
PI-2023-05-000859,portalinmobiliario,Providencia,Metropolitana,865000,24.71,46.2,2023-04-06 00:00:00.000000,2023-05-08 00:00:00.000000,Departamento,arriendo,agency
PI-2023-05-003638,portalinmobiliario,Santiago,Metropolitana,6220000,177.71,56.9,2023-02-28 00:00:00.000000,2023-05-22 00:00:00.000000,Departamento,ARRIENDO,agency
PI-2023-05-004086,portalinmobiliario,San Joaquín,Metropolitana,290000,8.29,28.5,2023-05-20 00:00:00.000000,2023-05-29 00:00:00.000000,Departamento,arriendo,agency
PI-2023-05-002293,portalinmobiliario,Independencia,Metropolitana,545000,15.57,57.3,2023-05-08 00:00:00.000000,2023-05-15 00:00:00.000000,departamento,Arriendo,owner_direct
PI-2023-05-000247,portalinmobiliario,Macul,Metropolitana,2115000,60.43,90.8,2023-03-08 00:00:00.000000,2023-05-01 00:00:00.000000,Departamento,Arriendo,agency
PI-2023-05-004616,portalinmobiliario,San Miguel,Metropolitana,1050000,30.0,113.6,2023-04-08 00:00:00.000000,2023-05-29 00:00:00.000000,DEPARTAMENTO,ARRIENDO,owner_direct
PI-2023-05-002172,portalinmobiliario,La Florida,Metropolitana,520000,14.86,54.3,2023-04-08 00:00:00.000000,2023-05-15 00:00:00.000000,departamento,Arriendo,owner_direct
PI-2023-05-004026,portalinmobiliario,Las Condes,Metropolitana,760000,21.71,34.4,2023-05-12 00:00:00.000000,2023-05-29 00:00:00.000000,Departamento,arriendo,agency
PI-2023-05-003274,portalinmobiliario,La Florida,Metropolitana,530000,15.14,34.2,2023-05-03 00:00:00.000000,2023-05-22 00:00:00.000000,DEPARTAMENTO,arriendo,agency
PI-2023-05-000426,portalinmobiliario,Providencia,Metropolitana,1040000,29.71,63.4,2023-04-28 00:00:00.000000,2023-05-01 00:00:00.000000,DEPARTAMENTO,Arriendo,agency
PI-2023-05-002731,portalinmobiliario,San Miguel,Metropolitana,350000,10.0,21.9,2023-05-02 00:00:00.000000,2023-05-15 00:00:00.000000,DEPARTAMENTO,ARRIENDO,agency
PI-2023-05-002880,portalinmobiliario,Providencia,Metropolitana,970000,27.71,59.5,2023-05-11 00:00:00.000000,2023-05-22 00:00:00.000000,departamento,Arriendo,owner_direct
PI-2023-05-000693,portalinmobiliario,Santiago,Metropolitana,500000,14.29,32.8,2023-04-23 00:00:00.000000,2023-05-01 00:00:00.000000,departamento,Arriendo,owner_direct
PI-2023-05-002137,portalinmobiliario,Providencia,Metropolitana,810000,23.14,37.4,2023-04-13 00:00:00.000000,2023-05-15 00:00:00.000000,Departamento,ARRIENDO,agency
PI-2023-05-002361,portalinmobiliario,Macul,Metropolitana,545000,15.57,62.5,2023-04-25 00:00:00.000000,2023-05-15 00:00:00.000000,DEPARTAMENTO,Arriendo,agency
PI-2023-05-001060,portalinmobiliario,Las Condes ,Metropolitana,785000,22.43,57.4,2022-11-11 00:00:00.000000,2023-05-08 00:00:00.000000,Departamento,arriendo,agency
PI-2023-05-000707,portalinmobiliario,Estación Central,Metropolitana,390000,11.14,1.0,2023-04-20 00:00:00.000000,2023-05-01 00:00:00.000000,departamento,arriendo,agency
PI-2023-05-001082,portalinmobiliario,Macul,Metropolitana,625000,17.86,79.3,2023-04-25 00:00:00.000000,2023-05-08 00:00:00.000000,Departamento,ARRIENDO,agency
PI-2023-05-003491,portalinmobiliario,Maipú,Metropolitana,370000,10.57,31.9,2023-04-25 00:00:00.000000,2023-05-22 00:00:00.000000,departamento,Arriendo,agency
PI-2023-05-003021,portalinmobiliario,Independencia,Metropolitana,655000,18.71,67.6,2023-03-29 00:00:00.000000,2023-05-22 00:00:00.000000,departamento,arriendo,owner_direct
PI-2023-05-002258,portalinmobiliario,La Florida,Metropolitana,545000,15.57,53.5,2023-04-26 00:00:00.000000,2023-05-15 00:00:00.000000,Departamento,arriendo,agency
PI-2023-05-001143,portalinmobiliario,Las Condes,Metropolitana,970000,27.71,43.7,2022-10-27 00:00:00.000000,2023-05-08 00:00:00.000000,DEPARTAMENTO,Arriendo,owner_direct
PI-2023-05-004613,portalinmobiliario,INDEPENDENCIA,Metropolitana,560000,16.0,48.0,2022-11-23 00:00:00.000000,2023-05-29 00:00:00.000000,Departamento,ARRIENDO,agency
PI-2023-05-004785,portalinmobiliario,Providencia,Metropolitana,870000,24.86,42.8,2023-05-08 00:00:00.000000,2023-05-29 00:00:00.000000,DEPARTAMENTO,ARRIENDO,agency
PI-2023-05-000383,portalinmobiliario,Providencia,Metropolitana,1005000,28.71,45.0,2023-03-18 00:00:00.000000,2023-05-01 00:00:00.000000,Departamento,arriendo,agency
PI-2023-05-003800,portalinmobiliario,Santiago,Metropolitana,500000,14.29,34.1,2023-05-22 00:00:00.000000,2023-05-29 00:00:00.000000,DEPARTAMENTO,Arriendo,agency
PI-2023-05-000391,portalinmobiliario,Quinta Normal,Metropolitana,400000,11.43,10.0,2023-04-26 00:00:00.000000,2023-05-01 00:00:00.000000,departamento,Arriendo,owner_direct
PI-2023-05-000100,portalinmobiliario,Santiago,Metropolitana,885000,25.29,81.6,2023-04-09 00:00:00.000000,2023-05-01 00:00:00.000000,departamento,ARRIENDO,owner_direct
PI-2023-05-003691,portalinmobiliario,Las Condes,Metropolitana,990000,28.29,67.7,2023-05-10 00:00:00.000000,2023-05-22 00:00:00.000000,DEPARTAMENTO,arriendo,owner_direct
PI-2023-05-002834,portalinmobiliario,Providencia,Metropolitana,850000,24.29,43.1,2023-05-17 00:00:00.000000,2023-05-22 00:00:00.000000,Departamento,Arriendo,agency
PI-2023-05-002763,portalinmobiliario,Huechuraba,Metropolitana,645000,18.43,52.2,2023-05-03 00:00:00.000000,2023-05-22 00:00:00.000000,DEPARTAMENTO,Arriendo,agency
PI-2023-05-002712,portalinmobiliario,Independencia,Metropolitana,435000,12.43,45.5,2023-03-23 00:00:00.000000,2023-05-15 00:00:00.000000,Departamento,arriendo,agency
PI-2023-05-000048,portalinmobiliario,Conchalí,Metropolitana,355000,10.14,34.8,2023-04-01 00:00:00.000000,2023-05-01 00:00:00.000000,departamento,arriendo,agency
PI-2023-05-002067,portalinmobiliario,Estación Central,Metropolitana,685000,19.57,82.0,2023-04-11 00:00:00.000000,2023-05-15 00:00:00.000000,Departamento,Arriendo,agency
PI-2023-05-000544,portalinmobiliario,San Miguel,Metropolitana,475000,13.57,21.4,2023-03-30 00:00:00.000000,2023-05-01 00:00:00.000000,DEPARTAMENTO,Arriendo,agency
PI-2023-05-002858,portalinmobiliario,Recoleta,Metropolitana,785000,22.43,91.6,2023-05-09 00:00:00.000000,2023-05-22 00:00:00.000000,departamento,Arriendo,agency
PI-2023-05-003594,portalinmobiliario,La Florida,Metropolitana,505000,14.43,40.0,2023-05-18 00:00:00.000000,2023-05-22 00:00:00.000000,DEPARTAMENTO,arriendo,owner_direct
PI-2023-05-003055,portalinmobiliario,Estación Central,Metropolitana,325000,9.29,21.4,2022-11-23 00:00:00.000000,2023-05-22 00:00:00.000000,DEPARTAMENTO,arriendo,owner_direct
PI-2023-05-004572,portalinmobiliario,Independencia,Metropolitana,515000,14.71,50.0,2023-05-11 00:00:00.000000,2023-05-29 00:00:00.000000,departamento,ARRIENDO,agency
PI-2023-05-000483,portalinmobiliario,recoleta,Metropolitana,455000,13.0,47.4,2023-04-03 00:00:00.000000,2023-05-01 00:00:00.000000,DEPARTAMENTO,arriendo,owner_direct
PI-2023-05-000353,portalinmobiliario,Independencia,Metropolitana,500000,14.29,54.1,2023-02-19 00:00:00.000000,2023-05-01 00:00:00.000000,DEPARTAMENTO,ARRIENDO,owner_direct
PI-2023-05-004072,portalinmobiliario,Santiago,Metropolitana,495000,14.14,35.5,2023-05-01 00:00:00.000000,2023-05-29 00:00:00.000000,Departamento,Arriendo,agency
PI-2023-05-002765,portalinmobiliario,Las Condes,Metropolitana,780000,22.29,28.8,2023-05-20 00:00:00.000000,2023-05-22 00:00:00.000000,Departamento,Arriendo,agency
PI-2023-05-001136,portalinmobiliario,Estación Central,Metropolitana,525000,15.0,56.7,2023-04-27 00:00:00.000000,2023-05-08 00:00:00.000000,DEPARTAMENTO,ARRIENDO,agency
PI-2023-05-000986,portalinmobiliario,Santiago,Metropolitana,745000,21.29,72.4,2023-04-16 00:00:00.000000,2023-05-08 00:00:00.000000,Departamento,arriendo,agency
PI-2023-05-001182,portalinmobiliario,Independencia,Metropolitana,520000,14.86,42.5,2023-03-22 00:00:00.000000,2023-05-08 00:00:00.000000,DEPARTAMENTO,arriendo,owner_direct
PI-2023-05-000521,portalinmobiliario,Estación Central,Metropolitana,720000,20.57,87.0,2023-04-22 00:00:00.000000,2023-05-01 00:00:00.000000,Departamento,arriendo,owner_direct
PI-2023-05-001553,portalinmobiliario,Independencia,Metropolitana,370000,10.57,20.0,2023-04-09 00:00:00.000000,2023-05-08 00:00:00.000000,Departamento,arriendo,agency
PI-2023-05-002641,portalinmobiliario,Maipú,Metropolitana,395000,11.29,28.3,2023-04-23 00:00:00.000000,2023-05-15 00:00:00.000000,Departamento,ARRIENDO,agency
PI-2023-05-002874,portalinmobiliario,Recoleta,Metropolitana,710000,20.29,75.5,2023-04-05 00:00:00.000000,2023-05-22 00:00:00.000000,departamento,arriendo,agency
PI-2023-05-003586,portalinmobiliario,Peñalolén,Metropolitana,805000,23.0,101.0,2022-12-12 00:00:00.000000,2023-05-22 00:00:00.000000,DEPARTAMENTO,arriendo,owner_direct
PI-2023-05-003564,portalinmobiliario,Santiago,Metropolitana,395000,11.29,33.5,2023-04-13 00:00:00.000000,2023-05-22 00:00:00.000000,Departamento,ARRIENDO,agency
PI-2023-05-000065,portalinmobiliario,Ñuñoa,Metropolitana,725000,20.71,50.2,2023-04-10 00:00:00.000000,2023-05-01 00:00:00.000000,DEPARTAMENTO,arriendo,agency
PI-2023-05-002431,portalinmobiliario,Providencia,Metropolitana,920000,26.29,51.8,2023-04-08 00:00:00.000000,2023-05-15 00:00:00.000000,DEPARTAMENTO,Arriendo,agency
PI-2023-05-000110,portalinmobiliario,Las Condes,Metropolitana,835000,23.86,35.2,2023-03-09 00:00:00.000000,2023-05-01 00:00:00.000000,Departamento,arriendo,owner_direct
PI-2023-05-004340,portalinmobiliario,Santiago,Metropolitana,535000,15.29,46.1,2023-05-06 00:00:00.000000,2023-05-29 00:00:00.000000,Departamento,ARRIENDO,agency
PI-2023-05-000412,portalinmobiliario,Ñuñoa,Metropolitana,750000,21.43,47.3,2023-02-04 00:00:00.000000,2023-05-01 00:00:00.000000,Departamento,arriendo,owner_direct
PI-2023-05-002340,portalinmobiliario,Independencia,Metropolitana,705000,20.14,74.0,2023-04-10 00:00:00.000000,2023-05-15 00:00:00.000000,Departamento,ARRIENDO,agency
PI-2023-05-001196,portalinmobiliario,La Florida,Metropolitana,420000,12.0,27.2,2023-03-26 00:00:00.000000,2023-05-08 00:00:00.000000,Departamento,Arriendo,owner_direct
PI-2023-05-003591,portalinmobiliario,La Florida,Metropolitana,595000,17.0,58.3,2023-04-04 00:00:00.000000,2023-05-22 00:00:00.000000,Departamento,Arriendo,owner_direct
PI-2023-05-001780,portalinmobiliario,La Florida,Metropolitana,455000,13.0,42.8,2023-04-09 00:00:00.000000,2023-05-15 00:00:00.000000,DEPARTAMENTO,ARRIENDO,owner_direct
PI-2023-05-004164,portalinmobiliario,Huechuraba,Metropolitana,660000,18.86,56.3,2023-04-25 00:00:00.000000,2023-05-29 00:00:00.000000,DEPARTAMENTO,ARRIENDO,owner_direct
PI-2023-05-000036,portalinmobiliario,Estación Central,Metropolitana,460000,13.14,51.5,2023-04-20 00:00:00.000000,2023-05-01 00:00:00.000000,departamento,ARRIENDO,agency
PI-2023-05-002702,portalinmobiliario,Cerrillos,Metropolitana,405000,11.57,32.8,2023-04-28 00:00:00.000000,2023-05-15 00:00:00.000000,departamento,ARRIENDO,agency
PI-2023-05-003874,portalinmobiliario,Pudahuel,Metropolitana,6630000,189.43,81.8,2023-05-18 00:00:00.000000,2023-05-29 00:00:00.000000,Departamento,ARRIENDO,agency
PI-2023-05-004354,portalinmobiliario,Recoleta,Metropolitana,490000,14.0,49.4,2023-05-15 00:00:00.000000,2023-05-29 00:00:00.000000,Departamento,ARRIENDO,agency
PI-2023-05-000536,portalinmobiliario,Lo Barnechea,Metropolitana,975000,27.86,60.5,2023-04-01 00:00:00.000000,2023-05-01 00:00:00.000000,Departamento,arriendo,owner_direct
PI-2023-05-001275,portalinmobiliario,La Florida,Metropolitana,940000,26.86,109.0,2023-05-04 00:00:00.000000,2023-05-08 00:00:00.000000,DEPARTAMENTO,Arriendo,agency
PI-2023-05-001033,portalinmobiliario,Huechuraba,Metropolitana,765000,21.86,82.0,2023-03-15 00:00:00.000000,2023-05-08 00:00:00.000000,departamento,Arriendo,agency
PI-2023-05-003608,portalinmobiliario,Providencia,Metropolitana,810000,23.14,48.7,2023-04-20 00:00:00.000000,2023-05-22 00:00:00.000000,departamento,arriendo,owner_direct
PI-2023-05-000565,portalinmobiliario,Estación Central,Metropolitana,535000,15.29,56.2,2023-04-14 00:00:00.000000,2023-05-01 00:00:00.000000,Departamento,Arriendo,agency
PI-2023-05-004596,portalinmobiliario,Recoleta,Metropolitana,560000,16.0,63.9,2023-05-09 00:00:00.000000,2023-05-29 00:00:00.000000,departamento,arriendo,agency
PI-2023-05-000443,portalinmobiliario,San Miguel,Metropolitana,490000,14.0,43.8,2023-04-16 00:00:00.000000,2023-05-01 00:00:00.000000,departamento,arriendo,agency
PI-2023-05-002174,portalinmobiliario,Independencia,Metropolitana,440000,12.57,38.3,2023-04-12 00:00:00.000000,2023-05-15 00:00:00.000000,departamento,Arriendo,agency
PI-2023-05-001699,portalinmobiliario,Estación Central,Metropolitana,505000,14.43,60.9,2023-04-09 00:00:00.000000,2023-05-08 00:00:00.000000,Departamento,arriendo,owner_direct
PI-2023-05-004776,portalinmobiliario,Las Condes,Metropolitana,780000,22.29,31.7,2023-04-19 00:00:00.000000,2023-05-29 00:00:00.000000,departamento,ARRIENDO,agency
PI-2023-05-003481,portalinmobiliario,San Miguel,Metropolitana,485000,13.86,33.1,2023-05-20 00:00:00.000000,2023-05-22 00:00:00.000000,Departamento,ARRIENDO,owner_direct
PI-2023-05-003631,portalinmobiliario,San Miguel,Metropolitana,530000,15.14,35.3,2023-05-17 00:00:00.000000,2023-05-22 00:00:00.000000,Departamento,ARRIENDO,agency
PI-2023-05-002646,portalinmobiliario,Recoleta,Metropolitana,475000,13.57,41.2,2023-05-01 00:00:00.000000,2023-05-15 00:00:00.000000,Departamento,arriendo,agency
PI-2023-05-004621,portalinmobiliario,San Miguel,Metropolitana,685000,19.57,59.5,2023-04-23 00:00:00.000000,2023-05-29 00:00:00.000000,Departamento,Arriendo,agency
PI-2023-05-003776,portalinmobiliario,San Joaquín,Metropolitana,825000,23.57,115.7,2023-03-18 00:00:00.000000,2023-05-22 00:00:00.000000,Departamento,arriendo,agency
PI-2023-05-000552,portalinmobiliario,Macul,Metropolitana,585000,16.71,61.6,2023-03-17 00:00:00.000000,2023-05-01 00:00:00.000000,DEPARTAMENTO,ARRIENDO,owner_direct
PI-2023-05-001748,portalinmobiliario,Estación Central,Metropolitana,440000,12.57,46.2,2022-11-05 00:00:00.000000,2023-05-08 00:00:00.000000,Departamento,Arriendo,agency
PI-2023-05-001610,portalinmobiliario,Santiago,Metropolitana,950000,27.14,87.3,2023-04-06 00:00:00.000000,2023-05-08 00:00:00.000000,Departamento,Arriendo,agency
PI-2023-05-001336,portalinmobiliario,Estación Central,Metropolitana,390000,11.14,5.0,2023-04-21 00:00:00.000000,2023-05-08 00:00:00.000000,DEPARTAMENTO,Arriendo,agency
PI-2023-05-003124,portalinmobiliario,San Joaquín,Metropolitana,375000,10.71,25.9,2023-03-25 00:00:00.000000,2023-05-22 00:00:00.000000,Departamento,Arriendo,agency
PI-2023-05-001907,portalinmobiliario,Quinta Normal,Metropolitana,575000,16.43,53.9,2022-10-31 00:00:00.000000,2023-05-15 00:00:00.000000,DEPARTAMENTO,arriendo,owner_direct
PI-2023-05-000686,portalinmobiliario,Santiago,Metropolitana,765000,21.86,77.5,2023-03-22 00:00:00.000000,2023-05-01 00:00:00.000000,departamento,Arriendo,owner_direct
PI-2023-05-002595,portalinmobiliario,La Florida,Metropolitana,430000,12.29,31.7,2023-05-03 00:00:00.000000,2023-05-15 00:00:00.000000,DEPARTAMENTO,ARRIENDO,agency
PI-2023-05-004523,portalinmobiliario,Ñuñoa,Metropolitana,830000,23.71,64.6,2023-04-11 00:00:00.000000,2023-05-29 00:00:00.000000,departamento,arriendo,owner_direct
PI-2023-05-004237,portalinmobiliario,La Florida,Metropolitana,670000,19.14,57.6,2023-05-20 00:00:00.000000,2023-05-29 00:00:00.000000,departamento,ARRIENDO,agency
PI-2023-05-002336,portalinmobiliario,Vitacura,Metropolitana,985000,28.14,43.4,2023-05-03 00:00:00.000000,2023-05-15 00:00:00.000000,DEPARTAMENTO,ARRIENDO,agency
PI-2023-05-004643,portalinmobiliario,Maipú,Metropolitana,560000,16.0,59.0,2023-05-06 00:00:00.000000,2023-05-29 00:00:00.000000,Departamento,ARRIENDO,agency
PI-2023-05-004611,portalinmobiliario,San Joaquín,Metropolitana,640000,18.29,72.9,2023-05-12 00:00:00.000000,2023-05-29 00:00:00.000000,departamento,arriendo,owner_direct
PI-2023-05-003410,portalinmobiliario,Independencia,Metropolitana,555000,15.86,59.5,2023-05-15 00:00:00.000000,2023-05-22 00:00:00.000000,DEPARTAMENTO,ARRIENDO,agency
PI-2023-05-000829,portalinmobiliario,Huechuraba,Metropolitana,710000,20.29,54.3,2023-04-05 00:00:00.000000,2023-05-08 00:00:00.000000,Departamento,Arriendo,agency
PI-2023-05-002130,portalinmobiliario,Providencia,Metropolitana,990000,28.29,61.0,2023-05-08 00:00:00.000000,2023-05-15 00:00:00.000000,DEPARTAMENTO,ARRIENDO,owner_direct
PI-2023-05-004110,portalinmobiliario,Estación Central,Metropolitana,770000,22.0,95.8,2023-04-06 00:00:00.000000,2023-05-29 00:00:00.000000,DEPARTAMENTO,Arriendo,owner_direct
PI-2023-05-000399,portalinmobiliario,Macul,Metropolitana,420000,12.0,28.1,2023-03-23 00:00:00.000000,2023-05-01 00:00:00.000000,DEPARTAMENTO,ARRIENDO,agency
PI-2023-05-003500,portalinmobiliario,Las Condes,Metropolitana,1030000,29.43,46.0,2023-04-24 00:00:00.000000,2023-05-22 00:00:00.000000,departamento,Arriendo,owner_direct
PI-2023-05-003718,portalinmobiliario,Lo Barnechea,Metropolitana,905000,25.86,58.8,2023-04-23 00:00:00.000000,2023-05-22 00:00:00.000000,DEPARTAMENTO,Arriendo,agency
